[2025-04-22T03:31:58.321+0000] {processor.py:161} INFO - Started process (PID=65905) to work on /opt/airflow/dags/load_orders_to_postgres_dag.py
[2025-04-22T03:31:58.332+0000] {processor.py:830} INFO - Processing file /opt/airflow/dags/load_orders_to_postgres_dag.py for tasks to queue
[2025-04-22T03:31:58.336+0000] {logging_mixin.py:188} INFO - [2025-04-22T03:31:58.335+0000] {dagbag.py:538} INFO - Filling up the DagBag from /opt/airflow/dags/load_orders_to_postgres_dag.py
[2025-04-22T03:32:01.202+0000] {processor.py:840} INFO - DAG(s) 'load_orders_to_postgres_dag' retrieved from /opt/airflow/dags/load_orders_to_postgres_dag.py
[2025-04-22T03:32:01.364+0000] {logging_mixin.py:188} INFO - [2025-04-22T03:32:01.363+0000] {dag.py:3036} INFO - Sync 1 DAGs
[2025-04-22T03:32:01.494+0000] {logging_mixin.py:188} INFO - [2025-04-22T03:32:01.493+0000] {dag.py:3823} INFO - Setting next_dagrun for load_orders_to_postgres_dag to None, run_after=None
[2025-04-22T03:32:07.957+0000] {processor.py:183} INFO - Processing /opt/airflow/dags/load_orders_to_postgres_dag.py took 9.644 seconds
[2025-04-22T03:32:38.493+0000] {processor.py:161} INFO - Started process (PID=65955) to work on /opt/airflow/dags/load_orders_to_postgres_dag.py
[2025-04-22T03:32:38.502+0000] {processor.py:830} INFO - Processing file /opt/airflow/dags/load_orders_to_postgres_dag.py for tasks to queue
[2025-04-22T03:32:38.510+0000] {logging_mixin.py:188} INFO - [2025-04-22T03:32:38.508+0000] {dagbag.py:538} INFO - Filling up the DagBag from /opt/airflow/dags/load_orders_to_postgres_dag.py
[2025-04-22T03:32:40.500+0000] {processor.py:840} INFO - DAG(s) 'load_orders_to_postgres_dag' retrieved from /opt/airflow/dags/load_orders_to_postgres_dag.py
[2025-04-22T03:32:40.590+0000] {logging_mixin.py:188} INFO - [2025-04-22T03:32:40.589+0000] {dag.py:3036} INFO - Sync 1 DAGs
[2025-04-22T03:32:40.641+0000] {logging_mixin.py:188} INFO - [2025-04-22T03:32:40.641+0000] {dag.py:3823} INFO - Setting next_dagrun for load_orders_to_postgres_dag to None, run_after=None
[2025-04-22T03:32:40.696+0000] {processor.py:183} INFO - Processing /opt/airflow/dags/load_orders_to_postgres_dag.py took 2.222 seconds
[2025-04-22T03:33:11.248+0000] {processor.py:161} INFO - Started process (PID=65998) to work on /opt/airflow/dags/load_orders_to_postgres_dag.py
[2025-04-22T03:33:11.254+0000] {processor.py:830} INFO - Processing file /opt/airflow/dags/load_orders_to_postgres_dag.py for tasks to queue
[2025-04-22T03:33:11.260+0000] {logging_mixin.py:188} INFO - [2025-04-22T03:33:11.259+0000] {dagbag.py:538} INFO - Filling up the DagBag from /opt/airflow/dags/load_orders_to_postgres_dag.py
[2025-04-22T03:33:12.320+0000] {processor.py:840} INFO - DAG(s) 'load_orders_to_postgres_dag' retrieved from /opt/airflow/dags/load_orders_to_postgres_dag.py
[2025-04-22T03:33:12.370+0000] {logging_mixin.py:188} INFO - [2025-04-22T03:33:12.369+0000] {dag.py:3036} INFO - Sync 1 DAGs
[2025-04-22T03:33:12.395+0000] {logging_mixin.py:188} INFO - [2025-04-22T03:33:12.394+0000] {dag.py:3823} INFO - Setting next_dagrun for load_orders_to_postgres_dag to None, run_after=None
[2025-04-22T03:33:12.437+0000] {processor.py:183} INFO - Processing /opt/airflow/dags/load_orders_to_postgres_dag.py took 1.205 seconds
[2025-04-22T03:33:43.388+0000] {processor.py:161} INFO - Started process (PID=66046) to work on /opt/airflow/dags/load_orders_to_postgres_dag.py
[2025-04-22T03:33:43.390+0000] {processor.py:830} INFO - Processing file /opt/airflow/dags/load_orders_to_postgres_dag.py for tasks to queue
[2025-04-22T03:33:43.392+0000] {logging_mixin.py:188} INFO - [2025-04-22T03:33:43.392+0000] {dagbag.py:538} INFO - Filling up the DagBag from /opt/airflow/dags/load_orders_to_postgres_dag.py
[2025-04-22T03:33:44.081+0000] {processor.py:840} INFO - DAG(s) 'load_orders_to_postgres_dag' retrieved from /opt/airflow/dags/load_orders_to_postgres_dag.py
[2025-04-22T03:33:44.111+0000] {logging_mixin.py:188} INFO - [2025-04-22T03:33:44.110+0000] {dag.py:3036} INFO - Sync 1 DAGs
[2025-04-22T03:33:44.124+0000] {logging_mixin.py:188} INFO - [2025-04-22T03:33:44.124+0000] {dag.py:3823} INFO - Setting next_dagrun for load_orders_to_postgres_dag to None, run_after=None
[2025-04-22T03:33:44.149+0000] {processor.py:183} INFO - Processing /opt/airflow/dags/load_orders_to_postgres_dag.py took 0.767 seconds
[2025-04-22T03:34:14.896+0000] {processor.py:161} INFO - Started process (PID=66089) to work on /opt/airflow/dags/load_orders_to_postgres_dag.py
[2025-04-22T03:34:14.898+0000] {processor.py:830} INFO - Processing file /opt/airflow/dags/load_orders_to_postgres_dag.py for tasks to queue
[2025-04-22T03:34:14.899+0000] {logging_mixin.py:188} INFO - [2025-04-22T03:34:14.899+0000] {dagbag.py:538} INFO - Filling up the DagBag from /opt/airflow/dags/load_orders_to_postgres_dag.py
[2025-04-22T03:34:15.566+0000] {processor.py:840} INFO - DAG(s) 'load_orders_to_postgres_dag' retrieved from /opt/airflow/dags/load_orders_to_postgres_dag.py
[2025-04-22T03:34:15.612+0000] {logging_mixin.py:188} INFO - [2025-04-22T03:34:15.604+0000] {dag.py:3036} INFO - Sync 1 DAGs
[2025-04-22T03:34:15.650+0000] {logging_mixin.py:188} INFO - [2025-04-22T03:34:15.650+0000] {dag.py:3823} INFO - Setting next_dagrun for load_orders_to_postgres_dag to None, run_after=None
[2025-04-22T03:34:15.696+0000] {processor.py:183} INFO - Processing /opt/airflow/dags/load_orders_to_postgres_dag.py took 0.805 seconds
[2025-04-22T03:34:45.907+0000] {processor.py:161} INFO - Started process (PID=66132) to work on /opt/airflow/dags/load_orders_to_postgres_dag.py
[2025-04-22T03:34:45.908+0000] {processor.py:830} INFO - Processing file /opt/airflow/dags/load_orders_to_postgres_dag.py for tasks to queue
[2025-04-22T03:34:45.909+0000] {logging_mixin.py:188} INFO - [2025-04-22T03:34:45.909+0000] {dagbag.py:538} INFO - Filling up the DagBag from /opt/airflow/dags/load_orders_to_postgres_dag.py
[2025-04-22T03:34:46.535+0000] {processor.py:840} INFO - DAG(s) 'load_orders_to_postgres_dag' retrieved from /opt/airflow/dags/load_orders_to_postgres_dag.py
[2025-04-22T03:34:46.564+0000] {logging_mixin.py:188} INFO - [2025-04-22T03:34:46.563+0000] {dag.py:3036} INFO - Sync 1 DAGs
[2025-04-22T03:34:46.579+0000] {logging_mixin.py:188} INFO - [2025-04-22T03:34:46.579+0000] {dag.py:3823} INFO - Setting next_dagrun for load_orders_to_postgres_dag to None, run_after=None
[2025-04-22T03:34:46.603+0000] {processor.py:183} INFO - Processing /opt/airflow/dags/load_orders_to_postgres_dag.py took 0.701 seconds
[2025-04-22T03:35:16.914+0000] {processor.py:161} INFO - Started process (PID=66175) to work on /opt/airflow/dags/load_orders_to_postgres_dag.py
[2025-04-22T03:35:16.915+0000] {processor.py:830} INFO - Processing file /opt/airflow/dags/load_orders_to_postgres_dag.py for tasks to queue
[2025-04-22T03:35:16.917+0000] {logging_mixin.py:188} INFO - [2025-04-22T03:35:16.916+0000] {dagbag.py:538} INFO - Filling up the DagBag from /opt/airflow/dags/load_orders_to_postgres_dag.py
[2025-04-22T03:35:17.522+0000] {processor.py:840} INFO - DAG(s) 'load_orders_to_postgres_dag' retrieved from /opt/airflow/dags/load_orders_to_postgres_dag.py
[2025-04-22T03:35:17.555+0000] {logging_mixin.py:188} INFO - [2025-04-22T03:35:17.554+0000] {dag.py:3036} INFO - Sync 1 DAGs
[2025-04-22T03:35:17.570+0000] {logging_mixin.py:188} INFO - [2025-04-22T03:35:17.570+0000] {dag.py:3823} INFO - Setting next_dagrun for load_orders_to_postgres_dag to None, run_after=None
[2025-04-22T03:35:17.601+0000] {processor.py:183} INFO - Processing /opt/airflow/dags/load_orders_to_postgres_dag.py took 0.692 seconds
[2025-04-22T03:35:47.948+0000] {processor.py:161} INFO - Started process (PID=66218) to work on /opt/airflow/dags/load_orders_to_postgres_dag.py
[2025-04-22T03:35:47.950+0000] {processor.py:830} INFO - Processing file /opt/airflow/dags/load_orders_to_postgres_dag.py for tasks to queue
[2025-04-22T03:35:47.951+0000] {logging_mixin.py:188} INFO - [2025-04-22T03:35:47.951+0000] {dagbag.py:538} INFO - Filling up the DagBag from /opt/airflow/dags/load_orders_to_postgres_dag.py
[2025-04-22T03:35:48.712+0000] {processor.py:840} INFO - DAG(s) 'load_orders_to_postgres_dag' retrieved from /opt/airflow/dags/load_orders_to_postgres_dag.py
[2025-04-22T03:35:48.739+0000] {logging_mixin.py:188} INFO - [2025-04-22T03:35:48.738+0000] {dag.py:3036} INFO - Sync 1 DAGs
[2025-04-22T03:35:48.752+0000] {logging_mixin.py:188} INFO - [2025-04-22T03:35:48.751+0000] {dag.py:3823} INFO - Setting next_dagrun for load_orders_to_postgres_dag to None, run_after=None
[2025-04-22T03:35:48.775+0000] {processor.py:183} INFO - Processing /opt/airflow/dags/load_orders_to_postgres_dag.py took 0.830 seconds
[2025-04-22T03:36:19.422+0000] {processor.py:161} INFO - Started process (PID=66261) to work on /opt/airflow/dags/load_orders_to_postgres_dag.py
[2025-04-22T03:36:19.426+0000] {processor.py:830} INFO - Processing file /opt/airflow/dags/load_orders_to_postgres_dag.py for tasks to queue
[2025-04-22T03:36:19.428+0000] {logging_mixin.py:188} INFO - [2025-04-22T03:36:19.428+0000] {dagbag.py:538} INFO - Filling up the DagBag from /opt/airflow/dags/load_orders_to_postgres_dag.py
[2025-04-22T03:36:20.070+0000] {processor.py:840} INFO - DAG(s) 'load_orders_to_postgres_dag' retrieved from /opt/airflow/dags/load_orders_to_postgres_dag.py
[2025-04-22T03:36:20.097+0000] {logging_mixin.py:188} INFO - [2025-04-22T03:36:20.096+0000] {dag.py:3036} INFO - Sync 1 DAGs
[2025-04-22T03:36:20.110+0000] {logging_mixin.py:188} INFO - [2025-04-22T03:36:20.109+0000] {dag.py:3823} INFO - Setting next_dagrun for load_orders_to_postgres_dag to None, run_after=None
[2025-04-22T03:36:20.133+0000] {processor.py:183} INFO - Processing /opt/airflow/dags/load_orders_to_postgres_dag.py took 0.718 seconds
[2025-04-22T03:36:50.404+0000] {processor.py:161} INFO - Started process (PID=66304) to work on /opt/airflow/dags/load_orders_to_postgres_dag.py
[2025-04-22T03:36:50.411+0000] {processor.py:830} INFO - Processing file /opt/airflow/dags/load_orders_to_postgres_dag.py for tasks to queue
[2025-04-22T03:36:50.413+0000] {logging_mixin.py:188} INFO - [2025-04-22T03:36:50.412+0000] {dagbag.py:538} INFO - Filling up the DagBag from /opt/airflow/dags/load_orders_to_postgres_dag.py
[2025-04-22T03:36:50.975+0000] {processor.py:840} INFO - DAG(s) 'load_orders_to_postgres_dag' retrieved from /opt/airflow/dags/load_orders_to_postgres_dag.py
[2025-04-22T03:36:50.999+0000] {logging_mixin.py:188} INFO - [2025-04-22T03:36:50.998+0000] {dag.py:3036} INFO - Sync 1 DAGs
[2025-04-22T03:36:51.017+0000] {logging_mixin.py:188} INFO - [2025-04-22T03:36:51.017+0000] {dag.py:3823} INFO - Setting next_dagrun for load_orders_to_postgres_dag to None, run_after=None
[2025-04-22T03:36:51.042+0000] {processor.py:183} INFO - Processing /opt/airflow/dags/load_orders_to_postgres_dag.py took 0.642 seconds
[2025-04-22T03:37:21.186+0000] {processor.py:161} INFO - Started process (PID=66347) to work on /opt/airflow/dags/load_orders_to_postgres_dag.py
[2025-04-22T03:37:21.188+0000] {processor.py:830} INFO - Processing file /opt/airflow/dags/load_orders_to_postgres_dag.py for tasks to queue
[2025-04-22T03:37:21.191+0000] {logging_mixin.py:188} INFO - [2025-04-22T03:37:21.190+0000] {dagbag.py:538} INFO - Filling up the DagBag from /opt/airflow/dags/load_orders_to_postgres_dag.py
[2025-04-22T03:37:21.972+0000] {processor.py:840} INFO - DAG(s) 'load_orders_to_postgres_dag' retrieved from /opt/airflow/dags/load_orders_to_postgres_dag.py
[2025-04-22T03:37:22.002+0000] {logging_mixin.py:188} INFO - [2025-04-22T03:37:22.001+0000] {dag.py:3036} INFO - Sync 1 DAGs
[2025-04-22T03:37:22.017+0000] {logging_mixin.py:188} INFO - [2025-04-22T03:37:22.017+0000] {dag.py:3823} INFO - Setting next_dagrun for load_orders_to_postgres_dag to None, run_after=None
[2025-04-22T03:37:22.046+0000] {processor.py:183} INFO - Processing /opt/airflow/dags/load_orders_to_postgres_dag.py took 0.864 seconds
[2025-04-22T03:37:52.821+0000] {processor.py:161} INFO - Started process (PID=66390) to work on /opt/airflow/dags/load_orders_to_postgres_dag.py
[2025-04-22T03:37:52.823+0000] {processor.py:830} INFO - Processing file /opt/airflow/dags/load_orders_to_postgres_dag.py for tasks to queue
[2025-04-22T03:37:52.825+0000] {logging_mixin.py:188} INFO - [2025-04-22T03:37:52.824+0000] {dagbag.py:538} INFO - Filling up the DagBag from /opt/airflow/dags/load_orders_to_postgres_dag.py
[2025-04-22T03:37:53.466+0000] {processor.py:840} INFO - DAG(s) 'load_orders_to_postgres_dag' retrieved from /opt/airflow/dags/load_orders_to_postgres_dag.py
[2025-04-22T03:37:53.495+0000] {logging_mixin.py:188} INFO - [2025-04-22T03:37:53.495+0000] {dag.py:3036} INFO - Sync 1 DAGs
[2025-04-22T03:37:53.515+0000] {logging_mixin.py:188} INFO - [2025-04-22T03:37:53.515+0000] {dag.py:3823} INFO - Setting next_dagrun for load_orders_to_postgres_dag to None, run_after=None
[2025-04-22T03:37:53.544+0000] {processor.py:183} INFO - Processing /opt/airflow/dags/load_orders_to_postgres_dag.py took 0.727 seconds
[2025-04-22T03:38:24.247+0000] {processor.py:161} INFO - Started process (PID=66433) to work on /opt/airflow/dags/load_orders_to_postgres_dag.py
[2025-04-22T03:38:24.249+0000] {processor.py:830} INFO - Processing file /opt/airflow/dags/load_orders_to_postgres_dag.py for tasks to queue
[2025-04-22T03:38:24.250+0000] {logging_mixin.py:188} INFO - [2025-04-22T03:38:24.249+0000] {dagbag.py:538} INFO - Filling up the DagBag from /opt/airflow/dags/load_orders_to_postgres_dag.py
[2025-04-22T03:38:24.947+0000] {processor.py:840} INFO - DAG(s) 'load_orders_to_postgres_dag' retrieved from /opt/airflow/dags/load_orders_to_postgres_dag.py
[2025-04-22T03:38:24.975+0000] {logging_mixin.py:188} INFO - [2025-04-22T03:38:24.975+0000] {dag.py:3036} INFO - Sync 1 DAGs
[2025-04-22T03:38:24.989+0000] {logging_mixin.py:188} INFO - [2025-04-22T03:38:24.989+0000] {dag.py:3823} INFO - Setting next_dagrun for load_orders_to_postgres_dag to None, run_after=None
[2025-04-22T03:38:25.017+0000] {processor.py:183} INFO - Processing /opt/airflow/dags/load_orders_to_postgres_dag.py took 0.774 seconds
[2025-04-22T03:38:55.395+0000] {processor.py:161} INFO - Started process (PID=66476) to work on /opt/airflow/dags/load_orders_to_postgres_dag.py
[2025-04-22T03:38:55.411+0000] {processor.py:830} INFO - Processing file /opt/airflow/dags/load_orders_to_postgres_dag.py for tasks to queue
[2025-04-22T03:38:55.426+0000] {logging_mixin.py:188} INFO - [2025-04-22T03:38:55.426+0000] {dagbag.py:538} INFO - Filling up the DagBag from /opt/airflow/dags/load_orders_to_postgres_dag.py
[2025-04-22T03:38:56.190+0000] {processor.py:840} INFO - DAG(s) 'load_orders_to_postgres_dag' retrieved from /opt/airflow/dags/load_orders_to_postgres_dag.py
[2025-04-22T03:38:56.233+0000] {logging_mixin.py:188} INFO - [2025-04-22T03:38:56.232+0000] {dag.py:3036} INFO - Sync 1 DAGs
[2025-04-22T03:38:56.254+0000] {logging_mixin.py:188} INFO - [2025-04-22T03:38:56.254+0000] {dag.py:3823} INFO - Setting next_dagrun for load_orders_to_postgres_dag to None, run_after=None
[2025-04-22T03:38:56.291+0000] {processor.py:183} INFO - Processing /opt/airflow/dags/load_orders_to_postgres_dag.py took 0.901 seconds
[2025-04-22T03:39:27.267+0000] {processor.py:161} INFO - Started process (PID=66519) to work on /opt/airflow/dags/load_orders_to_postgres_dag.py
[2025-04-22T03:39:27.269+0000] {processor.py:830} INFO - Processing file /opt/airflow/dags/load_orders_to_postgres_dag.py for tasks to queue
[2025-04-22T03:39:27.271+0000] {logging_mixin.py:188} INFO - [2025-04-22T03:39:27.270+0000] {dagbag.py:538} INFO - Filling up the DagBag from /opt/airflow/dags/load_orders_to_postgres_dag.py
[2025-04-22T03:39:27.840+0000] {processor.py:840} INFO - DAG(s) 'load_orders_to_postgres_dag' retrieved from /opt/airflow/dags/load_orders_to_postgres_dag.py
[2025-04-22T03:39:27.869+0000] {logging_mixin.py:188} INFO - [2025-04-22T03:39:27.868+0000] {dag.py:3036} INFO - Sync 1 DAGs
[2025-04-22T03:39:27.884+0000] {logging_mixin.py:188} INFO - [2025-04-22T03:39:27.883+0000] {dag.py:3823} INFO - Setting next_dagrun for load_orders_to_postgres_dag to None, run_after=None
[2025-04-22T03:39:27.907+0000] {processor.py:183} INFO - Processing /opt/airflow/dags/load_orders_to_postgres_dag.py took 0.644 seconds
[2025-04-22T03:39:58.028+0000] {processor.py:161} INFO - Started process (PID=66562) to work on /opt/airflow/dags/load_orders_to_postgres_dag.py
[2025-04-22T03:39:58.030+0000] {processor.py:830} INFO - Processing file /opt/airflow/dags/load_orders_to_postgres_dag.py for tasks to queue
[2025-04-22T03:39:58.031+0000] {logging_mixin.py:188} INFO - [2025-04-22T03:39:58.031+0000] {dagbag.py:538} INFO - Filling up the DagBag from /opt/airflow/dags/load_orders_to_postgres_dag.py
[2025-04-22T03:39:58.604+0000] {processor.py:840} INFO - DAG(s) 'load_orders_to_postgres_dag' retrieved from /opt/airflow/dags/load_orders_to_postgres_dag.py
[2025-04-22T03:39:58.631+0000] {logging_mixin.py:188} INFO - [2025-04-22T03:39:58.630+0000] {dag.py:3036} INFO - Sync 1 DAGs
[2025-04-22T03:39:58.643+0000] {logging_mixin.py:188} INFO - [2025-04-22T03:39:58.643+0000] {dag.py:3823} INFO - Setting next_dagrun for load_orders_to_postgres_dag to None, run_after=None
[2025-04-22T03:39:58.669+0000] {processor.py:183} INFO - Processing /opt/airflow/dags/load_orders_to_postgres_dag.py took 0.644 seconds
[2025-04-22T03:40:28.970+0000] {processor.py:161} INFO - Started process (PID=66605) to work on /opt/airflow/dags/load_orders_to_postgres_dag.py
[2025-04-22T03:40:28.972+0000] {processor.py:830} INFO - Processing file /opt/airflow/dags/load_orders_to_postgres_dag.py for tasks to queue
[2025-04-22T03:40:28.973+0000] {logging_mixin.py:188} INFO - [2025-04-22T03:40:28.973+0000] {dagbag.py:538} INFO - Filling up the DagBag from /opt/airflow/dags/load_orders_to_postgres_dag.py
[2025-04-22T03:40:29.709+0000] {processor.py:840} INFO - DAG(s) 'load_orders_to_postgres_dag' retrieved from /opt/airflow/dags/load_orders_to_postgres_dag.py
[2025-04-22T03:40:29.740+0000] {logging_mixin.py:188} INFO - [2025-04-22T03:40:29.740+0000] {dag.py:3036} INFO - Sync 1 DAGs
[2025-04-22T03:40:29.761+0000] {logging_mixin.py:188} INFO - [2025-04-22T03:40:29.761+0000] {dag.py:3823} INFO - Setting next_dagrun for load_orders_to_postgres_dag to None, run_after=None
[2025-04-22T03:40:29.790+0000] {processor.py:183} INFO - Processing /opt/airflow/dags/load_orders_to_postgres_dag.py took 0.824 seconds
[2025-04-22T03:41:00.323+0000] {processor.py:161} INFO - Started process (PID=66648) to work on /opt/airflow/dags/load_orders_to_postgres_dag.py
[2025-04-22T03:41:00.326+0000] {processor.py:830} INFO - Processing file /opt/airflow/dags/load_orders_to_postgres_dag.py for tasks to queue
[2025-04-22T03:41:00.327+0000] {logging_mixin.py:188} INFO - [2025-04-22T03:41:00.326+0000] {dagbag.py:538} INFO - Filling up the DagBag from /opt/airflow/dags/load_orders_to_postgres_dag.py
[2025-04-22T03:41:00.915+0000] {processor.py:840} INFO - DAG(s) 'load_orders_to_postgres_dag' retrieved from /opt/airflow/dags/load_orders_to_postgres_dag.py
[2025-04-22T03:41:00.940+0000] {logging_mixin.py:188} INFO - [2025-04-22T03:41:00.940+0000] {dag.py:3036} INFO - Sync 1 DAGs
[2025-04-22T03:41:00.953+0000] {logging_mixin.py:188} INFO - [2025-04-22T03:41:00.953+0000] {dag.py:3823} INFO - Setting next_dagrun for load_orders_to_postgres_dag to None, run_after=None
[2025-04-22T03:41:00.974+0000] {processor.py:183} INFO - Processing /opt/airflow/dags/load_orders_to_postgres_dag.py took 0.657 seconds
[2025-04-22T03:41:31.892+0000] {processor.py:161} INFO - Started process (PID=66691) to work on /opt/airflow/dags/load_orders_to_postgres_dag.py
[2025-04-22T03:41:31.895+0000] {processor.py:830} INFO - Processing file /opt/airflow/dags/load_orders_to_postgres_dag.py for tasks to queue
[2025-04-22T03:41:31.898+0000] {logging_mixin.py:188} INFO - [2025-04-22T03:41:31.897+0000] {dagbag.py:538} INFO - Filling up the DagBag from /opt/airflow/dags/load_orders_to_postgres_dag.py
[2025-04-22T03:41:32.598+0000] {processor.py:840} INFO - DAG(s) 'load_orders_to_postgres_dag' retrieved from /opt/airflow/dags/load_orders_to_postgres_dag.py
[2025-04-22T03:41:32.625+0000] {logging_mixin.py:188} INFO - [2025-04-22T03:41:32.625+0000] {dag.py:3036} INFO - Sync 1 DAGs
[2025-04-22T03:41:32.637+0000] {logging_mixin.py:188} INFO - [2025-04-22T03:41:32.637+0000] {dag.py:3823} INFO - Setting next_dagrun for load_orders_to_postgres_dag to None, run_after=None
[2025-04-22T03:41:32.656+0000] {processor.py:183} INFO - Processing /opt/airflow/dags/load_orders_to_postgres_dag.py took 0.771 seconds
[2025-04-22T03:48:19.534+0000] {processor.py:161} INFO - Started process (PID=66749) to work on /opt/airflow/dags/load_orders_to_postgres_dag.py
[2025-04-22T03:48:19.537+0000] {processor.py:830} INFO - Processing file /opt/airflow/dags/load_orders_to_postgres_dag.py for tasks to queue
[2025-04-22T03:48:19.541+0000] {logging_mixin.py:188} INFO - [2025-04-22T03:48:19.540+0000] {dagbag.py:538} INFO - Filling up the DagBag from /opt/airflow/dags/load_orders_to_postgres_dag.py
[2025-04-22T03:48:21.054+0000] {processor.py:840} INFO - DAG(s) 'load_orders_to_postgres_dag' retrieved from /opt/airflow/dags/load_orders_to_postgres_dag.py
[2025-04-22T03:48:21.130+0000] {logging_mixin.py:188} INFO - [2025-04-22T03:48:21.129+0000] {dag.py:3036} INFO - Sync 1 DAGs
[2025-04-22T03:48:21.155+0000] {logging_mixin.py:188} INFO - [2025-04-22T03:48:21.155+0000] {dag.py:3823} INFO - Setting next_dagrun for load_orders_to_postgres_dag to None, run_after=None
[2025-04-22T03:48:21.213+0000] {processor.py:183} INFO - Processing /opt/airflow/dags/load_orders_to_postgres_dag.py took 1.692 seconds
[2025-04-22T03:49:46.707+0000] {processor.py:161} INFO - Started process (PID=66794) to work on /opt/airflow/dags/load_orders_to_postgres_dag.py
[2025-04-22T03:49:46.711+0000] {processor.py:830} INFO - Processing file /opt/airflow/dags/load_orders_to_postgres_dag.py for tasks to queue
[2025-04-22T03:49:46.722+0000] {logging_mixin.py:188} INFO - [2025-04-22T03:49:46.721+0000] {dagbag.py:538} INFO - Filling up the DagBag from /opt/airflow/dags/load_orders_to_postgres_dag.py
[2025-04-22T03:49:47.851+0000] {processor.py:840} INFO - DAG(s) 'load_orders_to_postgres_dag' retrieved from /opt/airflow/dags/load_orders_to_postgres_dag.py
[2025-04-22T03:49:47.885+0000] {logging_mixin.py:188} INFO - [2025-04-22T03:49:47.884+0000] {dag.py:3036} INFO - Sync 1 DAGs
[2025-04-22T03:49:47.903+0000] {logging_mixin.py:188} INFO - [2025-04-22T03:49:47.899+0000] {dag.py:3823} INFO - Setting next_dagrun for load_orders_to_postgres_dag to None, run_after=None
[2025-04-22T03:49:48.061+0000] {processor.py:183} INFO - Processing /opt/airflow/dags/load_orders_to_postgres_dag.py took 1.369 seconds
[2025-04-22T03:50:19.420+0000] {processor.py:161} INFO - Started process (PID=66844) to work on /opt/airflow/dags/load_orders_to_postgres_dag.py
[2025-04-22T03:50:19.422+0000] {processor.py:830} INFO - Processing file /opt/airflow/dags/load_orders_to_postgres_dag.py for tasks to queue
[2025-04-22T03:50:19.425+0000] {logging_mixin.py:188} INFO - [2025-04-22T03:50:19.424+0000] {dagbag.py:538} INFO - Filling up the DagBag from /opt/airflow/dags/load_orders_to_postgres_dag.py
[2025-04-22T03:50:20.387+0000] {processor.py:840} INFO - DAG(s) 'load_orders_to_postgres_dag' retrieved from /opt/airflow/dags/load_orders_to_postgres_dag.py
[2025-04-22T03:50:20.427+0000] {logging_mixin.py:188} INFO - [2025-04-22T03:50:20.427+0000] {dag.py:3036} INFO - Sync 1 DAGs
[2025-04-22T03:50:20.446+0000] {logging_mixin.py:188} INFO - [2025-04-22T03:50:20.445+0000] {dag.py:3823} INFO - Setting next_dagrun for load_orders_to_postgres_dag to None, run_after=None
[2025-04-22T03:50:20.474+0000] {processor.py:183} INFO - Processing /opt/airflow/dags/load_orders_to_postgres_dag.py took 1.059 seconds
[2025-04-22T03:50:51.085+0000] {processor.py:161} INFO - Started process (PID=66887) to work on /opt/airflow/dags/load_orders_to_postgres_dag.py
[2025-04-22T03:50:51.086+0000] {processor.py:830} INFO - Processing file /opt/airflow/dags/load_orders_to_postgres_dag.py for tasks to queue
[2025-04-22T03:50:51.087+0000] {logging_mixin.py:188} INFO - [2025-04-22T03:50:51.087+0000] {dagbag.py:538} INFO - Filling up the DagBag from /opt/airflow/dags/load_orders_to_postgres_dag.py
[2025-04-22T03:50:51.657+0000] {processor.py:840} INFO - DAG(s) 'load_orders_to_postgres_dag' retrieved from /opt/airflow/dags/load_orders_to_postgres_dag.py
[2025-04-22T03:50:51.678+0000] {logging_mixin.py:188} INFO - [2025-04-22T03:50:51.677+0000] {dag.py:3036} INFO - Sync 1 DAGs
[2025-04-22T03:50:51.689+0000] {logging_mixin.py:188} INFO - [2025-04-22T03:50:51.689+0000] {dag.py:3823} INFO - Setting next_dagrun for load_orders_to_postgres_dag to None, run_after=None
[2025-04-22T03:50:51.709+0000] {processor.py:183} INFO - Processing /opt/airflow/dags/load_orders_to_postgres_dag.py took 0.627 seconds
[2025-04-22T03:51:22.031+0000] {processor.py:161} INFO - Started process (PID=66930) to work on /opt/airflow/dags/load_orders_to_postgres_dag.py
[2025-04-22T03:51:22.032+0000] {processor.py:830} INFO - Processing file /opt/airflow/dags/load_orders_to_postgres_dag.py for tasks to queue
[2025-04-22T03:51:22.035+0000] {logging_mixin.py:188} INFO - [2025-04-22T03:51:22.034+0000] {dagbag.py:538} INFO - Filling up the DagBag from /opt/airflow/dags/load_orders_to_postgres_dag.py
[2025-04-22T03:51:22.563+0000] {processor.py:840} INFO - DAG(s) 'load_orders_to_postgres_dag' retrieved from /opt/airflow/dags/load_orders_to_postgres_dag.py
[2025-04-22T03:51:22.586+0000] {logging_mixin.py:188} INFO - [2025-04-22T03:51:22.586+0000] {dag.py:3036} INFO - Sync 1 DAGs
[2025-04-22T03:51:22.600+0000] {logging_mixin.py:188} INFO - [2025-04-22T03:51:22.599+0000] {dag.py:3823} INFO - Setting next_dagrun for load_orders_to_postgres_dag to None, run_after=None
[2025-04-22T03:51:22.619+0000] {processor.py:183} INFO - Processing /opt/airflow/dags/load_orders_to_postgres_dag.py took 0.593 seconds
[2025-04-22T03:51:53.277+0000] {processor.py:161} INFO - Started process (PID=66973) to work on /opt/airflow/dags/load_orders_to_postgres_dag.py
[2025-04-22T03:51:53.279+0000] {processor.py:830} INFO - Processing file /opt/airflow/dags/load_orders_to_postgres_dag.py for tasks to queue
[2025-04-22T03:51:53.283+0000] {logging_mixin.py:188} INFO - [2025-04-22T03:51:53.280+0000] {dagbag.py:538} INFO - Filling up the DagBag from /opt/airflow/dags/load_orders_to_postgres_dag.py
[2025-04-22T03:51:54.044+0000] {processor.py:840} INFO - DAG(s) 'load_orders_to_postgres_dag' retrieved from /opt/airflow/dags/load_orders_to_postgres_dag.py
[2025-04-22T03:51:54.101+0000] {logging_mixin.py:188} INFO - [2025-04-22T03:51:54.100+0000] {dag.py:3036} INFO - Sync 1 DAGs
[2025-04-22T03:51:54.114+0000] {logging_mixin.py:188} INFO - [2025-04-22T03:51:54.114+0000] {dag.py:3823} INFO - Setting next_dagrun for load_orders_to_postgres_dag to None, run_after=None
[2025-04-22T03:51:54.136+0000] {processor.py:183} INFO - Processing /opt/airflow/dags/load_orders_to_postgres_dag.py took 0.864 seconds
[2025-04-22T03:52:24.927+0000] {processor.py:161} INFO - Started process (PID=67016) to work on /opt/airflow/dags/load_orders_to_postgres_dag.py
[2025-04-22T03:52:24.929+0000] {processor.py:830} INFO - Processing file /opt/airflow/dags/load_orders_to_postgres_dag.py for tasks to queue
[2025-04-22T03:52:24.930+0000] {logging_mixin.py:188} INFO - [2025-04-22T03:52:24.930+0000] {dagbag.py:538} INFO - Filling up the DagBag from /opt/airflow/dags/load_orders_to_postgres_dag.py
[2025-04-22T03:52:25.484+0000] {processor.py:840} INFO - DAG(s) 'load_orders_to_postgres_dag' retrieved from /opt/airflow/dags/load_orders_to_postgres_dag.py
[2025-04-22T03:52:25.526+0000] {logging_mixin.py:188} INFO - [2025-04-22T03:52:25.526+0000] {dag.py:3036} INFO - Sync 1 DAGs
[2025-04-22T03:52:25.537+0000] {logging_mixin.py:188} INFO - [2025-04-22T03:52:25.537+0000] {dag.py:3823} INFO - Setting next_dagrun for load_orders_to_postgres_dag to None, run_after=None
[2025-04-22T03:52:25.559+0000] {processor.py:183} INFO - Processing /opt/airflow/dags/load_orders_to_postgres_dag.py took 0.637 seconds
[2025-04-22T03:52:55.922+0000] {processor.py:161} INFO - Started process (PID=67059) to work on /opt/airflow/dags/load_orders_to_postgres_dag.py
[2025-04-22T03:52:55.923+0000] {processor.py:830} INFO - Processing file /opt/airflow/dags/load_orders_to_postgres_dag.py for tasks to queue
[2025-04-22T03:52:55.924+0000] {logging_mixin.py:188} INFO - [2025-04-22T03:52:55.924+0000] {dagbag.py:538} INFO - Filling up the DagBag from /opt/airflow/dags/load_orders_to_postgres_dag.py
[2025-04-22T03:52:56.509+0000] {processor.py:840} INFO - DAG(s) 'load_orders_to_postgres_dag' retrieved from /opt/airflow/dags/load_orders_to_postgres_dag.py
[2025-04-22T03:52:56.535+0000] {logging_mixin.py:188} INFO - [2025-04-22T03:52:56.534+0000] {dag.py:3036} INFO - Sync 1 DAGs
[2025-04-22T03:52:56.546+0000] {logging_mixin.py:188} INFO - [2025-04-22T03:52:56.546+0000] {dag.py:3823} INFO - Setting next_dagrun for load_orders_to_postgres_dag to None, run_after=None
[2025-04-22T03:52:56.564+0000] {processor.py:183} INFO - Processing /opt/airflow/dags/load_orders_to_postgres_dag.py took 0.645 seconds
[2025-04-22T03:53:27.196+0000] {processor.py:161} INFO - Started process (PID=67102) to work on /opt/airflow/dags/load_orders_to_postgres_dag.py
[2025-04-22T03:53:27.198+0000] {processor.py:830} INFO - Processing file /opt/airflow/dags/load_orders_to_postgres_dag.py for tasks to queue
[2025-04-22T03:53:27.201+0000] {logging_mixin.py:188} INFO - [2025-04-22T03:53:27.200+0000] {dagbag.py:538} INFO - Filling up the DagBag from /opt/airflow/dags/load_orders_to_postgres_dag.py
[2025-04-22T03:53:28.655+0000] {processor.py:840} INFO - DAG(s) 'load_orders_to_postgres_dag' retrieved from /opt/airflow/dags/load_orders_to_postgres_dag.py
[2025-04-22T03:53:28.833+0000] {logging_mixin.py:188} INFO - [2025-04-22T03:53:28.833+0000] {dag.py:3036} INFO - Sync 1 DAGs
[2025-04-22T03:53:28.905+0000] {logging_mixin.py:188} INFO - [2025-04-22T03:53:28.904+0000] {dag.py:3823} INFO - Setting next_dagrun for load_orders_to_postgres_dag to None, run_after=None
[2025-04-22T03:53:29.069+0000] {processor.py:183} INFO - Processing /opt/airflow/dags/load_orders_to_postgres_dag.py took 1.878 seconds
[2025-04-22T03:54:10.283+0000] {processor.py:161} INFO - Started process (PID=67142) to work on /opt/airflow/dags/load_orders_to_postgres_dag.py
[2025-04-22T03:54:10.285+0000] {processor.py:830} INFO - Processing file /opt/airflow/dags/load_orders_to_postgres_dag.py for tasks to queue
[2025-04-22T03:54:10.286+0000] {logging_mixin.py:188} INFO - [2025-04-22T03:54:10.285+0000] {dagbag.py:538} INFO - Filling up the DagBag from /opt/airflow/dags/load_orders_to_postgres_dag.py
[2025-04-22T03:54:10.818+0000] {processor.py:840} INFO - DAG(s) 'load_orders_to_postgres_dag' retrieved from /opt/airflow/dags/load_orders_to_postgres_dag.py
[2025-04-22T03:54:10.846+0000] {logging_mixin.py:188} INFO - [2025-04-22T03:54:10.846+0000] {dag.py:3036} INFO - Sync 1 DAGs
[2025-04-22T03:54:10.856+0000] {logging_mixin.py:188} INFO - [2025-04-22T03:54:10.856+0000] {dag.py:3823} INFO - Setting next_dagrun for load_orders_to_postgres_dag to None, run_after=None
[2025-04-22T03:54:10.882+0000] {processor.py:183} INFO - Processing /opt/airflow/dags/load_orders_to_postgres_dag.py took 0.601 seconds
[2025-04-22T03:54:41.536+0000] {processor.py:161} INFO - Started process (PID=67190) to work on /opt/airflow/dags/load_orders_to_postgres_dag.py
[2025-04-22T03:54:41.538+0000] {processor.py:830} INFO - Processing file /opt/airflow/dags/load_orders_to_postgres_dag.py for tasks to queue
[2025-04-22T03:54:41.541+0000] {logging_mixin.py:188} INFO - [2025-04-22T03:54:41.540+0000] {dagbag.py:538} INFO - Filling up the DagBag from /opt/airflow/dags/load_orders_to_postgres_dag.py
[2025-04-22T03:54:42.110+0000] {processor.py:840} INFO - DAG(s) 'load_orders_to_postgres_dag' retrieved from /opt/airflow/dags/load_orders_to_postgres_dag.py
[2025-04-22T03:54:42.143+0000] {logging_mixin.py:188} INFO - [2025-04-22T03:54:42.143+0000] {dag.py:3036} INFO - Sync 1 DAGs
[2025-04-22T03:54:42.157+0000] {logging_mixin.py:188} INFO - [2025-04-22T03:54:42.156+0000] {dag.py:3823} INFO - Setting next_dagrun for load_orders_to_postgres_dag to None, run_after=None
[2025-04-22T03:54:42.176+0000] {processor.py:183} INFO - Processing /opt/airflow/dags/load_orders_to_postgres_dag.py took 0.646 seconds
[2025-04-22T03:55:12.343+0000] {processor.py:161} INFO - Started process (PID=67233) to work on /opt/airflow/dags/load_orders_to_postgres_dag.py
[2025-04-22T03:55:12.345+0000] {processor.py:830} INFO - Processing file /opt/airflow/dags/load_orders_to_postgres_dag.py for tasks to queue
[2025-04-22T03:55:12.347+0000] {logging_mixin.py:188} INFO - [2025-04-22T03:55:12.346+0000] {dagbag.py:538} INFO - Filling up the DagBag from /opt/airflow/dags/load_orders_to_postgres_dag.py
[2025-04-22T03:55:13.082+0000] {processor.py:840} INFO - DAG(s) 'load_orders_to_postgres_dag' retrieved from /opt/airflow/dags/load_orders_to_postgres_dag.py
[2025-04-22T03:55:13.106+0000] {logging_mixin.py:188} INFO - [2025-04-22T03:55:13.105+0000] {dag.py:3036} INFO - Sync 1 DAGs
[2025-04-22T03:55:13.119+0000] {logging_mixin.py:188} INFO - [2025-04-22T03:55:13.118+0000] {dag.py:3823} INFO - Setting next_dagrun for load_orders_to_postgres_dag to None, run_after=None
[2025-04-22T03:55:13.144+0000] {processor.py:183} INFO - Processing /opt/airflow/dags/load_orders_to_postgres_dag.py took 0.805 seconds
[2025-04-22T03:55:43.409+0000] {processor.py:161} INFO - Started process (PID=67276) to work on /opt/airflow/dags/load_orders_to_postgres_dag.py
[2025-04-22T03:55:43.413+0000] {processor.py:830} INFO - Processing file /opt/airflow/dags/load_orders_to_postgres_dag.py for tasks to queue
[2025-04-22T03:55:43.415+0000] {logging_mixin.py:188} INFO - [2025-04-22T03:55:43.414+0000] {dagbag.py:538} INFO - Filling up the DagBag from /opt/airflow/dags/load_orders_to_postgres_dag.py
[2025-04-22T03:55:44.062+0000] {processor.py:840} INFO - DAG(s) 'load_orders_to_postgres_dag' retrieved from /opt/airflow/dags/load_orders_to_postgres_dag.py
[2025-04-22T03:55:44.136+0000] {logging_mixin.py:188} INFO - [2025-04-22T03:55:44.135+0000] {dag.py:3036} INFO - Sync 1 DAGs
[2025-04-22T03:55:44.154+0000] {logging_mixin.py:188} INFO - [2025-04-22T03:55:44.153+0000] {dag.py:3823} INFO - Setting next_dagrun for load_orders_to_postgres_dag to None, run_after=None
[2025-04-22T03:55:44.199+0000] {processor.py:183} INFO - Processing /opt/airflow/dags/load_orders_to_postgres_dag.py took 0.796 seconds
[2025-04-22T03:56:14.355+0000] {processor.py:161} INFO - Started process (PID=67317) to work on /opt/airflow/dags/load_orders_to_postgres_dag.py
[2025-04-22T03:56:14.356+0000] {processor.py:830} INFO - Processing file /opt/airflow/dags/load_orders_to_postgres_dag.py for tasks to queue
[2025-04-22T03:56:14.357+0000] {logging_mixin.py:188} INFO - [2025-04-22T03:56:14.357+0000] {dagbag.py:538} INFO - Filling up the DagBag from /opt/airflow/dags/load_orders_to_postgres_dag.py
[2025-04-22T03:56:15.049+0000] {processor.py:840} INFO - DAG(s) 'load_orders_to_postgres_dag' retrieved from /opt/airflow/dags/load_orders_to_postgres_dag.py
[2025-04-22T03:56:15.072+0000] {logging_mixin.py:188} INFO - [2025-04-22T03:56:15.072+0000] {dag.py:3036} INFO - Sync 1 DAGs
[2025-04-22T03:56:15.084+0000] {logging_mixin.py:188} INFO - [2025-04-22T03:56:15.083+0000] {dag.py:3823} INFO - Setting next_dagrun for load_orders_to_postgres_dag to None, run_after=None
[2025-04-22T03:56:15.106+0000] {processor.py:183} INFO - Processing /opt/airflow/dags/load_orders_to_postgres_dag.py took 0.755 seconds
[2025-04-22T03:56:45.318+0000] {processor.py:161} INFO - Started process (PID=67362) to work on /opt/airflow/dags/load_orders_to_postgres_dag.py
[2025-04-22T03:56:45.320+0000] {processor.py:830} INFO - Processing file /opt/airflow/dags/load_orders_to_postgres_dag.py for tasks to queue
[2025-04-22T03:56:45.322+0000] {logging_mixin.py:188} INFO - [2025-04-22T03:56:45.322+0000] {dagbag.py:538} INFO - Filling up the DagBag from /opt/airflow/dags/load_orders_to_postgres_dag.py
[2025-04-22T03:56:45.857+0000] {processor.py:840} INFO - DAG(s) 'load_orders_to_postgres_dag' retrieved from /opt/airflow/dags/load_orders_to_postgres_dag.py
[2025-04-22T03:56:45.881+0000] {logging_mixin.py:188} INFO - [2025-04-22T03:56:45.881+0000] {dag.py:3036} INFO - Sync 1 DAGs
[2025-04-22T03:56:45.894+0000] {logging_mixin.py:188} INFO - [2025-04-22T03:56:45.893+0000] {dag.py:3823} INFO - Setting next_dagrun for load_orders_to_postgres_dag to None, run_after=None
[2025-04-22T03:56:45.939+0000] {processor.py:183} INFO - Processing /opt/airflow/dags/load_orders_to_postgres_dag.py took 0.626 seconds
[2025-04-22T03:57:16.208+0000] {processor.py:161} INFO - Started process (PID=67403) to work on /opt/airflow/dags/load_orders_to_postgres_dag.py
[2025-04-22T03:57:16.209+0000] {processor.py:830} INFO - Processing file /opt/airflow/dags/load_orders_to_postgres_dag.py for tasks to queue
[2025-04-22T03:57:16.211+0000] {logging_mixin.py:188} INFO - [2025-04-22T03:57:16.210+0000] {dagbag.py:538} INFO - Filling up the DagBag from /opt/airflow/dags/load_orders_to_postgres_dag.py
[2025-04-22T03:57:16.915+0000] {processor.py:840} INFO - DAG(s) 'load_orders_to_postgres_dag' retrieved from /opt/airflow/dags/load_orders_to_postgres_dag.py
[2025-04-22T03:57:16.946+0000] {logging_mixin.py:188} INFO - [2025-04-22T03:57:16.946+0000] {dag.py:3036} INFO - Sync 1 DAGs
[2025-04-22T03:57:16.971+0000] {logging_mixin.py:188} INFO - [2025-04-22T03:57:16.971+0000] {dag.py:3823} INFO - Setting next_dagrun for load_orders_to_postgres_dag to None, run_after=None
[2025-04-22T03:57:17.029+0000] {processor.py:183} INFO - Processing /opt/airflow/dags/load_orders_to_postgres_dag.py took 0.826 seconds
[2025-04-22T03:57:47.708+0000] {processor.py:161} INFO - Started process (PID=67448) to work on /opt/airflow/dags/load_orders_to_postgres_dag.py
[2025-04-22T03:57:47.709+0000] {processor.py:830} INFO - Processing file /opt/airflow/dags/load_orders_to_postgres_dag.py for tasks to queue
[2025-04-22T03:57:47.711+0000] {logging_mixin.py:188} INFO - [2025-04-22T03:57:47.710+0000] {dagbag.py:538} INFO - Filling up the DagBag from /opt/airflow/dags/load_orders_to_postgres_dag.py
[2025-04-22T03:57:48.237+0000] {processor.py:840} INFO - DAG(s) 'load_orders_to_postgres_dag' retrieved from /opt/airflow/dags/load_orders_to_postgres_dag.py
[2025-04-22T03:57:48.260+0000] {logging_mixin.py:188} INFO - [2025-04-22T03:57:48.260+0000] {dag.py:3036} INFO - Sync 1 DAGs
[2025-04-22T03:57:48.273+0000] {logging_mixin.py:188} INFO - [2025-04-22T03:57:48.273+0000] {dag.py:3823} INFO - Setting next_dagrun for load_orders_to_postgres_dag to None, run_after=None
[2025-04-22T03:57:48.300+0000] {processor.py:183} INFO - Processing /opt/airflow/dags/load_orders_to_postgres_dag.py took 0.596 seconds
[2025-04-22T03:58:18.533+0000] {processor.py:161} INFO - Started process (PID=67491) to work on /opt/airflow/dags/load_orders_to_postgres_dag.py
[2025-04-22T03:58:18.535+0000] {processor.py:830} INFO - Processing file /opt/airflow/dags/load_orders_to_postgres_dag.py for tasks to queue
[2025-04-22T03:58:18.536+0000] {logging_mixin.py:188} INFO - [2025-04-22T03:58:18.535+0000] {dagbag.py:538} INFO - Filling up the DagBag from /opt/airflow/dags/load_orders_to_postgres_dag.py
[2025-04-22T03:58:18.999+0000] {processor.py:840} INFO - DAG(s) 'load_orders_to_postgres_dag' retrieved from /opt/airflow/dags/load_orders_to_postgres_dag.py
[2025-04-22T03:58:19.021+0000] {logging_mixin.py:188} INFO - [2025-04-22T03:58:19.021+0000] {dag.py:3036} INFO - Sync 1 DAGs
[2025-04-22T03:58:19.031+0000] {logging_mixin.py:188} INFO - [2025-04-22T03:58:19.031+0000] {dag.py:3823} INFO - Setting next_dagrun for load_orders_to_postgres_dag to None, run_after=None
[2025-04-22T03:58:19.064+0000] {processor.py:183} INFO - Processing /opt/airflow/dags/load_orders_to_postgres_dag.py took 0.534 seconds
[2025-04-22T03:58:49.263+0000] {processor.py:161} INFO - Started process (PID=67528) to work on /opt/airflow/dags/load_orders_to_postgres_dag.py
[2025-04-22T03:58:49.265+0000] {processor.py:830} INFO - Processing file /opt/airflow/dags/load_orders_to_postgres_dag.py for tasks to queue
[2025-04-22T03:58:49.268+0000] {logging_mixin.py:188} INFO - [2025-04-22T03:58:49.268+0000] {dagbag.py:538} INFO - Filling up the DagBag from /opt/airflow/dags/load_orders_to_postgres_dag.py
[2025-04-22T03:58:49.954+0000] {processor.py:840} INFO - DAG(s) 'load_orders_to_postgres_dag' retrieved from /opt/airflow/dags/load_orders_to_postgres_dag.py
[2025-04-22T03:58:49.983+0000] {logging_mixin.py:188} INFO - [2025-04-22T03:58:49.982+0000] {dag.py:3036} INFO - Sync 1 DAGs
[2025-04-22T03:58:49.998+0000] {logging_mixin.py:188} INFO - [2025-04-22T03:58:49.997+0000] {dag.py:3823} INFO - Setting next_dagrun for load_orders_to_postgres_dag to None, run_after=None
[2025-04-22T03:58:50.047+0000] {processor.py:183} INFO - Processing /opt/airflow/dags/load_orders_to_postgres_dag.py took 0.788 seconds
[2025-04-22T03:59:20.600+0000] {processor.py:161} INFO - Started process (PID=67571) to work on /opt/airflow/dags/load_orders_to_postgres_dag.py
[2025-04-22T03:59:20.603+0000] {processor.py:830} INFO - Processing file /opt/airflow/dags/load_orders_to_postgres_dag.py for tasks to queue
[2025-04-22T03:59:20.606+0000] {logging_mixin.py:188} INFO - [2025-04-22T03:59:20.605+0000] {dagbag.py:538} INFO - Filling up the DagBag from /opt/airflow/dags/load_orders_to_postgres_dag.py
[2025-04-22T03:59:21.344+0000] {processor.py:840} INFO - DAG(s) 'load_orders_to_postgres_dag' retrieved from /opt/airflow/dags/load_orders_to_postgres_dag.py
[2025-04-22T03:59:21.373+0000] {logging_mixin.py:188} INFO - [2025-04-22T03:59:21.372+0000] {dag.py:3036} INFO - Sync 1 DAGs
[2025-04-22T03:59:21.387+0000] {logging_mixin.py:188} INFO - [2025-04-22T03:59:21.387+0000] {dag.py:3823} INFO - Setting next_dagrun for load_orders_to_postgres_dag to None, run_after=None
[2025-04-22T03:59:21.427+0000] {processor.py:183} INFO - Processing /opt/airflow/dags/load_orders_to_postgres_dag.py took 0.832 seconds
[2025-04-22T03:59:52.150+0000] {processor.py:161} INFO - Started process (PID=67614) to work on /opt/airflow/dags/load_orders_to_postgres_dag.py
[2025-04-22T03:59:52.165+0000] {processor.py:830} INFO - Processing file /opt/airflow/dags/load_orders_to_postgres_dag.py for tasks to queue
[2025-04-22T03:59:52.173+0000] {logging_mixin.py:188} INFO - [2025-04-22T03:59:52.172+0000] {dagbag.py:538} INFO - Filling up the DagBag from /opt/airflow/dags/load_orders_to_postgres_dag.py
[2025-04-22T03:59:52.976+0000] {processor.py:840} INFO - DAG(s) 'load_orders_to_postgres_dag' retrieved from /opt/airflow/dags/load_orders_to_postgres_dag.py
[2025-04-22T03:59:53.012+0000] {logging_mixin.py:188} INFO - [2025-04-22T03:59:53.011+0000] {dag.py:3036} INFO - Sync 1 DAGs
[2025-04-22T03:59:53.031+0000] {logging_mixin.py:188} INFO - [2025-04-22T03:59:53.030+0000] {dag.py:3823} INFO - Setting next_dagrun for load_orders_to_postgres_dag to None, run_after=None
[2025-04-22T03:59:53.080+0000] {processor.py:183} INFO - Processing /opt/airflow/dags/load_orders_to_postgres_dag.py took 0.935 seconds
[2025-04-22T04:00:23.386+0000] {processor.py:161} INFO - Started process (PID=67657) to work on /opt/airflow/dags/load_orders_to_postgres_dag.py
[2025-04-22T04:00:23.387+0000] {processor.py:830} INFO - Processing file /opt/airflow/dags/load_orders_to_postgres_dag.py for tasks to queue
[2025-04-22T04:00:23.389+0000] {logging_mixin.py:188} INFO - [2025-04-22T04:00:23.388+0000] {dagbag.py:538} INFO - Filling up the DagBag from /opt/airflow/dags/load_orders_to_postgres_dag.py
[2025-04-22T04:00:23.963+0000] {processor.py:840} INFO - DAG(s) 'load_orders_to_postgres_dag' retrieved from /opt/airflow/dags/load_orders_to_postgres_dag.py
[2025-04-22T04:00:23.986+0000] {logging_mixin.py:188} INFO - [2025-04-22T04:00:23.985+0000] {dag.py:3036} INFO - Sync 1 DAGs
[2025-04-22T04:00:23.998+0000] {logging_mixin.py:188} INFO - [2025-04-22T04:00:23.998+0000] {dag.py:3823} INFO - Setting next_dagrun for load_orders_to_postgres_dag to None, run_after=None
[2025-04-22T04:00:24.023+0000] {processor.py:183} INFO - Processing /opt/airflow/dags/load_orders_to_postgres_dag.py took 0.641 seconds
[2025-04-22T04:00:54.935+0000] {processor.py:161} INFO - Started process (PID=67700) to work on /opt/airflow/dags/load_orders_to_postgres_dag.py
[2025-04-22T04:00:54.936+0000] {processor.py:830} INFO - Processing file /opt/airflow/dags/load_orders_to_postgres_dag.py for tasks to queue
[2025-04-22T04:00:54.938+0000] {logging_mixin.py:188} INFO - [2025-04-22T04:00:54.937+0000] {dagbag.py:538} INFO - Filling up the DagBag from /opt/airflow/dags/load_orders_to_postgres_dag.py
[2025-04-22T04:00:55.477+0000] {processor.py:840} INFO - DAG(s) 'load_orders_to_postgres_dag' retrieved from /opt/airflow/dags/load_orders_to_postgres_dag.py
[2025-04-22T04:00:55.508+0000] {logging_mixin.py:188} INFO - [2025-04-22T04:00:55.508+0000] {dag.py:3036} INFO - Sync 1 DAGs
[2025-04-22T04:00:55.523+0000] {logging_mixin.py:188} INFO - [2025-04-22T04:00:55.523+0000] {dag.py:3823} INFO - Setting next_dagrun for load_orders_to_postgres_dag to None, run_after=None
[2025-04-22T04:00:55.557+0000] {processor.py:183} INFO - Processing /opt/airflow/dags/load_orders_to_postgres_dag.py took 0.626 seconds
[2025-04-22T04:01:25.908+0000] {processor.py:161} INFO - Started process (PID=67743) to work on /opt/airflow/dags/load_orders_to_postgres_dag.py
[2025-04-22T04:01:25.910+0000] {processor.py:830} INFO - Processing file /opt/airflow/dags/load_orders_to_postgres_dag.py for tasks to queue
[2025-04-22T04:01:25.911+0000] {logging_mixin.py:188} INFO - [2025-04-22T04:01:25.911+0000] {dagbag.py:538} INFO - Filling up the DagBag from /opt/airflow/dags/load_orders_to_postgres_dag.py
[2025-04-22T04:01:26.556+0000] {processor.py:840} INFO - DAG(s) 'load_orders_to_postgres_dag' retrieved from /opt/airflow/dags/load_orders_to_postgres_dag.py
[2025-04-22T04:01:26.591+0000] {logging_mixin.py:188} INFO - [2025-04-22T04:01:26.590+0000] {dag.py:3036} INFO - Sync 1 DAGs
[2025-04-22T04:01:26.602+0000] {logging_mixin.py:188} INFO - [2025-04-22T04:01:26.602+0000] {dag.py:3823} INFO - Setting next_dagrun for load_orders_to_postgres_dag to None, run_after=None
[2025-04-22T04:01:26.643+0000] {processor.py:183} INFO - Processing /opt/airflow/dags/load_orders_to_postgres_dag.py took 0.738 seconds
[2025-04-22T04:01:57.291+0000] {processor.py:161} INFO - Started process (PID=67786) to work on /opt/airflow/dags/load_orders_to_postgres_dag.py
[2025-04-22T04:01:57.294+0000] {processor.py:830} INFO - Processing file /opt/airflow/dags/load_orders_to_postgres_dag.py for tasks to queue
[2025-04-22T04:01:57.298+0000] {logging_mixin.py:188} INFO - [2025-04-22T04:01:57.297+0000] {dagbag.py:538} INFO - Filling up the DagBag from /opt/airflow/dags/load_orders_to_postgres_dag.py
[2025-04-22T04:01:58.069+0000] {processor.py:840} INFO - DAG(s) 'load_orders_to_postgres_dag' retrieved from /opt/airflow/dags/load_orders_to_postgres_dag.py
[2025-04-22T04:01:58.132+0000] {logging_mixin.py:188} INFO - [2025-04-22T04:01:58.131+0000] {dag.py:3036} INFO - Sync 1 DAGs
[2025-04-22T04:01:58.193+0000] {logging_mixin.py:188} INFO - [2025-04-22T04:01:58.192+0000] {dag.py:3823} INFO - Setting next_dagrun for load_orders_to_postgres_dag to None, run_after=None
[2025-04-22T04:01:58.269+0000] {processor.py:183} INFO - Processing /opt/airflow/dags/load_orders_to_postgres_dag.py took 0.982 seconds
[2025-04-22T04:02:29.328+0000] {processor.py:161} INFO - Started process (PID=67829) to work on /opt/airflow/dags/load_orders_to_postgres_dag.py
[2025-04-22T04:02:29.329+0000] {processor.py:830} INFO - Processing file /opt/airflow/dags/load_orders_to_postgres_dag.py for tasks to queue
[2025-04-22T04:02:29.333+0000] {logging_mixin.py:188} INFO - [2025-04-22T04:02:29.330+0000] {dagbag.py:538} INFO - Filling up the DagBag from /opt/airflow/dags/load_orders_to_postgres_dag.py
[2025-04-22T04:02:30.074+0000] {processor.py:840} INFO - DAG(s) 'load_orders_to_postgres_dag' retrieved from /opt/airflow/dags/load_orders_to_postgres_dag.py
[2025-04-22T04:02:30.108+0000] {logging_mixin.py:188} INFO - [2025-04-22T04:02:30.108+0000] {dag.py:3036} INFO - Sync 1 DAGs
[2025-04-22T04:02:30.127+0000] {logging_mixin.py:188} INFO - [2025-04-22T04:02:30.126+0000] {dag.py:3823} INFO - Setting next_dagrun for load_orders_to_postgres_dag to None, run_after=None
[2025-04-22T04:02:30.165+0000] {processor.py:183} INFO - Processing /opt/airflow/dags/load_orders_to_postgres_dag.py took 0.845 seconds
[2025-04-22T04:03:00.619+0000] {processor.py:161} INFO - Started process (PID=67872) to work on /opt/airflow/dags/load_orders_to_postgres_dag.py
[2025-04-22T04:03:00.621+0000] {processor.py:830} INFO - Processing file /opt/airflow/dags/load_orders_to_postgres_dag.py for tasks to queue
[2025-04-22T04:03:00.622+0000] {logging_mixin.py:188} INFO - [2025-04-22T04:03:00.622+0000] {dagbag.py:538} INFO - Filling up the DagBag from /opt/airflow/dags/load_orders_to_postgres_dag.py
[2025-04-22T04:03:01.499+0000] {processor.py:840} INFO - DAG(s) 'load_orders_to_postgres_dag' retrieved from /opt/airflow/dags/load_orders_to_postgres_dag.py
[2025-04-22T04:03:01.534+0000] {logging_mixin.py:188} INFO - [2025-04-22T04:03:01.533+0000] {dag.py:3036} INFO - Sync 1 DAGs
[2025-04-22T04:03:01.547+0000] {logging_mixin.py:188} INFO - [2025-04-22T04:03:01.547+0000] {dag.py:3823} INFO - Setting next_dagrun for load_orders_to_postgres_dag to None, run_after=None
[2025-04-22T04:03:01.592+0000] {processor.py:183} INFO - Processing /opt/airflow/dags/load_orders_to_postgres_dag.py took 0.978 seconds
[2025-04-22T04:03:31.682+0000] {processor.py:161} INFO - Started process (PID=67915) to work on /opt/airflow/dags/load_orders_to_postgres_dag.py
[2025-04-22T04:03:31.693+0000] {processor.py:830} INFO - Processing file /opt/airflow/dags/load_orders_to_postgres_dag.py for tasks to queue
[2025-04-22T04:03:31.695+0000] {logging_mixin.py:188} INFO - [2025-04-22T04:03:31.694+0000] {dagbag.py:538} INFO - Filling up the DagBag from /opt/airflow/dags/load_orders_to_postgres_dag.py
[2025-04-22T04:03:32.356+0000] {processor.py:840} INFO - DAG(s) 'load_orders_to_postgres_dag' retrieved from /opt/airflow/dags/load_orders_to_postgres_dag.py
[2025-04-22T04:03:32.378+0000] {logging_mixin.py:188} INFO - [2025-04-22T04:03:32.377+0000] {dag.py:3036} INFO - Sync 1 DAGs
[2025-04-22T04:03:32.390+0000] {logging_mixin.py:188} INFO - [2025-04-22T04:03:32.390+0000] {dag.py:3823} INFO - Setting next_dagrun for load_orders_to_postgres_dag to None, run_after=None
[2025-04-22T04:03:32.408+0000] {processor.py:183} INFO - Processing /opt/airflow/dags/load_orders_to_postgres_dag.py took 0.730 seconds
[2025-04-22T04:04:02.586+0000] {processor.py:161} INFO - Started process (PID=67958) to work on /opt/airflow/dags/load_orders_to_postgres_dag.py
[2025-04-22T04:04:02.588+0000] {processor.py:830} INFO - Processing file /opt/airflow/dags/load_orders_to_postgres_dag.py for tasks to queue
[2025-04-22T04:04:02.590+0000] {logging_mixin.py:188} INFO - [2025-04-22T04:04:02.590+0000] {dagbag.py:538} INFO - Filling up the DagBag from /opt/airflow/dags/load_orders_to_postgres_dag.py
[2025-04-22T04:04:03.278+0000] {processor.py:840} INFO - DAG(s) 'load_orders_to_postgres_dag' retrieved from /opt/airflow/dags/load_orders_to_postgres_dag.py
[2025-04-22T04:04:03.303+0000] {logging_mixin.py:188} INFO - [2025-04-22T04:04:03.302+0000] {dag.py:3036} INFO - Sync 1 DAGs
[2025-04-22T04:04:03.315+0000] {logging_mixin.py:188} INFO - [2025-04-22T04:04:03.315+0000] {dag.py:3823} INFO - Setting next_dagrun for load_orders_to_postgres_dag to None, run_after=None
[2025-04-22T04:04:03.343+0000] {processor.py:183} INFO - Processing /opt/airflow/dags/load_orders_to_postgres_dag.py took 0.762 seconds
[2025-04-22T04:04:34.108+0000] {processor.py:161} INFO - Started process (PID=68001) to work on /opt/airflow/dags/load_orders_to_postgres_dag.py
[2025-04-22T04:04:34.111+0000] {processor.py:830} INFO - Processing file /opt/airflow/dags/load_orders_to_postgres_dag.py for tasks to queue
[2025-04-22T04:04:34.113+0000] {logging_mixin.py:188} INFO - [2025-04-22T04:04:34.112+0000] {dagbag.py:538} INFO - Filling up the DagBag from /opt/airflow/dags/load_orders_to_postgres_dag.py
[2025-04-22T04:04:34.919+0000] {processor.py:840} INFO - DAG(s) 'load_orders_to_postgres_dag' retrieved from /opt/airflow/dags/load_orders_to_postgres_dag.py
[2025-04-22T04:04:34.941+0000] {logging_mixin.py:188} INFO - [2025-04-22T04:04:34.941+0000] {dag.py:3036} INFO - Sync 1 DAGs
[2025-04-22T04:04:34.953+0000] {logging_mixin.py:188} INFO - [2025-04-22T04:04:34.953+0000] {dag.py:3823} INFO - Setting next_dagrun for load_orders_to_postgres_dag to None, run_after=None
[2025-04-22T04:04:34.976+0000] {processor.py:183} INFO - Processing /opt/airflow/dags/load_orders_to_postgres_dag.py took 0.872 seconds
[2025-04-22T04:05:05.250+0000] {processor.py:161} INFO - Started process (PID=68044) to work on /opt/airflow/dags/load_orders_to_postgres_dag.py
[2025-04-22T04:05:05.251+0000] {processor.py:830} INFO - Processing file /opt/airflow/dags/load_orders_to_postgres_dag.py for tasks to queue
[2025-04-22T04:05:05.252+0000] {logging_mixin.py:188} INFO - [2025-04-22T04:05:05.252+0000] {dagbag.py:538} INFO - Filling up the DagBag from /opt/airflow/dags/load_orders_to_postgres_dag.py
[2025-04-22T04:05:05.886+0000] {processor.py:840} INFO - DAG(s) 'load_orders_to_postgres_dag' retrieved from /opt/airflow/dags/load_orders_to_postgres_dag.py
[2025-04-22T04:05:05.912+0000] {logging_mixin.py:188} INFO - [2025-04-22T04:05:05.912+0000] {dag.py:3036} INFO - Sync 1 DAGs
[2025-04-22T04:05:05.926+0000] {logging_mixin.py:188} INFO - [2025-04-22T04:05:05.925+0000] {dag.py:3823} INFO - Setting next_dagrun for load_orders_to_postgres_dag to None, run_after=None
[2025-04-22T04:05:05.953+0000] {processor.py:183} INFO - Processing /opt/airflow/dags/load_orders_to_postgres_dag.py took 0.707 seconds
[2025-04-22T04:05:36.396+0000] {processor.py:161} INFO - Started process (PID=68087) to work on /opt/airflow/dags/load_orders_to_postgres_dag.py
[2025-04-22T04:05:36.397+0000] {processor.py:830} INFO - Processing file /opt/airflow/dags/load_orders_to_postgres_dag.py for tasks to queue
[2025-04-22T04:05:36.399+0000] {logging_mixin.py:188} INFO - [2025-04-22T04:05:36.398+0000] {dagbag.py:538} INFO - Filling up the DagBag from /opt/airflow/dags/load_orders_to_postgres_dag.py
[2025-04-22T04:05:36.957+0000] {processor.py:840} INFO - DAG(s) 'load_orders_to_postgres_dag' retrieved from /opt/airflow/dags/load_orders_to_postgres_dag.py
[2025-04-22T04:05:36.981+0000] {logging_mixin.py:188} INFO - [2025-04-22T04:05:36.981+0000] {dag.py:3036} INFO - Sync 1 DAGs
[2025-04-22T04:05:36.994+0000] {logging_mixin.py:188} INFO - [2025-04-22T04:05:36.993+0000] {dag.py:3823} INFO - Setting next_dagrun for load_orders_to_postgres_dag to None, run_after=None
[2025-04-22T04:05:37.016+0000] {processor.py:183} INFO - Processing /opt/airflow/dags/load_orders_to_postgres_dag.py took 0.625 seconds
[2025-04-22T04:06:07.171+0000] {processor.py:161} INFO - Started process (PID=68130) to work on /opt/airflow/dags/load_orders_to_postgres_dag.py
[2025-04-22T04:06:07.173+0000] {processor.py:830} INFO - Processing file /opt/airflow/dags/load_orders_to_postgres_dag.py for tasks to queue
[2025-04-22T04:06:07.175+0000] {logging_mixin.py:188} INFO - [2025-04-22T04:06:07.174+0000] {dagbag.py:538} INFO - Filling up the DagBag from /opt/airflow/dags/load_orders_to_postgres_dag.py
[2025-04-22T04:06:07.625+0000] {processor.py:840} INFO - DAG(s) 'load_orders_to_postgres_dag' retrieved from /opt/airflow/dags/load_orders_to_postgres_dag.py
[2025-04-22T04:06:07.649+0000] {logging_mixin.py:188} INFO - [2025-04-22T04:06:07.648+0000] {dag.py:3036} INFO - Sync 1 DAGs
[2025-04-22T04:06:07.659+0000] {logging_mixin.py:188} INFO - [2025-04-22T04:06:07.659+0000] {dag.py:3823} INFO - Setting next_dagrun for load_orders_to_postgres_dag to None, run_after=None
[2025-04-22T04:06:07.679+0000] {processor.py:183} INFO - Processing /opt/airflow/dags/load_orders_to_postgres_dag.py took 0.514 seconds
[2025-04-22T04:06:37.869+0000] {processor.py:161} INFO - Started process (PID=68173) to work on /opt/airflow/dags/load_orders_to_postgres_dag.py
[2025-04-22T04:06:37.871+0000] {processor.py:830} INFO - Processing file /opt/airflow/dags/load_orders_to_postgres_dag.py for tasks to queue
[2025-04-22T04:06:37.873+0000] {logging_mixin.py:188} INFO - [2025-04-22T04:06:37.872+0000] {dagbag.py:538} INFO - Filling up the DagBag from /opt/airflow/dags/load_orders_to_postgres_dag.py
[2025-04-22T04:06:38.604+0000] {processor.py:840} INFO - DAG(s) 'load_orders_to_postgres_dag' retrieved from /opt/airflow/dags/load_orders_to_postgres_dag.py
[2025-04-22T04:06:38.655+0000] {logging_mixin.py:188} INFO - [2025-04-22T04:06:38.654+0000] {dag.py:3036} INFO - Sync 1 DAGs
[2025-04-22T04:06:38.681+0000] {logging_mixin.py:188} INFO - [2025-04-22T04:06:38.681+0000] {dag.py:3823} INFO - Setting next_dagrun for load_orders_to_postgres_dag to None, run_after=None
[2025-04-22T04:06:38.725+0000] {processor.py:183} INFO - Processing /opt/airflow/dags/load_orders_to_postgres_dag.py took 0.868 seconds
[2025-04-22T04:07:08.993+0000] {processor.py:161} INFO - Started process (PID=68216) to work on /opt/airflow/dags/load_orders_to_postgres_dag.py
[2025-04-22T04:07:08.995+0000] {processor.py:830} INFO - Processing file /opt/airflow/dags/load_orders_to_postgres_dag.py for tasks to queue
[2025-04-22T04:07:08.996+0000] {logging_mixin.py:188} INFO - [2025-04-22T04:07:08.996+0000] {dagbag.py:538} INFO - Filling up the DagBag from /opt/airflow/dags/load_orders_to_postgres_dag.py
[2025-04-22T04:07:09.591+0000] {processor.py:840} INFO - DAG(s) 'load_orders_to_postgres_dag' retrieved from /opt/airflow/dags/load_orders_to_postgres_dag.py
[2025-04-22T04:07:09.621+0000] {logging_mixin.py:188} INFO - [2025-04-22T04:07:09.621+0000] {dag.py:3036} INFO - Sync 1 DAGs
[2025-04-22T04:07:09.637+0000] {logging_mixin.py:188} INFO - [2025-04-22T04:07:09.636+0000] {dag.py:3823} INFO - Setting next_dagrun for load_orders_to_postgres_dag to None, run_after=None
[2025-04-22T04:07:09.655+0000] {processor.py:183} INFO - Processing /opt/airflow/dags/load_orders_to_postgres_dag.py took 0.664 seconds
[2025-04-22T04:07:39.976+0000] {processor.py:161} INFO - Started process (PID=68259) to work on /opt/airflow/dags/load_orders_to_postgres_dag.py
[2025-04-22T04:07:39.977+0000] {processor.py:830} INFO - Processing file /opt/airflow/dags/load_orders_to_postgres_dag.py for tasks to queue
[2025-04-22T04:07:39.979+0000] {logging_mixin.py:188} INFO - [2025-04-22T04:07:39.978+0000] {dagbag.py:538} INFO - Filling up the DagBag from /opt/airflow/dags/load_orders_to_postgres_dag.py
[2025-04-22T04:07:40.485+0000] {processor.py:840} INFO - DAG(s) 'load_orders_to_postgres_dag' retrieved from /opt/airflow/dags/load_orders_to_postgres_dag.py
[2025-04-22T04:07:40.506+0000] {logging_mixin.py:188} INFO - [2025-04-22T04:07:40.506+0000] {dag.py:3036} INFO - Sync 1 DAGs
[2025-04-22T04:07:40.518+0000] {logging_mixin.py:188} INFO - [2025-04-22T04:07:40.518+0000] {dag.py:3823} INFO - Setting next_dagrun for load_orders_to_postgres_dag to None, run_after=None
[2025-04-22T04:07:40.544+0000] {processor.py:183} INFO - Processing /opt/airflow/dags/load_orders_to_postgres_dag.py took 0.572 seconds
[2025-04-22T04:08:10.934+0000] {processor.py:161} INFO - Started process (PID=68302) to work on /opt/airflow/dags/load_orders_to_postgres_dag.py
[2025-04-22T04:08:10.936+0000] {processor.py:830} INFO - Processing file /opt/airflow/dags/load_orders_to_postgres_dag.py for tasks to queue
[2025-04-22T04:08:10.938+0000] {logging_mixin.py:188} INFO - [2025-04-22T04:08:10.938+0000] {dagbag.py:538} INFO - Filling up the DagBag from /opt/airflow/dags/load_orders_to_postgres_dag.py
[2025-04-22T04:08:11.542+0000] {processor.py:840} INFO - DAG(s) 'load_orders_to_postgres_dag' retrieved from /opt/airflow/dags/load_orders_to_postgres_dag.py
[2025-04-22T04:08:11.582+0000] {logging_mixin.py:188} INFO - [2025-04-22T04:08:11.582+0000] {dag.py:3036} INFO - Sync 1 DAGs
[2025-04-22T04:08:11.595+0000] {logging_mixin.py:188} INFO - [2025-04-22T04:08:11.595+0000] {dag.py:3823} INFO - Setting next_dagrun for load_orders_to_postgres_dag to None, run_after=None
[2025-04-22T04:08:11.628+0000] {processor.py:183} INFO - Processing /opt/airflow/dags/load_orders_to_postgres_dag.py took 0.697 seconds
[2025-04-22T04:08:42.029+0000] {processor.py:161} INFO - Started process (PID=68345) to work on /opt/airflow/dags/load_orders_to_postgres_dag.py
[2025-04-22T04:08:42.033+0000] {processor.py:830} INFO - Processing file /opt/airflow/dags/load_orders_to_postgres_dag.py for tasks to queue
[2025-04-22T04:08:42.036+0000] {logging_mixin.py:188} INFO - [2025-04-22T04:08:42.035+0000] {dagbag.py:538} INFO - Filling up the DagBag from /opt/airflow/dags/load_orders_to_postgres_dag.py
[2025-04-22T04:08:42.538+0000] {processor.py:840} INFO - DAG(s) 'load_orders_to_postgres_dag' retrieved from /opt/airflow/dags/load_orders_to_postgres_dag.py
[2025-04-22T04:08:42.560+0000] {logging_mixin.py:188} INFO - [2025-04-22T04:08:42.559+0000] {dag.py:3036} INFO - Sync 1 DAGs
[2025-04-22T04:08:42.572+0000] {logging_mixin.py:188} INFO - [2025-04-22T04:08:42.572+0000] {dag.py:3823} INFO - Setting next_dagrun for load_orders_to_postgres_dag to None, run_after=None
[2025-04-22T04:08:42.635+0000] {processor.py:183} INFO - Processing /opt/airflow/dags/load_orders_to_postgres_dag.py took 0.611 seconds
[2025-04-22T04:09:13.207+0000] {processor.py:161} INFO - Started process (PID=68388) to work on /opt/airflow/dags/load_orders_to_postgres_dag.py
[2025-04-22T04:09:13.208+0000] {processor.py:830} INFO - Processing file /opt/airflow/dags/load_orders_to_postgres_dag.py for tasks to queue
[2025-04-22T04:09:13.210+0000] {logging_mixin.py:188} INFO - [2025-04-22T04:09:13.209+0000] {dagbag.py:538} INFO - Filling up the DagBag from /opt/airflow/dags/load_orders_to_postgres_dag.py
[2025-04-22T04:09:13.796+0000] {processor.py:840} INFO - DAG(s) 'load_orders_to_postgres_dag' retrieved from /opt/airflow/dags/load_orders_to_postgres_dag.py
[2025-04-22T04:09:13.835+0000] {logging_mixin.py:188} INFO - [2025-04-22T04:09:13.834+0000] {dag.py:3036} INFO - Sync 1 DAGs
[2025-04-22T04:09:13.855+0000] {logging_mixin.py:188} INFO - [2025-04-22T04:09:13.854+0000] {dag.py:3823} INFO - Setting next_dagrun for load_orders_to_postgres_dag to None, run_after=None
[2025-04-22T04:09:13.886+0000] {processor.py:183} INFO - Processing /opt/airflow/dags/load_orders_to_postgres_dag.py took 0.684 seconds
[2025-04-22T04:09:44.535+0000] {processor.py:161} INFO - Started process (PID=68431) to work on /opt/airflow/dags/load_orders_to_postgres_dag.py
[2025-04-22T04:09:44.539+0000] {processor.py:830} INFO - Processing file /opt/airflow/dags/load_orders_to_postgres_dag.py for tasks to queue
[2025-04-22T04:09:44.542+0000] {logging_mixin.py:188} INFO - [2025-04-22T04:09:44.541+0000] {dagbag.py:538} INFO - Filling up the DagBag from /opt/airflow/dags/load_orders_to_postgres_dag.py
[2025-04-22T04:09:45.034+0000] {processor.py:840} INFO - DAG(s) 'load_orders_to_postgres_dag' retrieved from /opt/airflow/dags/load_orders_to_postgres_dag.py
[2025-04-22T04:09:45.072+0000] {logging_mixin.py:188} INFO - [2025-04-22T04:09:45.071+0000] {dag.py:3036} INFO - Sync 1 DAGs
[2025-04-22T04:09:45.096+0000] {logging_mixin.py:188} INFO - [2025-04-22T04:09:45.096+0000] {dag.py:3823} INFO - Setting next_dagrun for load_orders_to_postgres_dag to None, run_after=None
[2025-04-22T04:09:45.184+0000] {processor.py:183} INFO - Processing /opt/airflow/dags/load_orders_to_postgres_dag.py took 0.653 seconds
[2025-04-22T04:10:15.473+0000] {processor.py:161} INFO - Started process (PID=68474) to work on /opt/airflow/dags/load_orders_to_postgres_dag.py
[2025-04-22T04:10:15.476+0000] {processor.py:830} INFO - Processing file /opt/airflow/dags/load_orders_to_postgres_dag.py for tasks to queue
[2025-04-22T04:10:15.477+0000] {logging_mixin.py:188} INFO - [2025-04-22T04:10:15.477+0000] {dagbag.py:538} INFO - Filling up the DagBag from /opt/airflow/dags/load_orders_to_postgres_dag.py
[2025-04-22T04:10:16.200+0000] {processor.py:840} INFO - DAG(s) 'load_orders_to_postgres_dag' retrieved from /opt/airflow/dags/load_orders_to_postgres_dag.py
[2025-04-22T04:10:16.237+0000] {logging_mixin.py:188} INFO - [2025-04-22T04:10:16.237+0000] {dag.py:3036} INFO - Sync 1 DAGs
[2025-04-22T04:10:16.255+0000] {logging_mixin.py:188} INFO - [2025-04-22T04:10:16.254+0000] {dag.py:3823} INFO - Setting next_dagrun for load_orders_to_postgres_dag to None, run_after=None
[2025-04-22T04:10:16.282+0000] {processor.py:183} INFO - Processing /opt/airflow/dags/load_orders_to_postgres_dag.py took 0.814 seconds
[2025-04-22T04:10:46.559+0000] {processor.py:161} INFO - Started process (PID=68517) to work on /opt/airflow/dags/load_orders_to_postgres_dag.py
[2025-04-22T04:10:46.562+0000] {processor.py:830} INFO - Processing file /opt/airflow/dags/load_orders_to_postgres_dag.py for tasks to queue
[2025-04-22T04:10:46.564+0000] {logging_mixin.py:188} INFO - [2025-04-22T04:10:46.564+0000] {dagbag.py:538} INFO - Filling up the DagBag from /opt/airflow/dags/load_orders_to_postgres_dag.py
[2025-04-22T04:10:47.261+0000] {processor.py:840} INFO - DAG(s) 'load_orders_to_postgres_dag' retrieved from /opt/airflow/dags/load_orders_to_postgres_dag.py
[2025-04-22T04:10:47.289+0000] {logging_mixin.py:188} INFO - [2025-04-22T04:10:47.288+0000] {dag.py:3036} INFO - Sync 1 DAGs
[2025-04-22T04:10:47.302+0000] {logging_mixin.py:188} INFO - [2025-04-22T04:10:47.302+0000] {dag.py:3823} INFO - Setting next_dagrun for load_orders_to_postgres_dag to None, run_after=None
[2025-04-22T04:10:47.326+0000] {processor.py:183} INFO - Processing /opt/airflow/dags/load_orders_to_postgres_dag.py took 0.772 seconds
[2025-04-22T04:11:17.986+0000] {processor.py:161} INFO - Started process (PID=68560) to work on /opt/airflow/dags/load_orders_to_postgres_dag.py
[2025-04-22T04:11:17.988+0000] {processor.py:830} INFO - Processing file /opt/airflow/dags/load_orders_to_postgres_dag.py for tasks to queue
[2025-04-22T04:11:17.989+0000] {logging_mixin.py:188} INFO - [2025-04-22T04:11:17.989+0000] {dagbag.py:538} INFO - Filling up the DagBag from /opt/airflow/dags/load_orders_to_postgres_dag.py
[2025-04-22T04:11:18.706+0000] {processor.py:840} INFO - DAG(s) 'load_orders_to_postgres_dag' retrieved from /opt/airflow/dags/load_orders_to_postgres_dag.py
[2025-04-22T04:11:18.765+0000] {logging_mixin.py:188} INFO - [2025-04-22T04:11:18.764+0000] {dag.py:3036} INFO - Sync 1 DAGs
[2025-04-22T04:11:18.800+0000] {logging_mixin.py:188} INFO - [2025-04-22T04:11:18.800+0000] {dag.py:3823} INFO - Setting next_dagrun for load_orders_to_postgres_dag to None, run_after=None
[2025-04-22T04:11:18.848+0000] {processor.py:183} INFO - Processing /opt/airflow/dags/load_orders_to_postgres_dag.py took 0.867 seconds
[2025-04-22T04:11:49.386+0000] {processor.py:161} INFO - Started process (PID=68603) to work on /opt/airflow/dags/load_orders_to_postgres_dag.py
[2025-04-22T04:11:49.389+0000] {processor.py:830} INFO - Processing file /opt/airflow/dags/load_orders_to_postgres_dag.py for tasks to queue
[2025-04-22T04:11:49.391+0000] {logging_mixin.py:188} INFO - [2025-04-22T04:11:49.390+0000] {dagbag.py:538} INFO - Filling up the DagBag from /opt/airflow/dags/load_orders_to_postgres_dag.py
[2025-04-22T04:11:50.186+0000] {processor.py:840} INFO - DAG(s) 'load_orders_to_postgres_dag' retrieved from /opt/airflow/dags/load_orders_to_postgres_dag.py
[2025-04-22T04:11:50.211+0000] {logging_mixin.py:188} INFO - [2025-04-22T04:11:50.211+0000] {dag.py:3036} INFO - Sync 1 DAGs
[2025-04-22T04:11:50.225+0000] {logging_mixin.py:188} INFO - [2025-04-22T04:11:50.225+0000] {dag.py:3823} INFO - Setting next_dagrun for load_orders_to_postgres_dag to None, run_after=None
[2025-04-22T04:11:50.259+0000] {processor.py:183} INFO - Processing /opt/airflow/dags/load_orders_to_postgres_dag.py took 0.878 seconds
[2025-04-22T04:12:20.518+0000] {processor.py:161} INFO - Started process (PID=68646) to work on /opt/airflow/dags/load_orders_to_postgres_dag.py
[2025-04-22T04:12:20.528+0000] {processor.py:830} INFO - Processing file /opt/airflow/dags/load_orders_to_postgres_dag.py for tasks to queue
[2025-04-22T04:12:20.535+0000] {logging_mixin.py:188} INFO - [2025-04-22T04:12:20.533+0000] {dagbag.py:538} INFO - Filling up the DagBag from /opt/airflow/dags/load_orders_to_postgres_dag.py
[2025-04-22T04:12:21.567+0000] {processor.py:840} INFO - DAG(s) 'load_orders_to_postgres_dag' retrieved from /opt/airflow/dags/load_orders_to_postgres_dag.py
[2025-04-22T04:12:21.599+0000] {logging_mixin.py:188} INFO - [2025-04-22T04:12:21.598+0000] {dag.py:3036} INFO - Sync 1 DAGs
[2025-04-22T04:12:21.618+0000] {logging_mixin.py:188} INFO - [2025-04-22T04:12:21.618+0000] {dag.py:3823} INFO - Setting next_dagrun for load_orders_to_postgres_dag to None, run_after=None
[2025-04-22T04:12:21.658+0000] {processor.py:183} INFO - Processing /opt/airflow/dags/load_orders_to_postgres_dag.py took 1.151 seconds
[2025-04-22T04:12:51.943+0000] {processor.py:161} INFO - Started process (PID=68689) to work on /opt/airflow/dags/load_orders_to_postgres_dag.py
[2025-04-22T04:12:51.944+0000] {processor.py:830} INFO - Processing file /opt/airflow/dags/load_orders_to_postgres_dag.py for tasks to queue
[2025-04-22T04:12:51.946+0000] {logging_mixin.py:188} INFO - [2025-04-22T04:12:51.945+0000] {dagbag.py:538} INFO - Filling up the DagBag from /opt/airflow/dags/load_orders_to_postgres_dag.py
[2025-04-22T04:12:52.907+0000] {processor.py:840} INFO - DAG(s) 'load_orders_to_postgres_dag' retrieved from /opt/airflow/dags/load_orders_to_postgres_dag.py
[2025-04-22T04:12:52.940+0000] {logging_mixin.py:188} INFO - [2025-04-22T04:12:52.939+0000] {dag.py:3036} INFO - Sync 1 DAGs
[2025-04-22T04:12:52.967+0000] {logging_mixin.py:188} INFO - [2025-04-22T04:12:52.967+0000] {dag.py:3823} INFO - Setting next_dagrun for load_orders_to_postgres_dag to None, run_after=None
[2025-04-22T04:12:52.996+0000] {processor.py:183} INFO - Processing /opt/airflow/dags/load_orders_to_postgres_dag.py took 1.057 seconds
[2025-04-22T04:13:23.246+0000] {processor.py:161} INFO - Started process (PID=68732) to work on /opt/airflow/dags/load_orders_to_postgres_dag.py
[2025-04-22T04:13:23.248+0000] {processor.py:830} INFO - Processing file /opt/airflow/dags/load_orders_to_postgres_dag.py for tasks to queue
[2025-04-22T04:13:23.250+0000] {logging_mixin.py:188} INFO - [2025-04-22T04:13:23.250+0000] {dagbag.py:538} INFO - Filling up the DagBag from /opt/airflow/dags/load_orders_to_postgres_dag.py
[2025-04-22T04:13:23.964+0000] {processor.py:840} INFO - DAG(s) 'load_orders_to_postgres_dag' retrieved from /opt/airflow/dags/load_orders_to_postgres_dag.py
[2025-04-22T04:13:23.995+0000] {logging_mixin.py:188} INFO - [2025-04-22T04:13:23.994+0000] {dag.py:3036} INFO - Sync 1 DAGs
[2025-04-22T04:13:24.008+0000] {logging_mixin.py:188} INFO - [2025-04-22T04:13:24.008+0000] {dag.py:3823} INFO - Setting next_dagrun for load_orders_to_postgres_dag to None, run_after=None
[2025-04-22T04:13:24.032+0000] {processor.py:183} INFO - Processing /opt/airflow/dags/load_orders_to_postgres_dag.py took 0.790 seconds
[2025-04-22T04:13:54.165+0000] {processor.py:161} INFO - Started process (PID=68775) to work on /opt/airflow/dags/load_orders_to_postgres_dag.py
[2025-04-22T04:13:54.168+0000] {processor.py:830} INFO - Processing file /opt/airflow/dags/load_orders_to_postgres_dag.py for tasks to queue
[2025-04-22T04:13:54.170+0000] {logging_mixin.py:188} INFO - [2025-04-22T04:13:54.169+0000] {dagbag.py:538} INFO - Filling up the DagBag from /opt/airflow/dags/load_orders_to_postgres_dag.py
[2025-04-22T04:13:54.816+0000] {processor.py:840} INFO - DAG(s) 'load_orders_to_postgres_dag' retrieved from /opt/airflow/dags/load_orders_to_postgres_dag.py
[2025-04-22T04:13:54.869+0000] {logging_mixin.py:188} INFO - [2025-04-22T04:13:54.869+0000] {dag.py:3036} INFO - Sync 1 DAGs
[2025-04-22T04:13:54.885+0000] {logging_mixin.py:188} INFO - [2025-04-22T04:13:54.884+0000] {dag.py:3823} INFO - Setting next_dagrun for load_orders_to_postgres_dag to None, run_after=None
[2025-04-22T04:13:54.912+0000] {processor.py:183} INFO - Processing /opt/airflow/dags/load_orders_to_postgres_dag.py took 0.752 seconds
[2025-04-22T04:14:25.268+0000] {processor.py:161} INFO - Started process (PID=68818) to work on /opt/airflow/dags/load_orders_to_postgres_dag.py
[2025-04-22T04:14:25.271+0000] {processor.py:830} INFO - Processing file /opt/airflow/dags/load_orders_to_postgres_dag.py for tasks to queue
[2025-04-22T04:14:25.273+0000] {logging_mixin.py:188} INFO - [2025-04-22T04:14:25.272+0000] {dagbag.py:538} INFO - Filling up the DagBag from /opt/airflow/dags/load_orders_to_postgres_dag.py
[2025-04-22T04:14:26.098+0000] {processor.py:840} INFO - DAG(s) 'load_orders_to_postgres_dag' retrieved from /opt/airflow/dags/load_orders_to_postgres_dag.py
[2025-04-22T04:14:26.140+0000] {logging_mixin.py:188} INFO - [2025-04-22T04:14:26.139+0000] {dag.py:3036} INFO - Sync 1 DAGs
[2025-04-22T04:14:26.158+0000] {logging_mixin.py:188} INFO - [2025-04-22T04:14:26.158+0000] {dag.py:3823} INFO - Setting next_dagrun for load_orders_to_postgres_dag to None, run_after=None
[2025-04-22T04:14:26.206+0000] {processor.py:183} INFO - Processing /opt/airflow/dags/load_orders_to_postgres_dag.py took 0.943 seconds
[2025-04-22T04:14:56.806+0000] {processor.py:161} INFO - Started process (PID=68861) to work on /opt/airflow/dags/load_orders_to_postgres_dag.py
[2025-04-22T04:14:56.808+0000] {processor.py:830} INFO - Processing file /opt/airflow/dags/load_orders_to_postgres_dag.py for tasks to queue
[2025-04-22T04:14:56.810+0000] {logging_mixin.py:188} INFO - [2025-04-22T04:14:56.809+0000] {dagbag.py:538} INFO - Filling up the DagBag from /opt/airflow/dags/load_orders_to_postgres_dag.py
[2025-04-22T04:14:57.539+0000] {processor.py:840} INFO - DAG(s) 'load_orders_to_postgres_dag' retrieved from /opt/airflow/dags/load_orders_to_postgres_dag.py
[2025-04-22T04:14:57.564+0000] {logging_mixin.py:188} INFO - [2025-04-22T04:14:57.564+0000] {dag.py:3036} INFO - Sync 1 DAGs
[2025-04-22T04:14:57.580+0000] {logging_mixin.py:188} INFO - [2025-04-22T04:14:57.580+0000] {dag.py:3823} INFO - Setting next_dagrun for load_orders_to_postgres_dag to None, run_after=None
[2025-04-22T04:14:57.630+0000] {processor.py:183} INFO - Processing /opt/airflow/dags/load_orders_to_postgres_dag.py took 0.831 seconds
[2025-04-22T04:15:28.240+0000] {processor.py:161} INFO - Started process (PID=68904) to work on /opt/airflow/dags/load_orders_to_postgres_dag.py
[2025-04-22T04:15:28.242+0000] {processor.py:830} INFO - Processing file /opt/airflow/dags/load_orders_to_postgres_dag.py for tasks to queue
[2025-04-22T04:15:28.244+0000] {logging_mixin.py:188} INFO - [2025-04-22T04:15:28.243+0000] {dagbag.py:538} INFO - Filling up the DagBag from /opt/airflow/dags/load_orders_to_postgres_dag.py
[2025-04-22T04:15:29.202+0000] {processor.py:840} INFO - DAG(s) 'load_orders_to_postgres_dag' retrieved from /opt/airflow/dags/load_orders_to_postgres_dag.py
[2025-04-22T04:15:29.251+0000] {logging_mixin.py:188} INFO - [2025-04-22T04:15:29.250+0000] {dag.py:3036} INFO - Sync 1 DAGs
[2025-04-22T04:15:29.303+0000] {logging_mixin.py:188} INFO - [2025-04-22T04:15:29.302+0000] {dag.py:3823} INFO - Setting next_dagrun for load_orders_to_postgres_dag to None, run_after=None
[2025-04-22T04:15:29.359+0000] {processor.py:183} INFO - Processing /opt/airflow/dags/load_orders_to_postgres_dag.py took 1.123 seconds
[2025-04-22T04:15:59.558+0000] {processor.py:161} INFO - Started process (PID=68947) to work on /opt/airflow/dags/load_orders_to_postgres_dag.py
[2025-04-22T04:15:59.561+0000] {processor.py:830} INFO - Processing file /opt/airflow/dags/load_orders_to_postgres_dag.py for tasks to queue
[2025-04-22T04:15:59.563+0000] {logging_mixin.py:188} INFO - [2025-04-22T04:15:59.562+0000] {dagbag.py:538} INFO - Filling up the DagBag from /opt/airflow/dags/load_orders_to_postgres_dag.py
[2025-04-22T04:16:00.297+0000] {processor.py:840} INFO - DAG(s) 'load_orders_to_postgres_dag' retrieved from /opt/airflow/dags/load_orders_to_postgres_dag.py
[2025-04-22T04:16:00.331+0000] {logging_mixin.py:188} INFO - [2025-04-22T04:16:00.330+0000] {dag.py:3036} INFO - Sync 1 DAGs
[2025-04-22T04:16:00.352+0000] {logging_mixin.py:188} INFO - [2025-04-22T04:16:00.351+0000] {dag.py:3823} INFO - Setting next_dagrun for load_orders_to_postgres_dag to None, run_after=None
[2025-04-22T04:16:00.423+0000] {processor.py:183} INFO - Processing /opt/airflow/dags/load_orders_to_postgres_dag.py took 0.871 seconds
[2025-04-22T04:16:30.919+0000] {processor.py:161} INFO - Started process (PID=68990) to work on /opt/airflow/dags/load_orders_to_postgres_dag.py
[2025-04-22T04:16:30.921+0000] {processor.py:830} INFO - Processing file /opt/airflow/dags/load_orders_to_postgres_dag.py for tasks to queue
[2025-04-22T04:16:30.922+0000] {logging_mixin.py:188} INFO - [2025-04-22T04:16:30.921+0000] {dagbag.py:538} INFO - Filling up the DagBag from /opt/airflow/dags/load_orders_to_postgres_dag.py
[2025-04-22T04:16:31.674+0000] {processor.py:840} INFO - DAG(s) 'load_orders_to_postgres_dag' retrieved from /opt/airflow/dags/load_orders_to_postgres_dag.py
[2025-04-22T04:16:31.712+0000] {logging_mixin.py:188} INFO - [2025-04-22T04:16:31.711+0000] {dag.py:3036} INFO - Sync 1 DAGs
[2025-04-22T04:16:31.738+0000] {logging_mixin.py:188} INFO - [2025-04-22T04:16:31.737+0000] {dag.py:3823} INFO - Setting next_dagrun for load_orders_to_postgres_dag to None, run_after=None
[2025-04-22T04:16:31.793+0000] {processor.py:183} INFO - Processing /opt/airflow/dags/load_orders_to_postgres_dag.py took 0.879 seconds
[2025-04-22T04:17:02.004+0000] {processor.py:161} INFO - Started process (PID=69031) to work on /opt/airflow/dags/load_orders_to_postgres_dag.py
[2025-04-22T04:17:02.006+0000] {processor.py:830} INFO - Processing file /opt/airflow/dags/load_orders_to_postgres_dag.py for tasks to queue
[2025-04-22T04:17:02.008+0000] {logging_mixin.py:188} INFO - [2025-04-22T04:17:02.007+0000] {dagbag.py:538} INFO - Filling up the DagBag from /opt/airflow/dags/load_orders_to_postgres_dag.py
[2025-04-22T04:17:02.955+0000] {processor.py:840} INFO - DAG(s) 'load_orders_to_postgres_dag' retrieved from /opt/airflow/dags/load_orders_to_postgres_dag.py
[2025-04-22T04:17:02.990+0000] {logging_mixin.py:188} INFO - [2025-04-22T04:17:02.990+0000] {dag.py:3036} INFO - Sync 1 DAGs
[2025-04-22T04:17:03.011+0000] {logging_mixin.py:188} INFO - [2025-04-22T04:17:03.011+0000] {dag.py:3823} INFO - Setting next_dagrun for load_orders_to_postgres_dag to None, run_after=None
[2025-04-22T04:17:03.053+0000] {processor.py:183} INFO - Processing /opt/airflow/dags/load_orders_to_postgres_dag.py took 1.055 seconds
[2025-04-22T04:17:33.391+0000] {processor.py:161} INFO - Started process (PID=69074) to work on /opt/airflow/dags/load_orders_to_postgres_dag.py
[2025-04-22T04:17:33.393+0000] {processor.py:830} INFO - Processing file /opt/airflow/dags/load_orders_to_postgres_dag.py for tasks to queue
[2025-04-22T04:17:33.395+0000] {logging_mixin.py:188} INFO - [2025-04-22T04:17:33.395+0000] {dagbag.py:538} INFO - Filling up the DagBag from /opt/airflow/dags/load_orders_to_postgres_dag.py
[2025-04-22T04:17:34.215+0000] {processor.py:840} INFO - DAG(s) 'load_orders_to_postgres_dag' retrieved from /opt/airflow/dags/load_orders_to_postgres_dag.py
[2025-04-22T04:17:34.260+0000] {logging_mixin.py:188} INFO - [2025-04-22T04:17:34.259+0000] {dag.py:3036} INFO - Sync 1 DAGs
[2025-04-22T04:17:34.284+0000] {logging_mixin.py:188} INFO - [2025-04-22T04:17:34.284+0000] {dag.py:3823} INFO - Setting next_dagrun for load_orders_to_postgres_dag to None, run_after=None
[2025-04-22T04:17:34.338+0000] {processor.py:183} INFO - Processing /opt/airflow/dags/load_orders_to_postgres_dag.py took 0.952 seconds
[2025-04-22T04:18:04.510+0000] {processor.py:161} INFO - Started process (PID=69117) to work on /opt/airflow/dags/load_orders_to_postgres_dag.py
[2025-04-22T04:18:04.512+0000] {processor.py:830} INFO - Processing file /opt/airflow/dags/load_orders_to_postgres_dag.py for tasks to queue
[2025-04-22T04:18:04.516+0000] {logging_mixin.py:188} INFO - [2025-04-22T04:18:04.515+0000] {dagbag.py:538} INFO - Filling up the DagBag from /opt/airflow/dags/load_orders_to_postgres_dag.py
[2025-04-22T04:18:05.688+0000] {processor.py:840} INFO - DAG(s) 'load_orders_to_postgres_dag' retrieved from /opt/airflow/dags/load_orders_to_postgres_dag.py
[2025-04-22T04:18:05.764+0000] {logging_mixin.py:188} INFO - [2025-04-22T04:18:05.762+0000] {dag.py:3036} INFO - Sync 1 DAGs
[2025-04-22T04:18:05.802+0000] {logging_mixin.py:188} INFO - [2025-04-22T04:18:05.802+0000] {dag.py:3823} INFO - Setting next_dagrun for load_orders_to_postgres_dag to None, run_after=None
[2025-04-22T04:18:05.874+0000] {processor.py:183} INFO - Processing /opt/airflow/dags/load_orders_to_postgres_dag.py took 1.369 seconds
[2025-04-22T04:18:36.454+0000] {processor.py:161} INFO - Started process (PID=69160) to work on /opt/airflow/dags/load_orders_to_postgres_dag.py
[2025-04-22T04:18:36.457+0000] {processor.py:830} INFO - Processing file /opt/airflow/dags/load_orders_to_postgres_dag.py for tasks to queue
[2025-04-22T04:18:36.458+0000] {logging_mixin.py:188} INFO - [2025-04-22T04:18:36.457+0000] {dagbag.py:538} INFO - Filling up the DagBag from /opt/airflow/dags/load_orders_to_postgres_dag.py
[2025-04-22T04:18:37.216+0000] {processor.py:840} INFO - DAG(s) 'load_orders_to_postgres_dag' retrieved from /opt/airflow/dags/load_orders_to_postgres_dag.py
[2025-04-22T04:18:37.246+0000] {logging_mixin.py:188} INFO - [2025-04-22T04:18:37.246+0000] {dag.py:3036} INFO - Sync 1 DAGs
[2025-04-22T04:18:37.261+0000] {logging_mixin.py:188} INFO - [2025-04-22T04:18:37.261+0000] {dag.py:3823} INFO - Setting next_dagrun for load_orders_to_postgres_dag to None, run_after=None
[2025-04-22T04:18:37.286+0000] {processor.py:183} INFO - Processing /opt/airflow/dags/load_orders_to_postgres_dag.py took 0.836 seconds
[2025-04-22T04:19:07.731+0000] {processor.py:161} INFO - Started process (PID=69203) to work on /opt/airflow/dags/load_orders_to_postgres_dag.py
[2025-04-22T04:19:07.733+0000] {processor.py:830} INFO - Processing file /opt/airflow/dags/load_orders_to_postgres_dag.py for tasks to queue
[2025-04-22T04:19:07.735+0000] {logging_mixin.py:188} INFO - [2025-04-22T04:19:07.734+0000] {dagbag.py:538} INFO - Filling up the DagBag from /opt/airflow/dags/load_orders_to_postgres_dag.py
[2025-04-22T04:19:08.367+0000] {processor.py:840} INFO - DAG(s) 'load_orders_to_postgres_dag' retrieved from /opt/airflow/dags/load_orders_to_postgres_dag.py
[2025-04-22T04:19:08.400+0000] {logging_mixin.py:188} INFO - [2025-04-22T04:19:08.400+0000] {dag.py:3036} INFO - Sync 1 DAGs
[2025-04-22T04:19:08.415+0000] {logging_mixin.py:188} INFO - [2025-04-22T04:19:08.415+0000] {dag.py:3823} INFO - Setting next_dagrun for load_orders_to_postgres_dag to None, run_after=None
[2025-04-22T04:19:08.453+0000] {processor.py:183} INFO - Processing /opt/airflow/dags/load_orders_to_postgres_dag.py took 0.726 seconds
[2025-04-22T04:19:38.697+0000] {processor.py:161} INFO - Started process (PID=69242) to work on /opt/airflow/dags/load_orders_to_postgres_dag.py
[2025-04-22T04:19:38.700+0000] {processor.py:830} INFO - Processing file /opt/airflow/dags/load_orders_to_postgres_dag.py for tasks to queue
[2025-04-22T04:19:38.702+0000] {logging_mixin.py:188} INFO - [2025-04-22T04:19:38.701+0000] {dagbag.py:538} INFO - Filling up the DagBag from /opt/airflow/dags/load_orders_to_postgres_dag.py
[2025-04-22T04:19:39.673+0000] {processor.py:840} INFO - DAG(s) 'load_orders_to_postgres_dag' retrieved from /opt/airflow/dags/load_orders_to_postgres_dag.py
[2025-04-22T04:19:39.765+0000] {logging_mixin.py:188} INFO - [2025-04-22T04:19:39.764+0000] {dag.py:3036} INFO - Sync 1 DAGs
[2025-04-22T04:19:39.794+0000] {logging_mixin.py:188} INFO - [2025-04-22T04:19:39.794+0000] {dag.py:3823} INFO - Setting next_dagrun for load_orders_to_postgres_dag to None, run_after=None
[2025-04-22T04:19:39.854+0000] {processor.py:183} INFO - Processing /opt/airflow/dags/load_orders_to_postgres_dag.py took 1.168 seconds
[2025-04-22T04:20:10.758+0000] {processor.py:161} INFO - Started process (PID=69285) to work on /opt/airflow/dags/load_orders_to_postgres_dag.py
[2025-04-22T04:20:10.760+0000] {processor.py:830} INFO - Processing file /opt/airflow/dags/load_orders_to_postgres_dag.py for tasks to queue
[2025-04-22T04:20:10.764+0000] {logging_mixin.py:188} INFO - [2025-04-22T04:20:10.762+0000] {dagbag.py:538} INFO - Filling up the DagBag from /opt/airflow/dags/load_orders_to_postgres_dag.py
[2025-04-22T04:20:11.519+0000] {processor.py:840} INFO - DAG(s) 'load_orders_to_postgres_dag' retrieved from /opt/airflow/dags/load_orders_to_postgres_dag.py
[2025-04-22T04:20:11.553+0000] {logging_mixin.py:188} INFO - [2025-04-22T04:20:11.553+0000] {dag.py:3036} INFO - Sync 1 DAGs
[2025-04-22T04:20:11.570+0000] {logging_mixin.py:188} INFO - [2025-04-22T04:20:11.569+0000] {dag.py:3823} INFO - Setting next_dagrun for load_orders_to_postgres_dag to None, run_after=None
[2025-04-22T04:20:11.597+0000] {processor.py:183} INFO - Processing /opt/airflow/dags/load_orders_to_postgres_dag.py took 0.856 seconds
[2025-04-22T04:20:42.053+0000] {processor.py:161} INFO - Started process (PID=69328) to work on /opt/airflow/dags/load_orders_to_postgres_dag.py
[2025-04-22T04:20:42.056+0000] {processor.py:830} INFO - Processing file /opt/airflow/dags/load_orders_to_postgres_dag.py for tasks to queue
[2025-04-22T04:20:42.062+0000] {logging_mixin.py:188} INFO - [2025-04-22T04:20:42.061+0000] {dagbag.py:538} INFO - Filling up the DagBag from /opt/airflow/dags/load_orders_to_postgres_dag.py
[2025-04-22T04:20:43.006+0000] {processor.py:840} INFO - DAG(s) 'load_orders_to_postgres_dag' retrieved from /opt/airflow/dags/load_orders_to_postgres_dag.py
[2025-04-22T04:20:43.044+0000] {logging_mixin.py:188} INFO - [2025-04-22T04:20:43.044+0000] {dag.py:3036} INFO - Sync 1 DAGs
[2025-04-22T04:20:43.062+0000] {logging_mixin.py:188} INFO - [2025-04-22T04:20:43.062+0000] {dag.py:3823} INFO - Setting next_dagrun for load_orders_to_postgres_dag to None, run_after=None
[2025-04-22T04:20:43.097+0000] {processor.py:183} INFO - Processing /opt/airflow/dags/load_orders_to_postgres_dag.py took 1.051 seconds
[2025-04-22T04:21:13.952+0000] {processor.py:161} INFO - Started process (PID=69371) to work on /opt/airflow/dags/load_orders_to_postgres_dag.py
[2025-04-22T04:21:13.956+0000] {processor.py:830} INFO - Processing file /opt/airflow/dags/load_orders_to_postgres_dag.py for tasks to queue
[2025-04-22T04:21:13.959+0000] {logging_mixin.py:188} INFO - [2025-04-22T04:21:13.958+0000] {dagbag.py:538} INFO - Filling up the DagBag from /opt/airflow/dags/load_orders_to_postgres_dag.py
[2025-04-22T04:21:14.937+0000] {processor.py:840} INFO - DAG(s) 'load_orders_to_postgres_dag' retrieved from /opt/airflow/dags/load_orders_to_postgres_dag.py
[2025-04-22T04:21:15.000+0000] {logging_mixin.py:188} INFO - [2025-04-22T04:21:14.999+0000] {dag.py:3036} INFO - Sync 1 DAGs
[2025-04-22T04:21:15.028+0000] {logging_mixin.py:188} INFO - [2025-04-22T04:21:15.028+0000] {dag.py:3823} INFO - Setting next_dagrun for load_orders_to_postgres_dag to None, run_after=None
[2025-04-22T04:21:15.088+0000] {processor.py:183} INFO - Processing /opt/airflow/dags/load_orders_to_postgres_dag.py took 1.143 seconds
[2025-04-22T04:21:45.775+0000] {processor.py:161} INFO - Started process (PID=69419) to work on /opt/airflow/dags/load_orders_to_postgres_dag.py
[2025-04-22T04:21:45.778+0000] {processor.py:830} INFO - Processing file /opt/airflow/dags/load_orders_to_postgres_dag.py for tasks to queue
[2025-04-22T04:21:45.794+0000] {logging_mixin.py:188} INFO - [2025-04-22T04:21:45.793+0000] {dagbag.py:538} INFO - Filling up the DagBag from /opt/airflow/dags/load_orders_to_postgres_dag.py
[2025-04-22T04:21:46.652+0000] {processor.py:840} INFO - DAG(s) 'load_orders_to_postgres_dag' retrieved from /opt/airflow/dags/load_orders_to_postgres_dag.py
[2025-04-22T04:21:46.684+0000] {logging_mixin.py:188} INFO - [2025-04-22T04:21:46.683+0000] {dag.py:3036} INFO - Sync 1 DAGs
[2025-04-22T04:21:46.707+0000] {logging_mixin.py:188} INFO - [2025-04-22T04:21:46.706+0000] {dag.py:3823} INFO - Setting next_dagrun for load_orders_to_postgres_dag to None, run_after=None
[2025-04-22T04:21:46.735+0000] {processor.py:183} INFO - Processing /opt/airflow/dags/load_orders_to_postgres_dag.py took 0.968 seconds
[2025-04-22T04:22:17.253+0000] {processor.py:161} INFO - Started process (PID=69462) to work on /opt/airflow/dags/load_orders_to_postgres_dag.py
[2025-04-22T04:22:17.255+0000] {processor.py:830} INFO - Processing file /opt/airflow/dags/load_orders_to_postgres_dag.py for tasks to queue
[2025-04-22T04:22:17.256+0000] {logging_mixin.py:188} INFO - [2025-04-22T04:22:17.256+0000] {dagbag.py:538} INFO - Filling up the DagBag from /opt/airflow/dags/load_orders_to_postgres_dag.py
[2025-04-22T04:22:18.034+0000] {processor.py:840} INFO - DAG(s) 'load_orders_to_postgres_dag' retrieved from /opt/airflow/dags/load_orders_to_postgres_dag.py
[2025-04-22T04:22:18.070+0000] {logging_mixin.py:188} INFO - [2025-04-22T04:22:18.070+0000] {dag.py:3036} INFO - Sync 1 DAGs
[2025-04-22T04:22:18.086+0000] {logging_mixin.py:188} INFO - [2025-04-22T04:22:18.086+0000] {dag.py:3823} INFO - Setting next_dagrun for load_orders_to_postgres_dag to None, run_after=None
[2025-04-22T04:22:18.124+0000] {processor.py:183} INFO - Processing /opt/airflow/dags/load_orders_to_postgres_dag.py took 0.876 seconds
[2025-04-22T04:22:48.650+0000] {processor.py:161} INFO - Started process (PID=69505) to work on /opt/airflow/dags/load_orders_to_postgres_dag.py
[2025-04-22T04:22:48.654+0000] {processor.py:830} INFO - Processing file /opt/airflow/dags/load_orders_to_postgres_dag.py for tasks to queue
[2025-04-22T04:22:48.656+0000] {logging_mixin.py:188} INFO - [2025-04-22T04:22:48.656+0000] {dagbag.py:538} INFO - Filling up the DagBag from /opt/airflow/dags/load_orders_to_postgres_dag.py
[2025-04-22T04:22:49.665+0000] {processor.py:840} INFO - DAG(s) 'load_orders_to_postgres_dag' retrieved from /opt/airflow/dags/load_orders_to_postgres_dag.py
[2025-04-22T04:22:49.724+0000] {logging_mixin.py:188} INFO - [2025-04-22T04:22:49.723+0000] {dag.py:3036} INFO - Sync 1 DAGs
[2025-04-22T04:22:49.748+0000] {logging_mixin.py:188} INFO - [2025-04-22T04:22:49.748+0000] {dag.py:3823} INFO - Setting next_dagrun for load_orders_to_postgres_dag to None, run_after=None
[2025-04-22T04:22:49.799+0000] {processor.py:183} INFO - Processing /opt/airflow/dags/load_orders_to_postgres_dag.py took 1.154 seconds
[2025-04-22T04:23:20.869+0000] {processor.py:161} INFO - Started process (PID=69548) to work on /opt/airflow/dags/load_orders_to_postgres_dag.py
[2025-04-22T04:23:20.871+0000] {processor.py:830} INFO - Processing file /opt/airflow/dags/load_orders_to_postgres_dag.py for tasks to queue
[2025-04-22T04:23:20.872+0000] {logging_mixin.py:188} INFO - [2025-04-22T04:23:20.872+0000] {dagbag.py:538} INFO - Filling up the DagBag from /opt/airflow/dags/load_orders_to_postgres_dag.py
[2025-04-22T04:23:21.635+0000] {processor.py:840} INFO - DAG(s) 'load_orders_to_postgres_dag' retrieved from /opt/airflow/dags/load_orders_to_postgres_dag.py
[2025-04-22T04:23:21.667+0000] {logging_mixin.py:188} INFO - [2025-04-22T04:23:21.666+0000] {dag.py:3036} INFO - Sync 1 DAGs
[2025-04-22T04:23:21.682+0000] {logging_mixin.py:188} INFO - [2025-04-22T04:23:21.682+0000] {dag.py:3823} INFO - Setting next_dagrun for load_orders_to_postgres_dag to None, run_after=None
[2025-04-22T04:23:21.706+0000] {processor.py:183} INFO - Processing /opt/airflow/dags/load_orders_to_postgres_dag.py took 0.843 seconds
[2025-04-22T04:23:52.024+0000] {processor.py:161} INFO - Started process (PID=69591) to work on /opt/airflow/dags/load_orders_to_postgres_dag.py
[2025-04-22T04:23:52.026+0000] {processor.py:830} INFO - Processing file /opt/airflow/dags/load_orders_to_postgres_dag.py for tasks to queue
[2025-04-22T04:23:52.028+0000] {logging_mixin.py:188} INFO - [2025-04-22T04:23:52.027+0000] {dagbag.py:538} INFO - Filling up the DagBag from /opt/airflow/dags/load_orders_to_postgres_dag.py
[2025-04-22T04:23:53.051+0000] {processor.py:840} INFO - DAG(s) 'load_orders_to_postgres_dag' retrieved from /opt/airflow/dags/load_orders_to_postgres_dag.py
[2025-04-22T04:23:53.099+0000] {logging_mixin.py:188} INFO - [2025-04-22T04:23:53.095+0000] {dag.py:3036} INFO - Sync 1 DAGs
[2025-04-22T04:23:53.139+0000] {logging_mixin.py:188} INFO - [2025-04-22T04:23:53.139+0000] {dag.py:3823} INFO - Setting next_dagrun for load_orders_to_postgres_dag to None, run_after=None
[2025-04-22T04:23:53.203+0000] {processor.py:183} INFO - Processing /opt/airflow/dags/load_orders_to_postgres_dag.py took 1.185 seconds
[2025-04-22T04:24:23.877+0000] {processor.py:161} INFO - Started process (PID=69634) to work on /opt/airflow/dags/load_orders_to_postgres_dag.py
[2025-04-22T04:24:23.881+0000] {processor.py:830} INFO - Processing file /opt/airflow/dags/load_orders_to_postgres_dag.py for tasks to queue
[2025-04-22T04:24:23.887+0000] {logging_mixin.py:188} INFO - [2025-04-22T04:24:23.885+0000] {dagbag.py:538} INFO - Filling up the DagBag from /opt/airflow/dags/load_orders_to_postgres_dag.py
[2025-04-22T04:24:24.894+0000] {processor.py:840} INFO - DAG(s) 'load_orders_to_postgres_dag' retrieved from /opt/airflow/dags/load_orders_to_postgres_dag.py
[2025-04-22T04:24:24.933+0000] {logging_mixin.py:188} INFO - [2025-04-22T04:24:24.932+0000] {dag.py:3036} INFO - Sync 1 DAGs
[2025-04-22T04:24:24.959+0000] {logging_mixin.py:188} INFO - [2025-04-22T04:24:24.959+0000] {dag.py:3823} INFO - Setting next_dagrun for load_orders_to_postgres_dag to None, run_after=None
[2025-04-22T04:24:25.024+0000] {processor.py:183} INFO - Processing /opt/airflow/dags/load_orders_to_postgres_dag.py took 1.159 seconds
[2025-04-22T04:24:55.666+0000] {processor.py:161} INFO - Started process (PID=69677) to work on /opt/airflow/dags/load_orders_to_postgres_dag.py
[2025-04-22T04:24:55.667+0000] {processor.py:830} INFO - Processing file /opt/airflow/dags/load_orders_to_postgres_dag.py for tasks to queue
[2025-04-22T04:24:55.669+0000] {logging_mixin.py:188} INFO - [2025-04-22T04:24:55.668+0000] {dagbag.py:538} INFO - Filling up the DagBag from /opt/airflow/dags/load_orders_to_postgres_dag.py
[2025-04-22T04:24:56.666+0000] {processor.py:840} INFO - DAG(s) 'load_orders_to_postgres_dag' retrieved from /opt/airflow/dags/load_orders_to_postgres_dag.py
[2025-04-22T04:24:56.721+0000] {logging_mixin.py:188} INFO - [2025-04-22T04:24:56.721+0000] {dag.py:3036} INFO - Sync 1 DAGs
[2025-04-22T04:24:56.739+0000] {logging_mixin.py:188} INFO - [2025-04-22T04:24:56.738+0000] {dag.py:3823} INFO - Setting next_dagrun for load_orders_to_postgres_dag to None, run_after=None
[2025-04-22T04:24:56.783+0000] {processor.py:183} INFO - Processing /opt/airflow/dags/load_orders_to_postgres_dag.py took 1.123 seconds
[2025-04-22T04:25:27.630+0000] {processor.py:161} INFO - Started process (PID=69720) to work on /opt/airflow/dags/load_orders_to_postgres_dag.py
[2025-04-22T04:25:27.632+0000] {processor.py:830} INFO - Processing file /opt/airflow/dags/load_orders_to_postgres_dag.py for tasks to queue
[2025-04-22T04:25:27.634+0000] {logging_mixin.py:188} INFO - [2025-04-22T04:25:27.634+0000] {dagbag.py:538} INFO - Filling up the DagBag from /opt/airflow/dags/load_orders_to_postgres_dag.py
[2025-04-22T04:25:28.481+0000] {processor.py:840} INFO - DAG(s) 'load_orders_to_postgres_dag' retrieved from /opt/airflow/dags/load_orders_to_postgres_dag.py
[2025-04-22T04:25:28.525+0000] {logging_mixin.py:188} INFO - [2025-04-22T04:25:28.525+0000] {dag.py:3036} INFO - Sync 1 DAGs
[2025-04-22T04:25:28.551+0000] {logging_mixin.py:188} INFO - [2025-04-22T04:25:28.550+0000] {dag.py:3823} INFO - Setting next_dagrun for load_orders_to_postgres_dag to None, run_after=None
[2025-04-22T04:25:28.595+0000] {processor.py:183} INFO - Processing /opt/airflow/dags/load_orders_to_postgres_dag.py took 0.970 seconds
[2025-04-22T04:25:59.374+0000] {processor.py:161} INFO - Started process (PID=69763) to work on /opt/airflow/dags/load_orders_to_postgres_dag.py
[2025-04-22T04:25:59.391+0000] {processor.py:830} INFO - Processing file /opt/airflow/dags/load_orders_to_postgres_dag.py for tasks to queue
[2025-04-22T04:25:59.402+0000] {logging_mixin.py:188} INFO - [2025-04-22T04:25:59.402+0000] {dagbag.py:538} INFO - Filling up the DagBag from /opt/airflow/dags/load_orders_to_postgres_dag.py
[2025-04-22T04:26:00.917+0000] {processor.py:840} INFO - DAG(s) 'load_orders_to_postgres_dag' retrieved from /opt/airflow/dags/load_orders_to_postgres_dag.py
[2025-04-22T04:26:00.949+0000] {logging_mixin.py:188} INFO - [2025-04-22T04:26:00.948+0000] {dag.py:3036} INFO - Sync 1 DAGs
[2025-04-22T04:26:00.964+0000] {logging_mixin.py:188} INFO - [2025-04-22T04:26:00.964+0000] {dag.py:3823} INFO - Setting next_dagrun for load_orders_to_postgres_dag to None, run_after=None
[2025-04-22T04:26:00.995+0000] {processor.py:183} INFO - Processing /opt/airflow/dags/load_orders_to_postgres_dag.py took 1.625 seconds
[2025-04-22T04:26:31.823+0000] {processor.py:161} INFO - Started process (PID=69806) to work on /opt/airflow/dags/load_orders_to_postgres_dag.py
[2025-04-22T04:26:31.825+0000] {processor.py:830} INFO - Processing file /opt/airflow/dags/load_orders_to_postgres_dag.py for tasks to queue
[2025-04-22T04:26:31.826+0000] {logging_mixin.py:188} INFO - [2025-04-22T04:26:31.826+0000] {dagbag.py:538} INFO - Filling up the DagBag from /opt/airflow/dags/load_orders_to_postgres_dag.py
[2025-04-22T04:26:32.868+0000] {processor.py:840} INFO - DAG(s) 'load_orders_to_postgres_dag' retrieved from /opt/airflow/dags/load_orders_to_postgres_dag.py
[2025-04-22T04:26:32.920+0000] {logging_mixin.py:188} INFO - [2025-04-22T04:26:32.919+0000] {dag.py:3036} INFO - Sync 1 DAGs
[2025-04-22T04:26:32.940+0000] {logging_mixin.py:188} INFO - [2025-04-22T04:26:32.939+0000] {dag.py:3823} INFO - Setting next_dagrun for load_orders_to_postgres_dag to None, run_after=None
[2025-04-22T04:26:32.999+0000] {processor.py:183} INFO - Processing /opt/airflow/dags/load_orders_to_postgres_dag.py took 1.181 seconds
[2025-04-22T04:27:03.517+0000] {processor.py:161} INFO - Started process (PID=69849) to work on /opt/airflow/dags/load_orders_to_postgres_dag.py
[2025-04-22T04:27:03.519+0000] {processor.py:830} INFO - Processing file /opt/airflow/dags/load_orders_to_postgres_dag.py for tasks to queue
[2025-04-22T04:27:03.521+0000] {logging_mixin.py:188} INFO - [2025-04-22T04:27:03.520+0000] {dagbag.py:538} INFO - Filling up the DagBag from /opt/airflow/dags/load_orders_to_postgres_dag.py
[2025-04-22T04:27:04.432+0000] {processor.py:840} INFO - DAG(s) 'load_orders_to_postgres_dag' retrieved from /opt/airflow/dags/load_orders_to_postgres_dag.py
[2025-04-22T04:27:04.480+0000] {logging_mixin.py:188} INFO - [2025-04-22T04:27:04.479+0000] {dag.py:3036} INFO - Sync 1 DAGs
[2025-04-22T04:27:04.502+0000] {logging_mixin.py:188} INFO - [2025-04-22T04:27:04.502+0000] {dag.py:3823} INFO - Setting next_dagrun for load_orders_to_postgres_dag to None, run_after=None
[2025-04-22T04:27:04.559+0000] {processor.py:183} INFO - Processing /opt/airflow/dags/load_orders_to_postgres_dag.py took 1.048 seconds
[2025-04-22T04:27:35.433+0000] {processor.py:161} INFO - Started process (PID=69892) to work on /opt/airflow/dags/load_orders_to_postgres_dag.py
[2025-04-22T04:27:35.436+0000] {processor.py:830} INFO - Processing file /opt/airflow/dags/load_orders_to_postgres_dag.py for tasks to queue
[2025-04-22T04:27:35.443+0000] {logging_mixin.py:188} INFO - [2025-04-22T04:27:35.442+0000] {dagbag.py:538} INFO - Filling up the DagBag from /opt/airflow/dags/load_orders_to_postgres_dag.py
[2025-04-22T04:27:36.196+0000] {processor.py:840} INFO - DAG(s) 'load_orders_to_postgres_dag' retrieved from /opt/airflow/dags/load_orders_to_postgres_dag.py
[2025-04-22T04:27:36.232+0000] {logging_mixin.py:188} INFO - [2025-04-22T04:27:36.231+0000] {dag.py:3036} INFO - Sync 1 DAGs
[2025-04-22T04:27:36.255+0000] {logging_mixin.py:188} INFO - [2025-04-22T04:27:36.254+0000] {dag.py:3823} INFO - Setting next_dagrun for load_orders_to_postgres_dag to None, run_after=None
[2025-04-22T04:27:36.289+0000] {processor.py:183} INFO - Processing /opt/airflow/dags/load_orders_to_postgres_dag.py took 0.863 seconds
[2025-04-22T04:28:06.364+0000] {processor.py:161} INFO - Started process (PID=69935) to work on /opt/airflow/dags/load_orders_to_postgres_dag.py
[2025-04-22T04:28:06.367+0000] {processor.py:830} INFO - Processing file /opt/airflow/dags/load_orders_to_postgres_dag.py for tasks to queue
[2025-04-22T04:28:06.368+0000] {logging_mixin.py:188} INFO - [2025-04-22T04:28:06.368+0000] {dagbag.py:538} INFO - Filling up the DagBag from /opt/airflow/dags/load_orders_to_postgres_dag.py
[2025-04-22T04:28:07.133+0000] {processor.py:840} INFO - DAG(s) 'load_orders_to_postgres_dag' retrieved from /opt/airflow/dags/load_orders_to_postgres_dag.py
[2025-04-22T04:28:07.168+0000] {logging_mixin.py:188} INFO - [2025-04-22T04:28:07.167+0000] {dag.py:3036} INFO - Sync 1 DAGs
[2025-04-22T04:28:07.181+0000] {logging_mixin.py:188} INFO - [2025-04-22T04:28:07.181+0000] {dag.py:3823} INFO - Setting next_dagrun for load_orders_to_postgres_dag to None, run_after=None
[2025-04-22T04:28:07.208+0000] {processor.py:183} INFO - Processing /opt/airflow/dags/load_orders_to_postgres_dag.py took 0.848 seconds
[2025-04-22T04:28:37.632+0000] {processor.py:161} INFO - Started process (PID=69978) to work on /opt/airflow/dags/load_orders_to_postgres_dag.py
[2025-04-22T04:28:37.634+0000] {processor.py:830} INFO - Processing file /opt/airflow/dags/load_orders_to_postgres_dag.py for tasks to queue
[2025-04-22T04:28:37.636+0000] {logging_mixin.py:188} INFO - [2025-04-22T04:28:37.636+0000] {dagbag.py:538} INFO - Filling up the DagBag from /opt/airflow/dags/load_orders_to_postgres_dag.py
[2025-04-22T04:28:38.305+0000] {processor.py:840} INFO - DAG(s) 'load_orders_to_postgres_dag' retrieved from /opt/airflow/dags/load_orders_to_postgres_dag.py
[2025-04-22T04:28:38.331+0000] {logging_mixin.py:188} INFO - [2025-04-22T04:28:38.330+0000] {dag.py:3036} INFO - Sync 1 DAGs
[2025-04-22T04:28:38.344+0000] {logging_mixin.py:188} INFO - [2025-04-22T04:28:38.344+0000] {dag.py:3823} INFO - Setting next_dagrun for load_orders_to_postgres_dag to None, run_after=None
[2025-04-22T04:28:38.369+0000] {processor.py:183} INFO - Processing /opt/airflow/dags/load_orders_to_postgres_dag.py took 0.743 seconds
[2025-04-22T04:29:09.108+0000] {processor.py:161} INFO - Started process (PID=70021) to work on /opt/airflow/dags/load_orders_to_postgres_dag.py
[2025-04-22T04:29:09.118+0000] {processor.py:830} INFO - Processing file /opt/airflow/dags/load_orders_to_postgres_dag.py for tasks to queue
[2025-04-22T04:29:09.122+0000] {logging_mixin.py:188} INFO - [2025-04-22T04:29:09.121+0000] {dagbag.py:538} INFO - Filling up the DagBag from /opt/airflow/dags/load_orders_to_postgres_dag.py
[2025-04-22T04:29:09.937+0000] {processor.py:840} INFO - DAG(s) 'load_orders_to_postgres_dag' retrieved from /opt/airflow/dags/load_orders_to_postgres_dag.py
[2025-04-22T04:29:09.999+0000] {logging_mixin.py:188} INFO - [2025-04-22T04:29:09.998+0000] {dag.py:3036} INFO - Sync 1 DAGs
[2025-04-22T04:29:10.024+0000] {logging_mixin.py:188} INFO - [2025-04-22T04:29:10.024+0000] {dag.py:3823} INFO - Setting next_dagrun for load_orders_to_postgres_dag to None, run_after=None
[2025-04-22T04:29:10.099+0000] {processor.py:183} INFO - Processing /opt/airflow/dags/load_orders_to_postgres_dag.py took 0.998 seconds
[2025-04-22T04:29:40.944+0000] {processor.py:161} INFO - Started process (PID=70064) to work on /opt/airflow/dags/load_orders_to_postgres_dag.py
[2025-04-22T04:29:40.946+0000] {processor.py:830} INFO - Processing file /opt/airflow/dags/load_orders_to_postgres_dag.py for tasks to queue
[2025-04-22T04:29:40.948+0000] {logging_mixin.py:188} INFO - [2025-04-22T04:29:40.948+0000] {dagbag.py:538} INFO - Filling up the DagBag from /opt/airflow/dags/load_orders_to_postgres_dag.py
[2025-04-22T04:29:41.637+0000] {processor.py:840} INFO - DAG(s) 'load_orders_to_postgres_dag' retrieved from /opt/airflow/dags/load_orders_to_postgres_dag.py
[2025-04-22T04:29:41.672+0000] {logging_mixin.py:188} INFO - [2025-04-22T04:29:41.671+0000] {dag.py:3036} INFO - Sync 1 DAGs
[2025-04-22T04:29:41.687+0000] {logging_mixin.py:188} INFO - [2025-04-22T04:29:41.687+0000] {dag.py:3823} INFO - Setting next_dagrun for load_orders_to_postgres_dag to None, run_after=None
[2025-04-22T04:29:41.720+0000] {processor.py:183} INFO - Processing /opt/airflow/dags/load_orders_to_postgres_dag.py took 0.788 seconds
[2025-04-22T04:30:12.588+0000] {processor.py:161} INFO - Started process (PID=70107) to work on /opt/airflow/dags/load_orders_to_postgres_dag.py
[2025-04-22T04:30:12.591+0000] {processor.py:830} INFO - Processing file /opt/airflow/dags/load_orders_to_postgres_dag.py for tasks to queue
[2025-04-22T04:30:12.593+0000] {logging_mixin.py:188} INFO - [2025-04-22T04:30:12.592+0000] {dagbag.py:538} INFO - Filling up the DagBag from /opt/airflow/dags/load_orders_to_postgres_dag.py
[2025-04-22T04:30:13.498+0000] {processor.py:840} INFO - DAG(s) 'load_orders_to_postgres_dag' retrieved from /opt/airflow/dags/load_orders_to_postgres_dag.py
[2025-04-22T04:30:13.544+0000] {logging_mixin.py:188} INFO - [2025-04-22T04:30:13.544+0000] {dag.py:3036} INFO - Sync 1 DAGs
[2025-04-22T04:30:13.625+0000] {logging_mixin.py:188} INFO - [2025-04-22T04:30:13.624+0000] {dag.py:3823} INFO - Setting next_dagrun for load_orders_to_postgres_dag to None, run_after=None
[2025-04-22T04:30:13.689+0000] {processor.py:183} INFO - Processing /opt/airflow/dags/load_orders_to_postgres_dag.py took 1.106 seconds
[2025-04-22T04:30:44.551+0000] {processor.py:161} INFO - Started process (PID=70150) to work on /opt/airflow/dags/load_orders_to_postgres_dag.py
[2025-04-22T04:30:44.558+0000] {processor.py:830} INFO - Processing file /opt/airflow/dags/load_orders_to_postgres_dag.py for tasks to queue
[2025-04-22T04:30:44.561+0000] {logging_mixin.py:188} INFO - [2025-04-22T04:30:44.560+0000] {dagbag.py:538} INFO - Filling up the DagBag from /opt/airflow/dags/load_orders_to_postgres_dag.py
[2025-04-22T04:30:45.275+0000] {processor.py:840} INFO - DAG(s) 'load_orders_to_postgres_dag' retrieved from /opt/airflow/dags/load_orders_to_postgres_dag.py
[2025-04-22T04:30:45.306+0000] {logging_mixin.py:188} INFO - [2025-04-22T04:30:45.305+0000] {dag.py:3036} INFO - Sync 1 DAGs
[2025-04-22T04:30:45.323+0000] {logging_mixin.py:188} INFO - [2025-04-22T04:30:45.323+0000] {dag.py:3823} INFO - Setting next_dagrun for load_orders_to_postgres_dag to None, run_after=None
[2025-04-22T04:30:45.363+0000] {processor.py:183} INFO - Processing /opt/airflow/dags/load_orders_to_postgres_dag.py took 0.817 seconds
[2025-04-22T04:31:16.829+0000] {processor.py:161} INFO - Started process (PID=70193) to work on /opt/airflow/dags/load_orders_to_postgres_dag.py
[2025-04-22T04:31:16.836+0000] {processor.py:830} INFO - Processing file /opt/airflow/dags/load_orders_to_postgres_dag.py for tasks to queue
[2025-04-22T04:31:16.839+0000] {logging_mixin.py:188} INFO - [2025-04-22T04:31:16.838+0000] {dagbag.py:538} INFO - Filling up the DagBag from /opt/airflow/dags/load_orders_to_postgres_dag.py
[2025-04-22T04:31:17.880+0000] {processor.py:840} INFO - DAG(s) 'load_orders_to_postgres_dag' retrieved from /opt/airflow/dags/load_orders_to_postgres_dag.py
[2025-04-22T04:31:17.915+0000] {logging_mixin.py:188} INFO - [2025-04-22T04:31:17.915+0000] {dag.py:3036} INFO - Sync 1 DAGs
[2025-04-22T04:31:17.932+0000] {logging_mixin.py:188} INFO - [2025-04-22T04:31:17.931+0000] {dag.py:3823} INFO - Setting next_dagrun for load_orders_to_postgres_dag to None, run_after=None
[2025-04-22T04:31:17.961+0000] {processor.py:183} INFO - Processing /opt/airflow/dags/load_orders_to_postgres_dag.py took 1.138 seconds
[2025-04-22T04:31:48.301+0000] {processor.py:161} INFO - Started process (PID=70236) to work on /opt/airflow/dags/load_orders_to_postgres_dag.py
[2025-04-22T04:31:48.303+0000] {processor.py:830} INFO - Processing file /opt/airflow/dags/load_orders_to_postgres_dag.py for tasks to queue
[2025-04-22T04:31:48.305+0000] {logging_mixin.py:188} INFO - [2025-04-22T04:31:48.304+0000] {dagbag.py:538} INFO - Filling up the DagBag from /opt/airflow/dags/load_orders_to_postgres_dag.py
[2025-04-22T04:31:49.144+0000] {processor.py:840} INFO - DAG(s) 'load_orders_to_postgres_dag' retrieved from /opt/airflow/dags/load_orders_to_postgres_dag.py
[2025-04-22T04:31:49.179+0000] {logging_mixin.py:188} INFO - [2025-04-22T04:31:49.179+0000] {dag.py:3036} INFO - Sync 1 DAGs
[2025-04-22T04:31:49.199+0000] {logging_mixin.py:188} INFO - [2025-04-22T04:31:49.199+0000] {dag.py:3823} INFO - Setting next_dagrun for load_orders_to_postgres_dag to None, run_after=None
[2025-04-22T04:31:49.236+0000] {processor.py:183} INFO - Processing /opt/airflow/dags/load_orders_to_postgres_dag.py took 0.943 seconds
[2025-04-22T04:32:19.481+0000] {processor.py:161} INFO - Started process (PID=70279) to work on /opt/airflow/dags/load_orders_to_postgres_dag.py
[2025-04-22T04:32:19.484+0000] {processor.py:830} INFO - Processing file /opt/airflow/dags/load_orders_to_postgres_dag.py for tasks to queue
[2025-04-22T04:32:19.486+0000] {logging_mixin.py:188} INFO - [2025-04-22T04:32:19.486+0000] {dagbag.py:538} INFO - Filling up the DagBag from /opt/airflow/dags/load_orders_to_postgres_dag.py
[2025-04-22T04:32:20.440+0000] {processor.py:840} INFO - DAG(s) 'load_orders_to_postgres_dag' retrieved from /opt/airflow/dags/load_orders_to_postgres_dag.py
[2025-04-22T04:32:20.491+0000] {logging_mixin.py:188} INFO - [2025-04-22T04:32:20.491+0000] {dag.py:3036} INFO - Sync 1 DAGs
[2025-04-22T04:32:20.511+0000] {logging_mixin.py:188} INFO - [2025-04-22T04:32:20.511+0000] {dag.py:3823} INFO - Setting next_dagrun for load_orders_to_postgres_dag to None, run_after=None
[2025-04-22T04:32:20.565+0000] {processor.py:183} INFO - Processing /opt/airflow/dags/load_orders_to_postgres_dag.py took 1.090 seconds
[2025-04-22T04:32:50.736+0000] {processor.py:161} INFO - Started process (PID=70322) to work on /opt/airflow/dags/load_orders_to_postgres_dag.py
[2025-04-22T04:32:50.738+0000] {processor.py:830} INFO - Processing file /opt/airflow/dags/load_orders_to_postgres_dag.py for tasks to queue
[2025-04-22T04:32:50.740+0000] {logging_mixin.py:188} INFO - [2025-04-22T04:32:50.739+0000] {dagbag.py:538} INFO - Filling up the DagBag from /opt/airflow/dags/load_orders_to_postgres_dag.py
[2025-04-22T04:32:51.486+0000] {processor.py:840} INFO - DAG(s) 'load_orders_to_postgres_dag' retrieved from /opt/airflow/dags/load_orders_to_postgres_dag.py
[2025-04-22T04:32:51.515+0000] {logging_mixin.py:188} INFO - [2025-04-22T04:32:51.514+0000] {dag.py:3036} INFO - Sync 1 DAGs
[2025-04-22T04:32:51.532+0000] {logging_mixin.py:188} INFO - [2025-04-22T04:32:51.531+0000] {dag.py:3823} INFO - Setting next_dagrun for load_orders_to_postgres_dag to None, run_after=None
[2025-04-22T04:32:51.571+0000] {processor.py:183} INFO - Processing /opt/airflow/dags/load_orders_to_postgres_dag.py took 0.839 seconds
[2025-04-22T04:33:21.981+0000] {processor.py:161} INFO - Started process (PID=70365) to work on /opt/airflow/dags/load_orders_to_postgres_dag.py
[2025-04-22T04:33:21.983+0000] {processor.py:830} INFO - Processing file /opt/airflow/dags/load_orders_to_postgres_dag.py for tasks to queue
[2025-04-22T04:33:21.987+0000] {logging_mixin.py:188} INFO - [2025-04-22T04:33:21.987+0000] {dagbag.py:538} INFO - Filling up the DagBag from /opt/airflow/dags/load_orders_to_postgres_dag.py
[2025-04-22T04:33:22.893+0000] {processor.py:840} INFO - DAG(s) 'load_orders_to_postgres_dag' retrieved from /opt/airflow/dags/load_orders_to_postgres_dag.py
[2025-04-22T04:33:22.944+0000] {logging_mixin.py:188} INFO - [2025-04-22T04:33:22.942+0000] {dag.py:3036} INFO - Sync 1 DAGs
[2025-04-22T04:33:22.992+0000] {logging_mixin.py:188} INFO - [2025-04-22T04:33:22.991+0000] {dag.py:3823} INFO - Setting next_dagrun for load_orders_to_postgres_dag to None, run_after=None
[2025-04-22T04:33:23.094+0000] {processor.py:183} INFO - Processing /opt/airflow/dags/load_orders_to_postgres_dag.py took 1.108 seconds
[2025-04-22T04:33:54.066+0000] {processor.py:161} INFO - Started process (PID=70408) to work on /opt/airflow/dags/load_orders_to_postgres_dag.py
[2025-04-22T04:33:54.073+0000] {processor.py:830} INFO - Processing file /opt/airflow/dags/load_orders_to_postgres_dag.py for tasks to queue
[2025-04-22T04:33:54.076+0000] {logging_mixin.py:188} INFO - [2025-04-22T04:33:54.075+0000] {dagbag.py:538} INFO - Filling up the DagBag from /opt/airflow/dags/load_orders_to_postgres_dag.py
[2025-04-22T04:33:55.060+0000] {processor.py:840} INFO - DAG(s) 'load_orders_to_postgres_dag' retrieved from /opt/airflow/dags/load_orders_to_postgres_dag.py
[2025-04-22T04:33:55.138+0000] {logging_mixin.py:188} INFO - [2025-04-22T04:33:55.134+0000] {dag.py:3036} INFO - Sync 1 DAGs
[2025-04-22T04:33:55.192+0000] {logging_mixin.py:188} INFO - [2025-04-22T04:33:55.192+0000] {dag.py:3823} INFO - Setting next_dagrun for load_orders_to_postgres_dag to None, run_after=None
[2025-04-22T04:33:55.234+0000] {processor.py:183} INFO - Processing /opt/airflow/dags/load_orders_to_postgres_dag.py took 1.179 seconds
[2025-04-22T04:34:25.396+0000] {processor.py:161} INFO - Started process (PID=70451) to work on /opt/airflow/dags/load_orders_to_postgres_dag.py
[2025-04-22T04:34:25.399+0000] {processor.py:830} INFO - Processing file /opt/airflow/dags/load_orders_to_postgres_dag.py for tasks to queue
[2025-04-22T04:34:25.401+0000] {logging_mixin.py:188} INFO - [2025-04-22T04:34:25.400+0000] {dagbag.py:538} INFO - Filling up the DagBag from /opt/airflow/dags/load_orders_to_postgres_dag.py
[2025-04-22T04:34:26.331+0000] {processor.py:840} INFO - DAG(s) 'load_orders_to_postgres_dag' retrieved from /opt/airflow/dags/load_orders_to_postgres_dag.py
[2025-04-22T04:34:26.407+0000] {logging_mixin.py:188} INFO - [2025-04-22T04:34:26.406+0000] {dag.py:3036} INFO - Sync 1 DAGs
[2025-04-22T04:34:26.459+0000] {logging_mixin.py:188} INFO - [2025-04-22T04:34:26.459+0000] {dag.py:3823} INFO - Setting next_dagrun for load_orders_to_postgres_dag to None, run_after=None
[2025-04-22T04:34:26.526+0000] {processor.py:183} INFO - Processing /opt/airflow/dags/load_orders_to_postgres_dag.py took 1.136 seconds
[2025-04-22T04:34:57.043+0000] {processor.py:161} INFO - Started process (PID=70494) to work on /opt/airflow/dags/load_orders_to_postgres_dag.py
[2025-04-22T04:34:57.046+0000] {processor.py:830} INFO - Processing file /opt/airflow/dags/load_orders_to_postgres_dag.py for tasks to queue
[2025-04-22T04:34:57.048+0000] {logging_mixin.py:188} INFO - [2025-04-22T04:34:57.047+0000] {dagbag.py:538} INFO - Filling up the DagBag from /opt/airflow/dags/load_orders_to_postgres_dag.py
[2025-04-22T04:34:57.814+0000] {processor.py:840} INFO - DAG(s) 'load_orders_to_postgres_dag' retrieved from /opt/airflow/dags/load_orders_to_postgres_dag.py
[2025-04-22T04:34:57.845+0000] {logging_mixin.py:188} INFO - [2025-04-22T04:34:57.844+0000] {dag.py:3036} INFO - Sync 1 DAGs
[2025-04-22T04:34:57.862+0000] {logging_mixin.py:188} INFO - [2025-04-22T04:34:57.861+0000] {dag.py:3823} INFO - Setting next_dagrun for load_orders_to_postgres_dag to None, run_after=None
[2025-04-22T04:34:57.892+0000] {processor.py:183} INFO - Processing /opt/airflow/dags/load_orders_to_postgres_dag.py took 0.853 seconds
[2025-04-22T04:35:28.045+0000] {processor.py:161} INFO - Started process (PID=70537) to work on /opt/airflow/dags/load_orders_to_postgres_dag.py
[2025-04-22T04:35:28.047+0000] {processor.py:830} INFO - Processing file /opt/airflow/dags/load_orders_to_postgres_dag.py for tasks to queue
[2025-04-22T04:35:28.048+0000] {logging_mixin.py:188} INFO - [2025-04-22T04:35:28.048+0000] {dagbag.py:538} INFO - Filling up the DagBag from /opt/airflow/dags/load_orders_to_postgres_dag.py
[2025-04-22T04:35:28.803+0000] {processor.py:840} INFO - DAG(s) 'load_orders_to_postgres_dag' retrieved from /opt/airflow/dags/load_orders_to_postgres_dag.py
[2025-04-22T04:35:28.831+0000] {logging_mixin.py:188} INFO - [2025-04-22T04:35:28.831+0000] {dag.py:3036} INFO - Sync 1 DAGs
[2025-04-22T04:35:28.844+0000] {logging_mixin.py:188} INFO - [2025-04-22T04:35:28.844+0000] {dag.py:3823} INFO - Setting next_dagrun for load_orders_to_postgres_dag to None, run_after=None
[2025-04-22T04:35:28.889+0000] {processor.py:183} INFO - Processing /opt/airflow/dags/load_orders_to_postgres_dag.py took 0.848 seconds
[2025-04-22T04:35:59.787+0000] {processor.py:161} INFO - Started process (PID=70580) to work on /opt/airflow/dags/load_orders_to_postgres_dag.py
[2025-04-22T04:35:59.789+0000] {processor.py:830} INFO - Processing file /opt/airflow/dags/load_orders_to_postgres_dag.py for tasks to queue
[2025-04-22T04:35:59.791+0000] {logging_mixin.py:188} INFO - [2025-04-22T04:35:59.791+0000] {dagbag.py:538} INFO - Filling up the DagBag from /opt/airflow/dags/load_orders_to_postgres_dag.py
[2025-04-22T04:36:00.705+0000] {processor.py:840} INFO - DAG(s) 'load_orders_to_postgres_dag' retrieved from /opt/airflow/dags/load_orders_to_postgres_dag.py
[2025-04-22T04:36:00.755+0000] {logging_mixin.py:188} INFO - [2025-04-22T04:36:00.754+0000] {dag.py:3036} INFO - Sync 1 DAGs
[2025-04-22T04:36:00.779+0000] {logging_mixin.py:188} INFO - [2025-04-22T04:36:00.778+0000] {dag.py:3823} INFO - Setting next_dagrun for load_orders_to_postgres_dag to None, run_after=None
[2025-04-22T04:36:00.823+0000] {processor.py:183} INFO - Processing /opt/airflow/dags/load_orders_to_postgres_dag.py took 1.041 seconds
[2025-04-22T04:36:31.035+0000] {processor.py:161} INFO - Started process (PID=70623) to work on /opt/airflow/dags/load_orders_to_postgres_dag.py
[2025-04-22T04:36:31.045+0000] {processor.py:830} INFO - Processing file /opt/airflow/dags/load_orders_to_postgres_dag.py for tasks to queue
[2025-04-22T04:36:31.054+0000] {logging_mixin.py:188} INFO - [2025-04-22T04:36:31.051+0000] {dagbag.py:538} INFO - Filling up the DagBag from /opt/airflow/dags/load_orders_to_postgres_dag.py
[2025-04-22T04:36:32.302+0000] {processor.py:840} INFO - DAG(s) 'load_orders_to_postgres_dag' retrieved from /opt/airflow/dags/load_orders_to_postgres_dag.py
[2025-04-22T04:36:32.393+0000] {logging_mixin.py:188} INFO - [2025-04-22T04:36:32.392+0000] {dag.py:3036} INFO - Sync 1 DAGs
[2025-04-22T04:36:32.434+0000] {logging_mixin.py:188} INFO - [2025-04-22T04:36:32.433+0000] {dag.py:3823} INFO - Setting next_dagrun for load_orders_to_postgres_dag to None, run_after=None
[2025-04-22T04:36:32.531+0000] {processor.py:183} INFO - Processing /opt/airflow/dags/load_orders_to_postgres_dag.py took 1.513 seconds
[2025-04-22T04:37:03.427+0000] {processor.py:161} INFO - Started process (PID=70666) to work on /opt/airflow/dags/load_orders_to_postgres_dag.py
[2025-04-22T04:37:03.429+0000] {processor.py:830} INFO - Processing file /opt/airflow/dags/load_orders_to_postgres_dag.py for tasks to queue
[2025-04-22T04:37:03.430+0000] {logging_mixin.py:188} INFO - [2025-04-22T04:37:03.430+0000] {dagbag.py:538} INFO - Filling up the DagBag from /opt/airflow/dags/load_orders_to_postgres_dag.py
[2025-04-22T04:37:04.429+0000] {processor.py:840} INFO - DAG(s) 'load_orders_to_postgres_dag' retrieved from /opt/airflow/dags/load_orders_to_postgres_dag.py
[2025-04-22T04:37:04.496+0000] {logging_mixin.py:188} INFO - [2025-04-22T04:37:04.495+0000] {dag.py:3036} INFO - Sync 1 DAGs
[2025-04-22T04:37:04.529+0000] {logging_mixin.py:188} INFO - [2025-04-22T04:37:04.528+0000] {dag.py:3823} INFO - Setting next_dagrun for load_orders_to_postgres_dag to None, run_after=None
[2025-04-22T04:37:04.578+0000] {processor.py:183} INFO - Processing /opt/airflow/dags/load_orders_to_postgres_dag.py took 1.155 seconds
[2025-04-22T04:37:35.085+0000] {processor.py:161} INFO - Started process (PID=70709) to work on /opt/airflow/dags/load_orders_to_postgres_dag.py
[2025-04-22T04:37:35.087+0000] {processor.py:830} INFO - Processing file /opt/airflow/dags/load_orders_to_postgres_dag.py for tasks to queue
[2025-04-22T04:37:35.089+0000] {logging_mixin.py:188} INFO - [2025-04-22T04:37:35.089+0000] {dagbag.py:538} INFO - Filling up the DagBag from /opt/airflow/dags/load_orders_to_postgres_dag.py
[2025-04-22T04:37:35.938+0000] {processor.py:840} INFO - DAG(s) 'load_orders_to_postgres_dag' retrieved from /opt/airflow/dags/load_orders_to_postgres_dag.py
[2025-04-22T04:37:35.987+0000] {logging_mixin.py:188} INFO - [2025-04-22T04:37:35.986+0000] {dag.py:3036} INFO - Sync 1 DAGs
[2025-04-22T04:37:36.013+0000] {logging_mixin.py:188} INFO - [2025-04-22T04:37:36.012+0000] {dag.py:3823} INFO - Setting next_dagrun for load_orders_to_postgres_dag to None, run_after=None
[2025-04-22T04:37:36.068+0000] {processor.py:183} INFO - Processing /opt/airflow/dags/load_orders_to_postgres_dag.py took 0.988 seconds
[2025-04-22T04:38:06.828+0000] {processor.py:161} INFO - Started process (PID=70755) to work on /opt/airflow/dags/load_orders_to_postgres_dag.py
[2025-04-22T04:38:06.833+0000] {processor.py:830} INFO - Processing file /opt/airflow/dags/load_orders_to_postgres_dag.py for tasks to queue
[2025-04-22T04:38:06.836+0000] {logging_mixin.py:188} INFO - [2025-04-22T04:38:06.835+0000] {dagbag.py:538} INFO - Filling up the DagBag from /opt/airflow/dags/load_orders_to_postgres_dag.py
[2025-04-22T04:38:07.678+0000] {processor.py:840} INFO - DAG(s) 'load_orders_to_postgres_dag' retrieved from /opt/airflow/dags/load_orders_to_postgres_dag.py
[2025-04-22T04:38:07.711+0000] {logging_mixin.py:188} INFO - [2025-04-22T04:38:07.710+0000] {dag.py:3036} INFO - Sync 1 DAGs
[2025-04-22T04:38:07.726+0000] {logging_mixin.py:188} INFO - [2025-04-22T04:38:07.726+0000] {dag.py:3823} INFO - Setting next_dagrun for load_orders_to_postgres_dag to None, run_after=None
[2025-04-22T04:38:07.759+0000] {processor.py:183} INFO - Processing /opt/airflow/dags/load_orders_to_postgres_dag.py took 0.937 seconds
[2025-04-22T04:38:38.455+0000] {processor.py:161} INFO - Started process (PID=70803) to work on /opt/airflow/dags/load_orders_to_postgres_dag.py
[2025-04-22T04:38:38.456+0000] {processor.py:830} INFO - Processing file /opt/airflow/dags/load_orders_to_postgres_dag.py for tasks to queue
[2025-04-22T04:38:38.459+0000] {logging_mixin.py:188} INFO - [2025-04-22T04:38:38.458+0000] {dagbag.py:538} INFO - Filling up the DagBag from /opt/airflow/dags/load_orders_to_postgres_dag.py
[2025-04-22T04:38:39.650+0000] {processor.py:840} INFO - DAG(s) 'load_orders_to_postgres_dag' retrieved from /opt/airflow/dags/load_orders_to_postgres_dag.py
[2025-04-22T04:38:39.698+0000] {logging_mixin.py:188} INFO - [2025-04-22T04:38:39.696+0000] {dag.py:3036} INFO - Sync 1 DAGs
[2025-04-22T04:38:39.718+0000] {logging_mixin.py:188} INFO - [2025-04-22T04:38:39.718+0000] {dag.py:3823} INFO - Setting next_dagrun for load_orders_to_postgres_dag to None, run_after=None
[2025-04-22T04:38:39.770+0000] {processor.py:183} INFO - Processing /opt/airflow/dags/load_orders_to_postgres_dag.py took 1.326 seconds
[2025-04-22T04:39:10.197+0000] {processor.py:161} INFO - Started process (PID=70848) to work on /opt/airflow/dags/load_orders_to_postgres_dag.py
[2025-04-22T04:39:10.199+0000] {processor.py:830} INFO - Processing file /opt/airflow/dags/load_orders_to_postgres_dag.py for tasks to queue
[2025-04-22T04:39:10.200+0000] {logging_mixin.py:188} INFO - [2025-04-22T04:39:10.200+0000] {dagbag.py:538} INFO - Filling up the DagBag from /opt/airflow/dags/load_orders_to_postgres_dag.py
[2025-04-22T04:39:11.067+0000] {processor.py:840} INFO - DAG(s) 'load_orders_to_postgres_dag' retrieved from /opt/airflow/dags/load_orders_to_postgres_dag.py
[2025-04-22T04:39:11.106+0000] {logging_mixin.py:188} INFO - [2025-04-22T04:39:11.105+0000] {dag.py:3036} INFO - Sync 1 DAGs
[2025-04-22T04:39:11.126+0000] {logging_mixin.py:188} INFO - [2025-04-22T04:39:11.126+0000] {dag.py:3823} INFO - Setting next_dagrun for load_orders_to_postgres_dag to None, run_after=None
[2025-04-22T04:39:11.163+0000] {processor.py:183} INFO - Processing /opt/airflow/dags/load_orders_to_postgres_dag.py took 0.972 seconds
[2025-04-22T04:39:41.383+0000] {processor.py:161} INFO - Started process (PID=70891) to work on /opt/airflow/dags/load_orders_to_postgres_dag.py
[2025-04-22T04:39:41.386+0000] {processor.py:830} INFO - Processing file /opt/airflow/dags/load_orders_to_postgres_dag.py for tasks to queue
[2025-04-22T04:39:41.388+0000] {logging_mixin.py:188} INFO - [2025-04-22T04:39:41.388+0000] {dagbag.py:538} INFO - Filling up the DagBag from /opt/airflow/dags/load_orders_to_postgres_dag.py
[2025-04-22T04:39:42.161+0000] {processor.py:840} INFO - DAG(s) 'load_orders_to_postgres_dag' retrieved from /opt/airflow/dags/load_orders_to_postgres_dag.py
[2025-04-22T04:39:42.192+0000] {logging_mixin.py:188} INFO - [2025-04-22T04:39:42.191+0000] {dag.py:3036} INFO - Sync 1 DAGs
[2025-04-22T04:39:42.217+0000] {logging_mixin.py:188} INFO - [2025-04-22T04:39:42.217+0000] {dag.py:3823} INFO - Setting next_dagrun for load_orders_to_postgres_dag to None, run_after=None
[2025-04-22T04:39:42.259+0000] {processor.py:183} INFO - Processing /opt/airflow/dags/load_orders_to_postgres_dag.py took 0.882 seconds
[2025-04-22T04:40:12.570+0000] {processor.py:161} INFO - Started process (PID=70934) to work on /opt/airflow/dags/load_orders_to_postgres_dag.py
[2025-04-22T04:40:12.572+0000] {processor.py:830} INFO - Processing file /opt/airflow/dags/load_orders_to_postgres_dag.py for tasks to queue
[2025-04-22T04:40:12.573+0000] {logging_mixin.py:188} INFO - [2025-04-22T04:40:12.572+0000] {dagbag.py:538} INFO - Filling up the DagBag from /opt/airflow/dags/load_orders_to_postgres_dag.py
[2025-04-22T04:40:12.994+0000] {processor.py:840} INFO - DAG(s) 'load_orders_to_postgres_dag' retrieved from /opt/airflow/dags/load_orders_to_postgres_dag.py
[2025-04-22T04:40:13.015+0000] {logging_mixin.py:188} INFO - [2025-04-22T04:40:13.014+0000] {dag.py:3036} INFO - Sync 1 DAGs
[2025-04-22T04:40:13.027+0000] {logging_mixin.py:188} INFO - [2025-04-22T04:40:13.027+0000] {dag.py:3823} INFO - Setting next_dagrun for load_orders_to_postgres_dag to None, run_after=None
[2025-04-22T04:41:06.721+0000] {processor.py:183} INFO - Processing /opt/airflow/dags/load_orders_to_postgres_dag.py took 0.923 seconds
[2025-04-22T04:41:37.440+0000] {processor.py:161} INFO - Started process (PID=70979) to work on /opt/airflow/dags/load_orders_to_postgres_dag.py
[2025-04-22T04:41:37.442+0000] {processor.py:830} INFO - Processing file /opt/airflow/dags/load_orders_to_postgres_dag.py for tasks to queue
[2025-04-22T04:41:37.443+0000] {logging_mixin.py:188} INFO - [2025-04-22T04:41:37.443+0000] {dagbag.py:538} INFO - Filling up the DagBag from /opt/airflow/dags/load_orders_to_postgres_dag.py
[2025-04-22T04:41:37.874+0000] {processor.py:840} INFO - DAG(s) 'load_orders_to_postgres_dag' retrieved from /opt/airflow/dags/load_orders_to_postgres_dag.py
[2025-04-22T04:41:37.896+0000] {logging_mixin.py:188} INFO - [2025-04-22T04:41:37.895+0000] {dag.py:3036} INFO - Sync 1 DAGs
[2025-04-22T04:41:37.906+0000] {logging_mixin.py:188} INFO - [2025-04-22T04:41:37.906+0000] {dag.py:3823} INFO - Setting next_dagrun for load_orders_to_postgres_dag to None, run_after=None
[2025-04-22T04:41:37.933+0000] {processor.py:183} INFO - Processing /opt/airflow/dags/load_orders_to_postgres_dag.py took 0.495 seconds
[2025-04-22T04:42:08.007+0000] {processor.py:161} INFO - Started process (PID=71022) to work on /opt/airflow/dags/load_orders_to_postgres_dag.py
[2025-04-22T04:42:08.009+0000] {processor.py:830} INFO - Processing file /opt/airflow/dags/load_orders_to_postgres_dag.py for tasks to queue
[2025-04-22T04:42:08.010+0000] {logging_mixin.py:188} INFO - [2025-04-22T04:42:08.010+0000] {dagbag.py:538} INFO - Filling up the DagBag from /opt/airflow/dags/load_orders_to_postgres_dag.py
[2025-04-22T04:42:08.353+0000] {processor.py:840} INFO - DAG(s) 'load_orders_to_postgres_dag' retrieved from /opt/airflow/dags/load_orders_to_postgres_dag.py
[2025-04-22T04:42:08.375+0000] {logging_mixin.py:188} INFO - [2025-04-22T04:42:08.374+0000] {dag.py:3036} INFO - Sync 1 DAGs
[2025-04-22T04:42:08.385+0000] {logging_mixin.py:188} INFO - [2025-04-22T04:42:08.385+0000] {dag.py:3823} INFO - Setting next_dagrun for load_orders_to_postgres_dag to None, run_after=None
[2025-04-22T04:42:08.409+0000] {processor.py:183} INFO - Processing /opt/airflow/dags/load_orders_to_postgres_dag.py took 0.407 seconds
[2025-04-22T04:42:38.871+0000] {processor.py:161} INFO - Started process (PID=71065) to work on /opt/airflow/dags/load_orders_to_postgres_dag.py
[2025-04-22T04:42:38.872+0000] {processor.py:830} INFO - Processing file /opt/airflow/dags/load_orders_to_postgres_dag.py for tasks to queue
[2025-04-22T04:42:38.873+0000] {logging_mixin.py:188} INFO - [2025-04-22T04:42:38.873+0000] {dagbag.py:538} INFO - Filling up the DagBag from /opt/airflow/dags/load_orders_to_postgres_dag.py
[2025-04-22T04:42:39.189+0000] {processor.py:840} INFO - DAG(s) 'load_orders_to_postgres_dag' retrieved from /opt/airflow/dags/load_orders_to_postgres_dag.py
[2025-04-22T04:42:39.208+0000] {logging_mixin.py:188} INFO - [2025-04-22T04:42:39.207+0000] {dag.py:3036} INFO - Sync 1 DAGs
[2025-04-22T04:42:39.217+0000] {logging_mixin.py:188} INFO - [2025-04-22T04:42:39.217+0000] {dag.py:3823} INFO - Setting next_dagrun for load_orders_to_postgres_dag to None, run_after=None
[2025-04-22T04:42:39.235+0000] {processor.py:183} INFO - Processing /opt/airflow/dags/load_orders_to_postgres_dag.py took 0.366 seconds
[2025-04-22T04:43:09.350+0000] {processor.py:161} INFO - Started process (PID=71108) to work on /opt/airflow/dags/load_orders_to_postgres_dag.py
[2025-04-22T04:43:09.351+0000] {processor.py:830} INFO - Processing file /opt/airflow/dags/load_orders_to_postgres_dag.py for tasks to queue
[2025-04-22T04:43:09.353+0000] {logging_mixin.py:188} INFO - [2025-04-22T04:43:09.352+0000] {dagbag.py:538} INFO - Filling up the DagBag from /opt/airflow/dags/load_orders_to_postgres_dag.py
[2025-04-22T04:43:09.731+0000] {processor.py:840} INFO - DAG(s) 'load_orders_to_postgres_dag' retrieved from /opt/airflow/dags/load_orders_to_postgres_dag.py
[2025-04-22T04:43:09.754+0000] {logging_mixin.py:188} INFO - [2025-04-22T04:43:09.753+0000] {dag.py:3036} INFO - Sync 1 DAGs
[2025-04-22T04:43:09.764+0000] {logging_mixin.py:188} INFO - [2025-04-22T04:43:09.764+0000] {dag.py:3823} INFO - Setting next_dagrun for load_orders_to_postgres_dag to None, run_after=None
[2025-04-22T04:43:09.787+0000] {processor.py:183} INFO - Processing /opt/airflow/dags/load_orders_to_postgres_dag.py took 0.440 seconds
[2025-04-22T04:43:40.535+0000] {processor.py:161} INFO - Started process (PID=71151) to work on /opt/airflow/dags/load_orders_to_postgres_dag.py
[2025-04-22T04:43:40.536+0000] {processor.py:830} INFO - Processing file /opt/airflow/dags/load_orders_to_postgres_dag.py for tasks to queue
[2025-04-22T04:43:40.537+0000] {logging_mixin.py:188} INFO - [2025-04-22T04:43:40.536+0000] {dagbag.py:538} INFO - Filling up the DagBag from /opt/airflow/dags/load_orders_to_postgres_dag.py
[2025-04-22T04:43:40.915+0000] {processor.py:840} INFO - DAG(s) 'load_orders_to_postgres_dag' retrieved from /opt/airflow/dags/load_orders_to_postgres_dag.py
[2025-04-22T04:43:40.930+0000] {logging_mixin.py:188} INFO - [2025-04-22T04:43:40.930+0000] {dag.py:3036} INFO - Sync 1 DAGs
[2025-04-22T04:43:40.939+0000] {logging_mixin.py:188} INFO - [2025-04-22T04:43:40.939+0000] {dag.py:3823} INFO - Setting next_dagrun for load_orders_to_postgres_dag to None, run_after=None
[2025-04-22T04:43:40.953+0000] {processor.py:183} INFO - Processing /opt/airflow/dags/load_orders_to_postgres_dag.py took 0.422 seconds
[2025-04-22T04:44:11.326+0000] {processor.py:161} INFO - Started process (PID=71194) to work on /opt/airflow/dags/load_orders_to_postgres_dag.py
[2025-04-22T04:44:11.327+0000] {processor.py:830} INFO - Processing file /opt/airflow/dags/load_orders_to_postgres_dag.py for tasks to queue
[2025-04-22T04:44:11.328+0000] {logging_mixin.py:188} INFO - [2025-04-22T04:44:11.328+0000] {dagbag.py:538} INFO - Filling up the DagBag from /opt/airflow/dags/load_orders_to_postgres_dag.py
[2025-04-22T04:44:11.693+0000] {processor.py:840} INFO - DAG(s) 'load_orders_to_postgres_dag' retrieved from /opt/airflow/dags/load_orders_to_postgres_dag.py
[2025-04-22T04:44:11.712+0000] {logging_mixin.py:188} INFO - [2025-04-22T04:44:11.711+0000] {dag.py:3036} INFO - Sync 1 DAGs
[2025-04-22T04:44:11.720+0000] {logging_mixin.py:188} INFO - [2025-04-22T04:44:11.719+0000] {dag.py:3823} INFO - Setting next_dagrun for load_orders_to_postgres_dag to None, run_after=None
[2025-04-22T04:44:11.732+0000] {processor.py:183} INFO - Processing /opt/airflow/dags/load_orders_to_postgres_dag.py took 0.409 seconds
[2025-04-22T04:44:41.869+0000] {processor.py:161} INFO - Started process (PID=71237) to work on /opt/airflow/dags/load_orders_to_postgres_dag.py
[2025-04-22T04:44:41.870+0000] {processor.py:830} INFO - Processing file /opt/airflow/dags/load_orders_to_postgres_dag.py for tasks to queue
[2025-04-22T04:44:41.871+0000] {logging_mixin.py:188} INFO - [2025-04-22T04:44:41.871+0000] {dagbag.py:538} INFO - Filling up the DagBag from /opt/airflow/dags/load_orders_to_postgres_dag.py
[2025-04-22T04:44:42.183+0000] {processor.py:840} INFO - DAG(s) 'load_orders_to_postgres_dag' retrieved from /opt/airflow/dags/load_orders_to_postgres_dag.py
[2025-04-22T04:44:42.198+0000] {logging_mixin.py:188} INFO - [2025-04-22T04:44:42.198+0000] {dag.py:3036} INFO - Sync 1 DAGs
[2025-04-22T04:44:42.207+0000] {logging_mixin.py:188} INFO - [2025-04-22T04:44:42.207+0000] {dag.py:3823} INFO - Setting next_dagrun for load_orders_to_postgres_dag to None, run_after=None
[2025-04-22T04:44:42.220+0000] {processor.py:183} INFO - Processing /opt/airflow/dags/load_orders_to_postgres_dag.py took 0.354 seconds
[2025-04-22T04:45:12.620+0000] {processor.py:161} INFO - Started process (PID=71280) to work on /opt/airflow/dags/load_orders_to_postgres_dag.py
[2025-04-22T04:45:12.621+0000] {processor.py:830} INFO - Processing file /opt/airflow/dags/load_orders_to_postgres_dag.py for tasks to queue
[2025-04-22T04:45:12.622+0000] {logging_mixin.py:188} INFO - [2025-04-22T04:45:12.621+0000] {dagbag.py:538} INFO - Filling up the DagBag from /opt/airflow/dags/load_orders_to_postgres_dag.py
[2025-04-22T04:45:12.930+0000] {processor.py:840} INFO - DAG(s) 'load_orders_to_postgres_dag' retrieved from /opt/airflow/dags/load_orders_to_postgres_dag.py
[2025-04-22T04:45:12.944+0000] {logging_mixin.py:188} INFO - [2025-04-22T04:45:12.944+0000] {dag.py:3036} INFO - Sync 1 DAGs
[2025-04-22T04:45:12.952+0000] {logging_mixin.py:188} INFO - [2025-04-22T04:45:12.952+0000] {dag.py:3823} INFO - Setting next_dagrun for load_orders_to_postgres_dag to None, run_after=None
[2025-04-22T04:45:12.966+0000] {processor.py:183} INFO - Processing /opt/airflow/dags/load_orders_to_postgres_dag.py took 0.348 seconds
[2025-04-22T04:45:43.337+0000] {processor.py:161} INFO - Started process (PID=71323) to work on /opt/airflow/dags/load_orders_to_postgres_dag.py
[2025-04-22T04:45:43.339+0000] {processor.py:830} INFO - Processing file /opt/airflow/dags/load_orders_to_postgres_dag.py for tasks to queue
[2025-04-22T04:45:43.340+0000] {logging_mixin.py:188} INFO - [2025-04-22T04:45:43.340+0000] {dagbag.py:538} INFO - Filling up the DagBag from /opt/airflow/dags/load_orders_to_postgres_dag.py
[2025-04-22T04:45:43.734+0000] {processor.py:840} INFO - DAG(s) 'load_orders_to_postgres_dag' retrieved from /opt/airflow/dags/load_orders_to_postgres_dag.py
[2025-04-22T04:45:43.753+0000] {logging_mixin.py:188} INFO - [2025-04-22T04:45:43.752+0000] {dag.py:3036} INFO - Sync 1 DAGs
[2025-04-22T04:45:43.762+0000] {logging_mixin.py:188} INFO - [2025-04-22T04:45:43.762+0000] {dag.py:3823} INFO - Setting next_dagrun for load_orders_to_postgres_dag to None, run_after=None
[2025-04-22T04:45:43.786+0000] {processor.py:183} INFO - Processing /opt/airflow/dags/load_orders_to_postgres_dag.py took 0.453 seconds
[2025-04-22T04:46:14.656+0000] {processor.py:161} INFO - Started process (PID=71366) to work on /opt/airflow/dags/load_orders_to_postgres_dag.py
[2025-04-22T04:46:14.657+0000] {processor.py:830} INFO - Processing file /opt/airflow/dags/load_orders_to_postgres_dag.py for tasks to queue
[2025-04-22T04:46:14.658+0000] {logging_mixin.py:188} INFO - [2025-04-22T04:46:14.658+0000] {dagbag.py:538} INFO - Filling up the DagBag from /opt/airflow/dags/load_orders_to_postgres_dag.py
[2025-04-22T04:46:15.001+0000] {processor.py:840} INFO - DAG(s) 'load_orders_to_postgres_dag' retrieved from /opt/airflow/dags/load_orders_to_postgres_dag.py
[2025-04-22T04:46:15.020+0000] {logging_mixin.py:188} INFO - [2025-04-22T04:46:15.020+0000] {dag.py:3036} INFO - Sync 1 DAGs
[2025-04-22T04:46:15.029+0000] {logging_mixin.py:188} INFO - [2025-04-22T04:46:15.029+0000] {dag.py:3823} INFO - Setting next_dagrun for load_orders_to_postgres_dag to None, run_after=None
[2025-04-22T04:46:15.044+0000] {processor.py:183} INFO - Processing /opt/airflow/dags/load_orders_to_postgres_dag.py took 0.390 seconds
[2025-04-22T04:46:45.349+0000] {processor.py:161} INFO - Started process (PID=71409) to work on /opt/airflow/dags/load_orders_to_postgres_dag.py
[2025-04-22T04:46:45.350+0000] {processor.py:830} INFO - Processing file /opt/airflow/dags/load_orders_to_postgres_dag.py for tasks to queue
[2025-04-22T04:46:45.351+0000] {logging_mixin.py:188} INFO - [2025-04-22T04:46:45.351+0000] {dagbag.py:538} INFO - Filling up the DagBag from /opt/airflow/dags/load_orders_to_postgres_dag.py
[2025-04-22T04:46:45.847+0000] {processor.py:840} INFO - DAG(s) 'load_orders_to_postgres_dag' retrieved from /opt/airflow/dags/load_orders_to_postgres_dag.py
[2025-04-22T04:46:45.865+0000] {logging_mixin.py:188} INFO - [2025-04-22T04:46:45.864+0000] {dag.py:3036} INFO - Sync 1 DAGs
[2025-04-22T04:46:45.874+0000] {logging_mixin.py:188} INFO - [2025-04-22T04:46:45.873+0000] {dag.py:3823} INFO - Setting next_dagrun for load_orders_to_postgres_dag to None, run_after=None
[2025-04-22T04:46:45.891+0000] {processor.py:183} INFO - Processing /opt/airflow/dags/load_orders_to_postgres_dag.py took 0.545 seconds
[2025-04-22T04:47:16.319+0000] {processor.py:161} INFO - Started process (PID=71452) to work on /opt/airflow/dags/load_orders_to_postgres_dag.py
[2025-04-22T04:47:16.320+0000] {processor.py:830} INFO - Processing file /opt/airflow/dags/load_orders_to_postgres_dag.py for tasks to queue
[2025-04-22T04:47:16.321+0000] {logging_mixin.py:188} INFO - [2025-04-22T04:47:16.321+0000] {dagbag.py:538} INFO - Filling up the DagBag from /opt/airflow/dags/load_orders_to_postgres_dag.py
[2025-04-22T04:47:16.717+0000] {processor.py:840} INFO - DAG(s) 'load_orders_to_postgres_dag' retrieved from /opt/airflow/dags/load_orders_to_postgres_dag.py
[2025-04-22T04:47:16.741+0000] {logging_mixin.py:188} INFO - [2025-04-22T04:47:16.741+0000] {dag.py:3036} INFO - Sync 1 DAGs
[2025-04-22T04:47:16.753+0000] {logging_mixin.py:188} INFO - [2025-04-22T04:47:16.753+0000] {dag.py:3823} INFO - Setting next_dagrun for load_orders_to_postgres_dag to None, run_after=None
[2025-04-22T04:47:16.775+0000] {processor.py:183} INFO - Processing /opt/airflow/dags/load_orders_to_postgres_dag.py took 0.459 seconds
[2025-04-22T04:47:47.606+0000] {processor.py:161} INFO - Started process (PID=71495) to work on /opt/airflow/dags/load_orders_to_postgres_dag.py
[2025-04-22T04:47:47.609+0000] {processor.py:830} INFO - Processing file /opt/airflow/dags/load_orders_to_postgres_dag.py for tasks to queue
[2025-04-22T04:47:47.613+0000] {logging_mixin.py:188} INFO - [2025-04-22T04:47:47.613+0000] {dagbag.py:538} INFO - Filling up the DagBag from /opt/airflow/dags/load_orders_to_postgres_dag.py
[2025-04-22T04:47:47.974+0000] {processor.py:840} INFO - DAG(s) 'load_orders_to_postgres_dag' retrieved from /opt/airflow/dags/load_orders_to_postgres_dag.py
[2025-04-22T04:47:47.992+0000] {logging_mixin.py:188} INFO - [2025-04-22T04:47:47.992+0000] {dag.py:3036} INFO - Sync 1 DAGs
[2025-04-22T04:47:48.000+0000] {logging_mixin.py:188} INFO - [2025-04-22T04:47:48.000+0000] {dag.py:3823} INFO - Setting next_dagrun for load_orders_to_postgres_dag to None, run_after=None
[2025-04-22T04:47:48.019+0000] {processor.py:183} INFO - Processing /opt/airflow/dags/load_orders_to_postgres_dag.py took 0.416 seconds
[2025-04-22T04:48:20.085+0000] {processor.py:161} INFO - Started process (PID=71538) to work on /opt/airflow/dags/load_orders_to_postgres_dag.py
[2025-04-22T04:48:20.097+0000] {processor.py:830} INFO - Processing file /opt/airflow/dags/load_orders_to_postgres_dag.py for tasks to queue
[2025-04-22T04:48:20.109+0000] {logging_mixin.py:188} INFO - [2025-04-22T04:48:20.108+0000] {dagbag.py:538} INFO - Filling up the DagBag from /opt/airflow/dags/load_orders_to_postgres_dag.py
[2025-04-22T05:14:53.794+0000] {processor.py:840} INFO - DAG(s) 'load_orders_to_postgres_dag' retrieved from /opt/airflow/dags/load_orders_to_postgres_dag.py
[2025-04-22T05:14:54.115+0000] {logging_mixin.py:188} INFO - [2025-04-22T05:14:54.114+0000] {dag.py:3036} INFO - Sync 1 DAGs
[2025-04-22T05:14:54.225+0000] {logging_mixin.py:188} INFO - [2025-04-22T05:14:54.224+0000] {dag.py:3823} INFO - Setting next_dagrun for load_orders_to_postgres_dag to None, run_after=None
[2025-04-22T05:14:54.404+0000] {processor.py:183} INFO - Processing /opt/airflow/dags/load_orders_to_postgres_dag.py took 4.865 seconds
[2025-04-22T05:15:26.483+0000] {processor.py:161} INFO - Started process (PID=71583) to work on /opt/airflow/dags/load_orders_to_postgres_dag.py
[2025-04-22T05:15:26.484+0000] {processor.py:830} INFO - Processing file /opt/airflow/dags/load_orders_to_postgres_dag.py for tasks to queue
[2025-04-22T05:15:26.485+0000] {logging_mixin.py:188} INFO - [2025-04-22T05:15:26.485+0000] {dagbag.py:538} INFO - Filling up the DagBag from /opt/airflow/dags/load_orders_to_postgres_dag.py
[2025-04-22T05:15:26.833+0000] {processor.py:840} INFO - DAG(s) 'load_orders_to_postgres_dag' retrieved from /opt/airflow/dags/load_orders_to_postgres_dag.py
[2025-04-22T05:15:26.850+0000] {logging_mixin.py:188} INFO - [2025-04-22T05:15:26.850+0000] {dag.py:3036} INFO - Sync 1 DAGs
[2025-04-22T05:15:26.858+0000] {logging_mixin.py:188} INFO - [2025-04-22T05:15:26.858+0000] {dag.py:3823} INFO - Setting next_dagrun for load_orders_to_postgres_dag to None, run_after=None
[2025-04-22T05:15:26.871+0000] {processor.py:183} INFO - Processing /opt/airflow/dags/load_orders_to_postgres_dag.py took 0.392 seconds
[2025-04-22T05:15:57.084+0000] {processor.py:161} INFO - Started process (PID=71626) to work on /opt/airflow/dags/load_orders_to_postgres_dag.py
[2025-04-22T05:15:57.086+0000] {processor.py:830} INFO - Processing file /opt/airflow/dags/load_orders_to_postgres_dag.py for tasks to queue
[2025-04-22T05:15:57.087+0000] {logging_mixin.py:188} INFO - [2025-04-22T05:15:57.087+0000] {dagbag.py:538} INFO - Filling up the DagBag from /opt/airflow/dags/load_orders_to_postgres_dag.py
[2025-04-22T05:15:57.402+0000] {processor.py:840} INFO - DAG(s) 'load_orders_to_postgres_dag' retrieved from /opt/airflow/dags/load_orders_to_postgres_dag.py
[2025-04-22T05:15:57.419+0000] {logging_mixin.py:188} INFO - [2025-04-22T05:15:57.418+0000] {dag.py:3036} INFO - Sync 1 DAGs
[2025-04-22T05:15:57.427+0000] {logging_mixin.py:188} INFO - [2025-04-22T05:15:57.427+0000] {dag.py:3823} INFO - Setting next_dagrun for load_orders_to_postgres_dag to None, run_after=None
[2025-04-22T05:15:57.440+0000] {processor.py:183} INFO - Processing /opt/airflow/dags/load_orders_to_postgres_dag.py took 0.359 seconds
