[2025-05-02T22:54:49.485+0000] {processor.py:161} INFO - Started process (PID=185) to work on /opt/airflow/dags/Code explanation.xlsx
[2025-05-02T22:54:49.487+0000] {processor.py:830} INFO - Processing file /opt/airflow/dags/Code explanation.xlsx for tasks to queue
[2025-05-02T22:54:49.489+0000] {logging_mixin.py:188} INFO - [2025-05-02T22:54:49.488+0000] {dagbag.py:538} INFO - Filling up the DagBag from /opt/airflow/dags/Code explanation.xlsx
[2025-05-02T22:54:49.509+0000] {processor.py:842} WARNING - No viable dags retrieved from /opt/airflow/dags/Code explanation.xlsx
[2025-05-02T22:54:49.541+0000] {processor.py:183} INFO - Processing /opt/airflow/dags/Code explanation.xlsx took 0.060 seconds
[2025-05-02T22:54:53.974+0000] {processor.py:161} INFO - Started process (PID=209) to work on /opt/airflow/dags/Code explanation.xlsx
[2025-05-02T22:54:53.976+0000] {processor.py:830} INFO - Processing file /opt/airflow/dags/Code explanation.xlsx for tasks to queue
[2025-05-02T22:54:53.980+0000] {logging_mixin.py:188} INFO - [2025-05-02T22:54:53.979+0000] {dagbag.py:538} INFO - Filling up the DagBag from /opt/airflow/dags/Code explanation.xlsx
[2025-05-02T22:54:54.020+0000] {processor.py:842} WARNING - No viable dags retrieved from /opt/airflow/dags/Code explanation.xlsx
[2025-05-02T22:54:54.074+0000] {processor.py:183} INFO - Processing /opt/airflow/dags/Code explanation.xlsx took 0.108 seconds
[2025-05-02T22:55:20.027+0000] {processor.py:161} INFO - Started process (PID=223) to work on /opt/airflow/dags/Code explanation.xlsx
[2025-05-02T22:55:20.029+0000] {processor.py:830} INFO - Processing file /opt/airflow/dags/Code explanation.xlsx for tasks to queue
[2025-05-02T22:55:20.030+0000] {logging_mixin.py:188} INFO - [2025-05-02T22:55:20.030+0000] {dagbag.py:538} INFO - Filling up the DagBag from /opt/airflow/dags/Code explanation.xlsx
[2025-05-02T22:55:20.050+0000] {processor.py:842} WARNING - No viable dags retrieved from /opt/airflow/dags/Code explanation.xlsx
[2025-05-02T22:55:20.079+0000] {processor.py:183} INFO - Processing /opt/airflow/dags/Code explanation.xlsx took 0.056 seconds
[2025-05-02T22:55:24.951+0000] {processor.py:161} INFO - Started process (PID=249) to work on /opt/airflow/dags/Code explanation.xlsx
[2025-05-02T22:55:24.954+0000] {processor.py:830} INFO - Processing file /opt/airflow/dags/Code explanation.xlsx for tasks to queue
[2025-05-02T22:55:24.956+0000] {logging_mixin.py:188} INFO - [2025-05-02T22:55:24.956+0000] {dagbag.py:538} INFO - Filling up the DagBag from /opt/airflow/dags/Code explanation.xlsx
[2025-05-02T22:55:24.973+0000] {processor.py:842} WARNING - No viable dags retrieved from /opt/airflow/dags/Code explanation.xlsx
[2025-05-02T22:55:24.990+0000] {processor.py:183} INFO - Processing /opt/airflow/dags/Code explanation.xlsx took 0.043 seconds
[2025-05-02T22:55:50.526+0000] {processor.py:161} INFO - Started process (PID=261) to work on /opt/airflow/dags/Code explanation.xlsx
[2025-05-02T22:55:50.528+0000] {processor.py:830} INFO - Processing file /opt/airflow/dags/Code explanation.xlsx for tasks to queue
[2025-05-02T22:55:50.529+0000] {logging_mixin.py:188} INFO - [2025-05-02T22:55:50.529+0000] {dagbag.py:538} INFO - Filling up the DagBag from /opt/airflow/dags/Code explanation.xlsx
[2025-05-02T22:55:50.544+0000] {processor.py:842} WARNING - No viable dags retrieved from /opt/airflow/dags/Code explanation.xlsx
[2025-05-02T22:55:50.566+0000] {processor.py:183} INFO - Processing /opt/airflow/dags/Code explanation.xlsx took 0.045 seconds
[2025-05-02T22:55:55.444+0000] {processor.py:161} INFO - Started process (PID=292) to work on /opt/airflow/dags/Code explanation.xlsx
[2025-05-02T22:55:55.449+0000] {processor.py:830} INFO - Processing file /opt/airflow/dags/Code explanation.xlsx for tasks to queue
[2025-05-02T22:55:55.451+0000] {logging_mixin.py:188} INFO - [2025-05-02T22:55:55.451+0000] {dagbag.py:538} INFO - Filling up the DagBag from /opt/airflow/dags/Code explanation.xlsx
[2025-05-02T22:55:55.472+0000] {processor.py:842} WARNING - No viable dags retrieved from /opt/airflow/dags/Code explanation.xlsx
[2025-05-02T22:55:55.488+0000] {processor.py:183} INFO - Processing /opt/airflow/dags/Code explanation.xlsx took 0.047 seconds
[2025-05-02T22:56:20.701+0000] {processor.py:161} INFO - Started process (PID=299) to work on /opt/airflow/dags/Code explanation.xlsx
[2025-05-02T22:56:20.702+0000] {processor.py:830} INFO - Processing file /opt/airflow/dags/Code explanation.xlsx for tasks to queue
[2025-05-02T22:56:20.705+0000] {logging_mixin.py:188} INFO - [2025-05-02T22:56:20.704+0000] {dagbag.py:538} INFO - Filling up the DagBag from /opt/airflow/dags/Code explanation.xlsx
[2025-05-02T22:56:20.729+0000] {processor.py:842} WARNING - No viable dags retrieved from /opt/airflow/dags/Code explanation.xlsx
[2025-05-02T22:56:20.756+0000] {processor.py:183} INFO - Processing /opt/airflow/dags/Code explanation.xlsx took 0.059 seconds
[2025-05-02T22:56:26.178+0000] {processor.py:161} INFO - Started process (PID=335) to work on /opt/airflow/dags/Code explanation.xlsx
[2025-05-02T22:56:26.180+0000] {processor.py:830} INFO - Processing file /opt/airflow/dags/Code explanation.xlsx for tasks to queue
[2025-05-02T22:56:26.181+0000] {logging_mixin.py:188} INFO - [2025-05-02T22:56:26.180+0000] {dagbag.py:538} INFO - Filling up the DagBag from /opt/airflow/dags/Code explanation.xlsx
[2025-05-02T22:56:26.194+0000] {processor.py:842} WARNING - No viable dags retrieved from /opt/airflow/dags/Code explanation.xlsx
[2025-05-02T22:56:26.210+0000] {processor.py:183} INFO - Processing /opt/airflow/dags/Code explanation.xlsx took 0.034 seconds
[2025-05-02T22:56:51.354+0000] {processor.py:161} INFO - Started process (PID=347) to work on /opt/airflow/dags/Code explanation.xlsx
[2025-05-02T22:56:51.355+0000] {processor.py:830} INFO - Processing file /opt/airflow/dags/Code explanation.xlsx for tasks to queue
[2025-05-02T22:56:51.356+0000] {logging_mixin.py:188} INFO - [2025-05-02T22:56:51.355+0000] {dagbag.py:538} INFO - Filling up the DagBag from /opt/airflow/dags/Code explanation.xlsx
[2025-05-02T22:56:51.367+0000] {processor.py:842} WARNING - No viable dags retrieved from /opt/airflow/dags/Code explanation.xlsx
[2025-05-02T22:56:51.381+0000] {processor.py:183} INFO - Processing /opt/airflow/dags/Code explanation.xlsx took 0.030 seconds
[2025-05-02T22:56:56.660+0000] {processor.py:161} INFO - Started process (PID=378) to work on /opt/airflow/dags/Code explanation.xlsx
[2025-05-02T22:56:56.662+0000] {processor.py:830} INFO - Processing file /opt/airflow/dags/Code explanation.xlsx for tasks to queue
[2025-05-02T22:56:56.664+0000] {logging_mixin.py:188} INFO - [2025-05-02T22:56:56.663+0000] {dagbag.py:538} INFO - Filling up the DagBag from /opt/airflow/dags/Code explanation.xlsx
[2025-05-02T22:56:56.676+0000] {processor.py:842} WARNING - No viable dags retrieved from /opt/airflow/dags/Code explanation.xlsx
[2025-05-02T22:56:56.692+0000] {processor.py:183} INFO - Processing /opt/airflow/dags/Code explanation.xlsx took 0.036 seconds
[2025-05-02T22:57:21.796+0000] {processor.py:161} INFO - Started process (PID=397) to work on /opt/airflow/dags/Code explanation.xlsx
[2025-05-02T22:57:21.797+0000] {processor.py:830} INFO - Processing file /opt/airflow/dags/Code explanation.xlsx for tasks to queue
[2025-05-02T22:57:21.798+0000] {logging_mixin.py:188} INFO - [2025-05-02T22:57:21.798+0000] {dagbag.py:538} INFO - Filling up the DagBag from /opt/airflow/dags/Code explanation.xlsx
[2025-05-02T22:57:21.816+0000] {processor.py:842} WARNING - No viable dags retrieved from /opt/airflow/dags/Code explanation.xlsx
[2025-05-02T22:57:21.838+0000] {processor.py:183} INFO - Processing /opt/airflow/dags/Code explanation.xlsx took 0.046 seconds
[2025-05-02T22:57:27.547+0000] {processor.py:161} INFO - Started process (PID=421) to work on /opt/airflow/dags/Code explanation.xlsx
[2025-05-02T22:57:27.548+0000] {processor.py:830} INFO - Processing file /opt/airflow/dags/Code explanation.xlsx for tasks to queue
[2025-05-02T22:57:27.549+0000] {logging_mixin.py:188} INFO - [2025-05-02T22:57:27.549+0000] {dagbag.py:538} INFO - Filling up the DagBag from /opt/airflow/dags/Code explanation.xlsx
[2025-05-02T22:57:27.561+0000] {processor.py:842} WARNING - No viable dags retrieved from /opt/airflow/dags/Code explanation.xlsx
[2025-05-02T22:57:27.572+0000] {processor.py:183} INFO - Processing /opt/airflow/dags/Code explanation.xlsx took 0.028 seconds
[2025-05-02T22:57:52.611+0000] {processor.py:161} INFO - Started process (PID=443) to work on /opt/airflow/dags/Code explanation.xlsx
[2025-05-02T22:57:52.612+0000] {processor.py:830} INFO - Processing file /opt/airflow/dags/Code explanation.xlsx for tasks to queue
[2025-05-02T22:57:52.613+0000] {logging_mixin.py:188} INFO - [2025-05-02T22:57:52.613+0000] {dagbag.py:538} INFO - Filling up the DagBag from /opt/airflow/dags/Code explanation.xlsx
[2025-05-02T22:57:52.627+0000] {processor.py:842} WARNING - No viable dags retrieved from /opt/airflow/dags/Code explanation.xlsx
[2025-05-02T22:57:52.648+0000] {processor.py:183} INFO - Processing /opt/airflow/dags/Code explanation.xlsx took 0.040 seconds
[2025-05-02T22:57:58.067+0000] {processor.py:161} INFO - Started process (PID=464) to work on /opt/airflow/dags/Code explanation.xlsx
[2025-05-02T22:57:58.068+0000] {processor.py:830} INFO - Processing file /opt/airflow/dags/Code explanation.xlsx for tasks to queue
[2025-05-02T22:57:58.069+0000] {logging_mixin.py:188} INFO - [2025-05-02T22:57:58.069+0000] {dagbag.py:538} INFO - Filling up the DagBag from /opt/airflow/dags/Code explanation.xlsx
[2025-05-02T22:57:58.082+0000] {processor.py:842} WARNING - No viable dags retrieved from /opt/airflow/dags/Code explanation.xlsx
[2025-05-02T22:57:58.093+0000] {processor.py:183} INFO - Processing /opt/airflow/dags/Code explanation.xlsx took 0.029 seconds
[2025-05-02T22:58:23.078+0000] {processor.py:161} INFO - Started process (PID=488) to work on /opt/airflow/dags/Code explanation.xlsx
[2025-05-02T22:58:23.079+0000] {processor.py:830} INFO - Processing file /opt/airflow/dags/Code explanation.xlsx for tasks to queue
[2025-05-02T22:58:23.080+0000] {logging_mixin.py:188} INFO - [2025-05-02T22:58:23.080+0000] {dagbag.py:538} INFO - Filling up the DagBag from /opt/airflow/dags/Code explanation.xlsx
[2025-05-02T22:58:23.091+0000] {processor.py:842} WARNING - No viable dags retrieved from /opt/airflow/dags/Code explanation.xlsx
[2025-05-02T22:58:23.101+0000] {processor.py:183} INFO - Processing /opt/airflow/dags/Code explanation.xlsx took 0.025 seconds
[2025-05-02T22:58:28.620+0000] {processor.py:161} INFO - Started process (PID=507) to work on /opt/airflow/dags/Code explanation.xlsx
[2025-05-02T22:58:28.621+0000] {processor.py:830} INFO - Processing file /opt/airflow/dags/Code explanation.xlsx for tasks to queue
[2025-05-02T22:58:28.623+0000] {logging_mixin.py:188} INFO - [2025-05-02T22:58:28.622+0000] {dagbag.py:538} INFO - Filling up the DagBag from /opt/airflow/dags/Code explanation.xlsx
[2025-05-02T22:58:28.632+0000] {processor.py:842} WARNING - No viable dags retrieved from /opt/airflow/dags/Code explanation.xlsx
[2025-05-02T22:58:28.643+0000] {processor.py:183} INFO - Processing /opt/airflow/dags/Code explanation.xlsx took 0.025 seconds
[2025-05-02T22:58:53.453+0000] {processor.py:161} INFO - Started process (PID=529) to work on /opt/airflow/dags/Code explanation.xlsx
[2025-05-02T22:58:53.454+0000] {processor.py:830} INFO - Processing file /opt/airflow/dags/Code explanation.xlsx for tasks to queue
[2025-05-02T22:58:53.455+0000] {logging_mixin.py:188} INFO - [2025-05-02T22:58:53.455+0000] {dagbag.py:538} INFO - Filling up the DagBag from /opt/airflow/dags/Code explanation.xlsx
[2025-05-02T22:58:53.466+0000] {processor.py:842} WARNING - No viable dags retrieved from /opt/airflow/dags/Code explanation.xlsx
[2025-05-02T22:58:53.481+0000] {processor.py:183} INFO - Processing /opt/airflow/dags/Code explanation.xlsx took 0.030 seconds
[2025-05-02T22:58:58.893+0000] {processor.py:161} INFO - Started process (PID=550) to work on /opt/airflow/dags/Code explanation.xlsx
[2025-05-02T22:58:58.894+0000] {processor.py:830} INFO - Processing file /opt/airflow/dags/Code explanation.xlsx for tasks to queue
[2025-05-02T22:58:58.895+0000] {logging_mixin.py:188} INFO - [2025-05-02T22:58:58.895+0000] {dagbag.py:538} INFO - Filling up the DagBag from /opt/airflow/dags/Code explanation.xlsx
[2025-05-02T22:58:58.906+0000] {processor.py:842} WARNING - No viable dags retrieved from /opt/airflow/dags/Code explanation.xlsx
[2025-05-02T22:58:58.923+0000] {processor.py:183} INFO - Processing /opt/airflow/dags/Code explanation.xlsx took 0.035 seconds
[2025-05-02T22:59:24.049+0000] {processor.py:161} INFO - Started process (PID=574) to work on /opt/airflow/dags/Code explanation.xlsx
[2025-05-02T22:59:24.051+0000] {processor.py:830} INFO - Processing file /opt/airflow/dags/Code explanation.xlsx for tasks to queue
[2025-05-02T22:59:24.051+0000] {logging_mixin.py:188} INFO - [2025-05-02T22:59:24.051+0000] {dagbag.py:538} INFO - Filling up the DagBag from /opt/airflow/dags/Code explanation.xlsx
[2025-05-02T22:59:24.061+0000] {processor.py:842} WARNING - No viable dags retrieved from /opt/airflow/dags/Code explanation.xlsx
[2025-05-02T22:59:24.072+0000] {processor.py:183} INFO - Processing /opt/airflow/dags/Code explanation.xlsx took 0.025 seconds
[2025-05-02T22:59:29.334+0000] {processor.py:161} INFO - Started process (PID=593) to work on /opt/airflow/dags/Code explanation.xlsx
[2025-05-02T22:59:29.335+0000] {processor.py:830} INFO - Processing file /opt/airflow/dags/Code explanation.xlsx for tasks to queue
[2025-05-02T22:59:29.336+0000] {logging_mixin.py:188} INFO - [2025-05-02T22:59:29.336+0000] {dagbag.py:538} INFO - Filling up the DagBag from /opt/airflow/dags/Code explanation.xlsx
[2025-05-02T22:59:29.349+0000] {processor.py:842} WARNING - No viable dags retrieved from /opt/airflow/dags/Code explanation.xlsx
[2025-05-02T22:59:29.365+0000] {processor.py:183} INFO - Processing /opt/airflow/dags/Code explanation.xlsx took 0.034 seconds
[2025-05-02T22:59:54.409+0000] {processor.py:161} INFO - Started process (PID=617) to work on /opt/airflow/dags/Code explanation.xlsx
[2025-05-02T22:59:54.410+0000] {processor.py:830} INFO - Processing file /opt/airflow/dags/Code explanation.xlsx for tasks to queue
[2025-05-02T22:59:54.412+0000] {logging_mixin.py:188} INFO - [2025-05-02T22:59:54.412+0000] {dagbag.py:538} INFO - Filling up the DagBag from /opt/airflow/dags/Code explanation.xlsx
[2025-05-02T22:59:54.423+0000] {processor.py:842} WARNING - No viable dags retrieved from /opt/airflow/dags/Code explanation.xlsx
[2025-05-02T22:59:54.437+0000] {processor.py:183} INFO - Processing /opt/airflow/dags/Code explanation.xlsx took 0.031 seconds
[2025-05-02T22:59:59.444+0000] {processor.py:161} INFO - Started process (PID=636) to work on /opt/airflow/dags/Code explanation.xlsx
[2025-05-02T22:59:59.445+0000] {processor.py:830} INFO - Processing file /opt/airflow/dags/Code explanation.xlsx for tasks to queue
[2025-05-02T22:59:59.446+0000] {logging_mixin.py:188} INFO - [2025-05-02T22:59:59.445+0000] {dagbag.py:538} INFO - Filling up the DagBag from /opt/airflow/dags/Code explanation.xlsx
[2025-05-02T22:59:59.459+0000] {processor.py:842} WARNING - No viable dags retrieved from /opt/airflow/dags/Code explanation.xlsx
[2025-05-02T22:59:59.481+0000] {processor.py:183} INFO - Processing /opt/airflow/dags/Code explanation.xlsx took 0.040 seconds
[2025-05-02T23:00:25.277+0000] {processor.py:161} INFO - Started process (PID=664) to work on /opt/airflow/dags/Code explanation.xlsx
[2025-05-02T23:00:25.279+0000] {processor.py:830} INFO - Processing file /opt/airflow/dags/Code explanation.xlsx for tasks to queue
[2025-05-02T23:00:25.280+0000] {logging_mixin.py:188} INFO - [2025-05-02T23:00:25.279+0000] {dagbag.py:538} INFO - Filling up the DagBag from /opt/airflow/dags/Code explanation.xlsx
[2025-05-02T23:00:25.287+0000] {processor.py:842} WARNING - No viable dags retrieved from /opt/airflow/dags/Code explanation.xlsx
[2025-05-02T23:00:25.296+0000] {processor.py:183} INFO - Processing /opt/airflow/dags/Code explanation.xlsx took 0.021 seconds
[2025-05-02T23:00:29.952+0000] {processor.py:161} INFO - Started process (PID=679) to work on /opt/airflow/dags/Code explanation.xlsx
[2025-05-02T23:00:29.953+0000] {processor.py:830} INFO - Processing file /opt/airflow/dags/Code explanation.xlsx for tasks to queue
[2025-05-02T23:00:29.955+0000] {logging_mixin.py:188} INFO - [2025-05-02T23:00:29.955+0000] {dagbag.py:538} INFO - Filling up the DagBag from /opt/airflow/dags/Code explanation.xlsx
[2025-05-02T23:00:29.968+0000] {processor.py:842} WARNING - No viable dags retrieved from /opt/airflow/dags/Code explanation.xlsx
[2025-05-02T23:00:29.987+0000] {processor.py:183} INFO - Processing /opt/airflow/dags/Code explanation.xlsx took 0.037 seconds
[2025-05-02T23:00:55.358+0000] {processor.py:161} INFO - Started process (PID=705) to work on /opt/airflow/dags/Code explanation.xlsx
[2025-05-02T23:00:55.359+0000] {processor.py:830} INFO - Processing file /opt/airflow/dags/Code explanation.xlsx for tasks to queue
[2025-05-02T23:00:55.359+0000] {logging_mixin.py:188} INFO - [2025-05-02T23:00:55.359+0000] {dagbag.py:538} INFO - Filling up the DagBag from /opt/airflow/dags/Code explanation.xlsx
[2025-05-02T23:00:55.366+0000] {processor.py:842} WARNING - No viable dags retrieved from /opt/airflow/dags/Code explanation.xlsx
[2025-05-02T23:00:55.377+0000] {processor.py:183} INFO - Processing /opt/airflow/dags/Code explanation.xlsx took 0.022 seconds
[2025-05-02T23:01:00.525+0000] {processor.py:161} INFO - Started process (PID=722) to work on /opt/airflow/dags/Code explanation.xlsx
[2025-05-02T23:01:00.527+0000] {processor.py:830} INFO - Processing file /opt/airflow/dags/Code explanation.xlsx for tasks to queue
[2025-05-02T23:01:00.529+0000] {logging_mixin.py:188} INFO - [2025-05-02T23:01:00.529+0000] {dagbag.py:538} INFO - Filling up the DagBag from /opt/airflow/dags/Code explanation.xlsx
[2025-05-02T23:01:00.548+0000] {processor.py:842} WARNING - No viable dags retrieved from /opt/airflow/dags/Code explanation.xlsx
[2025-05-02T23:01:00.570+0000] {processor.py:183} INFO - Processing /opt/airflow/dags/Code explanation.xlsx took 0.051 seconds
[2025-05-02T23:01:25.855+0000] {processor.py:161} INFO - Started process (PID=750) to work on /opt/airflow/dags/Code explanation.xlsx
[2025-05-02T23:01:25.856+0000] {processor.py:830} INFO - Processing file /opt/airflow/dags/Code explanation.xlsx for tasks to queue
[2025-05-02T23:01:25.856+0000] {logging_mixin.py:188} INFO - [2025-05-02T23:01:25.856+0000] {dagbag.py:538} INFO - Filling up the DagBag from /opt/airflow/dags/Code explanation.xlsx
[2025-05-02T23:01:25.864+0000] {processor.py:842} WARNING - No viable dags retrieved from /opt/airflow/dags/Code explanation.xlsx
[2025-05-02T23:01:25.875+0000] {processor.py:183} INFO - Processing /opt/airflow/dags/Code explanation.xlsx took 0.023 seconds
[2025-05-02T23:01:30.969+0000] {processor.py:161} INFO - Started process (PID=765) to work on /opt/airflow/dags/Code explanation.xlsx
[2025-05-02T23:01:30.970+0000] {processor.py:830} INFO - Processing file /opt/airflow/dags/Code explanation.xlsx for tasks to queue
[2025-05-02T23:01:30.972+0000] {logging_mixin.py:188} INFO - [2025-05-02T23:01:30.971+0000] {dagbag.py:538} INFO - Filling up the DagBag from /opt/airflow/dags/Code explanation.xlsx
[2025-05-02T23:01:30.981+0000] {processor.py:842} WARNING - No viable dags retrieved from /opt/airflow/dags/Code explanation.xlsx
[2025-05-02T23:01:30.993+0000] {processor.py:183} INFO - Processing /opt/airflow/dags/Code explanation.xlsx took 0.027 seconds
[2025-05-02T23:01:56.357+0000] {processor.py:161} INFO - Started process (PID=791) to work on /opt/airflow/dags/Code explanation.xlsx
[2025-05-02T23:01:56.358+0000] {processor.py:830} INFO - Processing file /opt/airflow/dags/Code explanation.xlsx for tasks to queue
[2025-05-02T23:01:56.359+0000] {logging_mixin.py:188} INFO - [2025-05-02T23:01:56.359+0000] {dagbag.py:538} INFO - Filling up the DagBag from /opt/airflow/dags/Code explanation.xlsx
[2025-05-02T23:01:56.368+0000] {processor.py:842} WARNING - No viable dags retrieved from /opt/airflow/dags/Code explanation.xlsx
[2025-05-02T23:01:56.380+0000] {processor.py:183} INFO - Processing /opt/airflow/dags/Code explanation.xlsx took 0.025 seconds
[2025-05-02T23:02:01.246+0000] {processor.py:161} INFO - Started process (PID=808) to work on /opt/airflow/dags/Code explanation.xlsx
[2025-05-02T23:02:01.247+0000] {processor.py:830} INFO - Processing file /opt/airflow/dags/Code explanation.xlsx for tasks to queue
[2025-05-02T23:02:01.248+0000] {logging_mixin.py:188} INFO - [2025-05-02T23:02:01.248+0000] {dagbag.py:538} INFO - Filling up the DagBag from /opt/airflow/dags/Code explanation.xlsx
[2025-05-02T23:02:01.262+0000] {processor.py:842} WARNING - No viable dags retrieved from /opt/airflow/dags/Code explanation.xlsx
[2025-05-02T23:02:01.275+0000] {processor.py:183} INFO - Processing /opt/airflow/dags/Code explanation.xlsx took 0.031 seconds
[2025-05-02T23:02:26.904+0000] {processor.py:161} INFO - Started process (PID=838) to work on /opt/airflow/dags/Code explanation.xlsx
[2025-05-02T23:02:26.905+0000] {processor.py:830} INFO - Processing file /opt/airflow/dags/Code explanation.xlsx for tasks to queue
[2025-05-02T23:02:26.906+0000] {logging_mixin.py:188} INFO - [2025-05-02T23:02:26.905+0000] {dagbag.py:538} INFO - Filling up the DagBag from /opt/airflow/dags/Code explanation.xlsx
[2025-05-02T23:02:26.916+0000] {processor.py:842} WARNING - No viable dags retrieved from /opt/airflow/dags/Code explanation.xlsx
[2025-05-02T23:02:26.926+0000] {processor.py:183} INFO - Processing /opt/airflow/dags/Code explanation.xlsx took 0.025 seconds
[2025-05-02T23:02:31.648+0000] {processor.py:161} INFO - Started process (PID=851) to work on /opt/airflow/dags/Code explanation.xlsx
[2025-05-02T23:02:31.649+0000] {processor.py:830} INFO - Processing file /opt/airflow/dags/Code explanation.xlsx for tasks to queue
[2025-05-02T23:02:31.650+0000] {logging_mixin.py:188} INFO - [2025-05-02T23:02:31.649+0000] {dagbag.py:538} INFO - Filling up the DagBag from /opt/airflow/dags/Code explanation.xlsx
[2025-05-02T23:02:31.661+0000] {processor.py:842} WARNING - No viable dags retrieved from /opt/airflow/dags/Code explanation.xlsx
[2025-05-02T23:02:31.674+0000] {processor.py:183} INFO - Processing /opt/airflow/dags/Code explanation.xlsx took 0.028 seconds
[2025-05-02T23:02:57.024+0000] {processor.py:161} INFO - Started process (PID=881) to work on /opt/airflow/dags/Code explanation.xlsx
[2025-05-02T23:02:57.025+0000] {processor.py:830} INFO - Processing file /opt/airflow/dags/Code explanation.xlsx for tasks to queue
[2025-05-02T23:02:57.026+0000] {logging_mixin.py:188} INFO - [2025-05-02T23:02:57.026+0000] {dagbag.py:538} INFO - Filling up the DagBag from /opt/airflow/dags/Code explanation.xlsx
[2025-05-02T23:02:57.038+0000] {processor.py:842} WARNING - No viable dags retrieved from /opt/airflow/dags/Code explanation.xlsx
[2025-05-02T23:02:57.051+0000] {processor.py:183} INFO - Processing /opt/airflow/dags/Code explanation.xlsx took 0.030 seconds
[2025-05-02T23:03:02.283+0000] {processor.py:161} INFO - Started process (PID=894) to work on /opt/airflow/dags/Code explanation.xlsx
[2025-05-02T23:03:02.284+0000] {processor.py:830} INFO - Processing file /opt/airflow/dags/Code explanation.xlsx for tasks to queue
[2025-05-02T23:03:02.286+0000] {logging_mixin.py:188} INFO - [2025-05-02T23:03:02.285+0000] {dagbag.py:538} INFO - Filling up the DagBag from /opt/airflow/dags/Code explanation.xlsx
[2025-05-02T23:03:02.295+0000] {processor.py:842} WARNING - No viable dags retrieved from /opt/airflow/dags/Code explanation.xlsx
[2025-05-02T23:03:02.307+0000] {processor.py:183} INFO - Processing /opt/airflow/dags/Code explanation.xlsx took 0.026 seconds
[2025-05-02T23:03:27.361+0000] {processor.py:161} INFO - Started process (PID=924) to work on /opt/airflow/dags/Code explanation.xlsx
[2025-05-02T23:03:27.362+0000] {processor.py:830} INFO - Processing file /opt/airflow/dags/Code explanation.xlsx for tasks to queue
[2025-05-02T23:03:27.363+0000] {logging_mixin.py:188} INFO - [2025-05-02T23:03:27.362+0000] {dagbag.py:538} INFO - Filling up the DagBag from /opt/airflow/dags/Code explanation.xlsx
[2025-05-02T23:03:27.374+0000] {processor.py:842} WARNING - No viable dags retrieved from /opt/airflow/dags/Code explanation.xlsx
[2025-05-02T23:03:27.402+0000] {processor.py:183} INFO - Processing /opt/airflow/dags/Code explanation.xlsx took 0.045 seconds
[2025-05-02T23:03:32.585+0000] {processor.py:161} INFO - Started process (PID=937) to work on /opt/airflow/dags/Code explanation.xlsx
[2025-05-02T23:03:32.586+0000] {processor.py:830} INFO - Processing file /opt/airflow/dags/Code explanation.xlsx for tasks to queue
[2025-05-02T23:03:32.587+0000] {logging_mixin.py:188} INFO - [2025-05-02T23:03:32.587+0000] {dagbag.py:538} INFO - Filling up the DagBag from /opt/airflow/dags/Code explanation.xlsx
[2025-05-02T23:03:32.597+0000] {processor.py:842} WARNING - No viable dags retrieved from /opt/airflow/dags/Code explanation.xlsx
[2025-05-02T23:03:32.611+0000] {processor.py:183} INFO - Processing /opt/airflow/dags/Code explanation.xlsx took 0.029 seconds
[2025-05-02T23:03:57.714+0000] {processor.py:161} INFO - Started process (PID=967) to work on /opt/airflow/dags/Code explanation.xlsx
[2025-05-02T23:03:57.715+0000] {processor.py:830} INFO - Processing file /opt/airflow/dags/Code explanation.xlsx for tasks to queue
[2025-05-02T23:03:57.717+0000] {logging_mixin.py:188} INFO - [2025-05-02T23:03:57.716+0000] {dagbag.py:538} INFO - Filling up the DagBag from /opt/airflow/dags/Code explanation.xlsx
[2025-05-02T23:03:57.728+0000] {processor.py:842} WARNING - No viable dags retrieved from /opt/airflow/dags/Code explanation.xlsx
[2025-05-02T23:03:57.745+0000] {processor.py:183} INFO - Processing /opt/airflow/dags/Code explanation.xlsx took 0.034 seconds
[2025-05-02T23:04:03.052+0000] {processor.py:161} INFO - Started process (PID=980) to work on /opt/airflow/dags/Code explanation.xlsx
[2025-05-02T23:04:03.053+0000] {processor.py:830} INFO - Processing file /opt/airflow/dags/Code explanation.xlsx for tasks to queue
[2025-05-02T23:04:03.055+0000] {logging_mixin.py:188} INFO - [2025-05-02T23:04:03.055+0000] {dagbag.py:538} INFO - Filling up the DagBag from /opt/airflow/dags/Code explanation.xlsx
[2025-05-02T23:04:03.069+0000] {processor.py:842} WARNING - No viable dags retrieved from /opt/airflow/dags/Code explanation.xlsx
[2025-05-02T23:04:03.095+0000] {processor.py:183} INFO - Processing /opt/airflow/dags/Code explanation.xlsx took 0.049 seconds
[2025-05-02T23:04:28.357+0000] {processor.py:161} INFO - Started process (PID=1012) to work on /opt/airflow/dags/Code explanation.xlsx
[2025-05-02T23:04:28.359+0000] {processor.py:830} INFO - Processing file /opt/airflow/dags/Code explanation.xlsx for tasks to queue
[2025-05-02T23:04:28.360+0000] {logging_mixin.py:188} INFO - [2025-05-02T23:04:28.359+0000] {dagbag.py:538} INFO - Filling up the DagBag from /opt/airflow/dags/Code explanation.xlsx
[2025-05-02T23:04:28.370+0000] {processor.py:842} WARNING - No viable dags retrieved from /opt/airflow/dags/Code explanation.xlsx
[2025-05-02T23:04:28.384+0000] {processor.py:183} INFO - Processing /opt/airflow/dags/Code explanation.xlsx took 0.030 seconds
[2025-05-02T23:04:33.282+0000] {processor.py:161} INFO - Started process (PID=1023) to work on /opt/airflow/dags/Code explanation.xlsx
[2025-05-02T23:04:33.284+0000] {processor.py:830} INFO - Processing file /opt/airflow/dags/Code explanation.xlsx for tasks to queue
[2025-05-02T23:04:33.285+0000] {logging_mixin.py:188} INFO - [2025-05-02T23:04:33.285+0000] {dagbag.py:538} INFO - Filling up the DagBag from /opt/airflow/dags/Code explanation.xlsx
[2025-05-02T23:04:33.295+0000] {processor.py:842} WARNING - No viable dags retrieved from /opt/airflow/dags/Code explanation.xlsx
[2025-05-02T23:04:33.311+0000] {processor.py:183} INFO - Processing /opt/airflow/dags/Code explanation.xlsx took 0.032 seconds
[2025-05-02T23:04:58.925+0000] {processor.py:161} INFO - Started process (PID=1055) to work on /opt/airflow/dags/Code explanation.xlsx
[2025-05-02T23:04:58.926+0000] {processor.py:830} INFO - Processing file /opt/airflow/dags/Code explanation.xlsx for tasks to queue
[2025-05-02T23:04:58.927+0000] {logging_mixin.py:188} INFO - [2025-05-02T23:04:58.927+0000] {dagbag.py:538} INFO - Filling up the DagBag from /opt/airflow/dags/Code explanation.xlsx
[2025-05-02T23:04:58.938+0000] {processor.py:842} WARNING - No viable dags retrieved from /opt/airflow/dags/Code explanation.xlsx
[2025-05-02T23:04:58.955+0000] {processor.py:183} INFO - Processing /opt/airflow/dags/Code explanation.xlsx took 0.033 seconds
[2025-05-02T23:05:03.617+0000] {processor.py:161} INFO - Started process (PID=1066) to work on /opt/airflow/dags/Code explanation.xlsx
[2025-05-02T23:05:03.618+0000] {processor.py:830} INFO - Processing file /opt/airflow/dags/Code explanation.xlsx for tasks to queue
[2025-05-02T23:05:03.620+0000] {logging_mixin.py:188} INFO - [2025-05-02T23:05:03.619+0000] {dagbag.py:538} INFO - Filling up the DagBag from /opt/airflow/dags/Code explanation.xlsx
[2025-05-02T23:05:03.631+0000] {processor.py:842} WARNING - No viable dags retrieved from /opt/airflow/dags/Code explanation.xlsx
[2025-05-02T23:05:03.642+0000] {processor.py:183} INFO - Processing /opt/airflow/dags/Code explanation.xlsx took 0.028 seconds
[2025-05-02T23:05:29.028+0000] {processor.py:161} INFO - Started process (PID=1093) to work on /opt/airflow/dags/Code explanation.xlsx
[2025-05-02T23:05:29.029+0000] {processor.py:830} INFO - Processing file /opt/airflow/dags/Code explanation.xlsx for tasks to queue
[2025-05-02T23:05:29.029+0000] {logging_mixin.py:188} INFO - [2025-05-02T23:05:29.029+0000] {dagbag.py:538} INFO - Filling up the DagBag from /opt/airflow/dags/Code explanation.xlsx
[2025-05-02T23:05:29.038+0000] {processor.py:842} WARNING - No viable dags retrieved from /opt/airflow/dags/Code explanation.xlsx
[2025-05-02T23:05:29.051+0000] {processor.py:183} INFO - Processing /opt/airflow/dags/Code explanation.xlsx took 0.026 seconds
[2025-05-02T23:05:34.142+0000] {processor.py:161} INFO - Started process (PID=1109) to work on /opt/airflow/dags/Code explanation.xlsx
[2025-05-02T23:05:34.144+0000] {processor.py:830} INFO - Processing file /opt/airflow/dags/Code explanation.xlsx for tasks to queue
[2025-05-02T23:05:34.145+0000] {logging_mixin.py:188} INFO - [2025-05-02T23:05:34.144+0000] {dagbag.py:538} INFO - Filling up the DagBag from /opt/airflow/dags/Code explanation.xlsx
[2025-05-02T23:05:34.155+0000] {processor.py:842} WARNING - No viable dags retrieved from /opt/airflow/dags/Code explanation.xlsx
[2025-05-02T23:05:34.167+0000] {processor.py:183} INFO - Processing /opt/airflow/dags/Code explanation.xlsx took 0.027 seconds
[2025-05-02T23:05:59.237+0000] {processor.py:161} INFO - Started process (PID=1136) to work on /opt/airflow/dags/Code explanation.xlsx
[2025-05-02T23:05:59.238+0000] {processor.py:830} INFO - Processing file /opt/airflow/dags/Code explanation.xlsx for tasks to queue
[2025-05-02T23:05:59.239+0000] {logging_mixin.py:188} INFO - [2025-05-02T23:05:59.238+0000] {dagbag.py:538} INFO - Filling up the DagBag from /opt/airflow/dags/Code explanation.xlsx
[2025-05-02T23:05:59.248+0000] {processor.py:842} WARNING - No viable dags retrieved from /opt/airflow/dags/Code explanation.xlsx
[2025-05-02T23:05:59.260+0000] {processor.py:183} INFO - Processing /opt/airflow/dags/Code explanation.xlsx took 0.027 seconds
[2025-05-02T23:06:04.848+0000] {processor.py:161} INFO - Started process (PID=1152) to work on /opt/airflow/dags/Code explanation.xlsx
[2025-05-02T23:06:04.850+0000] {processor.py:830} INFO - Processing file /opt/airflow/dags/Code explanation.xlsx for tasks to queue
[2025-05-02T23:06:04.852+0000] {logging_mixin.py:188} INFO - [2025-05-02T23:06:04.851+0000] {dagbag.py:538} INFO - Filling up the DagBag from /opt/airflow/dags/Code explanation.xlsx
[2025-05-02T23:06:04.867+0000] {processor.py:842} WARNING - No viable dags retrieved from /opt/airflow/dags/Code explanation.xlsx
[2025-05-02T23:06:04.883+0000] {processor.py:183} INFO - Processing /opt/airflow/dags/Code explanation.xlsx took 0.038 seconds
[2025-05-02T23:06:29.395+0000] {processor.py:161} INFO - Started process (PID=1174) to work on /opt/airflow/dags/Code explanation.xlsx
[2025-05-02T23:06:29.396+0000] {processor.py:830} INFO - Processing file /opt/airflow/dags/Code explanation.xlsx for tasks to queue
[2025-05-02T23:06:29.398+0000] {logging_mixin.py:188} INFO - [2025-05-02T23:06:29.397+0000] {dagbag.py:538} INFO - Filling up the DagBag from /opt/airflow/dags/Code explanation.xlsx
[2025-05-02T23:06:29.408+0000] {processor.py:842} WARNING - No viable dags retrieved from /opt/airflow/dags/Code explanation.xlsx
[2025-05-02T23:06:29.425+0000] {processor.py:183} INFO - Processing /opt/airflow/dags/Code explanation.xlsx took 0.032 seconds
[2025-05-02T23:06:35.352+0000] {processor.py:161} INFO - Started process (PID=1195) to work on /opt/airflow/dags/Code explanation.xlsx
[2025-05-02T23:06:35.353+0000] {processor.py:830} INFO - Processing file /opt/airflow/dags/Code explanation.xlsx for tasks to queue
[2025-05-02T23:06:35.354+0000] {logging_mixin.py:188} INFO - [2025-05-02T23:06:35.353+0000] {dagbag.py:538} INFO - Filling up the DagBag from /opt/airflow/dags/Code explanation.xlsx
[2025-05-02T23:06:35.362+0000] {processor.py:842} WARNING - No viable dags retrieved from /opt/airflow/dags/Code explanation.xlsx
[2025-05-02T23:06:35.373+0000] {processor.py:183} INFO - Processing /opt/airflow/dags/Code explanation.xlsx took 0.024 seconds
[2025-05-02T23:06:59.507+0000] {processor.py:161} INFO - Started process (PID=1214) to work on /opt/airflow/dags/Code explanation.xlsx
[2025-05-02T23:06:59.508+0000] {processor.py:830} INFO - Processing file /opt/airflow/dags/Code explanation.xlsx for tasks to queue
[2025-05-02T23:06:59.508+0000] {logging_mixin.py:188} INFO - [2025-05-02T23:06:59.508+0000] {dagbag.py:538} INFO - Filling up the DagBag from /opt/airflow/dags/Code explanation.xlsx
[2025-05-02T23:06:59.517+0000] {processor.py:842} WARNING - No viable dags retrieved from /opt/airflow/dags/Code explanation.xlsx
[2025-05-02T23:06:59.528+0000] {processor.py:183} INFO - Processing /opt/airflow/dags/Code explanation.xlsx took 0.023 seconds
[2025-05-02T23:07:05.851+0000] {processor.py:161} INFO - Started process (PID=1238) to work on /opt/airflow/dags/Code explanation.xlsx
[2025-05-02T23:07:05.852+0000] {processor.py:830} INFO - Processing file /opt/airflow/dags/Code explanation.xlsx for tasks to queue
[2025-05-02T23:07:05.853+0000] {logging_mixin.py:188} INFO - [2025-05-02T23:07:05.853+0000] {dagbag.py:538} INFO - Filling up the DagBag from /opt/airflow/dags/Code explanation.xlsx
[2025-05-02T23:07:05.865+0000] {processor.py:842} WARNING - No viable dags retrieved from /opt/airflow/dags/Code explanation.xlsx
[2025-05-02T23:07:05.880+0000] {processor.py:183} INFO - Processing /opt/airflow/dags/Code explanation.xlsx took 0.032 seconds
[2025-05-02T23:07:29.754+0000] {processor.py:161} INFO - Started process (PID=1260) to work on /opt/airflow/dags/Code explanation.xlsx
[2025-05-02T23:07:29.755+0000] {processor.py:830} INFO - Processing file /opt/airflow/dags/Code explanation.xlsx for tasks to queue
[2025-05-02T23:07:29.756+0000] {logging_mixin.py:188} INFO - [2025-05-02T23:07:29.756+0000] {dagbag.py:538} INFO - Filling up the DagBag from /opt/airflow/dags/Code explanation.xlsx
[2025-05-02T23:07:29.765+0000] {processor.py:842} WARNING - No viable dags retrieved from /opt/airflow/dags/Code explanation.xlsx
[2025-05-02T23:07:29.778+0000] {processor.py:183} INFO - Processing /opt/airflow/dags/Code explanation.xlsx took 0.026 seconds
[2025-05-02T23:07:36.413+0000] {processor.py:161} INFO - Started process (PID=1281) to work on /opt/airflow/dags/Code explanation.xlsx
[2025-05-02T23:07:36.415+0000] {processor.py:830} INFO - Processing file /opt/airflow/dags/Code explanation.xlsx for tasks to queue
[2025-05-02T23:07:36.416+0000] {logging_mixin.py:188} INFO - [2025-05-02T23:07:36.416+0000] {dagbag.py:538} INFO - Filling up the DagBag from /opt/airflow/dags/Code explanation.xlsx
[2025-05-02T23:07:36.428+0000] {processor.py:842} WARNING - No viable dags retrieved from /opt/airflow/dags/Code explanation.xlsx
[2025-05-02T23:07:36.444+0000] {processor.py:183} INFO - Processing /opt/airflow/dags/Code explanation.xlsx took 0.035 seconds
[2025-05-02T23:08:00.594+0000] {processor.py:161} INFO - Started process (PID=1303) to work on /opt/airflow/dags/Code explanation.xlsx
[2025-05-02T23:08:00.595+0000] {processor.py:830} INFO - Processing file /opt/airflow/dags/Code explanation.xlsx for tasks to queue
[2025-05-02T23:08:00.598+0000] {logging_mixin.py:188} INFO - [2025-05-02T23:08:00.598+0000] {dagbag.py:538} INFO - Filling up the DagBag from /opt/airflow/dags/Code explanation.xlsx
[2025-05-02T23:08:00.611+0000] {processor.py:842} WARNING - No viable dags retrieved from /opt/airflow/dags/Code explanation.xlsx
[2025-05-02T23:08:00.633+0000] {processor.py:183} INFO - Processing /opt/airflow/dags/Code explanation.xlsx took 0.042 seconds
[2025-05-02T23:08:06.904+0000] {processor.py:161} INFO - Started process (PID=1324) to work on /opt/airflow/dags/Code explanation.xlsx
[2025-05-02T23:08:06.905+0000] {processor.py:830} INFO - Processing file /opt/airflow/dags/Code explanation.xlsx for tasks to queue
[2025-05-02T23:08:06.906+0000] {logging_mixin.py:188} INFO - [2025-05-02T23:08:06.906+0000] {dagbag.py:538} INFO - Filling up the DagBag from /opt/airflow/dags/Code explanation.xlsx
[2025-05-02T23:08:06.915+0000] {processor.py:842} WARNING - No viable dags retrieved from /opt/airflow/dags/Code explanation.xlsx
[2025-05-02T23:08:06.925+0000] {processor.py:183} INFO - Processing /opt/airflow/dags/Code explanation.xlsx took 0.023 seconds
[2025-05-02T23:08:31.441+0000] {processor.py:161} INFO - Started process (PID=1346) to work on /opt/airflow/dags/Code explanation.xlsx
[2025-05-02T23:08:31.443+0000] {processor.py:830} INFO - Processing file /opt/airflow/dags/Code explanation.xlsx for tasks to queue
[2025-05-02T23:08:31.444+0000] {logging_mixin.py:188} INFO - [2025-05-02T23:08:31.444+0000] {dagbag.py:538} INFO - Filling up the DagBag from /opt/airflow/dags/Code explanation.xlsx
[2025-05-02T23:08:31.465+0000] {processor.py:842} WARNING - No viable dags retrieved from /opt/airflow/dags/Code explanation.xlsx
[2025-05-02T23:08:31.491+0000] {processor.py:183} INFO - Processing /opt/airflow/dags/Code explanation.xlsx took 0.053 seconds
[2025-05-02T23:08:37.418+0000] {processor.py:161} INFO - Started process (PID=1367) to work on /opt/airflow/dags/Code explanation.xlsx
[2025-05-02T23:08:37.420+0000] {processor.py:830} INFO - Processing file /opt/airflow/dags/Code explanation.xlsx for tasks to queue
[2025-05-02T23:08:37.421+0000] {logging_mixin.py:188} INFO - [2025-05-02T23:08:37.421+0000] {dagbag.py:538} INFO - Filling up the DagBag from /opt/airflow/dags/Code explanation.xlsx
[2025-05-02T23:08:37.436+0000] {processor.py:842} WARNING - No viable dags retrieved from /opt/airflow/dags/Code explanation.xlsx
[2025-05-02T23:08:37.453+0000] {processor.py:183} INFO - Processing /opt/airflow/dags/Code explanation.xlsx took 0.038 seconds
[2025-05-02T23:09:02.468+0000] {processor.py:161} INFO - Started process (PID=1389) to work on /opt/airflow/dags/Code explanation.xlsx
[2025-05-02T23:09:02.469+0000] {processor.py:830} INFO - Processing file /opt/airflow/dags/Code explanation.xlsx for tasks to queue
[2025-05-02T23:09:02.470+0000] {logging_mixin.py:188} INFO - [2025-05-02T23:09:02.469+0000] {dagbag.py:538} INFO - Filling up the DagBag from /opt/airflow/dags/Code explanation.xlsx
[2025-05-02T23:09:02.481+0000] {processor.py:842} WARNING - No viable dags retrieved from /opt/airflow/dags/Code explanation.xlsx
[2025-05-02T23:09:02.498+0000] {processor.py:183} INFO - Processing /opt/airflow/dags/Code explanation.xlsx took 0.033 seconds
[2025-05-02T23:09:08.116+0000] {processor.py:161} INFO - Started process (PID=1408) to work on /opt/airflow/dags/Code explanation.xlsx
[2025-05-02T23:09:08.117+0000] {processor.py:830} INFO - Processing file /opt/airflow/dags/Code explanation.xlsx for tasks to queue
[2025-05-02T23:09:08.117+0000] {logging_mixin.py:188} INFO - [2025-05-02T23:09:08.117+0000] {dagbag.py:538} INFO - Filling up the DagBag from /opt/airflow/dags/Code explanation.xlsx
[2025-05-02T23:09:08.128+0000] {processor.py:842} WARNING - No viable dags retrieved from /opt/airflow/dags/Code explanation.xlsx
[2025-05-02T23:09:08.147+0000] {processor.py:183} INFO - Processing /opt/airflow/dags/Code explanation.xlsx took 0.034 seconds
[2025-05-02T23:09:32.724+0000] {processor.py:161} INFO - Started process (PID=1432) to work on /opt/airflow/dags/Code explanation.xlsx
[2025-05-02T23:09:32.725+0000] {processor.py:830} INFO - Processing file /opt/airflow/dags/Code explanation.xlsx for tasks to queue
[2025-05-02T23:09:32.725+0000] {logging_mixin.py:188} INFO - [2025-05-02T23:09:32.725+0000] {dagbag.py:538} INFO - Filling up the DagBag from /opt/airflow/dags/Code explanation.xlsx
[2025-05-02T23:09:32.735+0000] {processor.py:842} WARNING - No viable dags retrieved from /opt/airflow/dags/Code explanation.xlsx
[2025-05-02T23:09:32.748+0000] {processor.py:183} INFO - Processing /opt/airflow/dags/Code explanation.xlsx took 0.027 seconds
[2025-05-02T23:09:38.598+0000] {processor.py:161} INFO - Started process (PID=1451) to work on /opt/airflow/dags/Code explanation.xlsx
[2025-05-02T23:09:38.599+0000] {processor.py:830} INFO - Processing file /opt/airflow/dags/Code explanation.xlsx for tasks to queue
[2025-05-02T23:09:38.602+0000] {logging_mixin.py:188} INFO - [2025-05-02T23:09:38.601+0000] {dagbag.py:538} INFO - Filling up the DagBag from /opt/airflow/dags/Code explanation.xlsx
[2025-05-02T23:09:38.618+0000] {processor.py:842} WARNING - No viable dags retrieved from /opt/airflow/dags/Code explanation.xlsx
[2025-05-02T23:09:38.642+0000] {processor.py:183} INFO - Processing /opt/airflow/dags/Code explanation.xlsx took 0.051 seconds
[2025-05-02T23:10:02.858+0000] {processor.py:161} INFO - Started process (PID=1472) to work on /opt/airflow/dags/Code explanation.xlsx
[2025-05-02T23:10:02.859+0000] {processor.py:830} INFO - Processing file /opt/airflow/dags/Code explanation.xlsx for tasks to queue
[2025-05-02T23:10:02.860+0000] {logging_mixin.py:188} INFO - [2025-05-02T23:10:02.859+0000] {dagbag.py:538} INFO - Filling up the DagBag from /opt/airflow/dags/Code explanation.xlsx
[2025-05-02T23:10:02.869+0000] {processor.py:842} WARNING - No viable dags retrieved from /opt/airflow/dags/Code explanation.xlsx
[2025-05-02T23:10:02.884+0000] {processor.py:183} INFO - Processing /opt/airflow/dags/Code explanation.xlsx took 0.029 seconds
[2025-05-02T23:10:09.677+0000] {processor.py:161} INFO - Started process (PID=1494) to work on /opt/airflow/dags/Code explanation.xlsx
[2025-05-02T23:10:09.678+0000] {processor.py:830} INFO - Processing file /opt/airflow/dags/Code explanation.xlsx for tasks to queue
[2025-05-02T23:10:09.679+0000] {logging_mixin.py:188} INFO - [2025-05-02T23:10:09.679+0000] {dagbag.py:538} INFO - Filling up the DagBag from /opt/airflow/dags/Code explanation.xlsx
[2025-05-02T23:10:09.685+0000] {processor.py:842} WARNING - No viable dags retrieved from /opt/airflow/dags/Code explanation.xlsx
[2025-05-02T23:10:09.698+0000] {processor.py:183} INFO - Processing /opt/airflow/dags/Code explanation.xlsx took 0.023 seconds
[2025-05-02T23:10:33.480+0000] {processor.py:161} INFO - Started process (PID=1518) to work on /opt/airflow/dags/Code explanation.xlsx
[2025-05-02T23:10:33.481+0000] {processor.py:830} INFO - Processing file /opt/airflow/dags/Code explanation.xlsx for tasks to queue
[2025-05-02T23:10:33.481+0000] {logging_mixin.py:188} INFO - [2025-05-02T23:10:33.481+0000] {dagbag.py:538} INFO - Filling up the DagBag from /opt/airflow/dags/Code explanation.xlsx
[2025-05-02T23:10:33.489+0000] {processor.py:842} WARNING - No viable dags retrieved from /opt/airflow/dags/Code explanation.xlsx
[2025-05-02T23:10:33.503+0000] {processor.py:183} INFO - Processing /opt/airflow/dags/Code explanation.xlsx took 0.026 seconds
[2025-05-02T23:10:40.297+0000] {processor.py:161} INFO - Started process (PID=1539) to work on /opt/airflow/dags/Code explanation.xlsx
[2025-05-02T23:10:40.298+0000] {processor.py:830} INFO - Processing file /opt/airflow/dags/Code explanation.xlsx for tasks to queue
[2025-05-02T23:10:40.298+0000] {logging_mixin.py:188} INFO - [2025-05-02T23:10:40.298+0000] {dagbag.py:538} INFO - Filling up the DagBag from /opt/airflow/dags/Code explanation.xlsx
[2025-05-02T23:10:40.305+0000] {processor.py:842} WARNING - No viable dags retrieved from /opt/airflow/dags/Code explanation.xlsx
[2025-05-02T23:10:40.316+0000] {processor.py:183} INFO - Processing /opt/airflow/dags/Code explanation.xlsx took 0.022 seconds
[2025-05-02T23:11:04.037+0000] {processor.py:161} INFO - Started process (PID=1561) to work on /opt/airflow/dags/Code explanation.xlsx
[2025-05-02T23:11:04.038+0000] {processor.py:830} INFO - Processing file /opt/airflow/dags/Code explanation.xlsx for tasks to queue
[2025-05-02T23:11:04.039+0000] {logging_mixin.py:188} INFO - [2025-05-02T23:11:04.039+0000] {dagbag.py:538} INFO - Filling up the DagBag from /opt/airflow/dags/Code explanation.xlsx
[2025-05-02T23:11:04.050+0000] {processor.py:842} WARNING - No viable dags retrieved from /opt/airflow/dags/Code explanation.xlsx
[2025-05-02T23:11:04.071+0000] {processor.py:183} INFO - Processing /opt/airflow/dags/Code explanation.xlsx took 0.037 seconds
[2025-05-02T23:11:10.897+0000] {processor.py:161} INFO - Started process (PID=1580) to work on /opt/airflow/dags/Code explanation.xlsx
[2025-05-02T23:11:10.899+0000] {processor.py:830} INFO - Processing file /opt/airflow/dags/Code explanation.xlsx for tasks to queue
[2025-05-02T23:11:10.902+0000] {logging_mixin.py:188} INFO - [2025-05-02T23:11:10.901+0000] {dagbag.py:538} INFO - Filling up the DagBag from /opt/airflow/dags/Code explanation.xlsx
[2025-05-02T23:11:10.922+0000] {processor.py:842} WARNING - No viable dags retrieved from /opt/airflow/dags/Code explanation.xlsx
[2025-05-02T23:11:10.955+0000] {processor.py:183} INFO - Processing /opt/airflow/dags/Code explanation.xlsx took 0.062 seconds
[2025-05-02T23:11:34.401+0000] {processor.py:161} INFO - Started process (PID=1604) to work on /opt/airflow/dags/Code explanation.xlsx
[2025-05-02T23:11:34.402+0000] {processor.py:830} INFO - Processing file /opt/airflow/dags/Code explanation.xlsx for tasks to queue
[2025-05-02T23:11:34.404+0000] {logging_mixin.py:188} INFO - [2025-05-02T23:11:34.404+0000] {dagbag.py:538} INFO - Filling up the DagBag from /opt/airflow/dags/Code explanation.xlsx
[2025-05-02T23:11:34.418+0000] {processor.py:842} WARNING - No viable dags retrieved from /opt/airflow/dags/Code explanation.xlsx
[2025-05-02T23:11:34.439+0000] {processor.py:183} INFO - Processing /opt/airflow/dags/Code explanation.xlsx took 0.041 seconds
[2025-05-02T23:11:41.622+0000] {processor.py:161} INFO - Started process (PID=1625) to work on /opt/airflow/dags/Code explanation.xlsx
[2025-05-02T23:11:41.623+0000] {processor.py:830} INFO - Processing file /opt/airflow/dags/Code explanation.xlsx for tasks to queue
[2025-05-02T23:11:41.625+0000] {logging_mixin.py:188} INFO - [2025-05-02T23:11:41.625+0000] {dagbag.py:538} INFO - Filling up the DagBag from /opt/airflow/dags/Code explanation.xlsx
[2025-05-02T23:11:41.643+0000] {processor.py:842} WARNING - No viable dags retrieved from /opt/airflow/dags/Code explanation.xlsx
[2025-05-02T23:11:41.664+0000] {processor.py:183} INFO - Processing /opt/airflow/dags/Code explanation.xlsx took 0.046 seconds
[2025-05-02T23:12:04.681+0000] {processor.py:161} INFO - Started process (PID=1647) to work on /opt/airflow/dags/Code explanation.xlsx
[2025-05-02T23:12:04.682+0000] {processor.py:830} INFO - Processing file /opt/airflow/dags/Code explanation.xlsx for tasks to queue
[2025-05-02T23:12:04.684+0000] {logging_mixin.py:188} INFO - [2025-05-02T23:12:04.683+0000] {dagbag.py:538} INFO - Filling up the DagBag from /opt/airflow/dags/Code explanation.xlsx
[2025-05-02T23:12:04.695+0000] {processor.py:842} WARNING - No viable dags retrieved from /opt/airflow/dags/Code explanation.xlsx
[2025-05-02T23:12:04.709+0000] {processor.py:183} INFO - Processing /opt/airflow/dags/Code explanation.xlsx took 0.032 seconds
[2025-05-02T23:12:12.124+0000] {processor.py:161} INFO - Started process (PID=1668) to work on /opt/airflow/dags/Code explanation.xlsx
[2025-05-02T23:12:12.125+0000] {processor.py:830} INFO - Processing file /opt/airflow/dags/Code explanation.xlsx for tasks to queue
[2025-05-02T23:12:12.127+0000] {logging_mixin.py:188} INFO - [2025-05-02T23:12:12.126+0000] {dagbag.py:538} INFO - Filling up the DagBag from /opt/airflow/dags/Code explanation.xlsx
[2025-05-02T23:12:12.138+0000] {processor.py:842} WARNING - No viable dags retrieved from /opt/airflow/dags/Code explanation.xlsx
[2025-05-02T23:12:12.150+0000] {processor.py:183} INFO - Processing /opt/airflow/dags/Code explanation.xlsx took 0.029 seconds
[2025-05-02T23:12:35.566+0000] {processor.py:161} INFO - Started process (PID=1691) to work on /opt/airflow/dags/Code explanation.xlsx
[2025-05-02T23:12:35.567+0000] {processor.py:830} INFO - Processing file /opt/airflow/dags/Code explanation.xlsx for tasks to queue
[2025-05-02T23:12:35.568+0000] {logging_mixin.py:188} INFO - [2025-05-02T23:12:35.568+0000] {dagbag.py:538} INFO - Filling up the DagBag from /opt/airflow/dags/Code explanation.xlsx
[2025-05-02T23:12:35.581+0000] {processor.py:842} WARNING - No viable dags retrieved from /opt/airflow/dags/Code explanation.xlsx
[2025-05-02T23:12:35.604+0000] {processor.py:183} INFO - Processing /opt/airflow/dags/Code explanation.xlsx took 0.042 seconds
[2025-05-02T23:12:42.710+0000] {processor.py:161} INFO - Started process (PID=1711) to work on /opt/airflow/dags/Code explanation.xlsx
[2025-05-02T23:12:42.711+0000] {processor.py:830} INFO - Processing file /opt/airflow/dags/Code explanation.xlsx for tasks to queue
[2025-05-02T23:12:42.712+0000] {logging_mixin.py:188} INFO - [2025-05-02T23:12:42.712+0000] {dagbag.py:538} INFO - Filling up the DagBag from /opt/airflow/dags/Code explanation.xlsx
[2025-05-02T23:12:42.723+0000] {processor.py:842} WARNING - No viable dags retrieved from /opt/airflow/dags/Code explanation.xlsx
[2025-05-02T23:12:42.736+0000] {processor.py:183} INFO - Processing /opt/airflow/dags/Code explanation.xlsx took 0.029 seconds
[2025-05-02T23:13:05.837+0000] {processor.py:161} INFO - Started process (PID=1736) to work on /opt/airflow/dags/Code explanation.xlsx
[2025-05-02T23:13:05.838+0000] {processor.py:830} INFO - Processing file /opt/airflow/dags/Code explanation.xlsx for tasks to queue
[2025-05-02T23:13:05.839+0000] {logging_mixin.py:188} INFO - [2025-05-02T23:13:05.839+0000] {dagbag.py:538} INFO - Filling up the DagBag from /opt/airflow/dags/Code explanation.xlsx
[2025-05-02T23:13:05.847+0000] {processor.py:842} WARNING - No viable dags retrieved from /opt/airflow/dags/Code explanation.xlsx
[2025-05-02T23:13:05.862+0000] {processor.py:183} INFO - Processing /opt/airflow/dags/Code explanation.xlsx took 0.028 seconds
[2025-05-02T23:13:13.240+0000] {processor.py:161} INFO - Started process (PID=1754) to work on /opt/airflow/dags/Code explanation.xlsx
[2025-05-02T23:13:13.242+0000] {processor.py:830} INFO - Processing file /opt/airflow/dags/Code explanation.xlsx for tasks to queue
[2025-05-02T23:13:13.243+0000] {logging_mixin.py:188} INFO - [2025-05-02T23:13:13.242+0000] {dagbag.py:538} INFO - Filling up the DagBag from /opt/airflow/dags/Code explanation.xlsx
[2025-05-02T23:13:13.256+0000] {processor.py:842} WARNING - No viable dags retrieved from /opt/airflow/dags/Code explanation.xlsx
[2025-05-02T23:13:13.267+0000] {processor.py:183} INFO - Processing /opt/airflow/dags/Code explanation.xlsx took 0.030 seconds
[2025-05-02T23:13:36.121+0000] {processor.py:161} INFO - Started process (PID=1779) to work on /opt/airflow/dags/Code explanation.xlsx
[2025-05-02T23:13:36.123+0000] {processor.py:830} INFO - Processing file /opt/airflow/dags/Code explanation.xlsx for tasks to queue
[2025-05-02T23:13:36.124+0000] {logging_mixin.py:188} INFO - [2025-05-02T23:13:36.124+0000] {dagbag.py:538} INFO - Filling up the DagBag from /opt/airflow/dags/Code explanation.xlsx
[2025-05-02T23:13:36.135+0000] {processor.py:842} WARNING - No viable dags retrieved from /opt/airflow/dags/Code explanation.xlsx
[2025-05-02T23:13:36.148+0000] {processor.py:183} INFO - Processing /opt/airflow/dags/Code explanation.xlsx took 0.030 seconds
[2025-05-02T23:13:43.649+0000] {processor.py:161} INFO - Started process (PID=1797) to work on /opt/airflow/dags/Code explanation.xlsx
[2025-05-02T23:13:43.650+0000] {processor.py:830} INFO - Processing file /opt/airflow/dags/Code explanation.xlsx for tasks to queue
[2025-05-02T23:13:43.651+0000] {logging_mixin.py:188} INFO - [2025-05-02T23:13:43.651+0000] {dagbag.py:538} INFO - Filling up the DagBag from /opt/airflow/dags/Code explanation.xlsx
[2025-05-02T23:13:43.660+0000] {processor.py:842} WARNING - No viable dags retrieved from /opt/airflow/dags/Code explanation.xlsx
[2025-05-02T23:13:43.673+0000] {processor.py:183} INFO - Processing /opt/airflow/dags/Code explanation.xlsx took 0.026 seconds
[2025-05-02T23:14:06.517+0000] {processor.py:161} INFO - Started process (PID=1822) to work on /opt/airflow/dags/Code explanation.xlsx
[2025-05-02T23:14:06.519+0000] {processor.py:830} INFO - Processing file /opt/airflow/dags/Code explanation.xlsx for tasks to queue
[2025-05-02T23:14:06.520+0000] {logging_mixin.py:188} INFO - [2025-05-02T23:14:06.519+0000] {dagbag.py:538} INFO - Filling up the DagBag from /opt/airflow/dags/Code explanation.xlsx
[2025-05-02T23:14:06.531+0000] {processor.py:842} WARNING - No viable dags retrieved from /opt/airflow/dags/Code explanation.xlsx
[2025-05-02T23:14:06.547+0000] {processor.py:183} INFO - Processing /opt/airflow/dags/Code explanation.xlsx took 0.032 seconds
[2025-05-02T23:14:14.699+0000] {processor.py:161} INFO - Started process (PID=1840) to work on /opt/airflow/dags/Code explanation.xlsx
[2025-05-02T23:14:14.701+0000] {processor.py:830} INFO - Processing file /opt/airflow/dags/Code explanation.xlsx for tasks to queue
[2025-05-02T23:14:14.702+0000] {logging_mixin.py:188} INFO - [2025-05-02T23:14:14.701+0000] {dagbag.py:538} INFO - Filling up the DagBag from /opt/airflow/dags/Code explanation.xlsx
[2025-05-02T23:14:14.717+0000] {processor.py:842} WARNING - No viable dags retrieved from /opt/airflow/dags/Code explanation.xlsx
[2025-05-02T23:14:14.734+0000] {processor.py:183} INFO - Processing /opt/airflow/dags/Code explanation.xlsx took 0.038 seconds
[2025-05-02T23:14:36.753+0000] {processor.py:161} INFO - Started process (PID=1865) to work on /opt/airflow/dags/Code explanation.xlsx
[2025-05-02T23:14:36.754+0000] {processor.py:830} INFO - Processing file /opt/airflow/dags/Code explanation.xlsx for tasks to queue
[2025-05-02T23:14:36.755+0000] {logging_mixin.py:188} INFO - [2025-05-02T23:14:36.755+0000] {dagbag.py:538} INFO - Filling up the DagBag from /opt/airflow/dags/Code explanation.xlsx
[2025-05-02T23:14:36.763+0000] {processor.py:842} WARNING - No viable dags retrieved from /opt/airflow/dags/Code explanation.xlsx
[2025-05-02T23:14:36.778+0000] {processor.py:183} INFO - Processing /opt/airflow/dags/Code explanation.xlsx took 0.027 seconds
[2025-05-02T23:14:44.935+0000] {processor.py:161} INFO - Started process (PID=1883) to work on /opt/airflow/dags/Code explanation.xlsx
[2025-05-02T23:14:44.936+0000] {processor.py:830} INFO - Processing file /opt/airflow/dags/Code explanation.xlsx for tasks to queue
[2025-05-02T23:14:44.937+0000] {logging_mixin.py:188} INFO - [2025-05-02T23:14:44.937+0000] {dagbag.py:538} INFO - Filling up the DagBag from /opt/airflow/dags/Code explanation.xlsx
[2025-05-02T23:14:44.945+0000] {processor.py:842} WARNING - No viable dags retrieved from /opt/airflow/dags/Code explanation.xlsx
[2025-05-02T23:14:44.955+0000] {processor.py:183} INFO - Processing /opt/airflow/dags/Code explanation.xlsx took 0.022 seconds
[2025-05-02T23:15:07.378+0000] {processor.py:161} INFO - Started process (PID=1908) to work on /opt/airflow/dags/Code explanation.xlsx
[2025-05-02T23:15:07.379+0000] {processor.py:830} INFO - Processing file /opt/airflow/dags/Code explanation.xlsx for tasks to queue
[2025-05-02T23:15:07.380+0000] {logging_mixin.py:188} INFO - [2025-05-02T23:15:07.380+0000] {dagbag.py:538} INFO - Filling up the DagBag from /opt/airflow/dags/Code explanation.xlsx
[2025-05-02T23:15:07.393+0000] {processor.py:842} WARNING - No viable dags retrieved from /opt/airflow/dags/Code explanation.xlsx
[2025-05-02T23:15:07.411+0000] {processor.py:183} INFO - Processing /opt/airflow/dags/Code explanation.xlsx took 0.036 seconds
[2025-05-02T23:15:15.489+0000] {processor.py:161} INFO - Started process (PID=1926) to work on /opt/airflow/dags/Code explanation.xlsx
[2025-05-02T23:15:15.490+0000] {processor.py:830} INFO - Processing file /opt/airflow/dags/Code explanation.xlsx for tasks to queue
[2025-05-02T23:15:15.492+0000] {logging_mixin.py:188} INFO - [2025-05-02T23:15:15.492+0000] {dagbag.py:538} INFO - Filling up the DagBag from /opt/airflow/dags/Code explanation.xlsx
[2025-05-02T23:15:15.501+0000] {processor.py:842} WARNING - No viable dags retrieved from /opt/airflow/dags/Code explanation.xlsx
[2025-05-02T23:15:15.513+0000] {processor.py:183} INFO - Processing /opt/airflow/dags/Code explanation.xlsx took 0.027 seconds
[2025-05-02T23:15:37.791+0000] {processor.py:161} INFO - Started process (PID=1951) to work on /opt/airflow/dags/Code explanation.xlsx
[2025-05-02T23:15:37.792+0000] {processor.py:830} INFO - Processing file /opt/airflow/dags/Code explanation.xlsx for tasks to queue
[2025-05-02T23:15:37.793+0000] {logging_mixin.py:188} INFO - [2025-05-02T23:15:37.793+0000] {dagbag.py:538} INFO - Filling up the DagBag from /opt/airflow/dags/Code explanation.xlsx
[2025-05-02T23:15:37.802+0000] {processor.py:842} WARNING - No viable dags retrieved from /opt/airflow/dags/Code explanation.xlsx
[2025-05-02T23:15:37.816+0000] {processor.py:183} INFO - Processing /opt/airflow/dags/Code explanation.xlsx took 0.027 seconds
[2025-05-02T23:15:45.902+0000] {processor.py:161} INFO - Started process (PID=1969) to work on /opt/airflow/dags/Code explanation.xlsx
[2025-05-02T23:15:45.903+0000] {processor.py:830} INFO - Processing file /opt/airflow/dags/Code explanation.xlsx for tasks to queue
[2025-05-02T23:15:45.904+0000] {logging_mixin.py:188} INFO - [2025-05-02T23:15:45.904+0000] {dagbag.py:538} INFO - Filling up the DagBag from /opt/airflow/dags/Code explanation.xlsx
[2025-05-02T23:15:45.913+0000] {processor.py:842} WARNING - No viable dags retrieved from /opt/airflow/dags/Code explanation.xlsx
[2025-05-02T23:15:45.928+0000] {processor.py:183} INFO - Processing /opt/airflow/dags/Code explanation.xlsx took 0.029 seconds
[2025-05-02T23:16:08.217+0000] {processor.py:161} INFO - Started process (PID=1994) to work on /opt/airflow/dags/Code explanation.xlsx
[2025-05-02T23:16:08.218+0000] {processor.py:830} INFO - Processing file /opt/airflow/dags/Code explanation.xlsx for tasks to queue
[2025-05-02T23:16:08.219+0000] {logging_mixin.py:188} INFO - [2025-05-02T23:16:08.219+0000] {dagbag.py:538} INFO - Filling up the DagBag from /opt/airflow/dags/Code explanation.xlsx
[2025-05-02T23:16:08.232+0000] {processor.py:842} WARNING - No viable dags retrieved from /opt/airflow/dags/Code explanation.xlsx
[2025-05-02T23:16:08.251+0000] {processor.py:183} INFO - Processing /opt/airflow/dags/Code explanation.xlsx took 0.037 seconds
[2025-05-02T23:16:16.301+0000] {processor.py:161} INFO - Started process (PID=2012) to work on /opt/airflow/dags/Code explanation.xlsx
[2025-05-02T23:16:16.302+0000] {processor.py:830} INFO - Processing file /opt/airflow/dags/Code explanation.xlsx for tasks to queue
[2025-05-02T23:16:16.304+0000] {logging_mixin.py:188} INFO - [2025-05-02T23:16:16.304+0000] {dagbag.py:538} INFO - Filling up the DagBag from /opt/airflow/dags/Code explanation.xlsx
[2025-05-02T23:16:16.318+0000] {processor.py:842} WARNING - No viable dags retrieved from /opt/airflow/dags/Code explanation.xlsx
[2025-05-02T23:16:16.344+0000] {processor.py:183} INFO - Processing /opt/airflow/dags/Code explanation.xlsx took 0.046 seconds
[2025-05-02T23:16:38.521+0000] {processor.py:161} INFO - Started process (PID=2037) to work on /opt/airflow/dags/Code explanation.xlsx
[2025-05-02T23:16:38.521+0000] {processor.py:830} INFO - Processing file /opt/airflow/dags/Code explanation.xlsx for tasks to queue
[2025-05-02T23:16:38.522+0000] {logging_mixin.py:188} INFO - [2025-05-02T23:16:38.522+0000] {dagbag.py:538} INFO - Filling up the DagBag from /opt/airflow/dags/Code explanation.xlsx
[2025-05-02T23:16:38.530+0000] {processor.py:842} WARNING - No viable dags retrieved from /opt/airflow/dags/Code explanation.xlsx
[2025-05-02T23:16:38.544+0000] {processor.py:183} INFO - Processing /opt/airflow/dags/Code explanation.xlsx took 0.026 seconds
[2025-05-02T23:16:46.798+0000] {processor.py:161} INFO - Started process (PID=2055) to work on /opt/airflow/dags/Code explanation.xlsx
[2025-05-02T23:16:46.799+0000] {processor.py:830} INFO - Processing file /opt/airflow/dags/Code explanation.xlsx for tasks to queue
[2025-05-02T23:16:46.800+0000] {logging_mixin.py:188} INFO - [2025-05-02T23:16:46.800+0000] {dagbag.py:538} INFO - Filling up the DagBag from /opt/airflow/dags/Code explanation.xlsx
[2025-05-02T23:16:46.810+0000] {processor.py:842} WARNING - No viable dags retrieved from /opt/airflow/dags/Code explanation.xlsx
[2025-05-02T23:16:46.827+0000] {processor.py:183} INFO - Processing /opt/airflow/dags/Code explanation.xlsx took 0.032 seconds
[2025-05-02T23:17:08.866+0000] {processor.py:161} INFO - Started process (PID=2080) to work on /opt/airflow/dags/Code explanation.xlsx
[2025-05-02T23:17:08.866+0000] {processor.py:830} INFO - Processing file /opt/airflow/dags/Code explanation.xlsx for tasks to queue
[2025-05-02T23:17:08.867+0000] {logging_mixin.py:188} INFO - [2025-05-02T23:17:08.867+0000] {dagbag.py:538} INFO - Filling up the DagBag from /opt/airflow/dags/Code explanation.xlsx
[2025-05-02T23:17:08.876+0000] {processor.py:842} WARNING - No viable dags retrieved from /opt/airflow/dags/Code explanation.xlsx
[2025-05-02T23:17:08.890+0000] {processor.py:183} INFO - Processing /opt/airflow/dags/Code explanation.xlsx took 0.027 seconds
[2025-05-02T23:17:17.017+0000] {processor.py:161} INFO - Started process (PID=2098) to work on /opt/airflow/dags/Code explanation.xlsx
[2025-05-02T23:17:17.018+0000] {processor.py:830} INFO - Processing file /opt/airflow/dags/Code explanation.xlsx for tasks to queue
[2025-05-02T23:17:17.019+0000] {logging_mixin.py:188} INFO - [2025-05-02T23:17:17.019+0000] {dagbag.py:538} INFO - Filling up the DagBag from /opt/airflow/dags/Code explanation.xlsx
[2025-05-02T23:17:17.030+0000] {processor.py:842} WARNING - No viable dags retrieved from /opt/airflow/dags/Code explanation.xlsx
[2025-05-02T23:17:17.040+0000] {processor.py:183} INFO - Processing /opt/airflow/dags/Code explanation.xlsx took 0.026 seconds
[2025-05-02T23:17:39.251+0000] {processor.py:161} INFO - Started process (PID=2123) to work on /opt/airflow/dags/Code explanation.xlsx
[2025-05-02T23:17:39.252+0000] {processor.py:830} INFO - Processing file /opt/airflow/dags/Code explanation.xlsx for tasks to queue
[2025-05-02T23:17:39.253+0000] {logging_mixin.py:188} INFO - [2025-05-02T23:17:39.253+0000] {dagbag.py:538} INFO - Filling up the DagBag from /opt/airflow/dags/Code explanation.xlsx
[2025-05-02T23:17:39.263+0000] {processor.py:842} WARNING - No viable dags retrieved from /opt/airflow/dags/Code explanation.xlsx
[2025-05-02T23:17:39.283+0000] {processor.py:183} INFO - Processing /opt/airflow/dags/Code explanation.xlsx took 0.035 seconds
[2025-05-02T23:17:47.295+0000] {processor.py:161} INFO - Started process (PID=2141) to work on /opt/airflow/dags/Code explanation.xlsx
[2025-05-02T23:17:47.296+0000] {processor.py:830} INFO - Processing file /opt/airflow/dags/Code explanation.xlsx for tasks to queue
[2025-05-02T23:17:47.297+0000] {logging_mixin.py:188} INFO - [2025-05-02T23:17:47.296+0000] {dagbag.py:538} INFO - Filling up the DagBag from /opt/airflow/dags/Code explanation.xlsx
[2025-05-02T23:17:47.312+0000] {processor.py:842} WARNING - No viable dags retrieved from /opt/airflow/dags/Code explanation.xlsx
[2025-05-02T23:17:47.326+0000] {processor.py:183} INFO - Processing /opt/airflow/dags/Code explanation.xlsx took 0.034 seconds
[2025-05-02T23:18:09.593+0000] {processor.py:161} INFO - Started process (PID=2166) to work on /opt/airflow/dags/Code explanation.xlsx
[2025-05-02T23:18:09.594+0000] {processor.py:830} INFO - Processing file /opt/airflow/dags/Code explanation.xlsx for tasks to queue
[2025-05-02T23:18:09.595+0000] {logging_mixin.py:188} INFO - [2025-05-02T23:18:09.595+0000] {dagbag.py:538} INFO - Filling up the DagBag from /opt/airflow/dags/Code explanation.xlsx
[2025-05-02T23:18:09.607+0000] {processor.py:842} WARNING - No viable dags retrieved from /opt/airflow/dags/Code explanation.xlsx
[2025-05-02T23:18:09.625+0000] {processor.py:183} INFO - Processing /opt/airflow/dags/Code explanation.xlsx took 0.035 seconds
[2025-05-02T23:18:17.719+0000] {processor.py:161} INFO - Started process (PID=2184) to work on /opt/airflow/dags/Code explanation.xlsx
[2025-05-02T23:18:17.720+0000] {processor.py:830} INFO - Processing file /opt/airflow/dags/Code explanation.xlsx for tasks to queue
[2025-05-02T23:18:17.721+0000] {logging_mixin.py:188} INFO - [2025-05-02T23:18:17.721+0000] {dagbag.py:538} INFO - Filling up the DagBag from /opt/airflow/dags/Code explanation.xlsx
[2025-05-02T23:18:17.734+0000] {processor.py:842} WARNING - No viable dags retrieved from /opt/airflow/dags/Code explanation.xlsx
[2025-05-02T23:18:17.749+0000] {processor.py:183} INFO - Processing /opt/airflow/dags/Code explanation.xlsx took 0.034 seconds
[2025-05-02T23:18:39.924+0000] {processor.py:161} INFO - Started process (PID=2209) to work on /opt/airflow/dags/Code explanation.xlsx
[2025-05-02T23:18:39.926+0000] {processor.py:830} INFO - Processing file /opt/airflow/dags/Code explanation.xlsx for tasks to queue
[2025-05-02T23:18:39.927+0000] {logging_mixin.py:188} INFO - [2025-05-02T23:18:39.927+0000] {dagbag.py:538} INFO - Filling up the DagBag from /opt/airflow/dags/Code explanation.xlsx
[2025-05-02T23:18:39.944+0000] {processor.py:842} WARNING - No viable dags retrieved from /opt/airflow/dags/Code explanation.xlsx
[2025-05-02T23:18:39.967+0000] {processor.py:183} INFO - Processing /opt/airflow/dags/Code explanation.xlsx took 0.048 seconds
[2025-05-02T23:18:48.222+0000] {processor.py:161} INFO - Started process (PID=2227) to work on /opt/airflow/dags/Code explanation.xlsx
[2025-05-02T23:18:48.223+0000] {processor.py:830} INFO - Processing file /opt/airflow/dags/Code explanation.xlsx for tasks to queue
[2025-05-02T23:18:48.224+0000] {logging_mixin.py:188} INFO - [2025-05-02T23:18:48.224+0000] {dagbag.py:538} INFO - Filling up the DagBag from /opt/airflow/dags/Code explanation.xlsx
[2025-05-02T23:18:48.236+0000] {processor.py:842} WARNING - No viable dags retrieved from /opt/airflow/dags/Code explanation.xlsx
[2025-05-02T23:18:48.247+0000] {processor.py:183} INFO - Processing /opt/airflow/dags/Code explanation.xlsx took 0.028 seconds
[2025-05-02T23:19:10.130+0000] {processor.py:161} INFO - Started process (PID=2249) to work on /opt/airflow/dags/Code explanation.xlsx
[2025-05-02T23:19:10.132+0000] {processor.py:830} INFO - Processing file /opt/airflow/dags/Code explanation.xlsx for tasks to queue
[2025-05-02T23:19:10.133+0000] {logging_mixin.py:188} INFO - [2025-05-02T23:19:10.132+0000] {dagbag.py:538} INFO - Filling up the DagBag from /opt/airflow/dags/Code explanation.xlsx
[2025-05-02T23:19:10.143+0000] {processor.py:842} WARNING - No viable dags retrieved from /opt/airflow/dags/Code explanation.xlsx
[2025-05-02T23:19:10.153+0000] {processor.py:183} INFO - Processing /opt/airflow/dags/Code explanation.xlsx took 0.025 seconds
[2025-05-02T23:19:18.565+0000] {processor.py:161} INFO - Started process (PID=2270) to work on /opt/airflow/dags/Code explanation.xlsx
[2025-05-02T23:19:18.566+0000] {processor.py:830} INFO - Processing file /opt/airflow/dags/Code explanation.xlsx for tasks to queue
[2025-05-02T23:19:18.567+0000] {logging_mixin.py:188} INFO - [2025-05-02T23:19:18.566+0000] {dagbag.py:538} INFO - Filling up the DagBag from /opt/airflow/dags/Code explanation.xlsx
[2025-05-02T23:19:18.580+0000] {processor.py:842} WARNING - No viable dags retrieved from /opt/airflow/dags/Code explanation.xlsx
[2025-05-02T23:19:18.594+0000] {processor.py:183} INFO - Processing /opt/airflow/dags/Code explanation.xlsx took 0.032 seconds
[2025-05-02T23:19:40.599+0000] {processor.py:161} INFO - Started process (PID=2295) to work on /opt/airflow/dags/Code explanation.xlsx
[2025-05-02T23:19:40.601+0000] {processor.py:830} INFO - Processing file /opt/airflow/dags/Code explanation.xlsx for tasks to queue
[2025-05-02T23:19:40.602+0000] {logging_mixin.py:188} INFO - [2025-05-02T23:19:40.602+0000] {dagbag.py:538} INFO - Filling up the DagBag from /opt/airflow/dags/Code explanation.xlsx
[2025-05-02T23:19:40.614+0000] {processor.py:842} WARNING - No viable dags retrieved from /opt/airflow/dags/Code explanation.xlsx
[2025-05-02T23:19:40.632+0000] {processor.py:183} INFO - Processing /opt/airflow/dags/Code explanation.xlsx took 0.035 seconds
[2025-05-02T23:19:49.138+0000] {processor.py:161} INFO - Started process (PID=2313) to work on /opt/airflow/dags/Code explanation.xlsx
[2025-05-02T23:19:49.139+0000] {processor.py:830} INFO - Processing file /opt/airflow/dags/Code explanation.xlsx for tasks to queue
[2025-05-02T23:19:49.140+0000] {logging_mixin.py:188} INFO - [2025-05-02T23:19:49.140+0000] {dagbag.py:538} INFO - Filling up the DagBag from /opt/airflow/dags/Code explanation.xlsx
[2025-05-02T23:19:49.155+0000] {processor.py:842} WARNING - No viable dags retrieved from /opt/airflow/dags/Code explanation.xlsx
[2025-05-02T23:19:49.174+0000] {processor.py:183} INFO - Processing /opt/airflow/dags/Code explanation.xlsx took 0.040 seconds
[2025-05-02T23:20:11.127+0000] {processor.py:161} INFO - Started process (PID=2338) to work on /opt/airflow/dags/Code explanation.xlsx
[2025-05-02T23:20:11.128+0000] {processor.py:830} INFO - Processing file /opt/airflow/dags/Code explanation.xlsx for tasks to queue
[2025-05-02T23:20:11.129+0000] {logging_mixin.py:188} INFO - [2025-05-02T23:20:11.129+0000] {dagbag.py:538} INFO - Filling up the DagBag from /opt/airflow/dags/Code explanation.xlsx
[2025-05-02T23:20:11.142+0000] {processor.py:842} WARNING - No viable dags retrieved from /opt/airflow/dags/Code explanation.xlsx
[2025-05-02T23:20:11.161+0000] {processor.py:183} INFO - Processing /opt/airflow/dags/Code explanation.xlsx took 0.036 seconds
[2025-05-02T23:20:19.751+0000] {processor.py:161} INFO - Started process (PID=2356) to work on /opt/airflow/dags/Code explanation.xlsx
[2025-05-02T23:20:19.751+0000] {processor.py:830} INFO - Processing file /opt/airflow/dags/Code explanation.xlsx for tasks to queue
[2025-05-02T23:20:19.752+0000] {logging_mixin.py:188} INFO - [2025-05-02T23:20:19.752+0000] {dagbag.py:538} INFO - Filling up the DagBag from /opt/airflow/dags/Code explanation.xlsx
[2025-05-02T23:20:19.762+0000] {processor.py:842} WARNING - No viable dags retrieved from /opt/airflow/dags/Code explanation.xlsx
[2025-05-02T23:20:19.773+0000] {processor.py:183} INFO - Processing /opt/airflow/dags/Code explanation.xlsx took 0.026 seconds
[2025-05-02T23:20:41.278+0000] {processor.py:161} INFO - Started process (PID=2378) to work on /opt/airflow/dags/Code explanation.xlsx
[2025-05-02T23:20:41.279+0000] {processor.py:830} INFO - Processing file /opt/airflow/dags/Code explanation.xlsx for tasks to queue
[2025-05-02T23:20:41.280+0000] {logging_mixin.py:188} INFO - [2025-05-02T23:20:41.280+0000] {dagbag.py:538} INFO - Filling up the DagBag from /opt/airflow/dags/Code explanation.xlsx
[2025-05-02T23:20:41.292+0000] {processor.py:842} WARNING - No viable dags retrieved from /opt/airflow/dags/Code explanation.xlsx
[2025-05-02T23:20:41.313+0000] {processor.py:183} INFO - Processing /opt/airflow/dags/Code explanation.xlsx took 0.038 seconds
[2025-05-02T23:20:50.208+0000] {processor.py:161} INFO - Started process (PID=2397) to work on /opt/airflow/dags/Code explanation.xlsx
[2025-05-02T23:20:50.210+0000] {processor.py:830} INFO - Processing file /opt/airflow/dags/Code explanation.xlsx for tasks to queue
[2025-05-02T23:20:50.211+0000] {logging_mixin.py:188} INFO - [2025-05-02T23:20:50.211+0000] {dagbag.py:538} INFO - Filling up the DagBag from /opt/airflow/dags/Code explanation.xlsx
[2025-05-02T23:20:50.223+0000] {processor.py:842} WARNING - No viable dags retrieved from /opt/airflow/dags/Code explanation.xlsx
[2025-05-02T23:20:50.242+0000] {processor.py:183} INFO - Processing /opt/airflow/dags/Code explanation.xlsx took 0.037 seconds
[2025-05-02T23:21:11.742+0000] {processor.py:161} INFO - Started process (PID=2424) to work on /opt/airflow/dags/Code explanation.xlsx
[2025-05-02T23:21:11.744+0000] {processor.py:830} INFO - Processing file /opt/airflow/dags/Code explanation.xlsx for tasks to queue
[2025-05-02T23:21:11.746+0000] {logging_mixin.py:188} INFO - [2025-05-02T23:21:11.746+0000] {dagbag.py:538} INFO - Filling up the DagBag from /opt/airflow/dags/Code explanation.xlsx
[2025-05-02T23:21:11.765+0000] {processor.py:842} WARNING - No viable dags retrieved from /opt/airflow/dags/Code explanation.xlsx
[2025-05-02T23:21:11.786+0000] {processor.py:183} INFO - Processing /opt/airflow/dags/Code explanation.xlsx took 0.050 seconds
[2025-05-02T23:21:21.076+0000] {processor.py:161} INFO - Started process (PID=2442) to work on /opt/airflow/dags/Code explanation.xlsx
[2025-05-02T23:21:21.077+0000] {processor.py:830} INFO - Processing file /opt/airflow/dags/Code explanation.xlsx for tasks to queue
[2025-05-02T23:21:21.078+0000] {logging_mixin.py:188} INFO - [2025-05-02T23:21:21.078+0000] {dagbag.py:538} INFO - Filling up the DagBag from /opt/airflow/dags/Code explanation.xlsx
[2025-05-02T23:21:21.090+0000] {processor.py:842} WARNING - No viable dags retrieved from /opt/airflow/dags/Code explanation.xlsx
[2025-05-02T23:21:21.104+0000] {processor.py:183} INFO - Processing /opt/airflow/dags/Code explanation.xlsx took 0.031 seconds
[2025-05-02T23:21:42.217+0000] {processor.py:161} INFO - Started process (PID=2467) to work on /opt/airflow/dags/Code explanation.xlsx
[2025-05-02T23:21:42.219+0000] {processor.py:830} INFO - Processing file /opt/airflow/dags/Code explanation.xlsx for tasks to queue
[2025-05-02T23:21:42.220+0000] {logging_mixin.py:188} INFO - [2025-05-02T23:21:42.219+0000] {dagbag.py:538} INFO - Filling up the DagBag from /opt/airflow/dags/Code explanation.xlsx
[2025-05-02T23:21:42.232+0000] {processor.py:842} WARNING - No viable dags retrieved from /opt/airflow/dags/Code explanation.xlsx
[2025-05-02T23:21:42.250+0000] {processor.py:183} INFO - Processing /opt/airflow/dags/Code explanation.xlsx took 0.037 seconds
[2025-05-02T23:21:51.513+0000] {processor.py:161} INFO - Started process (PID=2485) to work on /opt/airflow/dags/Code explanation.xlsx
[2025-05-02T23:21:51.514+0000] {processor.py:830} INFO - Processing file /opt/airflow/dags/Code explanation.xlsx for tasks to queue
[2025-05-02T23:21:51.516+0000] {logging_mixin.py:188} INFO - [2025-05-02T23:21:51.515+0000] {dagbag.py:538} INFO - Filling up the DagBag from /opt/airflow/dags/Code explanation.xlsx
[2025-05-02T23:21:51.527+0000] {processor.py:842} WARNING - No viable dags retrieved from /opt/airflow/dags/Code explanation.xlsx
[2025-05-02T23:21:51.549+0000] {processor.py:183} INFO - Processing /opt/airflow/dags/Code explanation.xlsx took 0.039 seconds
[2025-05-02T23:22:12.659+0000] {processor.py:161} INFO - Started process (PID=2510) to work on /opt/airflow/dags/Code explanation.xlsx
[2025-05-02T23:22:12.660+0000] {processor.py:830} INFO - Processing file /opt/airflow/dags/Code explanation.xlsx for tasks to queue
[2025-05-02T23:22:12.661+0000] {logging_mixin.py:188} INFO - [2025-05-02T23:22:12.660+0000] {dagbag.py:538} INFO - Filling up the DagBag from /opt/airflow/dags/Code explanation.xlsx
[2025-05-02T23:22:12.671+0000] {processor.py:842} WARNING - No viable dags retrieved from /opt/airflow/dags/Code explanation.xlsx
[2025-05-02T23:22:12.692+0000] {processor.py:183} INFO - Processing /opt/airflow/dags/Code explanation.xlsx took 0.036 seconds
[2025-05-02T23:22:22.139+0000] {processor.py:161} INFO - Started process (PID=2528) to work on /opt/airflow/dags/Code explanation.xlsx
[2025-05-02T23:22:22.140+0000] {processor.py:830} INFO - Processing file /opt/airflow/dags/Code explanation.xlsx for tasks to queue
[2025-05-02T23:22:22.141+0000] {logging_mixin.py:188} INFO - [2025-05-02T23:22:22.141+0000] {dagbag.py:538} INFO - Filling up the DagBag from /opt/airflow/dags/Code explanation.xlsx
[2025-05-02T23:22:22.152+0000] {processor.py:842} WARNING - No viable dags retrieved from /opt/airflow/dags/Code explanation.xlsx
[2025-05-02T23:22:22.167+0000] {processor.py:183} INFO - Processing /opt/airflow/dags/Code explanation.xlsx took 0.031 seconds
[2025-05-02T23:22:43.170+0000] {processor.py:161} INFO - Started process (PID=2553) to work on /opt/airflow/dags/Code explanation.xlsx
[2025-05-02T23:22:43.171+0000] {processor.py:830} INFO - Processing file /opt/airflow/dags/Code explanation.xlsx for tasks to queue
[2025-05-02T23:22:43.172+0000] {logging_mixin.py:188} INFO - [2025-05-02T23:22:43.172+0000] {dagbag.py:538} INFO - Filling up the DagBag from /opt/airflow/dags/Code explanation.xlsx
[2025-05-02T23:22:43.185+0000] {processor.py:842} WARNING - No viable dags retrieved from /opt/airflow/dags/Code explanation.xlsx
[2025-05-02T23:22:43.202+0000] {processor.py:183} INFO - Processing /opt/airflow/dags/Code explanation.xlsx took 0.036 seconds
[2025-05-02T23:22:52.998+0000] {processor.py:161} INFO - Started process (PID=2571) to work on /opt/airflow/dags/Code explanation.xlsx
[2025-05-02T23:22:52.999+0000] {processor.py:830} INFO - Processing file /opt/airflow/dags/Code explanation.xlsx for tasks to queue
[2025-05-02T23:22:53.001+0000] {logging_mixin.py:188} INFO - [2025-05-02T23:22:53.000+0000] {dagbag.py:538} INFO - Filling up the DagBag from /opt/airflow/dags/Code explanation.xlsx
[2025-05-02T23:22:53.012+0000] {processor.py:842} WARNING - No viable dags retrieved from /opt/airflow/dags/Code explanation.xlsx
[2025-05-02T23:22:53.028+0000] {processor.py:183} INFO - Processing /opt/airflow/dags/Code explanation.xlsx took 0.034 seconds
[2025-05-02T23:23:13.750+0000] {processor.py:161} INFO - Started process (PID=2596) to work on /opt/airflow/dags/Code explanation.xlsx
[2025-05-02T23:23:13.751+0000] {processor.py:830} INFO - Processing file /opt/airflow/dags/Code explanation.xlsx for tasks to queue
[2025-05-02T23:23:13.752+0000] {logging_mixin.py:188} INFO - [2025-05-02T23:23:13.752+0000] {dagbag.py:538} INFO - Filling up the DagBag from /opt/airflow/dags/Code explanation.xlsx
[2025-05-02T23:23:13.761+0000] {processor.py:842} WARNING - No viable dags retrieved from /opt/airflow/dags/Code explanation.xlsx
[2025-05-02T23:23:13.777+0000] {processor.py:183} INFO - Processing /opt/airflow/dags/Code explanation.xlsx took 0.029 seconds
[2025-05-02T23:23:23.208+0000] {processor.py:161} INFO - Started process (PID=2614) to work on /opt/airflow/dags/Code explanation.xlsx
[2025-05-02T23:23:23.209+0000] {processor.py:830} INFO - Processing file /opt/airflow/dags/Code explanation.xlsx for tasks to queue
[2025-05-02T23:23:23.210+0000] {logging_mixin.py:188} INFO - [2025-05-02T23:23:23.210+0000] {dagbag.py:538} INFO - Filling up the DagBag from /opt/airflow/dags/Code explanation.xlsx
[2025-05-02T23:23:23.220+0000] {processor.py:842} WARNING - No viable dags retrieved from /opt/airflow/dags/Code explanation.xlsx
[2025-05-02T23:23:23.230+0000] {processor.py:183} INFO - Processing /opt/airflow/dags/Code explanation.xlsx took 0.025 seconds
[2025-05-02T23:23:44.132+0000] {processor.py:161} INFO - Started process (PID=2635) to work on /opt/airflow/dags/Code explanation.xlsx
[2025-05-02T23:23:44.133+0000] {processor.py:830} INFO - Processing file /opt/airflow/dags/Code explanation.xlsx for tasks to queue
[2025-05-02T23:23:44.134+0000] {logging_mixin.py:188} INFO - [2025-05-02T23:23:44.133+0000] {dagbag.py:538} INFO - Filling up the DagBag from /opt/airflow/dags/Code explanation.xlsx
[2025-05-02T23:23:44.143+0000] {processor.py:842} WARNING - No viable dags retrieved from /opt/airflow/dags/Code explanation.xlsx
[2025-05-02T23:23:44.162+0000] {processor.py:183} INFO - Processing /opt/airflow/dags/Code explanation.xlsx took 0.034 seconds
[2025-05-02T23:23:53.727+0000] {processor.py:161} INFO - Started process (PID=2657) to work on /opt/airflow/dags/Code explanation.xlsx
[2025-05-02T23:23:53.728+0000] {processor.py:830} INFO - Processing file /opt/airflow/dags/Code explanation.xlsx for tasks to queue
[2025-05-02T23:23:53.729+0000] {logging_mixin.py:188} INFO - [2025-05-02T23:23:53.729+0000] {dagbag.py:538} INFO - Filling up the DagBag from /opt/airflow/dags/Code explanation.xlsx
[2025-05-02T23:23:53.741+0000] {processor.py:842} WARNING - No viable dags retrieved from /opt/airflow/dags/Code explanation.xlsx
[2025-05-02T23:23:53.754+0000] {processor.py:183} INFO - Processing /opt/airflow/dags/Code explanation.xlsx took 0.029 seconds
[2025-05-02T23:24:14.537+0000] {processor.py:161} INFO - Started process (PID=2678) to work on /opt/airflow/dags/Code explanation.xlsx
[2025-05-02T23:24:14.539+0000] {processor.py:830} INFO - Processing file /opt/airflow/dags/Code explanation.xlsx for tasks to queue
[2025-05-02T23:24:14.540+0000] {logging_mixin.py:188} INFO - [2025-05-02T23:24:14.539+0000] {dagbag.py:538} INFO - Filling up the DagBag from /opt/airflow/dags/Code explanation.xlsx
[2025-05-02T23:24:14.548+0000] {processor.py:842} WARNING - No viable dags retrieved from /opt/airflow/dags/Code explanation.xlsx
[2025-05-02T23:24:14.560+0000] {processor.py:183} INFO - Processing /opt/airflow/dags/Code explanation.xlsx took 0.026 seconds
[2025-05-02T23:24:24.093+0000] {processor.py:161} INFO - Started process (PID=2700) to work on /opt/airflow/dags/Code explanation.xlsx
[2025-05-02T23:24:24.094+0000] {processor.py:830} INFO - Processing file /opt/airflow/dags/Code explanation.xlsx for tasks to queue
[2025-05-02T23:24:24.096+0000] {logging_mixin.py:188} INFO - [2025-05-02T23:24:24.095+0000] {dagbag.py:538} INFO - Filling up the DagBag from /opt/airflow/dags/Code explanation.xlsx
[2025-05-02T23:24:24.106+0000] {processor.py:842} WARNING - No viable dags retrieved from /opt/airflow/dags/Code explanation.xlsx
[2025-05-02T23:24:24.121+0000] {processor.py:183} INFO - Processing /opt/airflow/dags/Code explanation.xlsx took 0.030 seconds
[2025-05-02T23:24:44.941+0000] {processor.py:161} INFO - Started process (PID=2719) to work on /opt/airflow/dags/Code explanation.xlsx
[2025-05-02T23:24:44.942+0000] {processor.py:830} INFO - Processing file /opt/airflow/dags/Code explanation.xlsx for tasks to queue
[2025-05-02T23:24:44.943+0000] {logging_mixin.py:188} INFO - [2025-05-02T23:24:44.943+0000] {dagbag.py:538} INFO - Filling up the DagBag from /opt/airflow/dags/Code explanation.xlsx
[2025-05-02T23:24:44.955+0000] {processor.py:842} WARNING - No viable dags retrieved from /opt/airflow/dags/Code explanation.xlsx
[2025-05-02T23:24:44.972+0000] {processor.py:183} INFO - Processing /opt/airflow/dags/Code explanation.xlsx took 0.034 seconds
[2025-05-02T23:24:54.524+0000] {processor.py:161} INFO - Started process (PID=2743) to work on /opt/airflow/dags/Code explanation.xlsx
[2025-05-02T23:24:54.526+0000] {processor.py:830} INFO - Processing file /opt/airflow/dags/Code explanation.xlsx for tasks to queue
[2025-05-02T23:24:54.527+0000] {logging_mixin.py:188} INFO - [2025-05-02T23:24:54.526+0000] {dagbag.py:538} INFO - Filling up the DagBag from /opt/airflow/dags/Code explanation.xlsx
[2025-05-02T23:24:54.538+0000] {processor.py:842} WARNING - No viable dags retrieved from /opt/airflow/dags/Code explanation.xlsx
[2025-05-02T23:24:54.555+0000] {processor.py:183} INFO - Processing /opt/airflow/dags/Code explanation.xlsx took 0.032 seconds
[2025-05-02T23:25:15.078+0000] {processor.py:161} INFO - Started process (PID=2750) to work on /opt/airflow/dags/Code explanation.xlsx
[2025-05-02T23:25:15.079+0000] {processor.py:830} INFO - Processing file /opt/airflow/dags/Code explanation.xlsx for tasks to queue
[2025-05-02T23:25:15.080+0000] {logging_mixin.py:188} INFO - [2025-05-02T23:25:15.080+0000] {dagbag.py:538} INFO - Filling up the DagBag from /opt/airflow/dags/Code explanation.xlsx
[2025-05-02T23:25:15.092+0000] {processor.py:842} WARNING - No viable dags retrieved from /opt/airflow/dags/Code explanation.xlsx
[2025-05-02T23:25:15.110+0000] {processor.py:183} INFO - Processing /opt/airflow/dags/Code explanation.xlsx took 0.036 seconds
[2025-05-02T23:25:25.361+0000] {processor.py:161} INFO - Started process (PID=2786) to work on /opt/airflow/dags/Code explanation.xlsx
[2025-05-02T23:25:25.363+0000] {processor.py:830} INFO - Processing file /opt/airflow/dags/Code explanation.xlsx for tasks to queue
[2025-05-02T23:25:25.366+0000] {logging_mixin.py:188} INFO - [2025-05-02T23:25:25.365+0000] {dagbag.py:538} INFO - Filling up the DagBag from /opt/airflow/dags/Code explanation.xlsx
[2025-05-02T23:25:25.379+0000] {processor.py:842} WARNING - No viable dags retrieved from /opt/airflow/dags/Code explanation.xlsx
[2025-05-02T23:25:25.397+0000] {processor.py:183} INFO - Processing /opt/airflow/dags/Code explanation.xlsx took 0.043 seconds
[2025-05-02T23:25:45.534+0000] {processor.py:161} INFO - Started process (PID=2793) to work on /opt/airflow/dags/Code explanation.xlsx
[2025-05-02T23:25:45.535+0000] {processor.py:830} INFO - Processing file /opt/airflow/dags/Code explanation.xlsx for tasks to queue
[2025-05-02T23:25:45.536+0000] {logging_mixin.py:188} INFO - [2025-05-02T23:25:45.536+0000] {dagbag.py:538} INFO - Filling up the DagBag from /opt/airflow/dags/Code explanation.xlsx
[2025-05-02T23:25:45.549+0000] {processor.py:842} WARNING - No viable dags retrieved from /opt/airflow/dags/Code explanation.xlsx
[2025-05-02T23:25:45.572+0000] {processor.py:183} INFO - Processing /opt/airflow/dags/Code explanation.xlsx took 0.041 seconds
[2025-05-02T23:25:56.098+0000] {processor.py:161} INFO - Started process (PID=2829) to work on /opt/airflow/dags/Code explanation.xlsx
[2025-05-02T23:25:56.099+0000] {processor.py:830} INFO - Processing file /opt/airflow/dags/Code explanation.xlsx for tasks to queue
[2025-05-02T23:25:56.100+0000] {logging_mixin.py:188} INFO - [2025-05-02T23:25:56.100+0000] {dagbag.py:538} INFO - Filling up the DagBag from /opt/airflow/dags/Code explanation.xlsx
[2025-05-02T23:25:56.118+0000] {processor.py:842} WARNING - No viable dags retrieved from /opt/airflow/dags/Code explanation.xlsx
[2025-05-02T23:25:56.138+0000] {processor.py:183} INFO - Processing /opt/airflow/dags/Code explanation.xlsx took 0.043 seconds
[2025-05-02T23:26:16.059+0000] {processor.py:161} INFO - Started process (PID=2836) to work on /opt/airflow/dags/Code explanation.xlsx
[2025-05-02T23:26:16.060+0000] {processor.py:830} INFO - Processing file /opt/airflow/dags/Code explanation.xlsx for tasks to queue
[2025-05-02T23:26:16.061+0000] {logging_mixin.py:188} INFO - [2025-05-02T23:26:16.061+0000] {dagbag.py:538} INFO - Filling up the DagBag from /opt/airflow/dags/Code explanation.xlsx
[2025-05-02T23:26:16.069+0000] {processor.py:842} WARNING - No viable dags retrieved from /opt/airflow/dags/Code explanation.xlsx
[2025-05-02T23:26:16.086+0000] {processor.py:183} INFO - Processing /opt/airflow/dags/Code explanation.xlsx took 0.029 seconds
[2025-05-02T23:26:26.349+0000] {processor.py:161} INFO - Started process (PID=2872) to work on /opt/airflow/dags/Code explanation.xlsx
[2025-05-02T23:26:26.350+0000] {processor.py:830} INFO - Processing file /opt/airflow/dags/Code explanation.xlsx for tasks to queue
[2025-05-02T23:26:26.351+0000] {logging_mixin.py:188} INFO - [2025-05-02T23:26:26.351+0000] {dagbag.py:538} INFO - Filling up the DagBag from /opt/airflow/dags/Code explanation.xlsx
[2025-05-02T23:26:26.361+0000] {processor.py:842} WARNING - No viable dags retrieved from /opt/airflow/dags/Code explanation.xlsx
[2025-05-02T23:26:26.372+0000] {processor.py:183} INFO - Processing /opt/airflow/dags/Code explanation.xlsx took 0.026 seconds
[2025-05-02T23:26:46.293+0000] {processor.py:161} INFO - Started process (PID=2876) to work on /opt/airflow/dags/Code explanation.xlsx
[2025-05-02T23:26:46.294+0000] {processor.py:830} INFO - Processing file /opt/airflow/dags/Code explanation.xlsx for tasks to queue
[2025-05-02T23:26:46.295+0000] {logging_mixin.py:188} INFO - [2025-05-02T23:26:46.295+0000] {dagbag.py:538} INFO - Filling up the DagBag from /opt/airflow/dags/Code explanation.xlsx
[2025-05-02T23:26:46.304+0000] {processor.py:842} WARNING - No viable dags retrieved from /opt/airflow/dags/Code explanation.xlsx
[2025-05-02T23:26:46.328+0000] {processor.py:183} INFO - Processing /opt/airflow/dags/Code explanation.xlsx took 0.038 seconds
[2025-05-02T23:26:56.647+0000] {processor.py:161} INFO - Started process (PID=2915) to work on /opt/airflow/dags/Code explanation.xlsx
[2025-05-02T23:26:56.648+0000] {processor.py:830} INFO - Processing file /opt/airflow/dags/Code explanation.xlsx for tasks to queue
[2025-05-02T23:26:56.648+0000] {logging_mixin.py:188} INFO - [2025-05-02T23:26:56.648+0000] {dagbag.py:538} INFO - Filling up the DagBag from /opt/airflow/dags/Code explanation.xlsx
[2025-05-02T23:26:56.657+0000] {processor.py:842} WARNING - No viable dags retrieved from /opt/airflow/dags/Code explanation.xlsx
[2025-05-02T23:26:56.670+0000] {processor.py:183} INFO - Processing /opt/airflow/dags/Code explanation.xlsx took 0.026 seconds
[2025-05-02T23:27:16.611+0000] {processor.py:161} INFO - Started process (PID=2919) to work on /opt/airflow/dags/Code explanation.xlsx
[2025-05-02T23:27:16.614+0000] {processor.py:830} INFO - Processing file /opt/airflow/dags/Code explanation.xlsx for tasks to queue
[2025-05-02T23:27:16.615+0000] {logging_mixin.py:188} INFO - [2025-05-02T23:27:16.615+0000] {dagbag.py:538} INFO - Filling up the DagBag from /opt/airflow/dags/Code explanation.xlsx
[2025-05-02T23:27:16.632+0000] {processor.py:842} WARNING - No viable dags retrieved from /opt/airflow/dags/Code explanation.xlsx
[2025-05-02T23:27:16.651+0000] {processor.py:183} INFO - Processing /opt/airflow/dags/Code explanation.xlsx took 0.045 seconds
[2025-05-02T23:27:26.931+0000] {processor.py:161} INFO - Started process (PID=2958) to work on /opt/airflow/dags/Code explanation.xlsx
[2025-05-02T23:27:26.933+0000] {processor.py:830} INFO - Processing file /opt/airflow/dags/Code explanation.xlsx for tasks to queue
[2025-05-02T23:27:26.934+0000] {logging_mixin.py:188} INFO - [2025-05-02T23:27:26.933+0000] {dagbag.py:538} INFO - Filling up the DagBag from /opt/airflow/dags/Code explanation.xlsx
[2025-05-02T23:27:26.943+0000] {processor.py:842} WARNING - No viable dags retrieved from /opt/airflow/dags/Code explanation.xlsx
[2025-05-02T23:27:26.957+0000] {processor.py:183} INFO - Processing /opt/airflow/dags/Code explanation.xlsx took 0.028 seconds
[2025-05-02T23:27:46.894+0000] {processor.py:161} INFO - Started process (PID=2962) to work on /opt/airflow/dags/Code explanation.xlsx
[2025-05-02T23:27:46.895+0000] {processor.py:830} INFO - Processing file /opt/airflow/dags/Code explanation.xlsx for tasks to queue
[2025-05-02T23:27:46.896+0000] {logging_mixin.py:188} INFO - [2025-05-02T23:27:46.896+0000] {dagbag.py:538} INFO - Filling up the DagBag from /opt/airflow/dags/Code explanation.xlsx
[2025-05-02T23:27:46.910+0000] {processor.py:842} WARNING - No viable dags retrieved from /opt/airflow/dags/Code explanation.xlsx
[2025-05-02T23:27:46.927+0000] {processor.py:183} INFO - Processing /opt/airflow/dags/Code explanation.xlsx took 0.038 seconds
[2025-05-02T23:27:57.379+0000] {processor.py:161} INFO - Started process (PID=3001) to work on /opt/airflow/dags/Code explanation.xlsx
[2025-05-02T23:27:57.380+0000] {processor.py:830} INFO - Processing file /opt/airflow/dags/Code explanation.xlsx for tasks to queue
[2025-05-02T23:27:57.381+0000] {logging_mixin.py:188} INFO - [2025-05-02T23:27:57.381+0000] {dagbag.py:538} INFO - Filling up the DagBag from /opt/airflow/dags/Code explanation.xlsx
[2025-05-02T23:27:57.392+0000] {processor.py:842} WARNING - No viable dags retrieved from /opt/airflow/dags/Code explanation.xlsx
[2025-05-02T23:27:57.406+0000] {processor.py:183} INFO - Processing /opt/airflow/dags/Code explanation.xlsx took 0.030 seconds
[2025-05-02T23:28:17.361+0000] {processor.py:161} INFO - Started process (PID=3005) to work on /opt/airflow/dags/Code explanation.xlsx
[2025-05-02T23:28:17.362+0000] {processor.py:830} INFO - Processing file /opt/airflow/dags/Code explanation.xlsx for tasks to queue
[2025-05-02T23:28:17.363+0000] {logging_mixin.py:188} INFO - [2025-05-02T23:28:17.363+0000] {dagbag.py:538} INFO - Filling up the DagBag from /opt/airflow/dags/Code explanation.xlsx
[2025-05-02T23:28:17.373+0000] {processor.py:842} WARNING - No viable dags retrieved from /opt/airflow/dags/Code explanation.xlsx
[2025-05-02T23:28:17.392+0000] {processor.py:183} INFO - Processing /opt/airflow/dags/Code explanation.xlsx took 0.034 seconds
[2025-05-02T23:28:28.239+0000] {processor.py:161} INFO - Started process (PID=3044) to work on /opt/airflow/dags/Code explanation.xlsx
[2025-05-02T23:28:28.241+0000] {processor.py:830} INFO - Processing file /opt/airflow/dags/Code explanation.xlsx for tasks to queue
[2025-05-02T23:28:28.244+0000] {logging_mixin.py:188} INFO - [2025-05-02T23:28:28.243+0000] {dagbag.py:538} INFO - Filling up the DagBag from /opt/airflow/dags/Code explanation.xlsx
[2025-05-02T23:28:28.268+0000] {processor.py:842} WARNING - No viable dags retrieved from /opt/airflow/dags/Code explanation.xlsx
[2025-05-02T23:28:28.288+0000] {processor.py:183} INFO - Processing /opt/airflow/dags/Code explanation.xlsx took 0.051 seconds
[2025-05-02T23:28:48.023+0000] {processor.py:161} INFO - Started process (PID=3048) to work on /opt/airflow/dags/Code explanation.xlsx
[2025-05-02T23:28:48.025+0000] {processor.py:830} INFO - Processing file /opt/airflow/dags/Code explanation.xlsx for tasks to queue
[2025-05-02T23:28:48.026+0000] {logging_mixin.py:188} INFO - [2025-05-02T23:28:48.026+0000] {dagbag.py:538} INFO - Filling up the DagBag from /opt/airflow/dags/Code explanation.xlsx
[2025-05-02T23:28:48.038+0000] {processor.py:842} WARNING - No viable dags retrieved from /opt/airflow/dags/Code explanation.xlsx
[2025-05-02T23:28:48.051+0000] {processor.py:183} INFO - Processing /opt/airflow/dags/Code explanation.xlsx took 0.031 seconds
[2025-05-02T23:28:58.786+0000] {processor.py:161} INFO - Started process (PID=3087) to work on /opt/airflow/dags/Code explanation.xlsx
[2025-05-02T23:28:58.787+0000] {processor.py:830} INFO - Processing file /opt/airflow/dags/Code explanation.xlsx for tasks to queue
[2025-05-02T23:28:58.788+0000] {logging_mixin.py:188} INFO - [2025-05-02T23:28:58.788+0000] {dagbag.py:538} INFO - Filling up the DagBag from /opt/airflow/dags/Code explanation.xlsx
[2025-05-02T23:28:58.800+0000] {processor.py:842} WARNING - No viable dags retrieved from /opt/airflow/dags/Code explanation.xlsx
[2025-05-02T23:28:58.817+0000] {processor.py:183} INFO - Processing /opt/airflow/dags/Code explanation.xlsx took 0.035 seconds
[2025-05-02T23:29:18.716+0000] {processor.py:161} INFO - Started process (PID=3091) to work on /opt/airflow/dags/Code explanation.xlsx
[2025-05-02T23:29:18.718+0000] {processor.py:830} INFO - Processing file /opt/airflow/dags/Code explanation.xlsx for tasks to queue
[2025-05-02T23:29:18.719+0000] {logging_mixin.py:188} INFO - [2025-05-02T23:29:18.719+0000] {dagbag.py:538} INFO - Filling up the DagBag from /opt/airflow/dags/Code explanation.xlsx
[2025-05-02T23:29:18.731+0000] {processor.py:842} WARNING - No viable dags retrieved from /opt/airflow/dags/Code explanation.xlsx
[2025-05-02T23:29:18.752+0000] {processor.py:183} INFO - Processing /opt/airflow/dags/Code explanation.xlsx took 0.041 seconds
[2025-05-02T23:29:29.406+0000] {processor.py:161} INFO - Started process (PID=3130) to work on /opt/airflow/dags/Code explanation.xlsx
[2025-05-02T23:29:29.407+0000] {processor.py:830} INFO - Processing file /opt/airflow/dags/Code explanation.xlsx for tasks to queue
[2025-05-02T23:29:29.408+0000] {logging_mixin.py:188} INFO - [2025-05-02T23:29:29.408+0000] {dagbag.py:538} INFO - Filling up the DagBag from /opt/airflow/dags/Code explanation.xlsx
[2025-05-02T23:29:29.417+0000] {processor.py:842} WARNING - No viable dags retrieved from /opt/airflow/dags/Code explanation.xlsx
[2025-05-02T23:29:29.428+0000] {processor.py:183} INFO - Processing /opt/airflow/dags/Code explanation.xlsx took 0.024 seconds
[2025-05-02T23:29:49.272+0000] {processor.py:161} INFO - Started process (PID=3134) to work on /opt/airflow/dags/Code explanation.xlsx
[2025-05-02T23:29:49.273+0000] {processor.py:830} INFO - Processing file /opt/airflow/dags/Code explanation.xlsx for tasks to queue
[2025-05-02T23:29:49.274+0000] {logging_mixin.py:188} INFO - [2025-05-02T23:29:49.274+0000] {dagbag.py:538} INFO - Filling up the DagBag from /opt/airflow/dags/Code explanation.xlsx
[2025-05-02T23:29:49.286+0000] {processor.py:842} WARNING - No viable dags retrieved from /opt/airflow/dags/Code explanation.xlsx
[2025-05-02T23:29:49.301+0000] {processor.py:183} INFO - Processing /opt/airflow/dags/Code explanation.xlsx took 0.031 seconds
[2025-05-02T23:29:59.869+0000] {processor.py:161} INFO - Started process (PID=3173) to work on /opt/airflow/dags/Code explanation.xlsx
[2025-05-02T23:29:59.870+0000] {processor.py:830} INFO - Processing file /opt/airflow/dags/Code explanation.xlsx for tasks to queue
[2025-05-02T23:29:59.872+0000] {logging_mixin.py:188} INFO - [2025-05-02T23:29:59.871+0000] {dagbag.py:538} INFO - Filling up the DagBag from /opt/airflow/dags/Code explanation.xlsx
[2025-05-02T23:29:59.884+0000] {processor.py:842} WARNING - No viable dags retrieved from /opt/airflow/dags/Code explanation.xlsx
[2025-05-02T23:29:59.897+0000] {processor.py:183} INFO - Processing /opt/airflow/dags/Code explanation.xlsx took 0.030 seconds
[2025-05-02T23:30:19.981+0000] {processor.py:161} INFO - Started process (PID=3177) to work on /opt/airflow/dags/Code explanation.xlsx
[2025-05-02T23:30:19.982+0000] {processor.py:830} INFO - Processing file /opt/airflow/dags/Code explanation.xlsx for tasks to queue
[2025-05-02T23:30:19.983+0000] {logging_mixin.py:188} INFO - [2025-05-02T23:30:19.983+0000] {dagbag.py:538} INFO - Filling up the DagBag from /opt/airflow/dags/Code explanation.xlsx
[2025-05-02T23:30:19.992+0000] {processor.py:842} WARNING - No viable dags retrieved from /opt/airflow/dags/Code explanation.xlsx
[2025-05-02T23:30:20.002+0000] {processor.py:183} INFO - Processing /opt/airflow/dags/Code explanation.xlsx took 0.022 seconds
[2025-05-02T23:30:30.052+0000] {processor.py:161} INFO - Started process (PID=3216) to work on /opt/airflow/dags/Code explanation.xlsx
[2025-05-02T23:30:30.053+0000] {processor.py:830} INFO - Processing file /opt/airflow/dags/Code explanation.xlsx for tasks to queue
[2025-05-02T23:30:30.054+0000] {logging_mixin.py:188} INFO - [2025-05-02T23:30:30.054+0000] {dagbag.py:538} INFO - Filling up the DagBag from /opt/airflow/dags/Code explanation.xlsx
[2025-05-02T23:30:30.063+0000] {processor.py:842} WARNING - No viable dags retrieved from /opt/airflow/dags/Code explanation.xlsx
[2025-05-02T23:30:30.075+0000] {processor.py:183} INFO - Processing /opt/airflow/dags/Code explanation.xlsx took 0.025 seconds
[2025-05-02T23:30:50.386+0000] {processor.py:161} INFO - Started process (PID=3220) to work on /opt/airflow/dags/Code explanation.xlsx
[2025-05-02T23:30:50.387+0000] {processor.py:830} INFO - Processing file /opt/airflow/dags/Code explanation.xlsx for tasks to queue
[2025-05-02T23:30:50.388+0000] {logging_mixin.py:188} INFO - [2025-05-02T23:30:50.388+0000] {dagbag.py:538} INFO - Filling up the DagBag from /opt/airflow/dags/Code explanation.xlsx
[2025-05-02T23:30:50.398+0000] {processor.py:842} WARNING - No viable dags retrieved from /opt/airflow/dags/Code explanation.xlsx
[2025-05-02T23:30:50.408+0000] {processor.py:183} INFO - Processing /opt/airflow/dags/Code explanation.xlsx took 0.024 seconds
[2025-05-02T23:31:00.381+0000] {processor.py:161} INFO - Started process (PID=3259) to work on /opt/airflow/dags/Code explanation.xlsx
[2025-05-02T23:31:00.382+0000] {processor.py:830} INFO - Processing file /opt/airflow/dags/Code explanation.xlsx for tasks to queue
[2025-05-02T23:31:00.383+0000] {logging_mixin.py:188} INFO - [2025-05-02T23:31:00.383+0000] {dagbag.py:538} INFO - Filling up the DagBag from /opt/airflow/dags/Code explanation.xlsx
[2025-05-02T23:31:00.397+0000] {processor.py:842} WARNING - No viable dags retrieved from /opt/airflow/dags/Code explanation.xlsx
[2025-05-02T23:31:00.416+0000] {processor.py:183} INFO - Processing /opt/airflow/dags/Code explanation.xlsx took 0.039 seconds
[2025-05-02T23:31:20.802+0000] {processor.py:161} INFO - Started process (PID=3263) to work on /opt/airflow/dags/Code explanation.xlsx
[2025-05-02T23:31:20.803+0000] {processor.py:830} INFO - Processing file /opt/airflow/dags/Code explanation.xlsx for tasks to queue
[2025-05-02T23:31:20.804+0000] {logging_mixin.py:188} INFO - [2025-05-02T23:31:20.804+0000] {dagbag.py:538} INFO - Filling up the DagBag from /opt/airflow/dags/Code explanation.xlsx
[2025-05-02T23:31:20.812+0000] {processor.py:842} WARNING - No viable dags retrieved from /opt/airflow/dags/Code explanation.xlsx
[2025-05-02T23:31:20.824+0000] {processor.py:183} INFO - Processing /opt/airflow/dags/Code explanation.xlsx took 0.024 seconds
[2025-05-02T23:31:30.777+0000] {processor.py:161} INFO - Started process (PID=3302) to work on /opt/airflow/dags/Code explanation.xlsx
[2025-05-02T23:31:30.779+0000] {processor.py:830} INFO - Processing file /opt/airflow/dags/Code explanation.xlsx for tasks to queue
[2025-05-02T23:31:30.781+0000] {logging_mixin.py:188} INFO - [2025-05-02T23:31:30.780+0000] {dagbag.py:538} INFO - Filling up the DagBag from /opt/airflow/dags/Code explanation.xlsx
[2025-05-02T23:31:30.795+0000] {processor.py:842} WARNING - No viable dags retrieved from /opt/airflow/dags/Code explanation.xlsx
[2025-05-02T23:31:30.813+0000] {processor.py:183} INFO - Processing /opt/airflow/dags/Code explanation.xlsx took 0.039 seconds
[2025-05-02T23:31:51.088+0000] {processor.py:161} INFO - Started process (PID=3306) to work on /opt/airflow/dags/Code explanation.xlsx
[2025-05-02T23:31:51.089+0000] {processor.py:830} INFO - Processing file /opt/airflow/dags/Code explanation.xlsx for tasks to queue
[2025-05-02T23:31:51.090+0000] {logging_mixin.py:188} INFO - [2025-05-02T23:31:51.090+0000] {dagbag.py:538} INFO - Filling up the DagBag from /opt/airflow/dags/Code explanation.xlsx
[2025-05-02T23:31:51.102+0000] {processor.py:842} WARNING - No viable dags retrieved from /opt/airflow/dags/Code explanation.xlsx
[2025-05-02T23:31:51.112+0000] {processor.py:183} INFO - Processing /opt/airflow/dags/Code explanation.xlsx took 0.027 seconds
[2025-05-02T23:32:01.218+0000] {processor.py:161} INFO - Started process (PID=3345) to work on /opt/airflow/dags/Code explanation.xlsx
[2025-05-02T23:32:01.219+0000] {processor.py:830} INFO - Processing file /opt/airflow/dags/Code explanation.xlsx for tasks to queue
[2025-05-02T23:32:01.220+0000] {logging_mixin.py:188} INFO - [2025-05-02T23:32:01.220+0000] {dagbag.py:538} INFO - Filling up the DagBag from /opt/airflow/dags/Code explanation.xlsx
[2025-05-02T23:32:01.233+0000] {processor.py:842} WARNING - No viable dags retrieved from /opt/airflow/dags/Code explanation.xlsx
[2025-05-02T23:32:01.246+0000] {processor.py:183} INFO - Processing /opt/airflow/dags/Code explanation.xlsx took 0.033 seconds
[2025-05-02T23:32:21.470+0000] {processor.py:161} INFO - Started process (PID=3349) to work on /opt/airflow/dags/Code explanation.xlsx
[2025-05-02T23:32:21.472+0000] {processor.py:830} INFO - Processing file /opt/airflow/dags/Code explanation.xlsx for tasks to queue
[2025-05-02T23:32:21.474+0000] {logging_mixin.py:188} INFO - [2025-05-02T23:32:21.473+0000] {dagbag.py:538} INFO - Filling up the DagBag from /opt/airflow/dags/Code explanation.xlsx
[2025-05-02T23:32:21.488+0000] {processor.py:842} WARNING - No viable dags retrieved from /opt/airflow/dags/Code explanation.xlsx
[2025-05-02T23:32:21.512+0000] {processor.py:183} INFO - Processing /opt/airflow/dags/Code explanation.xlsx took 0.045 seconds
[2025-05-02T23:32:31.676+0000] {processor.py:161} INFO - Started process (PID=3388) to work on /opt/airflow/dags/Code explanation.xlsx
[2025-05-02T23:32:31.678+0000] {processor.py:830} INFO - Processing file /opt/airflow/dags/Code explanation.xlsx for tasks to queue
[2025-05-02T23:32:31.679+0000] {logging_mixin.py:188} INFO - [2025-05-02T23:32:31.678+0000] {dagbag.py:538} INFO - Filling up the DagBag from /opt/airflow/dags/Code explanation.xlsx
[2025-05-02T23:32:31.690+0000] {processor.py:842} WARNING - No viable dags retrieved from /opt/airflow/dags/Code explanation.xlsx
[2025-05-02T23:32:31.708+0000] {processor.py:183} INFO - Processing /opt/airflow/dags/Code explanation.xlsx took 0.035 seconds
[2025-05-02T23:32:51.657+0000] {processor.py:161} INFO - Started process (PID=3392) to work on /opt/airflow/dags/Code explanation.xlsx
[2025-05-02T23:32:51.658+0000] {processor.py:830} INFO - Processing file /opt/airflow/dags/Code explanation.xlsx for tasks to queue
[2025-05-02T23:32:51.659+0000] {logging_mixin.py:188} INFO - [2025-05-02T23:32:51.659+0000] {dagbag.py:538} INFO - Filling up the DagBag from /opt/airflow/dags/Code explanation.xlsx
[2025-05-02T23:32:51.674+0000] {processor.py:842} WARNING - No viable dags retrieved from /opt/airflow/dags/Code explanation.xlsx
[2025-05-02T23:32:51.691+0000] {processor.py:183} INFO - Processing /opt/airflow/dags/Code explanation.xlsx took 0.037 seconds
[2025-05-02T23:33:02.060+0000] {processor.py:161} INFO - Started process (PID=3431) to work on /opt/airflow/dags/Code explanation.xlsx
[2025-05-02T23:33:02.061+0000] {processor.py:830} INFO - Processing file /opt/airflow/dags/Code explanation.xlsx for tasks to queue
[2025-05-02T23:33:02.062+0000] {logging_mixin.py:188} INFO - [2025-05-02T23:33:02.062+0000] {dagbag.py:538} INFO - Filling up the DagBag from /opt/airflow/dags/Code explanation.xlsx
[2025-05-02T23:33:02.073+0000] {processor.py:842} WARNING - No viable dags retrieved from /opt/airflow/dags/Code explanation.xlsx
[2025-05-02T23:33:02.097+0000] {processor.py:183} INFO - Processing /opt/airflow/dags/Code explanation.xlsx took 0.040 seconds
[2025-05-02T23:33:22.054+0000] {processor.py:161} INFO - Started process (PID=3435) to work on /opt/airflow/dags/Code explanation.xlsx
[2025-05-02T23:33:22.055+0000] {processor.py:830} INFO - Processing file /opt/airflow/dags/Code explanation.xlsx for tasks to queue
[2025-05-02T23:33:22.056+0000] {logging_mixin.py:188} INFO - [2025-05-02T23:33:22.056+0000] {dagbag.py:538} INFO - Filling up the DagBag from /opt/airflow/dags/Code explanation.xlsx
[2025-05-02T23:33:22.064+0000] {processor.py:842} WARNING - No viable dags retrieved from /opt/airflow/dags/Code explanation.xlsx
[2025-05-02T23:33:22.074+0000] {processor.py:183} INFO - Processing /opt/airflow/dags/Code explanation.xlsx took 0.022 seconds
[2025-05-02T23:33:32.459+0000] {processor.py:161} INFO - Started process (PID=3474) to work on /opt/airflow/dags/Code explanation.xlsx
[2025-05-02T23:33:32.460+0000] {processor.py:830} INFO - Processing file /opt/airflow/dags/Code explanation.xlsx for tasks to queue
[2025-05-02T23:33:32.462+0000] {logging_mixin.py:188} INFO - [2025-05-02T23:33:32.461+0000] {dagbag.py:538} INFO - Filling up the DagBag from /opt/airflow/dags/Code explanation.xlsx
[2025-05-02T23:33:32.473+0000] {processor.py:842} WARNING - No viable dags retrieved from /opt/airflow/dags/Code explanation.xlsx
[2025-05-02T23:33:32.488+0000] {processor.py:183} INFO - Processing /opt/airflow/dags/Code explanation.xlsx took 0.033 seconds
[2025-05-02T23:33:52.778+0000] {processor.py:161} INFO - Started process (PID=3478) to work on /opt/airflow/dags/Code explanation.xlsx
[2025-05-02T23:33:52.779+0000] {processor.py:830} INFO - Processing file /opt/airflow/dags/Code explanation.xlsx for tasks to queue
[2025-05-02T23:33:52.780+0000] {logging_mixin.py:188} INFO - [2025-05-02T23:33:52.779+0000] {dagbag.py:538} INFO - Filling up the DagBag from /opt/airflow/dags/Code explanation.xlsx
[2025-05-02T23:33:52.787+0000] {processor.py:842} WARNING - No viable dags retrieved from /opt/airflow/dags/Code explanation.xlsx
[2025-05-02T23:33:52.797+0000] {processor.py:183} INFO - Processing /opt/airflow/dags/Code explanation.xlsx took 0.021 seconds
[2025-05-02T23:34:03.011+0000] {processor.py:161} INFO - Started process (PID=3515) to work on /opt/airflow/dags/Code explanation.xlsx
[2025-05-02T23:34:03.012+0000] {processor.py:830} INFO - Processing file /opt/airflow/dags/Code explanation.xlsx for tasks to queue
[2025-05-02T23:34:03.012+0000] {logging_mixin.py:188} INFO - [2025-05-02T23:34:03.012+0000] {dagbag.py:538} INFO - Filling up the DagBag from /opt/airflow/dags/Code explanation.xlsx
[2025-05-02T23:34:03.025+0000] {processor.py:842} WARNING - No viable dags retrieved from /opt/airflow/dags/Code explanation.xlsx
[2025-05-02T23:34:03.039+0000] {processor.py:183} INFO - Processing /opt/airflow/dags/Code explanation.xlsx took 0.030 seconds
[2025-05-02T23:34:22.848+0000] {processor.py:161} INFO - Started process (PID=3521) to work on /opt/airflow/dags/Code explanation.xlsx
[2025-05-02T23:34:22.849+0000] {processor.py:830} INFO - Processing file /opt/airflow/dags/Code explanation.xlsx for tasks to queue
[2025-05-02T23:34:22.850+0000] {logging_mixin.py:188} INFO - [2025-05-02T23:34:22.850+0000] {dagbag.py:538} INFO - Filling up the DagBag from /opt/airflow/dags/Code explanation.xlsx
[2025-05-02T23:34:22.858+0000] {processor.py:842} WARNING - No viable dags retrieved from /opt/airflow/dags/Code explanation.xlsx
[2025-05-02T23:34:22.868+0000] {processor.py:183} INFO - Processing /opt/airflow/dags/Code explanation.xlsx took 0.023 seconds
[2025-05-02T23:34:33.588+0000] {processor.py:161} INFO - Started process (PID=3560) to work on /opt/airflow/dags/Code explanation.xlsx
[2025-05-02T23:34:33.589+0000] {processor.py:830} INFO - Processing file /opt/airflow/dags/Code explanation.xlsx for tasks to queue
[2025-05-02T23:34:33.590+0000] {logging_mixin.py:188} INFO - [2025-05-02T23:34:33.590+0000] {dagbag.py:538} INFO - Filling up the DagBag from /opt/airflow/dags/Code explanation.xlsx
[2025-05-02T23:34:33.601+0000] {processor.py:842} WARNING - No viable dags retrieved from /opt/airflow/dags/Code explanation.xlsx
[2025-05-02T23:34:33.613+0000] {processor.py:183} INFO - Processing /opt/airflow/dags/Code explanation.xlsx took 0.029 seconds
[2025-05-02T23:34:53.169+0000] {processor.py:161} INFO - Started process (PID=3564) to work on /opt/airflow/dags/Code explanation.xlsx
[2025-05-02T23:34:53.171+0000] {processor.py:830} INFO - Processing file /opt/airflow/dags/Code explanation.xlsx for tasks to queue
[2025-05-02T23:34:53.172+0000] {logging_mixin.py:188} INFO - [2025-05-02T23:34:53.172+0000] {dagbag.py:538} INFO - Filling up the DagBag from /opt/airflow/dags/Code explanation.xlsx
[2025-05-02T23:34:53.187+0000] {processor.py:842} WARNING - No viable dags retrieved from /opt/airflow/dags/Code explanation.xlsx
[2025-05-02T23:34:53.201+0000] {processor.py:183} INFO - Processing /opt/airflow/dags/Code explanation.xlsx took 0.035 seconds
[2025-05-02T23:35:04.781+0000] {processor.py:161} INFO - Started process (PID=3603) to work on /opt/airflow/dags/Code explanation.xlsx
[2025-05-02T23:35:04.783+0000] {processor.py:830} INFO - Processing file /opt/airflow/dags/Code explanation.xlsx for tasks to queue
[2025-05-02T23:35:04.784+0000] {logging_mixin.py:188} INFO - [2025-05-02T23:35:04.784+0000] {dagbag.py:538} INFO - Filling up the DagBag from /opt/airflow/dags/Code explanation.xlsx
[2025-05-02T23:35:04.798+0000] {processor.py:842} WARNING - No viable dags retrieved from /opt/airflow/dags/Code explanation.xlsx
[2025-05-02T23:35:04.820+0000] {processor.py:183} INFO - Processing /opt/airflow/dags/Code explanation.xlsx took 0.043 seconds
[2025-05-02T23:35:23.403+0000] {processor.py:161} INFO - Started process (PID=3607) to work on /opt/airflow/dags/Code explanation.xlsx
[2025-05-02T23:35:23.405+0000] {processor.py:830} INFO - Processing file /opt/airflow/dags/Code explanation.xlsx for tasks to queue
[2025-05-02T23:35:23.407+0000] {logging_mixin.py:188} INFO - [2025-05-02T23:35:23.406+0000] {dagbag.py:538} INFO - Filling up the DagBag from /opt/airflow/dags/Code explanation.xlsx
[2025-05-02T23:35:23.422+0000] {processor.py:842} WARNING - No viable dags retrieved from /opt/airflow/dags/Code explanation.xlsx
[2025-05-02T23:35:23.449+0000] {processor.py:183} INFO - Processing /opt/airflow/dags/Code explanation.xlsx took 0.052 seconds
[2025-05-02T23:35:35.531+0000] {processor.py:161} INFO - Started process (PID=3646) to work on /opt/airflow/dags/Code explanation.xlsx
[2025-05-02T23:35:35.533+0000] {processor.py:830} INFO - Processing file /opt/airflow/dags/Code explanation.xlsx for tasks to queue
[2025-05-02T23:35:35.534+0000] {logging_mixin.py:188} INFO - [2025-05-02T23:35:35.533+0000] {dagbag.py:538} INFO - Filling up the DagBag from /opt/airflow/dags/Code explanation.xlsx
[2025-05-02T23:35:35.546+0000] {processor.py:842} WARNING - No viable dags retrieved from /opt/airflow/dags/Code explanation.xlsx
[2025-05-02T23:35:35.560+0000] {processor.py:183} INFO - Processing /opt/airflow/dags/Code explanation.xlsx took 0.032 seconds
[2025-05-02T23:35:53.714+0000] {processor.py:161} INFO - Started process (PID=3650) to work on /opt/airflow/dags/Code explanation.xlsx
[2025-05-02T23:35:53.715+0000] {processor.py:830} INFO - Processing file /opt/airflow/dags/Code explanation.xlsx for tasks to queue
[2025-05-02T23:35:53.717+0000] {logging_mixin.py:188} INFO - [2025-05-02T23:35:53.716+0000] {dagbag.py:538} INFO - Filling up the DagBag from /opt/airflow/dags/Code explanation.xlsx
[2025-05-02T23:35:53.726+0000] {processor.py:842} WARNING - No viable dags retrieved from /opt/airflow/dags/Code explanation.xlsx
[2025-05-02T23:35:53.739+0000] {processor.py:183} INFO - Processing /opt/airflow/dags/Code explanation.xlsx took 0.027 seconds
[2025-05-02T23:36:05.781+0000] {processor.py:161} INFO - Started process (PID=3689) to work on /opt/airflow/dags/Code explanation.xlsx
[2025-05-02T23:36:05.783+0000] {processor.py:830} INFO - Processing file /opt/airflow/dags/Code explanation.xlsx for tasks to queue
[2025-05-02T23:36:05.783+0000] {logging_mixin.py:188} INFO - [2025-05-02T23:36:05.783+0000] {dagbag.py:538} INFO - Filling up the DagBag from /opt/airflow/dags/Code explanation.xlsx
[2025-05-02T23:36:05.792+0000] {processor.py:842} WARNING - No viable dags retrieved from /opt/airflow/dags/Code explanation.xlsx
[2025-05-02T23:36:05.803+0000] {processor.py:183} INFO - Processing /opt/airflow/dags/Code explanation.xlsx took 0.024 seconds
[2025-05-02T23:36:23.977+0000] {processor.py:161} INFO - Started process (PID=3693) to work on /opt/airflow/dags/Code explanation.xlsx
[2025-05-02T23:36:23.978+0000] {processor.py:830} INFO - Processing file /opt/airflow/dags/Code explanation.xlsx for tasks to queue
[2025-05-02T23:36:23.980+0000] {logging_mixin.py:188} INFO - [2025-05-02T23:36:23.979+0000] {dagbag.py:538} INFO - Filling up the DagBag from /opt/airflow/dags/Code explanation.xlsx
[2025-05-02T23:36:23.990+0000] {processor.py:842} WARNING - No viable dags retrieved from /opt/airflow/dags/Code explanation.xlsx
[2025-05-02T23:36:23.999+0000] {processor.py:183} INFO - Processing /opt/airflow/dags/Code explanation.xlsx took 0.025 seconds
[2025-05-02T23:36:36.348+0000] {processor.py:161} INFO - Started process (PID=3732) to work on /opt/airflow/dags/Code explanation.xlsx
[2025-05-02T23:36:36.349+0000] {processor.py:830} INFO - Processing file /opt/airflow/dags/Code explanation.xlsx for tasks to queue
[2025-05-02T23:36:36.350+0000] {logging_mixin.py:188} INFO - [2025-05-02T23:36:36.350+0000] {dagbag.py:538} INFO - Filling up the DagBag from /opt/airflow/dags/Code explanation.xlsx
[2025-05-02T23:36:36.360+0000] {processor.py:842} WARNING - No viable dags retrieved from /opt/airflow/dags/Code explanation.xlsx
[2025-05-02T23:36:36.373+0000] {processor.py:183} INFO - Processing /opt/airflow/dags/Code explanation.xlsx took 0.028 seconds
[2025-05-02T23:36:54.354+0000] {processor.py:161} INFO - Started process (PID=3736) to work on /opt/airflow/dags/Code explanation.xlsx
[2025-05-02T23:36:54.354+0000] {processor.py:830} INFO - Processing file /opt/airflow/dags/Code explanation.xlsx for tasks to queue
[2025-05-02T23:36:54.355+0000] {logging_mixin.py:188} INFO - [2025-05-02T23:36:54.355+0000] {dagbag.py:538} INFO - Filling up the DagBag from /opt/airflow/dags/Code explanation.xlsx
[2025-05-02T23:36:54.363+0000] {processor.py:842} WARNING - No viable dags retrieved from /opt/airflow/dags/Code explanation.xlsx
[2025-05-02T23:36:54.373+0000] {processor.py:183} INFO - Processing /opt/airflow/dags/Code explanation.xlsx took 0.022 seconds
[2025-05-02T23:37:06.811+0000] {processor.py:161} INFO - Started process (PID=3775) to work on /opt/airflow/dags/Code explanation.xlsx
[2025-05-02T23:37:06.812+0000] {processor.py:830} INFO - Processing file /opt/airflow/dags/Code explanation.xlsx for tasks to queue
[2025-05-02T23:37:06.814+0000] {logging_mixin.py:188} INFO - [2025-05-02T23:37:06.814+0000] {dagbag.py:538} INFO - Filling up the DagBag from /opt/airflow/dags/Code explanation.xlsx
[2025-05-02T23:37:06.829+0000] {processor.py:842} WARNING - No viable dags retrieved from /opt/airflow/dags/Code explanation.xlsx
[2025-05-02T23:37:06.852+0000] {processor.py:183} INFO - Processing /opt/airflow/dags/Code explanation.xlsx took 0.045 seconds
[2025-05-02T23:37:24.537+0000] {processor.py:161} INFO - Started process (PID=3779) to work on /opt/airflow/dags/Code explanation.xlsx
[2025-05-02T23:37:24.538+0000] {processor.py:830} INFO - Processing file /opt/airflow/dags/Code explanation.xlsx for tasks to queue
[2025-05-02T23:37:24.538+0000] {logging_mixin.py:188} INFO - [2025-05-02T23:37:24.538+0000] {dagbag.py:538} INFO - Filling up the DagBag from /opt/airflow/dags/Code explanation.xlsx
[2025-05-02T23:37:24.546+0000] {processor.py:842} WARNING - No viable dags retrieved from /opt/airflow/dags/Code explanation.xlsx
[2025-05-02T23:37:24.557+0000] {processor.py:183} INFO - Processing /opt/airflow/dags/Code explanation.xlsx took 0.023 seconds
[2025-05-02T23:37:37.399+0000] {processor.py:161} INFO - Started process (PID=3818) to work on /opt/airflow/dags/Code explanation.xlsx
[2025-05-02T23:37:37.401+0000] {processor.py:830} INFO - Processing file /opt/airflow/dags/Code explanation.xlsx for tasks to queue
[2025-05-02T23:37:37.402+0000] {logging_mixin.py:188} INFO - [2025-05-02T23:37:37.401+0000] {dagbag.py:538} INFO - Filling up the DagBag from /opt/airflow/dags/Code explanation.xlsx
[2025-05-02T23:37:37.411+0000] {processor.py:842} WARNING - No viable dags retrieved from /opt/airflow/dags/Code explanation.xlsx
[2025-05-02T23:37:37.423+0000] {processor.py:183} INFO - Processing /opt/airflow/dags/Code explanation.xlsx took 0.027 seconds
[2025-05-02T23:37:54.660+0000] {processor.py:161} INFO - Started process (PID=3822) to work on /opt/airflow/dags/Code explanation.xlsx
[2025-05-02T23:37:54.661+0000] {processor.py:830} INFO - Processing file /opt/airflow/dags/Code explanation.xlsx for tasks to queue
[2025-05-02T23:37:54.662+0000] {logging_mixin.py:188} INFO - [2025-05-02T23:37:54.662+0000] {dagbag.py:538} INFO - Filling up the DagBag from /opt/airflow/dags/Code explanation.xlsx
[2025-05-02T23:37:54.679+0000] {processor.py:842} WARNING - No viable dags retrieved from /opt/airflow/dags/Code explanation.xlsx
[2025-05-02T23:37:54.695+0000] {processor.py:183} INFO - Processing /opt/airflow/dags/Code explanation.xlsx took 0.037 seconds
[2025-05-02T23:38:07.854+0000] {processor.py:161} INFO - Started process (PID=3861) to work on /opt/airflow/dags/Code explanation.xlsx
[2025-05-02T23:38:07.855+0000] {processor.py:830} INFO - Processing file /opt/airflow/dags/Code explanation.xlsx for tasks to queue
[2025-05-02T23:38:07.856+0000] {logging_mixin.py:188} INFO - [2025-05-02T23:38:07.856+0000] {dagbag.py:538} INFO - Filling up the DagBag from /opt/airflow/dags/Code explanation.xlsx
[2025-05-02T23:38:07.865+0000] {processor.py:842} WARNING - No viable dags retrieved from /opt/airflow/dags/Code explanation.xlsx
[2025-05-02T23:38:07.875+0000] {processor.py:183} INFO - Processing /opt/airflow/dags/Code explanation.xlsx took 0.023 seconds
[2025-05-02T23:38:25.022+0000] {processor.py:161} INFO - Started process (PID=3865) to work on /opt/airflow/dags/Code explanation.xlsx
[2025-05-02T23:38:25.024+0000] {processor.py:830} INFO - Processing file /opt/airflow/dags/Code explanation.xlsx for tasks to queue
[2025-05-02T23:38:25.025+0000] {logging_mixin.py:188} INFO - [2025-05-02T23:38:25.024+0000] {dagbag.py:538} INFO - Filling up the DagBag from /opt/airflow/dags/Code explanation.xlsx
[2025-05-02T23:38:25.036+0000] {processor.py:842} WARNING - No viable dags retrieved from /opt/airflow/dags/Code explanation.xlsx
[2025-05-02T23:38:25.052+0000] {processor.py:183} INFO - Processing /opt/airflow/dags/Code explanation.xlsx took 0.033 seconds
[2025-05-02T23:38:38.494+0000] {processor.py:161} INFO - Started process (PID=3904) to work on /opt/airflow/dags/Code explanation.xlsx
[2025-05-02T23:38:38.495+0000] {processor.py:830} INFO - Processing file /opt/airflow/dags/Code explanation.xlsx for tasks to queue
[2025-05-02T23:38:38.500+0000] {logging_mixin.py:188} INFO - [2025-05-02T23:38:38.498+0000] {dagbag.py:538} INFO - Filling up the DagBag from /opt/airflow/dags/Code explanation.xlsx
[2025-05-02T23:38:38.517+0000] {processor.py:842} WARNING - No viable dags retrieved from /opt/airflow/dags/Code explanation.xlsx
[2025-05-02T23:38:38.529+0000] {processor.py:183} INFO - Processing /opt/airflow/dags/Code explanation.xlsx took 0.039 seconds
[2025-05-02T23:38:55.281+0000] {processor.py:161} INFO - Started process (PID=3908) to work on /opt/airflow/dags/Code explanation.xlsx
[2025-05-02T23:38:55.283+0000] {processor.py:830} INFO - Processing file /opt/airflow/dags/Code explanation.xlsx for tasks to queue
[2025-05-02T23:38:55.285+0000] {logging_mixin.py:188} INFO - [2025-05-02T23:38:55.285+0000] {dagbag.py:538} INFO - Filling up the DagBag from /opt/airflow/dags/Code explanation.xlsx
[2025-05-02T23:38:55.305+0000] {processor.py:842} WARNING - No viable dags retrieved from /opt/airflow/dags/Code explanation.xlsx
[2025-05-02T23:38:55.321+0000] {processor.py:183} INFO - Processing /opt/airflow/dags/Code explanation.xlsx took 0.048 seconds
[2025-05-02T23:39:09.164+0000] {processor.py:161} INFO - Started process (PID=3947) to work on /opt/airflow/dags/Code explanation.xlsx
[2025-05-02T23:39:09.166+0000] {processor.py:830} INFO - Processing file /opt/airflow/dags/Code explanation.xlsx for tasks to queue
[2025-05-02T23:39:09.167+0000] {logging_mixin.py:188} INFO - [2025-05-02T23:39:09.166+0000] {dagbag.py:538} INFO - Filling up the DagBag from /opt/airflow/dags/Code explanation.xlsx
[2025-05-02T23:39:09.179+0000] {processor.py:842} WARNING - No viable dags retrieved from /opt/airflow/dags/Code explanation.xlsx
[2025-05-02T23:39:09.193+0000] {processor.py:183} INFO - Processing /opt/airflow/dags/Code explanation.xlsx took 0.032 seconds
[2025-05-02T23:39:25.592+0000] {processor.py:161} INFO - Started process (PID=3951) to work on /opt/airflow/dags/Code explanation.xlsx
[2025-05-02T23:39:25.593+0000] {processor.py:830} INFO - Processing file /opt/airflow/dags/Code explanation.xlsx for tasks to queue
[2025-05-02T23:39:25.594+0000] {logging_mixin.py:188} INFO - [2025-05-02T23:39:25.594+0000] {dagbag.py:538} INFO - Filling up the DagBag from /opt/airflow/dags/Code explanation.xlsx
[2025-05-02T23:39:25.604+0000] {processor.py:842} WARNING - No viable dags retrieved from /opt/airflow/dags/Code explanation.xlsx
[2025-05-02T23:39:25.615+0000] {processor.py:183} INFO - Processing /opt/airflow/dags/Code explanation.xlsx took 0.026 seconds
[2025-05-02T23:39:39.487+0000] {processor.py:161} INFO - Started process (PID=3990) to work on /opt/airflow/dags/Code explanation.xlsx
[2025-05-02T23:39:39.488+0000] {processor.py:830} INFO - Processing file /opt/airflow/dags/Code explanation.xlsx for tasks to queue
[2025-05-02T23:39:39.488+0000] {logging_mixin.py:188} INFO - [2025-05-02T23:39:39.488+0000] {dagbag.py:538} INFO - Filling up the DagBag from /opt/airflow/dags/Code explanation.xlsx
[2025-05-02T23:39:39.497+0000] {processor.py:842} WARNING - No viable dags retrieved from /opt/airflow/dags/Code explanation.xlsx
[2025-05-02T23:39:39.508+0000] {processor.py:183} INFO - Processing /opt/airflow/dags/Code explanation.xlsx took 0.024 seconds
[2025-05-02T23:39:55.830+0000] {processor.py:161} INFO - Started process (PID=3994) to work on /opt/airflow/dags/Code explanation.xlsx
[2025-05-02T23:39:55.833+0000] {processor.py:830} INFO - Processing file /opt/airflow/dags/Code explanation.xlsx for tasks to queue
[2025-05-02T23:39:55.834+0000] {logging_mixin.py:188} INFO - [2025-05-02T23:39:55.833+0000] {dagbag.py:538} INFO - Filling up the DagBag from /opt/airflow/dags/Code explanation.xlsx
[2025-05-02T23:39:55.844+0000] {processor.py:842} WARNING - No viable dags retrieved from /opt/airflow/dags/Code explanation.xlsx
[2025-05-02T23:39:55.857+0000] {processor.py:183} INFO - Processing /opt/airflow/dags/Code explanation.xlsx took 0.030 seconds
[2025-05-02T23:40:09.815+0000] {processor.py:161} INFO - Started process (PID=4031) to work on /opt/airflow/dags/Code explanation.xlsx
[2025-05-02T23:40:09.816+0000] {processor.py:830} INFO - Processing file /opt/airflow/dags/Code explanation.xlsx for tasks to queue
[2025-05-02T23:40:09.817+0000] {logging_mixin.py:188} INFO - [2025-05-02T23:40:09.817+0000] {dagbag.py:538} INFO - Filling up the DagBag from /opt/airflow/dags/Code explanation.xlsx
[2025-05-02T23:40:09.826+0000] {processor.py:842} WARNING - No viable dags retrieved from /opt/airflow/dags/Code explanation.xlsx
[2025-05-02T23:40:09.839+0000] {processor.py:183} INFO - Processing /opt/airflow/dags/Code explanation.xlsx took 0.026 seconds
[2025-05-02T23:40:26.243+0000] {processor.py:161} INFO - Started process (PID=4037) to work on /opt/airflow/dags/Code explanation.xlsx
[2025-05-02T23:40:26.244+0000] {processor.py:830} INFO - Processing file /opt/airflow/dags/Code explanation.xlsx for tasks to queue
[2025-05-02T23:40:26.245+0000] {logging_mixin.py:188} INFO - [2025-05-02T23:40:26.245+0000] {dagbag.py:538} INFO - Filling up the DagBag from /opt/airflow/dags/Code explanation.xlsx
[2025-05-02T23:40:26.256+0000] {processor.py:842} WARNING - No viable dags retrieved from /opt/airflow/dags/Code explanation.xlsx
[2025-05-02T23:40:26.271+0000] {processor.py:183} INFO - Processing /opt/airflow/dags/Code explanation.xlsx took 0.030 seconds
[2025-05-02T23:40:40.643+0000] {processor.py:161} INFO - Started process (PID=4076) to work on /opt/airflow/dags/Code explanation.xlsx
[2025-05-02T23:40:40.644+0000] {processor.py:830} INFO - Processing file /opt/airflow/dags/Code explanation.xlsx for tasks to queue
[2025-05-02T23:40:40.645+0000] {logging_mixin.py:188} INFO - [2025-05-02T23:40:40.645+0000] {dagbag.py:538} INFO - Filling up the DagBag from /opt/airflow/dags/Code explanation.xlsx
[2025-05-02T23:40:40.656+0000] {processor.py:842} WARNING - No viable dags retrieved from /opt/airflow/dags/Code explanation.xlsx
[2025-05-02T23:40:40.669+0000] {processor.py:183} INFO - Processing /opt/airflow/dags/Code explanation.xlsx took 0.029 seconds
[2025-05-02T23:40:56.424+0000] {processor.py:161} INFO - Started process (PID=4080) to work on /opt/airflow/dags/Code explanation.xlsx
[2025-05-02T23:40:56.425+0000] {processor.py:830} INFO - Processing file /opt/airflow/dags/Code explanation.xlsx for tasks to queue
[2025-05-02T23:40:56.426+0000] {logging_mixin.py:188} INFO - [2025-05-02T23:40:56.426+0000] {dagbag.py:538} INFO - Filling up the DagBag from /opt/airflow/dags/Code explanation.xlsx
[2025-05-02T23:40:56.439+0000] {processor.py:842} WARNING - No viable dags retrieved from /opt/airflow/dags/Code explanation.xlsx
[2025-05-02T23:40:56.453+0000] {processor.py:183} INFO - Processing /opt/airflow/dags/Code explanation.xlsx took 0.031 seconds
[2025-05-02T23:41:10.825+0000] {processor.py:161} INFO - Started process (PID=4119) to work on /opt/airflow/dags/Code explanation.xlsx
[2025-05-02T23:41:10.826+0000] {processor.py:830} INFO - Processing file /opt/airflow/dags/Code explanation.xlsx for tasks to queue
[2025-05-02T23:41:10.827+0000] {logging_mixin.py:188} INFO - [2025-05-02T23:41:10.827+0000] {dagbag.py:538} INFO - Filling up the DagBag from /opt/airflow/dags/Code explanation.xlsx
[2025-05-02T23:41:10.834+0000] {processor.py:842} WARNING - No viable dags retrieved from /opt/airflow/dags/Code explanation.xlsx
[2025-05-02T23:41:10.843+0000] {processor.py:183} INFO - Processing /opt/airflow/dags/Code explanation.xlsx took 0.020 seconds
[2025-05-02T23:41:26.570+0000] {processor.py:161} INFO - Started process (PID=4123) to work on /opt/airflow/dags/Code explanation.xlsx
[2025-05-02T23:41:26.571+0000] {processor.py:830} INFO - Processing file /opt/airflow/dags/Code explanation.xlsx for tasks to queue
[2025-05-02T23:41:26.572+0000] {logging_mixin.py:188} INFO - [2025-05-02T23:41:26.572+0000] {dagbag.py:538} INFO - Filling up the DagBag from /opt/airflow/dags/Code explanation.xlsx
[2025-05-02T23:41:26.581+0000] {processor.py:842} WARNING - No viable dags retrieved from /opt/airflow/dags/Code explanation.xlsx
[2025-05-02T23:41:26.592+0000] {processor.py:183} INFO - Processing /opt/airflow/dags/Code explanation.xlsx took 0.024 seconds
[2025-05-02T23:41:41.447+0000] {processor.py:161} INFO - Started process (PID=4162) to work on /opt/airflow/dags/Code explanation.xlsx
[2025-05-02T23:41:41.448+0000] {processor.py:830} INFO - Processing file /opt/airflow/dags/Code explanation.xlsx for tasks to queue
[2025-05-02T23:41:41.449+0000] {logging_mixin.py:188} INFO - [2025-05-02T23:41:41.449+0000] {dagbag.py:538} INFO - Filling up the DagBag from /opt/airflow/dags/Code explanation.xlsx
[2025-05-02T23:41:41.459+0000] {processor.py:842} WARNING - No viable dags retrieved from /opt/airflow/dags/Code explanation.xlsx
[2025-05-02T23:41:41.473+0000] {processor.py:183} INFO - Processing /opt/airflow/dags/Code explanation.xlsx took 0.029 seconds
[2025-05-02T23:41:56.670+0000] {processor.py:161} INFO - Started process (PID=4166) to work on /opt/airflow/dags/Code explanation.xlsx
[2025-05-02T23:41:56.671+0000] {processor.py:830} INFO - Processing file /opt/airflow/dags/Code explanation.xlsx for tasks to queue
[2025-05-02T23:41:56.671+0000] {logging_mixin.py:188} INFO - [2025-05-02T23:41:56.671+0000] {dagbag.py:538} INFO - Filling up the DagBag from /opt/airflow/dags/Code explanation.xlsx
[2025-05-02T23:41:56.679+0000] {processor.py:842} WARNING - No viable dags retrieved from /opt/airflow/dags/Code explanation.xlsx
[2025-05-02T23:41:56.690+0000] {processor.py:183} INFO - Processing /opt/airflow/dags/Code explanation.xlsx took 0.023 seconds
[2025-05-02T23:42:11.656+0000] {processor.py:161} INFO - Started process (PID=4205) to work on /opt/airflow/dags/Code explanation.xlsx
[2025-05-02T23:42:11.656+0000] {processor.py:830} INFO - Processing file /opt/airflow/dags/Code explanation.xlsx for tasks to queue
[2025-05-02T23:42:11.657+0000] {logging_mixin.py:188} INFO - [2025-05-02T23:42:11.657+0000] {dagbag.py:538} INFO - Filling up the DagBag from /opt/airflow/dags/Code explanation.xlsx
[2025-05-02T23:42:11.666+0000] {processor.py:842} WARNING - No viable dags retrieved from /opt/airflow/dags/Code explanation.xlsx
[2025-05-02T23:42:11.681+0000] {processor.py:183} INFO - Processing /opt/airflow/dags/Code explanation.xlsx took 0.027 seconds
[2025-05-02T23:42:26.862+0000] {processor.py:161} INFO - Started process (PID=4209) to work on /opt/airflow/dags/Code explanation.xlsx
[2025-05-02T23:42:26.863+0000] {processor.py:830} INFO - Processing file /opt/airflow/dags/Code explanation.xlsx for tasks to queue
[2025-05-02T23:42:26.864+0000] {logging_mixin.py:188} INFO - [2025-05-02T23:42:26.864+0000] {dagbag.py:538} INFO - Filling up the DagBag from /opt/airflow/dags/Code explanation.xlsx
[2025-05-02T23:42:26.872+0000] {processor.py:842} WARNING - No viable dags retrieved from /opt/airflow/dags/Code explanation.xlsx
[2025-05-02T23:42:26.884+0000] {processor.py:183} INFO - Processing /opt/airflow/dags/Code explanation.xlsx took 0.024 seconds
[2025-05-02T23:42:41.799+0000] {processor.py:161} INFO - Started process (PID=4246) to work on /opt/airflow/dags/Code explanation.xlsx
[2025-05-02T23:42:41.800+0000] {processor.py:830} INFO - Processing file /opt/airflow/dags/Code explanation.xlsx for tasks to queue
[2025-05-02T23:42:41.802+0000] {logging_mixin.py:188} INFO - [2025-05-02T23:42:41.801+0000] {dagbag.py:538} INFO - Filling up the DagBag from /opt/airflow/dags/Code explanation.xlsx
[2025-05-02T23:42:41.814+0000] {processor.py:842} WARNING - No viable dags retrieved from /opt/airflow/dags/Code explanation.xlsx
[2025-05-02T23:42:41.830+0000] {processor.py:183} INFO - Processing /opt/airflow/dags/Code explanation.xlsx took 0.034 seconds
[2025-05-02T23:42:57.346+0000] {processor.py:161} INFO - Started process (PID=4252) to work on /opt/airflow/dags/Code explanation.xlsx
[2025-05-02T23:42:57.347+0000] {processor.py:830} INFO - Processing file /opt/airflow/dags/Code explanation.xlsx for tasks to queue
[2025-05-02T23:42:57.348+0000] {logging_mixin.py:188} INFO - [2025-05-02T23:42:57.348+0000] {dagbag.py:538} INFO - Filling up the DagBag from /opt/airflow/dags/Code explanation.xlsx
[2025-05-02T23:42:57.357+0000] {processor.py:842} WARNING - No viable dags retrieved from /opt/airflow/dags/Code explanation.xlsx
[2025-05-02T23:42:57.368+0000] {processor.py:183} INFO - Processing /opt/airflow/dags/Code explanation.xlsx took 0.024 seconds
[2025-05-02T23:43:11.940+0000] {processor.py:161} INFO - Started process (PID=4284) to work on /opt/airflow/dags/Code explanation.xlsx
[2025-05-02T23:43:11.941+0000] {processor.py:830} INFO - Processing file /opt/airflow/dags/Code explanation.xlsx for tasks to queue
[2025-05-02T23:43:11.941+0000] {logging_mixin.py:188} INFO - [2025-05-02T23:43:11.941+0000] {dagbag.py:538} INFO - Filling up the DagBag from /opt/airflow/dags/Code explanation.xlsx
[2025-05-02T23:43:11.950+0000] {processor.py:842} WARNING - No viable dags retrieved from /opt/airflow/dags/Code explanation.xlsx
[2025-05-02T23:43:11.962+0000] {processor.py:183} INFO - Processing /opt/airflow/dags/Code explanation.xlsx took 0.025 seconds
[2025-05-02T23:43:27.543+0000] {processor.py:161} INFO - Started process (PID=4295) to work on /opt/airflow/dags/Code explanation.xlsx
[2025-05-02T23:43:27.544+0000] {processor.py:830} INFO - Processing file /opt/airflow/dags/Code explanation.xlsx for tasks to queue
[2025-05-02T23:43:27.545+0000] {logging_mixin.py:188} INFO - [2025-05-02T23:43:27.545+0000] {dagbag.py:538} INFO - Filling up the DagBag from /opt/airflow/dags/Code explanation.xlsx
[2025-05-02T23:43:27.553+0000] {processor.py:842} WARNING - No viable dags retrieved from /opt/airflow/dags/Code explanation.xlsx
[2025-05-02T23:43:27.566+0000] {processor.py:183} INFO - Processing /opt/airflow/dags/Code explanation.xlsx took 0.025 seconds
