[2025-04-27T00:00:15.564+0000] {processor.py:161} INFO - Started process (PID=1780) to work on /opt/airflow/dags/Code explanation.xlsx
[2025-04-27T00:00:15.565+0000] {processor.py:830} INFO - Processing file /opt/airflow/dags/Code explanation.xlsx for tasks to queue
[2025-04-27T00:00:15.566+0000] {logging_mixin.py:188} INFO - [2025-04-27T00:00:15.566+0000] {dagbag.py:538} INFO - Filling up the DagBag from /opt/airflow/dags/Code explanation.xlsx
[2025-04-27T00:00:15.579+0000] {processor.py:842} WARNING - No viable dags retrieved from /opt/airflow/dags/Code explanation.xlsx
[2025-04-27T00:00:15.591+0000] {processor.py:183} INFO - Processing /opt/airflow/dags/Code explanation.xlsx took 0.030 seconds
[2025-04-27T00:00:46.117+0000] {processor.py:161} INFO - Started process (PID=1823) to work on /opt/airflow/dags/Code explanation.xlsx
[2025-04-27T00:00:46.118+0000] {processor.py:830} INFO - Processing file /opt/airflow/dags/Code explanation.xlsx for tasks to queue
[2025-04-27T00:00:46.120+0000] {logging_mixin.py:188} INFO - [2025-04-27T00:00:46.119+0000] {dagbag.py:538} INFO - Filling up the DagBag from /opt/airflow/dags/Code explanation.xlsx
[2025-04-27T00:00:46.138+0000] {processor.py:842} WARNING - No viable dags retrieved from /opt/airflow/dags/Code explanation.xlsx
[2025-04-27T00:00:46.156+0000] {processor.py:183} INFO - Processing /opt/airflow/dags/Code explanation.xlsx took 0.043 seconds
[2025-04-27T00:01:16.412+0000] {processor.py:161} INFO - Started process (PID=1866) to work on /opt/airflow/dags/Code explanation.xlsx
[2025-04-27T00:01:16.413+0000] {processor.py:830} INFO - Processing file /opt/airflow/dags/Code explanation.xlsx for tasks to queue
[2025-04-27T00:01:16.414+0000] {logging_mixin.py:188} INFO - [2025-04-27T00:01:16.414+0000] {dagbag.py:538} INFO - Filling up the DagBag from /opt/airflow/dags/Code explanation.xlsx
[2025-04-27T00:01:16.425+0000] {processor.py:842} WARNING - No viable dags retrieved from /opt/airflow/dags/Code explanation.xlsx
[2025-04-27T00:01:16.440+0000] {processor.py:183} INFO - Processing /opt/airflow/dags/Code explanation.xlsx took 0.030 seconds
[2025-04-27T00:01:46.782+0000] {processor.py:161} INFO - Started process (PID=1909) to work on /opt/airflow/dags/Code explanation.xlsx
[2025-04-27T00:01:46.784+0000] {processor.py:830} INFO - Processing file /opt/airflow/dags/Code explanation.xlsx for tasks to queue
[2025-04-27T00:01:46.785+0000] {logging_mixin.py:188} INFO - [2025-04-27T00:01:46.784+0000] {dagbag.py:538} INFO - Filling up the DagBag from /opt/airflow/dags/Code explanation.xlsx
[2025-04-27T00:01:46.803+0000] {processor.py:842} WARNING - No viable dags retrieved from /opt/airflow/dags/Code explanation.xlsx
[2025-04-27T00:01:46.817+0000] {processor.py:183} INFO - Processing /opt/airflow/dags/Code explanation.xlsx took 0.040 seconds
[2025-04-27T00:02:17.005+0000] {processor.py:161} INFO - Started process (PID=1952) to work on /opt/airflow/dags/Code explanation.xlsx
[2025-04-27T00:02:17.006+0000] {processor.py:830} INFO - Processing file /opt/airflow/dags/Code explanation.xlsx for tasks to queue
[2025-04-27T00:02:17.008+0000] {logging_mixin.py:188} INFO - [2025-04-27T00:02:17.007+0000] {dagbag.py:538} INFO - Filling up the DagBag from /opt/airflow/dags/Code explanation.xlsx
[2025-04-27T00:02:17.018+0000] {processor.py:842} WARNING - No viable dags retrieved from /opt/airflow/dags/Code explanation.xlsx
[2025-04-27T00:02:17.030+0000] {processor.py:183} INFO - Processing /opt/airflow/dags/Code explanation.xlsx took 0.027 seconds
[2025-04-27T00:02:47.836+0000] {processor.py:161} INFO - Started process (PID=1995) to work on /opt/airflow/dags/Code explanation.xlsx
[2025-04-27T00:02:47.837+0000] {processor.py:830} INFO - Processing file /opt/airflow/dags/Code explanation.xlsx for tasks to queue
[2025-04-27T00:02:47.838+0000] {logging_mixin.py:188} INFO - [2025-04-27T00:02:47.838+0000] {dagbag.py:538} INFO - Filling up the DagBag from /opt/airflow/dags/Code explanation.xlsx
[2025-04-27T00:02:47.848+0000] {processor.py:842} WARNING - No viable dags retrieved from /opt/airflow/dags/Code explanation.xlsx
[2025-04-27T00:02:47.859+0000] {processor.py:183} INFO - Processing /opt/airflow/dags/Code explanation.xlsx took 0.024 seconds
[2025-04-27T00:03:18.831+0000] {processor.py:161} INFO - Started process (PID=2038) to work on /opt/airflow/dags/Code explanation.xlsx
[2025-04-27T00:03:18.833+0000] {processor.py:830} INFO - Processing file /opt/airflow/dags/Code explanation.xlsx for tasks to queue
[2025-04-27T00:03:18.835+0000] {logging_mixin.py:188} INFO - [2025-04-27T00:03:18.834+0000] {dagbag.py:538} INFO - Filling up the DagBag from /opt/airflow/dags/Code explanation.xlsx
[2025-04-27T00:03:18.864+0000] {processor.py:842} WARNING - No viable dags retrieved from /opt/airflow/dags/Code explanation.xlsx
[2025-04-27T00:03:18.876+0000] {processor.py:183} INFO - Processing /opt/airflow/dags/Code explanation.xlsx took 0.048 seconds
[2025-04-27T00:03:49.001+0000] {processor.py:161} INFO - Started process (PID=2081) to work on /opt/airflow/dags/Code explanation.xlsx
[2025-04-27T00:03:49.002+0000] {processor.py:830} INFO - Processing file /opt/airflow/dags/Code explanation.xlsx for tasks to queue
[2025-04-27T00:03:49.003+0000] {logging_mixin.py:188} INFO - [2025-04-27T00:03:49.003+0000] {dagbag.py:538} INFO - Filling up the DagBag from /opt/airflow/dags/Code explanation.xlsx
[2025-04-27T00:03:49.013+0000] {processor.py:842} WARNING - No viable dags retrieved from /opt/airflow/dags/Code explanation.xlsx
[2025-04-27T00:03:49.023+0000] {processor.py:183} INFO - Processing /opt/airflow/dags/Code explanation.xlsx took 0.024 seconds
[2025-04-27T00:04:19.438+0000] {processor.py:161} INFO - Started process (PID=2124) to work on /opt/airflow/dags/Code explanation.xlsx
[2025-04-27T00:04:19.441+0000] {processor.py:830} INFO - Processing file /opt/airflow/dags/Code explanation.xlsx for tasks to queue
[2025-04-27T00:04:19.445+0000] {logging_mixin.py:188} INFO - [2025-04-27T00:04:19.444+0000] {dagbag.py:538} INFO - Filling up the DagBag from /opt/airflow/dags/Code explanation.xlsx
[2025-04-27T00:04:19.475+0000] {processor.py:842} WARNING - No viable dags retrieved from /opt/airflow/dags/Code explanation.xlsx
[2025-04-27T00:04:19.491+0000] {processor.py:183} INFO - Processing /opt/airflow/dags/Code explanation.xlsx took 0.059 seconds
[2025-04-27T00:04:49.962+0000] {processor.py:161} INFO - Started process (PID=2167) to work on /opt/airflow/dags/Code explanation.xlsx
[2025-04-27T00:04:49.963+0000] {processor.py:830} INFO - Processing file /opt/airflow/dags/Code explanation.xlsx for tasks to queue
[2025-04-27T00:04:49.964+0000] {logging_mixin.py:188} INFO - [2025-04-27T00:04:49.964+0000] {dagbag.py:538} INFO - Filling up the DagBag from /opt/airflow/dags/Code explanation.xlsx
[2025-04-27T00:04:49.975+0000] {processor.py:842} WARNING - No viable dags retrieved from /opt/airflow/dags/Code explanation.xlsx
[2025-04-27T00:04:49.986+0000] {processor.py:183} INFO - Processing /opt/airflow/dags/Code explanation.xlsx took 0.027 seconds
[2025-04-27T00:05:20.204+0000] {processor.py:161} INFO - Started process (PID=2210) to work on /opt/airflow/dags/Code explanation.xlsx
[2025-04-27T00:05:20.206+0000] {processor.py:830} INFO - Processing file /opt/airflow/dags/Code explanation.xlsx for tasks to queue
[2025-04-27T00:05:20.207+0000] {logging_mixin.py:188} INFO - [2025-04-27T00:05:20.206+0000] {dagbag.py:538} INFO - Filling up the DagBag from /opt/airflow/dags/Code explanation.xlsx
[2025-04-27T00:05:20.217+0000] {processor.py:842} WARNING - No viable dags retrieved from /opt/airflow/dags/Code explanation.xlsx
[2025-04-27T00:05:20.230+0000] {processor.py:183} INFO - Processing /opt/airflow/dags/Code explanation.xlsx took 0.029 seconds
[2025-04-27T00:05:50.457+0000] {processor.py:161} INFO - Started process (PID=2253) to work on /opt/airflow/dags/Code explanation.xlsx
[2025-04-27T00:05:50.459+0000] {processor.py:830} INFO - Processing file /opt/airflow/dags/Code explanation.xlsx for tasks to queue
[2025-04-27T00:05:50.460+0000] {logging_mixin.py:188} INFO - [2025-04-27T00:05:50.459+0000] {dagbag.py:538} INFO - Filling up the DagBag from /opt/airflow/dags/Code explanation.xlsx
[2025-04-27T00:05:50.470+0000] {processor.py:842} WARNING - No viable dags retrieved from /opt/airflow/dags/Code explanation.xlsx
[2025-04-27T00:05:50.483+0000] {processor.py:183} INFO - Processing /opt/airflow/dags/Code explanation.xlsx took 0.028 seconds
[2025-04-27T00:06:20.783+0000] {processor.py:161} INFO - Started process (PID=2296) to work on /opt/airflow/dags/Code explanation.xlsx
[2025-04-27T00:06:20.784+0000] {processor.py:830} INFO - Processing file /opt/airflow/dags/Code explanation.xlsx for tasks to queue
[2025-04-27T00:06:20.785+0000] {logging_mixin.py:188} INFO - [2025-04-27T00:06:20.785+0000] {dagbag.py:538} INFO - Filling up the DagBag from /opt/airflow/dags/Code explanation.xlsx
[2025-04-27T00:06:20.796+0000] {processor.py:842} WARNING - No viable dags retrieved from /opt/airflow/dags/Code explanation.xlsx
[2025-04-27T00:06:20.806+0000] {processor.py:183} INFO - Processing /opt/airflow/dags/Code explanation.xlsx took 0.026 seconds
[2025-04-27T00:06:51.169+0000] {processor.py:161} INFO - Started process (PID=2339) to work on /opt/airflow/dags/Code explanation.xlsx
[2025-04-27T00:06:51.171+0000] {processor.py:830} INFO - Processing file /opt/airflow/dags/Code explanation.xlsx for tasks to queue
[2025-04-27T00:06:51.172+0000] {logging_mixin.py:188} INFO - [2025-04-27T00:06:51.171+0000] {dagbag.py:538} INFO - Filling up the DagBag from /opt/airflow/dags/Code explanation.xlsx
[2025-04-27T00:06:51.182+0000] {processor.py:842} WARNING - No viable dags retrieved from /opt/airflow/dags/Code explanation.xlsx
[2025-04-27T00:06:51.196+0000] {processor.py:183} INFO - Processing /opt/airflow/dags/Code explanation.xlsx took 0.030 seconds
[2025-04-27T00:07:21.505+0000] {processor.py:161} INFO - Started process (PID=2382) to work on /opt/airflow/dags/Code explanation.xlsx
[2025-04-27T00:07:21.506+0000] {processor.py:830} INFO - Processing file /opt/airflow/dags/Code explanation.xlsx for tasks to queue
[2025-04-27T00:07:21.507+0000] {logging_mixin.py:188} INFO - [2025-04-27T00:07:21.506+0000] {dagbag.py:538} INFO - Filling up the DagBag from /opt/airflow/dags/Code explanation.xlsx
[2025-04-27T00:07:21.517+0000] {processor.py:842} WARNING - No viable dags retrieved from /opt/airflow/dags/Code explanation.xlsx
[2025-04-27T00:07:21.526+0000] {processor.py:183} INFO - Processing /opt/airflow/dags/Code explanation.xlsx took 0.025 seconds
[2025-04-27T00:07:51.668+0000] {processor.py:161} INFO - Started process (PID=2423) to work on /opt/airflow/dags/Code explanation.xlsx
[2025-04-27T00:07:51.670+0000] {processor.py:830} INFO - Processing file /opt/airflow/dags/Code explanation.xlsx for tasks to queue
[2025-04-27T00:07:51.671+0000] {logging_mixin.py:188} INFO - [2025-04-27T00:07:51.670+0000] {dagbag.py:538} INFO - Filling up the DagBag from /opt/airflow/dags/Code explanation.xlsx
[2025-04-27T00:07:51.683+0000] {processor.py:842} WARNING - No viable dags retrieved from /opt/airflow/dags/Code explanation.xlsx
[2025-04-27T00:07:51.693+0000] {processor.py:183} INFO - Processing /opt/airflow/dags/Code explanation.xlsx took 0.027 seconds
[2025-04-27T00:08:21.829+0000] {processor.py:161} INFO - Started process (PID=2466) to work on /opt/airflow/dags/Code explanation.xlsx
[2025-04-27T00:08:21.830+0000] {processor.py:830} INFO - Processing file /opt/airflow/dags/Code explanation.xlsx for tasks to queue
[2025-04-27T00:08:21.831+0000] {logging_mixin.py:188} INFO - [2025-04-27T00:08:21.830+0000] {dagbag.py:538} INFO - Filling up the DagBag from /opt/airflow/dags/Code explanation.xlsx
[2025-04-27T00:08:21.842+0000] {processor.py:842} WARNING - No viable dags retrieved from /opt/airflow/dags/Code explanation.xlsx
[2025-04-27T00:08:21.857+0000] {processor.py:183} INFO - Processing /opt/airflow/dags/Code explanation.xlsx took 0.031 seconds
[2025-04-27T00:08:52.145+0000] {processor.py:161} INFO - Started process (PID=2509) to work on /opt/airflow/dags/Code explanation.xlsx
[2025-04-27T00:08:52.146+0000] {processor.py:830} INFO - Processing file /opt/airflow/dags/Code explanation.xlsx for tasks to queue
[2025-04-27T00:08:52.147+0000] {logging_mixin.py:188} INFO - [2025-04-27T00:08:52.146+0000] {dagbag.py:538} INFO - Filling up the DagBag from /opt/airflow/dags/Code explanation.xlsx
[2025-04-27T00:08:52.157+0000] {processor.py:842} WARNING - No viable dags retrieved from /opt/airflow/dags/Code explanation.xlsx
[2025-04-27T00:08:52.169+0000] {processor.py:183} INFO - Processing /opt/airflow/dags/Code explanation.xlsx took 0.027 seconds
[2025-04-27T00:09:22.337+0000] {processor.py:161} INFO - Started process (PID=2552) to work on /opt/airflow/dags/Code explanation.xlsx
[2025-04-27T00:09:22.337+0000] {processor.py:830} INFO - Processing file /opt/airflow/dags/Code explanation.xlsx for tasks to queue
[2025-04-27T00:09:22.339+0000] {logging_mixin.py:188} INFO - [2025-04-27T00:09:22.338+0000] {dagbag.py:538} INFO - Filling up the DagBag from /opt/airflow/dags/Code explanation.xlsx
[2025-04-27T00:09:22.348+0000] {processor.py:842} WARNING - No viable dags retrieved from /opt/airflow/dags/Code explanation.xlsx
[2025-04-27T00:09:22.360+0000] {processor.py:183} INFO - Processing /opt/airflow/dags/Code explanation.xlsx took 0.027 seconds
[2025-04-27T00:09:52.493+0000] {processor.py:161} INFO - Started process (PID=2592) to work on /opt/airflow/dags/Code explanation.xlsx
[2025-04-27T00:09:52.494+0000] {processor.py:830} INFO - Processing file /opt/airflow/dags/Code explanation.xlsx for tasks to queue
[2025-04-27T00:09:52.495+0000] {logging_mixin.py:188} INFO - [2025-04-27T00:09:52.495+0000] {dagbag.py:538} INFO - Filling up the DagBag from /opt/airflow/dags/Code explanation.xlsx
[2025-04-27T00:09:52.506+0000] {processor.py:842} WARNING - No viable dags retrieved from /opt/airflow/dags/Code explanation.xlsx
[2025-04-27T00:09:52.518+0000] {processor.py:183} INFO - Processing /opt/airflow/dags/Code explanation.xlsx took 0.027 seconds
[2025-04-27T00:10:22.714+0000] {processor.py:161} INFO - Started process (PID=2635) to work on /opt/airflow/dags/Code explanation.xlsx
[2025-04-27T00:10:22.715+0000] {processor.py:830} INFO - Processing file /opt/airflow/dags/Code explanation.xlsx for tasks to queue
[2025-04-27T00:10:22.716+0000] {logging_mixin.py:188} INFO - [2025-04-27T00:10:22.716+0000] {dagbag.py:538} INFO - Filling up the DagBag from /opt/airflow/dags/Code explanation.xlsx
[2025-04-27T00:10:22.727+0000] {processor.py:842} WARNING - No viable dags retrieved from /opt/airflow/dags/Code explanation.xlsx
[2025-04-27T00:10:22.737+0000] {processor.py:183} INFO - Processing /opt/airflow/dags/Code explanation.xlsx took 0.025 seconds
[2025-04-27T00:10:53.398+0000] {processor.py:161} INFO - Started process (PID=2681) to work on /opt/airflow/dags/Code explanation.xlsx
[2025-04-27T00:10:53.399+0000] {processor.py:830} INFO - Processing file /opt/airflow/dags/Code explanation.xlsx for tasks to queue
[2025-04-27T00:10:53.400+0000] {logging_mixin.py:188} INFO - [2025-04-27T00:10:53.400+0000] {dagbag.py:538} INFO - Filling up the DagBag from /opt/airflow/dags/Code explanation.xlsx
[2025-04-27T00:10:53.413+0000] {processor.py:842} WARNING - No viable dags retrieved from /opt/airflow/dags/Code explanation.xlsx
[2025-04-27T00:10:53.425+0000] {processor.py:183} INFO - Processing /opt/airflow/dags/Code explanation.xlsx took 0.029 seconds
[2025-04-27T00:11:23.536+0000] {processor.py:161} INFO - Started process (PID=2721) to work on /opt/airflow/dags/Code explanation.xlsx
[2025-04-27T00:11:23.538+0000] {processor.py:830} INFO - Processing file /opt/airflow/dags/Code explanation.xlsx for tasks to queue
[2025-04-27T00:11:23.539+0000] {logging_mixin.py:188} INFO - [2025-04-27T00:11:23.539+0000] {dagbag.py:538} INFO - Filling up the DagBag from /opt/airflow/dags/Code explanation.xlsx
[2025-04-27T00:11:23.551+0000] {processor.py:842} WARNING - No viable dags retrieved from /opt/airflow/dags/Code explanation.xlsx
[2025-04-27T00:11:23.563+0000] {processor.py:183} INFO - Processing /opt/airflow/dags/Code explanation.xlsx took 0.030 seconds
[2025-04-27T00:11:53.864+0000] {processor.py:161} INFO - Started process (PID=2767) to work on /opt/airflow/dags/Code explanation.xlsx
[2025-04-27T00:11:53.867+0000] {processor.py:830} INFO - Processing file /opt/airflow/dags/Code explanation.xlsx for tasks to queue
[2025-04-27T00:11:53.868+0000] {logging_mixin.py:188} INFO - [2025-04-27T00:11:53.868+0000] {dagbag.py:538} INFO - Filling up the DagBag from /opt/airflow/dags/Code explanation.xlsx
[2025-04-27T00:11:53.883+0000] {processor.py:842} WARNING - No viable dags retrieved from /opt/airflow/dags/Code explanation.xlsx
[2025-04-27T00:11:53.904+0000] {processor.py:183} INFO - Processing /opt/airflow/dags/Code explanation.xlsx took 0.044 seconds
[2025-04-27T00:12:24.226+0000] {processor.py:161} INFO - Started process (PID=2810) to work on /opt/airflow/dags/Code explanation.xlsx
[2025-04-27T00:12:24.228+0000] {processor.py:830} INFO - Processing file /opt/airflow/dags/Code explanation.xlsx for tasks to queue
[2025-04-27T00:12:24.230+0000] {logging_mixin.py:188} INFO - [2025-04-27T00:12:24.229+0000] {dagbag.py:538} INFO - Filling up the DagBag from /opt/airflow/dags/Code explanation.xlsx
[2025-04-27T00:12:24.253+0000] {processor.py:842} WARNING - No viable dags retrieved from /opt/airflow/dags/Code explanation.xlsx
[2025-04-27T00:12:24.274+0000] {processor.py:183} INFO - Processing /opt/airflow/dags/Code explanation.xlsx took 0.066 seconds
[2025-04-27T00:12:54.951+0000] {processor.py:161} INFO - Started process (PID=2853) to work on /opt/airflow/dags/Code explanation.xlsx
[2025-04-27T00:12:54.953+0000] {processor.py:830} INFO - Processing file /opt/airflow/dags/Code explanation.xlsx for tasks to queue
[2025-04-27T00:12:54.957+0000] {logging_mixin.py:188} INFO - [2025-04-27T00:12:54.956+0000] {dagbag.py:538} INFO - Filling up the DagBag from /opt/airflow/dags/Code explanation.xlsx
[2025-04-27T00:12:54.985+0000] {processor.py:842} WARNING - No viable dags retrieved from /opt/airflow/dags/Code explanation.xlsx
[2025-04-27T00:12:55.010+0000] {processor.py:183} INFO - Processing /opt/airflow/dags/Code explanation.xlsx took 0.064 seconds
[2025-04-27T00:13:25.256+0000] {processor.py:161} INFO - Started process (PID=2893) to work on /opt/airflow/dags/Code explanation.xlsx
[2025-04-27T00:13:25.257+0000] {processor.py:830} INFO - Processing file /opt/airflow/dags/Code explanation.xlsx for tasks to queue
[2025-04-27T00:13:25.257+0000] {logging_mixin.py:188} INFO - [2025-04-27T00:13:25.257+0000] {dagbag.py:538} INFO - Filling up the DagBag from /opt/airflow/dags/Code explanation.xlsx
[2025-04-27T00:13:25.270+0000] {processor.py:842} WARNING - No viable dags retrieved from /opt/airflow/dags/Code explanation.xlsx
[2025-04-27T00:13:25.281+0000] {processor.py:183} INFO - Processing /opt/airflow/dags/Code explanation.xlsx took 0.028 seconds
[2025-04-27T00:13:55.620+0000] {processor.py:161} INFO - Started process (PID=2939) to work on /opt/airflow/dags/Code explanation.xlsx
[2025-04-27T00:13:55.621+0000] {processor.py:830} INFO - Processing file /opt/airflow/dags/Code explanation.xlsx for tasks to queue
[2025-04-27T00:13:55.622+0000] {logging_mixin.py:188} INFO - [2025-04-27T00:13:55.621+0000] {dagbag.py:538} INFO - Filling up the DagBag from /opt/airflow/dags/Code explanation.xlsx
[2025-04-27T00:13:55.633+0000] {processor.py:842} WARNING - No viable dags retrieved from /opt/airflow/dags/Code explanation.xlsx
[2025-04-27T00:13:55.647+0000] {processor.py:183} INFO - Processing /opt/airflow/dags/Code explanation.xlsx took 0.030 seconds
[2025-04-27T00:14:25.929+0000] {processor.py:161} INFO - Started process (PID=2982) to work on /opt/airflow/dags/Code explanation.xlsx
[2025-04-27T00:14:25.930+0000] {processor.py:830} INFO - Processing file /opt/airflow/dags/Code explanation.xlsx for tasks to queue
[2025-04-27T00:14:25.931+0000] {logging_mixin.py:188} INFO - [2025-04-27T00:14:25.931+0000] {dagbag.py:538} INFO - Filling up the DagBag from /opt/airflow/dags/Code explanation.xlsx
[2025-04-27T00:14:25.941+0000] {processor.py:842} WARNING - No viable dags retrieved from /opt/airflow/dags/Code explanation.xlsx
[2025-04-27T00:14:25.952+0000] {processor.py:183} INFO - Processing /opt/airflow/dags/Code explanation.xlsx took 0.026 seconds
[2025-04-27T00:14:56.193+0000] {processor.py:161} INFO - Started process (PID=3028) to work on /opt/airflow/dags/Code explanation.xlsx
[2025-04-27T00:14:56.194+0000] {processor.py:830} INFO - Processing file /opt/airflow/dags/Code explanation.xlsx for tasks to queue
[2025-04-27T00:14:56.195+0000] {logging_mixin.py:188} INFO - [2025-04-27T00:14:56.194+0000] {dagbag.py:538} INFO - Filling up the DagBag from /opt/airflow/dags/Code explanation.xlsx
[2025-04-27T00:14:56.214+0000] {processor.py:842} WARNING - No viable dags retrieved from /opt/airflow/dags/Code explanation.xlsx
[2025-04-27T00:14:56.239+0000] {processor.py:183} INFO - Processing /opt/airflow/dags/Code explanation.xlsx took 0.048 seconds
[2025-04-27T00:15:26.437+0000] {processor.py:161} INFO - Started process (PID=3071) to work on /opt/airflow/dags/Code explanation.xlsx
[2025-04-27T00:15:26.438+0000] {processor.py:830} INFO - Processing file /opt/airflow/dags/Code explanation.xlsx for tasks to queue
[2025-04-27T00:15:26.439+0000] {logging_mixin.py:188} INFO - [2025-04-27T00:15:26.439+0000] {dagbag.py:538} INFO - Filling up the DagBag from /opt/airflow/dags/Code explanation.xlsx
[2025-04-27T00:15:26.450+0000] {processor.py:842} WARNING - No viable dags retrieved from /opt/airflow/dags/Code explanation.xlsx
[2025-04-27T00:15:26.462+0000] {processor.py:183} INFO - Processing /opt/airflow/dags/Code explanation.xlsx took 0.028 seconds
[2025-04-27T00:15:56.825+0000] {processor.py:161} INFO - Started process (PID=3117) to work on /opt/airflow/dags/Code explanation.xlsx
[2025-04-27T00:15:56.828+0000] {processor.py:830} INFO - Processing file /opt/airflow/dags/Code explanation.xlsx for tasks to queue
[2025-04-27T00:15:56.830+0000] {logging_mixin.py:188} INFO - [2025-04-27T00:15:56.829+0000] {dagbag.py:538} INFO - Filling up the DagBag from /opt/airflow/dags/Code explanation.xlsx
[2025-04-27T00:15:56.856+0000] {processor.py:842} WARNING - No viable dags retrieved from /opt/airflow/dags/Code explanation.xlsx
[2025-04-27T00:15:56.895+0000] {processor.py:183} INFO - Processing /opt/airflow/dags/Code explanation.xlsx took 0.075 seconds
[2025-04-27T00:16:27.548+0000] {processor.py:161} INFO - Started process (PID=3160) to work on /opt/airflow/dags/Code explanation.xlsx
[2025-04-27T00:16:27.549+0000] {processor.py:830} INFO - Processing file /opt/airflow/dags/Code explanation.xlsx for tasks to queue
[2025-04-27T00:16:27.550+0000] {logging_mixin.py:188} INFO - [2025-04-27T00:16:27.550+0000] {dagbag.py:538} INFO - Filling up the DagBag from /opt/airflow/dags/Code explanation.xlsx
[2025-04-27T00:16:27.565+0000] {processor.py:842} WARNING - No viable dags retrieved from /opt/airflow/dags/Code explanation.xlsx
[2025-04-27T00:16:27.587+0000] {processor.py:183} INFO - Processing /opt/airflow/dags/Code explanation.xlsx took 0.044 seconds
[2025-04-27T00:16:58.411+0000] {processor.py:161} INFO - Started process (PID=3203) to work on /opt/airflow/dags/Code explanation.xlsx
[2025-04-27T00:16:58.412+0000] {processor.py:830} INFO - Processing file /opt/airflow/dags/Code explanation.xlsx for tasks to queue
[2025-04-27T00:16:58.413+0000] {logging_mixin.py:188} INFO - [2025-04-27T00:16:58.413+0000] {dagbag.py:538} INFO - Filling up the DagBag from /opt/airflow/dags/Code explanation.xlsx
[2025-04-27T00:16:58.422+0000] {processor.py:842} WARNING - No viable dags retrieved from /opt/airflow/dags/Code explanation.xlsx
[2025-04-27T00:16:58.435+0000] {processor.py:183} INFO - Processing /opt/airflow/dags/Code explanation.xlsx took 0.026 seconds
[2025-04-27T00:17:28.831+0000] {processor.py:161} INFO - Started process (PID=3246) to work on /opt/airflow/dags/Code explanation.xlsx
[2025-04-27T00:17:28.832+0000] {processor.py:830} INFO - Processing file /opt/airflow/dags/Code explanation.xlsx for tasks to queue
[2025-04-27T00:17:28.833+0000] {logging_mixin.py:188} INFO - [2025-04-27T00:17:28.833+0000] {dagbag.py:538} INFO - Filling up the DagBag from /opt/airflow/dags/Code explanation.xlsx
[2025-04-27T00:17:28.845+0000] {processor.py:842} WARNING - No viable dags retrieved from /opt/airflow/dags/Code explanation.xlsx
[2025-04-27T00:17:28.857+0000] {processor.py:183} INFO - Processing /opt/airflow/dags/Code explanation.xlsx took 0.028 seconds
[2025-04-27T00:17:59.060+0000] {processor.py:161} INFO - Started process (PID=3289) to work on /opt/airflow/dags/Code explanation.xlsx
[2025-04-27T00:17:59.062+0000] {processor.py:830} INFO - Processing file /opt/airflow/dags/Code explanation.xlsx for tasks to queue
[2025-04-27T00:17:59.063+0000] {logging_mixin.py:188} INFO - [2025-04-27T00:17:59.063+0000] {dagbag.py:538} INFO - Filling up the DagBag from /opt/airflow/dags/Code explanation.xlsx
[2025-04-27T00:17:59.072+0000] {processor.py:842} WARNING - No viable dags retrieved from /opt/airflow/dags/Code explanation.xlsx
[2025-04-27T00:17:59.084+0000] {processor.py:183} INFO - Processing /opt/airflow/dags/Code explanation.xlsx took 0.027 seconds
[2025-04-27T00:18:29.277+0000] {processor.py:161} INFO - Started process (PID=3332) to work on /opt/airflow/dags/Code explanation.xlsx
[2025-04-27T00:18:29.278+0000] {processor.py:830} INFO - Processing file /opt/airflow/dags/Code explanation.xlsx for tasks to queue
[2025-04-27T00:18:29.279+0000] {logging_mixin.py:188} INFO - [2025-04-27T00:18:29.279+0000] {dagbag.py:538} INFO - Filling up the DagBag from /opt/airflow/dags/Code explanation.xlsx
[2025-04-27T00:18:29.296+0000] {processor.py:842} WARNING - No viable dags retrieved from /opt/airflow/dags/Code explanation.xlsx
[2025-04-27T00:18:29.308+0000] {processor.py:183} INFO - Processing /opt/airflow/dags/Code explanation.xlsx took 0.034 seconds
[2025-04-27T00:18:59.681+0000] {processor.py:161} INFO - Started process (PID=3375) to work on /opt/airflow/dags/Code explanation.xlsx
[2025-04-27T00:18:59.682+0000] {processor.py:830} INFO - Processing file /opt/airflow/dags/Code explanation.xlsx for tasks to queue
[2025-04-27T00:18:59.683+0000] {logging_mixin.py:188} INFO - [2025-04-27T00:18:59.683+0000] {dagbag.py:538} INFO - Filling up the DagBag from /opt/airflow/dags/Code explanation.xlsx
[2025-04-27T00:18:59.695+0000] {processor.py:842} WARNING - No viable dags retrieved from /opt/airflow/dags/Code explanation.xlsx
[2025-04-27T00:18:59.707+0000] {processor.py:183} INFO - Processing /opt/airflow/dags/Code explanation.xlsx took 0.028 seconds
[2025-04-27T00:19:40.187+0000] {processor.py:161} INFO - Started process (PID=186) to work on /opt/airflow/dags/Code explanation.xlsx
[2025-04-27T00:19:40.189+0000] {processor.py:830} INFO - Processing file /opt/airflow/dags/Code explanation.xlsx for tasks to queue
[2025-04-27T00:19:40.191+0000] {logging_mixin.py:188} INFO - [2025-04-27T00:19:40.190+0000] {dagbag.py:538} INFO - Filling up the DagBag from /opt/airflow/dags/Code explanation.xlsx
[2025-04-27T00:19:40.208+0000] {processor.py:842} WARNING - No viable dags retrieved from /opt/airflow/dags/Code explanation.xlsx
[2025-04-27T00:19:40.231+0000] {processor.py:183} INFO - Processing /opt/airflow/dags/Code explanation.xlsx took 0.051 seconds
[2025-04-27T00:20:10.930+0000] {processor.py:161} INFO - Started process (PID=229) to work on /opt/airflow/dags/Code explanation.xlsx
[2025-04-27T00:20:10.932+0000] {processor.py:830} INFO - Processing file /opt/airflow/dags/Code explanation.xlsx for tasks to queue
[2025-04-27T00:20:10.934+0000] {logging_mixin.py:188} INFO - [2025-04-27T00:20:10.933+0000] {dagbag.py:538} INFO - Filling up the DagBag from /opt/airflow/dags/Code explanation.xlsx
[2025-04-27T00:20:10.951+0000] {processor.py:842} WARNING - No viable dags retrieved from /opt/airflow/dags/Code explanation.xlsx
[2025-04-27T00:20:10.973+0000] {processor.py:183} INFO - Processing /opt/airflow/dags/Code explanation.xlsx took 0.046 seconds
[2025-04-27T00:20:41.750+0000] {processor.py:161} INFO - Started process (PID=272) to work on /opt/airflow/dags/Code explanation.xlsx
[2025-04-27T00:20:41.751+0000] {processor.py:830} INFO - Processing file /opt/airflow/dags/Code explanation.xlsx for tasks to queue
[2025-04-27T00:20:41.753+0000] {logging_mixin.py:188} INFO - [2025-04-27T00:20:41.752+0000] {dagbag.py:538} INFO - Filling up the DagBag from /opt/airflow/dags/Code explanation.xlsx
[2025-04-27T00:20:41.769+0000] {processor.py:842} WARNING - No viable dags retrieved from /opt/airflow/dags/Code explanation.xlsx
[2025-04-27T00:20:41.785+0000] {processor.py:183} INFO - Processing /opt/airflow/dags/Code explanation.xlsx took 0.037 seconds
[2025-04-27T00:21:12.148+0000] {processor.py:161} INFO - Started process (PID=315) to work on /opt/airflow/dags/Code explanation.xlsx
[2025-04-27T00:21:12.150+0000] {processor.py:830} INFO - Processing file /opt/airflow/dags/Code explanation.xlsx for tasks to queue
[2025-04-27T00:21:12.151+0000] {logging_mixin.py:188} INFO - [2025-04-27T00:21:12.151+0000] {dagbag.py:538} INFO - Filling up the DagBag from /opt/airflow/dags/Code explanation.xlsx
[2025-04-27T00:21:12.168+0000] {processor.py:842} WARNING - No viable dags retrieved from /opt/airflow/dags/Code explanation.xlsx
[2025-04-27T00:21:12.184+0000] {processor.py:183} INFO - Processing /opt/airflow/dags/Code explanation.xlsx took 0.038 seconds
[2025-04-27T00:21:42.669+0000] {processor.py:161} INFO - Started process (PID=361) to work on /opt/airflow/dags/Code explanation.xlsx
[2025-04-27T00:21:42.670+0000] {processor.py:830} INFO - Processing file /opt/airflow/dags/Code explanation.xlsx for tasks to queue
[2025-04-27T00:21:42.678+0000] {logging_mixin.py:188} INFO - [2025-04-27T00:21:42.676+0000] {dagbag.py:538} INFO - Filling up the DagBag from /opt/airflow/dags/Code explanation.xlsx
[2025-04-27T00:21:42.693+0000] {processor.py:842} WARNING - No viable dags retrieved from /opt/airflow/dags/Code explanation.xlsx
[2025-04-27T00:21:42.715+0000] {processor.py:183} INFO - Processing /opt/airflow/dags/Code explanation.xlsx took 0.065 seconds
[2025-04-27T00:22:13.678+0000] {processor.py:161} INFO - Started process (PID=404) to work on /opt/airflow/dags/Code explanation.xlsx
[2025-04-27T00:22:13.680+0000] {processor.py:830} INFO - Processing file /opt/airflow/dags/Code explanation.xlsx for tasks to queue
[2025-04-27T00:22:13.681+0000] {logging_mixin.py:188} INFO - [2025-04-27T00:22:13.680+0000] {dagbag.py:538} INFO - Filling up the DagBag from /opt/airflow/dags/Code explanation.xlsx
[2025-04-27T00:22:13.697+0000] {processor.py:842} WARNING - No viable dags retrieved from /opt/airflow/dags/Code explanation.xlsx
[2025-04-27T00:22:13.713+0000] {processor.py:183} INFO - Processing /opt/airflow/dags/Code explanation.xlsx took 0.038 seconds
[2025-04-27T00:22:44.199+0000] {processor.py:161} INFO - Started process (PID=447) to work on /opt/airflow/dags/Code explanation.xlsx
[2025-04-27T00:22:44.200+0000] {processor.py:830} INFO - Processing file /opt/airflow/dags/Code explanation.xlsx for tasks to queue
[2025-04-27T00:22:44.201+0000] {logging_mixin.py:188} INFO - [2025-04-27T00:22:44.201+0000] {dagbag.py:538} INFO - Filling up the DagBag from /opt/airflow/dags/Code explanation.xlsx
[2025-04-27T00:22:44.215+0000] {processor.py:842} WARNING - No viable dags retrieved from /opt/airflow/dags/Code explanation.xlsx
[2025-04-27T00:22:44.231+0000] {processor.py:183} INFO - Processing /opt/airflow/dags/Code explanation.xlsx took 0.035 seconds
[2025-04-27T00:23:14.434+0000] {processor.py:161} INFO - Started process (PID=484) to work on /opt/airflow/dags/Code explanation.xlsx
[2025-04-27T00:23:14.435+0000] {processor.py:830} INFO - Processing file /opt/airflow/dags/Code explanation.xlsx for tasks to queue
[2025-04-27T00:23:14.436+0000] {logging_mixin.py:188} INFO - [2025-04-27T00:23:14.436+0000] {dagbag.py:538} INFO - Filling up the DagBag from /opt/airflow/dags/Code explanation.xlsx
[2025-04-27T00:23:14.452+0000] {processor.py:842} WARNING - No viable dags retrieved from /opt/airflow/dags/Code explanation.xlsx
[2025-04-27T00:23:14.466+0000] {processor.py:183} INFO - Processing /opt/airflow/dags/Code explanation.xlsx took 0.035 seconds
[2025-04-27T00:23:45.505+0000] {processor.py:161} INFO - Started process (PID=533) to work on /opt/airflow/dags/Code explanation.xlsx
[2025-04-27T00:23:45.506+0000] {processor.py:830} INFO - Processing file /opt/airflow/dags/Code explanation.xlsx for tasks to queue
[2025-04-27T00:23:45.507+0000] {logging_mixin.py:188} INFO - [2025-04-27T00:23:45.507+0000] {dagbag.py:538} INFO - Filling up the DagBag from /opt/airflow/dags/Code explanation.xlsx
[2025-04-27T00:23:45.518+0000] {processor.py:842} WARNING - No viable dags retrieved from /opt/airflow/dags/Code explanation.xlsx
[2025-04-27T00:23:45.534+0000] {processor.py:183} INFO - Processing /opt/airflow/dags/Code explanation.xlsx took 0.032 seconds
[2025-04-27T00:24:35.020+0000] {processor.py:161} INFO - Started process (PID=186) to work on /opt/airflow/dags/Code explanation.xlsx
[2025-04-27T00:24:35.022+0000] {processor.py:830} INFO - Processing file /opt/airflow/dags/Code explanation.xlsx for tasks to queue
[2025-04-27T00:24:35.024+0000] {logging_mixin.py:188} INFO - [2025-04-27T00:24:35.023+0000] {dagbag.py:538} INFO - Filling up the DagBag from /opt/airflow/dags/Code explanation.xlsx
[2025-04-27T00:24:35.043+0000] {processor.py:842} WARNING - No viable dags retrieved from /opt/airflow/dags/Code explanation.xlsx
[2025-04-27T00:24:35.062+0000] {processor.py:183} INFO - Processing /opt/airflow/dags/Code explanation.xlsx took 0.046 seconds
[2025-04-27T00:25:06.139+0000] {processor.py:161} INFO - Started process (PID=229) to work on /opt/airflow/dags/Code explanation.xlsx
[2025-04-27T00:25:06.140+0000] {processor.py:830} INFO - Processing file /opt/airflow/dags/Code explanation.xlsx for tasks to queue
[2025-04-27T00:25:06.141+0000] {logging_mixin.py:188} INFO - [2025-04-27T00:25:06.141+0000] {dagbag.py:538} INFO - Filling up the DagBag from /opt/airflow/dags/Code explanation.xlsx
[2025-04-27T00:25:06.159+0000] {processor.py:842} WARNING - No viable dags retrieved from /opt/airflow/dags/Code explanation.xlsx
[2025-04-27T00:25:06.178+0000] {processor.py:183} INFO - Processing /opt/airflow/dags/Code explanation.xlsx took 0.044 seconds
[2025-04-27T00:25:36.740+0000] {processor.py:161} INFO - Started process (PID=272) to work on /opt/airflow/dags/Code explanation.xlsx
[2025-04-27T00:25:36.741+0000] {processor.py:830} INFO - Processing file /opt/airflow/dags/Code explanation.xlsx for tasks to queue
[2025-04-27T00:25:36.742+0000] {logging_mixin.py:188} INFO - [2025-04-27T00:25:36.742+0000] {dagbag.py:538} INFO - Filling up the DagBag from /opt/airflow/dags/Code explanation.xlsx
[2025-04-27T00:25:36.753+0000] {processor.py:842} WARNING - No viable dags retrieved from /opt/airflow/dags/Code explanation.xlsx
[2025-04-27T00:25:36.766+0000] {processor.py:183} INFO - Processing /opt/airflow/dags/Code explanation.xlsx took 0.028 seconds
[2025-04-27T00:26:07.277+0000] {processor.py:161} INFO - Started process (PID=315) to work on /opt/airflow/dags/Code explanation.xlsx
[2025-04-27T00:26:07.279+0000] {processor.py:830} INFO - Processing file /opt/airflow/dags/Code explanation.xlsx for tasks to queue
[2025-04-27T00:26:07.280+0000] {logging_mixin.py:188} INFO - [2025-04-27T00:26:07.280+0000] {dagbag.py:538} INFO - Filling up the DagBag from /opt/airflow/dags/Code explanation.xlsx
[2025-04-27T00:26:07.292+0000] {processor.py:842} WARNING - No viable dags retrieved from /opt/airflow/dags/Code explanation.xlsx
[2025-04-27T00:26:07.309+0000] {processor.py:183} INFO - Processing /opt/airflow/dags/Code explanation.xlsx took 0.035 seconds
[2025-04-27T00:26:37.905+0000] {processor.py:161} INFO - Started process (PID=358) to work on /opt/airflow/dags/Code explanation.xlsx
[2025-04-27T00:26:37.906+0000] {processor.py:830} INFO - Processing file /opt/airflow/dags/Code explanation.xlsx for tasks to queue
[2025-04-27T00:26:37.907+0000] {logging_mixin.py:188} INFO - [2025-04-27T00:26:37.907+0000] {dagbag.py:538} INFO - Filling up the DagBag from /opt/airflow/dags/Code explanation.xlsx
[2025-04-27T00:26:37.921+0000] {processor.py:842} WARNING - No viable dags retrieved from /opt/airflow/dags/Code explanation.xlsx
[2025-04-27T00:26:37.938+0000] {processor.py:183} INFO - Processing /opt/airflow/dags/Code explanation.xlsx took 0.036 seconds
[2025-04-27T00:27:08.054+0000] {processor.py:161} INFO - Started process (PID=395) to work on /opt/airflow/dags/Code explanation.xlsx
[2025-04-27T00:27:08.056+0000] {processor.py:830} INFO - Processing file /opt/airflow/dags/Code explanation.xlsx for tasks to queue
[2025-04-27T00:27:08.057+0000] {logging_mixin.py:188} INFO - [2025-04-27T00:27:08.057+0000] {dagbag.py:538} INFO - Filling up the DagBag from /opt/airflow/dags/Code explanation.xlsx
[2025-04-27T00:27:08.068+0000] {processor.py:842} WARNING - No viable dags retrieved from /opt/airflow/dags/Code explanation.xlsx
[2025-04-27T00:27:08.080+0000] {processor.py:183} INFO - Processing /opt/airflow/dags/Code explanation.xlsx took 0.028 seconds
[2025-04-27T00:27:39.059+0000] {processor.py:161} INFO - Started process (PID=447) to work on /opt/airflow/dags/Code explanation.xlsx
[2025-04-27T00:27:39.061+0000] {processor.py:830} INFO - Processing file /opt/airflow/dags/Code explanation.xlsx for tasks to queue
[2025-04-27T00:27:39.062+0000] {logging_mixin.py:188} INFO - [2025-04-27T00:27:39.062+0000] {dagbag.py:538} INFO - Filling up the DagBag from /opt/airflow/dags/Code explanation.xlsx
[2025-04-27T00:27:39.076+0000] {processor.py:842} WARNING - No viable dags retrieved from /opt/airflow/dags/Code explanation.xlsx
[2025-04-27T00:27:39.094+0000] {processor.py:183} INFO - Processing /opt/airflow/dags/Code explanation.xlsx took 0.038 seconds
[2025-04-27T00:28:09.821+0000] {processor.py:161} INFO - Started process (PID=493) to work on /opt/airflow/dags/Code explanation.xlsx
[2025-04-27T00:28:09.823+0000] {processor.py:830} INFO - Processing file /opt/airflow/dags/Code explanation.xlsx for tasks to queue
[2025-04-27T00:28:09.825+0000] {logging_mixin.py:188} INFO - [2025-04-27T00:28:09.825+0000] {dagbag.py:538} INFO - Filling up the DagBag from /opt/airflow/dags/Code explanation.xlsx
[2025-04-27T00:28:09.844+0000] {processor.py:842} WARNING - No viable dags retrieved from /opt/airflow/dags/Code explanation.xlsx
[2025-04-27T00:28:09.867+0000] {processor.py:183} INFO - Processing /opt/airflow/dags/Code explanation.xlsx took 0.052 seconds
[2025-04-27T00:28:40.267+0000] {processor.py:161} INFO - Started process (PID=536) to work on /opt/airflow/dags/Code explanation.xlsx
[2025-04-27T00:28:40.269+0000] {processor.py:830} INFO - Processing file /opt/airflow/dags/Code explanation.xlsx for tasks to queue
[2025-04-27T00:28:40.270+0000] {logging_mixin.py:188} INFO - [2025-04-27T00:28:40.270+0000] {dagbag.py:538} INFO - Filling up the DagBag from /opt/airflow/dags/Code explanation.xlsx
[2025-04-27T00:28:40.284+0000] {processor.py:842} WARNING - No viable dags retrieved from /opt/airflow/dags/Code explanation.xlsx
[2025-04-27T00:28:40.301+0000] {processor.py:183} INFO - Processing /opt/airflow/dags/Code explanation.xlsx took 0.038 seconds
[2025-04-27T00:29:11.156+0000] {processor.py:161} INFO - Started process (PID=579) to work on /opt/airflow/dags/Code explanation.xlsx
[2025-04-27T00:29:11.158+0000] {processor.py:830} INFO - Processing file /opt/airflow/dags/Code explanation.xlsx for tasks to queue
[2025-04-27T00:29:11.159+0000] {logging_mixin.py:188} INFO - [2025-04-27T00:29:11.159+0000] {dagbag.py:538} INFO - Filling up the DagBag from /opt/airflow/dags/Code explanation.xlsx
[2025-04-27T00:29:11.174+0000] {processor.py:842} WARNING - No viable dags retrieved from /opt/airflow/dags/Code explanation.xlsx
[2025-04-27T00:29:11.196+0000] {processor.py:183} INFO - Processing /opt/airflow/dags/Code explanation.xlsx took 0.045 seconds
[2025-04-27T00:29:41.458+0000] {processor.py:161} INFO - Started process (PID=621) to work on /opt/airflow/dags/Code explanation.xlsx
[2025-04-27T00:29:41.459+0000] {processor.py:830} INFO - Processing file /opt/airflow/dags/Code explanation.xlsx for tasks to queue
[2025-04-27T00:29:41.460+0000] {logging_mixin.py:188} INFO - [2025-04-27T00:29:41.459+0000] {dagbag.py:538} INFO - Filling up the DagBag from /opt/airflow/dags/Code explanation.xlsx
[2025-04-27T00:29:41.469+0000] {processor.py:842} WARNING - No viable dags retrieved from /opt/airflow/dags/Code explanation.xlsx
[2025-04-27T00:29:41.483+0000] {processor.py:183} INFO - Processing /opt/airflow/dags/Code explanation.xlsx took 0.027 seconds
[2025-04-27T00:30:11.716+0000] {processor.py:161} INFO - Started process (PID=659) to work on /opt/airflow/dags/Code explanation.xlsx
[2025-04-27T00:30:11.717+0000] {processor.py:830} INFO - Processing file /opt/airflow/dags/Code explanation.xlsx for tasks to queue
[2025-04-27T00:30:11.717+0000] {logging_mixin.py:188} INFO - [2025-04-27T00:30:11.717+0000] {dagbag.py:538} INFO - Filling up the DagBag from /opt/airflow/dags/Code explanation.xlsx
[2025-04-27T00:30:11.728+0000] {processor.py:842} WARNING - No viable dags retrieved from /opt/airflow/dags/Code explanation.xlsx
[2025-04-27T00:30:11.741+0000] {processor.py:183} INFO - Processing /opt/airflow/dags/Code explanation.xlsx took 0.029 seconds
[2025-04-27T00:30:42.638+0000] {processor.py:161} INFO - Started process (PID=708) to work on /opt/airflow/dags/Code explanation.xlsx
[2025-04-27T00:30:42.639+0000] {processor.py:830} INFO - Processing file /opt/airflow/dags/Code explanation.xlsx for tasks to queue
[2025-04-27T00:30:42.640+0000] {logging_mixin.py:188} INFO - [2025-04-27T00:30:42.640+0000] {dagbag.py:538} INFO - Filling up the DagBag from /opt/airflow/dags/Code explanation.xlsx
[2025-04-27T00:30:42.655+0000] {processor.py:842} WARNING - No viable dags retrieved from /opt/airflow/dags/Code explanation.xlsx
[2025-04-27T00:30:42.673+0000] {processor.py:183} INFO - Processing /opt/airflow/dags/Code explanation.xlsx took 0.038 seconds
[2025-04-27T00:31:14.474+0000] {processor.py:161} INFO - Started process (PID=751) to work on /opt/airflow/dags/Code explanation.xlsx
[2025-04-27T00:31:14.477+0000] {processor.py:830} INFO - Processing file /opt/airflow/dags/Code explanation.xlsx for tasks to queue
[2025-04-27T00:31:14.480+0000] {logging_mixin.py:188} INFO - [2025-04-27T00:31:14.479+0000] {dagbag.py:538} INFO - Filling up the DagBag from /opt/airflow/dags/Code explanation.xlsx
[2025-04-27T00:31:14.511+0000] {processor.py:842} WARNING - No viable dags retrieved from /opt/airflow/dags/Code explanation.xlsx
[2025-04-27T00:31:14.545+0000] {processor.py:183} INFO - Processing /opt/airflow/dags/Code explanation.xlsx took 0.077 seconds
[2025-04-27T00:31:45.366+0000] {processor.py:161} INFO - Started process (PID=794) to work on /opt/airflow/dags/Code explanation.xlsx
[2025-04-27T00:31:45.367+0000] {processor.py:830} INFO - Processing file /opt/airflow/dags/Code explanation.xlsx for tasks to queue
[2025-04-27T00:31:45.368+0000] {logging_mixin.py:188} INFO - [2025-04-27T00:31:45.368+0000] {dagbag.py:538} INFO - Filling up the DagBag from /opt/airflow/dags/Code explanation.xlsx
[2025-04-27T00:31:45.381+0000] {processor.py:842} WARNING - No viable dags retrieved from /opt/airflow/dags/Code explanation.xlsx
[2025-04-27T00:31:45.400+0000] {processor.py:183} INFO - Processing /opt/airflow/dags/Code explanation.xlsx took 0.036 seconds
[2025-04-27T00:32:15.812+0000] {processor.py:161} INFO - Started process (PID=837) to work on /opt/airflow/dags/Code explanation.xlsx
[2025-04-27T00:32:15.813+0000] {processor.py:830} INFO - Processing file /opt/airflow/dags/Code explanation.xlsx for tasks to queue
[2025-04-27T00:32:15.814+0000] {logging_mixin.py:188} INFO - [2025-04-27T00:32:15.814+0000] {dagbag.py:538} INFO - Filling up the DagBag from /opt/airflow/dags/Code explanation.xlsx
[2025-04-27T00:32:15.825+0000] {processor.py:842} WARNING - No viable dags retrieved from /opt/airflow/dags/Code explanation.xlsx
[2025-04-27T00:32:15.837+0000] {processor.py:183} INFO - Processing /opt/airflow/dags/Code explanation.xlsx took 0.028 seconds
[2025-04-27T00:32:46.007+0000] {processor.py:161} INFO - Started process (PID=874) to work on /opt/airflow/dags/Code explanation.xlsx
[2025-04-27T00:32:46.008+0000] {processor.py:830} INFO - Processing file /opt/airflow/dags/Code explanation.xlsx for tasks to queue
[2025-04-27T00:32:46.008+0000] {logging_mixin.py:188} INFO - [2025-04-27T00:32:46.008+0000] {dagbag.py:538} INFO - Filling up the DagBag from /opt/airflow/dags/Code explanation.xlsx
[2025-04-27T00:32:46.019+0000] {processor.py:842} WARNING - No viable dags retrieved from /opt/airflow/dags/Code explanation.xlsx
[2025-04-27T00:32:46.033+0000] {processor.py:183} INFO - Processing /opt/airflow/dags/Code explanation.xlsx took 0.028 seconds
[2025-04-27T00:33:16.747+0000] {processor.py:161} INFO - Started process (PID=923) to work on /opt/airflow/dags/Code explanation.xlsx
[2025-04-27T00:33:16.748+0000] {processor.py:830} INFO - Processing file /opt/airflow/dags/Code explanation.xlsx for tasks to queue
[2025-04-27T00:33:16.749+0000] {logging_mixin.py:188} INFO - [2025-04-27T00:33:16.749+0000] {dagbag.py:538} INFO - Filling up the DagBag from /opt/airflow/dags/Code explanation.xlsx
[2025-04-27T00:33:16.758+0000] {processor.py:842} WARNING - No viable dags retrieved from /opt/airflow/dags/Code explanation.xlsx
[2025-04-27T00:33:16.770+0000] {processor.py:183} INFO - Processing /opt/airflow/dags/Code explanation.xlsx took 0.025 seconds
[2025-04-27T00:33:47.277+0000] {processor.py:161} INFO - Started process (PID=966) to work on /opt/airflow/dags/Code explanation.xlsx
[2025-04-27T00:33:47.278+0000] {processor.py:830} INFO - Processing file /opt/airflow/dags/Code explanation.xlsx for tasks to queue
[2025-04-27T00:33:47.279+0000] {logging_mixin.py:188} INFO - [2025-04-27T00:33:47.279+0000] {dagbag.py:538} INFO - Filling up the DagBag from /opt/airflow/dags/Code explanation.xlsx
[2025-04-27T00:33:47.289+0000] {processor.py:842} WARNING - No viable dags retrieved from /opt/airflow/dags/Code explanation.xlsx
[2025-04-27T00:33:47.305+0000] {processor.py:183} INFO - Processing /opt/airflow/dags/Code explanation.xlsx took 0.032 seconds
[2025-04-27T00:34:17.388+0000] {processor.py:161} INFO - Started process (PID=1003) to work on /opt/airflow/dags/Code explanation.xlsx
[2025-04-27T00:34:17.389+0000] {processor.py:830} INFO - Processing file /opt/airflow/dags/Code explanation.xlsx for tasks to queue
[2025-04-27T00:34:17.390+0000] {logging_mixin.py:188} INFO - [2025-04-27T00:34:17.390+0000] {dagbag.py:538} INFO - Filling up the DagBag from /opt/airflow/dags/Code explanation.xlsx
[2025-04-27T00:34:17.401+0000] {processor.py:842} WARNING - No viable dags retrieved from /opt/airflow/dags/Code explanation.xlsx
[2025-04-27T00:34:17.413+0000] {processor.py:183} INFO - Processing /opt/airflow/dags/Code explanation.xlsx took 0.026 seconds
[2025-04-27T00:34:48.437+0000] {processor.py:161} INFO - Started process (PID=1052) to work on /opt/airflow/dags/Code explanation.xlsx
[2025-04-27T00:34:48.438+0000] {processor.py:830} INFO - Processing file /opt/airflow/dags/Code explanation.xlsx for tasks to queue
[2025-04-27T00:34:48.440+0000] {logging_mixin.py:188} INFO - [2025-04-27T00:34:48.439+0000] {dagbag.py:538} INFO - Filling up the DagBag from /opt/airflow/dags/Code explanation.xlsx
[2025-04-27T00:34:48.452+0000] {processor.py:842} WARNING - No viable dags retrieved from /opt/airflow/dags/Code explanation.xlsx
[2025-04-27T00:34:48.465+0000] {processor.py:183} INFO - Processing /opt/airflow/dags/Code explanation.xlsx took 0.031 seconds
[2025-04-27T00:35:18.640+0000] {processor.py:161} INFO - Started process (PID=1089) to work on /opt/airflow/dags/Code explanation.xlsx
[2025-04-27T00:35:18.641+0000] {processor.py:830} INFO - Processing file /opt/airflow/dags/Code explanation.xlsx for tasks to queue
[2025-04-27T00:35:18.643+0000] {logging_mixin.py:188} INFO - [2025-04-27T00:35:18.642+0000] {dagbag.py:538} INFO - Filling up the DagBag from /opt/airflow/dags/Code explanation.xlsx
[2025-04-27T00:35:18.653+0000] {processor.py:842} WARNING - No viable dags retrieved from /opt/airflow/dags/Code explanation.xlsx
[2025-04-27T00:35:18.668+0000] {processor.py:183} INFO - Processing /opt/airflow/dags/Code explanation.xlsx took 0.032 seconds
[2025-04-27T00:35:48.757+0000] {processor.py:161} INFO - Started process (PID=1129) to work on /opt/airflow/dags/Code explanation.xlsx
[2025-04-27T00:35:48.758+0000] {processor.py:830} INFO - Processing file /opt/airflow/dags/Code explanation.xlsx for tasks to queue
[2025-04-27T00:35:48.759+0000] {logging_mixin.py:188} INFO - [2025-04-27T00:35:48.759+0000] {dagbag.py:538} INFO - Filling up the DagBag from /opt/airflow/dags/Code explanation.xlsx
[2025-04-27T00:35:48.770+0000] {processor.py:842} WARNING - No viable dags retrieved from /opt/airflow/dags/Code explanation.xlsx
[2025-04-27T00:35:48.781+0000] {processor.py:183} INFO - Processing /opt/airflow/dags/Code explanation.xlsx took 0.027 seconds
[2025-04-27T00:36:19.379+0000] {processor.py:161} INFO - Started process (PID=1175) to work on /opt/airflow/dags/Code explanation.xlsx
[2025-04-27T00:36:19.380+0000] {processor.py:830} INFO - Processing file /opt/airflow/dags/Code explanation.xlsx for tasks to queue
[2025-04-27T00:36:19.382+0000] {logging_mixin.py:188} INFO - [2025-04-27T00:36:19.381+0000] {dagbag.py:538} INFO - Filling up the DagBag from /opt/airflow/dags/Code explanation.xlsx
[2025-04-27T00:36:19.396+0000] {processor.py:842} WARNING - No viable dags retrieved from /opt/airflow/dags/Code explanation.xlsx
[2025-04-27T00:36:19.417+0000] {processor.py:183} INFO - Processing /opt/airflow/dags/Code explanation.xlsx took 0.041 seconds
[2025-04-27T00:37:31.660+0000] {processor.py:161} INFO - Started process (PID=186) to work on /opt/airflow/dags/Code explanation.xlsx
[2025-04-27T00:37:31.664+0000] {processor.py:830} INFO - Processing file /opt/airflow/dags/Code explanation.xlsx for tasks to queue
[2025-04-27T00:37:31.667+0000] {logging_mixin.py:188} INFO - [2025-04-27T00:37:31.666+0000] {dagbag.py:538} INFO - Filling up the DagBag from /opt/airflow/dags/Code explanation.xlsx
[2025-04-27T00:37:31.912+0000] {processor.py:842} WARNING - No viable dags retrieved from /opt/airflow/dags/Code explanation.xlsx
[2025-04-27T00:37:31.981+0000] {processor.py:183} INFO - Processing /opt/airflow/dags/Code explanation.xlsx took 0.335 seconds
[2025-04-27T00:38:02.543+0000] {processor.py:161} INFO - Started process (PID=223) to work on /opt/airflow/dags/Code explanation.xlsx
[2025-04-27T00:38:02.546+0000] {processor.py:830} INFO - Processing file /opt/airflow/dags/Code explanation.xlsx for tasks to queue
[2025-04-27T00:38:02.549+0000] {logging_mixin.py:188} INFO - [2025-04-27T00:38:02.548+0000] {dagbag.py:538} INFO - Filling up the DagBag from /opt/airflow/dags/Code explanation.xlsx
[2025-04-27T00:38:02.578+0000] {processor.py:842} WARNING - No viable dags retrieved from /opt/airflow/dags/Code explanation.xlsx
[2025-04-27T00:38:02.623+0000] {processor.py:183} INFO - Processing /opt/airflow/dags/Code explanation.xlsx took 0.091 seconds
[2025-04-27T00:38:33.129+0000] {processor.py:161} INFO - Started process (PID=263) to work on /opt/airflow/dags/Code explanation.xlsx
[2025-04-27T00:38:33.131+0000] {processor.py:830} INFO - Processing file /opt/airflow/dags/Code explanation.xlsx for tasks to queue
[2025-04-27T00:38:33.132+0000] {logging_mixin.py:188} INFO - [2025-04-27T00:38:33.132+0000] {dagbag.py:538} INFO - Filling up the DagBag from /opt/airflow/dags/Code explanation.xlsx
[2025-04-27T00:38:33.147+0000] {processor.py:842} WARNING - No viable dags retrieved from /opt/airflow/dags/Code explanation.xlsx
[2025-04-27T00:38:33.164+0000] {processor.py:183} INFO - Processing /opt/airflow/dags/Code explanation.xlsx took 0.038 seconds
[2025-04-27T00:39:03.658+0000] {processor.py:161} INFO - Started process (PID=306) to work on /opt/airflow/dags/Code explanation.xlsx
[2025-04-27T00:39:03.659+0000] {processor.py:830} INFO - Processing file /opt/airflow/dags/Code explanation.xlsx for tasks to queue
[2025-04-27T00:39:03.660+0000] {logging_mixin.py:188} INFO - [2025-04-27T00:39:03.660+0000] {dagbag.py:538} INFO - Filling up the DagBag from /opt/airflow/dags/Code explanation.xlsx
[2025-04-27T00:39:03.670+0000] {processor.py:842} WARNING - No viable dags retrieved from /opt/airflow/dags/Code explanation.xlsx
[2025-04-27T00:39:03.682+0000] {processor.py:183} INFO - Processing /opt/airflow/dags/Code explanation.xlsx took 0.027 seconds
[2025-04-27T00:39:34.324+0000] {processor.py:161} INFO - Started process (PID=349) to work on /opt/airflow/dags/Code explanation.xlsx
[2025-04-27T00:39:34.325+0000] {processor.py:830} INFO - Processing file /opt/airflow/dags/Code explanation.xlsx for tasks to queue
[2025-04-27T00:39:34.326+0000] {logging_mixin.py:188} INFO - [2025-04-27T00:39:34.326+0000] {dagbag.py:538} INFO - Filling up the DagBag from /opt/airflow/dags/Code explanation.xlsx
[2025-04-27T00:39:34.340+0000] {processor.py:842} WARNING - No viable dags retrieved from /opt/airflow/dags/Code explanation.xlsx
[2025-04-27T00:39:34.351+0000] {processor.py:183} INFO - Processing /opt/airflow/dags/Code explanation.xlsx took 0.029 seconds
[2025-04-27T00:40:04.968+0000] {processor.py:161} INFO - Started process (PID=392) to work on /opt/airflow/dags/Code explanation.xlsx
[2025-04-27T00:40:04.970+0000] {processor.py:830} INFO - Processing file /opt/airflow/dags/Code explanation.xlsx for tasks to queue
[2025-04-27T00:40:04.970+0000] {logging_mixin.py:188} INFO - [2025-04-27T00:40:04.970+0000] {dagbag.py:538} INFO - Filling up the DagBag from /opt/airflow/dags/Code explanation.xlsx
[2025-04-27T00:40:04.982+0000] {processor.py:842} WARNING - No viable dags retrieved from /opt/airflow/dags/Code explanation.xlsx
[2025-04-27T00:40:04.993+0000] {processor.py:183} INFO - Processing /opt/airflow/dags/Code explanation.xlsx took 0.027 seconds
[2025-04-27T00:40:35.693+0000] {processor.py:161} INFO - Started process (PID=435) to work on /opt/airflow/dags/Code explanation.xlsx
[2025-04-27T00:40:35.694+0000] {processor.py:830} INFO - Processing file /opt/airflow/dags/Code explanation.xlsx for tasks to queue
[2025-04-27T00:40:35.696+0000] {logging_mixin.py:188} INFO - [2025-04-27T00:40:35.695+0000] {dagbag.py:538} INFO - Filling up the DagBag from /opt/airflow/dags/Code explanation.xlsx
[2025-04-27T00:40:35.709+0000] {processor.py:842} WARNING - No viable dags retrieved from /opt/airflow/dags/Code explanation.xlsx
[2025-04-27T00:40:35.723+0000] {processor.py:183} INFO - Processing /opt/airflow/dags/Code explanation.xlsx took 0.032 seconds
[2025-04-27T00:41:06.218+0000] {processor.py:161} INFO - Started process (PID=478) to work on /opt/airflow/dags/Code explanation.xlsx
[2025-04-27T00:41:06.219+0000] {processor.py:830} INFO - Processing file /opt/airflow/dags/Code explanation.xlsx for tasks to queue
[2025-04-27T00:41:06.220+0000] {logging_mixin.py:188} INFO - [2025-04-27T00:41:06.220+0000] {dagbag.py:538} INFO - Filling up the DagBag from /opt/airflow/dags/Code explanation.xlsx
[2025-04-27T00:41:06.233+0000] {processor.py:842} WARNING - No viable dags retrieved from /opt/airflow/dags/Code explanation.xlsx
[2025-04-27T00:41:06.244+0000] {processor.py:183} INFO - Processing /opt/airflow/dags/Code explanation.xlsx took 0.029 seconds
[2025-04-27T00:41:36.760+0000] {processor.py:161} INFO - Started process (PID=521) to work on /opt/airflow/dags/Code explanation.xlsx
[2025-04-27T00:41:36.761+0000] {processor.py:830} INFO - Processing file /opt/airflow/dags/Code explanation.xlsx for tasks to queue
[2025-04-27T00:41:36.762+0000] {logging_mixin.py:188} INFO - [2025-04-27T00:41:36.762+0000] {dagbag.py:538} INFO - Filling up the DagBag from /opt/airflow/dags/Code explanation.xlsx
[2025-04-27T00:41:36.774+0000] {processor.py:842} WARNING - No viable dags retrieved from /opt/airflow/dags/Code explanation.xlsx
[2025-04-27T00:41:36.784+0000] {processor.py:183} INFO - Processing /opt/airflow/dags/Code explanation.xlsx took 0.026 seconds
[2025-04-27T00:42:07.406+0000] {processor.py:161} INFO - Started process (PID=564) to work on /opt/airflow/dags/Code explanation.xlsx
[2025-04-27T00:42:07.407+0000] {processor.py:830} INFO - Processing file /opt/airflow/dags/Code explanation.xlsx for tasks to queue
[2025-04-27T00:42:07.408+0000] {logging_mixin.py:188} INFO - [2025-04-27T00:42:07.408+0000] {dagbag.py:538} INFO - Filling up the DagBag from /opt/airflow/dags/Code explanation.xlsx
[2025-04-27T00:42:07.420+0000] {processor.py:842} WARNING - No viable dags retrieved from /opt/airflow/dags/Code explanation.xlsx
[2025-04-27T00:42:07.431+0000] {processor.py:183} INFO - Processing /opt/airflow/dags/Code explanation.xlsx took 0.027 seconds
[2025-04-27T00:42:37.615+0000] {processor.py:161} INFO - Started process (PID=607) to work on /opt/airflow/dags/Code explanation.xlsx
[2025-04-27T00:42:37.616+0000] {processor.py:830} INFO - Processing file /opt/airflow/dags/Code explanation.xlsx for tasks to queue
[2025-04-27T00:42:37.632+0000] {logging_mixin.py:188} INFO - [2025-04-27T00:42:37.632+0000] {dagbag.py:538} INFO - Filling up the DagBag from /opt/airflow/dags/Code explanation.xlsx
[2025-04-27T00:42:37.648+0000] {processor.py:842} WARNING - No viable dags retrieved from /opt/airflow/dags/Code explanation.xlsx
[2025-04-27T00:42:37.667+0000] {processor.py:183} INFO - Processing /opt/airflow/dags/Code explanation.xlsx took 0.056 seconds
[2025-04-27T00:43:08.523+0000] {processor.py:161} INFO - Started process (PID=650) to work on /opt/airflow/dags/Code explanation.xlsx
[2025-04-27T00:43:08.524+0000] {processor.py:830} INFO - Processing file /opt/airflow/dags/Code explanation.xlsx for tasks to queue
[2025-04-27T00:43:08.525+0000] {logging_mixin.py:188} INFO - [2025-04-27T00:43:08.525+0000] {dagbag.py:538} INFO - Filling up the DagBag from /opt/airflow/dags/Code explanation.xlsx
[2025-04-27T00:43:08.537+0000] {processor.py:842} WARNING - No viable dags retrieved from /opt/airflow/dags/Code explanation.xlsx
[2025-04-27T00:43:08.552+0000] {processor.py:183} INFO - Processing /opt/airflow/dags/Code explanation.xlsx took 0.033 seconds
[2025-04-27T00:43:39.378+0000] {processor.py:161} INFO - Started process (PID=693) to work on /opt/airflow/dags/Code explanation.xlsx
[2025-04-27T00:43:39.379+0000] {processor.py:830} INFO - Processing file /opt/airflow/dags/Code explanation.xlsx for tasks to queue
[2025-04-27T00:43:39.380+0000] {logging_mixin.py:188} INFO - [2025-04-27T00:43:39.380+0000] {dagbag.py:538} INFO - Filling up the DagBag from /opt/airflow/dags/Code explanation.xlsx
[2025-04-27T00:43:39.396+0000] {processor.py:842} WARNING - No viable dags retrieved from /opt/airflow/dags/Code explanation.xlsx
[2025-04-27T00:43:39.409+0000] {processor.py:183} INFO - Processing /opt/airflow/dags/Code explanation.xlsx took 0.034 seconds
[2025-04-27T00:44:09.547+0000] {processor.py:161} INFO - Started process (PID=736) to work on /opt/airflow/dags/Code explanation.xlsx
[2025-04-27T00:44:09.548+0000] {processor.py:830} INFO - Processing file /opt/airflow/dags/Code explanation.xlsx for tasks to queue
[2025-04-27T00:44:09.550+0000] {logging_mixin.py:188} INFO - [2025-04-27T00:44:09.549+0000] {dagbag.py:538} INFO - Filling up the DagBag from /opt/airflow/dags/Code explanation.xlsx
[2025-04-27T00:44:09.563+0000] {processor.py:842} WARNING - No viable dags retrieved from /opt/airflow/dags/Code explanation.xlsx
[2025-04-27T00:44:09.575+0000] {processor.py:183} INFO - Processing /opt/airflow/dags/Code explanation.xlsx took 0.031 seconds
[2025-04-27T00:44:40.172+0000] {processor.py:161} INFO - Started process (PID=779) to work on /opt/airflow/dags/Code explanation.xlsx
[2025-04-27T00:44:40.174+0000] {processor.py:830} INFO - Processing file /opt/airflow/dags/Code explanation.xlsx for tasks to queue
[2025-04-27T00:44:40.175+0000] {logging_mixin.py:188} INFO - [2025-04-27T00:44:40.174+0000] {dagbag.py:538} INFO - Filling up the DagBag from /opt/airflow/dags/Code explanation.xlsx
[2025-04-27T00:44:40.194+0000] {processor.py:842} WARNING - No viable dags retrieved from /opt/airflow/dags/Code explanation.xlsx
[2025-04-27T00:44:40.213+0000] {processor.py:183} INFO - Processing /opt/airflow/dags/Code explanation.xlsx took 0.044 seconds
[2025-04-27T00:45:10.600+0000] {processor.py:161} INFO - Started process (PID=822) to work on /opt/airflow/dags/Code explanation.xlsx
[2025-04-27T00:45:10.601+0000] {processor.py:830} INFO - Processing file /opt/airflow/dags/Code explanation.xlsx for tasks to queue
[2025-04-27T00:45:10.602+0000] {logging_mixin.py:188} INFO - [2025-04-27T00:45:10.602+0000] {dagbag.py:538} INFO - Filling up the DagBag from /opt/airflow/dags/Code explanation.xlsx
[2025-04-27T00:45:10.615+0000] {processor.py:842} WARNING - No viable dags retrieved from /opt/airflow/dags/Code explanation.xlsx
[2025-04-27T00:45:10.625+0000] {processor.py:183} INFO - Processing /opt/airflow/dags/Code explanation.xlsx took 0.028 seconds
[2025-04-27T00:45:41.166+0000] {processor.py:161} INFO - Started process (PID=865) to work on /opt/airflow/dags/Code explanation.xlsx
[2025-04-27T00:45:41.167+0000] {processor.py:830} INFO - Processing file /opt/airflow/dags/Code explanation.xlsx for tasks to queue
[2025-04-27T00:45:41.169+0000] {logging_mixin.py:188} INFO - [2025-04-27T00:45:41.168+0000] {dagbag.py:538} INFO - Filling up the DagBag from /opt/airflow/dags/Code explanation.xlsx
[2025-04-27T00:45:41.186+0000] {processor.py:842} WARNING - No viable dags retrieved from /opt/airflow/dags/Code explanation.xlsx
[2025-04-27T00:45:41.200+0000] {processor.py:183} INFO - Processing /opt/airflow/dags/Code explanation.xlsx took 0.038 seconds
[2025-04-27T00:46:11.792+0000] {processor.py:161} INFO - Started process (PID=908) to work on /opt/airflow/dags/Code explanation.xlsx
[2025-04-27T00:46:11.797+0000] {processor.py:830} INFO - Processing file /opt/airflow/dags/Code explanation.xlsx for tasks to queue
[2025-04-27T00:46:11.799+0000] {logging_mixin.py:188} INFO - [2025-04-27T00:46:11.798+0000] {dagbag.py:538} INFO - Filling up the DagBag from /opt/airflow/dags/Code explanation.xlsx
[2025-04-27T00:46:11.818+0000] {processor.py:842} WARNING - No viable dags retrieved from /opt/airflow/dags/Code explanation.xlsx
[2025-04-27T00:46:11.850+0000] {processor.py:183} INFO - Processing /opt/airflow/dags/Code explanation.xlsx took 0.070 seconds
[2025-04-27T00:46:42.174+0000] {processor.py:161} INFO - Started process (PID=951) to work on /opt/airflow/dags/Code explanation.xlsx
[2025-04-27T00:46:42.176+0000] {processor.py:830} INFO - Processing file /opt/airflow/dags/Code explanation.xlsx for tasks to queue
[2025-04-27T00:46:42.178+0000] {logging_mixin.py:188} INFO - [2025-04-27T00:46:42.177+0000] {dagbag.py:538} INFO - Filling up the DagBag from /opt/airflow/dags/Code explanation.xlsx
[2025-04-27T00:46:42.198+0000] {processor.py:842} WARNING - No viable dags retrieved from /opt/airflow/dags/Code explanation.xlsx
[2025-04-27T00:46:42.256+0000] {processor.py:183} INFO - Processing /opt/airflow/dags/Code explanation.xlsx took 0.087 seconds
[2025-04-27T00:47:12.538+0000] {processor.py:161} INFO - Started process (PID=994) to work on /opt/airflow/dags/Code explanation.xlsx
[2025-04-27T00:47:12.540+0000] {processor.py:830} INFO - Processing file /opt/airflow/dags/Code explanation.xlsx for tasks to queue
[2025-04-27T00:47:12.541+0000] {logging_mixin.py:188} INFO - [2025-04-27T00:47:12.541+0000] {dagbag.py:538} INFO - Filling up the DagBag from /opt/airflow/dags/Code explanation.xlsx
[2025-04-27T00:47:12.555+0000] {processor.py:842} WARNING - No viable dags retrieved from /opt/airflow/dags/Code explanation.xlsx
[2025-04-27T00:47:12.572+0000] {processor.py:183} INFO - Processing /opt/airflow/dags/Code explanation.xlsx took 0.037 seconds
[2025-04-27T00:47:42.797+0000] {processor.py:161} INFO - Started process (PID=1037) to work on /opt/airflow/dags/Code explanation.xlsx
[2025-04-27T00:47:42.798+0000] {processor.py:830} INFO - Processing file /opt/airflow/dags/Code explanation.xlsx for tasks to queue
[2025-04-27T00:47:42.799+0000] {logging_mixin.py:188} INFO - [2025-04-27T00:47:42.799+0000] {dagbag.py:538} INFO - Filling up the DagBag from /opt/airflow/dags/Code explanation.xlsx
[2025-04-27T00:47:42.808+0000] {processor.py:842} WARNING - No viable dags retrieved from /opt/airflow/dags/Code explanation.xlsx
[2025-04-27T00:47:42.823+0000] {processor.py:183} INFO - Processing /opt/airflow/dags/Code explanation.xlsx took 0.029 seconds
[2025-04-27T00:48:13.580+0000] {processor.py:161} INFO - Started process (PID=1078) to work on /opt/airflow/dags/Code explanation.xlsx
[2025-04-27T00:48:13.582+0000] {processor.py:830} INFO - Processing file /opt/airflow/dags/Code explanation.xlsx for tasks to queue
[2025-04-27T00:48:13.584+0000] {logging_mixin.py:188} INFO - [2025-04-27T00:48:13.584+0000] {dagbag.py:538} INFO - Filling up the DagBag from /opt/airflow/dags/Code explanation.xlsx
[2025-04-27T00:48:13.611+0000] {processor.py:842} WARNING - No viable dags retrieved from /opt/airflow/dags/Code explanation.xlsx
[2025-04-27T00:48:13.645+0000] {processor.py:183} INFO - Processing /opt/airflow/dags/Code explanation.xlsx took 0.070 seconds
[2025-04-27T00:48:43.942+0000] {processor.py:161} INFO - Started process (PID=1121) to work on /opt/airflow/dags/Code explanation.xlsx
[2025-04-27T00:48:43.946+0000] {processor.py:830} INFO - Processing file /opt/airflow/dags/Code explanation.xlsx for tasks to queue
[2025-04-27T00:48:43.948+0000] {logging_mixin.py:188} INFO - [2025-04-27T00:48:43.947+0000] {dagbag.py:538} INFO - Filling up the DagBag from /opt/airflow/dags/Code explanation.xlsx
[2025-04-27T00:48:43.962+0000] {processor.py:842} WARNING - No viable dags retrieved from /opt/airflow/dags/Code explanation.xlsx
[2025-04-27T00:48:43.983+0000] {processor.py:183} INFO - Processing /opt/airflow/dags/Code explanation.xlsx took 0.044 seconds
[2025-04-27T00:49:14.821+0000] {processor.py:161} INFO - Started process (PID=1166) to work on /opt/airflow/dags/Code explanation.xlsx
[2025-04-27T00:49:14.822+0000] {processor.py:830} INFO - Processing file /opt/airflow/dags/Code explanation.xlsx for tasks to queue
[2025-04-27T00:49:14.823+0000] {logging_mixin.py:188} INFO - [2025-04-27T00:49:14.822+0000] {dagbag.py:538} INFO - Filling up the DagBag from /opt/airflow/dags/Code explanation.xlsx
[2025-04-27T00:49:14.839+0000] {processor.py:842} WARNING - No viable dags retrieved from /opt/airflow/dags/Code explanation.xlsx
[2025-04-27T00:49:14.852+0000] {processor.py:183} INFO - Processing /opt/airflow/dags/Code explanation.xlsx took 0.034 seconds
[2025-04-27T00:50:34.652+0000] {processor.py:161} INFO - Started process (PID=186) to work on /opt/airflow/dags/Code explanation.xlsx
[2025-04-27T00:50:34.656+0000] {processor.py:830} INFO - Processing file /opt/airflow/dags/Code explanation.xlsx for tasks to queue
[2025-04-27T00:50:34.664+0000] {logging_mixin.py:188} INFO - [2025-04-27T00:50:34.661+0000] {dagbag.py:538} INFO - Filling up the DagBag from /opt/airflow/dags/Code explanation.xlsx
[2025-04-27T00:50:34.708+0000] {processor.py:842} WARNING - No viable dags retrieved from /opt/airflow/dags/Code explanation.xlsx
[2025-04-27T00:50:34.746+0000] {processor.py:183} INFO - Processing /opt/airflow/dags/Code explanation.xlsx took 0.103 seconds
[2025-04-27T00:51:04.915+0000] {processor.py:161} INFO - Started process (PID=223) to work on /opt/airflow/dags/Code explanation.xlsx
[2025-04-27T00:51:04.916+0000] {processor.py:830} INFO - Processing file /opt/airflow/dags/Code explanation.xlsx for tasks to queue
[2025-04-27T00:51:04.917+0000] {logging_mixin.py:188} INFO - [2025-04-27T00:51:04.917+0000] {dagbag.py:538} INFO - Filling up the DagBag from /opt/airflow/dags/Code explanation.xlsx
[2025-04-27T00:51:04.928+0000] {processor.py:842} WARNING - No viable dags retrieved from /opt/airflow/dags/Code explanation.xlsx
[2025-04-27T00:51:04.941+0000] {processor.py:183} INFO - Processing /opt/airflow/dags/Code explanation.xlsx took 0.029 seconds
[2025-04-27T00:51:35.381+0000] {processor.py:161} INFO - Started process (PID=268) to work on /opt/airflow/dags/Code explanation.xlsx
[2025-04-27T00:51:35.383+0000] {processor.py:830} INFO - Processing file /opt/airflow/dags/Code explanation.xlsx for tasks to queue
[2025-04-27T00:51:35.384+0000] {logging_mixin.py:188} INFO - [2025-04-27T00:51:35.384+0000] {dagbag.py:538} INFO - Filling up the DagBag from /opt/airflow/dags/Code explanation.xlsx
[2025-04-27T00:51:35.399+0000] {processor.py:842} WARNING - No viable dags retrieved from /opt/airflow/dags/Code explanation.xlsx
[2025-04-27T00:51:35.413+0000] {processor.py:183} INFO - Processing /opt/airflow/dags/Code explanation.xlsx took 0.035 seconds
[2025-04-27T00:52:05.815+0000] {processor.py:161} INFO - Started process (PID=311) to work on /opt/airflow/dags/Code explanation.xlsx
[2025-04-27T00:52:05.816+0000] {processor.py:830} INFO - Processing file /opt/airflow/dags/Code explanation.xlsx for tasks to queue
[2025-04-27T00:52:05.818+0000] {logging_mixin.py:188} INFO - [2025-04-27T00:52:05.817+0000] {dagbag.py:538} INFO - Filling up the DagBag from /opt/airflow/dags/Code explanation.xlsx
[2025-04-27T00:52:05.831+0000] {processor.py:842} WARNING - No viable dags retrieved from /opt/airflow/dags/Code explanation.xlsx
[2025-04-27T00:52:05.846+0000] {processor.py:183} INFO - Processing /opt/airflow/dags/Code explanation.xlsx took 0.035 seconds
[2025-04-27T00:52:37.549+0000] {processor.py:161} INFO - Started process (PID=354) to work on /opt/airflow/dags/Code explanation.xlsx
[2025-04-27T00:52:37.550+0000] {processor.py:830} INFO - Processing file /opt/airflow/dags/Code explanation.xlsx for tasks to queue
[2025-04-27T00:52:37.552+0000] {logging_mixin.py:188} INFO - [2025-04-27T00:52:37.551+0000] {dagbag.py:538} INFO - Filling up the DagBag from /opt/airflow/dags/Code explanation.xlsx
[2025-04-27T00:52:37.573+0000] {processor.py:842} WARNING - No viable dags retrieved from /opt/airflow/dags/Code explanation.xlsx
[2025-04-27T00:52:37.588+0000] {processor.py:183} INFO - Processing /opt/airflow/dags/Code explanation.xlsx took 0.045 seconds
[2025-04-27T00:53:08.463+0000] {processor.py:161} INFO - Started process (PID=395) to work on /opt/airflow/dags/Code explanation.xlsx
[2025-04-27T00:53:08.477+0000] {processor.py:830} INFO - Processing file /opt/airflow/dags/Code explanation.xlsx for tasks to queue
[2025-04-27T00:53:08.483+0000] {logging_mixin.py:188} INFO - [2025-04-27T00:53:08.482+0000] {dagbag.py:538} INFO - Filling up the DagBag from /opt/airflow/dags/Code explanation.xlsx
[2025-04-27T00:53:08.505+0000] {processor.py:842} WARNING - No viable dags retrieved from /opt/airflow/dags/Code explanation.xlsx
[2025-04-27T00:53:08.569+0000] {processor.py:183} INFO - Processing /opt/airflow/dags/Code explanation.xlsx took 0.129 seconds
[2025-04-27T00:53:39.251+0000] {processor.py:161} INFO - Started process (PID=440) to work on /opt/airflow/dags/Code explanation.xlsx
[2025-04-27T00:53:39.253+0000] {processor.py:830} INFO - Processing file /opt/airflow/dags/Code explanation.xlsx for tasks to queue
[2025-04-27T00:53:39.255+0000] {logging_mixin.py:188} INFO - [2025-04-27T00:53:39.255+0000] {dagbag.py:538} INFO - Filling up the DagBag from /opt/airflow/dags/Code explanation.xlsx
[2025-04-27T00:53:39.278+0000] {processor.py:842} WARNING - No viable dags retrieved from /opt/airflow/dags/Code explanation.xlsx
[2025-04-27T00:53:39.307+0000] {processor.py:183} INFO - Processing /opt/airflow/dags/Code explanation.xlsx took 0.062 seconds
[2025-04-27T00:54:09.663+0000] {processor.py:161} INFO - Started process (PID=481) to work on /opt/airflow/dags/Code explanation.xlsx
[2025-04-27T00:54:09.665+0000] {processor.py:830} INFO - Processing file /opt/airflow/dags/Code explanation.xlsx for tasks to queue
[2025-04-27T00:54:09.667+0000] {logging_mixin.py:188} INFO - [2025-04-27T00:54:09.667+0000] {dagbag.py:538} INFO - Filling up the DagBag from /opt/airflow/dags/Code explanation.xlsx
[2025-04-27T00:54:09.686+0000] {processor.py:842} WARNING - No viable dags retrieved from /opt/airflow/dags/Code explanation.xlsx
[2025-04-27T00:54:09.715+0000] {processor.py:183} INFO - Processing /opt/airflow/dags/Code explanation.xlsx took 0.060 seconds
[2025-04-27T00:54:40.000+0000] {processor.py:161} INFO - Started process (PID=524) to work on /opt/airflow/dags/Code explanation.xlsx
[2025-04-27T00:54:40.001+0000] {processor.py:830} INFO - Processing file /opt/airflow/dags/Code explanation.xlsx for tasks to queue
[2025-04-27T00:54:40.002+0000] {logging_mixin.py:188} INFO - [2025-04-27T00:54:40.002+0000] {dagbag.py:538} INFO - Filling up the DagBag from /opt/airflow/dags/Code explanation.xlsx
[2025-04-27T00:54:40.017+0000] {processor.py:842} WARNING - No viable dags retrieved from /opt/airflow/dags/Code explanation.xlsx
[2025-04-27T00:54:40.043+0000] {processor.py:183} INFO - Processing /opt/airflow/dags/Code explanation.xlsx took 0.047 seconds
[2025-04-27T00:55:10.450+0000] {processor.py:161} INFO - Started process (PID=567) to work on /opt/airflow/dags/Code explanation.xlsx
[2025-04-27T00:55:10.452+0000] {processor.py:830} INFO - Processing file /opt/airflow/dags/Code explanation.xlsx for tasks to queue
[2025-04-27T00:55:10.456+0000] {logging_mixin.py:188} INFO - [2025-04-27T00:55:10.456+0000] {dagbag.py:538} INFO - Filling up the DagBag from /opt/airflow/dags/Code explanation.xlsx
[2025-04-27T00:55:10.476+0000] {processor.py:842} WARNING - No viable dags retrieved from /opt/airflow/dags/Code explanation.xlsx
[2025-04-27T00:55:10.502+0000] {processor.py:183} INFO - Processing /opt/airflow/dags/Code explanation.xlsx took 0.055 seconds
[2025-04-27T00:55:40.658+0000] {processor.py:161} INFO - Started process (PID=610) to work on /opt/airflow/dags/Code explanation.xlsx
[2025-04-27T00:55:40.683+0000] {processor.py:830} INFO - Processing file /opt/airflow/dags/Code explanation.xlsx for tasks to queue
[2025-04-27T00:55:40.684+0000] {logging_mixin.py:188} INFO - [2025-04-27T00:55:40.684+0000] {dagbag.py:538} INFO - Filling up the DagBag from /opt/airflow/dags/Code explanation.xlsx
[2025-04-27T00:55:40.697+0000] {processor.py:842} WARNING - No viable dags retrieved from /opt/airflow/dags/Code explanation.xlsx
[2025-04-27T00:55:40.711+0000] {processor.py:183} INFO - Processing /opt/airflow/dags/Code explanation.xlsx took 0.055 seconds
[2025-04-27T00:56:33.721+0000] {processor.py:161} INFO - Started process (PID=186) to work on /opt/airflow/dags/Code explanation.xlsx
[2025-04-27T00:56:33.740+0000] {processor.py:830} INFO - Processing file /opt/airflow/dags/Code explanation.xlsx for tasks to queue
[2025-04-27T00:56:33.757+0000] {logging_mixin.py:188} INFO - [2025-04-27T00:56:33.757+0000] {dagbag.py:538} INFO - Filling up the DagBag from /opt/airflow/dags/Code explanation.xlsx
[2025-04-27T00:56:33.796+0000] {processor.py:842} WARNING - No viable dags retrieved from /opt/airflow/dags/Code explanation.xlsx
[2025-04-27T00:56:33.843+0000] {processor.py:183} INFO - Processing /opt/airflow/dags/Code explanation.xlsx took 0.126 seconds
[2025-04-27T00:57:04.500+0000] {processor.py:161} INFO - Started process (PID=228) to work on /opt/airflow/dags/Code explanation.xlsx
[2025-04-27T00:57:04.502+0000] {processor.py:830} INFO - Processing file /opt/airflow/dags/Code explanation.xlsx for tasks to queue
[2025-04-27T00:57:04.504+0000] {logging_mixin.py:188} INFO - [2025-04-27T00:57:04.504+0000] {dagbag.py:538} INFO - Filling up the DagBag from /opt/airflow/dags/Code explanation.xlsx
[2025-04-27T00:57:04.520+0000] {processor.py:842} WARNING - No viable dags retrieved from /opt/airflow/dags/Code explanation.xlsx
[2025-04-27T00:57:04.542+0000] {processor.py:183} INFO - Processing /opt/airflow/dags/Code explanation.xlsx took 0.046 seconds
[2025-04-27T00:57:34.840+0000] {processor.py:161} INFO - Started process (PID=268) to work on /opt/airflow/dags/Code explanation.xlsx
[2025-04-27T00:57:34.842+0000] {processor.py:830} INFO - Processing file /opt/airflow/dags/Code explanation.xlsx for tasks to queue
[2025-04-27T00:57:34.844+0000] {logging_mixin.py:188} INFO - [2025-04-27T00:57:34.844+0000] {dagbag.py:538} INFO - Filling up the DagBag from /opt/airflow/dags/Code explanation.xlsx
[2025-04-27T00:57:34.871+0000] {processor.py:842} WARNING - No viable dags retrieved from /opt/airflow/dags/Code explanation.xlsx
[2025-04-27T00:57:34.901+0000] {processor.py:183} INFO - Processing /opt/airflow/dags/Code explanation.xlsx took 0.065 seconds
[2025-04-27T00:58:05.148+0000] {processor.py:161} INFO - Started process (PID=309) to work on /opt/airflow/dags/Code explanation.xlsx
[2025-04-27T00:58:05.150+0000] {processor.py:830} INFO - Processing file /opt/airflow/dags/Code explanation.xlsx for tasks to queue
[2025-04-27T00:58:05.153+0000] {logging_mixin.py:188} INFO - [2025-04-27T00:58:05.152+0000] {dagbag.py:538} INFO - Filling up the DagBag from /opt/airflow/dags/Code explanation.xlsx
[2025-04-27T00:58:05.174+0000] {processor.py:842} WARNING - No viable dags retrieved from /opt/airflow/dags/Code explanation.xlsx
[2025-04-27T00:58:05.197+0000] {processor.py:183} INFO - Processing /opt/airflow/dags/Code explanation.xlsx took 0.054 seconds
[2025-04-27T00:58:36.088+0000] {processor.py:161} INFO - Started process (PID=355) to work on /opt/airflow/dags/Code explanation.xlsx
[2025-04-27T00:58:36.094+0000] {processor.py:830} INFO - Processing file /opt/airflow/dags/Code explanation.xlsx for tasks to queue
[2025-04-27T00:58:36.098+0000] {logging_mixin.py:188} INFO - [2025-04-27T00:58:36.096+0000] {dagbag.py:538} INFO - Filling up the DagBag from /opt/airflow/dags/Code explanation.xlsx
[2025-04-27T00:58:36.133+0000] {processor.py:842} WARNING - No viable dags retrieved from /opt/airflow/dags/Code explanation.xlsx
[2025-04-27T00:58:36.253+0000] {processor.py:183} INFO - Processing /opt/airflow/dags/Code explanation.xlsx took 0.194 seconds
[2025-04-27T00:59:06.784+0000] {processor.py:161} INFO - Started process (PID=398) to work on /opt/airflow/dags/Code explanation.xlsx
[2025-04-27T00:59:06.789+0000] {processor.py:830} INFO - Processing file /opt/airflow/dags/Code explanation.xlsx for tasks to queue
[2025-04-27T00:59:06.793+0000] {logging_mixin.py:188} INFO - [2025-04-27T00:59:06.792+0000] {dagbag.py:538} INFO - Filling up the DagBag from /opt/airflow/dags/Code explanation.xlsx
[2025-04-27T00:59:06.821+0000] {processor.py:842} WARNING - No viable dags retrieved from /opt/airflow/dags/Code explanation.xlsx
[2025-04-27T00:59:06.847+0000] {processor.py:183} INFO - Processing /opt/airflow/dags/Code explanation.xlsx took 0.069 seconds
[2025-04-27T00:59:37.904+0000] {processor.py:161} INFO - Started process (PID=441) to work on /opt/airflow/dags/Code explanation.xlsx
[2025-04-27T00:59:37.917+0000] {processor.py:830} INFO - Processing file /opt/airflow/dags/Code explanation.xlsx for tasks to queue
[2025-04-27T00:59:37.964+0000] {logging_mixin.py:188} INFO - [2025-04-27T00:59:37.961+0000] {dagbag.py:538} INFO - Filling up the DagBag from /opt/airflow/dags/Code explanation.xlsx
[2025-04-27T00:59:38.062+0000] {processor.py:842} WARNING - No viable dags retrieved from /opt/airflow/dags/Code explanation.xlsx
[2025-04-27T00:59:38.135+0000] {processor.py:183} INFO - Processing /opt/airflow/dags/Code explanation.xlsx took 0.250 seconds
[2025-04-27T01:00:08.378+0000] {processor.py:161} INFO - Started process (PID=484) to work on /opt/airflow/dags/Code explanation.xlsx
[2025-04-27T01:00:08.380+0000] {processor.py:830} INFO - Processing file /opt/airflow/dags/Code explanation.xlsx for tasks to queue
[2025-04-27T01:00:08.381+0000] {logging_mixin.py:188} INFO - [2025-04-27T01:00:08.381+0000] {dagbag.py:538} INFO - Filling up the DagBag from /opt/airflow/dags/Code explanation.xlsx
[2025-04-27T01:00:08.395+0000] {processor.py:842} WARNING - No viable dags retrieved from /opt/airflow/dags/Code explanation.xlsx
[2025-04-27T01:00:08.414+0000] {processor.py:183} INFO - Processing /opt/airflow/dags/Code explanation.xlsx took 0.039 seconds
[2025-04-27T01:00:38.504+0000] {processor.py:161} INFO - Started process (PID=527) to work on /opt/airflow/dags/Code explanation.xlsx
[2025-04-27T01:00:38.506+0000] {processor.py:830} INFO - Processing file /opt/airflow/dags/Code explanation.xlsx for tasks to queue
[2025-04-27T01:00:38.507+0000] {logging_mixin.py:188} INFO - [2025-04-27T01:00:38.507+0000] {dagbag.py:538} INFO - Filling up the DagBag from /opt/airflow/dags/Code explanation.xlsx
[2025-04-27T01:00:38.524+0000] {processor.py:842} WARNING - No viable dags retrieved from /opt/airflow/dags/Code explanation.xlsx
[2025-04-27T01:00:38.544+0000] {processor.py:183} INFO - Processing /opt/airflow/dags/Code explanation.xlsx took 0.044 seconds
[2025-04-27T01:01:09.239+0000] {processor.py:161} INFO - Started process (PID=570) to work on /opt/airflow/dags/Code explanation.xlsx
[2025-04-27T01:01:09.240+0000] {processor.py:830} INFO - Processing file /opt/airflow/dags/Code explanation.xlsx for tasks to queue
[2025-04-27T01:01:09.241+0000] {logging_mixin.py:188} INFO - [2025-04-27T01:01:09.241+0000] {dagbag.py:538} INFO - Filling up the DagBag from /opt/airflow/dags/Code explanation.xlsx
[2025-04-27T01:01:09.253+0000] {processor.py:842} WARNING - No viable dags retrieved from /opt/airflow/dags/Code explanation.xlsx
[2025-04-27T01:01:09.266+0000] {processor.py:183} INFO - Processing /opt/airflow/dags/Code explanation.xlsx took 0.030 seconds
[2025-04-27T01:01:40.262+0000] {processor.py:161} INFO - Started process (PID=611) to work on /opt/airflow/dags/Code explanation.xlsx
[2025-04-27T01:01:40.264+0000] {processor.py:830} INFO - Processing file /opt/airflow/dags/Code explanation.xlsx for tasks to queue
[2025-04-27T01:01:40.266+0000] {logging_mixin.py:188} INFO - [2025-04-27T01:01:40.265+0000] {dagbag.py:538} INFO - Filling up the DagBag from /opt/airflow/dags/Code explanation.xlsx
[2025-04-27T01:01:40.280+0000] {processor.py:842} WARNING - No viable dags retrieved from /opt/airflow/dags/Code explanation.xlsx
[2025-04-27T01:01:40.294+0000] {processor.py:183} INFO - Processing /opt/airflow/dags/Code explanation.xlsx took 0.035 seconds
[2025-04-27T01:02:10.676+0000] {processor.py:161} INFO - Started process (PID=656) to work on /opt/airflow/dags/Code explanation.xlsx
[2025-04-27T01:02:10.677+0000] {processor.py:830} INFO - Processing file /opt/airflow/dags/Code explanation.xlsx for tasks to queue
[2025-04-27T01:02:10.678+0000] {logging_mixin.py:188} INFO - [2025-04-27T01:02:10.678+0000] {dagbag.py:538} INFO - Filling up the DagBag from /opt/airflow/dags/Code explanation.xlsx
[2025-04-27T01:02:10.689+0000] {processor.py:842} WARNING - No viable dags retrieved from /opt/airflow/dags/Code explanation.xlsx
[2025-04-27T01:02:10.699+0000] {processor.py:183} INFO - Processing /opt/airflow/dags/Code explanation.xlsx took 0.025 seconds
[2025-04-27T01:02:41.439+0000] {processor.py:161} INFO - Started process (PID=699) to work on /opt/airflow/dags/Code explanation.xlsx
[2025-04-27T01:02:41.441+0000] {processor.py:830} INFO - Processing file /opt/airflow/dags/Code explanation.xlsx for tasks to queue
[2025-04-27T01:02:41.443+0000] {logging_mixin.py:188} INFO - [2025-04-27T01:02:41.442+0000] {dagbag.py:538} INFO - Filling up the DagBag from /opt/airflow/dags/Code explanation.xlsx
[2025-04-27T01:02:41.461+0000] {processor.py:842} WARNING - No viable dags retrieved from /opt/airflow/dags/Code explanation.xlsx
[2025-04-27T01:02:41.484+0000] {processor.py:183} INFO - Processing /opt/airflow/dags/Code explanation.xlsx took 0.050 seconds
[2025-04-27T01:03:12.152+0000] {processor.py:161} INFO - Started process (PID=740) to work on /opt/airflow/dags/Code explanation.xlsx
[2025-04-27T01:03:12.154+0000] {processor.py:830} INFO - Processing file /opt/airflow/dags/Code explanation.xlsx for tasks to queue
[2025-04-27T01:03:12.156+0000] {logging_mixin.py:188} INFO - [2025-04-27T01:03:12.155+0000] {dagbag.py:538} INFO - Filling up the DagBag from /opt/airflow/dags/Code explanation.xlsx
[2025-04-27T01:03:12.173+0000] {processor.py:842} WARNING - No viable dags retrieved from /opt/airflow/dags/Code explanation.xlsx
[2025-04-27T01:03:12.195+0000] {processor.py:183} INFO - Processing /opt/airflow/dags/Code explanation.xlsx took 0.053 seconds
[2025-04-27T01:03:42.845+0000] {processor.py:161} INFO - Started process (PID=785) to work on /opt/airflow/dags/Code explanation.xlsx
[2025-04-27T01:03:42.846+0000] {processor.py:830} INFO - Processing file /opt/airflow/dags/Code explanation.xlsx for tasks to queue
[2025-04-27T01:03:42.848+0000] {logging_mixin.py:188} INFO - [2025-04-27T01:03:42.848+0000] {dagbag.py:538} INFO - Filling up the DagBag from /opt/airflow/dags/Code explanation.xlsx
[2025-04-27T01:03:42.860+0000] {processor.py:842} WARNING - No viable dags retrieved from /opt/airflow/dags/Code explanation.xlsx
[2025-04-27T01:03:42.876+0000] {processor.py:183} INFO - Processing /opt/airflow/dags/Code explanation.xlsx took 0.034 seconds
[2025-04-27T01:04:13.516+0000] {processor.py:161} INFO - Started process (PID=828) to work on /opt/airflow/dags/Code explanation.xlsx
[2025-04-27T01:04:13.518+0000] {processor.py:830} INFO - Processing file /opt/airflow/dags/Code explanation.xlsx for tasks to queue
[2025-04-27T01:04:13.519+0000] {logging_mixin.py:188} INFO - [2025-04-27T01:04:13.518+0000] {dagbag.py:538} INFO - Filling up the DagBag from /opt/airflow/dags/Code explanation.xlsx
[2025-04-27T01:04:13.532+0000] {processor.py:842} WARNING - No viable dags retrieved from /opt/airflow/dags/Code explanation.xlsx
[2025-04-27T01:04:13.552+0000] {processor.py:183} INFO - Processing /opt/airflow/dags/Code explanation.xlsx took 0.039 seconds
[2025-04-27T01:04:44.176+0000] {processor.py:161} INFO - Started process (PID=869) to work on /opt/airflow/dags/Code explanation.xlsx
[2025-04-27T01:04:44.181+0000] {processor.py:830} INFO - Processing file /opt/airflow/dags/Code explanation.xlsx for tasks to queue
[2025-04-27T01:04:44.183+0000] {logging_mixin.py:188} INFO - [2025-04-27T01:04:44.183+0000] {dagbag.py:538} INFO - Filling up the DagBag from /opt/airflow/dags/Code explanation.xlsx
[2025-04-27T01:04:44.199+0000] {processor.py:842} WARNING - No viable dags retrieved from /opt/airflow/dags/Code explanation.xlsx
[2025-04-27T01:04:44.215+0000] {processor.py:183} INFO - Processing /opt/airflow/dags/Code explanation.xlsx took 0.042 seconds
[2025-04-27T01:05:14.594+0000] {processor.py:161} INFO - Started process (PID=914) to work on /opt/airflow/dags/Code explanation.xlsx
[2025-04-27T01:05:14.595+0000] {processor.py:830} INFO - Processing file /opt/airflow/dags/Code explanation.xlsx for tasks to queue
[2025-04-27T01:05:14.596+0000] {logging_mixin.py:188} INFO - [2025-04-27T01:05:14.596+0000] {dagbag.py:538} INFO - Filling up the DagBag from /opt/airflow/dags/Code explanation.xlsx
[2025-04-27T01:05:14.608+0000] {processor.py:842} WARNING - No viable dags retrieved from /opt/airflow/dags/Code explanation.xlsx
[2025-04-27T01:05:14.624+0000] {processor.py:183} INFO - Processing /opt/airflow/dags/Code explanation.xlsx took 0.033 seconds
[2025-04-27T01:05:45.298+0000] {processor.py:161} INFO - Started process (PID=957) to work on /opt/airflow/dags/Code explanation.xlsx
[2025-04-27T01:05:45.299+0000] {processor.py:830} INFO - Processing file /opt/airflow/dags/Code explanation.xlsx for tasks to queue
[2025-04-27T01:05:45.300+0000] {logging_mixin.py:188} INFO - [2025-04-27T01:05:45.300+0000] {dagbag.py:538} INFO - Filling up the DagBag from /opt/airflow/dags/Code explanation.xlsx
[2025-04-27T01:05:45.311+0000] {processor.py:842} WARNING - No viable dags retrieved from /opt/airflow/dags/Code explanation.xlsx
[2025-04-27T01:05:45.322+0000] {processor.py:183} INFO - Processing /opt/airflow/dags/Code explanation.xlsx took 0.026 seconds
[2025-04-27T01:06:15.568+0000] {processor.py:161} INFO - Started process (PID=998) to work on /opt/airflow/dags/Code explanation.xlsx
[2025-04-27T01:06:15.569+0000] {processor.py:830} INFO - Processing file /opt/airflow/dags/Code explanation.xlsx for tasks to queue
[2025-04-27T01:06:15.571+0000] {logging_mixin.py:188} INFO - [2025-04-27T01:06:15.570+0000] {dagbag.py:538} INFO - Filling up the DagBag from /opt/airflow/dags/Code explanation.xlsx
[2025-04-27T01:06:15.584+0000] {processor.py:842} WARNING - No viable dags retrieved from /opt/airflow/dags/Code explanation.xlsx
[2025-04-27T01:06:15.597+0000] {processor.py:183} INFO - Processing /opt/airflow/dags/Code explanation.xlsx took 0.034 seconds
[2025-04-27T01:06:46.351+0000] {processor.py:161} INFO - Started process (PID=1043) to work on /opt/airflow/dags/Code explanation.xlsx
[2025-04-27T01:06:46.353+0000] {processor.py:830} INFO - Processing file /opt/airflow/dags/Code explanation.xlsx for tasks to queue
[2025-04-27T01:06:46.354+0000] {logging_mixin.py:188} INFO - [2025-04-27T01:06:46.354+0000] {dagbag.py:538} INFO - Filling up the DagBag from /opt/airflow/dags/Code explanation.xlsx
[2025-04-27T01:06:46.369+0000] {processor.py:842} WARNING - No viable dags retrieved from /opt/airflow/dags/Code explanation.xlsx
[2025-04-27T01:06:46.385+0000] {processor.py:183} INFO - Processing /opt/airflow/dags/Code explanation.xlsx took 0.036 seconds
[2025-04-27T01:07:16.804+0000] {processor.py:161} INFO - Started process (PID=1086) to work on /opt/airflow/dags/Code explanation.xlsx
[2025-04-27T01:07:16.806+0000] {processor.py:830} INFO - Processing file /opt/airflow/dags/Code explanation.xlsx for tasks to queue
[2025-04-27T01:07:16.807+0000] {logging_mixin.py:188} INFO - [2025-04-27T01:07:16.806+0000] {dagbag.py:538} INFO - Filling up the DagBag from /opt/airflow/dags/Code explanation.xlsx
[2025-04-27T01:07:16.821+0000] {processor.py:842} WARNING - No viable dags retrieved from /opt/airflow/dags/Code explanation.xlsx
[2025-04-27T01:07:16.835+0000] {processor.py:183} INFO - Processing /opt/airflow/dags/Code explanation.xlsx took 0.033 seconds
[2025-04-27T01:07:47.382+0000] {processor.py:161} INFO - Started process (PID=1127) to work on /opt/airflow/dags/Code explanation.xlsx
[2025-04-27T01:07:47.383+0000] {processor.py:830} INFO - Processing file /opt/airflow/dags/Code explanation.xlsx for tasks to queue
[2025-04-27T01:07:47.384+0000] {logging_mixin.py:188} INFO - [2025-04-27T01:07:47.383+0000] {dagbag.py:538} INFO - Filling up the DagBag from /opt/airflow/dags/Code explanation.xlsx
[2025-04-27T01:07:47.398+0000] {processor.py:842} WARNING - No viable dags retrieved from /opt/airflow/dags/Code explanation.xlsx
[2025-04-27T01:07:47.417+0000] {processor.py:183} INFO - Processing /opt/airflow/dags/Code explanation.xlsx took 0.039 seconds
[2025-04-27T01:08:17.862+0000] {processor.py:161} INFO - Started process (PID=1172) to work on /opt/airflow/dags/Code explanation.xlsx
[2025-04-27T01:08:17.863+0000] {processor.py:830} INFO - Processing file /opt/airflow/dags/Code explanation.xlsx for tasks to queue
[2025-04-27T01:08:17.866+0000] {logging_mixin.py:188} INFO - [2025-04-27T01:08:17.865+0000] {dagbag.py:538} INFO - Filling up the DagBag from /opt/airflow/dags/Code explanation.xlsx
[2025-04-27T01:08:17.895+0000] {processor.py:842} WARNING - No viable dags retrieved from /opt/airflow/dags/Code explanation.xlsx
[2025-04-27T01:08:17.925+0000] {processor.py:183} INFO - Processing /opt/airflow/dags/Code explanation.xlsx took 0.065 seconds
[2025-04-27T01:08:48.380+0000] {processor.py:161} INFO - Started process (PID=1215) to work on /opt/airflow/dags/Code explanation.xlsx
[2025-04-27T01:08:48.381+0000] {processor.py:830} INFO - Processing file /opt/airflow/dags/Code explanation.xlsx for tasks to queue
[2025-04-27T01:08:48.382+0000] {logging_mixin.py:188} INFO - [2025-04-27T01:08:48.382+0000] {dagbag.py:538} INFO - Filling up the DagBag from /opt/airflow/dags/Code explanation.xlsx
[2025-04-27T01:08:48.396+0000] {processor.py:842} WARNING - No viable dags retrieved from /opt/airflow/dags/Code explanation.xlsx
[2025-04-27T01:08:48.407+0000] {processor.py:183} INFO - Processing /opt/airflow/dags/Code explanation.xlsx took 0.030 seconds
[2025-04-27T01:09:18.939+0000] {processor.py:161} INFO - Started process (PID=1256) to work on /opt/airflow/dags/Code explanation.xlsx
[2025-04-27T01:09:18.940+0000] {processor.py:830} INFO - Processing file /opt/airflow/dags/Code explanation.xlsx for tasks to queue
[2025-04-27T01:09:18.941+0000] {logging_mixin.py:188} INFO - [2025-04-27T01:09:18.941+0000] {dagbag.py:538} INFO - Filling up the DagBag from /opt/airflow/dags/Code explanation.xlsx
[2025-04-27T01:09:18.954+0000] {processor.py:842} WARNING - No viable dags retrieved from /opt/airflow/dags/Code explanation.xlsx
[2025-04-27T01:09:18.974+0000] {processor.py:183} INFO - Processing /opt/airflow/dags/Code explanation.xlsx took 0.038 seconds
[2025-04-27T01:09:49.218+0000] {processor.py:161} INFO - Started process (PID=1299) to work on /opt/airflow/dags/Code explanation.xlsx
[2025-04-27T01:09:49.219+0000] {processor.py:830} INFO - Processing file /opt/airflow/dags/Code explanation.xlsx for tasks to queue
[2025-04-27T01:09:49.220+0000] {logging_mixin.py:188} INFO - [2025-04-27T01:09:49.220+0000] {dagbag.py:538} INFO - Filling up the DagBag from /opt/airflow/dags/Code explanation.xlsx
[2025-04-27T01:09:49.234+0000] {processor.py:842} WARNING - No viable dags retrieved from /opt/airflow/dags/Code explanation.xlsx
[2025-04-27T01:09:49.249+0000] {processor.py:183} INFO - Processing /opt/airflow/dags/Code explanation.xlsx took 0.034 seconds
[2025-04-27T01:10:19.353+0000] {processor.py:161} INFO - Started process (PID=1337) to work on /opt/airflow/dags/Code explanation.xlsx
[2025-04-27T01:10:19.355+0000] {processor.py:830} INFO - Processing file /opt/airflow/dags/Code explanation.xlsx for tasks to queue
[2025-04-27T01:10:19.356+0000] {logging_mixin.py:188} INFO - [2025-04-27T01:10:19.355+0000] {dagbag.py:538} INFO - Filling up the DagBag from /opt/airflow/dags/Code explanation.xlsx
[2025-04-27T01:10:19.371+0000] {processor.py:842} WARNING - No viable dags retrieved from /opt/airflow/dags/Code explanation.xlsx
[2025-04-27T01:10:19.387+0000] {processor.py:183} INFO - Processing /opt/airflow/dags/Code explanation.xlsx took 0.036 seconds
[2025-04-27T01:10:50.036+0000] {processor.py:161} INFO - Started process (PID=1385) to work on /opt/airflow/dags/Code explanation.xlsx
[2025-04-27T01:10:50.037+0000] {processor.py:830} INFO - Processing file /opt/airflow/dags/Code explanation.xlsx for tasks to queue
[2025-04-27T01:10:50.039+0000] {logging_mixin.py:188} INFO - [2025-04-27T01:10:50.038+0000] {dagbag.py:538} INFO - Filling up the DagBag from /opt/airflow/dags/Code explanation.xlsx
[2025-04-27T01:10:50.052+0000] {processor.py:842} WARNING - No viable dags retrieved from /opt/airflow/dags/Code explanation.xlsx
[2025-04-27T01:10:50.065+0000] {processor.py:183} INFO - Processing /opt/airflow/dags/Code explanation.xlsx took 0.032 seconds
[2025-04-27T01:11:20.830+0000] {processor.py:161} INFO - Started process (PID=1430) to work on /opt/airflow/dags/Code explanation.xlsx
[2025-04-27T01:11:20.831+0000] {processor.py:830} INFO - Processing file /opt/airflow/dags/Code explanation.xlsx for tasks to queue
[2025-04-27T01:11:20.832+0000] {logging_mixin.py:188} INFO - [2025-04-27T01:11:20.832+0000] {dagbag.py:538} INFO - Filling up the DagBag from /opt/airflow/dags/Code explanation.xlsx
[2025-04-27T01:11:20.846+0000] {processor.py:842} WARNING - No viable dags retrieved from /opt/airflow/dags/Code explanation.xlsx
[2025-04-27T01:11:20.858+0000] {processor.py:183} INFO - Processing /opt/airflow/dags/Code explanation.xlsx took 0.031 seconds
[2025-04-27T01:11:51.705+0000] {processor.py:161} INFO - Started process (PID=1473) to work on /opt/airflow/dags/Code explanation.xlsx
[2025-04-27T01:11:51.706+0000] {processor.py:830} INFO - Processing file /opt/airflow/dags/Code explanation.xlsx for tasks to queue
[2025-04-27T01:11:51.707+0000] {logging_mixin.py:188} INFO - [2025-04-27T01:11:51.707+0000] {dagbag.py:538} INFO - Filling up the DagBag from /opt/airflow/dags/Code explanation.xlsx
[2025-04-27T01:11:51.720+0000] {processor.py:842} WARNING - No viable dags retrieved from /opt/airflow/dags/Code explanation.xlsx
[2025-04-27T01:11:51.732+0000] {processor.py:183} INFO - Processing /opt/airflow/dags/Code explanation.xlsx took 0.030 seconds
[2025-04-27T01:12:22.298+0000] {processor.py:161} INFO - Started process (PID=1514) to work on /opt/airflow/dags/Code explanation.xlsx
[2025-04-27T01:12:22.300+0000] {processor.py:830} INFO - Processing file /opt/airflow/dags/Code explanation.xlsx for tasks to queue
[2025-04-27T01:12:22.301+0000] {logging_mixin.py:188} INFO - [2025-04-27T01:12:22.300+0000] {dagbag.py:538} INFO - Filling up the DagBag from /opt/airflow/dags/Code explanation.xlsx
[2025-04-27T01:12:22.312+0000] {processor.py:842} WARNING - No viable dags retrieved from /opt/airflow/dags/Code explanation.xlsx
[2025-04-27T01:12:22.326+0000] {processor.py:183} INFO - Processing /opt/airflow/dags/Code explanation.xlsx took 0.030 seconds
[2025-04-27T01:12:52.873+0000] {processor.py:161} INFO - Started process (PID=1559) to work on /opt/airflow/dags/Code explanation.xlsx
[2025-04-27T01:12:52.874+0000] {processor.py:830} INFO - Processing file /opt/airflow/dags/Code explanation.xlsx for tasks to queue
[2025-04-27T01:12:52.876+0000] {logging_mixin.py:188} INFO - [2025-04-27T01:12:52.876+0000] {dagbag.py:538} INFO - Filling up the DagBag from /opt/airflow/dags/Code explanation.xlsx
[2025-04-27T01:12:52.895+0000] {processor.py:842} WARNING - No viable dags retrieved from /opt/airflow/dags/Code explanation.xlsx
[2025-04-27T01:12:52.913+0000] {processor.py:183} INFO - Processing /opt/airflow/dags/Code explanation.xlsx took 0.044 seconds
[2025-04-27T01:13:23.211+0000] {processor.py:161} INFO - Started process (PID=1602) to work on /opt/airflow/dags/Code explanation.xlsx
[2025-04-27T01:13:23.212+0000] {processor.py:830} INFO - Processing file /opt/airflow/dags/Code explanation.xlsx for tasks to queue
[2025-04-27T01:13:23.213+0000] {logging_mixin.py:188} INFO - [2025-04-27T01:13:23.213+0000] {dagbag.py:538} INFO - Filling up the DagBag from /opt/airflow/dags/Code explanation.xlsx
[2025-04-27T01:13:23.221+0000] {processor.py:842} WARNING - No viable dags retrieved from /opt/airflow/dags/Code explanation.xlsx
[2025-04-27T01:13:23.233+0000] {processor.py:183} INFO - Processing /opt/airflow/dags/Code explanation.xlsx took 0.025 seconds
[2025-04-27T01:13:53.485+0000] {processor.py:161} INFO - Started process (PID=1643) to work on /opt/airflow/dags/Code explanation.xlsx
[2025-04-27T01:13:53.487+0000] {processor.py:830} INFO - Processing file /opt/airflow/dags/Code explanation.xlsx for tasks to queue
[2025-04-27T01:13:53.488+0000] {logging_mixin.py:188} INFO - [2025-04-27T01:13:53.488+0000] {dagbag.py:538} INFO - Filling up the DagBag from /opt/airflow/dags/Code explanation.xlsx
[2025-04-27T01:13:53.496+0000] {processor.py:842} WARNING - No viable dags retrieved from /opt/airflow/dags/Code explanation.xlsx
[2025-04-27T01:13:53.510+0000] {processor.py:183} INFO - Processing /opt/airflow/dags/Code explanation.xlsx took 0.027 seconds
[2025-04-27T01:14:23.897+0000] {processor.py:161} INFO - Started process (PID=1688) to work on /opt/airflow/dags/Code explanation.xlsx
[2025-04-27T01:14:23.898+0000] {processor.py:830} INFO - Processing file /opt/airflow/dags/Code explanation.xlsx for tasks to queue
[2025-04-27T01:14:23.898+0000] {logging_mixin.py:188} INFO - [2025-04-27T01:14:23.898+0000] {dagbag.py:538} INFO - Filling up the DagBag from /opt/airflow/dags/Code explanation.xlsx
[2025-04-27T01:14:23.906+0000] {processor.py:842} WARNING - No viable dags retrieved from /opt/airflow/dags/Code explanation.xlsx
[2025-04-27T01:14:23.919+0000] {processor.py:183} INFO - Processing /opt/airflow/dags/Code explanation.xlsx took 0.025 seconds
[2025-04-27T01:14:54.374+0000] {processor.py:161} INFO - Started process (PID=1731) to work on /opt/airflow/dags/Code explanation.xlsx
[2025-04-27T01:14:54.375+0000] {processor.py:830} INFO - Processing file /opt/airflow/dags/Code explanation.xlsx for tasks to queue
[2025-04-27T01:14:54.376+0000] {logging_mixin.py:188} INFO - [2025-04-27T01:14:54.376+0000] {dagbag.py:538} INFO - Filling up the DagBag from /opt/airflow/dags/Code explanation.xlsx
[2025-04-27T01:14:54.383+0000] {processor.py:842} WARNING - No viable dags retrieved from /opt/airflow/dags/Code explanation.xlsx
[2025-04-27T01:14:54.396+0000] {processor.py:183} INFO - Processing /opt/airflow/dags/Code explanation.xlsx took 0.024 seconds
[2025-04-27T01:22:03.141+0000] {processor.py:161} INFO - Started process (PID=1779) to work on /opt/airflow/dags/Code explanation.xlsx
[2025-04-27T01:22:03.143+0000] {processor.py:830} INFO - Processing file /opt/airflow/dags/Code explanation.xlsx for tasks to queue
[2025-04-27T01:22:03.145+0000] {logging_mixin.py:188} INFO - [2025-04-27T01:22:03.145+0000] {dagbag.py:538} INFO - Filling up the DagBag from /opt/airflow/dags/Code explanation.xlsx
[2025-04-27T01:22:03.177+0000] {processor.py:842} WARNING - No viable dags retrieved from /opt/airflow/dags/Code explanation.xlsx
[2025-04-27T01:22:03.224+0000] {processor.py:183} INFO - Processing /opt/airflow/dags/Code explanation.xlsx took 0.090 seconds
[2025-04-27T01:22:33.906+0000] {processor.py:161} INFO - Started process (PID=1819) to work on /opt/airflow/dags/Code explanation.xlsx
[2025-04-27T01:22:33.909+0000] {processor.py:830} INFO - Processing file /opt/airflow/dags/Code explanation.xlsx for tasks to queue
[2025-04-27T01:22:33.910+0000] {logging_mixin.py:188} INFO - [2025-04-27T01:22:33.910+0000] {dagbag.py:538} INFO - Filling up the DagBag from /opt/airflow/dags/Code explanation.xlsx
[2025-04-27T01:22:33.930+0000] {processor.py:842} WARNING - No viable dags retrieved from /opt/airflow/dags/Code explanation.xlsx
[2025-04-27T01:22:33.951+0000] {processor.py:183} INFO - Processing /opt/airflow/dags/Code explanation.xlsx took 0.054 seconds
[2025-04-27T01:23:04.035+0000] {processor.py:161} INFO - Started process (PID=1854) to work on /opt/airflow/dags/Code explanation.xlsx
[2025-04-27T01:23:04.036+0000] {processor.py:830} INFO - Processing file /opt/airflow/dags/Code explanation.xlsx for tasks to queue
[2025-04-27T01:23:04.037+0000] {logging_mixin.py:188} INFO - [2025-04-27T01:23:04.037+0000] {dagbag.py:538} INFO - Filling up the DagBag from /opt/airflow/dags/Code explanation.xlsx
[2025-04-27T01:23:04.048+0000] {processor.py:842} WARNING - No viable dags retrieved from /opt/airflow/dags/Code explanation.xlsx
[2025-04-27T01:23:04.063+0000] {processor.py:183} INFO - Processing /opt/airflow/dags/Code explanation.xlsx took 0.031 seconds
[2025-04-27T01:23:34.349+0000] {processor.py:161} INFO - Started process (PID=1897) to work on /opt/airflow/dags/Code explanation.xlsx
[2025-04-27T01:23:34.350+0000] {processor.py:830} INFO - Processing file /opt/airflow/dags/Code explanation.xlsx for tasks to queue
[2025-04-27T01:23:34.351+0000] {logging_mixin.py:188} INFO - [2025-04-27T01:23:34.351+0000] {dagbag.py:538} INFO - Filling up the DagBag from /opt/airflow/dags/Code explanation.xlsx
[2025-04-27T01:23:34.359+0000] {processor.py:842} WARNING - No viable dags retrieved from /opt/airflow/dags/Code explanation.xlsx
[2025-04-27T01:23:34.372+0000] {processor.py:183} INFO - Processing /opt/airflow/dags/Code explanation.xlsx took 0.027 seconds
[2025-04-27T01:24:04.645+0000] {processor.py:161} INFO - Started process (PID=1937) to work on /opt/airflow/dags/Code explanation.xlsx
[2025-04-27T01:24:04.655+0000] {processor.py:830} INFO - Processing file /opt/airflow/dags/Code explanation.xlsx for tasks to queue
[2025-04-27T01:24:04.657+0000] {logging_mixin.py:188} INFO - [2025-04-27T01:24:04.656+0000] {dagbag.py:538} INFO - Filling up the DagBag from /opt/airflow/dags/Code explanation.xlsx
[2025-04-27T01:24:04.678+0000] {processor.py:842} WARNING - No viable dags retrieved from /opt/airflow/dags/Code explanation.xlsx
[2025-04-27T01:24:04.701+0000] {processor.py:183} INFO - Processing /opt/airflow/dags/Code explanation.xlsx took 0.060 seconds
[2025-04-27T01:24:34.973+0000] {processor.py:161} INFO - Started process (PID=1978) to work on /opt/airflow/dags/Code explanation.xlsx
[2025-04-27T01:24:34.975+0000] {processor.py:830} INFO - Processing file /opt/airflow/dags/Code explanation.xlsx for tasks to queue
[2025-04-27T01:24:34.976+0000] {logging_mixin.py:188} INFO - [2025-04-27T01:24:34.976+0000] {dagbag.py:538} INFO - Filling up the DagBag from /opt/airflow/dags/Code explanation.xlsx
[2025-04-27T01:24:34.992+0000] {processor.py:842} WARNING - No viable dags retrieved from /opt/airflow/dags/Code explanation.xlsx
[2025-04-27T01:24:35.013+0000] {processor.py:183} INFO - Processing /opt/airflow/dags/Code explanation.xlsx took 0.044 seconds
[2025-04-27T01:25:05.792+0000] {processor.py:161} INFO - Started process (PID=2020) to work on /opt/airflow/dags/Code explanation.xlsx
[2025-04-27T01:25:05.794+0000] {processor.py:830} INFO - Processing file /opt/airflow/dags/Code explanation.xlsx for tasks to queue
[2025-04-27T01:25:05.795+0000] {logging_mixin.py:188} INFO - [2025-04-27T01:25:05.795+0000] {dagbag.py:538} INFO - Filling up the DagBag from /opt/airflow/dags/Code explanation.xlsx
[2025-04-27T01:25:05.814+0000] {processor.py:842} WARNING - No viable dags retrieved from /opt/airflow/dags/Code explanation.xlsx
[2025-04-27T01:25:05.842+0000] {processor.py:183} INFO - Processing /opt/airflow/dags/Code explanation.xlsx took 0.057 seconds
[2025-04-27T01:25:36.041+0000] {processor.py:161} INFO - Started process (PID=2058) to work on /opt/airflow/dags/Code explanation.xlsx
[2025-04-27T01:25:36.042+0000] {processor.py:830} INFO - Processing file /opt/airflow/dags/Code explanation.xlsx for tasks to queue
[2025-04-27T01:25:36.043+0000] {logging_mixin.py:188} INFO - [2025-04-27T01:25:36.042+0000] {dagbag.py:538} INFO - Filling up the DagBag from /opt/airflow/dags/Code explanation.xlsx
[2025-04-27T01:25:36.051+0000] {processor.py:842} WARNING - No viable dags retrieved from /opt/airflow/dags/Code explanation.xlsx
[2025-04-27T01:25:36.065+0000] {processor.py:183} INFO - Processing /opt/airflow/dags/Code explanation.xlsx took 0.027 seconds
[2025-04-27T01:26:06.320+0000] {processor.py:161} INFO - Started process (PID=2097) to work on /opt/airflow/dags/Code explanation.xlsx
[2025-04-27T01:26:06.322+0000] {processor.py:830} INFO - Processing file /opt/airflow/dags/Code explanation.xlsx for tasks to queue
[2025-04-27T01:26:06.323+0000] {logging_mixin.py:188} INFO - [2025-04-27T01:26:06.323+0000] {dagbag.py:538} INFO - Filling up the DagBag from /opt/airflow/dags/Code explanation.xlsx
[2025-04-27T01:26:06.335+0000] {processor.py:842} WARNING - No viable dags retrieved from /opt/airflow/dags/Code explanation.xlsx
[2025-04-27T01:26:06.349+0000] {processor.py:183} INFO - Processing /opt/airflow/dags/Code explanation.xlsx took 0.031 seconds
[2025-04-27T01:26:36.573+0000] {processor.py:161} INFO - Started process (PID=2138) to work on /opt/airflow/dags/Code explanation.xlsx
[2025-04-27T01:26:36.575+0000] {processor.py:830} INFO - Processing file /opt/airflow/dags/Code explanation.xlsx for tasks to queue
[2025-04-27T01:26:36.577+0000] {logging_mixin.py:188} INFO - [2025-04-27T01:26:36.576+0000] {dagbag.py:538} INFO - Filling up the DagBag from /opt/airflow/dags/Code explanation.xlsx
[2025-04-27T01:26:36.587+0000] {processor.py:842} WARNING - No viable dags retrieved from /opt/airflow/dags/Code explanation.xlsx
[2025-04-27T01:26:36.606+0000] {processor.py:183} INFO - Processing /opt/airflow/dags/Code explanation.xlsx took 0.036 seconds
[2025-04-27T01:27:07.309+0000] {processor.py:161} INFO - Started process (PID=2181) to work on /opt/airflow/dags/Code explanation.xlsx
[2025-04-27T01:27:07.315+0000] {processor.py:830} INFO - Processing file /opt/airflow/dags/Code explanation.xlsx for tasks to queue
[2025-04-27T01:27:07.317+0000] {logging_mixin.py:188} INFO - [2025-04-27T01:27:07.316+0000] {dagbag.py:538} INFO - Filling up the DagBag from /opt/airflow/dags/Code explanation.xlsx
[2025-04-27T01:27:07.363+0000] {processor.py:842} WARNING - No viable dags retrieved from /opt/airflow/dags/Code explanation.xlsx
[2025-04-27T01:27:07.380+0000] {processor.py:183} INFO - Processing /opt/airflow/dags/Code explanation.xlsx took 0.075 seconds
[2025-04-27T01:27:37.637+0000] {processor.py:161} INFO - Started process (PID=2224) to work on /opt/airflow/dags/Code explanation.xlsx
[2025-04-27T01:27:37.639+0000] {processor.py:830} INFO - Processing file /opt/airflow/dags/Code explanation.xlsx for tasks to queue
[2025-04-27T01:27:37.641+0000] {logging_mixin.py:188} INFO - [2025-04-27T01:27:37.640+0000] {dagbag.py:538} INFO - Filling up the DagBag from /opt/airflow/dags/Code explanation.xlsx
[2025-04-27T01:27:37.653+0000] {processor.py:842} WARNING - No viable dags retrieved from /opt/airflow/dags/Code explanation.xlsx
[2025-04-27T01:27:37.669+0000] {processor.py:183} INFO - Processing /opt/airflow/dags/Code explanation.xlsx took 0.036 seconds
[2025-04-27T01:28:07.904+0000] {processor.py:161} INFO - Started process (PID=2264) to work on /opt/airflow/dags/Code explanation.xlsx
[2025-04-27T01:28:07.907+0000] {processor.py:830} INFO - Processing file /opt/airflow/dags/Code explanation.xlsx for tasks to queue
[2025-04-27T01:28:07.910+0000] {logging_mixin.py:188} INFO - [2025-04-27T01:28:07.908+0000] {dagbag.py:538} INFO - Filling up the DagBag from /opt/airflow/dags/Code explanation.xlsx
[2025-04-27T01:28:07.940+0000] {processor.py:842} WARNING - No viable dags retrieved from /opt/airflow/dags/Code explanation.xlsx
[2025-04-27T01:28:07.955+0000] {processor.py:183} INFO - Processing /opt/airflow/dags/Code explanation.xlsx took 0.057 seconds
[2025-04-27T01:28:38.047+0000] {processor.py:161} INFO - Started process (PID=2307) to work on /opt/airflow/dags/Code explanation.xlsx
[2025-04-27T01:28:38.048+0000] {processor.py:830} INFO - Processing file /opt/airflow/dags/Code explanation.xlsx for tasks to queue
[2025-04-27T01:28:38.050+0000] {logging_mixin.py:188} INFO - [2025-04-27T01:28:38.049+0000] {dagbag.py:538} INFO - Filling up the DagBag from /opt/airflow/dags/Code explanation.xlsx
[2025-04-27T01:28:38.064+0000] {processor.py:842} WARNING - No viable dags retrieved from /opt/airflow/dags/Code explanation.xlsx
[2025-04-27T01:28:38.080+0000] {processor.py:183} INFO - Processing /opt/airflow/dags/Code explanation.xlsx took 0.036 seconds
[2025-04-27T01:29:08.353+0000] {processor.py:161} INFO - Started process (PID=2350) to work on /opt/airflow/dags/Code explanation.xlsx
[2025-04-27T01:29:08.357+0000] {processor.py:830} INFO - Processing file /opt/airflow/dags/Code explanation.xlsx for tasks to queue
[2025-04-27T01:29:08.359+0000] {logging_mixin.py:188} INFO - [2025-04-27T01:29:08.358+0000] {dagbag.py:538} INFO - Filling up the DagBag from /opt/airflow/dags/Code explanation.xlsx
[2025-04-27T01:29:08.377+0000] {processor.py:842} WARNING - No viable dags retrieved from /opt/airflow/dags/Code explanation.xlsx
[2025-04-27T01:29:08.393+0000] {processor.py:183} INFO - Processing /opt/airflow/dags/Code explanation.xlsx took 0.043 seconds
[2025-04-27T01:29:38.885+0000] {processor.py:161} INFO - Started process (PID=2393) to work on /opt/airflow/dags/Code explanation.xlsx
[2025-04-27T01:29:38.886+0000] {processor.py:830} INFO - Processing file /opt/airflow/dags/Code explanation.xlsx for tasks to queue
[2025-04-27T01:29:38.887+0000] {logging_mixin.py:188} INFO - [2025-04-27T01:29:38.887+0000] {dagbag.py:538} INFO - Filling up the DagBag from /opt/airflow/dags/Code explanation.xlsx
[2025-04-27T01:29:38.903+0000] {processor.py:842} WARNING - No viable dags retrieved from /opt/airflow/dags/Code explanation.xlsx
[2025-04-27T01:29:38.916+0000] {processor.py:183} INFO - Processing /opt/airflow/dags/Code explanation.xlsx took 0.033 seconds
[2025-04-27T01:30:09.495+0000] {processor.py:161} INFO - Started process (PID=2436) to work on /opt/airflow/dags/Code explanation.xlsx
[2025-04-27T01:30:09.497+0000] {processor.py:830} INFO - Processing file /opt/airflow/dags/Code explanation.xlsx for tasks to queue
[2025-04-27T01:30:09.498+0000] {logging_mixin.py:188} INFO - [2025-04-27T01:30:09.498+0000] {dagbag.py:538} INFO - Filling up the DagBag from /opt/airflow/dags/Code explanation.xlsx
[2025-04-27T01:30:09.516+0000] {processor.py:842} WARNING - No viable dags retrieved from /opt/airflow/dags/Code explanation.xlsx
[2025-04-27T01:30:09.531+0000] {processor.py:183} INFO - Processing /opt/airflow/dags/Code explanation.xlsx took 0.039 seconds
[2025-04-27T01:30:39.849+0000] {processor.py:161} INFO - Started process (PID=2479) to work on /opt/airflow/dags/Code explanation.xlsx
[2025-04-27T01:30:39.850+0000] {processor.py:830} INFO - Processing file /opt/airflow/dags/Code explanation.xlsx for tasks to queue
[2025-04-27T01:30:39.851+0000] {logging_mixin.py:188} INFO - [2025-04-27T01:30:39.851+0000] {dagbag.py:538} INFO - Filling up the DagBag from /opt/airflow/dags/Code explanation.xlsx
[2025-04-27T01:30:39.862+0000] {processor.py:842} WARNING - No viable dags retrieved from /opt/airflow/dags/Code explanation.xlsx
[2025-04-27T01:30:39.875+0000] {processor.py:183} INFO - Processing /opt/airflow/dags/Code explanation.xlsx took 0.029 seconds
[2025-04-27T01:31:10.423+0000] {processor.py:161} INFO - Started process (PID=2522) to work on /opt/airflow/dags/Code explanation.xlsx
[2025-04-27T01:31:10.424+0000] {processor.py:830} INFO - Processing file /opt/airflow/dags/Code explanation.xlsx for tasks to queue
[2025-04-27T01:31:10.425+0000] {logging_mixin.py:188} INFO - [2025-04-27T01:31:10.425+0000] {dagbag.py:538} INFO - Filling up the DagBag from /opt/airflow/dags/Code explanation.xlsx
[2025-04-27T01:31:10.437+0000] {processor.py:842} WARNING - No viable dags retrieved from /opt/airflow/dags/Code explanation.xlsx
[2025-04-27T01:31:10.451+0000] {processor.py:183} INFO - Processing /opt/airflow/dags/Code explanation.xlsx took 0.031 seconds
[2025-04-27T01:31:40.671+0000] {processor.py:161} INFO - Started process (PID=2565) to work on /opt/airflow/dags/Code explanation.xlsx
[2025-04-27T01:31:40.672+0000] {processor.py:830} INFO - Processing file /opt/airflow/dags/Code explanation.xlsx for tasks to queue
[2025-04-27T01:31:40.673+0000] {logging_mixin.py:188} INFO - [2025-04-27T01:31:40.673+0000] {dagbag.py:538} INFO - Filling up the DagBag from /opt/airflow/dags/Code explanation.xlsx
[2025-04-27T01:31:40.687+0000] {processor.py:842} WARNING - No viable dags retrieved from /opt/airflow/dags/Code explanation.xlsx
[2025-04-27T01:31:40.701+0000] {processor.py:183} INFO - Processing /opt/airflow/dags/Code explanation.xlsx took 0.033 seconds
[2025-04-27T01:32:11.163+0000] {processor.py:161} INFO - Started process (PID=2608) to work on /opt/airflow/dags/Code explanation.xlsx
[2025-04-27T01:32:11.164+0000] {processor.py:830} INFO - Processing file /opt/airflow/dags/Code explanation.xlsx for tasks to queue
[2025-04-27T01:32:11.165+0000] {logging_mixin.py:188} INFO - [2025-04-27T01:32:11.165+0000] {dagbag.py:538} INFO - Filling up the DagBag from /opt/airflow/dags/Code explanation.xlsx
[2025-04-27T01:32:11.173+0000] {processor.py:842} WARNING - No viable dags retrieved from /opt/airflow/dags/Code explanation.xlsx
[2025-04-27T01:32:11.187+0000] {processor.py:183} INFO - Processing /opt/airflow/dags/Code explanation.xlsx took 0.027 seconds
[2025-04-27T01:32:43.548+0000] {processor.py:161} INFO - Started process (PID=2651) to work on /opt/airflow/dags/Code explanation.xlsx
[2025-04-27T01:32:43.568+0000] {processor.py:830} INFO - Processing file /opt/airflow/dags/Code explanation.xlsx for tasks to queue
[2025-04-27T01:32:43.588+0000] {logging_mixin.py:188} INFO - [2025-04-27T01:32:43.587+0000] {dagbag.py:538} INFO - Filling up the DagBag from /opt/airflow/dags/Code explanation.xlsx
[2025-04-27T01:32:44.210+0000] {processor.py:842} WARNING - No viable dags retrieved from /opt/airflow/dags/Code explanation.xlsx
[2025-04-27T01:32:44.318+0000] {processor.py:183} INFO - Processing /opt/airflow/dags/Code explanation.xlsx took 0.774 seconds
[2025-04-27T09:13:46.601+0000] {processor.py:161} INFO - Started process (PID=2717) to work on /opt/airflow/dags/Code explanation.xlsx
[2025-04-27T09:13:46.613+0000] {processor.py:830} INFO - Processing file /opt/airflow/dags/Code explanation.xlsx for tasks to queue
[2025-04-27T09:13:46.616+0000] {logging_mixin.py:188} INFO - [2025-04-27T09:13:46.615+0000] {dagbag.py:538} INFO - Filling up the DagBag from /opt/airflow/dags/Code explanation.xlsx
[2025-04-27T09:13:46.651+0000] {processor.py:842} WARNING - No viable dags retrieved from /opt/airflow/dags/Code explanation.xlsx
[2025-04-27T09:13:46.705+0000] {processor.py:183} INFO - Processing /opt/airflow/dags/Code explanation.xlsx took 0.111 seconds
[2025-04-27T13:24:55.888+0000] {processor.py:161} INFO - Started process (PID=2757) to work on /opt/airflow/dags/Code explanation.xlsx
[2025-04-27T13:24:55.889+0000] {processor.py:830} INFO - Processing file /opt/airflow/dags/Code explanation.xlsx for tasks to queue
[2025-04-27T13:24:55.891+0000] {logging_mixin.py:188} INFO - [2025-04-27T13:24:55.890+0000] {dagbag.py:538} INFO - Filling up the DagBag from /opt/airflow/dags/Code explanation.xlsx
[2025-04-27T13:24:55.920+0000] {processor.py:842} WARNING - No viable dags retrieved from /opt/airflow/dags/Code explanation.xlsx
[2025-04-27T13:24:55.951+0000] {processor.py:183} INFO - Processing /opt/airflow/dags/Code explanation.xlsx took 0.067 seconds
[2025-04-27T13:25:26.458+0000] {processor.py:161} INFO - Started process (PID=2795) to work on /opt/airflow/dags/Code explanation.xlsx
[2025-04-27T13:25:26.461+0000] {processor.py:830} INFO - Processing file /opt/airflow/dags/Code explanation.xlsx for tasks to queue
[2025-04-27T13:25:26.462+0000] {logging_mixin.py:188} INFO - [2025-04-27T13:25:26.462+0000] {dagbag.py:538} INFO - Filling up the DagBag from /opt/airflow/dags/Code explanation.xlsx
[2025-04-27T13:25:26.475+0000] {processor.py:842} WARNING - No viable dags retrieved from /opt/airflow/dags/Code explanation.xlsx
[2025-04-27T13:25:26.492+0000] {processor.py:183} INFO - Processing /opt/airflow/dags/Code explanation.xlsx took 0.038 seconds
[2025-04-27T13:25:56.905+0000] {processor.py:161} INFO - Started process (PID=2838) to work on /opt/airflow/dags/Code explanation.xlsx
[2025-04-27T13:25:56.907+0000] {processor.py:830} INFO - Processing file /opt/airflow/dags/Code explanation.xlsx for tasks to queue
[2025-04-27T13:25:56.909+0000] {logging_mixin.py:188} INFO - [2025-04-27T13:25:56.909+0000] {dagbag.py:538} INFO - Filling up the DagBag from /opt/airflow/dags/Code explanation.xlsx
[2025-04-27T13:25:56.927+0000] {processor.py:842} WARNING - No viable dags retrieved from /opt/airflow/dags/Code explanation.xlsx
[2025-04-27T13:25:56.955+0000] {processor.py:183} INFO - Processing /opt/airflow/dags/Code explanation.xlsx took 0.054 seconds
[2025-04-27T13:26:27.247+0000] {processor.py:161} INFO - Started process (PID=2881) to work on /opt/airflow/dags/Code explanation.xlsx
[2025-04-27T13:26:27.248+0000] {processor.py:830} INFO - Processing file /opt/airflow/dags/Code explanation.xlsx for tasks to queue
[2025-04-27T13:26:27.250+0000] {logging_mixin.py:188} INFO - [2025-04-27T13:26:27.249+0000] {dagbag.py:538} INFO - Filling up the DagBag from /opt/airflow/dags/Code explanation.xlsx
[2025-04-27T13:26:27.265+0000] {processor.py:842} WARNING - No viable dags retrieved from /opt/airflow/dags/Code explanation.xlsx
[2025-04-27T13:26:27.282+0000] {processor.py:183} INFO - Processing /opt/airflow/dags/Code explanation.xlsx took 0.037 seconds
[2025-04-27T13:26:57.888+0000] {processor.py:161} INFO - Started process (PID=2924) to work on /opt/airflow/dags/Code explanation.xlsx
[2025-04-27T13:26:57.890+0000] {processor.py:830} INFO - Processing file /opt/airflow/dags/Code explanation.xlsx for tasks to queue
[2025-04-27T13:26:57.891+0000] {logging_mixin.py:188} INFO - [2025-04-27T13:26:57.891+0000] {dagbag.py:538} INFO - Filling up the DagBag from /opt/airflow/dags/Code explanation.xlsx
[2025-04-27T13:26:57.907+0000] {processor.py:842} WARNING - No viable dags retrieved from /opt/airflow/dags/Code explanation.xlsx
[2025-04-27T13:26:57.928+0000] {processor.py:183} INFO - Processing /opt/airflow/dags/Code explanation.xlsx took 0.042 seconds
[2025-04-27T13:27:28.423+0000] {processor.py:161} INFO - Started process (PID=2967) to work on /opt/airflow/dags/Code explanation.xlsx
[2025-04-27T13:27:28.425+0000] {processor.py:830} INFO - Processing file /opt/airflow/dags/Code explanation.xlsx for tasks to queue
[2025-04-27T13:27:28.427+0000] {logging_mixin.py:188} INFO - [2025-04-27T13:27:28.427+0000] {dagbag.py:538} INFO - Filling up the DagBag from /opt/airflow/dags/Code explanation.xlsx
[2025-04-27T13:27:28.443+0000] {processor.py:842} WARNING - No viable dags retrieved from /opt/airflow/dags/Code explanation.xlsx
[2025-04-27T13:27:28.455+0000] {processor.py:183} INFO - Processing /opt/airflow/dags/Code explanation.xlsx took 0.036 seconds
[2025-04-27T13:27:58.795+0000] {processor.py:161} INFO - Started process (PID=3010) to work on /opt/airflow/dags/Code explanation.xlsx
[2025-04-27T13:27:58.797+0000] {processor.py:830} INFO - Processing file /opt/airflow/dags/Code explanation.xlsx for tasks to queue
[2025-04-27T13:27:58.798+0000] {logging_mixin.py:188} INFO - [2025-04-27T13:27:58.798+0000] {dagbag.py:538} INFO - Filling up the DagBag from /opt/airflow/dags/Code explanation.xlsx
[2025-04-27T13:27:58.813+0000] {processor.py:842} WARNING - No viable dags retrieved from /opt/airflow/dags/Code explanation.xlsx
[2025-04-27T13:27:58.828+0000] {processor.py:183} INFO - Processing /opt/airflow/dags/Code explanation.xlsx took 0.037 seconds
[2025-04-27T13:28:29.383+0000] {processor.py:161} INFO - Started process (PID=3053) to work on /opt/airflow/dags/Code explanation.xlsx
[2025-04-27T13:28:29.385+0000] {processor.py:830} INFO - Processing file /opt/airflow/dags/Code explanation.xlsx for tasks to queue
[2025-04-27T13:28:29.387+0000] {logging_mixin.py:188} INFO - [2025-04-27T13:28:29.386+0000] {dagbag.py:538} INFO - Filling up the DagBag from /opt/airflow/dags/Code explanation.xlsx
[2025-04-27T13:28:29.401+0000] {processor.py:842} WARNING - No viable dags retrieved from /opt/airflow/dags/Code explanation.xlsx
[2025-04-27T13:28:29.419+0000] {processor.py:183} INFO - Processing /opt/airflow/dags/Code explanation.xlsx took 0.039 seconds
[2025-04-27T13:28:59.494+0000] {processor.py:161} INFO - Started process (PID=3091) to work on /opt/airflow/dags/Code explanation.xlsx
[2025-04-27T13:28:59.495+0000] {processor.py:830} INFO - Processing file /opt/airflow/dags/Code explanation.xlsx for tasks to queue
[2025-04-27T13:28:59.496+0000] {logging_mixin.py:188} INFO - [2025-04-27T13:28:59.496+0000] {dagbag.py:538} INFO - Filling up the DagBag from /opt/airflow/dags/Code explanation.xlsx
[2025-04-27T13:28:59.510+0000] {processor.py:842} WARNING - No viable dags retrieved from /opt/airflow/dags/Code explanation.xlsx
[2025-04-27T13:28:59.525+0000] {processor.py:183} INFO - Processing /opt/airflow/dags/Code explanation.xlsx took 0.033 seconds
[2025-04-27T13:29:30.139+0000] {processor.py:161} INFO - Started process (PID=3139) to work on /opt/airflow/dags/Code explanation.xlsx
[2025-04-27T13:29:30.140+0000] {processor.py:830} INFO - Processing file /opt/airflow/dags/Code explanation.xlsx for tasks to queue
[2025-04-27T13:29:30.141+0000] {logging_mixin.py:188} INFO - [2025-04-27T13:29:30.141+0000] {dagbag.py:538} INFO - Filling up the DagBag from /opt/airflow/dags/Code explanation.xlsx
[2025-04-27T13:29:30.153+0000] {processor.py:842} WARNING - No viable dags retrieved from /opt/airflow/dags/Code explanation.xlsx
[2025-04-27T13:29:30.172+0000] {processor.py:183} INFO - Processing /opt/airflow/dags/Code explanation.xlsx took 0.035 seconds
[2025-04-27T13:30:00.646+0000] {processor.py:161} INFO - Started process (PID=3182) to work on /opt/airflow/dags/Code explanation.xlsx
[2025-04-27T13:30:00.648+0000] {processor.py:830} INFO - Processing file /opt/airflow/dags/Code explanation.xlsx for tasks to queue
[2025-04-27T13:30:00.650+0000] {logging_mixin.py:188} INFO - [2025-04-27T13:30:00.649+0000] {dagbag.py:538} INFO - Filling up the DagBag from /opt/airflow/dags/Code explanation.xlsx
[2025-04-27T13:30:00.674+0000] {processor.py:842} WARNING - No viable dags retrieved from /opt/airflow/dags/Code explanation.xlsx
[2025-04-27T13:30:00.703+0000] {processor.py:183} INFO - Processing /opt/airflow/dags/Code explanation.xlsx took 0.063 seconds
[2025-04-27T13:30:31.355+0000] {processor.py:161} INFO - Started process (PID=3225) to work on /opt/airflow/dags/Code explanation.xlsx
[2025-04-27T13:30:31.357+0000] {processor.py:830} INFO - Processing file /opt/airflow/dags/Code explanation.xlsx for tasks to queue
[2025-04-27T13:30:31.358+0000] {logging_mixin.py:188} INFO - [2025-04-27T13:30:31.358+0000] {dagbag.py:538} INFO - Filling up the DagBag from /opt/airflow/dags/Code explanation.xlsx
[2025-04-27T13:30:31.377+0000] {processor.py:842} WARNING - No viable dags retrieved from /opt/airflow/dags/Code explanation.xlsx
[2025-04-27T13:30:31.393+0000] {processor.py:183} INFO - Processing /opt/airflow/dags/Code explanation.xlsx took 0.043 seconds
[2025-04-27T13:31:01.996+0000] {processor.py:161} INFO - Started process (PID=3268) to work on /opt/airflow/dags/Code explanation.xlsx
[2025-04-27T13:31:01.997+0000] {processor.py:830} INFO - Processing file /opt/airflow/dags/Code explanation.xlsx for tasks to queue
[2025-04-27T13:31:01.998+0000] {logging_mixin.py:188} INFO - [2025-04-27T13:31:01.998+0000] {dagbag.py:538} INFO - Filling up the DagBag from /opt/airflow/dags/Code explanation.xlsx
[2025-04-27T13:31:02.008+0000] {processor.py:842} WARNING - No viable dags retrieved from /opt/airflow/dags/Code explanation.xlsx
[2025-04-27T13:31:02.021+0000] {processor.py:183} INFO - Processing /opt/airflow/dags/Code explanation.xlsx took 0.027 seconds
[2025-04-27T13:31:32.603+0000] {processor.py:161} INFO - Started process (PID=3311) to work on /opt/airflow/dags/Code explanation.xlsx
[2025-04-27T13:31:32.604+0000] {processor.py:830} INFO - Processing file /opt/airflow/dags/Code explanation.xlsx for tasks to queue
[2025-04-27T13:31:32.605+0000] {logging_mixin.py:188} INFO - [2025-04-27T13:31:32.605+0000] {dagbag.py:538} INFO - Filling up the DagBag from /opt/airflow/dags/Code explanation.xlsx
[2025-04-27T13:31:32.620+0000] {processor.py:842} WARNING - No viable dags retrieved from /opt/airflow/dags/Code explanation.xlsx
[2025-04-27T13:31:32.634+0000] {processor.py:183} INFO - Processing /opt/airflow/dags/Code explanation.xlsx took 0.034 seconds
[2025-04-27T13:32:03.223+0000] {processor.py:161} INFO - Started process (PID=3354) to work on /opt/airflow/dags/Code explanation.xlsx
[2025-04-27T13:32:03.224+0000] {processor.py:830} INFO - Processing file /opt/airflow/dags/Code explanation.xlsx for tasks to queue
[2025-04-27T13:32:03.227+0000] {logging_mixin.py:188} INFO - [2025-04-27T13:32:03.226+0000] {dagbag.py:538} INFO - Filling up the DagBag from /opt/airflow/dags/Code explanation.xlsx
[2025-04-27T13:32:03.249+0000] {processor.py:842} WARNING - No viable dags retrieved from /opt/airflow/dags/Code explanation.xlsx
[2025-04-27T13:32:03.280+0000] {processor.py:183} INFO - Processing /opt/airflow/dags/Code explanation.xlsx took 0.062 seconds
[2025-04-27T13:32:33.711+0000] {processor.py:161} INFO - Started process (PID=3397) to work on /opt/airflow/dags/Code explanation.xlsx
[2025-04-27T13:32:33.712+0000] {processor.py:830} INFO - Processing file /opt/airflow/dags/Code explanation.xlsx for tasks to queue
[2025-04-27T13:32:33.713+0000] {logging_mixin.py:188} INFO - [2025-04-27T13:32:33.713+0000] {dagbag.py:538} INFO - Filling up the DagBag from /opt/airflow/dags/Code explanation.xlsx
[2025-04-27T13:32:33.728+0000] {processor.py:842} WARNING - No viable dags retrieved from /opt/airflow/dags/Code explanation.xlsx
[2025-04-27T13:32:33.746+0000] {processor.py:183} INFO - Processing /opt/airflow/dags/Code explanation.xlsx took 0.037 seconds
[2025-04-27T13:33:04.321+0000] {processor.py:161} INFO - Started process (PID=3440) to work on /opt/airflow/dags/Code explanation.xlsx
[2025-04-27T13:33:04.322+0000] {processor.py:830} INFO - Processing file /opt/airflow/dags/Code explanation.xlsx for tasks to queue
[2025-04-27T13:33:04.324+0000] {logging_mixin.py:188} INFO - [2025-04-27T13:33:04.323+0000] {dagbag.py:538} INFO - Filling up the DagBag from /opt/airflow/dags/Code explanation.xlsx
[2025-04-27T13:33:04.336+0000] {processor.py:842} WARNING - No viable dags retrieved from /opt/airflow/dags/Code explanation.xlsx
[2025-04-27T13:33:04.347+0000] {processor.py:183} INFO - Processing /opt/airflow/dags/Code explanation.xlsx took 0.029 seconds
[2025-04-27T13:33:34.897+0000] {processor.py:161} INFO - Started process (PID=3483) to work on /opt/airflow/dags/Code explanation.xlsx
[2025-04-27T13:33:34.898+0000] {processor.py:830} INFO - Processing file /opt/airflow/dags/Code explanation.xlsx for tasks to queue
[2025-04-27T13:33:34.899+0000] {logging_mixin.py:188} INFO - [2025-04-27T13:33:34.898+0000] {dagbag.py:538} INFO - Filling up the DagBag from /opt/airflow/dags/Code explanation.xlsx
[2025-04-27T13:33:34.911+0000] {processor.py:842} WARNING - No viable dags retrieved from /opt/airflow/dags/Code explanation.xlsx
[2025-04-27T13:33:34.925+0000] {processor.py:183} INFO - Processing /opt/airflow/dags/Code explanation.xlsx took 0.031 seconds
[2025-04-27T13:34:05.296+0000] {processor.py:161} INFO - Started process (PID=3526) to work on /opt/airflow/dags/Code explanation.xlsx
[2025-04-27T13:34:05.297+0000] {processor.py:830} INFO - Processing file /opt/airflow/dags/Code explanation.xlsx for tasks to queue
[2025-04-27T13:34:05.298+0000] {logging_mixin.py:188} INFO - [2025-04-27T13:34:05.298+0000] {dagbag.py:538} INFO - Filling up the DagBag from /opt/airflow/dags/Code explanation.xlsx
[2025-04-27T13:34:05.315+0000] {processor.py:842} WARNING - No viable dags retrieved from /opt/airflow/dags/Code explanation.xlsx
[2025-04-27T13:34:05.327+0000] {processor.py:183} INFO - Processing /opt/airflow/dags/Code explanation.xlsx took 0.034 seconds
[2025-04-27T13:34:35.862+0000] {processor.py:161} INFO - Started process (PID=3569) to work on /opt/airflow/dags/Code explanation.xlsx
[2025-04-27T13:34:35.863+0000] {processor.py:830} INFO - Processing file /opt/airflow/dags/Code explanation.xlsx for tasks to queue
[2025-04-27T13:34:35.864+0000] {logging_mixin.py:188} INFO - [2025-04-27T13:34:35.864+0000] {dagbag.py:538} INFO - Filling up the DagBag from /opt/airflow/dags/Code explanation.xlsx
[2025-04-27T13:34:35.874+0000] {processor.py:842} WARNING - No viable dags retrieved from /opt/airflow/dags/Code explanation.xlsx
[2025-04-27T13:34:35.887+0000] {processor.py:183} INFO - Processing /opt/airflow/dags/Code explanation.xlsx took 0.027 seconds
[2025-04-27T13:35:06.642+0000] {processor.py:161} INFO - Started process (PID=3612) to work on /opt/airflow/dags/Code explanation.xlsx
[2025-04-27T13:35:06.643+0000] {processor.py:830} INFO - Processing file /opt/airflow/dags/Code explanation.xlsx for tasks to queue
[2025-04-27T13:35:06.644+0000] {logging_mixin.py:188} INFO - [2025-04-27T13:35:06.644+0000] {dagbag.py:538} INFO - Filling up the DagBag from /opt/airflow/dags/Code explanation.xlsx
[2025-04-27T13:35:06.660+0000] {processor.py:842} WARNING - No viable dags retrieved from /opt/airflow/dags/Code explanation.xlsx
[2025-04-27T13:35:06.675+0000] {processor.py:183} INFO - Processing /opt/airflow/dags/Code explanation.xlsx took 0.036 seconds
[2025-04-27T13:35:37.454+0000] {processor.py:161} INFO - Started process (PID=3655) to work on /opt/airflow/dags/Code explanation.xlsx
[2025-04-27T13:35:37.455+0000] {processor.py:830} INFO - Processing file /opt/airflow/dags/Code explanation.xlsx for tasks to queue
[2025-04-27T13:35:37.456+0000] {logging_mixin.py:188} INFO - [2025-04-27T13:35:37.456+0000] {dagbag.py:538} INFO - Filling up the DagBag from /opt/airflow/dags/Code explanation.xlsx
[2025-04-27T13:35:37.470+0000] {processor.py:842} WARNING - No viable dags retrieved from /opt/airflow/dags/Code explanation.xlsx
[2025-04-27T13:35:37.486+0000] {processor.py:183} INFO - Processing /opt/airflow/dags/Code explanation.xlsx took 0.034 seconds
[2025-04-27T13:42:14.108+0000] {processor.py:161} INFO - Started process (PID=3705) to work on /opt/airflow/dags/Code explanation.xlsx
[2025-04-27T13:42:14.110+0000] {processor.py:830} INFO - Processing file /opt/airflow/dags/Code explanation.xlsx for tasks to queue
[2025-04-27T13:42:14.113+0000] {logging_mixin.py:188} INFO - [2025-04-27T13:42:14.112+0000] {dagbag.py:538} INFO - Filling up the DagBag from /opt/airflow/dags/Code explanation.xlsx
[2025-04-27T13:42:14.137+0000] {processor.py:842} WARNING - No viable dags retrieved from /opt/airflow/dags/Code explanation.xlsx
[2025-04-27T13:42:14.182+0000] {processor.py:183} INFO - Processing /opt/airflow/dags/Code explanation.xlsx took 0.084 seconds
[2025-04-27T13:42:44.750+0000] {processor.py:161} INFO - Started process (PID=3744) to work on /opt/airflow/dags/Code explanation.xlsx
[2025-04-27T13:42:44.751+0000] {processor.py:830} INFO - Processing file /opt/airflow/dags/Code explanation.xlsx for tasks to queue
[2025-04-27T13:42:44.752+0000] {logging_mixin.py:188} INFO - [2025-04-27T13:42:44.752+0000] {dagbag.py:538} INFO - Filling up the DagBag from /opt/airflow/dags/Code explanation.xlsx
[2025-04-27T13:42:44.763+0000] {processor.py:842} WARNING - No viable dags retrieved from /opt/airflow/dags/Code explanation.xlsx
[2025-04-27T13:42:44.775+0000] {processor.py:183} INFO - Processing /opt/airflow/dags/Code explanation.xlsx took 0.028 seconds
[2025-04-27T13:43:15.010+0000] {processor.py:161} INFO - Started process (PID=3785) to work on /opt/airflow/dags/Code explanation.xlsx
[2025-04-27T13:43:15.011+0000] {processor.py:830} INFO - Processing file /opt/airflow/dags/Code explanation.xlsx for tasks to queue
[2025-04-27T13:43:15.012+0000] {logging_mixin.py:188} INFO - [2025-04-27T13:43:15.012+0000] {dagbag.py:538} INFO - Filling up the DagBag from /opt/airflow/dags/Code explanation.xlsx
[2025-04-27T13:43:15.025+0000] {processor.py:842} WARNING - No viable dags retrieved from /opt/airflow/dags/Code explanation.xlsx
[2025-04-27T13:43:15.039+0000] {processor.py:183} INFO - Processing /opt/airflow/dags/Code explanation.xlsx took 0.032 seconds
[2025-04-27T13:43:45.751+0000] {processor.py:161} INFO - Started process (PID=3830) to work on /opt/airflow/dags/Code explanation.xlsx
[2025-04-27T13:43:45.752+0000] {processor.py:830} INFO - Processing file /opt/airflow/dags/Code explanation.xlsx for tasks to queue
[2025-04-27T13:43:45.753+0000] {logging_mixin.py:188} INFO - [2025-04-27T13:43:45.753+0000] {dagbag.py:538} INFO - Filling up the DagBag from /opt/airflow/dags/Code explanation.xlsx
[2025-04-27T13:43:45.764+0000] {processor.py:842} WARNING - No viable dags retrieved from /opt/airflow/dags/Code explanation.xlsx
[2025-04-27T13:43:45.775+0000] {processor.py:183} INFO - Processing /opt/airflow/dags/Code explanation.xlsx took 0.027 seconds
[2025-04-27T13:44:16.222+0000] {processor.py:161} INFO - Started process (PID=3871) to work on /opt/airflow/dags/Code explanation.xlsx
[2025-04-27T13:44:16.223+0000] {processor.py:830} INFO - Processing file /opt/airflow/dags/Code explanation.xlsx for tasks to queue
[2025-04-27T13:44:16.224+0000] {logging_mixin.py:188} INFO - [2025-04-27T13:44:16.224+0000] {dagbag.py:538} INFO - Filling up the DagBag from /opt/airflow/dags/Code explanation.xlsx
[2025-04-27T13:44:16.236+0000] {processor.py:842} WARNING - No viable dags retrieved from /opt/airflow/dags/Code explanation.xlsx
[2025-04-27T13:44:16.249+0000] {processor.py:183} INFO - Processing /opt/airflow/dags/Code explanation.xlsx took 0.030 seconds
[2025-04-27T13:44:46.789+0000] {processor.py:161} INFO - Started process (PID=3914) to work on /opt/airflow/dags/Code explanation.xlsx
[2025-04-27T13:44:46.792+0000] {processor.py:830} INFO - Processing file /opt/airflow/dags/Code explanation.xlsx for tasks to queue
[2025-04-27T13:44:46.793+0000] {logging_mixin.py:188} INFO - [2025-04-27T13:44:46.793+0000] {dagbag.py:538} INFO - Filling up the DagBag from /opt/airflow/dags/Code explanation.xlsx
[2025-04-27T13:44:46.812+0000] {processor.py:842} WARNING - No viable dags retrieved from /opt/airflow/dags/Code explanation.xlsx
[2025-04-27T13:44:46.831+0000] {processor.py:183} INFO - Processing /opt/airflow/dags/Code explanation.xlsx took 0.048 seconds
[2025-04-27T13:45:17.351+0000] {processor.py:161} INFO - Started process (PID=3957) to work on /opt/airflow/dags/Code explanation.xlsx
[2025-04-27T13:45:17.353+0000] {processor.py:830} INFO - Processing file /opt/airflow/dags/Code explanation.xlsx for tasks to queue
[2025-04-27T13:45:17.354+0000] {logging_mixin.py:188} INFO - [2025-04-27T13:45:17.354+0000] {dagbag.py:538} INFO - Filling up the DagBag from /opt/airflow/dags/Code explanation.xlsx
[2025-04-27T13:45:17.369+0000] {processor.py:842} WARNING - No viable dags retrieved from /opt/airflow/dags/Code explanation.xlsx
[2025-04-27T13:45:17.386+0000] {processor.py:183} INFO - Processing /opt/airflow/dags/Code explanation.xlsx took 0.039 seconds
[2025-04-27T13:45:48.052+0000] {processor.py:161} INFO - Started process (PID=4002) to work on /opt/airflow/dags/Code explanation.xlsx
[2025-04-27T13:45:48.052+0000] {processor.py:830} INFO - Processing file /opt/airflow/dags/Code explanation.xlsx for tasks to queue
[2025-04-27T13:45:48.053+0000] {logging_mixin.py:188} INFO - [2025-04-27T13:45:48.053+0000] {dagbag.py:538} INFO - Filling up the DagBag from /opt/airflow/dags/Code explanation.xlsx
[2025-04-27T13:45:48.063+0000] {processor.py:842} WARNING - No viable dags retrieved from /opt/airflow/dags/Code explanation.xlsx
[2025-04-27T13:45:48.075+0000] {processor.py:183} INFO - Processing /opt/airflow/dags/Code explanation.xlsx took 0.026 seconds
[2025-04-27T13:46:18.482+0000] {processor.py:161} INFO - Started process (PID=4043) to work on /opt/airflow/dags/Code explanation.xlsx
[2025-04-27T13:46:18.484+0000] {processor.py:830} INFO - Processing file /opt/airflow/dags/Code explanation.xlsx for tasks to queue
[2025-04-27T13:46:18.484+0000] {logging_mixin.py:188} INFO - [2025-04-27T13:46:18.484+0000] {dagbag.py:538} INFO - Filling up the DagBag from /opt/airflow/dags/Code explanation.xlsx
[2025-04-27T13:46:18.494+0000] {processor.py:842} WARNING - No viable dags retrieved from /opt/airflow/dags/Code explanation.xlsx
[2025-04-27T13:46:18.506+0000] {processor.py:183} INFO - Processing /opt/airflow/dags/Code explanation.xlsx took 0.026 seconds
[2025-04-27T13:46:49.135+0000] {processor.py:161} INFO - Started process (PID=4088) to work on /opt/airflow/dags/Code explanation.xlsx
[2025-04-27T13:46:49.136+0000] {processor.py:830} INFO - Processing file /opt/airflow/dags/Code explanation.xlsx for tasks to queue
[2025-04-27T13:46:49.137+0000] {logging_mixin.py:188} INFO - [2025-04-27T13:46:49.136+0000] {dagbag.py:538} INFO - Filling up the DagBag from /opt/airflow/dags/Code explanation.xlsx
[2025-04-27T13:46:49.149+0000] {processor.py:842} WARNING - No viable dags retrieved from /opt/airflow/dags/Code explanation.xlsx
[2025-04-27T13:46:49.162+0000] {processor.py:183} INFO - Processing /opt/airflow/dags/Code explanation.xlsx took 0.030 seconds
[2025-04-27T13:47:19.481+0000] {processor.py:161} INFO - Started process (PID=4129) to work on /opt/airflow/dags/Code explanation.xlsx
[2025-04-27T13:47:19.482+0000] {processor.py:830} INFO - Processing file /opt/airflow/dags/Code explanation.xlsx for tasks to queue
[2025-04-27T13:47:19.483+0000] {logging_mixin.py:188} INFO - [2025-04-27T13:47:19.483+0000] {dagbag.py:538} INFO - Filling up the DagBag from /opt/airflow/dags/Code explanation.xlsx
[2025-04-27T13:47:19.503+0000] {processor.py:842} WARNING - No viable dags retrieved from /opt/airflow/dags/Code explanation.xlsx
[2025-04-27T13:47:19.523+0000] {processor.py:183} INFO - Processing /opt/airflow/dags/Code explanation.xlsx took 0.045 seconds
[2025-04-27T13:51:09.604+0000] {processor.py:161} INFO - Started process (PID=4178) to work on /opt/airflow/dags/Code explanation.xlsx
[2025-04-27T13:51:09.607+0000] {processor.py:830} INFO - Processing file /opt/airflow/dags/Code explanation.xlsx for tasks to queue
[2025-04-27T13:51:09.618+0000] {logging_mixin.py:188} INFO - [2025-04-27T13:51:09.611+0000] {dagbag.py:538} INFO - Filling up the DagBag from /opt/airflow/dags/Code explanation.xlsx
[2025-04-27T13:51:09.644+0000] {processor.py:842} WARNING - No viable dags retrieved from /opt/airflow/dags/Code explanation.xlsx
[2025-04-27T13:51:09.677+0000] {processor.py:183} INFO - Processing /opt/airflow/dags/Code explanation.xlsx took 0.081 seconds
[2025-04-27T13:51:40.588+0000] {processor.py:161} INFO - Started process (PID=4221) to work on /opt/airflow/dags/Code explanation.xlsx
[2025-04-27T13:51:40.589+0000] {processor.py:830} INFO - Processing file /opt/airflow/dags/Code explanation.xlsx for tasks to queue
[2025-04-27T13:51:40.591+0000] {logging_mixin.py:188} INFO - [2025-04-27T13:51:40.590+0000] {dagbag.py:538} INFO - Filling up the DagBag from /opt/airflow/dags/Code explanation.xlsx
[2025-04-27T13:51:40.610+0000] {processor.py:842} WARNING - No viable dags retrieved from /opt/airflow/dags/Code explanation.xlsx
[2025-04-27T13:51:40.625+0000] {processor.py:183} INFO - Processing /opt/airflow/dags/Code explanation.xlsx took 0.042 seconds
[2025-04-27T13:52:11.834+0000] {processor.py:161} INFO - Started process (PID=4266) to work on /opt/airflow/dags/Code explanation.xlsx
[2025-04-27T13:52:11.835+0000] {processor.py:830} INFO - Processing file /opt/airflow/dags/Code explanation.xlsx for tasks to queue
[2025-04-27T13:52:11.837+0000] {logging_mixin.py:188} INFO - [2025-04-27T13:52:11.836+0000] {dagbag.py:538} INFO - Filling up the DagBag from /opt/airflow/dags/Code explanation.xlsx
[2025-04-27T13:52:11.850+0000] {processor.py:842} WARNING - No viable dags retrieved from /opt/airflow/dags/Code explanation.xlsx
[2025-04-27T13:52:11.863+0000] {processor.py:183} INFO - Processing /opt/airflow/dags/Code explanation.xlsx took 0.036 seconds
[2025-04-27T13:52:42.212+0000] {processor.py:161} INFO - Started process (PID=4307) to work on /opt/airflow/dags/Code explanation.xlsx
[2025-04-27T13:52:42.213+0000] {processor.py:830} INFO - Processing file /opt/airflow/dags/Code explanation.xlsx for tasks to queue
[2025-04-27T13:52:42.215+0000] {logging_mixin.py:188} INFO - [2025-04-27T13:52:42.214+0000] {dagbag.py:538} INFO - Filling up the DagBag from /opt/airflow/dags/Code explanation.xlsx
[2025-04-27T13:52:42.227+0000] {processor.py:842} WARNING - No viable dags retrieved from /opt/airflow/dags/Code explanation.xlsx
[2025-04-27T13:52:42.245+0000] {processor.py:183} INFO - Processing /opt/airflow/dags/Code explanation.xlsx took 0.036 seconds
[2025-04-27T13:53:12.756+0000] {processor.py:161} INFO - Started process (PID=4350) to work on /opt/airflow/dags/Code explanation.xlsx
[2025-04-27T13:53:12.758+0000] {processor.py:830} INFO - Processing file /opt/airflow/dags/Code explanation.xlsx for tasks to queue
[2025-04-27T13:53:12.760+0000] {logging_mixin.py:188} INFO - [2025-04-27T13:53:12.759+0000] {dagbag.py:538} INFO - Filling up the DagBag from /opt/airflow/dags/Code explanation.xlsx
[2025-04-27T13:53:12.779+0000] {processor.py:842} WARNING - No viable dags retrieved from /opt/airflow/dags/Code explanation.xlsx
[2025-04-27T13:53:12.807+0000] {processor.py:183} INFO - Processing /opt/airflow/dags/Code explanation.xlsx took 0.053 seconds
[2025-04-27T13:53:43.050+0000] {processor.py:161} INFO - Started process (PID=4387) to work on /opt/airflow/dags/Code explanation.xlsx
[2025-04-27T13:53:43.051+0000] {processor.py:830} INFO - Processing file /opt/airflow/dags/Code explanation.xlsx for tasks to queue
[2025-04-27T13:53:43.052+0000] {logging_mixin.py:188} INFO - [2025-04-27T13:53:43.051+0000] {dagbag.py:538} INFO - Filling up the DagBag from /opt/airflow/dags/Code explanation.xlsx
[2025-04-27T13:53:43.061+0000] {processor.py:842} WARNING - No viable dags retrieved from /opt/airflow/dags/Code explanation.xlsx
[2025-04-27T13:53:43.074+0000] {processor.py:183} INFO - Processing /opt/airflow/dags/Code explanation.xlsx took 0.026 seconds
[2025-04-27T13:54:13.969+0000] {processor.py:161} INFO - Started process (PID=4436) to work on /opt/airflow/dags/Code explanation.xlsx
[2025-04-27T13:54:13.971+0000] {processor.py:830} INFO - Processing file /opt/airflow/dags/Code explanation.xlsx for tasks to queue
[2025-04-27T13:54:13.972+0000] {logging_mixin.py:188} INFO - [2025-04-27T13:54:13.971+0000] {dagbag.py:538} INFO - Filling up the DagBag from /opt/airflow/dags/Code explanation.xlsx
[2025-04-27T13:54:13.985+0000] {processor.py:842} WARNING - No viable dags retrieved from /opt/airflow/dags/Code explanation.xlsx
[2025-04-27T13:54:14.002+0000] {processor.py:183} INFO - Processing /opt/airflow/dags/Code explanation.xlsx took 0.036 seconds
[2025-04-27T13:54:44.392+0000] {processor.py:161} INFO - Started process (PID=4479) to work on /opt/airflow/dags/Code explanation.xlsx
[2025-04-27T13:54:44.393+0000] {processor.py:830} INFO - Processing file /opt/airflow/dags/Code explanation.xlsx for tasks to queue
[2025-04-27T13:54:44.394+0000] {logging_mixin.py:188} INFO - [2025-04-27T13:54:44.394+0000] {dagbag.py:538} INFO - Filling up the DagBag from /opt/airflow/dags/Code explanation.xlsx
[2025-04-27T13:54:44.405+0000] {processor.py:842} WARNING - No viable dags retrieved from /opt/airflow/dags/Code explanation.xlsx
[2025-04-27T13:54:44.419+0000] {processor.py:183} INFO - Processing /opt/airflow/dags/Code explanation.xlsx took 0.030 seconds
[2025-04-27T13:55:14.624+0000] {processor.py:161} INFO - Started process (PID=4516) to work on /opt/airflow/dags/Code explanation.xlsx
[2025-04-27T13:55:14.626+0000] {processor.py:830} INFO - Processing file /opt/airflow/dags/Code explanation.xlsx for tasks to queue
[2025-04-27T13:55:14.627+0000] {logging_mixin.py:188} INFO - [2025-04-27T13:55:14.626+0000] {dagbag.py:538} INFO - Filling up the DagBag from /opt/airflow/dags/Code explanation.xlsx
[2025-04-27T13:55:14.637+0000] {processor.py:842} WARNING - No viable dags retrieved from /opt/airflow/dags/Code explanation.xlsx
[2025-04-27T13:55:14.651+0000] {processor.py:183} INFO - Processing /opt/airflow/dags/Code explanation.xlsx took 0.029 seconds
[2025-04-27T13:55:44.941+0000] {processor.py:161} INFO - Started process (PID=4559) to work on /opt/airflow/dags/Code explanation.xlsx
[2025-04-27T13:55:44.942+0000] {processor.py:830} INFO - Processing file /opt/airflow/dags/Code explanation.xlsx for tasks to queue
[2025-04-27T13:55:44.943+0000] {logging_mixin.py:188} INFO - [2025-04-27T13:55:44.943+0000] {dagbag.py:538} INFO - Filling up the DagBag from /opt/airflow/dags/Code explanation.xlsx
[2025-04-27T13:55:44.953+0000] {processor.py:842} WARNING - No viable dags retrieved from /opt/airflow/dags/Code explanation.xlsx
[2025-04-27T13:55:44.965+0000] {processor.py:183} INFO - Processing /opt/airflow/dags/Code explanation.xlsx took 0.026 seconds
[2025-04-27T13:56:15.621+0000] {processor.py:161} INFO - Started process (PID=4608) to work on /opt/airflow/dags/Code explanation.xlsx
[2025-04-27T13:56:15.622+0000] {processor.py:830} INFO - Processing file /opt/airflow/dags/Code explanation.xlsx for tasks to queue
[2025-04-27T13:56:15.623+0000] {logging_mixin.py:188} INFO - [2025-04-27T13:56:15.623+0000] {dagbag.py:538} INFO - Filling up the DagBag from /opt/airflow/dags/Code explanation.xlsx
[2025-04-27T13:56:15.635+0000] {processor.py:842} WARNING - No viable dags retrieved from /opt/airflow/dags/Code explanation.xlsx
[2025-04-27T13:56:15.649+0000] {processor.py:183} INFO - Processing /opt/airflow/dags/Code explanation.xlsx took 0.030 seconds
[2025-04-27T13:56:46.080+0000] {processor.py:161} INFO - Started process (PID=4651) to work on /opt/airflow/dags/Code explanation.xlsx
[2025-04-27T13:56:46.081+0000] {processor.py:830} INFO - Processing file /opt/airflow/dags/Code explanation.xlsx for tasks to queue
[2025-04-27T13:56:46.082+0000] {logging_mixin.py:188} INFO - [2025-04-27T13:56:46.081+0000] {dagbag.py:538} INFO - Filling up the DagBag from /opt/airflow/dags/Code explanation.xlsx
[2025-04-27T13:56:46.094+0000] {processor.py:842} WARNING - No viable dags retrieved from /opt/airflow/dags/Code explanation.xlsx
[2025-04-27T13:56:46.108+0000] {processor.py:183} INFO - Processing /opt/airflow/dags/Code explanation.xlsx took 0.031 seconds
[2025-04-27T13:57:16.496+0000] {processor.py:161} INFO - Started process (PID=4694) to work on /opt/airflow/dags/Code explanation.xlsx
[2025-04-27T13:57:16.497+0000] {processor.py:830} INFO - Processing file /opt/airflow/dags/Code explanation.xlsx for tasks to queue
[2025-04-27T13:57:16.498+0000] {logging_mixin.py:188} INFO - [2025-04-27T13:57:16.498+0000] {dagbag.py:538} INFO - Filling up the DagBag from /opt/airflow/dags/Code explanation.xlsx
[2025-04-27T13:57:16.514+0000] {processor.py:842} WARNING - No viable dags retrieved from /opt/airflow/dags/Code explanation.xlsx
[2025-04-27T13:57:16.533+0000] {processor.py:183} INFO - Processing /opt/airflow/dags/Code explanation.xlsx took 0.040 seconds
[2025-04-27T13:57:46.742+0000] {processor.py:161} INFO - Started process (PID=4731) to work on /opt/airflow/dags/Code explanation.xlsx
[2025-04-27T13:57:46.743+0000] {processor.py:830} INFO - Processing file /opt/airflow/dags/Code explanation.xlsx for tasks to queue
[2025-04-27T13:57:46.744+0000] {logging_mixin.py:188} INFO - [2025-04-27T13:57:46.743+0000] {dagbag.py:538} INFO - Filling up the DagBag from /opt/airflow/dags/Code explanation.xlsx
[2025-04-27T13:57:46.754+0000] {processor.py:842} WARNING - No viable dags retrieved from /opt/airflow/dags/Code explanation.xlsx
[2025-04-27T13:57:46.768+0000] {processor.py:183} INFO - Processing /opt/airflow/dags/Code explanation.xlsx took 0.029 seconds
[2025-04-27T13:58:17.194+0000] {processor.py:161} INFO - Started process (PID=4774) to work on /opt/airflow/dags/Code explanation.xlsx
[2025-04-27T13:58:17.195+0000] {processor.py:830} INFO - Processing file /opt/airflow/dags/Code explanation.xlsx for tasks to queue
[2025-04-27T13:58:17.196+0000] {logging_mixin.py:188} INFO - [2025-04-27T13:58:17.196+0000] {dagbag.py:538} INFO - Filling up the DagBag from /opt/airflow/dags/Code explanation.xlsx
[2025-04-27T13:58:17.211+0000] {processor.py:842} WARNING - No viable dags retrieved from /opt/airflow/dags/Code explanation.xlsx
[2025-04-27T13:58:17.224+0000] {processor.py:183} INFO - Processing /opt/airflow/dags/Code explanation.xlsx took 0.032 seconds
[2025-04-27T13:58:48.155+0000] {processor.py:161} INFO - Started process (PID=4823) to work on /opt/airflow/dags/Code explanation.xlsx
[2025-04-27T13:58:48.158+0000] {processor.py:830} INFO - Processing file /opt/airflow/dags/Code explanation.xlsx for tasks to queue
[2025-04-27T13:58:48.161+0000] {logging_mixin.py:188} INFO - [2025-04-27T13:58:48.160+0000] {dagbag.py:538} INFO - Filling up the DagBag from /opt/airflow/dags/Code explanation.xlsx
[2025-04-27T13:58:48.179+0000] {processor.py:842} WARNING - No viable dags retrieved from /opt/airflow/dags/Code explanation.xlsx
[2025-04-27T13:58:48.202+0000] {processor.py:183} INFO - Processing /opt/airflow/dags/Code explanation.xlsx took 0.056 seconds
[2025-04-27T13:59:18.827+0000] {processor.py:161} INFO - Started process (PID=4866) to work on /opt/airflow/dags/Code explanation.xlsx
[2025-04-27T13:59:18.828+0000] {processor.py:830} INFO - Processing file /opt/airflow/dags/Code explanation.xlsx for tasks to queue
[2025-04-27T13:59:18.830+0000] {logging_mixin.py:188} INFO - [2025-04-27T13:59:18.829+0000] {dagbag.py:538} INFO - Filling up the DagBag from /opt/airflow/dags/Code explanation.xlsx
[2025-04-27T13:59:18.847+0000] {processor.py:842} WARNING - No viable dags retrieved from /opt/airflow/dags/Code explanation.xlsx
[2025-04-27T13:59:18.876+0000] {processor.py:183} INFO - Processing /opt/airflow/dags/Code explanation.xlsx took 0.055 seconds
[2025-04-27T13:59:49.560+0000] {processor.py:161} INFO - Started process (PID=4909) to work on /opt/airflow/dags/Code explanation.xlsx
[2025-04-27T13:59:49.561+0000] {processor.py:830} INFO - Processing file /opt/airflow/dags/Code explanation.xlsx for tasks to queue
[2025-04-27T13:59:49.563+0000] {logging_mixin.py:188} INFO - [2025-04-27T13:59:49.563+0000] {dagbag.py:538} INFO - Filling up the DagBag from /opt/airflow/dags/Code explanation.xlsx
[2025-04-27T13:59:49.579+0000] {processor.py:842} WARNING - No viable dags retrieved from /opt/airflow/dags/Code explanation.xlsx
[2025-04-27T13:59:49.602+0000] {processor.py:183} INFO - Processing /opt/airflow/dags/Code explanation.xlsx took 0.046 seconds
[2025-04-27T14:00:20.010+0000] {processor.py:161} INFO - Started process (PID=4952) to work on /opt/airflow/dags/Code explanation.xlsx
[2025-04-27T14:00:20.012+0000] {processor.py:830} INFO - Processing file /opt/airflow/dags/Code explanation.xlsx for tasks to queue
[2025-04-27T14:00:20.013+0000] {logging_mixin.py:188} INFO - [2025-04-27T14:00:20.013+0000] {dagbag.py:538} INFO - Filling up the DagBag from /opt/airflow/dags/Code explanation.xlsx
[2025-04-27T14:00:20.027+0000] {processor.py:842} WARNING - No viable dags retrieved from /opt/airflow/dags/Code explanation.xlsx
[2025-04-27T14:00:20.043+0000] {processor.py:183} INFO - Processing /opt/airflow/dags/Code explanation.xlsx took 0.036 seconds
[2025-04-27T14:00:50.620+0000] {processor.py:161} INFO - Started process (PID=4995) to work on /opt/airflow/dags/Code explanation.xlsx
[2025-04-27T14:00:50.622+0000] {processor.py:830} INFO - Processing file /opt/airflow/dags/Code explanation.xlsx for tasks to queue
[2025-04-27T14:00:50.623+0000] {logging_mixin.py:188} INFO - [2025-04-27T14:00:50.623+0000] {dagbag.py:538} INFO - Filling up the DagBag from /opt/airflow/dags/Code explanation.xlsx
[2025-04-27T14:00:50.643+0000] {processor.py:842} WARNING - No viable dags retrieved from /opt/airflow/dags/Code explanation.xlsx
[2025-04-27T14:00:50.660+0000] {processor.py:183} INFO - Processing /opt/airflow/dags/Code explanation.xlsx took 0.043 seconds
[2025-04-27T14:01:20.854+0000] {processor.py:161} INFO - Started process (PID=5032) to work on /opt/airflow/dags/Code explanation.xlsx
[2025-04-27T14:01:20.856+0000] {processor.py:830} INFO - Processing file /opt/airflow/dags/Code explanation.xlsx for tasks to queue
[2025-04-27T14:01:20.857+0000] {logging_mixin.py:188} INFO - [2025-04-27T14:01:20.857+0000] {dagbag.py:538} INFO - Filling up the DagBag from /opt/airflow/dags/Code explanation.xlsx
[2025-04-27T14:01:20.870+0000] {processor.py:842} WARNING - No viable dags retrieved from /opt/airflow/dags/Code explanation.xlsx
[2025-04-27T14:01:20.885+0000] {processor.py:183} INFO - Processing /opt/airflow/dags/Code explanation.xlsx took 0.035 seconds
[2025-04-27T14:01:51.118+0000] {processor.py:161} INFO - Started process (PID=5075) to work on /opt/airflow/dags/Code explanation.xlsx
[2025-04-27T14:01:51.120+0000] {processor.py:830} INFO - Processing file /opt/airflow/dags/Code explanation.xlsx for tasks to queue
[2025-04-27T14:01:51.121+0000] {logging_mixin.py:188} INFO - [2025-04-27T14:01:51.121+0000] {dagbag.py:538} INFO - Filling up the DagBag from /opt/airflow/dags/Code explanation.xlsx
[2025-04-27T14:01:51.135+0000] {processor.py:842} WARNING - No viable dags retrieved from /opt/airflow/dags/Code explanation.xlsx
[2025-04-27T14:01:51.151+0000] {processor.py:183} INFO - Processing /opt/airflow/dags/Code explanation.xlsx took 0.035 seconds
[2025-04-27T14:02:22.257+0000] {processor.py:161} INFO - Started process (PID=5124) to work on /opt/airflow/dags/Code explanation.xlsx
[2025-04-27T14:02:22.259+0000] {processor.py:830} INFO - Processing file /opt/airflow/dags/Code explanation.xlsx for tasks to queue
[2025-04-27T14:02:22.260+0000] {logging_mixin.py:188} INFO - [2025-04-27T14:02:22.260+0000] {dagbag.py:538} INFO - Filling up the DagBag from /opt/airflow/dags/Code explanation.xlsx
[2025-04-27T14:02:22.277+0000] {processor.py:842} WARNING - No viable dags retrieved from /opt/airflow/dags/Code explanation.xlsx
[2025-04-27T14:02:22.295+0000] {processor.py:183} INFO - Processing /opt/airflow/dags/Code explanation.xlsx took 0.040 seconds
[2025-04-27T14:02:52.593+0000] {processor.py:161} INFO - Started process (PID=5166) to work on /opt/airflow/dags/Code explanation.xlsx
[2025-04-27T14:02:52.594+0000] {processor.py:830} INFO - Processing file /opt/airflow/dags/Code explanation.xlsx for tasks to queue
[2025-04-27T14:02:52.595+0000] {logging_mixin.py:188} INFO - [2025-04-27T14:02:52.595+0000] {dagbag.py:538} INFO - Filling up the DagBag from /opt/airflow/dags/Code explanation.xlsx
[2025-04-27T14:02:52.608+0000] {processor.py:842} WARNING - No viable dags retrieved from /opt/airflow/dags/Code explanation.xlsx
[2025-04-27T14:02:52.624+0000] {processor.py:183} INFO - Processing /opt/airflow/dags/Code explanation.xlsx took 0.033 seconds
[2025-04-27T14:03:22.761+0000] {processor.py:161} INFO - Started process (PID=5204) to work on /opt/airflow/dags/Code explanation.xlsx
[2025-04-27T14:03:22.761+0000] {processor.py:830} INFO - Processing file /opt/airflow/dags/Code explanation.xlsx for tasks to queue
[2025-04-27T14:03:22.762+0000] {logging_mixin.py:188} INFO - [2025-04-27T14:03:22.762+0000] {dagbag.py:538} INFO - Filling up the DagBag from /opt/airflow/dags/Code explanation.xlsx
[2025-04-27T14:03:22.776+0000] {processor.py:842} WARNING - No viable dags retrieved from /opt/airflow/dags/Code explanation.xlsx
[2025-04-27T14:03:22.789+0000] {processor.py:183} INFO - Processing /opt/airflow/dags/Code explanation.xlsx took 0.031 seconds
[2025-04-27T14:03:53.613+0000] {processor.py:161} INFO - Started process (PID=5253) to work on /opt/airflow/dags/Code explanation.xlsx
[2025-04-27T14:03:53.614+0000] {processor.py:830} INFO - Processing file /opt/airflow/dags/Code explanation.xlsx for tasks to queue
[2025-04-27T14:03:53.616+0000] {logging_mixin.py:188} INFO - [2025-04-27T14:03:53.615+0000] {dagbag.py:538} INFO - Filling up the DagBag from /opt/airflow/dags/Code explanation.xlsx
[2025-04-27T14:03:53.631+0000] {processor.py:842} WARNING - No viable dags retrieved from /opt/airflow/dags/Code explanation.xlsx
[2025-04-27T14:03:53.647+0000] {processor.py:183} INFO - Processing /opt/airflow/dags/Code explanation.xlsx took 0.037 seconds
[2025-04-27T14:04:24.200+0000] {processor.py:161} INFO - Started process (PID=5296) to work on /opt/airflow/dags/Code explanation.xlsx
[2025-04-27T14:04:24.202+0000] {processor.py:830} INFO - Processing file /opt/airflow/dags/Code explanation.xlsx for tasks to queue
[2025-04-27T14:04:24.203+0000] {logging_mixin.py:188} INFO - [2025-04-27T14:04:24.203+0000] {dagbag.py:538} INFO - Filling up the DagBag from /opt/airflow/dags/Code explanation.xlsx
[2025-04-27T14:04:24.221+0000] {processor.py:842} WARNING - No viable dags retrieved from /opt/airflow/dags/Code explanation.xlsx
[2025-04-27T14:04:24.238+0000] {processor.py:183} INFO - Processing /opt/airflow/dags/Code explanation.xlsx took 0.041 seconds
[2025-04-27T14:04:54.400+0000] {processor.py:161} INFO - Started process (PID=5338) to work on /opt/airflow/dags/Code explanation.xlsx
[2025-04-27T14:04:54.401+0000] {processor.py:830} INFO - Processing file /opt/airflow/dags/Code explanation.xlsx for tasks to queue
[2025-04-27T14:04:54.402+0000] {logging_mixin.py:188} INFO - [2025-04-27T14:04:54.402+0000] {dagbag.py:538} INFO - Filling up the DagBag from /opt/airflow/dags/Code explanation.xlsx
[2025-04-27T14:04:54.413+0000] {processor.py:842} WARNING - No viable dags retrieved from /opt/airflow/dags/Code explanation.xlsx
[2025-04-27T14:04:54.425+0000] {processor.py:183} INFO - Processing /opt/airflow/dags/Code explanation.xlsx took 0.028 seconds
[2025-04-27T14:05:25.057+0000] {processor.py:161} INFO - Started process (PID=5382) to work on /opt/airflow/dags/Code explanation.xlsx
[2025-04-27T14:05:25.059+0000] {processor.py:830} INFO - Processing file /opt/airflow/dags/Code explanation.xlsx for tasks to queue
[2025-04-27T14:05:25.060+0000] {logging_mixin.py:188} INFO - [2025-04-27T14:05:25.060+0000] {dagbag.py:538} INFO - Filling up the DagBag from /opt/airflow/dags/Code explanation.xlsx
[2025-04-27T14:05:25.074+0000] {processor.py:842} WARNING - No viable dags retrieved from /opt/airflow/dags/Code explanation.xlsx
[2025-04-27T14:05:25.091+0000] {processor.py:183} INFO - Processing /opt/airflow/dags/Code explanation.xlsx took 0.037 seconds
[2025-04-27T14:05:55.239+0000] {processor.py:161} INFO - Started process (PID=5419) to work on /opt/airflow/dags/Code explanation.xlsx
[2025-04-27T14:05:55.241+0000] {processor.py:830} INFO - Processing file /opt/airflow/dags/Code explanation.xlsx for tasks to queue
[2025-04-27T14:05:55.243+0000] {logging_mixin.py:188} INFO - [2025-04-27T14:05:55.242+0000] {dagbag.py:538} INFO - Filling up the DagBag from /opt/airflow/dags/Code explanation.xlsx
[2025-04-27T14:05:55.257+0000] {processor.py:842} WARNING - No viable dags retrieved from /opt/airflow/dags/Code explanation.xlsx
[2025-04-27T14:05:55.273+0000] {processor.py:183} INFO - Processing /opt/airflow/dags/Code explanation.xlsx took 0.037 seconds
[2025-04-27T14:06:25.747+0000] {processor.py:161} INFO - Started process (PID=5462) to work on /opt/airflow/dags/Code explanation.xlsx
[2025-04-27T14:06:25.748+0000] {processor.py:830} INFO - Processing file /opt/airflow/dags/Code explanation.xlsx for tasks to queue
[2025-04-27T14:06:25.752+0000] {logging_mixin.py:188} INFO - [2025-04-27T14:06:25.751+0000] {dagbag.py:538} INFO - Filling up the DagBag from /opt/airflow/dags/Code explanation.xlsx
[2025-04-27T14:06:25.771+0000] {processor.py:842} WARNING - No viable dags retrieved from /opt/airflow/dags/Code explanation.xlsx
[2025-04-27T14:06:25.793+0000] {processor.py:183} INFO - Processing /opt/airflow/dags/Code explanation.xlsx took 0.051 seconds
[2025-04-27T14:06:56.540+0000] {processor.py:161} INFO - Started process (PID=5511) to work on /opt/airflow/dags/Code explanation.xlsx
[2025-04-27T14:06:56.541+0000] {processor.py:830} INFO - Processing file /opt/airflow/dags/Code explanation.xlsx for tasks to queue
[2025-04-27T14:06:56.542+0000] {logging_mixin.py:188} INFO - [2025-04-27T14:06:56.542+0000] {dagbag.py:538} INFO - Filling up the DagBag from /opt/airflow/dags/Code explanation.xlsx
[2025-04-27T14:06:56.555+0000] {processor.py:842} WARNING - No viable dags retrieved from /opt/airflow/dags/Code explanation.xlsx
[2025-04-27T14:06:56.572+0000] {processor.py:183} INFO - Processing /opt/airflow/dags/Code explanation.xlsx took 0.035 seconds
[2025-04-27T14:07:27.737+0000] {processor.py:161} INFO - Started process (PID=5554) to work on /opt/airflow/dags/Code explanation.xlsx
[2025-04-27T14:07:27.739+0000] {processor.py:830} INFO - Processing file /opt/airflow/dags/Code explanation.xlsx for tasks to queue
[2025-04-27T14:07:27.741+0000] {logging_mixin.py:188} INFO - [2025-04-27T14:07:27.741+0000] {dagbag.py:538} INFO - Filling up the DagBag from /opt/airflow/dags/Code explanation.xlsx
[2025-04-27T14:07:27.762+0000] {processor.py:842} WARNING - No viable dags retrieved from /opt/airflow/dags/Code explanation.xlsx
[2025-04-27T14:07:27.786+0000] {processor.py:183} INFO - Processing /opt/airflow/dags/Code explanation.xlsx took 0.053 seconds
[2025-04-27T14:07:57.872+0000] {processor.py:161} INFO - Started process (PID=5591) to work on /opt/airflow/dags/Code explanation.xlsx
[2025-04-27T14:07:57.873+0000] {processor.py:830} INFO - Processing file /opt/airflow/dags/Code explanation.xlsx for tasks to queue
[2025-04-27T14:07:57.874+0000] {logging_mixin.py:188} INFO - [2025-04-27T14:07:57.874+0000] {dagbag.py:538} INFO - Filling up the DagBag from /opt/airflow/dags/Code explanation.xlsx
[2025-04-27T14:07:57.884+0000] {processor.py:842} WARNING - No viable dags retrieved from /opt/airflow/dags/Code explanation.xlsx
[2025-04-27T14:07:57.896+0000] {processor.py:183} INFO - Processing /opt/airflow/dags/Code explanation.xlsx took 0.027 seconds
[2025-04-27T14:08:28.992+0000] {processor.py:161} INFO - Started process (PID=5640) to work on /opt/airflow/dags/Code explanation.xlsx
[2025-04-27T14:08:28.993+0000] {processor.py:830} INFO - Processing file /opt/airflow/dags/Code explanation.xlsx for tasks to queue
[2025-04-27T14:08:28.994+0000] {logging_mixin.py:188} INFO - [2025-04-27T14:08:28.994+0000] {dagbag.py:538} INFO - Filling up the DagBag from /opt/airflow/dags/Code explanation.xlsx
[2025-04-27T14:08:29.007+0000] {processor.py:842} WARNING - No viable dags retrieved from /opt/airflow/dags/Code explanation.xlsx
[2025-04-27T14:08:29.023+0000] {processor.py:183} INFO - Processing /opt/airflow/dags/Code explanation.xlsx took 0.035 seconds
[2025-04-27T14:08:59.173+0000] {processor.py:161} INFO - Started process (PID=5677) to work on /opt/airflow/dags/Code explanation.xlsx
[2025-04-27T14:08:59.174+0000] {processor.py:830} INFO - Processing file /opt/airflow/dags/Code explanation.xlsx for tasks to queue
[2025-04-27T14:08:59.175+0000] {logging_mixin.py:188} INFO - [2025-04-27T14:08:59.175+0000] {dagbag.py:538} INFO - Filling up the DagBag from /opt/airflow/dags/Code explanation.xlsx
[2025-04-27T14:08:59.186+0000] {processor.py:842} WARNING - No viable dags retrieved from /opt/airflow/dags/Code explanation.xlsx
[2025-04-27T14:08:59.200+0000] {processor.py:183} INFO - Processing /opt/airflow/dags/Code explanation.xlsx took 0.030 seconds
[2025-04-27T14:09:29.668+0000] {processor.py:161} INFO - Started process (PID=5720) to work on /opt/airflow/dags/Code explanation.xlsx
[2025-04-27T14:09:29.670+0000] {processor.py:830} INFO - Processing file /opt/airflow/dags/Code explanation.xlsx for tasks to queue
[2025-04-27T14:09:29.672+0000] {logging_mixin.py:188} INFO - [2025-04-27T14:09:29.671+0000] {dagbag.py:538} INFO - Filling up the DagBag from /opt/airflow/dags/Code explanation.xlsx
[2025-04-27T14:09:29.693+0000] {processor.py:842} WARNING - No viable dags retrieved from /opt/airflow/dags/Code explanation.xlsx
[2025-04-27T14:09:29.711+0000] {processor.py:183} INFO - Processing /opt/airflow/dags/Code explanation.xlsx took 0.049 seconds
[2025-04-27T14:10:00.541+0000] {processor.py:161} INFO - Started process (PID=5769) to work on /opt/airflow/dags/Code explanation.xlsx
[2025-04-27T14:10:00.542+0000] {processor.py:830} INFO - Processing file /opt/airflow/dags/Code explanation.xlsx for tasks to queue
[2025-04-27T14:10:00.543+0000] {logging_mixin.py:188} INFO - [2025-04-27T14:10:00.543+0000] {dagbag.py:538} INFO - Filling up the DagBag from /opt/airflow/dags/Code explanation.xlsx
[2025-04-27T14:10:00.555+0000] {processor.py:842} WARNING - No viable dags retrieved from /opt/airflow/dags/Code explanation.xlsx
[2025-04-27T14:10:00.569+0000] {processor.py:183} INFO - Processing /opt/airflow/dags/Code explanation.xlsx took 0.031 seconds
[2025-04-27T14:10:30.768+0000] {processor.py:161} INFO - Started process (PID=5806) to work on /opt/airflow/dags/Code explanation.xlsx
[2025-04-27T14:10:30.770+0000] {processor.py:830} INFO - Processing file /opt/airflow/dags/Code explanation.xlsx for tasks to queue
[2025-04-27T14:10:30.771+0000] {logging_mixin.py:188} INFO - [2025-04-27T14:10:30.771+0000] {dagbag.py:538} INFO - Filling up the DagBag from /opt/airflow/dags/Code explanation.xlsx
[2025-04-27T14:10:30.787+0000] {processor.py:842} WARNING - No viable dags retrieved from /opt/airflow/dags/Code explanation.xlsx
[2025-04-27T14:10:30.802+0000] {processor.py:183} INFO - Processing /opt/airflow/dags/Code explanation.xlsx took 0.039 seconds
[2025-04-27T14:11:01.452+0000] {processor.py:161} INFO - Started process (PID=5849) to work on /opt/airflow/dags/Code explanation.xlsx
[2025-04-27T14:11:01.453+0000] {processor.py:830} INFO - Processing file /opt/airflow/dags/Code explanation.xlsx for tasks to queue
[2025-04-27T14:11:01.454+0000] {logging_mixin.py:188} INFO - [2025-04-27T14:11:01.454+0000] {dagbag.py:538} INFO - Filling up the DagBag from /opt/airflow/dags/Code explanation.xlsx
[2025-04-27T14:11:01.467+0000] {processor.py:842} WARNING - No viable dags retrieved from /opt/airflow/dags/Code explanation.xlsx
[2025-04-27T14:11:01.484+0000] {processor.py:183} INFO - Processing /opt/airflow/dags/Code explanation.xlsx took 0.036 seconds
[2025-04-27T14:11:32.404+0000] {processor.py:161} INFO - Started process (PID=5898) to work on /opt/airflow/dags/Code explanation.xlsx
[2025-04-27T14:11:32.405+0000] {processor.py:830} INFO - Processing file /opt/airflow/dags/Code explanation.xlsx for tasks to queue
[2025-04-27T14:11:32.406+0000] {logging_mixin.py:188} INFO - [2025-04-27T14:11:32.406+0000] {dagbag.py:538} INFO - Filling up the DagBag from /opt/airflow/dags/Code explanation.xlsx
[2025-04-27T14:11:32.418+0000] {processor.py:842} WARNING - No viable dags retrieved from /opt/airflow/dags/Code explanation.xlsx
[2025-04-27T14:11:32.431+0000] {processor.py:183} INFO - Processing /opt/airflow/dags/Code explanation.xlsx took 0.030 seconds
[2025-04-27T14:12:02.636+0000] {processor.py:161} INFO - Started process (PID=5935) to work on /opt/airflow/dags/Code explanation.xlsx
[2025-04-27T14:12:02.637+0000] {processor.py:830} INFO - Processing file /opt/airflow/dags/Code explanation.xlsx for tasks to queue
[2025-04-27T14:12:02.639+0000] {logging_mixin.py:188} INFO - [2025-04-27T14:12:02.638+0000] {dagbag.py:538} INFO - Filling up the DagBag from /opt/airflow/dags/Code explanation.xlsx
[2025-04-27T14:12:02.658+0000] {processor.py:842} WARNING - No viable dags retrieved from /opt/airflow/dags/Code explanation.xlsx
[2025-04-27T14:12:02.680+0000] {processor.py:183} INFO - Processing /opt/airflow/dags/Code explanation.xlsx took 0.048 seconds
[2025-04-27T14:12:33.582+0000] {processor.py:161} INFO - Started process (PID=5984) to work on /opt/airflow/dags/Code explanation.xlsx
[2025-04-27T14:12:33.583+0000] {processor.py:830} INFO - Processing file /opt/airflow/dags/Code explanation.xlsx for tasks to queue
[2025-04-27T14:12:33.584+0000] {logging_mixin.py:188} INFO - [2025-04-27T14:12:33.584+0000] {dagbag.py:538} INFO - Filling up the DagBag from /opt/airflow/dags/Code explanation.xlsx
[2025-04-27T14:12:33.599+0000] {processor.py:842} WARNING - No viable dags retrieved from /opt/airflow/dags/Code explanation.xlsx
[2025-04-27T14:12:33.614+0000] {processor.py:183} INFO - Processing /opt/airflow/dags/Code explanation.xlsx took 0.036 seconds
[2025-04-27T14:13:04.135+0000] {processor.py:161} INFO - Started process (PID=6027) to work on /opt/airflow/dags/Code explanation.xlsx
[2025-04-27T14:13:04.136+0000] {processor.py:830} INFO - Processing file /opt/airflow/dags/Code explanation.xlsx for tasks to queue
[2025-04-27T14:13:04.137+0000] {logging_mixin.py:188} INFO - [2025-04-27T14:13:04.137+0000] {dagbag.py:538} INFO - Filling up the DagBag from /opt/airflow/dags/Code explanation.xlsx
[2025-04-27T14:13:04.151+0000] {processor.py:842} WARNING - No viable dags retrieved from /opt/airflow/dags/Code explanation.xlsx
[2025-04-27T14:13:04.168+0000] {processor.py:183} INFO - Processing /opt/airflow/dags/Code explanation.xlsx took 0.037 seconds
[2025-04-27T14:13:34.325+0000] {processor.py:161} INFO - Started process (PID=6064) to work on /opt/airflow/dags/Code explanation.xlsx
[2025-04-27T14:13:34.327+0000] {processor.py:830} INFO - Processing file /opt/airflow/dags/Code explanation.xlsx for tasks to queue
[2025-04-27T14:13:34.328+0000] {logging_mixin.py:188} INFO - [2025-04-27T14:13:34.327+0000] {dagbag.py:538} INFO - Filling up the DagBag from /opt/airflow/dags/Code explanation.xlsx
[2025-04-27T14:13:34.337+0000] {processor.py:842} WARNING - No viable dags retrieved from /opt/airflow/dags/Code explanation.xlsx
[2025-04-27T14:13:34.351+0000] {processor.py:183} INFO - Processing /opt/airflow/dags/Code explanation.xlsx took 0.028 seconds
[2025-04-27T14:14:04.818+0000] {processor.py:161} INFO - Started process (PID=6107) to work on /opt/airflow/dags/Code explanation.xlsx
[2025-04-27T14:14:04.819+0000] {processor.py:830} INFO - Processing file /opt/airflow/dags/Code explanation.xlsx for tasks to queue
[2025-04-27T14:14:04.819+0000] {logging_mixin.py:188} INFO - [2025-04-27T14:14:04.819+0000] {dagbag.py:538} INFO - Filling up the DagBag from /opt/airflow/dags/Code explanation.xlsx
[2025-04-27T14:14:04.831+0000] {processor.py:842} WARNING - No viable dags retrieved from /opt/airflow/dags/Code explanation.xlsx
[2025-04-27T14:14:04.846+0000] {processor.py:183} INFO - Processing /opt/airflow/dags/Code explanation.xlsx took 0.031 seconds
[2025-04-27T14:14:35.307+0000] {processor.py:161} INFO - Started process (PID=6150) to work on /opt/airflow/dags/Code explanation.xlsx
[2025-04-27T14:14:35.308+0000] {processor.py:830} INFO - Processing file /opt/airflow/dags/Code explanation.xlsx for tasks to queue
[2025-04-27T14:14:35.309+0000] {logging_mixin.py:188} INFO - [2025-04-27T14:14:35.308+0000] {dagbag.py:538} INFO - Filling up the DagBag from /opt/airflow/dags/Code explanation.xlsx
[2025-04-27T14:14:35.320+0000] {processor.py:842} WARNING - No viable dags retrieved from /opt/airflow/dags/Code explanation.xlsx
[2025-04-27T14:14:35.333+0000] {processor.py:183} INFO - Processing /opt/airflow/dags/Code explanation.xlsx took 0.030 seconds
[2025-04-27T14:15:05.515+0000] {processor.py:161} INFO - Started process (PID=6193) to work on /opt/airflow/dags/Code explanation.xlsx
[2025-04-27T14:15:05.516+0000] {processor.py:830} INFO - Processing file /opt/airflow/dags/Code explanation.xlsx for tasks to queue
[2025-04-27T14:15:05.517+0000] {logging_mixin.py:188} INFO - [2025-04-27T14:15:05.517+0000] {dagbag.py:538} INFO - Filling up the DagBag from /opt/airflow/dags/Code explanation.xlsx
[2025-04-27T14:15:05.527+0000] {processor.py:842} WARNING - No viable dags retrieved from /opt/airflow/dags/Code explanation.xlsx
[2025-04-27T14:15:05.539+0000] {processor.py:183} INFO - Processing /opt/airflow/dags/Code explanation.xlsx took 0.026 seconds
[2025-04-27T14:15:35.878+0000] {processor.py:161} INFO - Started process (PID=6236) to work on /opt/airflow/dags/Code explanation.xlsx
[2025-04-27T14:15:35.879+0000] {processor.py:830} INFO - Processing file /opt/airflow/dags/Code explanation.xlsx for tasks to queue
[2025-04-27T14:15:35.880+0000] {logging_mixin.py:188} INFO - [2025-04-27T14:15:35.880+0000] {dagbag.py:538} INFO - Filling up the DagBag from /opt/airflow/dags/Code explanation.xlsx
[2025-04-27T14:15:35.890+0000] {processor.py:842} WARNING - No viable dags retrieved from /opt/airflow/dags/Code explanation.xlsx
[2025-04-27T14:15:35.903+0000] {processor.py:183} INFO - Processing /opt/airflow/dags/Code explanation.xlsx took 0.027 seconds
[2025-04-27T14:16:06.483+0000] {processor.py:161} INFO - Started process (PID=6279) to work on /opt/airflow/dags/Code explanation.xlsx
[2025-04-27T14:16:06.484+0000] {processor.py:830} INFO - Processing file /opt/airflow/dags/Code explanation.xlsx for tasks to queue
[2025-04-27T14:16:06.485+0000] {logging_mixin.py:188} INFO - [2025-04-27T14:16:06.484+0000] {dagbag.py:538} INFO - Filling up the DagBag from /opt/airflow/dags/Code explanation.xlsx
[2025-04-27T14:16:06.501+0000] {processor.py:842} WARNING - No viable dags retrieved from /opt/airflow/dags/Code explanation.xlsx
[2025-04-27T14:16:06.515+0000] {processor.py:183} INFO - Processing /opt/airflow/dags/Code explanation.xlsx took 0.036 seconds
[2025-04-27T14:16:36.843+0000] {processor.py:161} INFO - Started process (PID=6322) to work on /opt/airflow/dags/Code explanation.xlsx
[2025-04-27T14:16:36.845+0000] {processor.py:830} INFO - Processing file /opt/airflow/dags/Code explanation.xlsx for tasks to queue
[2025-04-27T14:16:36.846+0000] {logging_mixin.py:188} INFO - [2025-04-27T14:16:36.846+0000] {dagbag.py:538} INFO - Filling up the DagBag from /opt/airflow/dags/Code explanation.xlsx
[2025-04-27T14:16:36.862+0000] {processor.py:842} WARNING - No viable dags retrieved from /opt/airflow/dags/Code explanation.xlsx
[2025-04-27T14:16:36.876+0000] {processor.py:183} INFO - Processing /opt/airflow/dags/Code explanation.xlsx took 0.037 seconds
[2025-04-27T14:17:06.986+0000] {processor.py:161} INFO - Started process (PID=6362) to work on /opt/airflow/dags/Code explanation.xlsx
[2025-04-27T14:17:06.987+0000] {processor.py:830} INFO - Processing file /opt/airflow/dags/Code explanation.xlsx for tasks to queue
[2025-04-27T14:17:06.988+0000] {logging_mixin.py:188} INFO - [2025-04-27T14:17:06.988+0000] {dagbag.py:538} INFO - Filling up the DagBag from /opt/airflow/dags/Code explanation.xlsx
[2025-04-27T14:17:06.999+0000] {processor.py:842} WARNING - No viable dags retrieved from /opt/airflow/dags/Code explanation.xlsx
[2025-04-27T14:17:07.010+0000] {processor.py:183} INFO - Processing /opt/airflow/dags/Code explanation.xlsx took 0.026 seconds
[2025-04-27T14:17:37.767+0000] {processor.py:161} INFO - Started process (PID=6408) to work on /opt/airflow/dags/Code explanation.xlsx
[2025-04-27T14:17:37.768+0000] {processor.py:830} INFO - Processing file /opt/airflow/dags/Code explanation.xlsx for tasks to queue
[2025-04-27T14:17:37.769+0000] {logging_mixin.py:188} INFO - [2025-04-27T14:17:37.768+0000] {dagbag.py:538} INFO - Filling up the DagBag from /opt/airflow/dags/Code explanation.xlsx
[2025-04-27T14:17:37.779+0000] {processor.py:842} WARNING - No viable dags retrieved from /opt/airflow/dags/Code explanation.xlsx
[2025-04-27T14:17:37.792+0000] {processor.py:183} INFO - Processing /opt/airflow/dags/Code explanation.xlsx took 0.028 seconds
[2025-04-27T14:18:08.183+0000] {processor.py:161} INFO - Started process (PID=6451) to work on /opt/airflow/dags/Code explanation.xlsx
[2025-04-27T14:18:08.183+0000] {processor.py:830} INFO - Processing file /opt/airflow/dags/Code explanation.xlsx for tasks to queue
[2025-04-27T14:18:08.184+0000] {logging_mixin.py:188} INFO - [2025-04-27T14:18:08.184+0000] {dagbag.py:538} INFO - Filling up the DagBag from /opt/airflow/dags/Code explanation.xlsx
[2025-04-27T14:18:08.195+0000] {processor.py:842} WARNING - No viable dags retrieved from /opt/airflow/dags/Code explanation.xlsx
[2025-04-27T14:18:08.207+0000] {processor.py:183} INFO - Processing /opt/airflow/dags/Code explanation.xlsx took 0.027 seconds
[2025-04-27T14:18:38.339+0000] {processor.py:161} INFO - Started process (PID=6491) to work on /opt/airflow/dags/Code explanation.xlsx
[2025-04-27T14:18:38.340+0000] {processor.py:830} INFO - Processing file /opt/airflow/dags/Code explanation.xlsx for tasks to queue
[2025-04-27T14:18:38.341+0000] {logging_mixin.py:188} INFO - [2025-04-27T14:18:38.341+0000] {dagbag.py:538} INFO - Filling up the DagBag from /opt/airflow/dags/Code explanation.xlsx
[2025-04-27T14:18:38.350+0000] {processor.py:842} WARNING - No viable dags retrieved from /opt/airflow/dags/Code explanation.xlsx
[2025-04-27T14:18:38.360+0000] {processor.py:183} INFO - Processing /opt/airflow/dags/Code explanation.xlsx took 0.023 seconds
[2025-04-27T14:19:09.116+0000] {processor.py:161} INFO - Started process (PID=6537) to work on /opt/airflow/dags/Code explanation.xlsx
[2025-04-27T14:19:09.118+0000] {processor.py:830} INFO - Processing file /opt/airflow/dags/Code explanation.xlsx for tasks to queue
[2025-04-27T14:19:09.119+0000] {logging_mixin.py:188} INFO - [2025-04-27T14:19:09.119+0000] {dagbag.py:538} INFO - Filling up the DagBag from /opt/airflow/dags/Code explanation.xlsx
[2025-04-27T14:19:09.138+0000] {processor.py:842} WARNING - No viable dags retrieved from /opt/airflow/dags/Code explanation.xlsx
[2025-04-27T14:19:09.171+0000] {processor.py:183} INFO - Processing /opt/airflow/dags/Code explanation.xlsx took 0.059 seconds
[2025-04-27T14:19:39.573+0000] {processor.py:161} INFO - Started process (PID=6580) to work on /opt/airflow/dags/Code explanation.xlsx
[2025-04-27T14:19:39.575+0000] {processor.py:830} INFO - Processing file /opt/airflow/dags/Code explanation.xlsx for tasks to queue
[2025-04-27T14:19:39.578+0000] {logging_mixin.py:188} INFO - [2025-04-27T14:19:39.576+0000] {dagbag.py:538} INFO - Filling up the DagBag from /opt/airflow/dags/Code explanation.xlsx
[2025-04-27T14:19:39.600+0000] {processor.py:842} WARNING - No viable dags retrieved from /opt/airflow/dags/Code explanation.xlsx
[2025-04-27T14:19:39.619+0000] {processor.py:183} INFO - Processing /opt/airflow/dags/Code explanation.xlsx took 0.052 seconds
[2025-04-27T14:20:09.922+0000] {processor.py:161} INFO - Started process (PID=6618) to work on /opt/airflow/dags/Code explanation.xlsx
[2025-04-27T14:20:09.923+0000] {processor.py:830} INFO - Processing file /opt/airflow/dags/Code explanation.xlsx for tasks to queue
[2025-04-27T14:20:09.924+0000] {logging_mixin.py:188} INFO - [2025-04-27T14:20:09.924+0000] {dagbag.py:538} INFO - Filling up the DagBag from /opt/airflow/dags/Code explanation.xlsx
[2025-04-27T14:20:09.938+0000] {processor.py:842} WARNING - No viable dags retrieved from /opt/airflow/dags/Code explanation.xlsx
[2025-04-27T14:20:09.953+0000] {processor.py:183} INFO - Processing /opt/airflow/dags/Code explanation.xlsx took 0.035 seconds
[2025-04-27T14:20:40.303+0000] {processor.py:161} INFO - Started process (PID=6663) to work on /opt/airflow/dags/Code explanation.xlsx
[2025-04-27T14:20:40.304+0000] {processor.py:830} INFO - Processing file /opt/airflow/dags/Code explanation.xlsx for tasks to queue
[2025-04-27T14:20:40.305+0000] {logging_mixin.py:188} INFO - [2025-04-27T14:20:40.305+0000] {dagbag.py:538} INFO - Filling up the DagBag from /opt/airflow/dags/Code explanation.xlsx
[2025-04-27T14:20:40.314+0000] {processor.py:842} WARNING - No viable dags retrieved from /opt/airflow/dags/Code explanation.xlsx
[2025-04-27T14:20:40.326+0000] {processor.py:183} INFO - Processing /opt/airflow/dags/Code explanation.xlsx took 0.026 seconds
[2025-04-27T14:21:10.792+0000] {processor.py:161} INFO - Started process (PID=6704) to work on /opt/airflow/dags/Code explanation.xlsx
[2025-04-27T14:21:10.794+0000] {processor.py:830} INFO - Processing file /opt/airflow/dags/Code explanation.xlsx for tasks to queue
[2025-04-27T14:21:10.796+0000] {logging_mixin.py:188} INFO - [2025-04-27T14:21:10.795+0000] {dagbag.py:538} INFO - Filling up the DagBag from /opt/airflow/dags/Code explanation.xlsx
[2025-04-27T14:21:10.812+0000] {processor.py:842} WARNING - No viable dags retrieved from /opt/airflow/dags/Code explanation.xlsx
[2025-04-27T14:21:10.832+0000] {processor.py:183} INFO - Processing /opt/airflow/dags/Code explanation.xlsx took 0.044 seconds
[2025-04-27T14:21:41.809+0000] {processor.py:161} INFO - Started process (PID=6754) to work on /opt/airflow/dags/Code explanation.xlsx
[2025-04-27T14:21:41.810+0000] {processor.py:830} INFO - Processing file /opt/airflow/dags/Code explanation.xlsx for tasks to queue
[2025-04-27T14:21:41.812+0000] {logging_mixin.py:188} INFO - [2025-04-27T14:21:41.811+0000] {dagbag.py:538} INFO - Filling up the DagBag from /opt/airflow/dags/Code explanation.xlsx
[2025-04-27T14:21:41.825+0000] {processor.py:842} WARNING - No viable dags retrieved from /opt/airflow/dags/Code explanation.xlsx
[2025-04-27T14:21:41.838+0000] {processor.py:183} INFO - Processing /opt/airflow/dags/Code explanation.xlsx took 0.032 seconds
[2025-04-27T14:22:12.319+0000] {processor.py:161} INFO - Started process (PID=6795) to work on /opt/airflow/dags/Code explanation.xlsx
[2025-04-27T14:22:12.321+0000] {processor.py:830} INFO - Processing file /opt/airflow/dags/Code explanation.xlsx for tasks to queue
[2025-04-27T14:22:12.323+0000] {logging_mixin.py:188} INFO - [2025-04-27T14:22:12.322+0000] {dagbag.py:538} INFO - Filling up the DagBag from /opt/airflow/dags/Code explanation.xlsx
[2025-04-27T14:22:12.346+0000] {processor.py:842} WARNING - No viable dags retrieved from /opt/airflow/dags/Code explanation.xlsx
[2025-04-27T14:22:12.369+0000] {processor.py:183} INFO - Processing /opt/airflow/dags/Code explanation.xlsx took 0.054 seconds
[2025-04-27T14:22:43.405+0000] {processor.py:161} INFO - Started process (PID=6840) to work on /opt/airflow/dags/Code explanation.xlsx
[2025-04-27T14:22:43.406+0000] {processor.py:830} INFO - Processing file /opt/airflow/dags/Code explanation.xlsx for tasks to queue
[2025-04-27T14:22:43.408+0000] {logging_mixin.py:188} INFO - [2025-04-27T14:22:43.408+0000] {dagbag.py:538} INFO - Filling up the DagBag from /opt/airflow/dags/Code explanation.xlsx
[2025-04-27T14:22:43.426+0000] {processor.py:842} WARNING - No viable dags retrieved from /opt/airflow/dags/Code explanation.xlsx
[2025-04-27T14:22:43.454+0000] {processor.py:183} INFO - Processing /opt/airflow/dags/Code explanation.xlsx took 0.053 seconds
[2025-04-27T14:23:13.748+0000] {processor.py:161} INFO - Started process (PID=6881) to work on /opt/airflow/dags/Code explanation.xlsx
[2025-04-27T14:23:13.749+0000] {processor.py:830} INFO - Processing file /opt/airflow/dags/Code explanation.xlsx for tasks to queue
[2025-04-27T14:23:13.751+0000] {logging_mixin.py:188} INFO - [2025-04-27T14:23:13.750+0000] {dagbag.py:538} INFO - Filling up the DagBag from /opt/airflow/dags/Code explanation.xlsx
[2025-04-27T14:23:13.761+0000] {processor.py:842} WARNING - No viable dags retrieved from /opt/airflow/dags/Code explanation.xlsx
[2025-04-27T14:23:13.774+0000] {processor.py:183} INFO - Processing /opt/airflow/dags/Code explanation.xlsx took 0.029 seconds
[2025-04-27T14:23:44.356+0000] {processor.py:161} INFO - Started process (PID=6926) to work on /opt/airflow/dags/Code explanation.xlsx
[2025-04-27T14:23:44.357+0000] {processor.py:830} INFO - Processing file /opt/airflow/dags/Code explanation.xlsx for tasks to queue
[2025-04-27T14:23:44.359+0000] {logging_mixin.py:188} INFO - [2025-04-27T14:23:44.358+0000] {dagbag.py:538} INFO - Filling up the DagBag from /opt/airflow/dags/Code explanation.xlsx
[2025-04-27T14:23:44.373+0000] {processor.py:842} WARNING - No viable dags retrieved from /opt/airflow/dags/Code explanation.xlsx
[2025-04-27T14:23:44.387+0000] {processor.py:183} INFO - Processing /opt/airflow/dags/Code explanation.xlsx took 0.036 seconds
[2025-04-27T14:24:14.956+0000] {processor.py:161} INFO - Started process (PID=6967) to work on /opt/airflow/dags/Code explanation.xlsx
[2025-04-27T14:24:14.958+0000] {processor.py:830} INFO - Processing file /opt/airflow/dags/Code explanation.xlsx for tasks to queue
[2025-04-27T14:24:14.959+0000] {logging_mixin.py:188} INFO - [2025-04-27T14:24:14.959+0000] {dagbag.py:538} INFO - Filling up the DagBag from /opt/airflow/dags/Code explanation.xlsx
[2025-04-27T14:24:14.974+0000] {processor.py:842} WARNING - No viable dags retrieved from /opt/airflow/dags/Code explanation.xlsx
[2025-04-27T14:24:14.995+0000] {processor.py:183} INFO - Processing /opt/airflow/dags/Code explanation.xlsx took 0.042 seconds
[2025-04-27T14:24:45.292+0000] {processor.py:161} INFO - Started process (PID=7010) to work on /opt/airflow/dags/Code explanation.xlsx
[2025-04-27T14:24:45.294+0000] {processor.py:830} INFO - Processing file /opt/airflow/dags/Code explanation.xlsx for tasks to queue
[2025-04-27T14:24:45.297+0000] {logging_mixin.py:188} INFO - [2025-04-27T14:24:45.296+0000] {dagbag.py:538} INFO - Filling up the DagBag from /opt/airflow/dags/Code explanation.xlsx
[2025-04-27T14:24:45.317+0000] {processor.py:842} WARNING - No viable dags retrieved from /opt/airflow/dags/Code explanation.xlsx
[2025-04-27T14:24:45.342+0000] {processor.py:183} INFO - Processing /opt/airflow/dags/Code explanation.xlsx took 0.056 seconds
[2025-04-27T14:25:15.720+0000] {processor.py:161} INFO - Started process (PID=7048) to work on /opt/airflow/dags/Code explanation.xlsx
[2025-04-27T14:25:15.721+0000] {processor.py:830} INFO - Processing file /opt/airflow/dags/Code explanation.xlsx for tasks to queue
[2025-04-27T14:25:15.722+0000] {logging_mixin.py:188} INFO - [2025-04-27T14:25:15.722+0000] {dagbag.py:538} INFO - Filling up the DagBag from /opt/airflow/dags/Code explanation.xlsx
[2025-04-27T14:25:15.732+0000] {processor.py:842} WARNING - No viable dags retrieved from /opt/airflow/dags/Code explanation.xlsx
[2025-04-27T14:25:15.748+0000] {processor.py:183} INFO - Processing /opt/airflow/dags/Code explanation.xlsx took 0.031 seconds
[2025-04-27T14:25:46.811+0000] {processor.py:161} INFO - Started process (PID=7098) to work on /opt/airflow/dags/Code explanation.xlsx
[2025-04-27T14:25:46.812+0000] {processor.py:830} INFO - Processing file /opt/airflow/dags/Code explanation.xlsx for tasks to queue
[2025-04-27T14:25:46.814+0000] {logging_mixin.py:188} INFO - [2025-04-27T14:25:46.813+0000] {dagbag.py:538} INFO - Filling up the DagBag from /opt/airflow/dags/Code explanation.xlsx
[2025-04-27T14:25:46.825+0000] {processor.py:842} WARNING - No viable dags retrieved from /opt/airflow/dags/Code explanation.xlsx
[2025-04-27T14:25:46.839+0000] {processor.py:183} INFO - Processing /opt/airflow/dags/Code explanation.xlsx took 0.032 seconds
[2025-04-27T14:26:17.128+0000] {processor.py:161} INFO - Started process (PID=7139) to work on /opt/airflow/dags/Code explanation.xlsx
[2025-04-27T14:26:17.129+0000] {processor.py:830} INFO - Processing file /opt/airflow/dags/Code explanation.xlsx for tasks to queue
[2025-04-27T14:26:17.131+0000] {logging_mixin.py:188} INFO - [2025-04-27T14:26:17.130+0000] {dagbag.py:538} INFO - Filling up the DagBag from /opt/airflow/dags/Code explanation.xlsx
[2025-04-27T14:26:17.146+0000] {processor.py:842} WARNING - No viable dags retrieved from /opt/airflow/dags/Code explanation.xlsx
[2025-04-27T14:26:17.159+0000] {processor.py:183} INFO - Processing /opt/airflow/dags/Code explanation.xlsx took 0.034 seconds
[2025-04-27T14:26:47.634+0000] {processor.py:161} INFO - Started process (PID=7184) to work on /opt/airflow/dags/Code explanation.xlsx
[2025-04-27T14:26:47.635+0000] {processor.py:830} INFO - Processing file /opt/airflow/dags/Code explanation.xlsx for tasks to queue
[2025-04-27T14:26:47.636+0000] {logging_mixin.py:188} INFO - [2025-04-27T14:26:47.636+0000] {dagbag.py:538} INFO - Filling up the DagBag from /opt/airflow/dags/Code explanation.xlsx
[2025-04-27T14:26:47.647+0000] {processor.py:842} WARNING - No viable dags retrieved from /opt/airflow/dags/Code explanation.xlsx
[2025-04-27T14:26:47.659+0000] {processor.py:183} INFO - Processing /opt/airflow/dags/Code explanation.xlsx took 0.027 seconds
[2025-04-27T14:27:18.253+0000] {processor.py:161} INFO - Started process (PID=7225) to work on /opt/airflow/dags/Code explanation.xlsx
[2025-04-27T14:27:18.254+0000] {processor.py:830} INFO - Processing file /opt/airflow/dags/Code explanation.xlsx for tasks to queue
[2025-04-27T14:27:18.256+0000] {logging_mixin.py:188} INFO - [2025-04-27T14:27:18.255+0000] {dagbag.py:538} INFO - Filling up the DagBag from /opt/airflow/dags/Code explanation.xlsx
[2025-04-27T14:27:18.275+0000] {processor.py:842} WARNING - No viable dags retrieved from /opt/airflow/dags/Code explanation.xlsx
[2025-04-27T14:27:18.290+0000] {processor.py:183} INFO - Processing /opt/airflow/dags/Code explanation.xlsx took 0.040 seconds
[2025-04-27T14:27:48.726+0000] {processor.py:161} INFO - Started process (PID=7270) to work on /opt/airflow/dags/Code explanation.xlsx
[2025-04-27T14:27:48.727+0000] {processor.py:830} INFO - Processing file /opt/airflow/dags/Code explanation.xlsx for tasks to queue
[2025-04-27T14:27:48.728+0000] {logging_mixin.py:188} INFO - [2025-04-27T14:27:48.728+0000] {dagbag.py:538} INFO - Filling up the DagBag from /opt/airflow/dags/Code explanation.xlsx
[2025-04-27T14:27:48.743+0000] {processor.py:842} WARNING - No viable dags retrieved from /opt/airflow/dags/Code explanation.xlsx
[2025-04-27T14:27:48.767+0000] {processor.py:183} INFO - Processing /opt/airflow/dags/Code explanation.xlsx took 0.044 seconds
[2025-04-27T14:28:19.148+0000] {processor.py:161} INFO - Started process (PID=7311) to work on /opt/airflow/dags/Code explanation.xlsx
[2025-04-27T14:28:19.150+0000] {processor.py:830} INFO - Processing file /opt/airflow/dags/Code explanation.xlsx for tasks to queue
[2025-04-27T14:28:19.152+0000] {logging_mixin.py:188} INFO - [2025-04-27T14:28:19.151+0000] {dagbag.py:538} INFO - Filling up the DagBag from /opt/airflow/dags/Code explanation.xlsx
[2025-04-27T14:28:19.171+0000] {processor.py:842} WARNING - No viable dags retrieved from /opt/airflow/dags/Code explanation.xlsx
[2025-04-27T14:28:19.198+0000] {processor.py:183} INFO - Processing /opt/airflow/dags/Code explanation.xlsx took 0.054 seconds
[2025-04-27T14:28:49.511+0000] {processor.py:161} INFO - Started process (PID=7354) to work on /opt/airflow/dags/Code explanation.xlsx
[2025-04-27T14:28:49.513+0000] {processor.py:830} INFO - Processing file /opt/airflow/dags/Code explanation.xlsx for tasks to queue
[2025-04-27T14:28:49.515+0000] {logging_mixin.py:188} INFO - [2025-04-27T14:28:49.514+0000] {dagbag.py:538} INFO - Filling up the DagBag from /opt/airflow/dags/Code explanation.xlsx
[2025-04-27T14:28:49.534+0000] {processor.py:842} WARNING - No viable dags retrieved from /opt/airflow/dags/Code explanation.xlsx
[2025-04-27T14:28:49.561+0000] {processor.py:183} INFO - Processing /opt/airflow/dags/Code explanation.xlsx took 0.054 seconds
[2025-04-27T14:29:19.892+0000] {processor.py:161} INFO - Started process (PID=7392) to work on /opt/airflow/dags/Code explanation.xlsx
[2025-04-27T14:29:19.895+0000] {processor.py:830} INFO - Processing file /opt/airflow/dags/Code explanation.xlsx for tasks to queue
[2025-04-27T14:29:19.897+0000] {logging_mixin.py:188} INFO - [2025-04-27T14:29:19.896+0000] {dagbag.py:538} INFO - Filling up the DagBag from /opt/airflow/dags/Code explanation.xlsx
[2025-04-27T14:29:19.922+0000] {processor.py:842} WARNING - No viable dags retrieved from /opt/airflow/dags/Code explanation.xlsx
[2025-04-27T14:29:19.953+0000] {processor.py:183} INFO - Processing /opt/airflow/dags/Code explanation.xlsx took 0.066 seconds
[2025-04-27T14:29:50.058+0000] {processor.py:161} INFO - Started process (PID=7432) to work on /opt/airflow/dags/Code explanation.xlsx
[2025-04-27T14:29:50.059+0000] {processor.py:830} INFO - Processing file /opt/airflow/dags/Code explanation.xlsx for tasks to queue
[2025-04-27T14:29:50.060+0000] {logging_mixin.py:188} INFO - [2025-04-27T14:29:50.060+0000] {dagbag.py:538} INFO - Filling up the DagBag from /opt/airflow/dags/Code explanation.xlsx
[2025-04-27T14:29:50.070+0000] {processor.py:842} WARNING - No viable dags retrieved from /opt/airflow/dags/Code explanation.xlsx
[2025-04-27T14:29:50.082+0000] {processor.py:183} INFO - Processing /opt/airflow/dags/Code explanation.xlsx took 0.027 seconds
[2025-04-27T14:30:20.299+0000] {processor.py:161} INFO - Started process (PID=7473) to work on /opt/airflow/dags/Code explanation.xlsx
[2025-04-27T14:30:20.300+0000] {processor.py:830} INFO - Processing file /opt/airflow/dags/Code explanation.xlsx for tasks to queue
[2025-04-27T14:30:20.301+0000] {logging_mixin.py:188} INFO - [2025-04-27T14:30:20.301+0000] {dagbag.py:538} INFO - Filling up the DagBag from /opt/airflow/dags/Code explanation.xlsx
[2025-04-27T14:30:20.314+0000] {processor.py:842} WARNING - No viable dags retrieved from /opt/airflow/dags/Code explanation.xlsx
[2025-04-27T14:30:20.328+0000] {processor.py:183} INFO - Processing /opt/airflow/dags/Code explanation.xlsx took 0.032 seconds
[2025-04-27T14:30:50.757+0000] {processor.py:161} INFO - Started process (PID=7516) to work on /opt/airflow/dags/Code explanation.xlsx
[2025-04-27T14:30:50.758+0000] {processor.py:830} INFO - Processing file /opt/airflow/dags/Code explanation.xlsx for tasks to queue
[2025-04-27T14:30:50.759+0000] {logging_mixin.py:188} INFO - [2025-04-27T14:30:50.759+0000] {dagbag.py:538} INFO - Filling up the DagBag from /opt/airflow/dags/Code explanation.xlsx
[2025-04-27T14:30:50.771+0000] {processor.py:842} WARNING - No viable dags retrieved from /opt/airflow/dags/Code explanation.xlsx
[2025-04-27T14:30:50.783+0000] {processor.py:183} INFO - Processing /opt/airflow/dags/Code explanation.xlsx took 0.029 seconds
[2025-04-27T14:31:21.106+0000] {processor.py:161} INFO - Started process (PID=7559) to work on /opt/airflow/dags/Code explanation.xlsx
[2025-04-27T14:31:21.108+0000] {processor.py:830} INFO - Processing file /opt/airflow/dags/Code explanation.xlsx for tasks to queue
[2025-04-27T14:31:21.112+0000] {logging_mixin.py:188} INFO - [2025-04-27T14:31:21.111+0000] {dagbag.py:538} INFO - Filling up the DagBag from /opt/airflow/dags/Code explanation.xlsx
[2025-04-27T14:31:21.122+0000] {processor.py:842} WARNING - No viable dags retrieved from /opt/airflow/dags/Code explanation.xlsx
[2025-04-27T14:31:21.135+0000] {processor.py:183} INFO - Processing /opt/airflow/dags/Code explanation.xlsx took 0.031 seconds
[2025-04-27T14:31:51.487+0000] {processor.py:161} INFO - Started process (PID=7602) to work on /opt/airflow/dags/Code explanation.xlsx
[2025-04-27T14:31:51.488+0000] {processor.py:830} INFO - Processing file /opt/airflow/dags/Code explanation.xlsx for tasks to queue
[2025-04-27T14:31:51.489+0000] {logging_mixin.py:188} INFO - [2025-04-27T14:31:51.489+0000] {dagbag.py:538} INFO - Filling up the DagBag from /opt/airflow/dags/Code explanation.xlsx
[2025-04-27T14:31:51.499+0000] {processor.py:842} WARNING - No viable dags retrieved from /opt/airflow/dags/Code explanation.xlsx
[2025-04-27T14:31:51.514+0000] {processor.py:183} INFO - Processing /opt/airflow/dags/Code explanation.xlsx took 0.030 seconds
[2025-04-27T14:32:22.203+0000] {processor.py:161} INFO - Started process (PID=7645) to work on /opt/airflow/dags/Code explanation.xlsx
[2025-04-27T14:32:22.204+0000] {processor.py:830} INFO - Processing file /opt/airflow/dags/Code explanation.xlsx for tasks to queue
[2025-04-27T14:32:22.205+0000] {logging_mixin.py:188} INFO - [2025-04-27T14:32:22.204+0000] {dagbag.py:538} INFO - Filling up the DagBag from /opt/airflow/dags/Code explanation.xlsx
[2025-04-27T14:32:22.218+0000] {processor.py:842} WARNING - No viable dags retrieved from /opt/airflow/dags/Code explanation.xlsx
[2025-04-27T14:32:22.233+0000] {processor.py:183} INFO - Processing /opt/airflow/dags/Code explanation.xlsx took 0.033 seconds
[2025-04-27T14:32:52.660+0000] {processor.py:161} INFO - Started process (PID=7688) to work on /opt/airflow/dags/Code explanation.xlsx
[2025-04-27T14:32:52.663+0000] {processor.py:830} INFO - Processing file /opt/airflow/dags/Code explanation.xlsx for tasks to queue
[2025-04-27T14:32:52.668+0000] {logging_mixin.py:188} INFO - [2025-04-27T14:32:52.666+0000] {dagbag.py:538} INFO - Filling up the DagBag from /opt/airflow/dags/Code explanation.xlsx
[2025-04-27T14:32:52.696+0000] {processor.py:842} WARNING - No viable dags retrieved from /opt/airflow/dags/Code explanation.xlsx
[2025-04-27T14:32:52.724+0000] {processor.py:183} INFO - Processing /opt/airflow/dags/Code explanation.xlsx took 0.070 seconds
[2025-04-27T14:33:23.310+0000] {processor.py:161} INFO - Started process (PID=7731) to work on /opt/airflow/dags/Code explanation.xlsx
[2025-04-27T14:33:23.311+0000] {processor.py:830} INFO - Processing file /opt/airflow/dags/Code explanation.xlsx for tasks to queue
[2025-04-27T14:33:23.312+0000] {logging_mixin.py:188} INFO - [2025-04-27T14:33:23.311+0000] {dagbag.py:538} INFO - Filling up the DagBag from /opt/airflow/dags/Code explanation.xlsx
[2025-04-27T14:33:23.324+0000] {processor.py:842} WARNING - No viable dags retrieved from /opt/airflow/dags/Code explanation.xlsx
[2025-04-27T14:33:23.341+0000] {processor.py:183} INFO - Processing /opt/airflow/dags/Code explanation.xlsx took 0.033 seconds
[2025-04-27T14:33:53.849+0000] {processor.py:161} INFO - Started process (PID=7774) to work on /opt/airflow/dags/Code explanation.xlsx
[2025-04-27T14:33:53.850+0000] {processor.py:830} INFO - Processing file /opt/airflow/dags/Code explanation.xlsx for tasks to queue
[2025-04-27T14:33:53.851+0000] {logging_mixin.py:188} INFO - [2025-04-27T14:33:53.851+0000] {dagbag.py:538} INFO - Filling up the DagBag from /opt/airflow/dags/Code explanation.xlsx
[2025-04-27T14:33:53.864+0000] {processor.py:842} WARNING - No viable dags retrieved from /opt/airflow/dags/Code explanation.xlsx
[2025-04-27T14:33:53.877+0000] {processor.py:183} INFO - Processing /opt/airflow/dags/Code explanation.xlsx took 0.031 seconds
[2025-04-27T14:34:24.245+0000] {processor.py:161} INFO - Started process (PID=7817) to work on /opt/airflow/dags/Code explanation.xlsx
[2025-04-27T14:34:24.245+0000] {processor.py:830} INFO - Processing file /opt/airflow/dags/Code explanation.xlsx for tasks to queue
[2025-04-27T14:34:24.246+0000] {logging_mixin.py:188} INFO - [2025-04-27T14:34:24.246+0000] {dagbag.py:538} INFO - Filling up the DagBag from /opt/airflow/dags/Code explanation.xlsx
[2025-04-27T14:34:24.257+0000] {processor.py:842} WARNING - No viable dags retrieved from /opt/airflow/dags/Code explanation.xlsx
[2025-04-27T14:34:24.270+0000] {processor.py:183} INFO - Processing /opt/airflow/dags/Code explanation.xlsx took 0.028 seconds
[2025-04-27T14:34:54.649+0000] {processor.py:161} INFO - Started process (PID=7860) to work on /opt/airflow/dags/Code explanation.xlsx
[2025-04-27T14:34:54.652+0000] {processor.py:830} INFO - Processing file /opt/airflow/dags/Code explanation.xlsx for tasks to queue
[2025-04-27T14:34:54.664+0000] {logging_mixin.py:188} INFO - [2025-04-27T14:34:54.664+0000] {dagbag.py:538} INFO - Filling up the DagBag from /opt/airflow/dags/Code explanation.xlsx
[2025-04-27T14:34:54.692+0000] {processor.py:842} WARNING - No viable dags retrieved from /opt/airflow/dags/Code explanation.xlsx
[2025-04-27T14:34:54.710+0000] {processor.py:183} INFO - Processing /opt/airflow/dags/Code explanation.xlsx took 0.063 seconds
[2025-04-27T14:35:24.955+0000] {processor.py:161} INFO - Started process (PID=7903) to work on /opt/airflow/dags/Code explanation.xlsx
[2025-04-27T14:35:24.955+0000] {processor.py:830} INFO - Processing file /opt/airflow/dags/Code explanation.xlsx for tasks to queue
[2025-04-27T14:35:24.956+0000] {logging_mixin.py:188} INFO - [2025-04-27T14:35:24.956+0000] {dagbag.py:538} INFO - Filling up the DagBag from /opt/airflow/dags/Code explanation.xlsx
[2025-04-27T14:35:24.966+0000] {processor.py:842} WARNING - No viable dags retrieved from /opt/airflow/dags/Code explanation.xlsx
[2025-04-27T14:35:24.978+0000] {processor.py:183} INFO - Processing /opt/airflow/dags/Code explanation.xlsx took 0.027 seconds
[2025-04-27T14:35:55.242+0000] {processor.py:161} INFO - Started process (PID=7946) to work on /opt/airflow/dags/Code explanation.xlsx
[2025-04-27T14:35:55.243+0000] {processor.py:830} INFO - Processing file /opt/airflow/dags/Code explanation.xlsx for tasks to queue
[2025-04-27T14:35:55.244+0000] {logging_mixin.py:188} INFO - [2025-04-27T14:35:55.243+0000] {dagbag.py:538} INFO - Filling up the DagBag from /opt/airflow/dags/Code explanation.xlsx
[2025-04-27T14:35:55.257+0000] {processor.py:842} WARNING - No viable dags retrieved from /opt/airflow/dags/Code explanation.xlsx
[2025-04-27T14:35:55.274+0000] {processor.py:183} INFO - Processing /opt/airflow/dags/Code explanation.xlsx took 0.035 seconds
[2025-04-27T14:36:25.618+0000] {processor.py:161} INFO - Started process (PID=7989) to work on /opt/airflow/dags/Code explanation.xlsx
[2025-04-27T14:36:25.619+0000] {processor.py:830} INFO - Processing file /opt/airflow/dags/Code explanation.xlsx for tasks to queue
[2025-04-27T14:36:25.621+0000] {logging_mixin.py:188} INFO - [2025-04-27T14:36:25.620+0000] {dagbag.py:538} INFO - Filling up the DagBag from /opt/airflow/dags/Code explanation.xlsx
[2025-04-27T14:36:25.636+0000] {processor.py:842} WARNING - No viable dags retrieved from /opt/airflow/dags/Code explanation.xlsx
[2025-04-27T14:36:25.655+0000] {processor.py:183} INFO - Processing /opt/airflow/dags/Code explanation.xlsx took 0.039 seconds
[2025-04-27T14:36:56.218+0000] {processor.py:161} INFO - Started process (PID=8032) to work on /opt/airflow/dags/Code explanation.xlsx
[2025-04-27T14:36:56.220+0000] {processor.py:830} INFO - Processing file /opt/airflow/dags/Code explanation.xlsx for tasks to queue
[2025-04-27T14:36:56.221+0000] {logging_mixin.py:188} INFO - [2025-04-27T14:36:56.220+0000] {dagbag.py:538} INFO - Filling up the DagBag from /opt/airflow/dags/Code explanation.xlsx
[2025-04-27T14:36:56.230+0000] {processor.py:842} WARNING - No viable dags retrieved from /opt/airflow/dags/Code explanation.xlsx
[2025-04-27T14:36:56.245+0000] {processor.py:183} INFO - Processing /opt/airflow/dags/Code explanation.xlsx took 0.030 seconds
[2025-04-27T14:37:26.781+0000] {processor.py:161} INFO - Started process (PID=8075) to work on /opt/airflow/dags/Code explanation.xlsx
[2025-04-27T14:37:26.782+0000] {processor.py:830} INFO - Processing file /opt/airflow/dags/Code explanation.xlsx for tasks to queue
[2025-04-27T14:37:26.784+0000] {logging_mixin.py:188} INFO - [2025-04-27T14:37:26.783+0000] {dagbag.py:538} INFO - Filling up the DagBag from /opt/airflow/dags/Code explanation.xlsx
[2025-04-27T14:37:26.796+0000] {processor.py:842} WARNING - No viable dags retrieved from /opt/airflow/dags/Code explanation.xlsx
[2025-04-27T14:37:26.812+0000] {processor.py:183} INFO - Processing /opt/airflow/dags/Code explanation.xlsx took 0.034 seconds
[2025-04-27T14:37:57.005+0000] {processor.py:161} INFO - Started process (PID=8118) to work on /opt/airflow/dags/Code explanation.xlsx
[2025-04-27T14:37:57.006+0000] {processor.py:830} INFO - Processing file /opt/airflow/dags/Code explanation.xlsx for tasks to queue
[2025-04-27T14:37:57.007+0000] {logging_mixin.py:188} INFO - [2025-04-27T14:37:57.007+0000] {dagbag.py:538} INFO - Filling up the DagBag from /opt/airflow/dags/Code explanation.xlsx
[2025-04-27T14:37:57.026+0000] {processor.py:842} WARNING - No viable dags retrieved from /opt/airflow/dags/Code explanation.xlsx
[2025-04-27T14:37:57.052+0000] {processor.py:183} INFO - Processing /opt/airflow/dags/Code explanation.xlsx took 0.051 seconds
[2025-04-27T14:38:27.515+0000] {processor.py:161} INFO - Started process (PID=8161) to work on /opt/airflow/dags/Code explanation.xlsx
[2025-04-27T14:38:27.517+0000] {processor.py:830} INFO - Processing file /opt/airflow/dags/Code explanation.xlsx for tasks to queue
[2025-04-27T14:38:27.518+0000] {logging_mixin.py:188} INFO - [2025-04-27T14:38:27.518+0000] {dagbag.py:538} INFO - Filling up the DagBag from /opt/airflow/dags/Code explanation.xlsx
[2025-04-27T14:38:27.543+0000] {processor.py:842} WARNING - No viable dags retrieved from /opt/airflow/dags/Code explanation.xlsx
[2025-04-27T14:38:27.567+0000] {processor.py:183} INFO - Processing /opt/airflow/dags/Code explanation.xlsx took 0.054 seconds
[2025-04-27T14:38:57.937+0000] {processor.py:161} INFO - Started process (PID=8204) to work on /opt/airflow/dags/Code explanation.xlsx
[2025-04-27T14:38:57.938+0000] {processor.py:830} INFO - Processing file /opt/airflow/dags/Code explanation.xlsx for tasks to queue
[2025-04-27T14:38:57.939+0000] {logging_mixin.py:188} INFO - [2025-04-27T14:38:57.938+0000] {dagbag.py:538} INFO - Filling up the DagBag from /opt/airflow/dags/Code explanation.xlsx
[2025-04-27T14:38:57.948+0000] {processor.py:842} WARNING - No viable dags retrieved from /opt/airflow/dags/Code explanation.xlsx
[2025-04-27T14:38:57.960+0000] {processor.py:183} INFO - Processing /opt/airflow/dags/Code explanation.xlsx took 0.026 seconds
[2025-04-27T14:39:28.708+0000] {processor.py:161} INFO - Started process (PID=8247) to work on /opt/airflow/dags/Code explanation.xlsx
[2025-04-27T14:39:28.709+0000] {processor.py:830} INFO - Processing file /opt/airflow/dags/Code explanation.xlsx for tasks to queue
[2025-04-27T14:39:28.711+0000] {logging_mixin.py:188} INFO - [2025-04-27T14:39:28.710+0000] {dagbag.py:538} INFO - Filling up the DagBag from /opt/airflow/dags/Code explanation.xlsx
[2025-04-27T14:39:28.730+0000] {processor.py:842} WARNING - No viable dags retrieved from /opt/airflow/dags/Code explanation.xlsx
[2025-04-27T14:39:28.752+0000] {processor.py:183} INFO - Processing /opt/airflow/dags/Code explanation.xlsx took 0.047 seconds
[2025-04-27T14:39:58.878+0000] {processor.py:161} INFO - Started process (PID=8287) to work on /opt/airflow/dags/Code explanation.xlsx
[2025-04-27T14:39:58.879+0000] {processor.py:830} INFO - Processing file /opt/airflow/dags/Code explanation.xlsx for tasks to queue
[2025-04-27T14:39:58.880+0000] {logging_mixin.py:188} INFO - [2025-04-27T14:39:58.880+0000] {dagbag.py:538} INFO - Filling up the DagBag from /opt/airflow/dags/Code explanation.xlsx
[2025-04-27T14:39:58.890+0000] {processor.py:842} WARNING - No viable dags retrieved from /opt/airflow/dags/Code explanation.xlsx
[2025-04-27T14:39:58.902+0000] {processor.py:183} INFO - Processing /opt/airflow/dags/Code explanation.xlsx took 0.026 seconds
[2025-04-27T14:40:29.548+0000] {processor.py:161} INFO - Started process (PID=8333) to work on /opt/airflow/dags/Code explanation.xlsx
[2025-04-27T14:40:29.550+0000] {processor.py:830} INFO - Processing file /opt/airflow/dags/Code explanation.xlsx for tasks to queue
[2025-04-27T14:40:29.553+0000] {logging_mixin.py:188} INFO - [2025-04-27T14:40:29.552+0000] {dagbag.py:538} INFO - Filling up the DagBag from /opt/airflow/dags/Code explanation.xlsx
[2025-04-27T14:40:29.575+0000] {processor.py:842} WARNING - No viable dags retrieved from /opt/airflow/dags/Code explanation.xlsx
[2025-04-27T14:40:29.611+0000] {processor.py:183} INFO - Processing /opt/airflow/dags/Code explanation.xlsx took 0.067 seconds
[2025-04-27T14:41:00.110+0000] {processor.py:161} INFO - Started process (PID=8376) to work on /opt/airflow/dags/Code explanation.xlsx
[2025-04-27T14:41:00.111+0000] {processor.py:830} INFO - Processing file /opt/airflow/dags/Code explanation.xlsx for tasks to queue
[2025-04-27T14:41:00.112+0000] {logging_mixin.py:188} INFO - [2025-04-27T14:41:00.112+0000] {dagbag.py:538} INFO - Filling up the DagBag from /opt/airflow/dags/Code explanation.xlsx
[2025-04-27T14:41:00.125+0000] {processor.py:842} WARNING - No viable dags retrieved from /opt/airflow/dags/Code explanation.xlsx
[2025-04-27T14:41:00.140+0000] {processor.py:183} INFO - Processing /opt/airflow/dags/Code explanation.xlsx took 0.033 seconds
[2025-04-27T14:41:30.491+0000] {processor.py:161} INFO - Started process (PID=8419) to work on /opt/airflow/dags/Code explanation.xlsx
[2025-04-27T14:41:30.492+0000] {processor.py:830} INFO - Processing file /opt/airflow/dags/Code explanation.xlsx for tasks to queue
[2025-04-27T14:41:30.492+0000] {logging_mixin.py:188} INFO - [2025-04-27T14:41:30.492+0000] {dagbag.py:538} INFO - Filling up the DagBag from /opt/airflow/dags/Code explanation.xlsx
[2025-04-27T14:41:30.504+0000] {processor.py:842} WARNING - No viable dags retrieved from /opt/airflow/dags/Code explanation.xlsx
[2025-04-27T14:41:30.516+0000] {processor.py:183} INFO - Processing /opt/airflow/dags/Code explanation.xlsx took 0.027 seconds
[2025-04-27T14:42:00.998+0000] {processor.py:161} INFO - Started process (PID=8462) to work on /opt/airflow/dags/Code explanation.xlsx
[2025-04-27T14:42:01.000+0000] {processor.py:830} INFO - Processing file /opt/airflow/dags/Code explanation.xlsx for tasks to queue
[2025-04-27T14:42:01.001+0000] {logging_mixin.py:188} INFO - [2025-04-27T14:42:01.001+0000] {dagbag.py:538} INFO - Filling up the DagBag from /opt/airflow/dags/Code explanation.xlsx
[2025-04-27T14:42:01.011+0000] {processor.py:842} WARNING - No viable dags retrieved from /opt/airflow/dags/Code explanation.xlsx
[2025-04-27T14:42:01.029+0000] {processor.py:183} INFO - Processing /opt/airflow/dags/Code explanation.xlsx took 0.033 seconds
[2025-04-27T14:42:31.592+0000] {processor.py:161} INFO - Started process (PID=8505) to work on /opt/airflow/dags/Code explanation.xlsx
[2025-04-27T14:42:31.593+0000] {processor.py:830} INFO - Processing file /opt/airflow/dags/Code explanation.xlsx for tasks to queue
[2025-04-27T14:42:31.594+0000] {logging_mixin.py:188} INFO - [2025-04-27T14:42:31.594+0000] {dagbag.py:538} INFO - Filling up the DagBag from /opt/airflow/dags/Code explanation.xlsx
[2025-04-27T14:42:31.605+0000] {processor.py:842} WARNING - No viable dags retrieved from /opt/airflow/dags/Code explanation.xlsx
[2025-04-27T14:42:31.617+0000] {processor.py:183} INFO - Processing /opt/airflow/dags/Code explanation.xlsx took 0.027 seconds
[2025-04-27T14:43:01.893+0000] {processor.py:161} INFO - Started process (PID=8548) to work on /opt/airflow/dags/Code explanation.xlsx
[2025-04-27T14:43:01.894+0000] {processor.py:830} INFO - Processing file /opt/airflow/dags/Code explanation.xlsx for tasks to queue
[2025-04-27T14:43:01.894+0000] {logging_mixin.py:188} INFO - [2025-04-27T14:43:01.894+0000] {dagbag.py:538} INFO - Filling up the DagBag from /opt/airflow/dags/Code explanation.xlsx
[2025-04-27T14:43:01.905+0000] {processor.py:842} WARNING - No viable dags retrieved from /opt/airflow/dags/Code explanation.xlsx
[2025-04-27T14:43:01.918+0000] {processor.py:183} INFO - Processing /opt/airflow/dags/Code explanation.xlsx took 0.028 seconds
[2025-04-27T14:43:32.238+0000] {processor.py:161} INFO - Started process (PID=8591) to work on /opt/airflow/dags/Code explanation.xlsx
[2025-04-27T14:43:32.239+0000] {processor.py:830} INFO - Processing file /opt/airflow/dags/Code explanation.xlsx for tasks to queue
[2025-04-27T14:43:32.241+0000] {logging_mixin.py:188} INFO - [2025-04-27T14:43:32.240+0000] {dagbag.py:538} INFO - Filling up the DagBag from /opt/airflow/dags/Code explanation.xlsx
[2025-04-27T14:43:32.256+0000] {processor.py:842} WARNING - No viable dags retrieved from /opt/airflow/dags/Code explanation.xlsx
[2025-04-27T14:43:32.280+0000] {processor.py:183} INFO - Processing /opt/airflow/dags/Code explanation.xlsx took 0.048 seconds
[2025-04-27T14:44:02.470+0000] {processor.py:161} INFO - Started process (PID=8634) to work on /opt/airflow/dags/Code explanation.xlsx
[2025-04-27T14:44:02.471+0000] {processor.py:830} INFO - Processing file /opt/airflow/dags/Code explanation.xlsx for tasks to queue
[2025-04-27T14:44:02.472+0000] {logging_mixin.py:188} INFO - [2025-04-27T14:44:02.472+0000] {dagbag.py:538} INFO - Filling up the DagBag from /opt/airflow/dags/Code explanation.xlsx
[2025-04-27T14:44:02.484+0000] {processor.py:842} WARNING - No viable dags retrieved from /opt/airflow/dags/Code explanation.xlsx
[2025-04-27T14:44:02.496+0000] {processor.py:183} INFO - Processing /opt/airflow/dags/Code explanation.xlsx took 0.029 seconds
[2025-04-27T14:44:32.579+0000] {processor.py:161} INFO - Started process (PID=8674) to work on /opt/airflow/dags/Code explanation.xlsx
[2025-04-27T14:44:32.580+0000] {processor.py:830} INFO - Processing file /opt/airflow/dags/Code explanation.xlsx for tasks to queue
[2025-04-27T14:44:32.581+0000] {logging_mixin.py:188} INFO - [2025-04-27T14:44:32.581+0000] {dagbag.py:538} INFO - Filling up the DagBag from /opt/airflow/dags/Code explanation.xlsx
[2025-04-27T14:44:32.595+0000] {processor.py:842} WARNING - No viable dags retrieved from /opt/airflow/dags/Code explanation.xlsx
[2025-04-27T14:44:32.605+0000] {processor.py:183} INFO - Processing /opt/airflow/dags/Code explanation.xlsx took 0.028 seconds
[2025-04-27T14:45:03.189+0000] {processor.py:161} INFO - Started process (PID=8720) to work on /opt/airflow/dags/Code explanation.xlsx
[2025-04-27T14:45:03.191+0000] {processor.py:830} INFO - Processing file /opt/airflow/dags/Code explanation.xlsx for tasks to queue
[2025-04-27T14:45:03.192+0000] {logging_mixin.py:188} INFO - [2025-04-27T14:45:03.192+0000] {dagbag.py:538} INFO - Filling up the DagBag from /opt/airflow/dags/Code explanation.xlsx
[2025-04-27T14:45:03.208+0000] {processor.py:842} WARNING - No viable dags retrieved from /opt/airflow/dags/Code explanation.xlsx
[2025-04-27T14:45:03.230+0000] {processor.py:183} INFO - Processing /opt/airflow/dags/Code explanation.xlsx took 0.045 seconds
[2025-04-27T14:45:33.593+0000] {processor.py:161} INFO - Started process (PID=8763) to work on /opt/airflow/dags/Code explanation.xlsx
[2025-04-27T14:45:33.595+0000] {processor.py:830} INFO - Processing file /opt/airflow/dags/Code explanation.xlsx for tasks to queue
[2025-04-27T14:45:33.595+0000] {logging_mixin.py:188} INFO - [2025-04-27T14:45:33.595+0000] {dagbag.py:538} INFO - Filling up the DagBag from /opt/airflow/dags/Code explanation.xlsx
[2025-04-27T14:45:33.605+0000] {processor.py:842} WARNING - No viable dags retrieved from /opt/airflow/dags/Code explanation.xlsx
[2025-04-27T14:45:33.620+0000] {processor.py:183} INFO - Processing /opt/airflow/dags/Code explanation.xlsx took 0.029 seconds
[2025-04-27T14:46:04.095+0000] {processor.py:161} INFO - Started process (PID=8806) to work on /opt/airflow/dags/Code explanation.xlsx
[2025-04-27T14:46:04.097+0000] {processor.py:830} INFO - Processing file /opt/airflow/dags/Code explanation.xlsx for tasks to queue
[2025-04-27T14:46:04.098+0000] {logging_mixin.py:188} INFO - [2025-04-27T14:46:04.098+0000] {dagbag.py:538} INFO - Filling up the DagBag from /opt/airflow/dags/Code explanation.xlsx
[2025-04-27T14:46:04.109+0000] {processor.py:842} WARNING - No viable dags retrieved from /opt/airflow/dags/Code explanation.xlsx
[2025-04-27T14:46:04.125+0000] {processor.py:183} INFO - Processing /opt/airflow/dags/Code explanation.xlsx took 0.033 seconds
[2025-04-27T14:46:34.498+0000] {processor.py:161} INFO - Started process (PID=8849) to work on /opt/airflow/dags/Code explanation.xlsx
[2025-04-27T14:46:34.499+0000] {processor.py:830} INFO - Processing file /opt/airflow/dags/Code explanation.xlsx for tasks to queue
[2025-04-27T14:46:34.500+0000] {logging_mixin.py:188} INFO - [2025-04-27T14:46:34.500+0000] {dagbag.py:538} INFO - Filling up the DagBag from /opt/airflow/dags/Code explanation.xlsx
[2025-04-27T14:46:34.511+0000] {processor.py:842} WARNING - No viable dags retrieved from /opt/airflow/dags/Code explanation.xlsx
[2025-04-27T14:46:34.524+0000] {processor.py:183} INFO - Processing /opt/airflow/dags/Code explanation.xlsx took 0.029 seconds
[2025-04-27T14:47:04.802+0000] {processor.py:161} INFO - Started process (PID=8892) to work on /opt/airflow/dags/Code explanation.xlsx
[2025-04-27T14:47:04.803+0000] {processor.py:830} INFO - Processing file /opt/airflow/dags/Code explanation.xlsx for tasks to queue
[2025-04-27T14:47:04.804+0000] {logging_mixin.py:188} INFO - [2025-04-27T14:47:04.804+0000] {dagbag.py:538} INFO - Filling up the DagBag from /opt/airflow/dags/Code explanation.xlsx
[2025-04-27T14:47:04.815+0000] {processor.py:842} WARNING - No viable dags retrieved from /opt/airflow/dags/Code explanation.xlsx
[2025-04-27T14:47:04.831+0000] {processor.py:183} INFO - Processing /opt/airflow/dags/Code explanation.xlsx took 0.031 seconds
[2025-04-27T14:47:35.395+0000] {processor.py:161} INFO - Started process (PID=8935) to work on /opt/airflow/dags/Code explanation.xlsx
[2025-04-27T14:47:35.396+0000] {processor.py:830} INFO - Processing file /opt/airflow/dags/Code explanation.xlsx for tasks to queue
[2025-04-27T14:47:35.396+0000] {logging_mixin.py:188} INFO - [2025-04-27T14:47:35.396+0000] {dagbag.py:538} INFO - Filling up the DagBag from /opt/airflow/dags/Code explanation.xlsx
[2025-04-27T14:47:35.407+0000] {processor.py:842} WARNING - No viable dags retrieved from /opt/airflow/dags/Code explanation.xlsx
[2025-04-27T14:47:35.418+0000] {processor.py:183} INFO - Processing /opt/airflow/dags/Code explanation.xlsx took 0.027 seconds
[2025-04-27T14:48:05.815+0000] {processor.py:161} INFO - Started process (PID=8978) to work on /opt/airflow/dags/Code explanation.xlsx
[2025-04-27T14:48:05.816+0000] {processor.py:830} INFO - Processing file /opt/airflow/dags/Code explanation.xlsx for tasks to queue
[2025-04-27T14:48:05.817+0000] {logging_mixin.py:188} INFO - [2025-04-27T14:48:05.817+0000] {dagbag.py:538} INFO - Filling up the DagBag from /opt/airflow/dags/Code explanation.xlsx
[2025-04-27T14:48:05.828+0000] {processor.py:842} WARNING - No viable dags retrieved from /opt/airflow/dags/Code explanation.xlsx
[2025-04-27T14:48:05.841+0000] {processor.py:183} INFO - Processing /opt/airflow/dags/Code explanation.xlsx took 0.029 seconds
[2025-04-27T14:48:36.228+0000] {processor.py:161} INFO - Started process (PID=9021) to work on /opt/airflow/dags/Code explanation.xlsx
[2025-04-27T14:48:36.229+0000] {processor.py:830} INFO - Processing file /opt/airflow/dags/Code explanation.xlsx for tasks to queue
[2025-04-27T14:48:36.230+0000] {logging_mixin.py:188} INFO - [2025-04-27T14:48:36.229+0000] {dagbag.py:538} INFO - Filling up the DagBag from /opt/airflow/dags/Code explanation.xlsx
[2025-04-27T14:48:36.239+0000] {processor.py:842} WARNING - No viable dags retrieved from /opt/airflow/dags/Code explanation.xlsx
[2025-04-27T14:48:36.253+0000] {processor.py:183} INFO - Processing /opt/airflow/dags/Code explanation.xlsx took 0.028 seconds
[2025-04-27T14:49:06.655+0000] {processor.py:161} INFO - Started process (PID=9064) to work on /opt/airflow/dags/Code explanation.xlsx
[2025-04-27T14:49:06.656+0000] {processor.py:830} INFO - Processing file /opt/airflow/dags/Code explanation.xlsx for tasks to queue
[2025-04-27T14:49:06.657+0000] {logging_mixin.py:188} INFO - [2025-04-27T14:49:06.657+0000] {dagbag.py:538} INFO - Filling up the DagBag from /opt/airflow/dags/Code explanation.xlsx
[2025-04-27T14:49:06.671+0000] {processor.py:842} WARNING - No viable dags retrieved from /opt/airflow/dags/Code explanation.xlsx
[2025-04-27T14:49:06.689+0000] {processor.py:183} INFO - Processing /opt/airflow/dags/Code explanation.xlsx took 0.036 seconds
[2025-04-27T14:49:37.151+0000] {processor.py:161} INFO - Started process (PID=9107) to work on /opt/airflow/dags/Code explanation.xlsx
[2025-04-27T14:49:37.152+0000] {processor.py:830} INFO - Processing file /opt/airflow/dags/Code explanation.xlsx for tasks to queue
[2025-04-27T14:49:37.152+0000] {logging_mixin.py:188} INFO - [2025-04-27T14:49:37.152+0000] {dagbag.py:538} INFO - Filling up the DagBag from /opt/airflow/dags/Code explanation.xlsx
[2025-04-27T14:49:37.163+0000] {processor.py:842} WARNING - No viable dags retrieved from /opt/airflow/dags/Code explanation.xlsx
[2025-04-27T14:49:37.177+0000] {processor.py:183} INFO - Processing /opt/airflow/dags/Code explanation.xlsx took 0.029 seconds
[2025-04-27T14:50:07.412+0000] {processor.py:161} INFO - Started process (PID=9150) to work on /opt/airflow/dags/Code explanation.xlsx
[2025-04-27T14:50:07.412+0000] {processor.py:830} INFO - Processing file /opt/airflow/dags/Code explanation.xlsx for tasks to queue
[2025-04-27T14:50:07.413+0000] {logging_mixin.py:188} INFO - [2025-04-27T14:50:07.413+0000] {dagbag.py:538} INFO - Filling up the DagBag from /opt/airflow/dags/Code explanation.xlsx
[2025-04-27T14:50:07.423+0000] {processor.py:842} WARNING - No viable dags retrieved from /opt/airflow/dags/Code explanation.xlsx
[2025-04-27T14:50:07.436+0000] {processor.py:183} INFO - Processing /opt/airflow/dags/Code explanation.xlsx took 0.027 seconds
[2025-04-27T14:50:37.760+0000] {processor.py:161} INFO - Started process (PID=9193) to work on /opt/airflow/dags/Code explanation.xlsx
[2025-04-27T14:50:37.762+0000] {processor.py:830} INFO - Processing file /opt/airflow/dags/Code explanation.xlsx for tasks to queue
[2025-04-27T14:50:37.763+0000] {logging_mixin.py:188} INFO - [2025-04-27T14:50:37.762+0000] {dagbag.py:538} INFO - Filling up the DagBag from /opt/airflow/dags/Code explanation.xlsx
[2025-04-27T14:50:37.775+0000] {processor.py:842} WARNING - No viable dags retrieved from /opt/airflow/dags/Code explanation.xlsx
[2025-04-27T14:50:37.788+0000] {processor.py:183} INFO - Processing /opt/airflow/dags/Code explanation.xlsx took 0.030 seconds
[2025-04-27T14:51:08.352+0000] {processor.py:161} INFO - Started process (PID=9236) to work on /opt/airflow/dags/Code explanation.xlsx
[2025-04-27T14:51:08.354+0000] {processor.py:830} INFO - Processing file /opt/airflow/dags/Code explanation.xlsx for tasks to queue
[2025-04-27T14:51:08.355+0000] {logging_mixin.py:188} INFO - [2025-04-27T14:51:08.354+0000] {dagbag.py:538} INFO - Filling up the DagBag from /opt/airflow/dags/Code explanation.xlsx
[2025-04-27T14:51:08.367+0000] {processor.py:842} WARNING - No viable dags retrieved from /opt/airflow/dags/Code explanation.xlsx
[2025-04-27T14:51:08.384+0000] {processor.py:183} INFO - Processing /opt/airflow/dags/Code explanation.xlsx took 0.035 seconds
[2025-04-27T14:51:38.945+0000] {processor.py:161} INFO - Started process (PID=9279) to work on /opt/airflow/dags/Code explanation.xlsx
[2025-04-27T14:51:38.946+0000] {processor.py:830} INFO - Processing file /opt/airflow/dags/Code explanation.xlsx for tasks to queue
[2025-04-27T14:51:38.946+0000] {logging_mixin.py:188} INFO - [2025-04-27T14:51:38.946+0000] {dagbag.py:538} INFO - Filling up the DagBag from /opt/airflow/dags/Code explanation.xlsx
[2025-04-27T14:51:38.958+0000] {processor.py:842} WARNING - No viable dags retrieved from /opt/airflow/dags/Code explanation.xlsx
[2025-04-27T14:51:38.973+0000] {processor.py:183} INFO - Processing /opt/airflow/dags/Code explanation.xlsx took 0.031 seconds
[2025-04-27T14:52:09.381+0000] {processor.py:161} INFO - Started process (PID=9322) to work on /opt/airflow/dags/Code explanation.xlsx
[2025-04-27T14:52:09.383+0000] {processor.py:830} INFO - Processing file /opt/airflow/dags/Code explanation.xlsx for tasks to queue
[2025-04-27T14:52:09.385+0000] {logging_mixin.py:188} INFO - [2025-04-27T14:52:09.385+0000] {dagbag.py:538} INFO - Filling up the DagBag from /opt/airflow/dags/Code explanation.xlsx
[2025-04-27T14:52:09.403+0000] {processor.py:842} WARNING - No viable dags retrieved from /opt/airflow/dags/Code explanation.xlsx
[2025-04-27T14:52:09.425+0000] {processor.py:183} INFO - Processing /opt/airflow/dags/Code explanation.xlsx took 0.050 seconds
[2025-04-27T14:52:40.055+0000] {processor.py:161} INFO - Started process (PID=9365) to work on /opt/airflow/dags/Code explanation.xlsx
[2025-04-27T14:52:40.056+0000] {processor.py:830} INFO - Processing file /opt/airflow/dags/Code explanation.xlsx for tasks to queue
[2025-04-27T14:52:40.057+0000] {logging_mixin.py:188} INFO - [2025-04-27T14:52:40.056+0000] {dagbag.py:538} INFO - Filling up the DagBag from /opt/airflow/dags/Code explanation.xlsx
[2025-04-27T14:52:40.079+0000] {processor.py:842} WARNING - No viable dags retrieved from /opt/airflow/dags/Code explanation.xlsx
[2025-04-27T14:52:40.107+0000] {processor.py:183} INFO - Processing /opt/airflow/dags/Code explanation.xlsx took 0.055 seconds
[2025-04-27T14:53:10.445+0000] {processor.py:161} INFO - Started process (PID=9408) to work on /opt/airflow/dags/Code explanation.xlsx
[2025-04-27T14:53:10.447+0000] {processor.py:830} INFO - Processing file /opt/airflow/dags/Code explanation.xlsx for tasks to queue
[2025-04-27T14:53:10.449+0000] {logging_mixin.py:188} INFO - [2025-04-27T14:53:10.449+0000] {dagbag.py:538} INFO - Filling up the DagBag from /opt/airflow/dags/Code explanation.xlsx
[2025-04-27T14:53:10.473+0000] {processor.py:842} WARNING - No viable dags retrieved from /opt/airflow/dags/Code explanation.xlsx
[2025-04-27T14:53:10.504+0000] {processor.py:183} INFO - Processing /opt/airflow/dags/Code explanation.xlsx took 0.066 seconds
[2025-04-27T14:53:40.949+0000] {processor.py:161} INFO - Started process (PID=9451) to work on /opt/airflow/dags/Code explanation.xlsx
[2025-04-27T14:53:40.951+0000] {processor.py:830} INFO - Processing file /opt/airflow/dags/Code explanation.xlsx for tasks to queue
[2025-04-27T14:53:40.953+0000] {logging_mixin.py:188} INFO - [2025-04-27T14:53:40.952+0000] {dagbag.py:538} INFO - Filling up the DagBag from /opt/airflow/dags/Code explanation.xlsx
[2025-04-27T14:53:40.966+0000] {processor.py:842} WARNING - No viable dags retrieved from /opt/airflow/dags/Code explanation.xlsx
[2025-04-27T14:53:40.982+0000] {processor.py:183} INFO - Processing /opt/airflow/dags/Code explanation.xlsx took 0.037 seconds
[2025-04-27T14:54:11.319+0000] {processor.py:161} INFO - Started process (PID=9494) to work on /opt/airflow/dags/Code explanation.xlsx
[2025-04-27T14:54:11.320+0000] {processor.py:830} INFO - Processing file /opt/airflow/dags/Code explanation.xlsx for tasks to queue
[2025-04-27T14:54:11.322+0000] {logging_mixin.py:188} INFO - [2025-04-27T14:54:11.321+0000] {dagbag.py:538} INFO - Filling up the DagBag from /opt/airflow/dags/Code explanation.xlsx
[2025-04-27T14:54:11.341+0000] {processor.py:842} WARNING - No viable dags retrieved from /opt/airflow/dags/Code explanation.xlsx
[2025-04-27T14:54:11.364+0000] {processor.py:183} INFO - Processing /opt/airflow/dags/Code explanation.xlsx took 0.050 seconds
[2025-04-27T14:54:41.675+0000] {processor.py:161} INFO - Started process (PID=9537) to work on /opt/airflow/dags/Code explanation.xlsx
[2025-04-27T14:54:41.676+0000] {processor.py:830} INFO - Processing file /opt/airflow/dags/Code explanation.xlsx for tasks to queue
[2025-04-27T14:54:41.677+0000] {logging_mixin.py:188} INFO - [2025-04-27T14:54:41.677+0000] {dagbag.py:538} INFO - Filling up the DagBag from /opt/airflow/dags/Code explanation.xlsx
[2025-04-27T14:54:41.694+0000] {processor.py:842} WARNING - No viable dags retrieved from /opt/airflow/dags/Code explanation.xlsx
[2025-04-27T14:54:41.714+0000] {processor.py:183} INFO - Processing /opt/airflow/dags/Code explanation.xlsx took 0.042 seconds
[2025-04-27T14:55:12.010+0000] {processor.py:161} INFO - Started process (PID=9580) to work on /opt/airflow/dags/Code explanation.xlsx
[2025-04-27T14:55:12.011+0000] {processor.py:830} INFO - Processing file /opt/airflow/dags/Code explanation.xlsx for tasks to queue
[2025-04-27T14:55:12.013+0000] {logging_mixin.py:188} INFO - [2025-04-27T14:55:12.013+0000] {dagbag.py:538} INFO - Filling up the DagBag from /opt/airflow/dags/Code explanation.xlsx
[2025-04-27T14:55:12.023+0000] {processor.py:842} WARNING - No viable dags retrieved from /opt/airflow/dags/Code explanation.xlsx
[2025-04-27T14:55:12.039+0000] {processor.py:183} INFO - Processing /opt/airflow/dags/Code explanation.xlsx took 0.031 seconds
[2025-04-27T14:55:42.499+0000] {processor.py:161} INFO - Started process (PID=9625) to work on /opt/airflow/dags/Code explanation.xlsx
[2025-04-27T14:55:42.500+0000] {processor.py:830} INFO - Processing file /opt/airflow/dags/Code explanation.xlsx for tasks to queue
[2025-04-27T14:55:42.502+0000] {logging_mixin.py:188} INFO - [2025-04-27T14:55:42.501+0000] {dagbag.py:538} INFO - Filling up the DagBag from /opt/airflow/dags/Code explanation.xlsx
[2025-04-27T14:55:42.520+0000] {processor.py:842} WARNING - No viable dags retrieved from /opt/airflow/dags/Code explanation.xlsx
[2025-04-27T14:55:42.534+0000] {processor.py:183} INFO - Processing /opt/airflow/dags/Code explanation.xlsx took 0.038 seconds
[2025-04-27T14:56:12.908+0000] {processor.py:161} INFO - Started process (PID=9666) to work on /opt/airflow/dags/Code explanation.xlsx
[2025-04-27T14:56:12.909+0000] {processor.py:830} INFO - Processing file /opt/airflow/dags/Code explanation.xlsx for tasks to queue
[2025-04-27T14:56:12.911+0000] {logging_mixin.py:188} INFO - [2025-04-27T14:56:12.910+0000] {dagbag.py:538} INFO - Filling up the DagBag from /opt/airflow/dags/Code explanation.xlsx
[2025-04-27T14:56:12.927+0000] {processor.py:842} WARNING - No viable dags retrieved from /opt/airflow/dags/Code explanation.xlsx
[2025-04-27T14:56:12.949+0000] {processor.py:183} INFO - Processing /opt/airflow/dags/Code explanation.xlsx took 0.045 seconds
[2025-04-27T14:56:43.265+0000] {processor.py:161} INFO - Started process (PID=9703) to work on /opt/airflow/dags/Code explanation.xlsx
[2025-04-27T14:56:43.266+0000] {processor.py:830} INFO - Processing file /opt/airflow/dags/Code explanation.xlsx for tasks to queue
[2025-04-27T14:56:43.267+0000] {logging_mixin.py:188} INFO - [2025-04-27T14:56:43.267+0000] {dagbag.py:538} INFO - Filling up the DagBag from /opt/airflow/dags/Code explanation.xlsx
[2025-04-27T14:56:43.278+0000] {processor.py:842} WARNING - No viable dags retrieved from /opt/airflow/dags/Code explanation.xlsx
[2025-04-27T14:56:43.292+0000] {processor.py:183} INFO - Processing /opt/airflow/dags/Code explanation.xlsx took 0.030 seconds
[2025-04-27T14:57:13.749+0000] {processor.py:161} INFO - Started process (PID=9746) to work on /opt/airflow/dags/Code explanation.xlsx
[2025-04-27T14:57:13.750+0000] {processor.py:830} INFO - Processing file /opt/airflow/dags/Code explanation.xlsx for tasks to queue
[2025-04-27T14:57:13.751+0000] {logging_mixin.py:188} INFO - [2025-04-27T14:57:13.751+0000] {dagbag.py:538} INFO - Filling up the DagBag from /opt/airflow/dags/Code explanation.xlsx
[2025-04-27T14:57:13.766+0000] {processor.py:842} WARNING - No viable dags retrieved from /opt/airflow/dags/Code explanation.xlsx
[2025-04-27T14:57:13.782+0000] {processor.py:183} INFO - Processing /opt/airflow/dags/Code explanation.xlsx took 0.036 seconds
[2025-04-27T14:57:44.323+0000] {processor.py:161} INFO - Started process (PID=9789) to work on /opt/airflow/dags/Code explanation.xlsx
[2025-04-27T14:57:44.324+0000] {processor.py:830} INFO - Processing file /opt/airflow/dags/Code explanation.xlsx for tasks to queue
[2025-04-27T14:57:44.325+0000] {logging_mixin.py:188} INFO - [2025-04-27T14:57:44.325+0000] {dagbag.py:538} INFO - Filling up the DagBag from /opt/airflow/dags/Code explanation.xlsx
[2025-04-27T14:57:44.337+0000] {processor.py:842} WARNING - No viable dags retrieved from /opt/airflow/dags/Code explanation.xlsx
[2025-04-27T14:57:44.351+0000] {processor.py:183} INFO - Processing /opt/airflow/dags/Code explanation.xlsx took 0.031 seconds
[2025-04-27T14:58:14.818+0000] {processor.py:161} INFO - Started process (PID=9832) to work on /opt/airflow/dags/Code explanation.xlsx
[2025-04-27T14:58:14.819+0000] {processor.py:830} INFO - Processing file /opt/airflow/dags/Code explanation.xlsx for tasks to queue
[2025-04-27T14:58:14.820+0000] {logging_mixin.py:188} INFO - [2025-04-27T14:58:14.820+0000] {dagbag.py:538} INFO - Filling up the DagBag from /opt/airflow/dags/Code explanation.xlsx
[2025-04-27T14:58:14.833+0000] {processor.py:842} WARNING - No viable dags retrieved from /opt/airflow/dags/Code explanation.xlsx
[2025-04-27T14:58:14.848+0000] {processor.py:183} INFO - Processing /opt/airflow/dags/Code explanation.xlsx took 0.033 seconds
[2025-04-27T14:58:45.026+0000] {processor.py:161} INFO - Started process (PID=9869) to work on /opt/airflow/dags/Code explanation.xlsx
[2025-04-27T14:58:45.027+0000] {processor.py:830} INFO - Processing file /opt/airflow/dags/Code explanation.xlsx for tasks to queue
[2025-04-27T14:58:45.028+0000] {logging_mixin.py:188} INFO - [2025-04-27T14:58:45.028+0000] {dagbag.py:538} INFO - Filling up the DagBag from /opt/airflow/dags/Code explanation.xlsx
[2025-04-27T14:58:45.039+0000] {processor.py:842} WARNING - No viable dags retrieved from /opt/airflow/dags/Code explanation.xlsx
[2025-04-27T14:58:45.052+0000] {processor.py:183} INFO - Processing /opt/airflow/dags/Code explanation.xlsx took 0.029 seconds
[2025-04-27T14:59:15.288+0000] {processor.py:161} INFO - Started process (PID=9906) to work on /opt/airflow/dags/Code explanation.xlsx
[2025-04-27T14:59:15.289+0000] {processor.py:830} INFO - Processing file /opt/airflow/dags/Code explanation.xlsx for tasks to queue
[2025-04-27T14:59:15.290+0000] {logging_mixin.py:188} INFO - [2025-04-27T14:59:15.290+0000] {dagbag.py:538} INFO - Filling up the DagBag from /opt/airflow/dags/Code explanation.xlsx
[2025-04-27T14:59:15.303+0000] {processor.py:842} WARNING - No viable dags retrieved from /opt/airflow/dags/Code explanation.xlsx
[2025-04-27T14:59:15.318+0000] {processor.py:183} INFO - Processing /opt/airflow/dags/Code explanation.xlsx took 0.033 seconds
[2025-04-27T14:59:45.836+0000] {processor.py:161} INFO - Started process (PID=9949) to work on /opt/airflow/dags/Code explanation.xlsx
[2025-04-27T14:59:45.837+0000] {processor.py:830} INFO - Processing file /opt/airflow/dags/Code explanation.xlsx for tasks to queue
[2025-04-27T14:59:45.838+0000] {logging_mixin.py:188} INFO - [2025-04-27T14:59:45.838+0000] {dagbag.py:538} INFO - Filling up the DagBag from /opt/airflow/dags/Code explanation.xlsx
[2025-04-27T14:59:45.850+0000] {processor.py:842} WARNING - No viable dags retrieved from /opt/airflow/dags/Code explanation.xlsx
[2025-04-27T14:59:45.863+0000] {processor.py:183} INFO - Processing /opt/airflow/dags/Code explanation.xlsx took 0.032 seconds
[2025-04-27T15:00:16.454+0000] {processor.py:161} INFO - Started process (PID=9992) to work on /opt/airflow/dags/Code explanation.xlsx
[2025-04-27T15:00:16.455+0000] {processor.py:830} INFO - Processing file /opt/airflow/dags/Code explanation.xlsx for tasks to queue
[2025-04-27T15:00:16.457+0000] {logging_mixin.py:188} INFO - [2025-04-27T15:00:16.456+0000] {dagbag.py:538} INFO - Filling up the DagBag from /opt/airflow/dags/Code explanation.xlsx
[2025-04-27T15:00:16.469+0000] {processor.py:842} WARNING - No viable dags retrieved from /opt/airflow/dags/Code explanation.xlsx
[2025-04-27T15:00:16.486+0000] {processor.py:183} INFO - Processing /opt/airflow/dags/Code explanation.xlsx took 0.035 seconds
[2025-04-27T15:00:47.005+0000] {processor.py:161} INFO - Started process (PID=10035) to work on /opt/airflow/dags/Code explanation.xlsx
[2025-04-27T15:00:47.006+0000] {processor.py:830} INFO - Processing file /opt/airflow/dags/Code explanation.xlsx for tasks to queue
[2025-04-27T15:00:47.008+0000] {logging_mixin.py:188} INFO - [2025-04-27T15:00:47.007+0000] {dagbag.py:538} INFO - Filling up the DagBag from /opt/airflow/dags/Code explanation.xlsx
[2025-04-27T15:00:47.026+0000] {processor.py:842} WARNING - No viable dags retrieved from /opt/airflow/dags/Code explanation.xlsx
[2025-04-27T15:00:47.050+0000] {processor.py:183} INFO - Processing /opt/airflow/dags/Code explanation.xlsx took 0.048 seconds
[2025-04-27T15:01:17.658+0000] {processor.py:161} INFO - Started process (PID=10078) to work on /opt/airflow/dags/Code explanation.xlsx
[2025-04-27T15:01:17.660+0000] {processor.py:830} INFO - Processing file /opt/airflow/dags/Code explanation.xlsx for tasks to queue
[2025-04-27T15:01:17.662+0000] {logging_mixin.py:188} INFO - [2025-04-27T15:01:17.661+0000] {dagbag.py:538} INFO - Filling up the DagBag from /opt/airflow/dags/Code explanation.xlsx
[2025-04-27T15:01:17.678+0000] {processor.py:842} WARNING - No viable dags retrieved from /opt/airflow/dags/Code explanation.xlsx
[2025-04-27T15:01:17.698+0000] {processor.py:183} INFO - Processing /opt/airflow/dags/Code explanation.xlsx took 0.043 seconds
[2025-04-27T15:01:48.263+0000] {processor.py:161} INFO - Started process (PID=10121) to work on /opt/airflow/dags/Code explanation.xlsx
[2025-04-27T15:01:48.264+0000] {processor.py:830} INFO - Processing file /opt/airflow/dags/Code explanation.xlsx for tasks to queue
[2025-04-27T15:01:48.265+0000] {logging_mixin.py:188} INFO - [2025-04-27T15:01:48.265+0000] {dagbag.py:538} INFO - Filling up the DagBag from /opt/airflow/dags/Code explanation.xlsx
[2025-04-27T15:01:48.275+0000] {processor.py:842} WARNING - No viable dags retrieved from /opt/airflow/dags/Code explanation.xlsx
[2025-04-27T15:01:48.290+0000] {processor.py:183} INFO - Processing /opt/airflow/dags/Code explanation.xlsx took 0.029 seconds
[2025-04-27T15:02:19.059+0000] {processor.py:161} INFO - Started process (PID=10164) to work on /opt/airflow/dags/Code explanation.xlsx
[2025-04-27T15:02:19.060+0000] {processor.py:830} INFO - Processing file /opt/airflow/dags/Code explanation.xlsx for tasks to queue
[2025-04-27T15:02:19.062+0000] {logging_mixin.py:188} INFO - [2025-04-27T15:02:19.061+0000] {dagbag.py:538} INFO - Filling up the DagBag from /opt/airflow/dags/Code explanation.xlsx
[2025-04-27T15:02:19.078+0000] {processor.py:842} WARNING - No viable dags retrieved from /opt/airflow/dags/Code explanation.xlsx
[2025-04-27T15:02:19.101+0000] {processor.py:183} INFO - Processing /opt/airflow/dags/Code explanation.xlsx took 0.045 seconds
[2025-04-27T15:02:49.683+0000] {processor.py:161} INFO - Started process (PID=10207) to work on /opt/airflow/dags/Code explanation.xlsx
[2025-04-27T15:02:49.684+0000] {processor.py:830} INFO - Processing file /opt/airflow/dags/Code explanation.xlsx for tasks to queue
[2025-04-27T15:02:49.685+0000] {logging_mixin.py:188} INFO - [2025-04-27T15:02:49.685+0000] {dagbag.py:538} INFO - Filling up the DagBag from /opt/airflow/dags/Code explanation.xlsx
[2025-04-27T15:02:49.698+0000] {processor.py:842} WARNING - No viable dags retrieved from /opt/airflow/dags/Code explanation.xlsx
[2025-04-27T15:02:49.716+0000] {processor.py:183} INFO - Processing /opt/airflow/dags/Code explanation.xlsx took 0.036 seconds
[2025-04-27T15:03:20.268+0000] {processor.py:161} INFO - Started process (PID=10250) to work on /opt/airflow/dags/Code explanation.xlsx
[2025-04-27T15:03:20.269+0000] {processor.py:830} INFO - Processing file /opt/airflow/dags/Code explanation.xlsx for tasks to queue
[2025-04-27T15:03:20.270+0000] {logging_mixin.py:188} INFO - [2025-04-27T15:03:20.270+0000] {dagbag.py:538} INFO - Filling up the DagBag from /opt/airflow/dags/Code explanation.xlsx
[2025-04-27T15:03:20.280+0000] {processor.py:842} WARNING - No viable dags retrieved from /opt/airflow/dags/Code explanation.xlsx
[2025-04-27T15:03:20.295+0000] {processor.py:183} INFO - Processing /opt/airflow/dags/Code explanation.xlsx took 0.029 seconds
[2025-04-27T15:03:50.842+0000] {processor.py:161} INFO - Started process (PID=10293) to work on /opt/airflow/dags/Code explanation.xlsx
[2025-04-27T15:03:50.844+0000] {processor.py:830} INFO - Processing file /opt/airflow/dags/Code explanation.xlsx for tasks to queue
[2025-04-27T15:03:50.845+0000] {logging_mixin.py:188} INFO - [2025-04-27T15:03:50.845+0000] {dagbag.py:538} INFO - Filling up the DagBag from /opt/airflow/dags/Code explanation.xlsx
[2025-04-27T15:03:50.861+0000] {processor.py:842} WARNING - No viable dags retrieved from /opt/airflow/dags/Code explanation.xlsx
[2025-04-27T15:03:50.882+0000] {processor.py:183} INFO - Processing /opt/airflow/dags/Code explanation.xlsx took 0.044 seconds
[2025-04-27T15:04:21.494+0000] {processor.py:161} INFO - Started process (PID=10336) to work on /opt/airflow/dags/Code explanation.xlsx
[2025-04-27T15:04:21.496+0000] {processor.py:830} INFO - Processing file /opt/airflow/dags/Code explanation.xlsx for tasks to queue
[2025-04-27T15:04:21.498+0000] {logging_mixin.py:188} INFO - [2025-04-27T15:04:21.497+0000] {dagbag.py:538} INFO - Filling up the DagBag from /opt/airflow/dags/Code explanation.xlsx
[2025-04-27T15:04:21.515+0000] {processor.py:842} WARNING - No viable dags retrieved from /opt/airflow/dags/Code explanation.xlsx
[2025-04-27T15:04:21.546+0000] {processor.py:183} INFO - Processing /opt/airflow/dags/Code explanation.xlsx took 0.056 seconds
[2025-04-27T15:04:51.758+0000] {logging_mixin.py:188} INFO - [2025-04-27T15:04:51.758+0000] {dagbag.py:538} INFO - Filling up the DagBag from /opt/airflow/dags/Code explanation.xlsx
[2025-04-27T15:04:51.777+0000] {processor.py:842} WARNING - No viable dags retrieved from /opt/airflow/dags/Code explanation.xlsx
[2025-04-27T15:04:51.801+0000] {processor.py:183} INFO - Processing /opt/airflow/dags/Code explanation.xlsx took 0.050 seconds
[2025-04-27T15:05:22.306+0000] {processor.py:161} INFO - Started process (PID=10422) to work on /opt/airflow/dags/Code explanation.xlsx
[2025-04-27T15:05:22.308+0000] {processor.py:830} INFO - Processing file /opt/airflow/dags/Code explanation.xlsx for tasks to queue
[2025-04-27T15:05:22.309+0000] {logging_mixin.py:188} INFO - [2025-04-27T15:05:22.308+0000] {dagbag.py:538} INFO - Filling up the DagBag from /opt/airflow/dags/Code explanation.xlsx
[2025-04-27T15:05:22.319+0000] {processor.py:842} WARNING - No viable dags retrieved from /opt/airflow/dags/Code explanation.xlsx
[2025-04-27T15:05:22.336+0000] {processor.py:183} INFO - Processing /opt/airflow/dags/Code explanation.xlsx took 0.032 seconds
[2025-04-27T15:05:53.301+0000] {processor.py:161} INFO - Started process (PID=10465) to work on /opt/airflow/dags/Code explanation.xlsx
[2025-04-27T15:05:53.302+0000] {processor.py:830} INFO - Processing file /opt/airflow/dags/Code explanation.xlsx for tasks to queue
[2025-04-27T15:05:53.303+0000] {logging_mixin.py:188} INFO - [2025-04-27T15:05:53.303+0000] {dagbag.py:538} INFO - Filling up the DagBag from /opt/airflow/dags/Code explanation.xlsx
[2025-04-27T15:05:53.317+0000] {processor.py:842} WARNING - No viable dags retrieved from /opt/airflow/dags/Code explanation.xlsx
[2025-04-27T15:05:53.332+0000] {processor.py:183} INFO - Processing /opt/airflow/dags/Code explanation.xlsx took 0.034 seconds
[2025-04-27T15:06:23.959+0000] {processor.py:161} INFO - Started process (PID=10508) to work on /opt/airflow/dags/Code explanation.xlsx
[2025-04-27T15:06:23.960+0000] {processor.py:830} INFO - Processing file /opt/airflow/dags/Code explanation.xlsx for tasks to queue
[2025-04-27T15:06:23.961+0000] {logging_mixin.py:188} INFO - [2025-04-27T15:06:23.961+0000] {dagbag.py:538} INFO - Filling up the DagBag from /opt/airflow/dags/Code explanation.xlsx
[2025-04-27T15:06:23.976+0000] {processor.py:842} WARNING - No viable dags retrieved from /opt/airflow/dags/Code explanation.xlsx
[2025-04-27T15:06:23.996+0000] {processor.py:183} INFO - Processing /opt/airflow/dags/Code explanation.xlsx took 0.042 seconds
[2025-04-27T15:06:54.632+0000] {processor.py:161} INFO - Started process (PID=10551) to work on /opt/airflow/dags/Code explanation.xlsx
[2025-04-27T15:06:54.633+0000] {processor.py:830} INFO - Processing file /opt/airflow/dags/Code explanation.xlsx for tasks to queue
[2025-04-27T15:06:54.634+0000] {logging_mixin.py:188} INFO - [2025-04-27T15:06:54.634+0000] {dagbag.py:538} INFO - Filling up the DagBag from /opt/airflow/dags/Code explanation.xlsx
[2025-04-27T15:06:54.648+0000] {processor.py:842} WARNING - No viable dags retrieved from /opt/airflow/dags/Code explanation.xlsx
[2025-04-27T15:06:54.664+0000] {processor.py:183} INFO - Processing /opt/airflow/dags/Code explanation.xlsx took 0.036 seconds
[2025-04-27T15:07:24.764+0000] {processor.py:161} INFO - Started process (PID=10591) to work on /opt/airflow/dags/Code explanation.xlsx
[2025-04-27T15:07:24.765+0000] {processor.py:830} INFO - Processing file /opt/airflow/dags/Code explanation.xlsx for tasks to queue
[2025-04-27T15:07:24.767+0000] {logging_mixin.py:188} INFO - [2025-04-27T15:07:24.766+0000] {dagbag.py:538} INFO - Filling up the DagBag from /opt/airflow/dags/Code explanation.xlsx
[2025-04-27T15:07:24.779+0000] {processor.py:842} WARNING - No viable dags retrieved from /opt/airflow/dags/Code explanation.xlsx
[2025-04-27T15:07:24.793+0000] {processor.py:183} INFO - Processing /opt/airflow/dags/Code explanation.xlsx took 0.032 seconds
[2025-04-27T15:07:55.201+0000] {processor.py:161} INFO - Started process (PID=10637) to work on /opt/airflow/dags/Code explanation.xlsx
[2025-04-27T15:07:55.202+0000] {processor.py:830} INFO - Processing file /opt/airflow/dags/Code explanation.xlsx for tasks to queue
[2025-04-27T15:07:55.203+0000] {logging_mixin.py:188} INFO - [2025-04-27T15:07:55.203+0000] {dagbag.py:538} INFO - Filling up the DagBag from /opt/airflow/dags/Code explanation.xlsx
[2025-04-27T15:07:55.216+0000] {processor.py:842} WARNING - No viable dags retrieved from /opt/airflow/dags/Code explanation.xlsx
[2025-04-27T15:07:55.232+0000] {processor.py:183} INFO - Processing /opt/airflow/dags/Code explanation.xlsx took 0.034 seconds
[2025-04-27T15:08:26.248+0000] {processor.py:161} INFO - Started process (PID=10680) to work on /opt/airflow/dags/Code explanation.xlsx
[2025-04-27T15:08:26.249+0000] {processor.py:830} INFO - Processing file /opt/airflow/dags/Code explanation.xlsx for tasks to queue
[2025-04-27T15:08:26.250+0000] {logging_mixin.py:188} INFO - [2025-04-27T15:08:26.250+0000] {dagbag.py:538} INFO - Filling up the DagBag from /opt/airflow/dags/Code explanation.xlsx
[2025-04-27T15:08:26.266+0000] {processor.py:842} WARNING - No viable dags retrieved from /opt/airflow/dags/Code explanation.xlsx
[2025-04-27T15:08:26.288+0000] {processor.py:183} INFO - Processing /opt/airflow/dags/Code explanation.xlsx took 0.043 seconds
[2025-04-27T15:08:56.540+0000] {processor.py:161} INFO - Started process (PID=10723) to work on /opt/airflow/dags/Code explanation.xlsx
[2025-04-27T15:08:56.541+0000] {processor.py:830} INFO - Processing file /opt/airflow/dags/Code explanation.xlsx for tasks to queue
[2025-04-27T15:08:56.543+0000] {logging_mixin.py:188} INFO - [2025-04-27T15:08:56.542+0000] {dagbag.py:538} INFO - Filling up the DagBag from /opt/airflow/dags/Code explanation.xlsx
[2025-04-27T15:08:56.559+0000] {processor.py:842} WARNING - No viable dags retrieved from /opt/airflow/dags/Code explanation.xlsx
[2025-04-27T15:08:56.587+0000] {processor.py:183} INFO - Processing /opt/airflow/dags/Code explanation.xlsx took 0.052 seconds
[2025-04-27T15:09:26.836+0000] {processor.py:161} INFO - Started process (PID=10766) to work on /opt/airflow/dags/Code explanation.xlsx
[2025-04-27T15:09:26.837+0000] {processor.py:830} INFO - Processing file /opt/airflow/dags/Code explanation.xlsx for tasks to queue
[2025-04-27T15:09:26.839+0000] {logging_mixin.py:188} INFO - [2025-04-27T15:09:26.838+0000] {dagbag.py:538} INFO - Filling up the DagBag from /opt/airflow/dags/Code explanation.xlsx
[2025-04-27T15:09:26.856+0000] {processor.py:842} WARNING - No viable dags retrieved from /opt/airflow/dags/Code explanation.xlsx
[2025-04-27T15:09:26.873+0000] {processor.py:183} INFO - Processing /opt/airflow/dags/Code explanation.xlsx took 0.040 seconds
[2025-04-27T15:09:57.044+0000] {processor.py:161} INFO - Started process (PID=10806) to work on /opt/airflow/dags/Code explanation.xlsx
[2025-04-27T15:09:57.048+0000] {processor.py:830} INFO - Processing file /opt/airflow/dags/Code explanation.xlsx for tasks to queue
[2025-04-27T15:09:57.051+0000] {logging_mixin.py:188} INFO - [2025-04-27T15:09:57.050+0000] {dagbag.py:538} INFO - Filling up the DagBag from /opt/airflow/dags/Code explanation.xlsx
[2025-04-27T15:09:57.077+0000] {processor.py:842} WARNING - No viable dags retrieved from /opt/airflow/dags/Code explanation.xlsx
[2025-04-27T15:09:57.109+0000] {processor.py:183} INFO - Processing /opt/airflow/dags/Code explanation.xlsx took 0.077 seconds
[2025-04-27T15:10:27.683+0000] {processor.py:161} INFO - Started process (PID=10852) to work on /opt/airflow/dags/Code explanation.xlsx
[2025-04-27T15:10:27.684+0000] {processor.py:830} INFO - Processing file /opt/airflow/dags/Code explanation.xlsx for tasks to queue
[2025-04-27T15:10:27.686+0000] {logging_mixin.py:188} INFO - [2025-04-27T15:10:27.686+0000] {dagbag.py:538} INFO - Filling up the DagBag from /opt/airflow/dags/Code explanation.xlsx
[2025-04-27T15:10:27.697+0000] {processor.py:842} WARNING - No viable dags retrieved from /opt/airflow/dags/Code explanation.xlsx
[2025-04-27T15:10:27.712+0000] {processor.py:183} INFO - Processing /opt/airflow/dags/Code explanation.xlsx took 0.031 seconds
[2025-04-27T15:10:57.865+0000] {processor.py:161} INFO - Started process (PID=10892) to work on /opt/airflow/dags/Code explanation.xlsx
[2025-04-27T15:10:57.866+0000] {processor.py:830} INFO - Processing file /opt/airflow/dags/Code explanation.xlsx for tasks to queue
[2025-04-27T15:10:57.867+0000] {logging_mixin.py:188} INFO - [2025-04-27T15:10:57.866+0000] {dagbag.py:538} INFO - Filling up the DagBag from /opt/airflow/dags/Code explanation.xlsx
[2025-04-27T15:10:57.876+0000] {processor.py:842} WARNING - No viable dags retrieved from /opt/airflow/dags/Code explanation.xlsx
[2025-04-27T15:10:57.889+0000] {processor.py:183} INFO - Processing /opt/airflow/dags/Code explanation.xlsx took 0.027 seconds
[2025-04-27T15:11:28.805+0000] {processor.py:161} INFO - Started process (PID=10938) to work on /opt/airflow/dags/Code explanation.xlsx
[2025-04-27T15:11:28.806+0000] {processor.py:830} INFO - Processing file /opt/airflow/dags/Code explanation.xlsx for tasks to queue
[2025-04-27T15:11:28.807+0000] {logging_mixin.py:188} INFO - [2025-04-27T15:11:28.807+0000] {dagbag.py:538} INFO - Filling up the DagBag from /opt/airflow/dags/Code explanation.xlsx
[2025-04-27T15:11:28.818+0000] {processor.py:842} WARNING - No viable dags retrieved from /opt/airflow/dags/Code explanation.xlsx
[2025-04-27T15:11:28.831+0000] {processor.py:183} INFO - Processing /opt/airflow/dags/Code explanation.xlsx took 0.031 seconds
[2025-04-27T15:11:59.128+0000] {processor.py:161} INFO - Started process (PID=10981) to work on /opt/airflow/dags/Code explanation.xlsx
[2025-04-27T15:11:59.130+0000] {processor.py:830} INFO - Processing file /opt/airflow/dags/Code explanation.xlsx for tasks to queue
[2025-04-27T15:11:59.131+0000] {logging_mixin.py:188} INFO - [2025-04-27T15:11:59.131+0000] {dagbag.py:538} INFO - Filling up the DagBag from /opt/airflow/dags/Code explanation.xlsx
[2025-04-27T15:11:59.146+0000] {processor.py:842} WARNING - No viable dags retrieved from /opt/airflow/dags/Code explanation.xlsx
[2025-04-27T15:11:59.172+0000] {processor.py:183} INFO - Processing /opt/airflow/dags/Code explanation.xlsx took 0.047 seconds
[2025-04-27T15:12:29.540+0000] {processor.py:161} INFO - Started process (PID=11024) to work on /opt/airflow/dags/Code explanation.xlsx
[2025-04-27T15:12:29.541+0000] {processor.py:830} INFO - Processing file /opt/airflow/dags/Code explanation.xlsx for tasks to queue
[2025-04-27T15:12:29.543+0000] {logging_mixin.py:188} INFO - [2025-04-27T15:12:29.542+0000] {dagbag.py:538} INFO - Filling up the DagBag from /opt/airflow/dags/Code explanation.xlsx
[2025-04-27T15:12:29.558+0000] {processor.py:842} WARNING - No viable dags retrieved from /opt/airflow/dags/Code explanation.xlsx
[2025-04-27T15:12:29.579+0000] {processor.py:183} INFO - Processing /opt/airflow/dags/Code explanation.xlsx took 0.042 seconds
[2025-04-27T15:13:00.120+0000] {processor.py:161} INFO - Started process (PID=11067) to work on /opt/airflow/dags/Code explanation.xlsx
[2025-04-27T15:13:00.121+0000] {processor.py:830} INFO - Processing file /opt/airflow/dags/Code explanation.xlsx for tasks to queue
[2025-04-27T15:13:00.122+0000] {logging_mixin.py:188} INFO - [2025-04-27T15:13:00.122+0000] {dagbag.py:538} INFO - Filling up the DagBag from /opt/airflow/dags/Code explanation.xlsx
[2025-04-27T15:13:00.135+0000] {processor.py:842} WARNING - No viable dags retrieved from /opt/airflow/dags/Code explanation.xlsx
[2025-04-27T15:13:00.151+0000] {processor.py:183} INFO - Processing /opt/airflow/dags/Code explanation.xlsx took 0.033 seconds
[2025-04-27T15:13:30.607+0000] {processor.py:161} INFO - Started process (PID=11110) to work on /opt/airflow/dags/Code explanation.xlsx
[2025-04-27T15:13:30.608+0000] {processor.py:830} INFO - Processing file /opt/airflow/dags/Code explanation.xlsx for tasks to queue
[2025-04-27T15:13:30.609+0000] {logging_mixin.py:188} INFO - [2025-04-27T15:13:30.609+0000] {dagbag.py:538} INFO - Filling up the DagBag from /opt/airflow/dags/Code explanation.xlsx
[2025-04-27T15:13:30.621+0000] {processor.py:842} WARNING - No viable dags retrieved from /opt/airflow/dags/Code explanation.xlsx
[2025-04-27T15:13:30.637+0000] {processor.py:183} INFO - Processing /opt/airflow/dags/Code explanation.xlsx took 0.034 seconds
[2025-04-27T15:14:00.832+0000] {processor.py:161} INFO - Started process (PID=11153) to work on /opt/airflow/dags/Code explanation.xlsx
[2025-04-27T15:14:00.833+0000] {processor.py:830} INFO - Processing file /opt/airflow/dags/Code explanation.xlsx for tasks to queue
[2025-04-27T15:14:00.834+0000] {logging_mixin.py:188} INFO - [2025-04-27T15:14:00.833+0000] {dagbag.py:538} INFO - Filling up the DagBag from /opt/airflow/dags/Code explanation.xlsx
[2025-04-27T15:14:00.844+0000] {processor.py:842} WARNING - No viable dags retrieved from /opt/airflow/dags/Code explanation.xlsx
[2025-04-27T15:14:00.864+0000] {processor.py:183} INFO - Processing /opt/airflow/dags/Code explanation.xlsx took 0.036 seconds
[2025-04-27T15:14:31.504+0000] {processor.py:161} INFO - Started process (PID=11196) to work on /opt/airflow/dags/Code explanation.xlsx
[2025-04-27T15:14:31.505+0000] {processor.py:830} INFO - Processing file /opt/airflow/dags/Code explanation.xlsx for tasks to queue
[2025-04-27T15:14:31.507+0000] {logging_mixin.py:188} INFO - [2025-04-27T15:14:31.507+0000] {dagbag.py:538} INFO - Filling up the DagBag from /opt/airflow/dags/Code explanation.xlsx
[2025-04-27T15:14:31.524+0000] {processor.py:842} WARNING - No viable dags retrieved from /opt/airflow/dags/Code explanation.xlsx
[2025-04-27T15:14:31.556+0000] {processor.py:183} INFO - Processing /opt/airflow/dags/Code explanation.xlsx took 0.055 seconds
[2025-04-27T15:15:02.197+0000] {processor.py:161} INFO - Started process (PID=11239) to work on /opt/airflow/dags/Code explanation.xlsx
[2025-04-27T15:15:02.199+0000] {processor.py:830} INFO - Processing file /opt/airflow/dags/Code explanation.xlsx for tasks to queue
[2025-04-27T15:15:02.201+0000] {logging_mixin.py:188} INFO - [2025-04-27T15:15:02.200+0000] {dagbag.py:538} INFO - Filling up the DagBag from /opt/airflow/dags/Code explanation.xlsx
[2025-04-27T15:15:02.216+0000] {processor.py:842} WARNING - No viable dags retrieved from /opt/airflow/dags/Code explanation.xlsx
[2025-04-27T15:15:02.235+0000] {processor.py:183} INFO - Processing /opt/airflow/dags/Code explanation.xlsx took 0.041 seconds
[2025-04-27T15:15:32.801+0000] {processor.py:161} INFO - Started process (PID=11282) to work on /opt/airflow/dags/Code explanation.xlsx
[2025-04-27T15:15:32.802+0000] {processor.py:830} INFO - Processing file /opt/airflow/dags/Code explanation.xlsx for tasks to queue
[2025-04-27T15:15:32.803+0000] {logging_mixin.py:188} INFO - [2025-04-27T15:15:32.803+0000] {dagbag.py:538} INFO - Filling up the DagBag from /opt/airflow/dags/Code explanation.xlsx
[2025-04-27T15:15:32.818+0000] {processor.py:842} WARNING - No viable dags retrieved from /opt/airflow/dags/Code explanation.xlsx
[2025-04-27T15:15:32.836+0000] {processor.py:183} INFO - Processing /opt/airflow/dags/Code explanation.xlsx took 0.038 seconds
[2025-04-27T15:16:03.540+0000] {processor.py:161} INFO - Started process (PID=11325) to work on /opt/airflow/dags/Code explanation.xlsx
[2025-04-27T15:16:03.542+0000] {processor.py:830} INFO - Processing file /opt/airflow/dags/Code explanation.xlsx for tasks to queue
[2025-04-27T15:16:03.544+0000] {logging_mixin.py:188} INFO - [2025-04-27T15:16:03.544+0000] {dagbag.py:538} INFO - Filling up the DagBag from /opt/airflow/dags/Code explanation.xlsx
[2025-04-27T15:16:03.558+0000] {processor.py:842} WARNING - No viable dags retrieved from /opt/airflow/dags/Code explanation.xlsx
[2025-04-27T15:16:03.578+0000] {processor.py:183} INFO - Processing /opt/airflow/dags/Code explanation.xlsx took 0.042 seconds
[2025-04-27T15:16:34.288+0000] {processor.py:161} INFO - Started process (PID=11368) to work on /opt/airflow/dags/Code explanation.xlsx
[2025-04-27T15:16:34.290+0000] {processor.py:830} INFO - Processing file /opt/airflow/dags/Code explanation.xlsx for tasks to queue
[2025-04-27T15:16:34.292+0000] {logging_mixin.py:188} INFO - [2025-04-27T15:16:34.292+0000] {dagbag.py:538} INFO - Filling up the DagBag from /opt/airflow/dags/Code explanation.xlsx
[2025-04-27T15:16:34.328+0000] {processor.py:842} WARNING - No viable dags retrieved from /opt/airflow/dags/Code explanation.xlsx
[2025-04-27T15:16:34.369+0000] {processor.py:183} INFO - Processing /opt/airflow/dags/Code explanation.xlsx took 0.084 seconds
[2025-04-27T15:17:05.122+0000] {processor.py:161} INFO - Started process (PID=11411) to work on /opt/airflow/dags/Code explanation.xlsx
[2025-04-27T15:17:05.123+0000] {processor.py:830} INFO - Processing file /opt/airflow/dags/Code explanation.xlsx for tasks to queue
[2025-04-27T15:17:05.124+0000] {logging_mixin.py:188} INFO - [2025-04-27T15:17:05.124+0000] {dagbag.py:538} INFO - Filling up the DagBag from /opt/airflow/dags/Code explanation.xlsx
[2025-04-27T15:17:05.155+0000] {processor.py:842} WARNING - No viable dags retrieved from /opt/airflow/dags/Code explanation.xlsx
[2025-04-27T15:17:05.173+0000] {processor.py:183} INFO - Processing /opt/airflow/dags/Code explanation.xlsx took 0.053 seconds
[2025-04-27T15:17:35.717+0000] {processor.py:161} INFO - Started process (PID=11454) to work on /opt/airflow/dags/Code explanation.xlsx
[2025-04-27T15:17:35.718+0000] {processor.py:830} INFO - Processing file /opt/airflow/dags/Code explanation.xlsx for tasks to queue
[2025-04-27T15:17:35.719+0000] {logging_mixin.py:188} INFO - [2025-04-27T15:17:35.718+0000] {dagbag.py:538} INFO - Filling up the DagBag from /opt/airflow/dags/Code explanation.xlsx
[2025-04-27T15:17:35.729+0000] {processor.py:842} WARNING - No viable dags retrieved from /opt/airflow/dags/Code explanation.xlsx
[2025-04-27T15:17:35.742+0000] {processor.py:183} INFO - Processing /opt/airflow/dags/Code explanation.xlsx took 0.029 seconds
[2025-04-27T15:18:06.127+0000] {processor.py:161} INFO - Started process (PID=11497) to work on /opt/airflow/dags/Code explanation.xlsx
[2025-04-27T15:18:06.127+0000] {processor.py:830} INFO - Processing file /opt/airflow/dags/Code explanation.xlsx for tasks to queue
[2025-04-27T15:18:06.129+0000] {logging_mixin.py:188} INFO - [2025-04-27T15:18:06.128+0000] {dagbag.py:538} INFO - Filling up the DagBag from /opt/airflow/dags/Code explanation.xlsx
[2025-04-27T15:18:06.139+0000] {processor.py:842} WARNING - No viable dags retrieved from /opt/airflow/dags/Code explanation.xlsx
[2025-04-27T15:18:06.151+0000] {processor.py:183} INFO - Processing /opt/airflow/dags/Code explanation.xlsx took 0.026 seconds
[2025-04-27T15:18:36.565+0000] {processor.py:161} INFO - Started process (PID=11540) to work on /opt/airflow/dags/Code explanation.xlsx
[2025-04-27T15:18:36.567+0000] {processor.py:830} INFO - Processing file /opt/airflow/dags/Code explanation.xlsx for tasks to queue
[2025-04-27T15:18:36.569+0000] {logging_mixin.py:188} INFO - [2025-04-27T15:18:36.568+0000] {dagbag.py:538} INFO - Filling up the DagBag from /opt/airflow/dags/Code explanation.xlsx
[2025-04-27T15:18:36.598+0000] {processor.py:842} WARNING - No viable dags retrieved from /opt/airflow/dags/Code explanation.xlsx
[2025-04-27T15:18:36.624+0000] {processor.py:183} INFO - Processing /opt/airflow/dags/Code explanation.xlsx took 0.067 seconds
[2025-04-27T15:19:07.438+0000] {processor.py:161} INFO - Started process (PID=11583) to work on /opt/airflow/dags/Code explanation.xlsx
[2025-04-27T15:19:07.439+0000] {processor.py:830} INFO - Processing file /opt/airflow/dags/Code explanation.xlsx for tasks to queue
[2025-04-27T15:19:07.440+0000] {logging_mixin.py:188} INFO - [2025-04-27T15:19:07.440+0000] {dagbag.py:538} INFO - Filling up the DagBag from /opt/airflow/dags/Code explanation.xlsx
[2025-04-27T15:19:07.455+0000] {processor.py:842} WARNING - No viable dags retrieved from /opt/airflow/dags/Code explanation.xlsx
[2025-04-27T15:19:07.476+0000] {processor.py:183} INFO - Processing /opt/airflow/dags/Code explanation.xlsx took 0.041 seconds
[2025-04-27T15:19:37.623+0000] {processor.py:161} INFO - Started process (PID=11623) to work on /opt/airflow/dags/Code explanation.xlsx
[2025-04-27T15:19:37.624+0000] {processor.py:830} INFO - Processing file /opt/airflow/dags/Code explanation.xlsx for tasks to queue
[2025-04-27T15:19:37.626+0000] {logging_mixin.py:188} INFO - [2025-04-27T15:19:37.625+0000] {dagbag.py:538} INFO - Filling up the DagBag from /opt/airflow/dags/Code explanation.xlsx
[2025-04-27T15:19:37.642+0000] {processor.py:842} WARNING - No viable dags retrieved from /opt/airflow/dags/Code explanation.xlsx
[2025-04-27T15:19:37.657+0000] {processor.py:183} INFO - Processing /opt/airflow/dags/Code explanation.xlsx took 0.037 seconds
[2025-04-27T15:20:08.165+0000] {processor.py:161} INFO - Started process (PID=11669) to work on /opt/airflow/dags/Code explanation.xlsx
[2025-04-27T15:20:08.166+0000] {processor.py:830} INFO - Processing file /opt/airflow/dags/Code explanation.xlsx for tasks to queue
[2025-04-27T15:20:08.167+0000] {logging_mixin.py:188} INFO - [2025-04-27T15:20:08.166+0000] {dagbag.py:538} INFO - Filling up the DagBag from /opt/airflow/dags/Code explanation.xlsx
[2025-04-27T15:20:08.179+0000] {processor.py:842} WARNING - No viable dags retrieved from /opt/airflow/dags/Code explanation.xlsx
[2025-04-27T15:20:08.196+0000] {processor.py:183} INFO - Processing /opt/airflow/dags/Code explanation.xlsx took 0.034 seconds
[2025-04-27T15:20:38.580+0000] {processor.py:161} INFO - Started process (PID=11712) to work on /opt/airflow/dags/Code explanation.xlsx
[2025-04-27T15:20:38.581+0000] {processor.py:830} INFO - Processing file /opt/airflow/dags/Code explanation.xlsx for tasks to queue
[2025-04-27T15:20:38.582+0000] {logging_mixin.py:188} INFO - [2025-04-27T15:20:38.582+0000] {dagbag.py:538} INFO - Filling up the DagBag from /opt/airflow/dags/Code explanation.xlsx
[2025-04-27T15:20:38.592+0000] {processor.py:842} WARNING - No viable dags retrieved from /opt/airflow/dags/Code explanation.xlsx
[2025-04-27T15:20:38.605+0000] {processor.py:183} INFO - Processing /opt/airflow/dags/Code explanation.xlsx took 0.027 seconds
[2025-04-27T15:21:09.052+0000] {processor.py:161} INFO - Started process (PID=11755) to work on /opt/airflow/dags/Code explanation.xlsx
[2025-04-27T15:21:09.053+0000] {processor.py:830} INFO - Processing file /opt/airflow/dags/Code explanation.xlsx for tasks to queue
[2025-04-27T15:21:09.054+0000] {logging_mixin.py:188} INFO - [2025-04-27T15:21:09.054+0000] {dagbag.py:538} INFO - Filling up the DagBag from /opt/airflow/dags/Code explanation.xlsx
[2025-04-27T15:21:09.063+0000] {processor.py:842} WARNING - No viable dags retrieved from /opt/airflow/dags/Code explanation.xlsx
[2025-04-27T15:21:09.076+0000] {processor.py:183} INFO - Processing /opt/airflow/dags/Code explanation.xlsx took 0.026 seconds
[2025-04-27T15:21:39.519+0000] {processor.py:161} INFO - Started process (PID=11798) to work on /opt/airflow/dags/Code explanation.xlsx
[2025-04-27T15:21:39.520+0000] {processor.py:830} INFO - Processing file /opt/airflow/dags/Code explanation.xlsx for tasks to queue
[2025-04-27T15:21:39.521+0000] {logging_mixin.py:188} INFO - [2025-04-27T15:21:39.521+0000] {dagbag.py:538} INFO - Filling up the DagBag from /opt/airflow/dags/Code explanation.xlsx
[2025-04-27T15:21:39.531+0000] {processor.py:842} WARNING - No viable dags retrieved from /opt/airflow/dags/Code explanation.xlsx
[2025-04-27T15:21:39.546+0000] {processor.py:183} INFO - Processing /opt/airflow/dags/Code explanation.xlsx took 0.030 seconds
[2025-04-27T15:22:10.152+0000] {processor.py:161} INFO - Started process (PID=11841) to work on /opt/airflow/dags/Code explanation.xlsx
[2025-04-27T15:22:10.153+0000] {processor.py:830} INFO - Processing file /opt/airflow/dags/Code explanation.xlsx for tasks to queue
[2025-04-27T15:22:10.154+0000] {logging_mixin.py:188} INFO - [2025-04-27T15:22:10.154+0000] {dagbag.py:538} INFO - Filling up the DagBag from /opt/airflow/dags/Code explanation.xlsx
[2025-04-27T15:22:10.164+0000] {processor.py:842} WARNING - No viable dags retrieved from /opt/airflow/dags/Code explanation.xlsx
[2025-04-27T15:22:10.177+0000] {processor.py:183} INFO - Processing /opt/airflow/dags/Code explanation.xlsx took 0.032 seconds
[2025-04-27T15:22:40.684+0000] {processor.py:161} INFO - Started process (PID=11884) to work on /opt/airflow/dags/Code explanation.xlsx
[2025-04-27T15:22:40.685+0000] {processor.py:830} INFO - Processing file /opt/airflow/dags/Code explanation.xlsx for tasks to queue
[2025-04-27T15:22:40.686+0000] {logging_mixin.py:188} INFO - [2025-04-27T15:22:40.686+0000] {dagbag.py:538} INFO - Filling up the DagBag from /opt/airflow/dags/Code explanation.xlsx
[2025-04-27T15:22:40.696+0000] {processor.py:842} WARNING - No viable dags retrieved from /opt/airflow/dags/Code explanation.xlsx
[2025-04-27T15:22:40.709+0000] {processor.py:183} INFO - Processing /opt/airflow/dags/Code explanation.xlsx took 0.027 seconds
[2025-04-27T15:23:11.296+0000] {processor.py:161} INFO - Started process (PID=11927) to work on /opt/airflow/dags/Code explanation.xlsx
[2025-04-27T15:23:11.298+0000] {processor.py:830} INFO - Processing file /opt/airflow/dags/Code explanation.xlsx for tasks to queue
[2025-04-27T15:23:11.299+0000] {logging_mixin.py:188} INFO - [2025-04-27T15:23:11.299+0000] {dagbag.py:538} INFO - Filling up the DagBag from /opt/airflow/dags/Code explanation.xlsx
[2025-04-27T15:23:11.323+0000] {processor.py:842} WARNING - No viable dags retrieved from /opt/airflow/dags/Code explanation.xlsx
[2025-04-27T15:23:11.340+0000] {processor.py:183} INFO - Processing /opt/airflow/dags/Code explanation.xlsx took 0.047 seconds
[2025-04-27T15:23:42.025+0000] {processor.py:161} INFO - Started process (PID=11970) to work on /opt/airflow/dags/Code explanation.xlsx
[2025-04-27T15:23:42.026+0000] {processor.py:830} INFO - Processing file /opt/airflow/dags/Code explanation.xlsx for tasks to queue
[2025-04-27T15:23:42.027+0000] {logging_mixin.py:188} INFO - [2025-04-27T15:23:42.026+0000] {dagbag.py:538} INFO - Filling up the DagBag from /opt/airflow/dags/Code explanation.xlsx
[2025-04-27T15:23:42.040+0000] {processor.py:842} WARNING - No viable dags retrieved from /opt/airflow/dags/Code explanation.xlsx
[2025-04-27T15:23:42.051+0000] {processor.py:183} INFO - Processing /opt/airflow/dags/Code explanation.xlsx took 0.029 seconds
[2025-04-27T15:24:12.635+0000] {processor.py:161} INFO - Started process (PID=12013) to work on /opt/airflow/dags/Code explanation.xlsx
[2025-04-27T15:24:12.636+0000] {processor.py:830} INFO - Processing file /opt/airflow/dags/Code explanation.xlsx for tasks to queue
[2025-04-27T15:24:12.637+0000] {logging_mixin.py:188} INFO - [2025-04-27T15:24:12.637+0000] {dagbag.py:538} INFO - Filling up the DagBag from /opt/airflow/dags/Code explanation.xlsx
[2025-04-27T15:24:12.647+0000] {processor.py:842} WARNING - No viable dags retrieved from /opt/airflow/dags/Code explanation.xlsx
[2025-04-27T15:24:12.660+0000] {processor.py:183} INFO - Processing /opt/airflow/dags/Code explanation.xlsx took 0.027 seconds
[2025-04-27T15:24:43.023+0000] {processor.py:161} INFO - Started process (PID=12056) to work on /opt/airflow/dags/Code explanation.xlsx
[2025-04-27T15:24:43.024+0000] {processor.py:830} INFO - Processing file /opt/airflow/dags/Code explanation.xlsx for tasks to queue
[2025-04-27T15:24:43.025+0000] {logging_mixin.py:188} INFO - [2025-04-27T15:24:43.025+0000] {dagbag.py:538} INFO - Filling up the DagBag from /opt/airflow/dags/Code explanation.xlsx
[2025-04-27T15:24:43.035+0000] {processor.py:842} WARNING - No viable dags retrieved from /opt/airflow/dags/Code explanation.xlsx
[2025-04-27T15:24:43.048+0000] {processor.py:183} INFO - Processing /opt/airflow/dags/Code explanation.xlsx took 0.027 seconds
[2025-04-27T15:25:13.673+0000] {processor.py:161} INFO - Started process (PID=12099) to work on /opt/airflow/dags/Code explanation.xlsx
[2025-04-27T15:25:13.674+0000] {processor.py:830} INFO - Processing file /opt/airflow/dags/Code explanation.xlsx for tasks to queue
[2025-04-27T15:25:13.675+0000] {logging_mixin.py:188} INFO - [2025-04-27T15:25:13.675+0000] {dagbag.py:538} INFO - Filling up the DagBag from /opt/airflow/dags/Code explanation.xlsx
[2025-04-27T15:25:13.690+0000] {processor.py:842} WARNING - No viable dags retrieved from /opt/airflow/dags/Code explanation.xlsx
[2025-04-27T15:25:13.706+0000] {processor.py:183} INFO - Processing /opt/airflow/dags/Code explanation.xlsx took 0.036 seconds
[2025-04-27T15:25:43.855+0000] {processor.py:161} INFO - Started process (PID=12139) to work on /opt/airflow/dags/Code explanation.xlsx
[2025-04-27T15:25:43.856+0000] {processor.py:830} INFO - Processing file /opt/airflow/dags/Code explanation.xlsx for tasks to queue
[2025-04-27T15:25:43.857+0000] {logging_mixin.py:188} INFO - [2025-04-27T15:25:43.857+0000] {dagbag.py:538} INFO - Filling up the DagBag from /opt/airflow/dags/Code explanation.xlsx
[2025-04-27T15:25:43.873+0000] {processor.py:842} WARNING - No viable dags retrieved from /opt/airflow/dags/Code explanation.xlsx
[2025-04-27T15:25:43.886+0000] {processor.py:183} INFO - Processing /opt/airflow/dags/Code explanation.xlsx took 0.035 seconds
[2025-04-27T15:26:14.468+0000] {processor.py:161} INFO - Started process (PID=12185) to work on /opt/airflow/dags/Code explanation.xlsx
[2025-04-27T15:26:14.471+0000] {processor.py:830} INFO - Processing file /opt/airflow/dags/Code explanation.xlsx for tasks to queue
[2025-04-27T15:26:14.478+0000] {logging_mixin.py:188} INFO - [2025-04-27T15:26:14.477+0000] {dagbag.py:538} INFO - Filling up the DagBag from /opt/airflow/dags/Code explanation.xlsx
[2025-04-27T15:26:14.495+0000] {processor.py:842} WARNING - No viable dags retrieved from /opt/airflow/dags/Code explanation.xlsx
[2025-04-27T15:26:14.510+0000] {processor.py:183} INFO - Processing /opt/airflow/dags/Code explanation.xlsx took 0.044 seconds
[2025-04-27T15:26:44.954+0000] {processor.py:161} INFO - Started process (PID=12228) to work on /opt/airflow/dags/Code explanation.xlsx
[2025-04-27T15:26:44.955+0000] {processor.py:830} INFO - Processing file /opt/airflow/dags/Code explanation.xlsx for tasks to queue
[2025-04-27T15:26:44.955+0000] {logging_mixin.py:188} INFO - [2025-04-27T15:26:44.955+0000] {dagbag.py:538} INFO - Filling up the DagBag from /opt/airflow/dags/Code explanation.xlsx
[2025-04-27T15:26:44.966+0000] {processor.py:842} WARNING - No viable dags retrieved from /opt/airflow/dags/Code explanation.xlsx
[2025-04-27T15:26:44.982+0000] {processor.py:183} INFO - Processing /opt/airflow/dags/Code explanation.xlsx took 0.032 seconds
[2025-04-27T15:27:15.775+0000] {processor.py:161} INFO - Started process (PID=12271) to work on /opt/airflow/dags/Code explanation.xlsx
[2025-04-27T15:27:15.776+0000] {processor.py:830} INFO - Processing file /opt/airflow/dags/Code explanation.xlsx for tasks to queue
[2025-04-27T15:27:15.777+0000] {logging_mixin.py:188} INFO - [2025-04-27T15:27:15.777+0000] {dagbag.py:538} INFO - Filling up the DagBag from /opt/airflow/dags/Code explanation.xlsx
[2025-04-27T15:27:15.791+0000] {processor.py:842} WARNING - No viable dags retrieved from /opt/airflow/dags/Code explanation.xlsx
[2025-04-27T15:27:15.806+0000] {processor.py:183} INFO - Processing /opt/airflow/dags/Code explanation.xlsx took 0.034 seconds
[2025-04-27T15:27:46.531+0000] {processor.py:161} INFO - Started process (PID=12314) to work on /opt/airflow/dags/Code explanation.xlsx
[2025-04-27T15:27:46.532+0000] {processor.py:830} INFO - Processing file /opt/airflow/dags/Code explanation.xlsx for tasks to queue
[2025-04-27T15:27:46.534+0000] {logging_mixin.py:188} INFO - [2025-04-27T15:27:46.533+0000] {dagbag.py:538} INFO - Filling up the DagBag from /opt/airflow/dags/Code explanation.xlsx
[2025-04-27T15:27:46.549+0000] {processor.py:842} WARNING - No viable dags retrieved from /opt/airflow/dags/Code explanation.xlsx
[2025-04-27T15:27:46.566+0000] {processor.py:183} INFO - Processing /opt/airflow/dags/Code explanation.xlsx took 0.039 seconds
[2025-04-27T15:28:16.697+0000] {processor.py:161} INFO - Started process (PID=12354) to work on /opt/airflow/dags/Code explanation.xlsx
[2025-04-27T15:28:16.699+0000] {processor.py:830} INFO - Processing file /opt/airflow/dags/Code explanation.xlsx for tasks to queue
[2025-04-27T15:28:16.702+0000] {logging_mixin.py:188} INFO - [2025-04-27T15:28:16.701+0000] {dagbag.py:538} INFO - Filling up the DagBag from /opt/airflow/dags/Code explanation.xlsx
[2025-04-27T15:28:16.723+0000] {processor.py:842} WARNING - No viable dags retrieved from /opt/airflow/dags/Code explanation.xlsx
[2025-04-27T15:28:16.744+0000] {processor.py:183} INFO - Processing /opt/airflow/dags/Code explanation.xlsx took 0.052 seconds
[2025-04-27T15:28:47.637+0000] {processor.py:161} INFO - Started process (PID=12400) to work on /opt/airflow/dags/Code explanation.xlsx
[2025-04-27T15:28:47.638+0000] {processor.py:830} INFO - Processing file /opt/airflow/dags/Code explanation.xlsx for tasks to queue
[2025-04-27T15:28:47.639+0000] {logging_mixin.py:188} INFO - [2025-04-27T15:28:47.639+0000] {dagbag.py:538} INFO - Filling up the DagBag from /opt/airflow/dags/Code explanation.xlsx
[2025-04-27T15:28:47.650+0000] {processor.py:842} WARNING - No viable dags retrieved from /opt/airflow/dags/Code explanation.xlsx
[2025-04-27T15:28:47.663+0000] {processor.py:183} INFO - Processing /opt/airflow/dags/Code explanation.xlsx took 0.029 seconds
[2025-04-27T15:29:18.262+0000] {processor.py:161} INFO - Started process (PID=12443) to work on /opt/airflow/dags/Code explanation.xlsx
[2025-04-27T15:29:18.263+0000] {processor.py:830} INFO - Processing file /opt/airflow/dags/Code explanation.xlsx for tasks to queue
[2025-04-27T15:29:18.264+0000] {logging_mixin.py:188} INFO - [2025-04-27T15:29:18.264+0000] {dagbag.py:538} INFO - Filling up the DagBag from /opt/airflow/dags/Code explanation.xlsx
[2025-04-27T15:29:18.274+0000] {processor.py:842} WARNING - No viable dags retrieved from /opt/airflow/dags/Code explanation.xlsx
[2025-04-27T15:29:18.288+0000] {processor.py:183} INFO - Processing /opt/airflow/dags/Code explanation.xlsx took 0.028 seconds
[2025-04-27T15:29:48.362+0000] {processor.py:161} INFO - Started process (PID=12483) to work on /opt/airflow/dags/Code explanation.xlsx
[2025-04-27T15:29:48.363+0000] {processor.py:830} INFO - Processing file /opt/airflow/dags/Code explanation.xlsx for tasks to queue
[2025-04-27T15:29:48.363+0000] {logging_mixin.py:188} INFO - [2025-04-27T15:29:48.363+0000] {dagbag.py:538} INFO - Filling up the DagBag from /opt/airflow/dags/Code explanation.xlsx
[2025-04-27T15:29:48.375+0000] {processor.py:842} WARNING - No viable dags retrieved from /opt/airflow/dags/Code explanation.xlsx
[2025-04-27T15:29:48.386+0000] {processor.py:183} INFO - Processing /opt/airflow/dags/Code explanation.xlsx took 0.027 seconds
[2025-04-27T15:30:19.142+0000] {processor.py:161} INFO - Started process (PID=12529) to work on /opt/airflow/dags/Code explanation.xlsx
[2025-04-27T15:30:19.143+0000] {processor.py:830} INFO - Processing file /opt/airflow/dags/Code explanation.xlsx for tasks to queue
[2025-04-27T15:30:19.144+0000] {logging_mixin.py:188} INFO - [2025-04-27T15:30:19.144+0000] {dagbag.py:538} INFO - Filling up the DagBag from /opt/airflow/dags/Code explanation.xlsx
[2025-04-27T15:30:19.157+0000] {processor.py:842} WARNING - No viable dags retrieved from /opt/airflow/dags/Code explanation.xlsx
[2025-04-27T15:30:19.175+0000] {processor.py:183} INFO - Processing /opt/airflow/dags/Code explanation.xlsx took 0.037 seconds
[2025-04-27T15:30:49.932+0000] {processor.py:161} INFO - Started process (PID=12572) to work on /opt/airflow/dags/Code explanation.xlsx
[2025-04-27T15:30:49.933+0000] {processor.py:830} INFO - Processing file /opt/airflow/dags/Code explanation.xlsx for tasks to queue
[2025-04-27T15:30:49.935+0000] {logging_mixin.py:188} INFO - [2025-04-27T15:30:49.934+0000] {dagbag.py:538} INFO - Filling up the DagBag from /opt/airflow/dags/Code explanation.xlsx
[2025-04-27T15:30:49.950+0000] {processor.py:842} WARNING - No viable dags retrieved from /opt/airflow/dags/Code explanation.xlsx
[2025-04-27T15:30:49.967+0000] {processor.py:183} INFO - Processing /opt/airflow/dags/Code explanation.xlsx took 0.038 seconds
[2025-04-27T17:17:56.117+0000] {processor.py:161} INFO - Started process (PID=12612) to work on /opt/airflow/dags/Code explanation.xlsx
[2025-04-27T17:17:56.123+0000] {processor.py:830} INFO - Processing file /opt/airflow/dags/Code explanation.xlsx for tasks to queue
[2025-04-27T17:17:56.125+0000] {logging_mixin.py:188} INFO - [2025-04-27T17:17:56.124+0000] {dagbag.py:538} INFO - Filling up the DagBag from /opt/airflow/dags/Code explanation.xlsx
[2025-04-27T17:17:56.147+0000] {processor.py:842} WARNING - No viable dags retrieved from /opt/airflow/dags/Code explanation.xlsx
[2025-04-27T17:17:56.194+0000] {processor.py:183} INFO - Processing /opt/airflow/dags/Code explanation.xlsx took 0.081 seconds
[2025-04-27T17:18:26.578+0000] {processor.py:161} INFO - Started process (PID=12651) to work on /opt/airflow/dags/Code explanation.xlsx
[2025-04-27T17:18:26.580+0000] {processor.py:830} INFO - Processing file /opt/airflow/dags/Code explanation.xlsx for tasks to queue
[2025-04-27T17:18:26.581+0000] {logging_mixin.py:188} INFO - [2025-04-27T17:18:26.581+0000] {dagbag.py:538} INFO - Filling up the DagBag from /opt/airflow/dags/Code explanation.xlsx
[2025-04-27T17:18:26.598+0000] {processor.py:842} WARNING - No viable dags retrieved from /opt/airflow/dags/Code explanation.xlsx
[2025-04-27T17:18:26.614+0000] {processor.py:183} INFO - Processing /opt/airflow/dags/Code explanation.xlsx took 0.039 seconds
[2025-04-27T17:18:57.168+0000] {processor.py:161} INFO - Started process (PID=12692) to work on /opt/airflow/dags/Code explanation.xlsx
[2025-04-27T17:18:57.169+0000] {processor.py:830} INFO - Processing file /opt/airflow/dags/Code explanation.xlsx for tasks to queue
[2025-04-27T17:18:57.170+0000] {logging_mixin.py:188} INFO - [2025-04-27T17:18:57.169+0000] {dagbag.py:538} INFO - Filling up the DagBag from /opt/airflow/dags/Code explanation.xlsx
[2025-04-27T17:18:57.181+0000] {processor.py:842} WARNING - No viable dags retrieved from /opt/airflow/dags/Code explanation.xlsx
[2025-04-27T17:18:57.196+0000] {processor.py:183} INFO - Processing /opt/airflow/dags/Code explanation.xlsx took 0.032 seconds
[2025-04-27T17:19:27.606+0000] {processor.py:161} INFO - Started process (PID=12735) to work on /opt/airflow/dags/Code explanation.xlsx
[2025-04-27T17:19:27.607+0000] {processor.py:830} INFO - Processing file /opt/airflow/dags/Code explanation.xlsx for tasks to queue
[2025-04-27T17:19:27.608+0000] {logging_mixin.py:188} INFO - [2025-04-27T17:19:27.608+0000] {dagbag.py:538} INFO - Filling up the DagBag from /opt/airflow/dags/Code explanation.xlsx
[2025-04-27T17:19:27.623+0000] {processor.py:842} WARNING - No viable dags retrieved from /opt/airflow/dags/Code explanation.xlsx
[2025-04-27T17:19:27.635+0000] {processor.py:183} INFO - Processing /opt/airflow/dags/Code explanation.xlsx took 0.032 seconds
[2025-04-27T17:19:58.107+0000] {processor.py:161} INFO - Started process (PID=12778) to work on /opt/airflow/dags/Code explanation.xlsx
[2025-04-27T17:19:58.108+0000] {processor.py:830} INFO - Processing file /opt/airflow/dags/Code explanation.xlsx for tasks to queue
[2025-04-27T17:19:58.110+0000] {logging_mixin.py:188} INFO - [2025-04-27T17:19:58.109+0000] {dagbag.py:538} INFO - Filling up the DagBag from /opt/airflow/dags/Code explanation.xlsx
[2025-04-27T17:19:58.128+0000] {processor.py:842} WARNING - No viable dags retrieved from /opt/airflow/dags/Code explanation.xlsx
[2025-04-27T17:19:58.154+0000] {processor.py:183} INFO - Processing /opt/airflow/dags/Code explanation.xlsx took 0.049 seconds
[2025-04-27T17:20:28.376+0000] {processor.py:161} INFO - Started process (PID=12821) to work on /opt/airflow/dags/Code explanation.xlsx
[2025-04-27T17:20:28.377+0000] {processor.py:830} INFO - Processing file /opt/airflow/dags/Code explanation.xlsx for tasks to queue
[2025-04-27T17:20:28.378+0000] {logging_mixin.py:188} INFO - [2025-04-27T17:20:28.378+0000] {dagbag.py:538} INFO - Filling up the DagBag from /opt/airflow/dags/Code explanation.xlsx
[2025-04-27T17:20:28.391+0000] {processor.py:842} WARNING - No viable dags retrieved from /opt/airflow/dags/Code explanation.xlsx
[2025-04-27T17:20:28.405+0000] {processor.py:183} INFO - Processing /opt/airflow/dags/Code explanation.xlsx took 0.032 seconds
[2025-04-27T17:20:58.758+0000] {processor.py:161} INFO - Started process (PID=12864) to work on /opt/airflow/dags/Code explanation.xlsx
[2025-04-27T17:20:58.759+0000] {processor.py:830} INFO - Processing file /opt/airflow/dags/Code explanation.xlsx for tasks to queue
[2025-04-27T17:20:58.760+0000] {logging_mixin.py:188} INFO - [2025-04-27T17:20:58.760+0000] {dagbag.py:538} INFO - Filling up the DagBag from /opt/airflow/dags/Code explanation.xlsx
[2025-04-27T17:20:58.774+0000] {processor.py:842} WARNING - No viable dags retrieved from /opt/airflow/dags/Code explanation.xlsx
[2025-04-27T17:20:58.788+0000] {processor.py:183} INFO - Processing /opt/airflow/dags/Code explanation.xlsx took 0.032 seconds
[2025-04-27T17:21:29.161+0000] {processor.py:161} INFO - Started process (PID=12907) to work on /opt/airflow/dags/Code explanation.xlsx
[2025-04-27T17:21:29.161+0000] {processor.py:830} INFO - Processing file /opt/airflow/dags/Code explanation.xlsx for tasks to queue
[2025-04-27T17:21:29.162+0000] {logging_mixin.py:188} INFO - [2025-04-27T17:21:29.162+0000] {dagbag.py:538} INFO - Filling up the DagBag from /opt/airflow/dags/Code explanation.xlsx
[2025-04-27T17:21:29.173+0000] {processor.py:842} WARNING - No viable dags retrieved from /opt/airflow/dags/Code explanation.xlsx
[2025-04-27T17:21:29.185+0000] {processor.py:183} INFO - Processing /opt/airflow/dags/Code explanation.xlsx took 0.027 seconds
[2025-04-27T17:22:00.319+0000] {processor.py:161} INFO - Started process (PID=12950) to work on /opt/airflow/dags/Code explanation.xlsx
[2025-04-27T17:22:00.320+0000] {processor.py:830} INFO - Processing file /opt/airflow/dags/Code explanation.xlsx for tasks to queue
[2025-04-27T17:22:00.322+0000] {logging_mixin.py:188} INFO - [2025-04-27T17:22:00.321+0000] {dagbag.py:538} INFO - Filling up the DagBag from /opt/airflow/dags/Code explanation.xlsx
[2025-04-27T17:22:00.341+0000] {processor.py:842} WARNING - No viable dags retrieved from /opt/airflow/dags/Code explanation.xlsx
[2025-04-27T17:22:00.365+0000] {processor.py:183} INFO - Processing /opt/airflow/dags/Code explanation.xlsx took 0.051 seconds
[2025-04-27T17:22:30.684+0000] {processor.py:161} INFO - Started process (PID=12995) to work on /opt/airflow/dags/Code explanation.xlsx
[2025-04-27T17:22:30.685+0000] {processor.py:830} INFO - Processing file /opt/airflow/dags/Code explanation.xlsx for tasks to queue
[2025-04-27T17:22:30.686+0000] {logging_mixin.py:188} INFO - [2025-04-27T17:22:30.686+0000] {dagbag.py:538} INFO - Filling up the DagBag from /opt/airflow/dags/Code explanation.xlsx
[2025-04-27T17:22:30.696+0000] {processor.py:842} WARNING - No viable dags retrieved from /opt/airflow/dags/Code explanation.xlsx
[2025-04-27T17:22:30.707+0000] {processor.py:183} INFO - Processing /opt/airflow/dags/Code explanation.xlsx took 0.026 seconds
[2025-04-27T17:23:01.215+0000] {processor.py:161} INFO - Started process (PID=13036) to work on /opt/airflow/dags/Code explanation.xlsx
[2025-04-27T17:23:01.216+0000] {processor.py:830} INFO - Processing file /opt/airflow/dags/Code explanation.xlsx for tasks to queue
[2025-04-27T17:23:01.217+0000] {logging_mixin.py:188} INFO - [2025-04-27T17:23:01.216+0000] {dagbag.py:538} INFO - Filling up the DagBag from /opt/airflow/dags/Code explanation.xlsx
[2025-04-27T17:23:01.227+0000] {processor.py:842} WARNING - No viable dags retrieved from /opt/airflow/dags/Code explanation.xlsx
[2025-04-27T17:23:01.240+0000] {processor.py:183} INFO - Processing /opt/airflow/dags/Code explanation.xlsx took 0.027 seconds
[2025-04-27T17:27:45.591+0000] {processor.py:161} INFO - Started process (PID=13087) to work on /opt/airflow/dags/Code explanation.xlsx
[2025-04-27T17:27:45.602+0000] {processor.py:830} INFO - Processing file /opt/airflow/dags/Code explanation.xlsx for tasks to queue
[2025-04-27T17:27:45.605+0000] {logging_mixin.py:188} INFO - [2025-04-27T17:27:45.604+0000] {dagbag.py:538} INFO - Filling up the DagBag from /opt/airflow/dags/Code explanation.xlsx
[2025-04-27T17:27:45.654+0000] {processor.py:842} WARNING - No viable dags retrieved from /opt/airflow/dags/Code explanation.xlsx
[2025-04-27T17:27:45.705+0000] {processor.py:183} INFO - Processing /opt/airflow/dags/Code explanation.xlsx took 0.121 seconds
[2025-04-27T17:28:15.874+0000] {processor.py:161} INFO - Started process (PID=13124) to work on /opt/airflow/dags/Code explanation.xlsx
[2025-04-27T17:28:15.875+0000] {processor.py:830} INFO - Processing file /opt/airflow/dags/Code explanation.xlsx for tasks to queue
[2025-04-27T17:28:15.876+0000] {logging_mixin.py:188} INFO - [2025-04-27T17:28:15.876+0000] {dagbag.py:538} INFO - Filling up the DagBag from /opt/airflow/dags/Code explanation.xlsx
[2025-04-27T17:28:15.888+0000] {processor.py:842} WARNING - No viable dags retrieved from /opt/airflow/dags/Code explanation.xlsx
[2025-04-27T17:28:15.903+0000] {processor.py:183} INFO - Processing /opt/airflow/dags/Code explanation.xlsx took 0.032 seconds
[2025-04-27T17:28:46.739+0000] {processor.py:161} INFO - Started process (PID=13167) to work on /opt/airflow/dags/Code explanation.xlsx
[2025-04-27T17:28:46.740+0000] {processor.py:830} INFO - Processing file /opt/airflow/dags/Code explanation.xlsx for tasks to queue
[2025-04-27T17:28:46.741+0000] {logging_mixin.py:188} INFO - [2025-04-27T17:28:46.741+0000] {dagbag.py:538} INFO - Filling up the DagBag from /opt/airflow/dags/Code explanation.xlsx
[2025-04-27T17:28:46.754+0000] {processor.py:842} WARNING - No viable dags retrieved from /opt/airflow/dags/Code explanation.xlsx
[2025-04-27T17:28:46.769+0000] {processor.py:183} INFO - Processing /opt/airflow/dags/Code explanation.xlsx took 0.032 seconds
[2025-04-27T17:29:17.017+0000] {processor.py:161} INFO - Started process (PID=13205) to work on /opt/airflow/dags/Code explanation.xlsx
[2025-04-27T17:29:17.018+0000] {processor.py:830} INFO - Processing file /opt/airflow/dags/Code explanation.xlsx for tasks to queue
[2025-04-27T17:29:17.019+0000] {logging_mixin.py:188} INFO - [2025-04-27T17:29:17.019+0000] {dagbag.py:538} INFO - Filling up the DagBag from /opt/airflow/dags/Code explanation.xlsx
[2025-04-27T17:29:17.030+0000] {processor.py:842} WARNING - No viable dags retrieved from /opt/airflow/dags/Code explanation.xlsx
[2025-04-27T17:29:17.042+0000] {processor.py:183} INFO - Processing /opt/airflow/dags/Code explanation.xlsx took 0.028 seconds
[2025-04-27T17:29:47.897+0000] {processor.py:161} INFO - Started process (PID=13255) to work on /opt/airflow/dags/Code explanation.xlsx
[2025-04-27T17:29:47.898+0000] {processor.py:830} INFO - Processing file /opt/airflow/dags/Code explanation.xlsx for tasks to queue
[2025-04-27T17:29:47.900+0000] {logging_mixin.py:188} INFO - [2025-04-27T17:29:47.899+0000] {dagbag.py:538} INFO - Filling up the DagBag from /opt/airflow/dags/Code explanation.xlsx
[2025-04-27T17:29:47.921+0000] {processor.py:842} WARNING - No viable dags retrieved from /opt/airflow/dags/Code explanation.xlsx
[2025-04-27T17:29:47.941+0000] {processor.py:183} INFO - Processing /opt/airflow/dags/Code explanation.xlsx took 0.047 seconds
[2025-04-27T17:30:18.627+0000] {processor.py:161} INFO - Started process (PID=13296) to work on /opt/airflow/dags/Code explanation.xlsx
[2025-04-27T17:30:18.628+0000] {processor.py:830} INFO - Processing file /opt/airflow/dags/Code explanation.xlsx for tasks to queue
[2025-04-27T17:30:18.630+0000] {logging_mixin.py:188} INFO - [2025-04-27T17:30:18.629+0000] {dagbag.py:538} INFO - Filling up the DagBag from /opt/airflow/dags/Code explanation.xlsx
[2025-04-27T17:30:18.645+0000] {processor.py:842} WARNING - No viable dags retrieved from /opt/airflow/dags/Code explanation.xlsx
[2025-04-27T17:30:18.660+0000] {processor.py:183} INFO - Processing /opt/airflow/dags/Code explanation.xlsx took 0.036 seconds
[2025-04-27T17:30:49.348+0000] {processor.py:161} INFO - Started process (PID=13341) to work on /opt/airflow/dags/Code explanation.xlsx
[2025-04-27T17:30:49.349+0000] {processor.py:830} INFO - Processing file /opt/airflow/dags/Code explanation.xlsx for tasks to queue
[2025-04-27T17:30:49.350+0000] {logging_mixin.py:188} INFO - [2025-04-27T17:30:49.350+0000] {dagbag.py:538} INFO - Filling up the DagBag from /opt/airflow/dags/Code explanation.xlsx
[2025-04-27T17:30:49.360+0000] {processor.py:842} WARNING - No viable dags retrieved from /opt/airflow/dags/Code explanation.xlsx
[2025-04-27T17:30:49.371+0000] {processor.py:183} INFO - Processing /opt/airflow/dags/Code explanation.xlsx took 0.025 seconds
[2025-04-27T17:31:19.934+0000] {processor.py:161} INFO - Started process (PID=13382) to work on /opt/airflow/dags/Code explanation.xlsx
[2025-04-27T17:31:19.935+0000] {processor.py:830} INFO - Processing file /opt/airflow/dags/Code explanation.xlsx for tasks to queue
[2025-04-27T17:31:19.936+0000] {logging_mixin.py:188} INFO - [2025-04-27T17:31:19.936+0000] {dagbag.py:538} INFO - Filling up the DagBag from /opt/airflow/dags/Code explanation.xlsx
[2025-04-27T17:31:19.946+0000] {processor.py:842} WARNING - No viable dags retrieved from /opt/airflow/dags/Code explanation.xlsx
[2025-04-27T17:31:19.958+0000] {processor.py:183} INFO - Processing /opt/airflow/dags/Code explanation.xlsx took 0.027 seconds
[2025-04-27T17:31:50.605+0000] {processor.py:161} INFO - Started process (PID=13427) to work on /opt/airflow/dags/Code explanation.xlsx
[2025-04-27T17:31:50.606+0000] {processor.py:830} INFO - Processing file /opt/airflow/dags/Code explanation.xlsx for tasks to queue
[2025-04-27T17:31:50.608+0000] {logging_mixin.py:188} INFO - [2025-04-27T17:31:50.607+0000] {dagbag.py:538} INFO - Filling up the DagBag from /opt/airflow/dags/Code explanation.xlsx
[2025-04-27T17:31:50.623+0000] {processor.py:842} WARNING - No viable dags retrieved from /opt/airflow/dags/Code explanation.xlsx
[2025-04-27T17:31:50.644+0000] {processor.py:183} INFO - Processing /opt/airflow/dags/Code explanation.xlsx took 0.044 seconds
[2025-04-27T17:32:20.726+0000] {processor.py:161} INFO - Started process (PID=13468) to work on /opt/airflow/dags/Code explanation.xlsx
[2025-04-27T17:32:20.728+0000] {processor.py:830} INFO - Processing file /opt/airflow/dags/Code explanation.xlsx for tasks to queue
[2025-04-27T17:32:20.729+0000] {logging_mixin.py:188} INFO - [2025-04-27T17:32:20.729+0000] {dagbag.py:538} INFO - Filling up the DagBag from /opt/airflow/dags/Code explanation.xlsx
[2025-04-27T17:32:20.740+0000] {processor.py:842} WARNING - No viable dags retrieved from /opt/airflow/dags/Code explanation.xlsx
[2025-04-27T17:32:20.752+0000] {processor.py:183} INFO - Processing /opt/airflow/dags/Code explanation.xlsx took 0.028 seconds
[2025-04-27T17:32:51.307+0000] {processor.py:161} INFO - Started process (PID=13513) to work on /opt/airflow/dags/Code explanation.xlsx
[2025-04-27T17:32:51.308+0000] {processor.py:830} INFO - Processing file /opt/airflow/dags/Code explanation.xlsx for tasks to queue
[2025-04-27T17:32:51.309+0000] {logging_mixin.py:188} INFO - [2025-04-27T17:32:51.309+0000] {dagbag.py:538} INFO - Filling up the DagBag from /opt/airflow/dags/Code explanation.xlsx
[2025-04-27T17:32:51.328+0000] {processor.py:842} WARNING - No viable dags retrieved from /opt/airflow/dags/Code explanation.xlsx
[2025-04-27T17:32:51.344+0000] {processor.py:183} INFO - Processing /opt/airflow/dags/Code explanation.xlsx took 0.040 seconds
[2025-04-27T17:33:21.537+0000] {processor.py:161} INFO - Started process (PID=13554) to work on /opt/airflow/dags/Code explanation.xlsx
[2025-04-27T17:33:21.538+0000] {processor.py:830} INFO - Processing file /opt/airflow/dags/Code explanation.xlsx for tasks to queue
[2025-04-27T17:33:21.539+0000] {logging_mixin.py:188} INFO - [2025-04-27T17:33:21.539+0000] {dagbag.py:538} INFO - Filling up the DagBag from /opt/airflow/dags/Code explanation.xlsx
[2025-04-27T17:33:21.551+0000] {processor.py:842} WARNING - No viable dags retrieved from /opt/airflow/dags/Code explanation.xlsx
[2025-04-27T17:33:21.564+0000] {processor.py:183} INFO - Processing /opt/airflow/dags/Code explanation.xlsx took 0.030 seconds
[2025-04-27T17:33:52.075+0000] {processor.py:161} INFO - Started process (PID=13599) to work on /opt/airflow/dags/Code explanation.xlsx
[2025-04-27T17:33:52.077+0000] {processor.py:830} INFO - Processing file /opt/airflow/dags/Code explanation.xlsx for tasks to queue
[2025-04-27T17:33:52.080+0000] {logging_mixin.py:188} INFO - [2025-04-27T17:33:52.080+0000] {dagbag.py:538} INFO - Filling up the DagBag from /opt/airflow/dags/Code explanation.xlsx
[2025-04-27T17:33:52.096+0000] {processor.py:842} WARNING - No viable dags retrieved from /opt/airflow/dags/Code explanation.xlsx
[2025-04-27T17:33:52.112+0000] {processor.py:183} INFO - Processing /opt/airflow/dags/Code explanation.xlsx took 0.039 seconds
[2025-04-27T17:34:22.770+0000] {processor.py:161} INFO - Started process (PID=13640) to work on /opt/airflow/dags/Code explanation.xlsx
[2025-04-27T17:34:22.771+0000] {processor.py:830} INFO - Processing file /opt/airflow/dags/Code explanation.xlsx for tasks to queue
[2025-04-27T17:34:22.773+0000] {logging_mixin.py:188} INFO - [2025-04-27T17:34:22.773+0000] {dagbag.py:538} INFO - Filling up the DagBag from /opt/airflow/dags/Code explanation.xlsx
[2025-04-27T17:34:22.789+0000] {processor.py:842} WARNING - No viable dags retrieved from /opt/airflow/dags/Code explanation.xlsx
[2025-04-27T17:34:22.808+0000] {processor.py:183} INFO - Processing /opt/airflow/dags/Code explanation.xlsx took 0.043 seconds
[2025-04-27T17:34:53.455+0000] {processor.py:161} INFO - Started process (PID=13685) to work on /opt/airflow/dags/Code explanation.xlsx
[2025-04-27T17:34:53.458+0000] {processor.py:830} INFO - Processing file /opt/airflow/dags/Code explanation.xlsx for tasks to queue
[2025-04-27T17:34:53.459+0000] {logging_mixin.py:188} INFO - [2025-04-27T17:34:53.459+0000] {dagbag.py:538} INFO - Filling up the DagBag from /opt/airflow/dags/Code explanation.xlsx
[2025-04-27T17:34:53.471+0000] {processor.py:842} WARNING - No viable dags retrieved from /opt/airflow/dags/Code explanation.xlsx
[2025-04-27T17:34:53.483+0000] {processor.py:183} INFO - Processing /opt/airflow/dags/Code explanation.xlsx took 0.031 seconds
[2025-04-27T17:35:23.891+0000] {processor.py:161} INFO - Started process (PID=13726) to work on /opt/airflow/dags/Code explanation.xlsx
[2025-04-27T17:35:23.892+0000] {processor.py:830} INFO - Processing file /opt/airflow/dags/Code explanation.xlsx for tasks to queue
[2025-04-27T17:35:23.894+0000] {logging_mixin.py:188} INFO - [2025-04-27T17:35:23.893+0000] {dagbag.py:538} INFO - Filling up the DagBag from /opt/airflow/dags/Code explanation.xlsx
[2025-04-27T17:35:23.910+0000] {processor.py:842} WARNING - No viable dags retrieved from /opt/airflow/dags/Code explanation.xlsx
[2025-04-27T17:35:23.930+0000] {processor.py:183} INFO - Processing /opt/airflow/dags/Code explanation.xlsx took 0.041 seconds
[2025-04-27T17:35:54.867+0000] {processor.py:161} INFO - Started process (PID=13771) to work on /opt/airflow/dags/Code explanation.xlsx
[2025-04-27T17:35:54.869+0000] {processor.py:830} INFO - Processing file /opt/airflow/dags/Code explanation.xlsx for tasks to queue
[2025-04-27T17:35:54.870+0000] {logging_mixin.py:188} INFO - [2025-04-27T17:35:54.869+0000] {dagbag.py:538} INFO - Filling up the DagBag from /opt/airflow/dags/Code explanation.xlsx
[2025-04-27T17:35:54.884+0000] {processor.py:842} WARNING - No viable dags retrieved from /opt/airflow/dags/Code explanation.xlsx
[2025-04-27T17:35:54.899+0000] {processor.py:183} INFO - Processing /opt/airflow/dags/Code explanation.xlsx took 0.036 seconds
[2025-04-27T17:36:25.114+0000] {processor.py:161} INFO - Started process (PID=13812) to work on /opt/airflow/dags/Code explanation.xlsx
[2025-04-27T17:36:25.116+0000] {processor.py:830} INFO - Processing file /opt/airflow/dags/Code explanation.xlsx for tasks to queue
[2025-04-27T17:36:25.118+0000] {logging_mixin.py:188} INFO - [2025-04-27T17:36:25.118+0000] {dagbag.py:538} INFO - Filling up the DagBag from /opt/airflow/dags/Code explanation.xlsx
[2025-04-27T17:36:25.139+0000] {processor.py:842} WARNING - No viable dags retrieved from /opt/airflow/dags/Code explanation.xlsx
[2025-04-27T17:36:25.167+0000] {processor.py:183} INFO - Processing /opt/airflow/dags/Code explanation.xlsx took 0.057 seconds
[2025-04-27T17:36:56.346+0000] {processor.py:161} INFO - Started process (PID=13857) to work on /opt/airflow/dags/Code explanation.xlsx
[2025-04-27T17:36:56.347+0000] {processor.py:830} INFO - Processing file /opt/airflow/dags/Code explanation.xlsx for tasks to queue
[2025-04-27T17:36:56.348+0000] {logging_mixin.py:188} INFO - [2025-04-27T17:36:56.348+0000] {dagbag.py:538} INFO - Filling up the DagBag from /opt/airflow/dags/Code explanation.xlsx
[2025-04-27T17:36:56.361+0000] {processor.py:842} WARNING - No viable dags retrieved from /opt/airflow/dags/Code explanation.xlsx
[2025-04-27T17:36:56.376+0000] {processor.py:183} INFO - Processing /opt/airflow/dags/Code explanation.xlsx took 0.033 seconds
[2025-04-27T17:37:27.150+0000] {processor.py:161} INFO - Started process (PID=13898) to work on /opt/airflow/dags/Code explanation.xlsx
[2025-04-27T17:37:27.151+0000] {processor.py:830} INFO - Processing file /opt/airflow/dags/Code explanation.xlsx for tasks to queue
[2025-04-27T17:37:27.153+0000] {logging_mixin.py:188} INFO - [2025-04-27T17:37:27.152+0000] {dagbag.py:538} INFO - Filling up the DagBag from /opt/airflow/dags/Code explanation.xlsx
[2025-04-27T17:37:27.170+0000] {processor.py:842} WARNING - No viable dags retrieved from /opt/airflow/dags/Code explanation.xlsx
[2025-04-27T17:37:27.189+0000] {processor.py:183} INFO - Processing /opt/airflow/dags/Code explanation.xlsx took 0.043 seconds
[2025-04-27T17:37:58.203+0000] {processor.py:161} INFO - Started process (PID=13941) to work on /opt/airflow/dags/Code explanation.xlsx
[2025-04-27T17:37:58.204+0000] {processor.py:830} INFO - Processing file /opt/airflow/dags/Code explanation.xlsx for tasks to queue
[2025-04-27T17:37:58.206+0000] {logging_mixin.py:188} INFO - [2025-04-27T17:37:58.206+0000] {dagbag.py:538} INFO - Filling up the DagBag from /opt/airflow/dags/Code explanation.xlsx
[2025-04-27T17:37:58.222+0000] {processor.py:842} WARNING - No viable dags retrieved from /opt/airflow/dags/Code explanation.xlsx
[2025-04-27T17:37:58.243+0000] {processor.py:183} INFO - Processing /opt/airflow/dags/Code explanation.xlsx took 0.044 seconds
[2025-04-27T17:38:29.647+0000] {processor.py:161} INFO - Started process (PID=13984) to work on /opt/airflow/dags/Code explanation.xlsx
[2025-04-27T17:38:29.648+0000] {processor.py:830} INFO - Processing file /opt/airflow/dags/Code explanation.xlsx for tasks to queue
[2025-04-27T17:38:29.650+0000] {logging_mixin.py:188} INFO - [2025-04-27T17:38:29.650+0000] {dagbag.py:538} INFO - Filling up the DagBag from /opt/airflow/dags/Code explanation.xlsx
[2025-04-27T17:38:29.670+0000] {processor.py:842} WARNING - No viable dags retrieved from /opt/airflow/dags/Code explanation.xlsx
[2025-04-27T17:38:29.693+0000] {processor.py:183} INFO - Processing /opt/airflow/dags/Code explanation.xlsx took 0.051 seconds
[2025-04-27T17:38:59.844+0000] {processor.py:161} INFO - Started process (PID=14027) to work on /opt/airflow/dags/Code explanation.xlsx
[2025-04-27T17:38:59.846+0000] {processor.py:830} INFO - Processing file /opt/airflow/dags/Code explanation.xlsx for tasks to queue
[2025-04-27T17:38:59.847+0000] {logging_mixin.py:188} INFO - [2025-04-27T17:38:59.847+0000] {dagbag.py:538} INFO - Filling up the DagBag from /opt/airflow/dags/Code explanation.xlsx
[2025-04-27T17:38:59.866+0000] {processor.py:842} WARNING - No viable dags retrieved from /opt/airflow/dags/Code explanation.xlsx
[2025-04-27T17:38:59.897+0000] {processor.py:183} INFO - Processing /opt/airflow/dags/Code explanation.xlsx took 0.057 seconds
[2025-04-27T17:39:30.711+0000] {processor.py:161} INFO - Started process (PID=14070) to work on /opt/airflow/dags/Code explanation.xlsx
[2025-04-27T17:39:30.713+0000] {processor.py:830} INFO - Processing file /opt/airflow/dags/Code explanation.xlsx for tasks to queue
[2025-04-27T17:39:30.716+0000] {logging_mixin.py:188} INFO - [2025-04-27T17:39:30.715+0000] {dagbag.py:538} INFO - Filling up the DagBag from /opt/airflow/dags/Code explanation.xlsx
[2025-04-27T17:39:30.742+0000] {processor.py:842} WARNING - No viable dags retrieved from /opt/airflow/dags/Code explanation.xlsx
[2025-04-27T17:39:30.778+0000] {processor.py:183} INFO - Processing /opt/airflow/dags/Code explanation.xlsx took 0.071 seconds
[2025-04-27T17:40:01.834+0000] {processor.py:161} INFO - Started process (PID=14115) to work on /opt/airflow/dags/Code explanation.xlsx
[2025-04-27T17:40:01.836+0000] {processor.py:830} INFO - Processing file /opt/airflow/dags/Code explanation.xlsx for tasks to queue
[2025-04-27T17:40:01.838+0000] {logging_mixin.py:188} INFO - [2025-04-27T17:40:01.837+0000] {dagbag.py:538} INFO - Filling up the DagBag from /opt/airflow/dags/Code explanation.xlsx
[2025-04-27T17:40:01.853+0000] {processor.py:842} WARNING - No viable dags retrieved from /opt/airflow/dags/Code explanation.xlsx
[2025-04-27T17:40:01.871+0000] {processor.py:183} INFO - Processing /opt/airflow/dags/Code explanation.xlsx took 0.041 seconds
[2025-04-27T17:40:32.796+0000] {processor.py:161} INFO - Started process (PID=14156) to work on /opt/airflow/dags/Code explanation.xlsx
[2025-04-27T17:40:32.798+0000] {processor.py:830} INFO - Processing file /opt/airflow/dags/Code explanation.xlsx for tasks to queue
[2025-04-27T17:40:32.801+0000] {logging_mixin.py:188} INFO - [2025-04-27T17:40:32.799+0000] {dagbag.py:538} INFO - Filling up the DagBag from /opt/airflow/dags/Code explanation.xlsx
[2025-04-27T17:40:32.821+0000] {processor.py:842} WARNING - No viable dags retrieved from /opt/airflow/dags/Code explanation.xlsx
[2025-04-27T17:40:32.842+0000] {processor.py:183} INFO - Processing /opt/airflow/dags/Code explanation.xlsx took 0.050 seconds
[2025-04-27T17:41:03.101+0000] {processor.py:161} INFO - Started process (PID=14199) to work on /opt/airflow/dags/Code explanation.xlsx
[2025-04-27T17:41:03.103+0000] {processor.py:830} INFO - Processing file /opt/airflow/dags/Code explanation.xlsx for tasks to queue
[2025-04-27T17:41:03.105+0000] {logging_mixin.py:188} INFO - [2025-04-27T17:41:03.104+0000] {dagbag.py:538} INFO - Filling up the DagBag from /opt/airflow/dags/Code explanation.xlsx
[2025-04-27T17:41:03.127+0000] {processor.py:842} WARNING - No viable dags retrieved from /opt/airflow/dags/Code explanation.xlsx
[2025-04-27T17:41:03.157+0000] {processor.py:183} INFO - Processing /opt/airflow/dags/Code explanation.xlsx took 0.062 seconds
[2025-04-27T17:41:33.544+0000] {processor.py:161} INFO - Started process (PID=14239) to work on /opt/airflow/dags/Code explanation.xlsx
[2025-04-27T17:41:33.546+0000] {processor.py:830} INFO - Processing file /opt/airflow/dags/Code explanation.xlsx for tasks to queue
[2025-04-27T17:41:33.547+0000] {logging_mixin.py:188} INFO - [2025-04-27T17:41:33.546+0000] {dagbag.py:538} INFO - Filling up the DagBag from /opt/airflow/dags/Code explanation.xlsx
[2025-04-27T17:41:33.559+0000] {processor.py:842} WARNING - No viable dags retrieved from /opt/airflow/dags/Code explanation.xlsx
[2025-04-27T17:41:33.574+0000] {processor.py:183} INFO - Processing /opt/airflow/dags/Code explanation.xlsx took 0.034 seconds
[2025-04-27T17:42:03.988+0000] {processor.py:161} INFO - Started process (PID=14285) to work on /opt/airflow/dags/Code explanation.xlsx
[2025-04-27T17:42:03.989+0000] {processor.py:830} INFO - Processing file /opt/airflow/dags/Code explanation.xlsx for tasks to queue
[2025-04-27T17:42:03.990+0000] {logging_mixin.py:188} INFO - [2025-04-27T17:42:03.989+0000] {dagbag.py:538} INFO - Filling up the DagBag from /opt/airflow/dags/Code explanation.xlsx
[2025-04-27T17:42:04.001+0000] {processor.py:842} WARNING - No viable dags retrieved from /opt/airflow/dags/Code explanation.xlsx
[2025-04-27T17:42:04.019+0000] {processor.py:183} INFO - Processing /opt/airflow/dags/Code explanation.xlsx took 0.033 seconds
[2025-04-27T17:42:34.884+0000] {processor.py:161} INFO - Started process (PID=14328) to work on /opt/airflow/dags/Code explanation.xlsx
[2025-04-27T17:42:34.886+0000] {processor.py:830} INFO - Processing file /opt/airflow/dags/Code explanation.xlsx for tasks to queue
[2025-04-27T17:42:34.887+0000] {logging_mixin.py:188} INFO - [2025-04-27T17:42:34.886+0000] {dagbag.py:538} INFO - Filling up the DagBag from /opt/airflow/dags/Code explanation.xlsx
[2025-04-27T17:42:34.899+0000] {processor.py:842} WARNING - No viable dags retrieved from /opt/airflow/dags/Code explanation.xlsx
[2025-04-27T17:42:34.919+0000] {processor.py:183} INFO - Processing /opt/airflow/dags/Code explanation.xlsx took 0.039 seconds
[2025-04-27T17:43:05.718+0000] {processor.py:161} INFO - Started process (PID=14371) to work on /opt/airflow/dags/Code explanation.xlsx
[2025-04-27T17:43:05.719+0000] {processor.py:830} INFO - Processing file /opt/airflow/dags/Code explanation.xlsx for tasks to queue
[2025-04-27T17:43:05.720+0000] {logging_mixin.py:188} INFO - [2025-04-27T17:43:05.720+0000] {dagbag.py:538} INFO - Filling up the DagBag from /opt/airflow/dags/Code explanation.xlsx
[2025-04-27T17:43:05.730+0000] {processor.py:842} WARNING - No viable dags retrieved from /opt/airflow/dags/Code explanation.xlsx
[2025-04-27T17:43:05.745+0000] {processor.py:183} INFO - Processing /opt/airflow/dags/Code explanation.xlsx took 0.031 seconds
[2025-04-27T17:43:36.623+0000] {processor.py:161} INFO - Started process (PID=14414) to work on /opt/airflow/dags/Code explanation.xlsx
[2025-04-27T17:43:36.624+0000] {processor.py:830} INFO - Processing file /opt/airflow/dags/Code explanation.xlsx for tasks to queue
[2025-04-27T17:43:36.625+0000] {logging_mixin.py:188} INFO - [2025-04-27T17:43:36.625+0000] {dagbag.py:538} INFO - Filling up the DagBag from /opt/airflow/dags/Code explanation.xlsx
[2025-04-27T17:43:36.637+0000] {processor.py:842} WARNING - No viable dags retrieved from /opt/airflow/dags/Code explanation.xlsx
[2025-04-27T17:43:36.655+0000] {processor.py:183} INFO - Processing /opt/airflow/dags/Code explanation.xlsx took 0.034 seconds
[2025-04-27T17:44:07.182+0000] {processor.py:161} INFO - Started process (PID=14457) to work on /opt/airflow/dags/Code explanation.xlsx
[2025-04-27T17:44:07.183+0000] {processor.py:830} INFO - Processing file /opt/airflow/dags/Code explanation.xlsx for tasks to queue
[2025-04-27T17:44:07.184+0000] {logging_mixin.py:188} INFO - [2025-04-27T17:44:07.184+0000] {dagbag.py:538} INFO - Filling up the DagBag from /opt/airflow/dags/Code explanation.xlsx
[2025-04-27T17:44:07.194+0000] {processor.py:842} WARNING - No viable dags retrieved from /opt/airflow/dags/Code explanation.xlsx
[2025-04-27T17:44:07.207+0000] {processor.py:183} INFO - Processing /opt/airflow/dags/Code explanation.xlsx took 0.028 seconds
[2025-04-27T17:44:37.709+0000] {processor.py:161} INFO - Started process (PID=14500) to work on /opt/airflow/dags/Code explanation.xlsx
[2025-04-27T17:44:37.710+0000] {processor.py:830} INFO - Processing file /opt/airflow/dags/Code explanation.xlsx for tasks to queue
[2025-04-27T17:44:37.711+0000] {logging_mixin.py:188} INFO - [2025-04-27T17:44:37.711+0000] {dagbag.py:538} INFO - Filling up the DagBag from /opt/airflow/dags/Code explanation.xlsx
[2025-04-27T17:44:37.721+0000] {processor.py:842} WARNING - No viable dags retrieved from /opt/airflow/dags/Code explanation.xlsx
[2025-04-27T17:44:37.734+0000] {processor.py:183} INFO - Processing /opt/airflow/dags/Code explanation.xlsx took 0.027 seconds
[2025-04-27T17:45:07.996+0000] {processor.py:161} INFO - Started process (PID=14543) to work on /opt/airflow/dags/Code explanation.xlsx
[2025-04-27T17:45:07.998+0000] {processor.py:830} INFO - Processing file /opt/airflow/dags/Code explanation.xlsx for tasks to queue
[2025-04-27T17:45:07.999+0000] {logging_mixin.py:188} INFO - [2025-04-27T17:45:07.999+0000] {dagbag.py:538} INFO - Filling up the DagBag from /opt/airflow/dags/Code explanation.xlsx
[2025-04-27T17:45:08.025+0000] {processor.py:842} WARNING - No viable dags retrieved from /opt/airflow/dags/Code explanation.xlsx
[2025-04-27T17:45:08.042+0000] {processor.py:183} INFO - Processing /opt/airflow/dags/Code explanation.xlsx took 0.049 seconds
[2025-04-27T17:45:38.572+0000] {processor.py:161} INFO - Started process (PID=14586) to work on /opt/airflow/dags/Code explanation.xlsx
[2025-04-27T17:45:38.574+0000] {processor.py:830} INFO - Processing file /opt/airflow/dags/Code explanation.xlsx for tasks to queue
[2025-04-27T17:45:38.576+0000] {logging_mixin.py:188} INFO - [2025-04-27T17:45:38.576+0000] {dagbag.py:538} INFO - Filling up the DagBag from /opt/airflow/dags/Code explanation.xlsx
[2025-04-27T17:45:38.617+0000] {processor.py:842} WARNING - No viable dags retrieved from /opt/airflow/dags/Code explanation.xlsx
[2025-04-27T17:45:38.646+0000] {processor.py:183} INFO - Processing /opt/airflow/dags/Code explanation.xlsx took 0.078 seconds
[2025-04-27T17:46:08.777+0000] {processor.py:161} INFO - Started process (PID=14626) to work on /opt/airflow/dags/Code explanation.xlsx
[2025-04-27T17:46:08.778+0000] {processor.py:830} INFO - Processing file /opt/airflow/dags/Code explanation.xlsx for tasks to queue
[2025-04-27T17:46:08.779+0000] {logging_mixin.py:188} INFO - [2025-04-27T17:46:08.779+0000] {dagbag.py:538} INFO - Filling up the DagBag from /opt/airflow/dags/Code explanation.xlsx
[2025-04-27T17:46:08.787+0000] {processor.py:842} WARNING - No viable dags retrieved from /opt/airflow/dags/Code explanation.xlsx
[2025-04-27T17:46:08.801+0000] {processor.py:183} INFO - Processing /opt/airflow/dags/Code explanation.xlsx took 0.027 seconds
[2025-04-27T17:46:39.276+0000] {processor.py:161} INFO - Started process (PID=14669) to work on /opt/airflow/dags/Code explanation.xlsx
[2025-04-27T17:46:39.277+0000] {processor.py:830} INFO - Processing file /opt/airflow/dags/Code explanation.xlsx for tasks to queue
[2025-04-27T17:46:39.278+0000] {logging_mixin.py:188} INFO - [2025-04-27T17:46:39.278+0000] {dagbag.py:538} INFO - Filling up the DagBag from /opt/airflow/dags/Code explanation.xlsx
[2025-04-27T17:46:39.290+0000] {processor.py:842} WARNING - No viable dags retrieved from /opt/airflow/dags/Code explanation.xlsx
[2025-04-27T17:46:39.305+0000] {processor.py:183} INFO - Processing /opt/airflow/dags/Code explanation.xlsx took 0.032 seconds
[2025-04-27T17:47:09.633+0000] {processor.py:161} INFO - Started process (PID=14712) to work on /opt/airflow/dags/Code explanation.xlsx
[2025-04-27T17:47:09.634+0000] {processor.py:830} INFO - Processing file /opt/airflow/dags/Code explanation.xlsx for tasks to queue
[2025-04-27T17:47:09.635+0000] {logging_mixin.py:188} INFO - [2025-04-27T17:47:09.634+0000] {dagbag.py:538} INFO - Filling up the DagBag from /opt/airflow/dags/Code explanation.xlsx
[2025-04-27T17:47:09.646+0000] {processor.py:842} WARNING - No viable dags retrieved from /opt/airflow/dags/Code explanation.xlsx
[2025-04-27T17:47:09.657+0000] {processor.py:183} INFO - Processing /opt/airflow/dags/Code explanation.xlsx took 0.026 seconds
[2025-04-27T17:47:39.908+0000] {processor.py:161} INFO - Started process (PID=14755) to work on /opt/airflow/dags/Code explanation.xlsx
[2025-04-27T17:47:39.909+0000] {processor.py:830} INFO - Processing file /opt/airflow/dags/Code explanation.xlsx for tasks to queue
[2025-04-27T17:47:39.910+0000] {logging_mixin.py:188} INFO - [2025-04-27T17:47:39.909+0000] {dagbag.py:538} INFO - Filling up the DagBag from /opt/airflow/dags/Code explanation.xlsx
[2025-04-27T17:47:39.920+0000] {processor.py:842} WARNING - No viable dags retrieved from /opt/airflow/dags/Code explanation.xlsx
[2025-04-27T17:47:39.932+0000] {processor.py:183} INFO - Processing /opt/airflow/dags/Code explanation.xlsx took 0.026 seconds
[2025-04-27T17:48:10.264+0000] {processor.py:161} INFO - Started process (PID=14798) to work on /opt/airflow/dags/Code explanation.xlsx
[2025-04-27T17:48:10.265+0000] {processor.py:830} INFO - Processing file /opt/airflow/dags/Code explanation.xlsx for tasks to queue
[2025-04-27T17:48:10.266+0000] {logging_mixin.py:188} INFO - [2025-04-27T17:48:10.266+0000] {dagbag.py:538} INFO - Filling up the DagBag from /opt/airflow/dags/Code explanation.xlsx
[2025-04-27T17:48:10.276+0000] {processor.py:842} WARNING - No viable dags retrieved from /opt/airflow/dags/Code explanation.xlsx
[2025-04-27T17:48:10.289+0000] {processor.py:183} INFO - Processing /opt/airflow/dags/Code explanation.xlsx took 0.029 seconds
[2025-04-27T17:48:41.105+0000] {processor.py:161} INFO - Started process (PID=14841) to work on /opt/airflow/dags/Code explanation.xlsx
[2025-04-27T17:48:41.105+0000] {processor.py:830} INFO - Processing file /opt/airflow/dags/Code explanation.xlsx for tasks to queue
[2025-04-27T17:48:41.106+0000] {logging_mixin.py:188} INFO - [2025-04-27T17:48:41.106+0000] {dagbag.py:538} INFO - Filling up the DagBag from /opt/airflow/dags/Code explanation.xlsx
[2025-04-27T17:48:41.118+0000] {processor.py:842} WARNING - No viable dags retrieved from /opt/airflow/dags/Code explanation.xlsx
[2025-04-27T17:48:41.131+0000] {processor.py:183} INFO - Processing /opt/airflow/dags/Code explanation.xlsx took 0.029 seconds
[2025-04-27T17:49:11.861+0000] {processor.py:161} INFO - Started process (PID=14884) to work on /opt/airflow/dags/Code explanation.xlsx
[2025-04-27T17:49:11.863+0000] {processor.py:830} INFO - Processing file /opt/airflow/dags/Code explanation.xlsx for tasks to queue
[2025-04-27T17:49:11.864+0000] {logging_mixin.py:188} INFO - [2025-04-27T17:49:11.863+0000] {dagbag.py:538} INFO - Filling up the DagBag from /opt/airflow/dags/Code explanation.xlsx
[2025-04-27T17:49:11.881+0000] {processor.py:842} WARNING - No viable dags retrieved from /opt/airflow/dags/Code explanation.xlsx
[2025-04-27T17:49:11.900+0000] {processor.py:183} INFO - Processing /opt/airflow/dags/Code explanation.xlsx took 0.041 seconds
[2025-04-27T17:49:42.438+0000] {processor.py:161} INFO - Started process (PID=14927) to work on /opt/airflow/dags/Code explanation.xlsx
[2025-04-27T17:49:42.439+0000] {processor.py:830} INFO - Processing file /opt/airflow/dags/Code explanation.xlsx for tasks to queue
[2025-04-27T17:49:42.440+0000] {logging_mixin.py:188} INFO - [2025-04-27T17:49:42.440+0000] {dagbag.py:538} INFO - Filling up the DagBag from /opt/airflow/dags/Code explanation.xlsx
[2025-04-27T17:49:42.452+0000] {processor.py:842} WARNING - No viable dags retrieved from /opt/airflow/dags/Code explanation.xlsx
[2025-04-27T17:49:42.473+0000] {processor.py:183} INFO - Processing /opt/airflow/dags/Code explanation.xlsx took 0.037 seconds
[2025-04-27T17:50:12.831+0000] {processor.py:161} INFO - Started process (PID=14970) to work on /opt/airflow/dags/Code explanation.xlsx
[2025-04-27T17:50:12.832+0000] {processor.py:830} INFO - Processing file /opt/airflow/dags/Code explanation.xlsx for tasks to queue
[2025-04-27T17:50:12.833+0000] {logging_mixin.py:188} INFO - [2025-04-27T17:50:12.833+0000] {dagbag.py:538} INFO - Filling up the DagBag from /opt/airflow/dags/Code explanation.xlsx
[2025-04-27T17:50:12.850+0000] {processor.py:842} WARNING - No viable dags retrieved from /opt/airflow/dags/Code explanation.xlsx
[2025-04-27T17:50:12.876+0000] {processor.py:183} INFO - Processing /opt/airflow/dags/Code explanation.xlsx took 0.048 seconds
[2025-04-27T17:50:43.709+0000] {processor.py:161} INFO - Started process (PID=15013) to work on /opt/airflow/dags/Code explanation.xlsx
[2025-04-27T17:50:43.711+0000] {processor.py:830} INFO - Processing file /opt/airflow/dags/Code explanation.xlsx for tasks to queue
[2025-04-27T17:50:43.712+0000] {logging_mixin.py:188} INFO - [2025-04-27T17:50:43.712+0000] {dagbag.py:538} INFO - Filling up the DagBag from /opt/airflow/dags/Code explanation.xlsx
[2025-04-27T17:50:43.728+0000] {processor.py:842} WARNING - No viable dags retrieved from /opt/airflow/dags/Code explanation.xlsx
[2025-04-27T17:50:43.749+0000] {processor.py:183} INFO - Processing /opt/airflow/dags/Code explanation.xlsx took 0.047 seconds
[2025-04-27T17:51:13.887+0000] {processor.py:161} INFO - Started process (PID=15056) to work on /opt/airflow/dags/Code explanation.xlsx
[2025-04-27T17:51:13.889+0000] {processor.py:830} INFO - Processing file /opt/airflow/dags/Code explanation.xlsx for tasks to queue
[2025-04-27T17:51:13.895+0000] {logging_mixin.py:188} INFO - [2025-04-27T17:51:13.893+0000] {dagbag.py:538} INFO - Filling up the DagBag from /opt/airflow/dags/Code explanation.xlsx
[2025-04-27T17:51:13.917+0000] {processor.py:842} WARNING - No viable dags retrieved from /opt/airflow/dags/Code explanation.xlsx
[2025-04-27T17:51:13.943+0000] {processor.py:183} INFO - Processing /opt/airflow/dags/Code explanation.xlsx took 0.062 seconds
[2025-04-27T17:51:44.658+0000] {processor.py:161} INFO - Started process (PID=15099) to work on /opt/airflow/dags/Code explanation.xlsx
[2025-04-27T17:51:44.660+0000] {processor.py:830} INFO - Processing file /opt/airflow/dags/Code explanation.xlsx for tasks to queue
[2025-04-27T17:51:44.662+0000] {logging_mixin.py:188} INFO - [2025-04-27T17:51:44.661+0000] {dagbag.py:538} INFO - Filling up the DagBag from /opt/airflow/dags/Code explanation.xlsx
[2025-04-27T17:51:44.681+0000] {processor.py:842} WARNING - No viable dags retrieved from /opt/airflow/dags/Code explanation.xlsx
[2025-04-27T17:51:44.706+0000] {processor.py:183} INFO - Processing /opt/airflow/dags/Code explanation.xlsx took 0.054 seconds
[2025-04-27T17:52:15.476+0000] {processor.py:161} INFO - Started process (PID=15142) to work on /opt/airflow/dags/Code explanation.xlsx
[2025-04-27T17:52:15.478+0000] {processor.py:830} INFO - Processing file /opt/airflow/dags/Code explanation.xlsx for tasks to queue
[2025-04-27T17:52:15.480+0000] {logging_mixin.py:188} INFO - [2025-04-27T17:52:15.480+0000] {dagbag.py:538} INFO - Filling up the DagBag from /opt/airflow/dags/Code explanation.xlsx
[2025-04-27T17:52:15.502+0000] {processor.py:842} WARNING - No viable dags retrieved from /opt/airflow/dags/Code explanation.xlsx
[2025-04-27T17:52:15.528+0000] {processor.py:183} INFO - Processing /opt/airflow/dags/Code explanation.xlsx took 0.057 seconds
[2025-04-27T17:52:46.554+0000] {processor.py:161} INFO - Started process (PID=15183) to work on /opt/airflow/dags/Code explanation.xlsx
[2025-04-27T17:52:46.555+0000] {processor.py:830} INFO - Processing file /opt/airflow/dags/Code explanation.xlsx for tasks to queue
[2025-04-27T17:52:46.557+0000] {logging_mixin.py:188} INFO - [2025-04-27T17:52:46.556+0000] {dagbag.py:538} INFO - Filling up the DagBag from /opt/airflow/dags/Code explanation.xlsx
[2025-04-27T17:52:46.572+0000] {processor.py:842} WARNING - No viable dags retrieved from /opt/airflow/dags/Code explanation.xlsx
[2025-04-27T17:52:46.591+0000] {processor.py:183} INFO - Processing /opt/airflow/dags/Code explanation.xlsx took 0.042 seconds
[2025-04-27T17:53:17.178+0000] {processor.py:161} INFO - Started process (PID=15228) to work on /opt/airflow/dags/Code explanation.xlsx
[2025-04-27T17:53:17.180+0000] {processor.py:830} INFO - Processing file /opt/airflow/dags/Code explanation.xlsx for tasks to queue
[2025-04-27T17:53:17.181+0000] {logging_mixin.py:188} INFO - [2025-04-27T17:53:17.181+0000] {dagbag.py:538} INFO - Filling up the DagBag from /opt/airflow/dags/Code explanation.xlsx
[2025-04-27T17:53:17.197+0000] {processor.py:842} WARNING - No viable dags retrieved from /opt/airflow/dags/Code explanation.xlsx
[2025-04-27T17:53:17.221+0000] {processor.py:183} INFO - Processing /opt/airflow/dags/Code explanation.xlsx took 0.046 seconds
[2025-04-27T17:53:47.606+0000] {processor.py:161} INFO - Started process (PID=15271) to work on /opt/airflow/dags/Code explanation.xlsx
[2025-04-27T17:53:47.607+0000] {processor.py:830} INFO - Processing file /opt/airflow/dags/Code explanation.xlsx for tasks to queue
[2025-04-27T17:53:47.609+0000] {logging_mixin.py:188} INFO - [2025-04-27T17:53:47.608+0000] {dagbag.py:538} INFO - Filling up the DagBag from /opt/airflow/dags/Code explanation.xlsx
[2025-04-27T17:53:47.624+0000] {processor.py:842} WARNING - No viable dags retrieved from /opt/airflow/dags/Code explanation.xlsx
[2025-04-27T17:53:47.644+0000] {processor.py:183} INFO - Processing /opt/airflow/dags/Code explanation.xlsx took 0.042 seconds
[2025-04-27T17:54:18.261+0000] {processor.py:161} INFO - Started process (PID=15312) to work on /opt/airflow/dags/Code explanation.xlsx
[2025-04-27T17:54:18.262+0000] {processor.py:830} INFO - Processing file /opt/airflow/dags/Code explanation.xlsx for tasks to queue
[2025-04-27T17:54:18.264+0000] {logging_mixin.py:188} INFO - [2025-04-27T17:54:18.264+0000] {dagbag.py:538} INFO - Filling up the DagBag from /opt/airflow/dags/Code explanation.xlsx
[2025-04-27T17:54:18.283+0000] {processor.py:842} WARNING - No viable dags retrieved from /opt/airflow/dags/Code explanation.xlsx
[2025-04-27T17:54:18.306+0000] {processor.py:183} INFO - Processing /opt/airflow/dags/Code explanation.xlsx took 0.049 seconds
[2025-04-27T17:54:48.852+0000] {processor.py:161} INFO - Started process (PID=15355) to work on /opt/airflow/dags/Code explanation.xlsx
[2025-04-27T17:54:48.857+0000] {processor.py:830} INFO - Processing file /opt/airflow/dags/Code explanation.xlsx for tasks to queue
[2025-04-27T17:54:48.860+0000] {logging_mixin.py:188} INFO - [2025-04-27T17:54:48.859+0000] {dagbag.py:538} INFO - Filling up the DagBag from /opt/airflow/dags/Code explanation.xlsx
[2025-04-27T17:54:48.879+0000] {processor.py:842} WARNING - No viable dags retrieved from /opt/airflow/dags/Code explanation.xlsx
[2025-04-27T17:54:48.905+0000] {processor.py:183} INFO - Processing /opt/airflow/dags/Code explanation.xlsx took 0.058 seconds
[2025-04-27T17:55:51.471+0000] {processor.py:161} INFO - Started process (PID=186) to work on /opt/airflow/dags/Code explanation.xlsx
[2025-04-27T17:55:51.474+0000] {processor.py:830} INFO - Processing file /opt/airflow/dags/Code explanation.xlsx for tasks to queue
[2025-04-27T17:55:51.476+0000] {logging_mixin.py:188} INFO - [2025-04-27T17:55:51.476+0000] {dagbag.py:538} INFO - Filling up the DagBag from /opt/airflow/dags/Code explanation.xlsx
[2025-04-27T17:55:51.497+0000] {processor.py:842} WARNING - No viable dags retrieved from /opt/airflow/dags/Code explanation.xlsx
[2025-04-27T17:55:51.530+0000] {processor.py:183} INFO - Processing /opt/airflow/dags/Code explanation.xlsx took 0.064 seconds
[2025-04-27T17:56:21.637+0000] {processor.py:161} INFO - Started process (PID=223) to work on /opt/airflow/dags/Code explanation.xlsx
[2025-04-27T17:56:21.638+0000] {processor.py:830} INFO - Processing file /opt/airflow/dags/Code explanation.xlsx for tasks to queue
[2025-04-27T17:56:21.638+0000] {logging_mixin.py:188} INFO - [2025-04-27T17:56:21.638+0000] {dagbag.py:538} INFO - Filling up the DagBag from /opt/airflow/dags/Code explanation.xlsx
[2025-04-27T17:56:21.649+0000] {processor.py:842} WARNING - No viable dags retrieved from /opt/airflow/dags/Code explanation.xlsx
[2025-04-27T17:56:21.663+0000] {processor.py:183} INFO - Processing /opt/airflow/dags/Code explanation.xlsx took 0.028 seconds
[2025-04-27T17:56:52.204+0000] {processor.py:161} INFO - Started process (PID=266) to work on /opt/airflow/dags/Code explanation.xlsx
[2025-04-27T17:56:52.205+0000] {processor.py:830} INFO - Processing file /opt/airflow/dags/Code explanation.xlsx for tasks to queue
[2025-04-27T17:56:52.208+0000] {logging_mixin.py:188} INFO - [2025-04-27T17:56:52.207+0000] {dagbag.py:538} INFO - Filling up the DagBag from /opt/airflow/dags/Code explanation.xlsx
[2025-04-27T17:56:52.220+0000] {processor.py:842} WARNING - No viable dags retrieved from /opt/airflow/dags/Code explanation.xlsx
[2025-04-27T17:56:52.234+0000] {processor.py:183} INFO - Processing /opt/airflow/dags/Code explanation.xlsx took 0.033 seconds
[2025-04-27T17:57:24.216+0000] {processor.py:161} INFO - Started process (PID=318) to work on /opt/airflow/dags/Code explanation.xlsx
[2025-04-27T17:57:24.220+0000] {processor.py:830} INFO - Processing file /opt/airflow/dags/Code explanation.xlsx for tasks to queue
[2025-04-27T17:57:24.222+0000] {logging_mixin.py:188} INFO - [2025-04-27T17:57:24.221+0000] {dagbag.py:538} INFO - Filling up the DagBag from /opt/airflow/dags/Code explanation.xlsx
[2025-04-27T17:57:24.254+0000] {processor.py:842} WARNING - No viable dags retrieved from /opt/airflow/dags/Code explanation.xlsx
[2025-04-27T17:57:24.294+0000] {processor.py:183} INFO - Processing /opt/airflow/dags/Code explanation.xlsx took 0.082 seconds
[2025-04-27T17:57:54.886+0000] {processor.py:161} INFO - Started process (PID=358) to work on /opt/airflow/dags/Code explanation.xlsx
[2025-04-27T17:57:54.890+0000] {processor.py:830} INFO - Processing file /opt/airflow/dags/Code explanation.xlsx for tasks to queue
[2025-04-27T17:57:54.892+0000] {logging_mixin.py:188} INFO - [2025-04-27T17:57:54.892+0000] {dagbag.py:538} INFO - Filling up the DagBag from /opt/airflow/dags/Code explanation.xlsx
[2025-04-27T17:57:54.912+0000] {processor.py:842} WARNING - No viable dags retrieved from /opt/airflow/dags/Code explanation.xlsx
[2025-04-27T17:57:54.935+0000] {processor.py:183} INFO - Processing /opt/airflow/dags/Code explanation.xlsx took 0.053 seconds
[2025-04-27T17:58:25.038+0000] {processor.py:161} INFO - Started process (PID=398) to work on /opt/airflow/dags/Code explanation.xlsx
[2025-04-27T17:58:25.039+0000] {processor.py:830} INFO - Processing file /opt/airflow/dags/Code explanation.xlsx for tasks to queue
[2025-04-27T17:58:25.041+0000] {logging_mixin.py:188} INFO - [2025-04-27T17:58:25.040+0000] {dagbag.py:538} INFO - Filling up the DagBag from /opt/airflow/dags/Code explanation.xlsx
[2025-04-27T17:58:25.055+0000] {processor.py:842} WARNING - No viable dags retrieved from /opt/airflow/dags/Code explanation.xlsx
[2025-04-27T17:58:25.071+0000] {processor.py:183} INFO - Processing /opt/airflow/dags/Code explanation.xlsx took 0.036 seconds
[2025-04-27T17:58:55.778+0000] {processor.py:161} INFO - Started process (PID=441) to work on /opt/airflow/dags/Code explanation.xlsx
[2025-04-27T17:58:55.780+0000] {processor.py:830} INFO - Processing file /opt/airflow/dags/Code explanation.xlsx for tasks to queue
[2025-04-27T17:58:55.781+0000] {logging_mixin.py:188} INFO - [2025-04-27T17:58:55.781+0000] {dagbag.py:538} INFO - Filling up the DagBag from /opt/airflow/dags/Code explanation.xlsx
[2025-04-27T17:58:55.795+0000] {processor.py:842} WARNING - No viable dags retrieved from /opt/airflow/dags/Code explanation.xlsx
[2025-04-27T17:58:55.812+0000] {processor.py:183} INFO - Processing /opt/airflow/dags/Code explanation.xlsx took 0.038 seconds
[2025-04-27T17:59:25.876+0000] {processor.py:161} INFO - Started process (PID=484) to work on /opt/airflow/dags/Code explanation.xlsx
[2025-04-27T17:59:25.877+0000] {processor.py:830} INFO - Processing file /opt/airflow/dags/Code explanation.xlsx for tasks to queue
[2025-04-27T17:59:25.878+0000] {logging_mixin.py:188} INFO - [2025-04-27T17:59:25.878+0000] {dagbag.py:538} INFO - Filling up the DagBag from /opt/airflow/dags/Code explanation.xlsx
[2025-04-27T17:59:25.891+0000] {processor.py:842} WARNING - No viable dags retrieved from /opt/airflow/dags/Code explanation.xlsx
[2025-04-27T17:59:25.902+0000] {processor.py:183} INFO - Processing /opt/airflow/dags/Code explanation.xlsx took 0.028 seconds
[2025-04-27T17:59:56.728+0000] {processor.py:161} INFO - Started process (PID=527) to work on /opt/airflow/dags/Code explanation.xlsx
[2025-04-27T17:59:56.731+0000] {processor.py:830} INFO - Processing file /opt/airflow/dags/Code explanation.xlsx for tasks to queue
[2025-04-27T17:59:56.735+0000] {logging_mixin.py:188} INFO - [2025-04-27T17:59:56.734+0000] {dagbag.py:538} INFO - Filling up the DagBag from /opt/airflow/dags/Code explanation.xlsx
[2025-04-27T17:59:56.755+0000] {processor.py:842} WARNING - No viable dags retrieved from /opt/airflow/dags/Code explanation.xlsx
[2025-04-27T17:59:56.784+0000] {processor.py:183} INFO - Processing /opt/airflow/dags/Code explanation.xlsx took 0.068 seconds
[2025-04-27T18:00:26.924+0000] {processor.py:161} INFO - Started process (PID=570) to work on /opt/airflow/dags/Code explanation.xlsx
[2025-04-27T18:00:26.925+0000] {processor.py:830} INFO - Processing file /opt/airflow/dags/Code explanation.xlsx for tasks to queue
[2025-04-27T18:00:26.926+0000] {logging_mixin.py:188} INFO - [2025-04-27T18:00:26.926+0000] {dagbag.py:538} INFO - Filling up the DagBag from /opt/airflow/dags/Code explanation.xlsx
[2025-04-27T18:00:26.937+0000] {processor.py:842} WARNING - No viable dags retrieved from /opt/airflow/dags/Code explanation.xlsx
[2025-04-27T18:00:26.949+0000] {processor.py:183} INFO - Processing /opt/airflow/dags/Code explanation.xlsx took 0.029 seconds
[2025-04-27T18:00:57.136+0000] {processor.py:161} INFO - Started process (PID=613) to work on /opt/airflow/dags/Code explanation.xlsx
[2025-04-27T18:00:57.139+0000] {processor.py:830} INFO - Processing file /opt/airflow/dags/Code explanation.xlsx for tasks to queue
[2025-04-27T18:00:57.153+0000] {logging_mixin.py:188} INFO - [2025-04-27T18:00:57.152+0000] {dagbag.py:538} INFO - Filling up the DagBag from /opt/airflow/dags/Code explanation.xlsx
[2025-04-27T18:00:57.184+0000] {processor.py:842} WARNING - No viable dags retrieved from /opt/airflow/dags/Code explanation.xlsx
[2025-04-27T18:00:57.225+0000] {processor.py:183} INFO - Processing /opt/airflow/dags/Code explanation.xlsx took 0.095 seconds
[2025-04-27T18:01:27.665+0000] {processor.py:161} INFO - Started process (PID=656) to work on /opt/airflow/dags/Code explanation.xlsx
[2025-04-27T18:01:27.667+0000] {processor.py:830} INFO - Processing file /opt/airflow/dags/Code explanation.xlsx for tasks to queue
[2025-04-27T18:01:27.669+0000] {logging_mixin.py:188} INFO - [2025-04-27T18:01:27.668+0000] {dagbag.py:538} INFO - Filling up the DagBag from /opt/airflow/dags/Code explanation.xlsx
[2025-04-27T18:01:27.691+0000] {processor.py:842} WARNING - No viable dags retrieved from /opt/airflow/dags/Code explanation.xlsx
[2025-04-27T18:01:27.724+0000] {processor.py:183} INFO - Processing /opt/airflow/dags/Code explanation.xlsx took 0.063 seconds
[2025-04-27T18:01:57.980+0000] {processor.py:161} INFO - Started process (PID=697) to work on /opt/airflow/dags/Code explanation.xlsx
[2025-04-27T18:01:57.981+0000] {processor.py:830} INFO - Processing file /opt/airflow/dags/Code explanation.xlsx for tasks to queue
[2025-04-27T18:01:57.983+0000] {logging_mixin.py:188} INFO - [2025-04-27T18:01:57.982+0000] {dagbag.py:538} INFO - Filling up the DagBag from /opt/airflow/dags/Code explanation.xlsx
[2025-04-27T18:01:57.998+0000] {processor.py:842} WARNING - No viable dags retrieved from /opt/airflow/dags/Code explanation.xlsx
[2025-04-27T18:01:58.128+0000] {processor.py:183} INFO - Processing /opt/airflow/dags/Code explanation.xlsx took 0.152 seconds
[2025-04-27T18:02:28.429+0000] {processor.py:161} INFO - Started process (PID=740) to work on /opt/airflow/dags/Code explanation.xlsx
[2025-04-27T18:02:28.430+0000] {processor.py:830} INFO - Processing file /opt/airflow/dags/Code explanation.xlsx for tasks to queue
[2025-04-27T18:02:28.431+0000] {logging_mixin.py:188} INFO - [2025-04-27T18:02:28.431+0000] {dagbag.py:538} INFO - Filling up the DagBag from /opt/airflow/dags/Code explanation.xlsx
[2025-04-27T18:02:28.447+0000] {processor.py:842} WARNING - No viable dags retrieved from /opt/airflow/dags/Code explanation.xlsx
[2025-04-27T18:02:28.474+0000] {processor.py:183} INFO - Processing /opt/airflow/dags/Code explanation.xlsx took 0.049 seconds
[2025-04-27T18:02:58.682+0000] {processor.py:161} INFO - Started process (PID=780) to work on /opt/airflow/dags/Code explanation.xlsx
[2025-04-27T18:02:58.685+0000] {processor.py:830} INFO - Processing file /opt/airflow/dags/Code explanation.xlsx for tasks to queue
[2025-04-27T18:02:58.687+0000] {logging_mixin.py:188} INFO - [2025-04-27T18:02:58.686+0000] {dagbag.py:538} INFO - Filling up the DagBag from /opt/airflow/dags/Code explanation.xlsx
[2025-04-27T18:02:58.712+0000] {processor.py:842} WARNING - No viable dags retrieved from /opt/airflow/dags/Code explanation.xlsx
[2025-04-27T18:02:58.740+0000] {processor.py:183} INFO - Processing /opt/airflow/dags/Code explanation.xlsx took 0.063 seconds
[2025-04-27T18:03:29.332+0000] {processor.py:161} INFO - Started process (PID=823) to work on /opt/airflow/dags/Code explanation.xlsx
[2025-04-27T18:03:29.333+0000] {processor.py:830} INFO - Processing file /opt/airflow/dags/Code explanation.xlsx for tasks to queue
[2025-04-27T18:03:29.334+0000] {logging_mixin.py:188} INFO - [2025-04-27T18:03:29.334+0000] {dagbag.py:538} INFO - Filling up the DagBag from /opt/airflow/dags/Code explanation.xlsx
[2025-04-27T18:03:29.348+0000] {processor.py:842} WARNING - No viable dags retrieved from /opt/airflow/dags/Code explanation.xlsx
[2025-04-27T18:03:29.420+0000] {processor.py:183} INFO - Processing /opt/airflow/dags/Code explanation.xlsx took 0.093 seconds
[2025-04-27T18:04:00.036+0000] {processor.py:161} INFO - Started process (PID=866) to work on /opt/airflow/dags/Code explanation.xlsx
[2025-04-27T18:04:00.037+0000] {processor.py:830} INFO - Processing file /opt/airflow/dags/Code explanation.xlsx for tasks to queue
[2025-04-27T18:04:00.039+0000] {logging_mixin.py:188} INFO - [2025-04-27T18:04:00.038+0000] {dagbag.py:538} INFO - Filling up the DagBag from /opt/airflow/dags/Code explanation.xlsx
[2025-04-27T18:04:00.058+0000] {processor.py:842} WARNING - No viable dags retrieved from /opt/airflow/dags/Code explanation.xlsx
[2025-04-27T18:04:00.075+0000] {processor.py:183} INFO - Processing /opt/airflow/dags/Code explanation.xlsx took 0.042 seconds
[2025-04-27T18:04:46.464+0000] {processor.py:161} INFO - Started process (PID=186) to work on /opt/airflow/dags/Code explanation.xlsx
[2025-04-27T18:04:46.466+0000] {processor.py:830} INFO - Processing file /opt/airflow/dags/Code explanation.xlsx for tasks to queue
[2025-04-27T18:04:46.468+0000] {logging_mixin.py:188} INFO - [2025-04-27T18:04:46.468+0000] {dagbag.py:538} INFO - Filling up the DagBag from /opt/airflow/dags/Code explanation.xlsx
[2025-04-27T18:04:46.485+0000] {processor.py:842} WARNING - No viable dags retrieved from /opt/airflow/dags/Code explanation.xlsx
[2025-04-27T18:04:46.507+0000] {processor.py:183} INFO - Processing /opt/airflow/dags/Code explanation.xlsx took 0.048 seconds
[2025-04-27T18:05:17.112+0000] {processor.py:161} INFO - Started process (PID=229) to work on /opt/airflow/dags/Code explanation.xlsx
[2025-04-27T18:05:17.114+0000] {processor.py:830} INFO - Processing file /opt/airflow/dags/Code explanation.xlsx for tasks to queue
[2025-04-27T18:05:17.117+0000] {logging_mixin.py:188} INFO - [2025-04-27T18:05:17.116+0000] {dagbag.py:538} INFO - Filling up the DagBag from /opt/airflow/dags/Code explanation.xlsx
[2025-04-27T18:05:17.140+0000] {processor.py:842} WARNING - No viable dags retrieved from /opt/airflow/dags/Code explanation.xlsx
[2025-04-27T18:05:17.179+0000] {processor.py:183} INFO - Processing /opt/airflow/dags/Code explanation.xlsx took 0.071 seconds
[2025-04-27T18:05:47.870+0000] {processor.py:161} INFO - Started process (PID=269) to work on /opt/airflow/dags/Code explanation.xlsx
[2025-04-27T18:05:47.871+0000] {processor.py:830} INFO - Processing file /opt/airflow/dags/Code explanation.xlsx for tasks to queue
[2025-04-27T18:05:47.873+0000] {logging_mixin.py:188} INFO - [2025-04-27T18:05:47.872+0000] {dagbag.py:538} INFO - Filling up the DagBag from /opt/airflow/dags/Code explanation.xlsx
[2025-04-27T18:05:47.886+0000] {processor.py:842} WARNING - No viable dags retrieved from /opt/airflow/dags/Code explanation.xlsx
[2025-04-27T18:05:47.902+0000] {processor.py:183} INFO - Processing /opt/airflow/dags/Code explanation.xlsx took 0.034 seconds
[2025-04-27T18:06:18.486+0000] {processor.py:161} INFO - Started process (PID=312) to work on /opt/airflow/dags/Code explanation.xlsx
[2025-04-27T18:06:18.489+0000] {processor.py:830} INFO - Processing file /opt/airflow/dags/Code explanation.xlsx for tasks to queue
[2025-04-27T18:06:18.491+0000] {logging_mixin.py:188} INFO - [2025-04-27T18:06:18.490+0000] {dagbag.py:538} INFO - Filling up the DagBag from /opt/airflow/dags/Code explanation.xlsx
[2025-04-27T18:06:18.504+0000] {processor.py:842} WARNING - No viable dags retrieved from /opt/airflow/dags/Code explanation.xlsx
[2025-04-27T18:06:18.520+0000] {processor.py:183} INFO - Processing /opt/airflow/dags/Code explanation.xlsx took 0.038 seconds
[2025-04-27T18:06:49.501+0000] {processor.py:161} INFO - Started process (PID=361) to work on /opt/airflow/dags/Code explanation.xlsx
[2025-04-27T18:06:49.503+0000] {processor.py:830} INFO - Processing file /opt/airflow/dags/Code explanation.xlsx for tasks to queue
[2025-04-27T18:06:49.505+0000] {logging_mixin.py:188} INFO - [2025-04-27T18:06:49.504+0000] {dagbag.py:538} INFO - Filling up the DagBag from /opt/airflow/dags/Code explanation.xlsx
[2025-04-27T18:06:49.525+0000] {processor.py:842} WARNING - No viable dags retrieved from /opt/airflow/dags/Code explanation.xlsx
[2025-04-27T18:06:49.551+0000] {processor.py:183} INFO - Processing /opt/airflow/dags/Code explanation.xlsx took 0.053 seconds
[2025-04-27T18:07:20.412+0000] {processor.py:161} INFO - Started process (PID=404) to work on /opt/airflow/dags/Code explanation.xlsx
[2025-04-27T18:07:20.413+0000] {processor.py:830} INFO - Processing file /opt/airflow/dags/Code explanation.xlsx for tasks to queue
[2025-04-27T18:07:20.414+0000] {logging_mixin.py:188} INFO - [2025-04-27T18:07:20.414+0000] {dagbag.py:538} INFO - Filling up the DagBag from /opt/airflow/dags/Code explanation.xlsx
[2025-04-27T18:07:20.429+0000] {processor.py:842} WARNING - No viable dags retrieved from /opt/airflow/dags/Code explanation.xlsx
[2025-04-27T18:07:20.447+0000] {processor.py:183} INFO - Processing /opt/airflow/dags/Code explanation.xlsx took 0.040 seconds
[2025-04-27T18:07:50.603+0000] {processor.py:161} INFO - Started process (PID=441) to work on /opt/airflow/dags/Code explanation.xlsx
[2025-04-27T18:07:50.604+0000] {processor.py:830} INFO - Processing file /opt/airflow/dags/Code explanation.xlsx for tasks to queue
[2025-04-27T18:07:50.605+0000] {logging_mixin.py:188} INFO - [2025-04-27T18:07:50.605+0000] {dagbag.py:538} INFO - Filling up the DagBag from /opt/airflow/dags/Code explanation.xlsx
[2025-04-27T18:07:50.618+0000] {processor.py:842} WARNING - No viable dags retrieved from /opt/airflow/dags/Code explanation.xlsx
[2025-04-27T18:07:50.634+0000] {processor.py:183} INFO - Processing /opt/airflow/dags/Code explanation.xlsx took 0.034 seconds
[2025-04-27T18:08:21.107+0000] {processor.py:161} INFO - Started process (PID=484) to work on /opt/airflow/dags/Code explanation.xlsx
[2025-04-27T18:08:21.107+0000] {processor.py:830} INFO - Processing file /opt/airflow/dags/Code explanation.xlsx for tasks to queue
[2025-04-27T18:08:21.109+0000] {logging_mixin.py:188} INFO - [2025-04-27T18:08:21.109+0000] {dagbag.py:538} INFO - Filling up the DagBag from /opt/airflow/dags/Code explanation.xlsx
[2025-04-27T18:08:21.119+0000] {processor.py:842} WARNING - No viable dags retrieved from /opt/airflow/dags/Code explanation.xlsx
[2025-04-27T18:08:21.132+0000] {processor.py:183} INFO - Processing /opt/airflow/dags/Code explanation.xlsx took 0.028 seconds
[2025-04-27T18:08:51.331+0000] {processor.py:161} INFO - Started process (PID=527) to work on /opt/airflow/dags/Code explanation.xlsx
[2025-04-27T18:08:51.333+0000] {processor.py:830} INFO - Processing file /opt/airflow/dags/Code explanation.xlsx for tasks to queue
[2025-04-27T18:08:51.333+0000] {logging_mixin.py:188} INFO - [2025-04-27T18:08:51.333+0000] {dagbag.py:538} INFO - Filling up the DagBag from /opt/airflow/dags/Code explanation.xlsx
[2025-04-27T18:08:51.346+0000] {processor.py:842} WARNING - No viable dags retrieved from /opt/airflow/dags/Code explanation.xlsx
[2025-04-27T18:08:51.361+0000] {processor.py:183} INFO - Processing /opt/airflow/dags/Code explanation.xlsx took 0.032 seconds
[2025-04-27T18:09:21.982+0000] {processor.py:161} INFO - Started process (PID=570) to work on /opt/airflow/dags/Code explanation.xlsx
[2025-04-27T18:09:21.983+0000] {processor.py:830} INFO - Processing file /opt/airflow/dags/Code explanation.xlsx for tasks to queue
[2025-04-27T18:09:21.984+0000] {logging_mixin.py:188} INFO - [2025-04-27T18:09:21.983+0000] {dagbag.py:538} INFO - Filling up the DagBag from /opt/airflow/dags/Code explanation.xlsx
[2025-04-27T18:09:21.998+0000] {processor.py:842} WARNING - No viable dags retrieved from /opt/airflow/dags/Code explanation.xlsx
[2025-04-27T18:09:22.019+0000] {processor.py:183} INFO - Processing /opt/airflow/dags/Code explanation.xlsx took 0.039 seconds
[2025-04-27T18:09:52.082+0000] {processor.py:161} INFO - Started process (PID=610) to work on /opt/airflow/dags/Code explanation.xlsx
[2025-04-27T18:09:52.083+0000] {processor.py:830} INFO - Processing file /opt/airflow/dags/Code explanation.xlsx for tasks to queue
[2025-04-27T18:09:52.084+0000] {logging_mixin.py:188} INFO - [2025-04-27T18:09:52.084+0000] {dagbag.py:538} INFO - Filling up the DagBag from /opt/airflow/dags/Code explanation.xlsx
[2025-04-27T18:09:52.093+0000] {processor.py:842} WARNING - No viable dags retrieved from /opt/airflow/dags/Code explanation.xlsx
[2025-04-27T18:09:52.104+0000] {processor.py:183} INFO - Processing /opt/airflow/dags/Code explanation.xlsx took 0.024 seconds
[2025-04-27T18:10:22.692+0000] {processor.py:161} INFO - Started process (PID=656) to work on /opt/airflow/dags/Code explanation.xlsx
[2025-04-27T18:10:22.694+0000] {processor.py:830} INFO - Processing file /opt/airflow/dags/Code explanation.xlsx for tasks to queue
[2025-04-27T18:10:22.695+0000] {logging_mixin.py:188} INFO - [2025-04-27T18:10:22.694+0000] {dagbag.py:538} INFO - Filling up the DagBag from /opt/airflow/dags/Code explanation.xlsx
[2025-04-27T18:10:22.709+0000] {processor.py:842} WARNING - No viable dags retrieved from /opt/airflow/dags/Code explanation.xlsx
[2025-04-27T18:10:22.726+0000] {processor.py:183} INFO - Processing /opt/airflow/dags/Code explanation.xlsx took 0.037 seconds
[2025-04-27T18:10:53.375+0000] {processor.py:161} INFO - Started process (PID=701) to work on /opt/airflow/dags/Code explanation.xlsx
[2025-04-27T18:10:53.376+0000] {processor.py:830} INFO - Processing file /opt/airflow/dags/Code explanation.xlsx for tasks to queue
[2025-04-27T18:10:53.377+0000] {logging_mixin.py:188} INFO - [2025-04-27T18:10:53.377+0000] {dagbag.py:538} INFO - Filling up the DagBag from /opt/airflow/dags/Code explanation.xlsx
[2025-04-27T18:10:53.386+0000] {processor.py:842} WARNING - No viable dags retrieved from /opt/airflow/dags/Code explanation.xlsx
[2025-04-27T18:10:53.398+0000] {processor.py:183} INFO - Processing /opt/airflow/dags/Code explanation.xlsx took 0.025 seconds
[2025-04-27T18:11:23.859+0000] {processor.py:161} INFO - Started process (PID=742) to work on /opt/airflow/dags/Code explanation.xlsx
[2025-04-27T18:11:23.861+0000] {processor.py:830} INFO - Processing file /opt/airflow/dags/Code explanation.xlsx for tasks to queue
[2025-04-27T18:11:23.862+0000] {logging_mixin.py:188} INFO - [2025-04-27T18:11:23.862+0000] {dagbag.py:538} INFO - Filling up the DagBag from /opt/airflow/dags/Code explanation.xlsx
[2025-04-27T18:11:23.881+0000] {processor.py:842} WARNING - No viable dags retrieved from /opt/airflow/dags/Code explanation.xlsx
[2025-04-27T18:11:23.902+0000] {processor.py:183} INFO - Processing /opt/airflow/dags/Code explanation.xlsx took 0.046 seconds
[2025-04-27T18:11:54.680+0000] {processor.py:161} INFO - Started process (PID=787) to work on /opt/airflow/dags/Code explanation.xlsx
[2025-04-27T18:11:54.681+0000] {processor.py:830} INFO - Processing file /opt/airflow/dags/Code explanation.xlsx for tasks to queue
[2025-04-27T18:11:54.683+0000] {logging_mixin.py:188} INFO - [2025-04-27T18:11:54.682+0000] {dagbag.py:538} INFO - Filling up the DagBag from /opt/airflow/dags/Code explanation.xlsx
[2025-04-27T18:11:54.698+0000] {processor.py:842} WARNING - No viable dags retrieved from /opt/airflow/dags/Code explanation.xlsx
[2025-04-27T18:11:54.713+0000] {processor.py:183} INFO - Processing /opt/airflow/dags/Code explanation.xlsx took 0.037 seconds
[2025-04-27T18:12:25.297+0000] {processor.py:161} INFO - Started process (PID=828) to work on /opt/airflow/dags/Code explanation.xlsx
[2025-04-27T18:12:25.298+0000] {processor.py:830} INFO - Processing file /opt/airflow/dags/Code explanation.xlsx for tasks to queue
[2025-04-27T18:12:25.300+0000] {logging_mixin.py:188} INFO - [2025-04-27T18:12:25.299+0000] {dagbag.py:538} INFO - Filling up the DagBag from /opt/airflow/dags/Code explanation.xlsx
[2025-04-27T18:12:25.311+0000] {processor.py:842} WARNING - No viable dags retrieved from /opt/airflow/dags/Code explanation.xlsx
[2025-04-27T18:12:25.325+0000] {processor.py:183} INFO - Processing /opt/airflow/dags/Code explanation.xlsx took 0.030 seconds
[2025-04-27T18:12:55.868+0000] {processor.py:161} INFO - Started process (PID=871) to work on /opt/airflow/dags/Code explanation.xlsx
[2025-04-27T18:12:55.871+0000] {processor.py:830} INFO - Processing file /opt/airflow/dags/Code explanation.xlsx for tasks to queue
[2025-04-27T18:12:55.875+0000] {logging_mixin.py:188} INFO - [2025-04-27T18:12:55.874+0000] {dagbag.py:538} INFO - Filling up the DagBag from /opt/airflow/dags/Code explanation.xlsx
[2025-04-27T18:12:55.898+0000] {processor.py:842} WARNING - No viable dags retrieved from /opt/airflow/dags/Code explanation.xlsx
[2025-04-27T18:12:55.923+0000] {processor.py:183} INFO - Processing /opt/airflow/dags/Code explanation.xlsx took 0.062 seconds
[2025-04-27T18:13:26.731+0000] {processor.py:161} INFO - Started process (PID=914) to work on /opt/airflow/dags/Code explanation.xlsx
[2025-04-27T18:13:26.732+0000] {processor.py:830} INFO - Processing file /opt/airflow/dags/Code explanation.xlsx for tasks to queue
[2025-04-27T18:13:26.734+0000] {logging_mixin.py:188} INFO - [2025-04-27T18:13:26.734+0000] {dagbag.py:538} INFO - Filling up the DagBag from /opt/airflow/dags/Code explanation.xlsx
[2025-04-27T18:13:26.749+0000] {processor.py:842} WARNING - No viable dags retrieved from /opt/airflow/dags/Code explanation.xlsx
[2025-04-27T18:13:26.769+0000] {processor.py:183} INFO - Processing /opt/airflow/dags/Code explanation.xlsx took 0.041 seconds
[2025-04-27T18:13:57.687+0000] {processor.py:161} INFO - Started process (PID=959) to work on /opt/airflow/dags/Code explanation.xlsx
[2025-04-27T18:13:57.689+0000] {processor.py:830} INFO - Processing file /opt/airflow/dags/Code explanation.xlsx for tasks to queue
[2025-04-27T18:13:57.690+0000] {logging_mixin.py:188} INFO - [2025-04-27T18:13:57.689+0000] {dagbag.py:538} INFO - Filling up the DagBag from /opt/airflow/dags/Code explanation.xlsx
[2025-04-27T18:13:57.708+0000] {processor.py:842} WARNING - No viable dags retrieved from /opt/airflow/dags/Code explanation.xlsx
[2025-04-27T18:13:57.724+0000] {processor.py:183} INFO - Processing /opt/airflow/dags/Code explanation.xlsx took 0.041 seconds
[2025-04-27T18:14:28.121+0000] {processor.py:161} INFO - Started process (PID=1000) to work on /opt/airflow/dags/Code explanation.xlsx
[2025-04-27T18:14:28.122+0000] {processor.py:830} INFO - Processing file /opt/airflow/dags/Code explanation.xlsx for tasks to queue
[2025-04-27T18:14:28.124+0000] {logging_mixin.py:188} INFO - [2025-04-27T18:14:28.123+0000] {dagbag.py:538} INFO - Filling up the DagBag from /opt/airflow/dags/Code explanation.xlsx
[2025-04-27T18:14:28.142+0000] {processor.py:842} WARNING - No viable dags retrieved from /opt/airflow/dags/Code explanation.xlsx
[2025-04-27T18:14:28.162+0000] {processor.py:183} INFO - Processing /opt/airflow/dags/Code explanation.xlsx took 0.043 seconds
[2025-04-27T18:14:58.766+0000] {processor.py:161} INFO - Started process (PID=1043) to work on /opt/airflow/dags/Code explanation.xlsx
[2025-04-27T18:14:58.768+0000] {processor.py:830} INFO - Processing file /opt/airflow/dags/Code explanation.xlsx for tasks to queue
[2025-04-27T18:14:58.769+0000] {logging_mixin.py:188} INFO - [2025-04-27T18:14:58.769+0000] {dagbag.py:538} INFO - Filling up the DagBag from /opt/airflow/dags/Code explanation.xlsx
[2025-04-27T18:14:58.785+0000] {processor.py:842} WARNING - No viable dags retrieved from /opt/airflow/dags/Code explanation.xlsx
[2025-04-27T18:14:58.803+0000] {processor.py:183} INFO - Processing /opt/airflow/dags/Code explanation.xlsx took 0.039 seconds
[2025-04-27T18:15:29.174+0000] {processor.py:161} INFO - Started process (PID=1081) to work on /opt/airflow/dags/Code explanation.xlsx
[2025-04-27T18:15:29.176+0000] {processor.py:830} INFO - Processing file /opt/airflow/dags/Code explanation.xlsx for tasks to queue
[2025-04-27T18:15:29.177+0000] {logging_mixin.py:188} INFO - [2025-04-27T18:15:29.176+0000] {dagbag.py:538} INFO - Filling up the DagBag from /opt/airflow/dags/Code explanation.xlsx
[2025-04-27T18:15:29.191+0000] {processor.py:842} WARNING - No viable dags retrieved from /opt/airflow/dags/Code explanation.xlsx
[2025-04-27T18:15:29.206+0000] {processor.py:183} INFO - Processing /opt/airflow/dags/Code explanation.xlsx took 0.035 seconds
[2025-04-27T18:15:59.599+0000] {processor.py:161} INFO - Started process (PID=1126) to work on /opt/airflow/dags/Code explanation.xlsx
[2025-04-27T18:15:59.601+0000] {processor.py:830} INFO - Processing file /opt/airflow/dags/Code explanation.xlsx for tasks to queue
[2025-04-27T18:15:59.602+0000] {logging_mixin.py:188} INFO - [2025-04-27T18:15:59.602+0000] {dagbag.py:538} INFO - Filling up the DagBag from /opt/airflow/dags/Code explanation.xlsx
[2025-04-27T18:15:59.617+0000] {processor.py:842} WARNING - No viable dags retrieved from /opt/airflow/dags/Code explanation.xlsx
[2025-04-27T18:15:59.638+0000] {processor.py:183} INFO - Processing /opt/airflow/dags/Code explanation.xlsx took 0.043 seconds
[2025-04-27T18:16:30.112+0000] {processor.py:161} INFO - Started process (PID=1167) to work on /opt/airflow/dags/Code explanation.xlsx
[2025-04-27T18:16:30.113+0000] {processor.py:830} INFO - Processing file /opt/airflow/dags/Code explanation.xlsx for tasks to queue
[2025-04-27T18:16:30.114+0000] {logging_mixin.py:188} INFO - [2025-04-27T18:16:30.114+0000] {dagbag.py:538} INFO - Filling up the DagBag from /opt/airflow/dags/Code explanation.xlsx
[2025-04-27T18:16:30.128+0000] {processor.py:842} WARNING - No viable dags retrieved from /opt/airflow/dags/Code explanation.xlsx
[2025-04-27T18:16:30.143+0000] {processor.py:183} INFO - Processing /opt/airflow/dags/Code explanation.xlsx took 0.034 seconds
[2025-04-27T18:17:00.605+0000] {processor.py:161} INFO - Started process (PID=1212) to work on /opt/airflow/dags/Code explanation.xlsx
[2025-04-27T18:17:00.606+0000] {processor.py:830} INFO - Processing file /opt/airflow/dags/Code explanation.xlsx for tasks to queue
[2025-04-27T18:17:00.608+0000] {logging_mixin.py:188} INFO - [2025-04-27T18:17:00.607+0000] {dagbag.py:538} INFO - Filling up the DagBag from /opt/airflow/dags/Code explanation.xlsx
[2025-04-27T18:17:00.623+0000] {processor.py:842} WARNING - No viable dags retrieved from /opt/airflow/dags/Code explanation.xlsx
[2025-04-27T18:17:00.637+0000] {processor.py:183} INFO - Processing /opt/airflow/dags/Code explanation.xlsx took 0.034 seconds
[2025-04-27T18:17:30.949+0000] {processor.py:161} INFO - Started process (PID=1253) to work on /opt/airflow/dags/Code explanation.xlsx
[2025-04-27T18:17:30.951+0000] {processor.py:830} INFO - Processing file /opt/airflow/dags/Code explanation.xlsx for tasks to queue
[2025-04-27T18:17:30.952+0000] {logging_mixin.py:188} INFO - [2025-04-27T18:17:30.952+0000] {dagbag.py:538} INFO - Filling up the DagBag from /opt/airflow/dags/Code explanation.xlsx
[2025-04-27T18:17:30.967+0000] {processor.py:842} WARNING - No viable dags retrieved from /opt/airflow/dags/Code explanation.xlsx
[2025-04-27T18:17:30.984+0000] {processor.py:183} INFO - Processing /opt/airflow/dags/Code explanation.xlsx took 0.037 seconds
[2025-04-27T18:25:09.108+0000] {processor.py:161} INFO - Started process (PID=1309) to work on /opt/airflow/dags/Code explanation.xlsx
[2025-04-27T18:25:09.110+0000] {processor.py:830} INFO - Processing file /opt/airflow/dags/Code explanation.xlsx for tasks to queue
[2025-04-27T18:25:09.116+0000] {logging_mixin.py:188} INFO - [2025-04-27T18:25:09.115+0000] {dagbag.py:538} INFO - Filling up the DagBag from /opt/airflow/dags/Code explanation.xlsx
[2025-04-27T18:25:09.144+0000] {processor.py:842} WARNING - No viable dags retrieved from /opt/airflow/dags/Code explanation.xlsx
[2025-04-27T18:25:09.183+0000] {processor.py:183} INFO - Processing /opt/airflow/dags/Code explanation.xlsx took 0.090 seconds
[2025-04-27T18:25:39.403+0000] {processor.py:161} INFO - Started process (PID=1346) to work on /opt/airflow/dags/Code explanation.xlsx
[2025-04-27T18:25:39.405+0000] {processor.py:830} INFO - Processing file /opt/airflow/dags/Code explanation.xlsx for tasks to queue
[2025-04-27T18:25:39.407+0000] {logging_mixin.py:188} INFO - [2025-04-27T18:25:39.406+0000] {dagbag.py:538} INFO - Filling up the DagBag from /opt/airflow/dags/Code explanation.xlsx
[2025-04-27T18:25:39.422+0000] {processor.py:842} WARNING - No viable dags retrieved from /opt/airflow/dags/Code explanation.xlsx
[2025-04-27T18:25:39.448+0000] {processor.py:183} INFO - Processing /opt/airflow/dags/Code explanation.xlsx took 0.048 seconds
[2025-04-27T18:26:09.847+0000] {processor.py:161} INFO - Started process (PID=1389) to work on /opt/airflow/dags/Code explanation.xlsx
[2025-04-27T18:26:09.848+0000] {processor.py:830} INFO - Processing file /opt/airflow/dags/Code explanation.xlsx for tasks to queue
[2025-04-27T18:26:09.849+0000] {logging_mixin.py:188} INFO - [2025-04-27T18:26:09.849+0000] {dagbag.py:538} INFO - Filling up the DagBag from /opt/airflow/dags/Code explanation.xlsx
[2025-04-27T18:26:09.862+0000] {processor.py:842} WARNING - No viable dags retrieved from /opt/airflow/dags/Code explanation.xlsx
[2025-04-27T18:26:09.876+0000] {processor.py:183} INFO - Processing /opt/airflow/dags/Code explanation.xlsx took 0.031 seconds
[2025-04-27T18:26:40.865+0000] {processor.py:161} INFO - Started process (PID=1432) to work on /opt/airflow/dags/Code explanation.xlsx
[2025-04-27T18:26:40.866+0000] {processor.py:830} INFO - Processing file /opt/airflow/dags/Code explanation.xlsx for tasks to queue
[2025-04-27T18:26:40.867+0000] {logging_mixin.py:188} INFO - [2025-04-27T18:26:40.867+0000] {dagbag.py:538} INFO - Filling up the DagBag from /opt/airflow/dags/Code explanation.xlsx
[2025-04-27T18:26:40.885+0000] {processor.py:842} WARNING - No viable dags retrieved from /opt/airflow/dags/Code explanation.xlsx
[2025-04-27T18:26:40.910+0000] {processor.py:183} INFO - Processing /opt/airflow/dags/Code explanation.xlsx took 0.056 seconds
[2025-04-27T18:27:11.099+0000] {processor.py:161} INFO - Started process (PID=1472) to work on /opt/airflow/dags/Code explanation.xlsx
[2025-04-27T18:27:11.104+0000] {processor.py:830} INFO - Processing file /opt/airflow/dags/Code explanation.xlsx for tasks to queue
[2025-04-27T18:27:11.111+0000] {logging_mixin.py:188} INFO - [2025-04-27T18:27:11.110+0000] {dagbag.py:538} INFO - Filling up the DagBag from /opt/airflow/dags/Code explanation.xlsx
[2025-04-27T18:27:11.143+0000] {processor.py:842} WARNING - No viable dags retrieved from /opt/airflow/dags/Code explanation.xlsx
[2025-04-27T18:27:11.193+0000] {processor.py:183} INFO - Processing /opt/airflow/dags/Code explanation.xlsx took 0.101 seconds
[2025-04-27T18:27:41.826+0000] {processor.py:161} INFO - Started process (PID=1513) to work on /opt/airflow/dags/Code explanation.xlsx
[2025-04-27T18:27:41.828+0000] {processor.py:830} INFO - Processing file /opt/airflow/dags/Code explanation.xlsx for tasks to queue
[2025-04-27T18:27:41.830+0000] {logging_mixin.py:188} INFO - [2025-04-27T18:27:41.830+0000] {dagbag.py:538} INFO - Filling up the DagBag from /opt/airflow/dags/Code explanation.xlsx
[2025-04-27T18:27:41.851+0000] {processor.py:842} WARNING - No viable dags retrieved from /opt/airflow/dags/Code explanation.xlsx
[2025-04-27T18:27:41.879+0000] {processor.py:183} INFO - Processing /opt/airflow/dags/Code explanation.xlsx took 0.060 seconds
[2025-04-27T18:28:12.515+0000] {processor.py:161} INFO - Started process (PID=1558) to work on /opt/airflow/dags/Code explanation.xlsx
[2025-04-27T18:28:12.517+0000] {processor.py:830} INFO - Processing file /opt/airflow/dags/Code explanation.xlsx for tasks to queue
[2025-04-27T18:28:12.518+0000] {logging_mixin.py:188} INFO - [2025-04-27T18:28:12.518+0000] {dagbag.py:538} INFO - Filling up the DagBag from /opt/airflow/dags/Code explanation.xlsx
[2025-04-27T18:28:12.532+0000] {processor.py:842} WARNING - No viable dags retrieved from /opt/airflow/dags/Code explanation.xlsx
[2025-04-27T18:28:12.549+0000] {processor.py:183} INFO - Processing /opt/airflow/dags/Code explanation.xlsx took 0.039 seconds
[2025-04-27T18:28:43.299+0000] {processor.py:161} INFO - Started process (PID=1601) to work on /opt/airflow/dags/Code explanation.xlsx
[2025-04-27T18:28:43.300+0000] {processor.py:830} INFO - Processing file /opt/airflow/dags/Code explanation.xlsx for tasks to queue
[2025-04-27T18:28:43.301+0000] {logging_mixin.py:188} INFO - [2025-04-27T18:28:43.301+0000] {dagbag.py:538} INFO - Filling up the DagBag from /opt/airflow/dags/Code explanation.xlsx
[2025-04-27T18:28:43.313+0000] {processor.py:842} WARNING - No viable dags retrieved from /opt/airflow/dags/Code explanation.xlsx
[2025-04-27T18:28:43.330+0000] {processor.py:183} INFO - Processing /opt/airflow/dags/Code explanation.xlsx took 0.035 seconds
[2025-04-27T18:29:14.073+0000] {processor.py:161} INFO - Started process (PID=1642) to work on /opt/airflow/dags/Code explanation.xlsx
[2025-04-27T18:29:14.076+0000] {processor.py:830} INFO - Processing file /opt/airflow/dags/Code explanation.xlsx for tasks to queue
[2025-04-27T18:29:14.078+0000] {logging_mixin.py:188} INFO - [2025-04-27T18:29:14.077+0000] {dagbag.py:538} INFO - Filling up the DagBag from /opt/airflow/dags/Code explanation.xlsx
[2025-04-27T18:29:14.096+0000] {processor.py:842} WARNING - No viable dags retrieved from /opt/airflow/dags/Code explanation.xlsx
[2025-04-27T18:29:14.125+0000] {processor.py:183} INFO - Processing /opt/airflow/dags/Code explanation.xlsx took 0.059 seconds
[2025-04-27T18:30:06.857+0000] {processor.py:161} INFO - Started process (PID=186) to work on /opt/airflow/dags/Code explanation.xlsx
[2025-04-27T18:30:06.859+0000] {processor.py:830} INFO - Processing file /opt/airflow/dags/Code explanation.xlsx for tasks to queue
[2025-04-27T18:30:06.861+0000] {logging_mixin.py:188} INFO - [2025-04-27T18:30:06.860+0000] {dagbag.py:538} INFO - Filling up the DagBag from /opt/airflow/dags/Code explanation.xlsx
[2025-04-27T18:30:06.880+0000] {processor.py:842} WARNING - No viable dags retrieved from /opt/airflow/dags/Code explanation.xlsx
[2025-04-27T18:30:06.910+0000] {processor.py:183} INFO - Processing /opt/airflow/dags/Code explanation.xlsx took 0.057 seconds
[2025-04-27T18:30:38.318+0000] {processor.py:161} INFO - Started process (PID=229) to work on /opt/airflow/dags/Code explanation.xlsx
[2025-04-27T18:30:38.323+0000] {processor.py:830} INFO - Processing file /opt/airflow/dags/Code explanation.xlsx for tasks to queue
[2025-04-27T18:30:38.328+0000] {logging_mixin.py:188} INFO - [2025-04-27T18:30:38.327+0000] {dagbag.py:538} INFO - Filling up the DagBag from /opt/airflow/dags/Code explanation.xlsx
[2025-04-27T18:30:38.370+0000] {processor.py:842} WARNING - No viable dags retrieved from /opt/airflow/dags/Code explanation.xlsx
[2025-04-27T18:30:38.412+0000] {processor.py:183} INFO - Processing /opt/airflow/dags/Code explanation.xlsx took 0.110 seconds
[2025-04-27T18:31:08.516+0000] {processor.py:161} INFO - Started process (PID=269) to work on /opt/airflow/dags/Code explanation.xlsx
[2025-04-27T18:31:08.517+0000] {processor.py:830} INFO - Processing file /opt/airflow/dags/Code explanation.xlsx for tasks to queue
[2025-04-27T18:31:08.518+0000] {logging_mixin.py:188} INFO - [2025-04-27T18:31:08.518+0000] {dagbag.py:538} INFO - Filling up the DagBag from /opt/airflow/dags/Code explanation.xlsx
[2025-04-27T18:31:08.533+0000] {processor.py:842} WARNING - No viable dags retrieved from /opt/airflow/dags/Code explanation.xlsx
[2025-04-27T18:31:08.554+0000] {processor.py:183} INFO - Processing /opt/airflow/dags/Code explanation.xlsx took 0.041 seconds
[2025-04-27T18:31:39.316+0000] {processor.py:161} INFO - Started process (PID=313) to work on /opt/airflow/dags/Code explanation.xlsx
[2025-04-27T18:31:39.319+0000] {processor.py:830} INFO - Processing file /opt/airflow/dags/Code explanation.xlsx for tasks to queue
[2025-04-27T18:31:39.322+0000] {logging_mixin.py:188} INFO - [2025-04-27T18:31:39.321+0000] {dagbag.py:538} INFO - Filling up the DagBag from /opt/airflow/dags/Code explanation.xlsx
[2025-04-27T18:31:39.382+0000] {processor.py:842} WARNING - No viable dags retrieved from /opt/airflow/dags/Code explanation.xlsx
[2025-04-27T18:31:39.424+0000] {processor.py:183} INFO - Processing /opt/airflow/dags/Code explanation.xlsx took 0.113 seconds
[2025-04-27T18:32:09.584+0000] {processor.py:161} INFO - Started process (PID=355) to work on /opt/airflow/dags/Code explanation.xlsx
[2025-04-27T18:32:09.585+0000] {processor.py:830} INFO - Processing file /opt/airflow/dags/Code explanation.xlsx for tasks to queue
[2025-04-27T18:32:09.586+0000] {logging_mixin.py:188} INFO - [2025-04-27T18:32:09.585+0000] {dagbag.py:538} INFO - Filling up the DagBag from /opt/airflow/dags/Code explanation.xlsx
[2025-04-27T18:32:09.597+0000] {processor.py:842} WARNING - No viable dags retrieved from /opt/airflow/dags/Code explanation.xlsx
[2025-04-27T18:32:09.608+0000] {processor.py:183} INFO - Processing /opt/airflow/dags/Code explanation.xlsx took 0.027 seconds
[2025-04-27T18:32:40.268+0000] {processor.py:161} INFO - Started process (PID=401) to work on /opt/airflow/dags/Code explanation.xlsx
[2025-04-27T18:32:40.270+0000] {processor.py:830} INFO - Processing file /opt/airflow/dags/Code explanation.xlsx for tasks to queue
[2025-04-27T18:32:40.271+0000] {logging_mixin.py:188} INFO - [2025-04-27T18:32:40.271+0000] {dagbag.py:538} INFO - Filling up the DagBag from /opt/airflow/dags/Code explanation.xlsx
[2025-04-27T18:32:40.284+0000] {processor.py:842} WARNING - No viable dags retrieved from /opt/airflow/dags/Code explanation.xlsx
[2025-04-27T18:32:40.306+0000] {processor.py:183} INFO - Processing /opt/airflow/dags/Code explanation.xlsx took 0.041 seconds
[2025-04-27T18:33:10.570+0000] {processor.py:161} INFO - Started process (PID=444) to work on /opt/airflow/dags/Code explanation.xlsx
[2025-04-27T18:33:10.572+0000] {processor.py:830} INFO - Processing file /opt/airflow/dags/Code explanation.xlsx for tasks to queue
[2025-04-27T18:33:10.574+0000] {logging_mixin.py:188} INFO - [2025-04-27T18:33:10.574+0000] {dagbag.py:538} INFO - Filling up the DagBag from /opt/airflow/dags/Code explanation.xlsx
[2025-04-27T18:33:10.595+0000] {processor.py:842} WARNING - No viable dags retrieved from /opt/airflow/dags/Code explanation.xlsx
[2025-04-27T18:33:10.629+0000] {processor.py:183} INFO - Processing /opt/airflow/dags/Code explanation.xlsx took 0.069 seconds
[2025-04-27T18:33:40.945+0000] {processor.py:161} INFO - Started process (PID=487) to work on /opt/airflow/dags/Code explanation.xlsx
[2025-04-27T18:33:40.946+0000] {processor.py:830} INFO - Processing file /opt/airflow/dags/Code explanation.xlsx for tasks to queue
[2025-04-27T18:33:40.947+0000] {logging_mixin.py:188} INFO - [2025-04-27T18:33:40.947+0000] {dagbag.py:538} INFO - Filling up the DagBag from /opt/airflow/dags/Code explanation.xlsx
[2025-04-27T18:33:40.956+0000] {processor.py:842} WARNING - No viable dags retrieved from /opt/airflow/dags/Code explanation.xlsx
[2025-04-27T18:33:40.971+0000] {processor.py:183} INFO - Processing /opt/airflow/dags/Code explanation.xlsx took 0.028 seconds
[2025-04-27T18:34:11.258+0000] {processor.py:161} INFO - Started process (PID=530) to work on /opt/airflow/dags/Code explanation.xlsx
[2025-04-27T18:34:11.259+0000] {processor.py:830} INFO - Processing file /opt/airflow/dags/Code explanation.xlsx for tasks to queue
[2025-04-27T18:34:11.260+0000] {logging_mixin.py:188} INFO - [2025-04-27T18:34:11.259+0000] {dagbag.py:538} INFO - Filling up the DagBag from /opt/airflow/dags/Code explanation.xlsx
[2025-04-27T18:34:11.274+0000] {processor.py:842} WARNING - No viable dags retrieved from /opt/airflow/dags/Code explanation.xlsx
[2025-04-27T18:34:11.291+0000] {processor.py:183} INFO - Processing /opt/airflow/dags/Code explanation.xlsx took 0.036 seconds
[2025-04-27T18:34:41.821+0000] {processor.py:161} INFO - Started process (PID=573) to work on /opt/airflow/dags/Code explanation.xlsx
[2025-04-27T18:34:41.822+0000] {processor.py:830} INFO - Processing file /opt/airflow/dags/Code explanation.xlsx for tasks to queue
[2025-04-27T18:34:41.825+0000] {logging_mixin.py:188} INFO - [2025-04-27T18:34:41.825+0000] {dagbag.py:538} INFO - Filling up the DagBag from /opt/airflow/dags/Code explanation.xlsx
[2025-04-27T18:34:41.848+0000] {processor.py:842} WARNING - No viable dags retrieved from /opt/airflow/dags/Code explanation.xlsx
[2025-04-27T18:34:41.887+0000] {processor.py:183} INFO - Processing /opt/airflow/dags/Code explanation.xlsx took 0.074 seconds
[2025-04-27T18:35:12.214+0000] {processor.py:161} INFO - Started process (PID=616) to work on /opt/airflow/dags/Code explanation.xlsx
[2025-04-27T18:35:12.216+0000] {processor.py:830} INFO - Processing file /opt/airflow/dags/Code explanation.xlsx for tasks to queue
[2025-04-27T18:35:12.218+0000] {logging_mixin.py:188} INFO - [2025-04-27T18:35:12.217+0000] {dagbag.py:538} INFO - Filling up the DagBag from /opt/airflow/dags/Code explanation.xlsx
[2025-04-27T18:35:12.234+0000] {processor.py:842} WARNING - No viable dags retrieved from /opt/airflow/dags/Code explanation.xlsx
[2025-04-27T18:35:12.252+0000] {processor.py:183} INFO - Processing /opt/airflow/dags/Code explanation.xlsx took 0.042 seconds
[2025-04-27T18:35:42.970+0000] {processor.py:161} INFO - Started process (PID=659) to work on /opt/airflow/dags/Code explanation.xlsx
[2025-04-27T18:35:42.971+0000] {processor.py:830} INFO - Processing file /opt/airflow/dags/Code explanation.xlsx for tasks to queue
[2025-04-27T18:35:42.972+0000] {logging_mixin.py:188} INFO - [2025-04-27T18:35:42.971+0000] {dagbag.py:538} INFO - Filling up the DagBag from /opt/airflow/dags/Code explanation.xlsx
[2025-04-27T18:35:42.986+0000] {processor.py:842} WARNING - No viable dags retrieved from /opt/airflow/dags/Code explanation.xlsx
[2025-04-27T18:35:43.002+0000] {processor.py:183} INFO - Processing /opt/airflow/dags/Code explanation.xlsx took 0.037 seconds
[2025-04-27T18:36:13.840+0000] {processor.py:161} INFO - Started process (PID=697) to work on /opt/airflow/dags/Code explanation.xlsx
[2025-04-27T18:36:13.842+0000] {processor.py:830} INFO - Processing file /opt/airflow/dags/Code explanation.xlsx for tasks to queue
[2025-04-27T18:36:13.847+0000] {logging_mixin.py:188} INFO - [2025-04-27T18:36:13.846+0000] {dagbag.py:538} INFO - Filling up the DagBag from /opt/airflow/dags/Code explanation.xlsx
[2025-04-27T18:36:13.874+0000] {processor.py:842} WARNING - No viable dags retrieved from /opt/airflow/dags/Code explanation.xlsx
[2025-04-27T18:36:13.901+0000] {processor.py:183} INFO - Processing /opt/airflow/dags/Code explanation.xlsx took 0.069 seconds
[2025-04-27T18:36:45.734+0000] {processor.py:161} INFO - Started process (PID=745) to work on /opt/airflow/dags/Code explanation.xlsx
[2025-04-27T18:36:45.736+0000] {processor.py:830} INFO - Processing file /opt/airflow/dags/Code explanation.xlsx for tasks to queue
[2025-04-27T18:36:45.739+0000] {logging_mixin.py:188} INFO - [2025-04-27T18:36:45.738+0000] {dagbag.py:538} INFO - Filling up the DagBag from /opt/airflow/dags/Code explanation.xlsx
[2025-04-27T18:36:45.758+0000] {processor.py:842} WARNING - No viable dags retrieved from /opt/airflow/dags/Code explanation.xlsx
[2025-04-27T18:36:45.790+0000] {processor.py:183} INFO - Processing /opt/airflow/dags/Code explanation.xlsx took 0.064 seconds
[2025-04-27T18:37:16.069+0000] {processor.py:161} INFO - Started process (PID=788) to work on /opt/airflow/dags/Code explanation.xlsx
[2025-04-27T18:37:16.071+0000] {processor.py:830} INFO - Processing file /opt/airflow/dags/Code explanation.xlsx for tasks to queue
[2025-04-27T18:37:16.074+0000] {logging_mixin.py:188} INFO - [2025-04-27T18:37:16.073+0000] {dagbag.py:538} INFO - Filling up the DagBag from /opt/airflow/dags/Code explanation.xlsx
[2025-04-27T18:37:16.093+0000] {processor.py:842} WARNING - No viable dags retrieved from /opt/airflow/dags/Code explanation.xlsx
[2025-04-27T18:37:16.125+0000] {processor.py:183} INFO - Processing /opt/airflow/dags/Code explanation.xlsx took 0.060 seconds
[2025-04-27T18:37:46.874+0000] {processor.py:161} INFO - Started process (PID=831) to work on /opt/airflow/dags/Code explanation.xlsx
[2025-04-27T18:37:46.876+0000] {processor.py:830} INFO - Processing file /opt/airflow/dags/Code explanation.xlsx for tasks to queue
[2025-04-27T18:37:46.878+0000] {logging_mixin.py:188} INFO - [2025-04-27T18:37:46.877+0000] {dagbag.py:538} INFO - Filling up the DagBag from /opt/airflow/dags/Code explanation.xlsx
[2025-04-27T18:37:46.895+0000] {processor.py:842} WARNING - No viable dags retrieved from /opt/airflow/dags/Code explanation.xlsx
[2025-04-27T18:37:46.917+0000] {processor.py:183} INFO - Processing /opt/airflow/dags/Code explanation.xlsx took 0.047 seconds
[2025-04-27T18:38:17.409+0000] {processor.py:161} INFO - Started process (PID=869) to work on /opt/airflow/dags/Code explanation.xlsx
[2025-04-27T18:38:17.411+0000] {processor.py:830} INFO - Processing file /opt/airflow/dags/Code explanation.xlsx for tasks to queue
[2025-04-27T18:38:17.413+0000] {logging_mixin.py:188} INFO - [2025-04-27T18:38:17.412+0000] {dagbag.py:538} INFO - Filling up the DagBag from /opt/airflow/dags/Code explanation.xlsx
[2025-04-27T18:38:17.429+0000] {processor.py:842} WARNING - No viable dags retrieved from /opt/airflow/dags/Code explanation.xlsx
[2025-04-27T18:38:17.452+0000] {processor.py:183} INFO - Processing /opt/airflow/dags/Code explanation.xlsx took 0.050 seconds
[2025-04-27T18:38:47.991+0000] {processor.py:161} INFO - Started process (PID=914) to work on /opt/airflow/dags/Code explanation.xlsx
[2025-04-27T18:38:47.993+0000] {processor.py:830} INFO - Processing file /opt/airflow/dags/Code explanation.xlsx for tasks to queue
[2025-04-27T18:38:47.996+0000] {logging_mixin.py:188} INFO - [2025-04-27T18:38:47.995+0000] {dagbag.py:538} INFO - Filling up the DagBag from /opt/airflow/dags/Code explanation.xlsx
[2025-04-27T18:38:48.013+0000] {processor.py:842} WARNING - No viable dags retrieved from /opt/airflow/dags/Code explanation.xlsx
[2025-04-27T18:38:48.037+0000] {processor.py:183} INFO - Processing /opt/airflow/dags/Code explanation.xlsx took 0.050 seconds
[2025-04-27T18:39:18.348+0000] {processor.py:161} INFO - Started process (PID=955) to work on /opt/airflow/dags/Code explanation.xlsx
[2025-04-27T18:39:18.350+0000] {processor.py:830} INFO - Processing file /opt/airflow/dags/Code explanation.xlsx for tasks to queue
[2025-04-27T18:39:18.351+0000] {logging_mixin.py:188} INFO - [2025-04-27T18:39:18.350+0000] {dagbag.py:538} INFO - Filling up the DagBag from /opt/airflow/dags/Code explanation.xlsx
[2025-04-27T18:39:18.364+0000] {processor.py:842} WARNING - No viable dags retrieved from /opt/airflow/dags/Code explanation.xlsx
[2025-04-27T18:39:18.384+0000] {processor.py:183} INFO - Processing /opt/airflow/dags/Code explanation.xlsx took 0.039 seconds
[2025-04-27T18:39:57.466+0000] {processor.py:161} INFO - Started process (PID=186) to work on /opt/airflow/dags/Code explanation.xlsx
[2025-04-27T18:39:57.468+0000] {processor.py:830} INFO - Processing file /opt/airflow/dags/Code explanation.xlsx for tasks to queue
[2025-04-27T18:39:57.470+0000] {logging_mixin.py:188} INFO - [2025-04-27T18:39:57.470+0000] {dagbag.py:538} INFO - Filling up the DagBag from /opt/airflow/dags/Code explanation.xlsx
[2025-04-27T18:39:57.492+0000] {processor.py:842} WARNING - No viable dags retrieved from /opt/airflow/dags/Code explanation.xlsx
[2025-04-27T18:39:57.520+0000] {processor.py:183} INFO - Processing /opt/airflow/dags/Code explanation.xlsx took 0.063 seconds
[2025-04-27T18:40:28.490+0000] {processor.py:161} INFO - Started process (PID=229) to work on /opt/airflow/dags/Code explanation.xlsx
[2025-04-27T18:40:28.492+0000] {processor.py:830} INFO - Processing file /opt/airflow/dags/Code explanation.xlsx for tasks to queue
[2025-04-27T18:40:28.494+0000] {logging_mixin.py:188} INFO - [2025-04-27T18:40:28.493+0000] {dagbag.py:538} INFO - Filling up the DagBag from /opt/airflow/dags/Code explanation.xlsx
[2025-04-27T18:40:28.514+0000] {processor.py:842} WARNING - No viable dags retrieved from /opt/airflow/dags/Code explanation.xlsx
[2025-04-27T18:40:28.537+0000] {processor.py:183} INFO - Processing /opt/airflow/dags/Code explanation.xlsx took 0.052 seconds
[2025-04-27T18:40:59.348+0000] {processor.py:161} INFO - Started process (PID=275) to work on /opt/airflow/dags/Code explanation.xlsx
[2025-04-27T18:40:59.349+0000] {processor.py:830} INFO - Processing file /opt/airflow/dags/Code explanation.xlsx for tasks to queue
[2025-04-27T18:40:59.351+0000] {logging_mixin.py:188} INFO - [2025-04-27T18:40:59.350+0000] {dagbag.py:538} INFO - Filling up the DagBag from /opt/airflow/dags/Code explanation.xlsx
[2025-04-27T18:40:59.365+0000] {processor.py:842} WARNING - No viable dags retrieved from /opt/airflow/dags/Code explanation.xlsx
[2025-04-27T18:40:59.385+0000] {processor.py:183} INFO - Processing /opt/airflow/dags/Code explanation.xlsx took 0.044 seconds
[2025-04-27T18:41:29.795+0000] {processor.py:161} INFO - Started process (PID=318) to work on /opt/airflow/dags/Code explanation.xlsx
[2025-04-27T18:41:29.796+0000] {processor.py:830} INFO - Processing file /opt/airflow/dags/Code explanation.xlsx for tasks to queue
[2025-04-27T18:41:29.797+0000] {logging_mixin.py:188} INFO - [2025-04-27T18:41:29.797+0000] {dagbag.py:538} INFO - Filling up the DagBag from /opt/airflow/dags/Code explanation.xlsx
[2025-04-27T18:41:29.810+0000] {processor.py:842} WARNING - No viable dags retrieved from /opt/airflow/dags/Code explanation.xlsx
[2025-04-27T18:41:29.835+0000] {processor.py:183} INFO - Processing /opt/airflow/dags/Code explanation.xlsx took 0.043 seconds
[2025-04-27T18:42:00.570+0000] {processor.py:161} INFO - Started process (PID=361) to work on /opt/airflow/dags/Code explanation.xlsx
[2025-04-27T18:42:00.571+0000] {processor.py:830} INFO - Processing file /opt/airflow/dags/Code explanation.xlsx for tasks to queue
[2025-04-27T18:42:00.573+0000] {logging_mixin.py:188} INFO - [2025-04-27T18:42:00.572+0000] {dagbag.py:538} INFO - Filling up the DagBag from /opt/airflow/dags/Code explanation.xlsx
[2025-04-27T18:42:00.588+0000] {processor.py:842} WARNING - No viable dags retrieved from /opt/airflow/dags/Code explanation.xlsx
[2025-04-27T18:42:00.606+0000] {processor.py:183} INFO - Processing /opt/airflow/dags/Code explanation.xlsx took 0.041 seconds
[2025-04-27T18:42:31.221+0000] {processor.py:161} INFO - Started process (PID=404) to work on /opt/airflow/dags/Code explanation.xlsx
[2025-04-27T18:42:31.223+0000] {processor.py:830} INFO - Processing file /opt/airflow/dags/Code explanation.xlsx for tasks to queue
[2025-04-27T18:42:31.224+0000] {logging_mixin.py:188} INFO - [2025-04-27T18:42:31.224+0000] {dagbag.py:538} INFO - Filling up the DagBag from /opt/airflow/dags/Code explanation.xlsx
[2025-04-27T18:42:31.242+0000] {processor.py:842} WARNING - No viable dags retrieved from /opt/airflow/dags/Code explanation.xlsx
[2025-04-27T18:42:31.267+0000] {processor.py:183} INFO - Processing /opt/airflow/dags/Code explanation.xlsx took 0.049 seconds
[2025-04-27T18:43:01.474+0000] {processor.py:161} INFO - Started process (PID=443) to work on /opt/airflow/dags/Code explanation.xlsx
[2025-04-27T18:43:01.476+0000] {processor.py:830} INFO - Processing file /opt/airflow/dags/Code explanation.xlsx for tasks to queue
[2025-04-27T18:43:01.477+0000] {logging_mixin.py:188} INFO - [2025-04-27T18:43:01.477+0000] {dagbag.py:538} INFO - Filling up the DagBag from /opt/airflow/dags/Code explanation.xlsx
[2025-04-27T18:43:01.494+0000] {processor.py:842} WARNING - No viable dags retrieved from /opt/airflow/dags/Code explanation.xlsx
[2025-04-27T18:43:01.507+0000] {processor.py:183} INFO - Processing /opt/airflow/dags/Code explanation.xlsx took 0.036 seconds
[2025-04-27T18:43:31.720+0000] {processor.py:161} INFO - Started process (PID=484) to work on /opt/airflow/dags/Code explanation.xlsx
[2025-04-27T18:43:31.721+0000] {processor.py:830} INFO - Processing file /opt/airflow/dags/Code explanation.xlsx for tasks to queue
[2025-04-27T18:43:31.722+0000] {logging_mixin.py:188} INFO - [2025-04-27T18:43:31.722+0000] {dagbag.py:538} INFO - Filling up the DagBag from /opt/airflow/dags/Code explanation.xlsx
[2025-04-27T18:43:31.733+0000] {processor.py:842} WARNING - No viable dags retrieved from /opt/airflow/dags/Code explanation.xlsx
[2025-04-27T18:43:31.751+0000] {processor.py:183} INFO - Processing /opt/airflow/dags/Code explanation.xlsx took 0.034 seconds
[2025-04-27T18:44:01.817+0000] {processor.py:161} INFO - Started process (PID=524) to work on /opt/airflow/dags/Code explanation.xlsx
[2025-04-27T18:44:01.818+0000] {processor.py:830} INFO - Processing file /opt/airflow/dags/Code explanation.xlsx for tasks to queue
[2025-04-27T18:44:01.819+0000] {logging_mixin.py:188} INFO - [2025-04-27T18:44:01.819+0000] {dagbag.py:538} INFO - Filling up the DagBag from /opt/airflow/dags/Code explanation.xlsx
[2025-04-27T18:44:01.832+0000] {processor.py:842} WARNING - No viable dags retrieved from /opt/airflow/dags/Code explanation.xlsx
[2025-04-27T18:44:01.854+0000] {processor.py:183} INFO - Processing /opt/airflow/dags/Code explanation.xlsx took 0.040 seconds
[2025-04-27T18:44:32.162+0000] {processor.py:161} INFO - Started process (PID=567) to work on /opt/airflow/dags/Code explanation.xlsx
[2025-04-27T18:44:32.165+0000] {processor.py:830} INFO - Processing file /opt/airflow/dags/Code explanation.xlsx for tasks to queue
[2025-04-27T18:44:32.168+0000] {logging_mixin.py:188} INFO - [2025-04-27T18:44:32.168+0000] {dagbag.py:538} INFO - Filling up the DagBag from /opt/airflow/dags/Code explanation.xlsx
[2025-04-27T18:44:32.201+0000] {processor.py:842} WARNING - No viable dags retrieved from /opt/airflow/dags/Code explanation.xlsx
[2025-04-27T18:44:32.246+0000] {processor.py:183} INFO - Processing /opt/airflow/dags/Code explanation.xlsx took 0.089 seconds
[2025-04-27T18:45:02.748+0000] {processor.py:161} INFO - Started process (PID=609) to work on /opt/airflow/dags/Code explanation.xlsx
[2025-04-27T18:45:02.749+0000] {processor.py:830} INFO - Processing file /opt/airflow/dags/Code explanation.xlsx for tasks to queue
[2025-04-27T18:45:02.751+0000] {logging_mixin.py:188} INFO - [2025-04-27T18:45:02.750+0000] {dagbag.py:538} INFO - Filling up the DagBag from /opt/airflow/dags/Code explanation.xlsx
[2025-04-27T18:45:02.771+0000] {processor.py:842} WARNING - No viable dags retrieved from /opt/airflow/dags/Code explanation.xlsx
[2025-04-27T18:45:02.792+0000] {processor.py:183} INFO - Processing /opt/airflow/dags/Code explanation.xlsx took 0.048 seconds
[2025-04-27T18:45:33.744+0000] {processor.py:161} INFO - Started process (PID=653) to work on /opt/airflow/dags/Code explanation.xlsx
[2025-04-27T18:45:33.745+0000] {processor.py:830} INFO - Processing file /opt/airflow/dags/Code explanation.xlsx for tasks to queue
[2025-04-27T18:45:33.746+0000] {logging_mixin.py:188} INFO - [2025-04-27T18:45:33.746+0000] {dagbag.py:538} INFO - Filling up the DagBag from /opt/airflow/dags/Code explanation.xlsx
[2025-04-27T18:45:33.757+0000] {processor.py:842} WARNING - No viable dags retrieved from /opt/airflow/dags/Code explanation.xlsx
[2025-04-27T18:45:33.773+0000] {processor.py:183} INFO - Processing /opt/airflow/dags/Code explanation.xlsx took 0.032 seconds
[2025-04-27T18:46:04.492+0000] {processor.py:161} INFO - Started process (PID=694) to work on /opt/airflow/dags/Code explanation.xlsx
[2025-04-27T18:46:04.493+0000] {processor.py:830} INFO - Processing file /opt/airflow/dags/Code explanation.xlsx for tasks to queue
[2025-04-27T18:46:04.495+0000] {logging_mixin.py:188} INFO - [2025-04-27T18:46:04.494+0000] {dagbag.py:538} INFO - Filling up the DagBag from /opt/airflow/dags/Code explanation.xlsx
[2025-04-27T18:46:04.515+0000] {processor.py:842} WARNING - No viable dags retrieved from /opt/airflow/dags/Code explanation.xlsx
[2025-04-27T18:46:04.548+0000] {processor.py:183} INFO - Processing /opt/airflow/dags/Code explanation.xlsx took 0.061 seconds
[2025-04-27T18:46:34.815+0000] {processor.py:161} INFO - Started process (PID=737) to work on /opt/airflow/dags/Code explanation.xlsx
[2025-04-27T18:46:34.816+0000] {processor.py:830} INFO - Processing file /opt/airflow/dags/Code explanation.xlsx for tasks to queue
[2025-04-27T18:46:34.817+0000] {logging_mixin.py:188} INFO - [2025-04-27T18:46:34.817+0000] {dagbag.py:538} INFO - Filling up the DagBag from /opt/airflow/dags/Code explanation.xlsx
[2025-04-27T18:46:34.834+0000] {processor.py:842} WARNING - No viable dags retrieved from /opt/airflow/dags/Code explanation.xlsx
[2025-04-27T18:46:34.866+0000] {processor.py:183} INFO - Processing /opt/airflow/dags/Code explanation.xlsx took 0.054 seconds
[2025-04-27T18:47:05.080+0000] {processor.py:161} INFO - Started process (PID=775) to work on /opt/airflow/dags/Code explanation.xlsx
[2025-04-27T18:47:05.083+0000] {processor.py:830} INFO - Processing file /opt/airflow/dags/Code explanation.xlsx for tasks to queue
[2025-04-27T18:47:05.085+0000] {logging_mixin.py:188} INFO - [2025-04-27T18:47:05.084+0000] {dagbag.py:538} INFO - Filling up the DagBag from /opt/airflow/dags/Code explanation.xlsx
[2025-04-27T18:47:05.101+0000] {processor.py:842} WARNING - No viable dags retrieved from /opt/airflow/dags/Code explanation.xlsx
[2025-04-27T18:47:05.126+0000] {processor.py:183} INFO - Processing /opt/airflow/dags/Code explanation.xlsx took 0.051 seconds
[2025-04-27T18:47:36.216+0000] {processor.py:161} INFO - Started process (PID=823) to work on /opt/airflow/dags/Code explanation.xlsx
[2025-04-27T18:47:36.217+0000] {processor.py:830} INFO - Processing file /opt/airflow/dags/Code explanation.xlsx for tasks to queue
[2025-04-27T18:47:36.219+0000] {logging_mixin.py:188} INFO - [2025-04-27T18:47:36.218+0000] {dagbag.py:538} INFO - Filling up the DagBag from /opt/airflow/dags/Code explanation.xlsx
[2025-04-27T18:47:36.231+0000] {processor.py:842} WARNING - No viable dags retrieved from /opt/airflow/dags/Code explanation.xlsx
[2025-04-27T18:47:36.245+0000] {processor.py:183} INFO - Processing /opt/airflow/dags/Code explanation.xlsx took 0.032 seconds
[2025-04-27T18:48:06.702+0000] {processor.py:161} INFO - Started process (PID=868) to work on /opt/airflow/dags/Code explanation.xlsx
[2025-04-27T18:48:06.704+0000] {processor.py:830} INFO - Processing file /opt/airflow/dags/Code explanation.xlsx for tasks to queue
[2025-04-27T18:48:06.705+0000] {logging_mixin.py:188} INFO - [2025-04-27T18:48:06.705+0000] {dagbag.py:538} INFO - Filling up the DagBag from /opt/airflow/dags/Code explanation.xlsx
[2025-04-27T18:48:06.717+0000] {processor.py:842} WARNING - No viable dags retrieved from /opt/airflow/dags/Code explanation.xlsx
[2025-04-27T18:48:06.735+0000] {processor.py:183} INFO - Processing /opt/airflow/dags/Code explanation.xlsx took 0.036 seconds
[2025-04-27T18:48:37.020+0000] {processor.py:161} INFO - Started process (PID=911) to work on /opt/airflow/dags/Code explanation.xlsx
[2025-04-27T18:48:37.022+0000] {processor.py:830} INFO - Processing file /opt/airflow/dags/Code explanation.xlsx for tasks to queue
[2025-04-27T18:48:37.024+0000] {logging_mixin.py:188} INFO - [2025-04-27T18:48:37.023+0000] {dagbag.py:538} INFO - Filling up the DagBag from /opt/airflow/dags/Code explanation.xlsx
[2025-04-27T18:48:37.041+0000] {processor.py:842} WARNING - No viable dags retrieved from /opt/airflow/dags/Code explanation.xlsx
[2025-04-27T18:48:37.058+0000] {processor.py:183} INFO - Processing /opt/airflow/dags/Code explanation.xlsx took 0.043 seconds
[2025-04-27T18:49:07.312+0000] {processor.py:161} INFO - Started process (PID=952) to work on /opt/airflow/dags/Code explanation.xlsx
[2025-04-27T18:49:07.313+0000] {processor.py:830} INFO - Processing file /opt/airflow/dags/Code explanation.xlsx for tasks to queue
[2025-04-27T18:49:07.314+0000] {logging_mixin.py:188} INFO - [2025-04-27T18:49:07.314+0000] {dagbag.py:538} INFO - Filling up the DagBag from /opt/airflow/dags/Code explanation.xlsx
[2025-04-27T18:49:07.326+0000] {processor.py:842} WARNING - No viable dags retrieved from /opt/airflow/dags/Code explanation.xlsx
[2025-04-27T18:49:07.343+0000] {processor.py:183} INFO - Processing /opt/airflow/dags/Code explanation.xlsx took 0.033 seconds
[2025-04-27T18:49:37.908+0000] {processor.py:161} INFO - Started process (PID=997) to work on /opt/airflow/dags/Code explanation.xlsx
[2025-04-27T18:49:37.909+0000] {processor.py:830} INFO - Processing file /opt/airflow/dags/Code explanation.xlsx for tasks to queue
[2025-04-27T18:49:37.910+0000] {logging_mixin.py:188} INFO - [2025-04-27T18:49:37.910+0000] {dagbag.py:538} INFO - Filling up the DagBag from /opt/airflow/dags/Code explanation.xlsx
[2025-04-27T18:49:37.924+0000] {processor.py:842} WARNING - No viable dags retrieved from /opt/airflow/dags/Code explanation.xlsx
[2025-04-27T18:49:37.946+0000] {processor.py:183} INFO - Processing /opt/airflow/dags/Code explanation.xlsx took 0.041 seconds
[2025-04-27T18:50:09.017+0000] {processor.py:161} INFO - Started process (PID=1040) to work on /opt/airflow/dags/Code explanation.xlsx
[2025-04-27T18:50:09.018+0000] {processor.py:830} INFO - Processing file /opt/airflow/dags/Code explanation.xlsx for tasks to queue
[2025-04-27T18:50:09.020+0000] {logging_mixin.py:188} INFO - [2025-04-27T18:50:09.019+0000] {dagbag.py:538} INFO - Filling up the DagBag from /opt/airflow/dags/Code explanation.xlsx
[2025-04-27T18:50:09.035+0000] {processor.py:842} WARNING - No viable dags retrieved from /opt/airflow/dags/Code explanation.xlsx
[2025-04-27T18:50:09.056+0000] {processor.py:183} INFO - Processing /opt/airflow/dags/Code explanation.xlsx took 0.044 seconds
[2025-04-27T18:50:39.406+0000] {processor.py:161} INFO - Started process (PID=1081) to work on /opt/airflow/dags/Code explanation.xlsx
[2025-04-27T18:50:39.408+0000] {processor.py:830} INFO - Processing file /opt/airflow/dags/Code explanation.xlsx for tasks to queue
[2025-04-27T18:50:39.410+0000] {logging_mixin.py:188} INFO - [2025-04-27T18:50:39.409+0000] {dagbag.py:538} INFO - Filling up the DagBag from /opt/airflow/dags/Code explanation.xlsx
[2025-04-27T18:50:39.428+0000] {processor.py:842} WARNING - No viable dags retrieved from /opt/airflow/dags/Code explanation.xlsx
[2025-04-27T18:50:39.450+0000] {processor.py:183} INFO - Processing /opt/airflow/dags/Code explanation.xlsx took 0.048 seconds
[2025-04-27T18:51:10.016+0000] {processor.py:161} INFO - Started process (PID=1126) to work on /opt/airflow/dags/Code explanation.xlsx
[2025-04-27T18:51:10.019+0000] {processor.py:830} INFO - Processing file /opt/airflow/dags/Code explanation.xlsx for tasks to queue
[2025-04-27T18:51:10.021+0000] {logging_mixin.py:188} INFO - [2025-04-27T18:51:10.021+0000] {dagbag.py:538} INFO - Filling up the DagBag from /opt/airflow/dags/Code explanation.xlsx
[2025-04-27T18:51:10.038+0000] {processor.py:842} WARNING - No viable dags retrieved from /opt/airflow/dags/Code explanation.xlsx
[2025-04-27T18:51:10.062+0000] {processor.py:183} INFO - Processing /opt/airflow/dags/Code explanation.xlsx took 0.049 seconds
[2025-04-27T18:51:40.362+0000] {processor.py:161} INFO - Started process (PID=1169) to work on /opt/airflow/dags/Code explanation.xlsx
[2025-04-27T18:51:40.364+0000] {processor.py:830} INFO - Processing file /opt/airflow/dags/Code explanation.xlsx for tasks to queue
[2025-04-27T18:51:40.365+0000] {logging_mixin.py:188} INFO - [2025-04-27T18:51:40.365+0000] {dagbag.py:538} INFO - Filling up the DagBag from /opt/airflow/dags/Code explanation.xlsx
[2025-04-27T18:51:40.380+0000] {processor.py:842} WARNING - No viable dags retrieved from /opt/airflow/dags/Code explanation.xlsx
[2025-04-27T18:51:40.398+0000] {processor.py:183} INFO - Processing /opt/airflow/dags/Code explanation.xlsx took 0.039 seconds
[2025-04-27T18:52:11.024+0000] {processor.py:161} INFO - Started process (PID=1210) to work on /opt/airflow/dags/Code explanation.xlsx
[2025-04-27T18:52:11.026+0000] {processor.py:830} INFO - Processing file /opt/airflow/dags/Code explanation.xlsx for tasks to queue
[2025-04-27T18:52:11.028+0000] {logging_mixin.py:188} INFO - [2025-04-27T18:52:11.027+0000] {dagbag.py:538} INFO - Filling up the DagBag from /opt/airflow/dags/Code explanation.xlsx
[2025-04-27T18:52:11.051+0000] {processor.py:842} WARNING - No viable dags retrieved from /opt/airflow/dags/Code explanation.xlsx
[2025-04-27T18:52:11.071+0000] {processor.py:183} INFO - Processing /opt/airflow/dags/Code explanation.xlsx took 0.050 seconds
[2025-04-27T18:52:41.319+0000] {processor.py:161} INFO - Started process (PID=1253) to work on /opt/airflow/dags/Code explanation.xlsx
[2025-04-27T18:52:41.320+0000] {processor.py:830} INFO - Processing file /opt/airflow/dags/Code explanation.xlsx for tasks to queue
[2025-04-27T18:52:41.321+0000] {logging_mixin.py:188} INFO - [2025-04-27T18:52:41.321+0000] {dagbag.py:538} INFO - Filling up the DagBag from /opt/airflow/dags/Code explanation.xlsx
[2025-04-27T18:52:41.334+0000] {processor.py:842} WARNING - No viable dags retrieved from /opt/airflow/dags/Code explanation.xlsx
[2025-04-27T18:52:41.352+0000] {processor.py:183} INFO - Processing /opt/airflow/dags/Code explanation.xlsx took 0.037 seconds
[2025-04-27T18:53:11.551+0000] {processor.py:161} INFO - Started process (PID=1291) to work on /opt/airflow/dags/Code explanation.xlsx
[2025-04-27T18:53:11.553+0000] {processor.py:830} INFO - Processing file /opt/airflow/dags/Code explanation.xlsx for tasks to queue
[2025-04-27T18:53:11.555+0000] {logging_mixin.py:188} INFO - [2025-04-27T18:53:11.554+0000] {dagbag.py:538} INFO - Filling up the DagBag from /opt/airflow/dags/Code explanation.xlsx
[2025-04-27T18:53:11.577+0000] {processor.py:842} WARNING - No viable dags retrieved from /opt/airflow/dags/Code explanation.xlsx
[2025-04-27T18:53:11.606+0000] {processor.py:183} INFO - Processing /opt/airflow/dags/Code explanation.xlsx took 0.058 seconds
[2025-04-27T18:53:42.771+0000] {processor.py:161} INFO - Started process (PID=1339) to work on /opt/airflow/dags/Code explanation.xlsx
[2025-04-27T18:53:42.774+0000] {processor.py:830} INFO - Processing file /opt/airflow/dags/Code explanation.xlsx for tasks to queue
[2025-04-27T18:53:42.777+0000] {logging_mixin.py:188} INFO - [2025-04-27T18:53:42.776+0000] {dagbag.py:538} INFO - Filling up the DagBag from /opt/airflow/dags/Code explanation.xlsx
[2025-04-27T18:53:42.808+0000] {processor.py:842} WARNING - No viable dags retrieved from /opt/airflow/dags/Code explanation.xlsx
[2025-04-27T18:53:42.842+0000] {processor.py:183} INFO - Processing /opt/airflow/dags/Code explanation.xlsx took 0.075 seconds
[2025-04-27T18:54:13.211+0000] {processor.py:161} INFO - Started process (PID=1382) to work on /opt/airflow/dags/Code explanation.xlsx
[2025-04-27T18:54:13.214+0000] {processor.py:830} INFO - Processing file /opt/airflow/dags/Code explanation.xlsx for tasks to queue
[2025-04-27T18:54:13.216+0000] {logging_mixin.py:188} INFO - [2025-04-27T18:54:13.215+0000] {dagbag.py:538} INFO - Filling up the DagBag from /opt/airflow/dags/Code explanation.xlsx
[2025-04-27T18:54:13.233+0000] {processor.py:842} WARNING - No viable dags retrieved from /opt/airflow/dags/Code explanation.xlsx
[2025-04-27T18:54:13.259+0000] {processor.py:183} INFO - Processing /opt/airflow/dags/Code explanation.xlsx took 0.052 seconds
[2025-04-27T18:54:43.753+0000] {processor.py:161} INFO - Started process (PID=1427) to work on /opt/airflow/dags/Code explanation.xlsx
[2025-04-27T18:54:43.754+0000] {processor.py:830} INFO - Processing file /opt/airflow/dags/Code explanation.xlsx for tasks to queue
[2025-04-27T18:54:43.757+0000] {logging_mixin.py:188} INFO - [2025-04-27T18:54:43.755+0000] {dagbag.py:538} INFO - Filling up the DagBag from /opt/airflow/dags/Code explanation.xlsx
[2025-04-27T18:54:43.772+0000] {processor.py:842} WARNING - No viable dags retrieved from /opt/airflow/dags/Code explanation.xlsx
[2025-04-27T18:54:43.790+0000] {processor.py:183} INFO - Processing /opt/airflow/dags/Code explanation.xlsx took 0.040 seconds
[2025-04-27T18:55:14.195+0000] {processor.py:161} INFO - Started process (PID=1468) to work on /opt/airflow/dags/Code explanation.xlsx
[2025-04-27T18:55:14.197+0000] {processor.py:830} INFO - Processing file /opt/airflow/dags/Code explanation.xlsx for tasks to queue
[2025-04-27T18:55:14.198+0000] {logging_mixin.py:188} INFO - [2025-04-27T18:55:14.198+0000] {dagbag.py:538} INFO - Filling up the DagBag from /opt/airflow/dags/Code explanation.xlsx
[2025-04-27T18:55:14.216+0000] {processor.py:842} WARNING - No viable dags retrieved from /opt/airflow/dags/Code explanation.xlsx
[2025-04-27T18:55:14.229+0000] {processor.py:183} INFO - Processing /opt/airflow/dags/Code explanation.xlsx took 0.037 seconds
[2025-04-27T18:55:44.692+0000] {processor.py:161} INFO - Started process (PID=1513) to work on /opt/airflow/dags/Code explanation.xlsx
[2025-04-27T18:55:44.694+0000] {processor.py:830} INFO - Processing file /opt/airflow/dags/Code explanation.xlsx for tasks to queue
[2025-04-27T18:55:44.696+0000] {logging_mixin.py:188} INFO - [2025-04-27T18:55:44.696+0000] {dagbag.py:538} INFO - Filling up the DagBag from /opt/airflow/dags/Code explanation.xlsx
[2025-04-27T18:55:44.708+0000] {processor.py:842} WARNING - No viable dags retrieved from /opt/airflow/dags/Code explanation.xlsx
[2025-04-27T18:55:44.725+0000] {processor.py:183} INFO - Processing /opt/airflow/dags/Code explanation.xlsx took 0.036 seconds
[2025-04-27T18:56:15.342+0000] {processor.py:161} INFO - Started process (PID=1556) to work on /opt/airflow/dags/Code explanation.xlsx
[2025-04-27T18:56:15.344+0000] {processor.py:830} INFO - Processing file /opt/airflow/dags/Code explanation.xlsx for tasks to queue
[2025-04-27T18:56:15.346+0000] {logging_mixin.py:188} INFO - [2025-04-27T18:56:15.345+0000] {dagbag.py:538} INFO - Filling up the DagBag from /opt/airflow/dags/Code explanation.xlsx
[2025-04-27T18:56:15.364+0000] {processor.py:842} WARNING - No viable dags retrieved from /opt/airflow/dags/Code explanation.xlsx
[2025-04-27T18:56:15.386+0000] {processor.py:183} INFO - Processing /opt/airflow/dags/Code explanation.xlsx took 0.048 seconds
[2025-04-27T18:56:46.006+0000] {processor.py:161} INFO - Started process (PID=1597) to work on /opt/airflow/dags/Code explanation.xlsx
[2025-04-27T18:56:46.008+0000] {processor.py:830} INFO - Processing file /opt/airflow/dags/Code explanation.xlsx for tasks to queue
[2025-04-27T18:56:46.009+0000] {logging_mixin.py:188} INFO - [2025-04-27T18:56:46.009+0000] {dagbag.py:538} INFO - Filling up the DagBag from /opt/airflow/dags/Code explanation.xlsx
[2025-04-27T18:56:46.022+0000] {processor.py:842} WARNING - No viable dags retrieved from /opt/airflow/dags/Code explanation.xlsx
[2025-04-27T18:56:46.040+0000] {processor.py:183} INFO - Processing /opt/airflow/dags/Code explanation.xlsx took 0.037 seconds
[2025-04-27T18:57:16.616+0000] {processor.py:161} INFO - Started process (PID=1642) to work on /opt/airflow/dags/Code explanation.xlsx
[2025-04-27T18:57:16.617+0000] {processor.py:830} INFO - Processing file /opt/airflow/dags/Code explanation.xlsx for tasks to queue
[2025-04-27T18:57:16.618+0000] {logging_mixin.py:188} INFO - [2025-04-27T18:57:16.618+0000] {dagbag.py:538} INFO - Filling up the DagBag from /opt/airflow/dags/Code explanation.xlsx
[2025-04-27T18:57:16.633+0000] {processor.py:842} WARNING - No viable dags retrieved from /opt/airflow/dags/Code explanation.xlsx
[2025-04-27T18:57:16.649+0000] {processor.py:183} INFO - Processing /opt/airflow/dags/Code explanation.xlsx took 0.036 seconds
[2025-04-27T18:57:47.262+0000] {processor.py:161} INFO - Started process (PID=1685) to work on /opt/airflow/dags/Code explanation.xlsx
[2025-04-27T18:57:47.263+0000] {processor.py:830} INFO - Processing file /opt/airflow/dags/Code explanation.xlsx for tasks to queue
[2025-04-27T18:57:47.264+0000] {logging_mixin.py:188} INFO - [2025-04-27T18:57:47.264+0000] {dagbag.py:538} INFO - Filling up the DagBag from /opt/airflow/dags/Code explanation.xlsx
[2025-04-27T18:57:47.280+0000] {processor.py:842} WARNING - No viable dags retrieved from /opt/airflow/dags/Code explanation.xlsx
[2025-04-27T18:57:47.300+0000] {processor.py:183} INFO - Processing /opt/airflow/dags/Code explanation.xlsx took 0.043 seconds
[2025-04-27T18:58:18.081+0000] {processor.py:161} INFO - Started process (PID=1726) to work on /opt/airflow/dags/Code explanation.xlsx
[2025-04-27T18:58:18.083+0000] {processor.py:830} INFO - Processing file /opt/airflow/dags/Code explanation.xlsx for tasks to queue
[2025-04-27T18:58:18.089+0000] {logging_mixin.py:188} INFO - [2025-04-27T18:58:18.086+0000] {dagbag.py:538} INFO - Filling up the DagBag from /opt/airflow/dags/Code explanation.xlsx
[2025-04-27T18:58:18.146+0000] {processor.py:842} WARNING - No viable dags retrieved from /opt/airflow/dags/Code explanation.xlsx
[2025-04-27T18:58:18.182+0000] {processor.py:183} INFO - Processing /opt/airflow/dags/Code explanation.xlsx took 0.110 seconds
[2025-04-27T18:58:48.316+0000] {processor.py:161} INFO - Started process (PID=1769) to work on /opt/airflow/dags/Code explanation.xlsx
[2025-04-27T18:58:48.318+0000] {processor.py:830} INFO - Processing file /opt/airflow/dags/Code explanation.xlsx for tasks to queue
[2025-04-27T18:58:48.319+0000] {logging_mixin.py:188} INFO - [2025-04-27T18:58:48.318+0000] {dagbag.py:538} INFO - Filling up the DagBag from /opt/airflow/dags/Code explanation.xlsx
[2025-04-27T18:58:48.333+0000] {processor.py:842} WARNING - No viable dags retrieved from /opt/airflow/dags/Code explanation.xlsx
[2025-04-27T18:58:48.346+0000] {processor.py:183} INFO - Processing /opt/airflow/dags/Code explanation.xlsx took 0.032 seconds
[2025-04-27T18:59:18.637+0000] {processor.py:161} INFO - Started process (PID=1812) to work on /opt/airflow/dags/Code explanation.xlsx
[2025-04-27T18:59:18.640+0000] {processor.py:830} INFO - Processing file /opt/airflow/dags/Code explanation.xlsx for tasks to queue
[2025-04-27T18:59:18.643+0000] {logging_mixin.py:188} INFO - [2025-04-27T18:59:18.643+0000] {dagbag.py:538} INFO - Filling up the DagBag from /opt/airflow/dags/Code explanation.xlsx
[2025-04-27T18:59:18.664+0000] {processor.py:842} WARNING - No viable dags retrieved from /opt/airflow/dags/Code explanation.xlsx
[2025-04-27T18:59:18.683+0000] {processor.py:183} INFO - Processing /opt/airflow/dags/Code explanation.xlsx took 0.051 seconds
[2025-04-27T18:59:49.302+0000] {processor.py:161} INFO - Started process (PID=1855) to work on /opt/airflow/dags/Code explanation.xlsx
[2025-04-27T18:59:49.304+0000] {processor.py:830} INFO - Processing file /opt/airflow/dags/Code explanation.xlsx for tasks to queue
[2025-04-27T18:59:49.306+0000] {logging_mixin.py:188} INFO - [2025-04-27T18:59:49.305+0000] {dagbag.py:538} INFO - Filling up the DagBag from /opt/airflow/dags/Code explanation.xlsx
[2025-04-27T18:59:49.328+0000] {processor.py:842} WARNING - No viable dags retrieved from /opt/airflow/dags/Code explanation.xlsx
[2025-04-27T18:59:49.352+0000] {processor.py:183} INFO - Processing /opt/airflow/dags/Code explanation.xlsx took 0.055 seconds
[2025-04-27T19:00:19.653+0000] {processor.py:161} INFO - Started process (PID=1898) to work on /opt/airflow/dags/Code explanation.xlsx
[2025-04-27T19:00:19.654+0000] {processor.py:830} INFO - Processing file /opt/airflow/dags/Code explanation.xlsx for tasks to queue
[2025-04-27T19:00:19.655+0000] {logging_mixin.py:188} INFO - [2025-04-27T19:00:19.654+0000] {dagbag.py:538} INFO - Filling up the DagBag from /opt/airflow/dags/Code explanation.xlsx
[2025-04-27T19:00:19.666+0000] {processor.py:842} WARNING - No viable dags retrieved from /opt/airflow/dags/Code explanation.xlsx
[2025-04-27T19:00:19.682+0000] {processor.py:183} INFO - Processing /opt/airflow/dags/Code explanation.xlsx took 0.032 seconds
[2025-04-27T19:00:50.192+0000] {processor.py:161} INFO - Started process (PID=1943) to work on /opt/airflow/dags/Code explanation.xlsx
[2025-04-27T19:00:50.193+0000] {processor.py:830} INFO - Processing file /opt/airflow/dags/Code explanation.xlsx for tasks to queue
[2025-04-27T19:00:50.194+0000] {logging_mixin.py:188} INFO - [2025-04-27T19:00:50.194+0000] {dagbag.py:538} INFO - Filling up the DagBag from /opt/airflow/dags/Code explanation.xlsx
[2025-04-27T19:00:50.206+0000] {processor.py:842} WARNING - No viable dags retrieved from /opt/airflow/dags/Code explanation.xlsx
[2025-04-27T19:00:50.219+0000] {processor.py:183} INFO - Processing /opt/airflow/dags/Code explanation.xlsx took 0.029 seconds
[2025-04-27T19:01:20.550+0000] {processor.py:161} INFO - Started process (PID=1984) to work on /opt/airflow/dags/Code explanation.xlsx
[2025-04-27T19:01:20.552+0000] {processor.py:830} INFO - Processing file /opt/airflow/dags/Code explanation.xlsx for tasks to queue
[2025-04-27T19:01:20.553+0000] {logging_mixin.py:188} INFO - [2025-04-27T19:01:20.553+0000] {dagbag.py:538} INFO - Filling up the DagBag from /opt/airflow/dags/Code explanation.xlsx
[2025-04-27T19:01:20.572+0000] {processor.py:842} WARNING - No viable dags retrieved from /opt/airflow/dags/Code explanation.xlsx
[2025-04-27T19:01:20.596+0000] {processor.py:183} INFO - Processing /opt/airflow/dags/Code explanation.xlsx took 0.050 seconds
[2025-04-27T19:01:51.051+0000] {processor.py:161} INFO - Started process (PID=2029) to work on /opt/airflow/dags/Code explanation.xlsx
[2025-04-27T19:01:51.053+0000] {processor.py:830} INFO - Processing file /opt/airflow/dags/Code explanation.xlsx for tasks to queue
[2025-04-27T19:01:51.054+0000] {logging_mixin.py:188} INFO - [2025-04-27T19:01:51.053+0000] {dagbag.py:538} INFO - Filling up the DagBag from /opt/airflow/dags/Code explanation.xlsx
[2025-04-27T19:01:51.074+0000] {processor.py:842} WARNING - No viable dags retrieved from /opt/airflow/dags/Code explanation.xlsx
[2025-04-27T19:01:51.097+0000] {processor.py:183} INFO - Processing /opt/airflow/dags/Code explanation.xlsx took 0.049 seconds
[2025-04-27T19:02:22.040+0000] {processor.py:161} INFO - Started process (PID=2072) to work on /opt/airflow/dags/Code explanation.xlsx
[2025-04-27T19:02:22.042+0000] {processor.py:830} INFO - Processing file /opt/airflow/dags/Code explanation.xlsx for tasks to queue
[2025-04-27T19:02:22.044+0000] {logging_mixin.py:188} INFO - [2025-04-27T19:02:22.043+0000] {dagbag.py:538} INFO - Filling up the DagBag from /opt/airflow/dags/Code explanation.xlsx
[2025-04-27T19:02:22.064+0000] {processor.py:842} WARNING - No viable dags retrieved from /opt/airflow/dags/Code explanation.xlsx
[2025-04-27T19:02:22.082+0000] {processor.py:183} INFO - Processing /opt/airflow/dags/Code explanation.xlsx took 0.051 seconds
[2025-04-27T19:02:53.893+0000] {processor.py:161} INFO - Started process (PID=2113) to work on /opt/airflow/dags/Code explanation.xlsx
[2025-04-27T19:02:53.901+0000] {processor.py:830} INFO - Processing file /opt/airflow/dags/Code explanation.xlsx for tasks to queue
[2025-04-27T19:02:53.903+0000] {logging_mixin.py:188} INFO - [2025-04-27T19:02:53.903+0000] {dagbag.py:538} INFO - Filling up the DagBag from /opt/airflow/dags/Code explanation.xlsx
[2025-04-27T19:02:53.936+0000] {processor.py:842} WARNING - No viable dags retrieved from /opt/airflow/dags/Code explanation.xlsx
[2025-04-27T19:02:53.991+0000] {processor.py:183} INFO - Processing /opt/airflow/dags/Code explanation.xlsx took 0.106 seconds
[2025-04-27T19:03:25.293+0000] {processor.py:161} INFO - Started process (PID=2158) to work on /opt/airflow/dags/Code explanation.xlsx
[2025-04-27T19:03:25.295+0000] {processor.py:830} INFO - Processing file /opt/airflow/dags/Code explanation.xlsx for tasks to queue
[2025-04-27T19:03:25.298+0000] {logging_mixin.py:188} INFO - [2025-04-27T19:03:25.297+0000] {dagbag.py:538} INFO - Filling up the DagBag from /opt/airflow/dags/Code explanation.xlsx
[2025-04-27T19:03:25.334+0000] {processor.py:842} WARNING - No viable dags retrieved from /opt/airflow/dags/Code explanation.xlsx
[2025-04-27T19:03:25.365+0000] {processor.py:183} INFO - Processing /opt/airflow/dags/Code explanation.xlsx took 0.077 seconds
[2025-04-27T19:03:55.657+0000] {processor.py:161} INFO - Started process (PID=2201) to work on /opt/airflow/dags/Code explanation.xlsx
[2025-04-27T19:03:55.659+0000] {processor.py:830} INFO - Processing file /opt/airflow/dags/Code explanation.xlsx for tasks to queue
[2025-04-27T19:03:55.660+0000] {logging_mixin.py:188} INFO - [2025-04-27T19:03:55.660+0000] {dagbag.py:538} INFO - Filling up the DagBag from /opt/airflow/dags/Code explanation.xlsx
[2025-04-27T19:03:55.677+0000] {processor.py:842} WARNING - No viable dags retrieved from /opt/airflow/dags/Code explanation.xlsx
[2025-04-27T19:03:55.694+0000] {processor.py:183} INFO - Processing /opt/airflow/dags/Code explanation.xlsx took 0.046 seconds
[2025-04-27T19:04:26.109+0000] {processor.py:161} INFO - Started process (PID=2242) to work on /opt/airflow/dags/Code explanation.xlsx
[2025-04-27T19:04:26.112+0000] {processor.py:830} INFO - Processing file /opt/airflow/dags/Code explanation.xlsx for tasks to queue
[2025-04-27T19:04:26.114+0000] {logging_mixin.py:188} INFO - [2025-04-27T19:04:26.113+0000] {dagbag.py:538} INFO - Filling up the DagBag from /opt/airflow/dags/Code explanation.xlsx
[2025-04-27T19:04:26.135+0000] {processor.py:842} WARNING - No viable dags retrieved from /opt/airflow/dags/Code explanation.xlsx
[2025-04-27T19:04:26.162+0000] {processor.py:183} INFO - Processing /opt/airflow/dags/Code explanation.xlsx took 0.060 seconds
[2025-04-27T19:04:56.396+0000] {processor.py:161} INFO - Started process (PID=2285) to work on /opt/airflow/dags/Code explanation.xlsx
[2025-04-27T19:04:56.397+0000] {processor.py:830} INFO - Processing file /opt/airflow/dags/Code explanation.xlsx for tasks to queue
[2025-04-27T19:04:56.399+0000] {logging_mixin.py:188} INFO - [2025-04-27T19:04:56.398+0000] {dagbag.py:538} INFO - Filling up the DagBag from /opt/airflow/dags/Code explanation.xlsx
[2025-04-27T19:04:56.415+0000] {processor.py:842} WARNING - No viable dags retrieved from /opt/airflow/dags/Code explanation.xlsx
[2025-04-27T19:04:56.442+0000] {processor.py:183} INFO - Processing /opt/airflow/dags/Code explanation.xlsx took 0.050 seconds
[2025-04-27T19:05:26.704+0000] {processor.py:161} INFO - Started process (PID=2328) to work on /opt/airflow/dags/Code explanation.xlsx
[2025-04-27T19:05:26.706+0000] {processor.py:830} INFO - Processing file /opt/airflow/dags/Code explanation.xlsx for tasks to queue
[2025-04-27T19:05:26.707+0000] {logging_mixin.py:188} INFO - [2025-04-27T19:05:26.707+0000] {dagbag.py:538} INFO - Filling up the DagBag from /opt/airflow/dags/Code explanation.xlsx
[2025-04-27T19:05:26.724+0000] {processor.py:842} WARNING - No viable dags retrieved from /opt/airflow/dags/Code explanation.xlsx
[2025-04-27T19:05:26.744+0000] {processor.py:183} INFO - Processing /opt/airflow/dags/Code explanation.xlsx took 0.043 seconds
[2025-04-27T19:05:56.885+0000] {processor.py:161} INFO - Started process (PID=2368) to work on /opt/airflow/dags/Code explanation.xlsx
[2025-04-27T19:05:56.886+0000] {processor.py:830} INFO - Processing file /opt/airflow/dags/Code explanation.xlsx for tasks to queue
[2025-04-27T19:05:56.887+0000] {logging_mixin.py:188} INFO - [2025-04-27T19:05:56.886+0000] {dagbag.py:538} INFO - Filling up the DagBag from /opt/airflow/dags/Code explanation.xlsx
[2025-04-27T19:05:56.898+0000] {processor.py:842} WARNING - No viable dags retrieved from /opt/airflow/dags/Code explanation.xlsx
[2025-04-27T19:05:56.908+0000] {processor.py:183} INFO - Processing /opt/airflow/dags/Code explanation.xlsx took 0.026 seconds
[2025-04-27T19:06:27.336+0000] {processor.py:161} INFO - Started process (PID=2409) to work on /opt/airflow/dags/Code explanation.xlsx
[2025-04-27T19:06:27.337+0000] {processor.py:830} INFO - Processing file /opt/airflow/dags/Code explanation.xlsx for tasks to queue
[2025-04-27T19:06:27.337+0000] {logging_mixin.py:188} INFO - [2025-04-27T19:06:27.337+0000] {dagbag.py:538} INFO - Filling up the DagBag from /opt/airflow/dags/Code explanation.xlsx
[2025-04-27T19:06:27.347+0000] {processor.py:842} WARNING - No viable dags retrieved from /opt/airflow/dags/Code explanation.xlsx
[2025-04-27T19:06:27.361+0000] {processor.py:183} INFO - Processing /opt/airflow/dags/Code explanation.xlsx took 0.028 seconds
[2025-04-27T19:06:57.800+0000] {processor.py:161} INFO - Started process (PID=2452) to work on /opt/airflow/dags/Code explanation.xlsx
[2025-04-27T19:06:57.801+0000] {processor.py:830} INFO - Processing file /opt/airflow/dags/Code explanation.xlsx for tasks to queue
[2025-04-27T19:06:57.802+0000] {logging_mixin.py:188} INFO - [2025-04-27T19:06:57.802+0000] {dagbag.py:538} INFO - Filling up the DagBag from /opt/airflow/dags/Code explanation.xlsx
[2025-04-27T19:06:57.815+0000] {processor.py:842} WARNING - No viable dags retrieved from /opt/airflow/dags/Code explanation.xlsx
[2025-04-27T19:06:57.831+0000] {processor.py:183} INFO - Processing /opt/airflow/dags/Code explanation.xlsx took 0.034 seconds
[2025-04-27T19:07:28.324+0000] {processor.py:161} INFO - Started process (PID=2495) to work on /opt/airflow/dags/Code explanation.xlsx
[2025-04-27T19:07:28.325+0000] {processor.py:830} INFO - Processing file /opt/airflow/dags/Code explanation.xlsx for tasks to queue
[2025-04-27T19:07:28.326+0000] {logging_mixin.py:188} INFO - [2025-04-27T19:07:28.326+0000] {dagbag.py:538} INFO - Filling up the DagBag from /opt/airflow/dags/Code explanation.xlsx
[2025-04-27T19:07:28.335+0000] {processor.py:842} WARNING - No viable dags retrieved from /opt/airflow/dags/Code explanation.xlsx
[2025-04-27T19:07:28.348+0000] {processor.py:183} INFO - Processing /opt/airflow/dags/Code explanation.xlsx took 0.027 seconds
[2025-04-27T19:07:58.444+0000] {processor.py:161} INFO - Started process (PID=2535) to work on /opt/airflow/dags/Code explanation.xlsx
[2025-04-27T19:07:58.445+0000] {processor.py:830} INFO - Processing file /opt/airflow/dags/Code explanation.xlsx for tasks to queue
[2025-04-27T19:07:58.446+0000] {logging_mixin.py:188} INFO - [2025-04-27T19:07:58.446+0000] {dagbag.py:538} INFO - Filling up the DagBag from /opt/airflow/dags/Code explanation.xlsx
[2025-04-27T19:07:58.457+0000] {processor.py:842} WARNING - No viable dags retrieved from /opt/airflow/dags/Code explanation.xlsx
[2025-04-27T19:07:58.467+0000] {processor.py:183} INFO - Processing /opt/airflow/dags/Code explanation.xlsx took 0.025 seconds
[2025-04-27T19:08:50.327+0000] {processor.py:161} INFO - Started process (PID=186) to work on /opt/airflow/dags/Code explanation.xlsx
[2025-04-27T19:08:50.329+0000] {processor.py:830} INFO - Processing file /opt/airflow/dags/Code explanation.xlsx for tasks to queue
[2025-04-27T19:08:50.330+0000] {logging_mixin.py:188} INFO - [2025-04-27T19:08:50.330+0000] {dagbag.py:538} INFO - Filling up the DagBag from /opt/airflow/dags/Code explanation.xlsx
[2025-04-27T19:08:50.355+0000] {processor.py:842} WARNING - No viable dags retrieved from /opt/airflow/dags/Code explanation.xlsx
[2025-04-27T19:08:50.394+0000] {processor.py:183} INFO - Processing /opt/airflow/dags/Code explanation.xlsx took 0.074 seconds
[2025-04-27T19:09:21.065+0000] {processor.py:161} INFO - Started process (PID=229) to work on /opt/airflow/dags/Code explanation.xlsx
[2025-04-27T19:09:21.066+0000] {processor.py:830} INFO - Processing file /opt/airflow/dags/Code explanation.xlsx for tasks to queue
[2025-04-27T19:09:21.068+0000] {logging_mixin.py:188} INFO - [2025-04-27T19:09:21.067+0000] {dagbag.py:538} INFO - Filling up the DagBag from /opt/airflow/dags/Code explanation.xlsx
[2025-04-27T19:09:21.090+0000] {processor.py:842} WARNING - No viable dags retrieved from /opt/airflow/dags/Code explanation.xlsx
[2025-04-27T19:09:21.115+0000] {processor.py:183} INFO - Processing /opt/airflow/dags/Code explanation.xlsx took 0.053 seconds
[2025-04-27T19:09:51.852+0000] {processor.py:161} INFO - Started process (PID=272) to work on /opt/airflow/dags/Code explanation.xlsx
[2025-04-27T19:09:51.853+0000] {processor.py:830} INFO - Processing file /opt/airflow/dags/Code explanation.xlsx for tasks to queue
[2025-04-27T19:09:51.854+0000] {logging_mixin.py:188} INFO - [2025-04-27T19:09:51.853+0000] {dagbag.py:538} INFO - Filling up the DagBag from /opt/airflow/dags/Code explanation.xlsx
[2025-04-27T19:09:51.862+0000] {processor.py:842} WARNING - No viable dags retrieved from /opt/airflow/dags/Code explanation.xlsx
[2025-04-27T19:09:51.875+0000] {processor.py:183} INFO - Processing /opt/airflow/dags/Code explanation.xlsx took 0.026 seconds
[2025-04-27T19:10:22.471+0000] {processor.py:161} INFO - Started process (PID=315) to work on /opt/airflow/dags/Code explanation.xlsx
[2025-04-27T19:10:22.472+0000] {processor.py:830} INFO - Processing file /opt/airflow/dags/Code explanation.xlsx for tasks to queue
[2025-04-27T19:10:22.473+0000] {logging_mixin.py:188} INFO - [2025-04-27T19:10:22.473+0000] {dagbag.py:538} INFO - Filling up the DagBag from /opt/airflow/dags/Code explanation.xlsx
[2025-04-27T19:10:22.483+0000] {processor.py:842} WARNING - No viable dags retrieved from /opt/airflow/dags/Code explanation.xlsx
[2025-04-27T19:10:22.496+0000] {processor.py:183} INFO - Processing /opt/airflow/dags/Code explanation.xlsx took 0.027 seconds
[2025-04-27T19:10:53.200+0000] {processor.py:161} INFO - Started process (PID=358) to work on /opt/airflow/dags/Code explanation.xlsx
[2025-04-27T19:10:53.202+0000] {processor.py:830} INFO - Processing file /opt/airflow/dags/Code explanation.xlsx for tasks to queue
[2025-04-27T19:10:53.205+0000] {logging_mixin.py:188} INFO - [2025-04-27T19:10:53.204+0000] {dagbag.py:538} INFO - Filling up the DagBag from /opt/airflow/dags/Code explanation.xlsx
[2025-04-27T19:10:53.223+0000] {processor.py:842} WARNING - No viable dags retrieved from /opt/airflow/dags/Code explanation.xlsx
[2025-04-27T19:10:53.252+0000] {processor.py:183} INFO - Processing /opt/airflow/dags/Code explanation.xlsx took 0.056 seconds
[2025-04-27T19:11:23.852+0000] {processor.py:161} INFO - Started process (PID=401) to work on /opt/airflow/dags/Code explanation.xlsx
[2025-04-27T19:11:23.854+0000] {processor.py:830} INFO - Processing file /opt/airflow/dags/Code explanation.xlsx for tasks to queue
[2025-04-27T19:11:23.855+0000] {logging_mixin.py:188} INFO - [2025-04-27T19:11:23.855+0000] {dagbag.py:538} INFO - Filling up the DagBag from /opt/airflow/dags/Code explanation.xlsx
[2025-04-27T19:11:23.866+0000] {processor.py:842} WARNING - No viable dags retrieved from /opt/airflow/dags/Code explanation.xlsx
[2025-04-27T19:11:23.879+0000] {processor.py:183} INFO - Processing /opt/airflow/dags/Code explanation.xlsx took 0.030 seconds
[2025-04-27T19:11:54.465+0000] {processor.py:161} INFO - Started process (PID=444) to work on /opt/airflow/dags/Code explanation.xlsx
[2025-04-27T19:11:54.466+0000] {processor.py:830} INFO - Processing file /opt/airflow/dags/Code explanation.xlsx for tasks to queue
[2025-04-27T19:11:54.468+0000] {logging_mixin.py:188} INFO - [2025-04-27T19:11:54.467+0000] {dagbag.py:538} INFO - Filling up the DagBag from /opt/airflow/dags/Code explanation.xlsx
[2025-04-27T19:11:54.483+0000] {processor.py:842} WARNING - No viable dags retrieved from /opt/airflow/dags/Code explanation.xlsx
[2025-04-27T19:11:54.500+0000] {processor.py:183} INFO - Processing /opt/airflow/dags/Code explanation.xlsx took 0.038 seconds
[2025-04-27T19:12:25.114+0000] {processor.py:161} INFO - Started process (PID=487) to work on /opt/airflow/dags/Code explanation.xlsx
[2025-04-27T19:12:25.115+0000] {processor.py:830} INFO - Processing file /opt/airflow/dags/Code explanation.xlsx for tasks to queue
[2025-04-27T19:12:25.117+0000] {logging_mixin.py:188} INFO - [2025-04-27T19:12:25.117+0000] {dagbag.py:538} INFO - Filling up the DagBag from /opt/airflow/dags/Code explanation.xlsx
[2025-04-27T19:12:25.131+0000] {processor.py:842} WARNING - No viable dags retrieved from /opt/airflow/dags/Code explanation.xlsx
[2025-04-27T19:12:25.149+0000] {processor.py:183} INFO - Processing /opt/airflow/dags/Code explanation.xlsx took 0.037 seconds
[2025-04-27T19:12:55.633+0000] {processor.py:161} INFO - Started process (PID=530) to work on /opt/airflow/dags/Code explanation.xlsx
[2025-04-27T19:12:55.634+0000] {processor.py:830} INFO - Processing file /opt/airflow/dags/Code explanation.xlsx for tasks to queue
[2025-04-27T19:12:55.635+0000] {logging_mixin.py:188} INFO - [2025-04-27T19:12:55.635+0000] {dagbag.py:538} INFO - Filling up the DagBag from /opt/airflow/dags/Code explanation.xlsx
[2025-04-27T19:12:55.648+0000] {processor.py:842} WARNING - No viable dags retrieved from /opt/airflow/dags/Code explanation.xlsx
[2025-04-27T19:12:55.662+0000] {processor.py:183} INFO - Processing /opt/airflow/dags/Code explanation.xlsx took 0.032 seconds
[2025-04-27T19:13:26.132+0000] {processor.py:161} INFO - Started process (PID=573) to work on /opt/airflow/dags/Code explanation.xlsx
[2025-04-27T19:13:26.134+0000] {processor.py:830} INFO - Processing file /opt/airflow/dags/Code explanation.xlsx for tasks to queue
[2025-04-27T19:13:26.135+0000] {logging_mixin.py:188} INFO - [2025-04-27T19:13:26.135+0000] {dagbag.py:538} INFO - Filling up the DagBag from /opt/airflow/dags/Code explanation.xlsx
[2025-04-27T19:13:26.157+0000] {processor.py:842} WARNING - No viable dags retrieved from /opt/airflow/dags/Code explanation.xlsx
[2025-04-27T19:13:26.174+0000] {processor.py:183} INFO - Processing /opt/airflow/dags/Code explanation.xlsx took 0.046 seconds
[2025-04-27T19:14:58.599+0000] {processor.py:161} INFO - Started process (PID=618) to work on /opt/airflow/dags/Code explanation.xlsx
[2025-04-27T19:14:58.602+0000] {processor.py:830} INFO - Processing file /opt/airflow/dags/Code explanation.xlsx for tasks to queue
[2025-04-27T19:14:58.605+0000] {logging_mixin.py:188} INFO - [2025-04-27T19:14:58.604+0000] {dagbag.py:538} INFO - Filling up the DagBag from /opt/airflow/dags/Code explanation.xlsx
[2025-04-27T19:14:58.628+0000] {processor.py:842} WARNING - No viable dags retrieved from /opt/airflow/dags/Code explanation.xlsx
[2025-04-27T19:14:58.665+0000] {processor.py:183} INFO - Processing /opt/airflow/dags/Code explanation.xlsx took 0.073 seconds
[2025-04-27T19:15:29.295+0000] {processor.py:161} INFO - Started process (PID=660) to work on /opt/airflow/dags/Code explanation.xlsx
[2025-04-27T19:15:29.297+0000] {processor.py:830} INFO - Processing file /opt/airflow/dags/Code explanation.xlsx for tasks to queue
[2025-04-27T19:15:29.298+0000] {logging_mixin.py:188} INFO - [2025-04-27T19:15:29.298+0000] {dagbag.py:538} INFO - Filling up the DagBag from /opt/airflow/dags/Code explanation.xlsx
[2025-04-27T19:15:29.313+0000] {processor.py:842} WARNING - No viable dags retrieved from /opt/airflow/dags/Code explanation.xlsx
[2025-04-27T19:15:29.332+0000] {processor.py:183} INFO - Processing /opt/airflow/dags/Code explanation.xlsx took 0.041 seconds
[2025-04-27T19:15:59.858+0000] {processor.py:161} INFO - Started process (PID=701) to work on /opt/airflow/dags/Code explanation.xlsx
[2025-04-27T19:15:59.861+0000] {processor.py:830} INFO - Processing file /opt/airflow/dags/Code explanation.xlsx for tasks to queue
[2025-04-27T19:15:59.864+0000] {logging_mixin.py:188} INFO - [2025-04-27T19:15:59.863+0000] {dagbag.py:538} INFO - Filling up the DagBag from /opt/airflow/dags/Code explanation.xlsx
[2025-04-27T19:15:59.900+0000] {processor.py:842} WARNING - No viable dags retrieved from /opt/airflow/dags/Code explanation.xlsx
[2025-04-27T19:15:59.932+0000] {processor.py:183} INFO - Processing /opt/airflow/dags/Code explanation.xlsx took 0.079 seconds
[2025-04-27T19:16:30.406+0000] {processor.py:161} INFO - Started process (PID=741) to work on /opt/airflow/dags/Code explanation.xlsx
[2025-04-27T19:16:30.408+0000] {processor.py:830} INFO - Processing file /opt/airflow/dags/Code explanation.xlsx for tasks to queue
[2025-04-27T19:16:30.411+0000] {logging_mixin.py:188} INFO - [2025-04-27T19:16:30.410+0000] {dagbag.py:538} INFO - Filling up the DagBag from /opt/airflow/dags/Code explanation.xlsx
[2025-04-27T19:16:30.433+0000] {processor.py:842} WARNING - No viable dags retrieved from /opt/airflow/dags/Code explanation.xlsx
[2025-04-27T19:16:30.462+0000] {processor.py:183} INFO - Processing /opt/airflow/dags/Code explanation.xlsx took 0.064 seconds
[2025-04-27T19:17:00.673+0000] {processor.py:161} INFO - Started process (PID=782) to work on /opt/airflow/dags/Code explanation.xlsx
[2025-04-27T19:17:00.676+0000] {processor.py:830} INFO - Processing file /opt/airflow/dags/Code explanation.xlsx for tasks to queue
[2025-04-27T19:17:00.678+0000] {logging_mixin.py:188} INFO - [2025-04-27T19:17:00.678+0000] {dagbag.py:538} INFO - Filling up the DagBag from /opt/airflow/dags/Code explanation.xlsx
[2025-04-27T19:17:00.711+0000] {processor.py:842} WARNING - No viable dags retrieved from /opt/airflow/dags/Code explanation.xlsx
[2025-04-27T19:17:00.741+0000] {processor.py:183} INFO - Processing /opt/airflow/dags/Code explanation.xlsx took 0.077 seconds
[2025-04-27T19:17:31.701+0000] {processor.py:161} INFO - Started process (PID=830) to work on /opt/airflow/dags/Code explanation.xlsx
[2025-04-27T19:17:31.703+0000] {processor.py:830} INFO - Processing file /opt/airflow/dags/Code explanation.xlsx for tasks to queue
[2025-04-27T19:17:31.704+0000] {logging_mixin.py:188} INFO - [2025-04-27T19:17:31.703+0000] {dagbag.py:538} INFO - Filling up the DagBag from /opt/airflow/dags/Code explanation.xlsx
[2025-04-27T19:17:31.716+0000] {processor.py:842} WARNING - No viable dags retrieved from /opt/airflow/dags/Code explanation.xlsx
[2025-04-27T19:17:31.730+0000] {processor.py:183} INFO - Processing /opt/airflow/dags/Code explanation.xlsx took 0.032 seconds
[2025-04-27T19:18:02.020+0000] {processor.py:161} INFO - Started process (PID=873) to work on /opt/airflow/dags/Code explanation.xlsx
[2025-04-27T19:18:02.021+0000] {processor.py:830} INFO - Processing file /opt/airflow/dags/Code explanation.xlsx for tasks to queue
[2025-04-27T19:18:02.023+0000] {logging_mixin.py:188} INFO - [2025-04-27T19:18:02.023+0000] {dagbag.py:538} INFO - Filling up the DagBag from /opt/airflow/dags/Code explanation.xlsx
[2025-04-27T19:18:02.036+0000] {processor.py:842} WARNING - No viable dags retrieved from /opt/airflow/dags/Code explanation.xlsx
[2025-04-27T19:18:02.052+0000] {processor.py:183} INFO - Processing /opt/airflow/dags/Code explanation.xlsx took 0.034 seconds
[2025-04-27T19:18:32.249+0000] {processor.py:161} INFO - Started process (PID=911) to work on /opt/airflow/dags/Code explanation.xlsx
[2025-04-27T19:18:32.250+0000] {processor.py:830} INFO - Processing file /opt/airflow/dags/Code explanation.xlsx for tasks to queue
[2025-04-27T19:18:32.251+0000] {logging_mixin.py:188} INFO - [2025-04-27T19:18:32.251+0000] {dagbag.py:538} INFO - Filling up the DagBag from /opt/airflow/dags/Code explanation.xlsx
[2025-04-27T19:18:32.267+0000] {processor.py:842} WARNING - No viable dags retrieved from /opt/airflow/dags/Code explanation.xlsx
[2025-04-27T19:18:32.282+0000] {processor.py:183} INFO - Processing /opt/airflow/dags/Code explanation.xlsx took 0.036 seconds
[2025-04-27T19:19:02.597+0000] {processor.py:161} INFO - Started process (PID=956) to work on /opt/airflow/dags/Code explanation.xlsx
[2025-04-27T19:19:02.599+0000] {processor.py:830} INFO - Processing file /opt/airflow/dags/Code explanation.xlsx for tasks to queue
[2025-04-27T19:19:02.600+0000] {logging_mixin.py:188} INFO - [2025-04-27T19:19:02.600+0000] {dagbag.py:538} INFO - Filling up the DagBag from /opt/airflow/dags/Code explanation.xlsx
[2025-04-27T19:19:02.615+0000] {processor.py:842} WARNING - No viable dags retrieved from /opt/airflow/dags/Code explanation.xlsx
[2025-04-27T19:19:02.632+0000] {processor.py:183} INFO - Processing /opt/airflow/dags/Code explanation.xlsx took 0.037 seconds
[2025-04-27T19:19:32.805+0000] {processor.py:161} INFO - Started process (PID=997) to work on /opt/airflow/dags/Code explanation.xlsx
[2025-04-27T19:19:32.806+0000] {processor.py:830} INFO - Processing file /opt/airflow/dags/Code explanation.xlsx for tasks to queue
[2025-04-27T19:19:32.807+0000] {logging_mixin.py:188} INFO - [2025-04-27T19:19:32.807+0000] {dagbag.py:538} INFO - Filling up the DagBag from /opt/airflow/dags/Code explanation.xlsx
[2025-04-27T19:19:32.819+0000] {processor.py:842} WARNING - No viable dags retrieved from /opt/airflow/dags/Code explanation.xlsx
[2025-04-27T19:19:32.831+0000] {processor.py:183} INFO - Processing /opt/airflow/dags/Code explanation.xlsx took 0.029 seconds
[2025-04-27T19:20:04.024+0000] {processor.py:161} INFO - Started process (PID=1047) to work on /opt/airflow/dags/Code explanation.xlsx
[2025-04-27T19:20:04.025+0000] {processor.py:830} INFO - Processing file /opt/airflow/dags/Code explanation.xlsx for tasks to queue
[2025-04-27T19:20:04.026+0000] {logging_mixin.py:188} INFO - [2025-04-27T19:20:04.026+0000] {dagbag.py:538} INFO - Filling up the DagBag from /opt/airflow/dags/Code explanation.xlsx
[2025-04-27T19:20:04.040+0000] {processor.py:842} WARNING - No viable dags retrieved from /opt/airflow/dags/Code explanation.xlsx
[2025-04-27T19:20:04.052+0000] {processor.py:183} INFO - Processing /opt/airflow/dags/Code explanation.xlsx took 0.032 seconds
[2025-04-27T19:20:34.462+0000] {processor.py:161} INFO - Started process (PID=1088) to work on /opt/airflow/dags/Code explanation.xlsx
[2025-04-27T19:20:34.463+0000] {processor.py:830} INFO - Processing file /opt/airflow/dags/Code explanation.xlsx for tasks to queue
[2025-04-27T19:20:34.466+0000] {logging_mixin.py:188} INFO - [2025-04-27T19:20:34.465+0000] {dagbag.py:538} INFO - Filling up the DagBag from /opt/airflow/dags/Code explanation.xlsx
[2025-04-27T19:20:34.483+0000] {processor.py:842} WARNING - No viable dags retrieved from /opt/airflow/dags/Code explanation.xlsx
[2025-04-27T19:20:34.508+0000] {processor.py:183} INFO - Processing /opt/airflow/dags/Code explanation.xlsx took 0.051 seconds
[2025-04-27T19:21:05.797+0000] {processor.py:161} INFO - Started process (PID=1133) to work on /opt/airflow/dags/Code explanation.xlsx
[2025-04-27T19:21:05.799+0000] {processor.py:830} INFO - Processing file /opt/airflow/dags/Code explanation.xlsx for tasks to queue
[2025-04-27T19:21:05.802+0000] {logging_mixin.py:188} INFO - [2025-04-27T19:21:05.802+0000] {dagbag.py:538} INFO - Filling up the DagBag from /opt/airflow/dags/Code explanation.xlsx
[2025-04-27T19:21:05.817+0000] {processor.py:842} WARNING - No viable dags retrieved from /opt/airflow/dags/Code explanation.xlsx
[2025-04-27T19:21:05.835+0000] {processor.py:183} INFO - Processing /opt/airflow/dags/Code explanation.xlsx took 0.041 seconds
[2025-04-27T19:41:25.983+0000] {processor.py:161} INFO - Started process (PID=1180) to work on /opt/airflow/dags/Code explanation.xlsx
[2025-04-27T19:41:25.986+0000] {processor.py:830} INFO - Processing file /opt/airflow/dags/Code explanation.xlsx for tasks to queue
[2025-04-27T19:41:25.996+0000] {logging_mixin.py:188} INFO - [2025-04-27T19:41:25.995+0000] {dagbag.py:538} INFO - Filling up the DagBag from /opt/airflow/dags/Code explanation.xlsx
[2025-04-27T19:41:26.016+0000] {processor.py:842} WARNING - No viable dags retrieved from /opt/airflow/dags/Code explanation.xlsx
[2025-04-27T19:41:26.055+0000] {processor.py:183} INFO - Processing /opt/airflow/dags/Code explanation.xlsx took 0.076 seconds
[2025-04-27T19:41:57.138+0000] {processor.py:161} INFO - Started process (PID=1223) to work on /opt/airflow/dags/Code explanation.xlsx
[2025-04-27T19:41:57.140+0000] {processor.py:830} INFO - Processing file /opt/airflow/dags/Code explanation.xlsx for tasks to queue
[2025-04-27T19:41:57.141+0000] {logging_mixin.py:188} INFO - [2025-04-27T19:41:57.141+0000] {dagbag.py:538} INFO - Filling up the DagBag from /opt/airflow/dags/Code explanation.xlsx
[2025-04-27T19:41:57.158+0000] {processor.py:842} WARNING - No viable dags retrieved from /opt/airflow/dags/Code explanation.xlsx
[2025-04-27T19:41:57.173+0000] {processor.py:183} INFO - Processing /opt/airflow/dags/Code explanation.xlsx took 0.038 seconds
[2025-04-27T19:42:27.740+0000] {processor.py:161} INFO - Started process (PID=1266) to work on /opt/airflow/dags/Code explanation.xlsx
[2025-04-27T19:42:27.741+0000] {processor.py:830} INFO - Processing file /opt/airflow/dags/Code explanation.xlsx for tasks to queue
[2025-04-27T19:42:27.743+0000] {logging_mixin.py:188} INFO - [2025-04-27T19:42:27.742+0000] {dagbag.py:538} INFO - Filling up the DagBag from /opt/airflow/dags/Code explanation.xlsx
[2025-04-27T19:42:27.760+0000] {processor.py:842} WARNING - No viable dags retrieved from /opt/airflow/dags/Code explanation.xlsx
[2025-04-27T19:42:27.779+0000] {processor.py:183} INFO - Processing /opt/airflow/dags/Code explanation.xlsx took 0.042 seconds
[2025-04-27T19:42:57.943+0000] {processor.py:161} INFO - Started process (PID=1303) to work on /opt/airflow/dags/Code explanation.xlsx
[2025-04-27T19:42:57.944+0000] {processor.py:830} INFO - Processing file /opt/airflow/dags/Code explanation.xlsx for tasks to queue
[2025-04-27T19:42:57.945+0000] {logging_mixin.py:188} INFO - [2025-04-27T19:42:57.945+0000] {dagbag.py:538} INFO - Filling up the DagBag from /opt/airflow/dags/Code explanation.xlsx
[2025-04-27T19:42:57.957+0000] {processor.py:842} WARNING - No viable dags retrieved from /opt/airflow/dags/Code explanation.xlsx
[2025-04-27T19:42:57.970+0000] {processor.py:183} INFO - Processing /opt/airflow/dags/Code explanation.xlsx took 0.029 seconds
[2025-04-27T19:43:28.944+0000] {processor.py:161} INFO - Started process (PID=1352) to work on /opt/airflow/dags/Code explanation.xlsx
[2025-04-27T19:43:28.945+0000] {processor.py:830} INFO - Processing file /opt/airflow/dags/Code explanation.xlsx for tasks to queue
[2025-04-27T19:43:28.946+0000] {logging_mixin.py:188} INFO - [2025-04-27T19:43:28.946+0000] {dagbag.py:538} INFO - Filling up the DagBag from /opt/airflow/dags/Code explanation.xlsx
[2025-04-27T19:43:28.962+0000] {processor.py:842} WARNING - No viable dags retrieved from /opt/airflow/dags/Code explanation.xlsx
[2025-04-27T19:43:28.980+0000] {processor.py:183} INFO - Processing /opt/airflow/dags/Code explanation.xlsx took 0.040 seconds
[2025-04-27T19:43:59.196+0000] {processor.py:161} INFO - Started process (PID=1394) to work on /opt/airflow/dags/Code explanation.xlsx
[2025-04-27T19:43:59.197+0000] {processor.py:830} INFO - Processing file /opt/airflow/dags/Code explanation.xlsx for tasks to queue
[2025-04-27T19:43:59.198+0000] {logging_mixin.py:188} INFO - [2025-04-27T19:43:59.197+0000] {dagbag.py:538} INFO - Filling up the DagBag from /opt/airflow/dags/Code explanation.xlsx
[2025-04-27T19:43:59.211+0000] {processor.py:842} WARNING - No viable dags retrieved from /opt/airflow/dags/Code explanation.xlsx
[2025-04-27T19:43:59.225+0000] {processor.py:183} INFO - Processing /opt/airflow/dags/Code explanation.xlsx took 0.032 seconds
[2025-04-27T19:44:29.475+0000] {processor.py:161} INFO - Started process (PID=1432) to work on /opt/airflow/dags/Code explanation.xlsx
[2025-04-27T19:44:29.476+0000] {processor.py:830} INFO - Processing file /opt/airflow/dags/Code explanation.xlsx for tasks to queue
[2025-04-27T19:44:29.477+0000] {logging_mixin.py:188} INFO - [2025-04-27T19:44:29.477+0000] {dagbag.py:538} INFO - Filling up the DagBag from /opt/airflow/dags/Code explanation.xlsx
[2025-04-27T19:44:29.489+0000] {processor.py:842} WARNING - No viable dags retrieved from /opt/airflow/dags/Code explanation.xlsx
[2025-04-27T19:44:29.502+0000] {processor.py:183} INFO - Processing /opt/airflow/dags/Code explanation.xlsx took 0.029 seconds
[2025-04-27T19:45:00.244+0000] {processor.py:161} INFO - Started process (PID=1481) to work on /opt/airflow/dags/Code explanation.xlsx
[2025-04-27T19:45:00.246+0000] {processor.py:830} INFO - Processing file /opt/airflow/dags/Code explanation.xlsx for tasks to queue
[2025-04-27T19:45:00.247+0000] {logging_mixin.py:188} INFO - [2025-04-27T19:45:00.246+0000] {dagbag.py:538} INFO - Filling up the DagBag from /opt/airflow/dags/Code explanation.xlsx
[2025-04-27T19:45:00.258+0000] {processor.py:842} WARNING - No viable dags retrieved from /opt/airflow/dags/Code explanation.xlsx
[2025-04-27T19:45:00.272+0000] {processor.py:183} INFO - Processing /opt/airflow/dags/Code explanation.xlsx took 0.030 seconds
[2025-04-27T19:45:30.816+0000] {processor.py:161} INFO - Started process (PID=1524) to work on /opt/airflow/dags/Code explanation.xlsx
[2025-04-27T19:45:30.817+0000] {processor.py:830} INFO - Processing file /opt/airflow/dags/Code explanation.xlsx for tasks to queue
[2025-04-27T19:45:30.819+0000] {logging_mixin.py:188} INFO - [2025-04-27T19:45:30.818+0000] {dagbag.py:538} INFO - Filling up the DagBag from /opt/airflow/dags/Code explanation.xlsx
[2025-04-27T19:45:30.837+0000] {processor.py:842} WARNING - No viable dags retrieved from /opt/airflow/dags/Code explanation.xlsx
[2025-04-27T19:45:30.861+0000] {processor.py:183} INFO - Processing /opt/airflow/dags/Code explanation.xlsx took 0.051 seconds
[2025-04-27T19:46:01.402+0000] {processor.py:161} INFO - Started process (PID=1567) to work on /opt/airflow/dags/Code explanation.xlsx
[2025-04-27T19:46:01.403+0000] {processor.py:830} INFO - Processing file /opt/airflow/dags/Code explanation.xlsx for tasks to queue
[2025-04-27T19:46:01.404+0000] {logging_mixin.py:188} INFO - [2025-04-27T19:46:01.404+0000] {dagbag.py:538} INFO - Filling up the DagBag from /opt/airflow/dags/Code explanation.xlsx
[2025-04-27T19:46:01.417+0000] {processor.py:842} WARNING - No viable dags retrieved from /opt/airflow/dags/Code explanation.xlsx
[2025-04-27T19:46:01.433+0000] {processor.py:183} INFO - Processing /opt/airflow/dags/Code explanation.xlsx took 0.034 seconds
[2025-04-27T19:46:32.405+0000] {processor.py:161} INFO - Started process (PID=1610) to work on /opt/airflow/dags/Code explanation.xlsx
[2025-04-27T19:46:32.406+0000] {processor.py:830} INFO - Processing file /opt/airflow/dags/Code explanation.xlsx for tasks to queue
[2025-04-27T19:46:32.408+0000] {logging_mixin.py:188} INFO - [2025-04-27T19:46:32.407+0000] {dagbag.py:538} INFO - Filling up the DagBag from /opt/airflow/dags/Code explanation.xlsx
[2025-04-27T19:46:32.425+0000] {processor.py:842} WARNING - No viable dags retrieved from /opt/airflow/dags/Code explanation.xlsx
[2025-04-27T19:46:32.450+0000] {processor.py:183} INFO - Processing /opt/airflow/dags/Code explanation.xlsx took 0.049 seconds
[2025-04-27T19:47:02.808+0000] {processor.py:161} INFO - Started process (PID=1653) to work on /opt/airflow/dags/Code explanation.xlsx
[2025-04-27T19:47:02.810+0000] {processor.py:830} INFO - Processing file /opt/airflow/dags/Code explanation.xlsx for tasks to queue
[2025-04-27T19:47:02.811+0000] {logging_mixin.py:188} INFO - [2025-04-27T19:47:02.811+0000] {dagbag.py:538} INFO - Filling up the DagBag from /opt/airflow/dags/Code explanation.xlsx
[2025-04-27T19:47:02.826+0000] {processor.py:842} WARNING - No viable dags retrieved from /opt/airflow/dags/Code explanation.xlsx
[2025-04-27T19:47:02.842+0000] {processor.py:183} INFO - Processing /opt/airflow/dags/Code explanation.xlsx took 0.036 seconds
[2025-04-27T19:47:33.411+0000] {processor.py:161} INFO - Started process (PID=1696) to work on /opt/airflow/dags/Code explanation.xlsx
[2025-04-27T19:47:33.412+0000] {processor.py:830} INFO - Processing file /opt/airflow/dags/Code explanation.xlsx for tasks to queue
[2025-04-27T19:47:33.413+0000] {logging_mixin.py:188} INFO - [2025-04-27T19:47:33.413+0000] {dagbag.py:538} INFO - Filling up the DagBag from /opt/airflow/dags/Code explanation.xlsx
[2025-04-27T19:47:33.425+0000] {processor.py:842} WARNING - No viable dags retrieved from /opt/airflow/dags/Code explanation.xlsx
[2025-04-27T19:47:33.441+0000] {processor.py:183} INFO - Processing /opt/airflow/dags/Code explanation.xlsx took 0.033 seconds
[2025-04-27T19:48:03.935+0000] {processor.py:161} INFO - Started process (PID=1739) to work on /opt/airflow/dags/Code explanation.xlsx
[2025-04-27T19:48:03.936+0000] {processor.py:830} INFO - Processing file /opt/airflow/dags/Code explanation.xlsx for tasks to queue
[2025-04-27T19:48:03.937+0000] {logging_mixin.py:188} INFO - [2025-04-27T19:48:03.937+0000] {dagbag.py:538} INFO - Filling up the DagBag from /opt/airflow/dags/Code explanation.xlsx
[2025-04-27T19:48:03.948+0000] {processor.py:842} WARNING - No viable dags retrieved from /opt/airflow/dags/Code explanation.xlsx
[2025-04-27T19:48:03.961+0000] {processor.py:183} INFO - Processing /opt/airflow/dags/Code explanation.xlsx took 0.028 seconds
[2025-04-27T19:48:34.044+0000] {processor.py:161} INFO - Started process (PID=1776) to work on /opt/airflow/dags/Code explanation.xlsx
[2025-04-27T19:48:34.046+0000] {processor.py:830} INFO - Processing file /opt/airflow/dags/Code explanation.xlsx for tasks to queue
[2025-04-27T19:48:34.047+0000] {logging_mixin.py:188} INFO - [2025-04-27T19:48:34.046+0000] {dagbag.py:538} INFO - Filling up the DagBag from /opt/airflow/dags/Code explanation.xlsx
[2025-04-27T19:48:34.061+0000] {processor.py:842} WARNING - No viable dags retrieved from /opt/airflow/dags/Code explanation.xlsx
[2025-04-27T19:48:34.078+0000] {processor.py:183} INFO - Processing /opt/airflow/dags/Code explanation.xlsx took 0.037 seconds
[2025-04-27T19:49:04.541+0000] {processor.py:161} INFO - Started process (PID=1819) to work on /opt/airflow/dags/Code explanation.xlsx
[2025-04-27T19:49:04.542+0000] {processor.py:830} INFO - Processing file /opt/airflow/dags/Code explanation.xlsx for tasks to queue
[2025-04-27T19:49:04.544+0000] {logging_mixin.py:188} INFO - [2025-04-27T19:49:04.543+0000] {dagbag.py:538} INFO - Filling up the DagBag from /opt/airflow/dags/Code explanation.xlsx
[2025-04-27T19:49:04.559+0000] {processor.py:842} WARNING - No viable dags retrieved from /opt/airflow/dags/Code explanation.xlsx
[2025-04-27T19:49:04.576+0000] {processor.py:183} INFO - Processing /opt/airflow/dags/Code explanation.xlsx took 0.040 seconds
[2025-04-27T19:49:35.538+0000] {processor.py:161} INFO - Started process (PID=1868) to work on /opt/airflow/dags/Code explanation.xlsx
[2025-04-27T19:49:35.540+0000] {processor.py:830} INFO - Processing file /opt/airflow/dags/Code explanation.xlsx for tasks to queue
[2025-04-27T19:49:35.541+0000] {logging_mixin.py:188} INFO - [2025-04-27T19:49:35.541+0000] {dagbag.py:538} INFO - Filling up the DagBag from /opt/airflow/dags/Code explanation.xlsx
[2025-04-27T19:49:35.557+0000] {processor.py:842} WARNING - No viable dags retrieved from /opt/airflow/dags/Code explanation.xlsx
[2025-04-27T19:49:35.575+0000] {processor.py:183} INFO - Processing /opt/airflow/dags/Code explanation.xlsx took 0.040 seconds
[2025-04-27T19:50:06.060+0000] {processor.py:161} INFO - Started process (PID=1911) to work on /opt/airflow/dags/Code explanation.xlsx
[2025-04-27T19:50:06.061+0000] {processor.py:830} INFO - Processing file /opt/airflow/dags/Code explanation.xlsx for tasks to queue
[2025-04-27T19:50:06.062+0000] {logging_mixin.py:188} INFO - [2025-04-27T19:50:06.062+0000] {dagbag.py:538} INFO - Filling up the DagBag from /opt/airflow/dags/Code explanation.xlsx
[2025-04-27T19:50:06.079+0000] {processor.py:842} WARNING - No viable dags retrieved from /opt/airflow/dags/Code explanation.xlsx
[2025-04-27T19:50:06.100+0000] {processor.py:183} INFO - Processing /opt/airflow/dags/Code explanation.xlsx took 0.043 seconds
[2025-04-27T19:50:36.786+0000] {processor.py:161} INFO - Started process (PID=1954) to work on /opt/airflow/dags/Code explanation.xlsx
[2025-04-27T19:50:36.787+0000] {processor.py:830} INFO - Processing file /opt/airflow/dags/Code explanation.xlsx for tasks to queue
[2025-04-27T19:50:36.788+0000] {logging_mixin.py:188} INFO - [2025-04-27T19:50:36.788+0000] {dagbag.py:538} INFO - Filling up the DagBag from /opt/airflow/dags/Code explanation.xlsx
[2025-04-27T19:50:36.803+0000] {processor.py:842} WARNING - No viable dags retrieved from /opt/airflow/dags/Code explanation.xlsx
[2025-04-27T19:50:36.822+0000] {processor.py:183} INFO - Processing /opt/airflow/dags/Code explanation.xlsx took 0.039 seconds
[2025-04-27T19:51:07.016+0000] {processor.py:161} INFO - Started process (PID=1991) to work on /opt/airflow/dags/Code explanation.xlsx
[2025-04-27T19:51:07.018+0000] {processor.py:830} INFO - Processing file /opt/airflow/dags/Code explanation.xlsx for tasks to queue
[2025-04-27T19:51:07.019+0000] {logging_mixin.py:188} INFO - [2025-04-27T19:51:07.019+0000] {dagbag.py:538} INFO - Filling up the DagBag from /opt/airflow/dags/Code explanation.xlsx
[2025-04-27T19:51:07.038+0000] {processor.py:842} WARNING - No viable dags retrieved from /opt/airflow/dags/Code explanation.xlsx
[2025-04-27T19:51:07.061+0000] {processor.py:183} INFO - Processing /opt/airflow/dags/Code explanation.xlsx took 0.047 seconds
[2025-04-27T19:51:37.278+0000] {processor.py:161} INFO - Started process (PID=2034) to work on /opt/airflow/dags/Code explanation.xlsx
[2025-04-27T19:51:37.279+0000] {processor.py:830} INFO - Processing file /opt/airflow/dags/Code explanation.xlsx for tasks to queue
[2025-04-27T19:51:37.281+0000] {logging_mixin.py:188} INFO - [2025-04-27T19:51:37.280+0000] {dagbag.py:538} INFO - Filling up the DagBag from /opt/airflow/dags/Code explanation.xlsx
[2025-04-27T19:51:37.293+0000] {processor.py:842} WARNING - No viable dags retrieved from /opt/airflow/dags/Code explanation.xlsx
[2025-04-27T19:51:37.310+0000] {processor.py:183} INFO - Processing /opt/airflow/dags/Code explanation.xlsx took 0.035 seconds
[2025-04-27T19:52:07.796+0000] {processor.py:161} INFO - Started process (PID=2077) to work on /opt/airflow/dags/Code explanation.xlsx
[2025-04-27T19:52:07.798+0000] {processor.py:830} INFO - Processing file /opt/airflow/dags/Code explanation.xlsx for tasks to queue
[2025-04-27T19:52:07.799+0000] {logging_mixin.py:188} INFO - [2025-04-27T19:52:07.799+0000] {dagbag.py:538} INFO - Filling up the DagBag from /opt/airflow/dags/Code explanation.xlsx
[2025-04-27T19:52:07.815+0000] {processor.py:842} WARNING - No viable dags retrieved from /opt/airflow/dags/Code explanation.xlsx
[2025-04-27T19:52:07.831+0000] {processor.py:183} INFO - Processing /opt/airflow/dags/Code explanation.xlsx took 0.038 seconds
[2025-04-27T19:52:38.507+0000] {processor.py:161} INFO - Started process (PID=2120) to work on /opt/airflow/dags/Code explanation.xlsx
[2025-04-27T19:52:38.508+0000] {processor.py:830} INFO - Processing file /opt/airflow/dags/Code explanation.xlsx for tasks to queue
[2025-04-27T19:52:38.509+0000] {logging_mixin.py:188} INFO - [2025-04-27T19:52:38.509+0000] {dagbag.py:538} INFO - Filling up the DagBag from /opt/airflow/dags/Code explanation.xlsx
[2025-04-27T19:52:38.520+0000] {processor.py:842} WARNING - No viable dags retrieved from /opt/airflow/dags/Code explanation.xlsx
[2025-04-27T19:52:38.534+0000] {processor.py:183} INFO - Processing /opt/airflow/dags/Code explanation.xlsx took 0.029 seconds
[2025-04-27T19:53:09.237+0000] {processor.py:161} INFO - Started process (PID=2163) to work on /opt/airflow/dags/Code explanation.xlsx
[2025-04-27T19:53:09.238+0000] {processor.py:830} INFO - Processing file /opt/airflow/dags/Code explanation.xlsx for tasks to queue
[2025-04-27T19:53:09.240+0000] {logging_mixin.py:188} INFO - [2025-04-27T19:53:09.239+0000] {dagbag.py:538} INFO - Filling up the DagBag from /opt/airflow/dags/Code explanation.xlsx
[2025-04-27T19:53:09.253+0000] {processor.py:842} WARNING - No viable dags retrieved from /opt/airflow/dags/Code explanation.xlsx
[2025-04-27T19:53:09.275+0000] {processor.py:183} INFO - Processing /opt/airflow/dags/Code explanation.xlsx took 0.041 seconds
[2025-04-27T19:53:39.922+0000] {processor.py:161} INFO - Started process (PID=2206) to work on /opt/airflow/dags/Code explanation.xlsx
[2025-04-27T19:53:39.923+0000] {processor.py:830} INFO - Processing file /opt/airflow/dags/Code explanation.xlsx for tasks to queue
[2025-04-27T19:53:39.924+0000] {logging_mixin.py:188} INFO - [2025-04-27T19:53:39.924+0000] {dagbag.py:538} INFO - Filling up the DagBag from /opt/airflow/dags/Code explanation.xlsx
[2025-04-27T19:53:39.934+0000] {processor.py:842} WARNING - No viable dags retrieved from /opt/airflow/dags/Code explanation.xlsx
[2025-04-27T19:53:39.948+0000] {processor.py:183} INFO - Processing /opt/airflow/dags/Code explanation.xlsx took 0.028 seconds
[2025-04-27T19:54:10.085+0000] {processor.py:161} INFO - Started process (PID=2246) to work on /opt/airflow/dags/Code explanation.xlsx
[2025-04-27T19:54:10.086+0000] {processor.py:830} INFO - Processing file /opt/airflow/dags/Code explanation.xlsx for tasks to queue
[2025-04-27T19:54:10.087+0000] {logging_mixin.py:188} INFO - [2025-04-27T19:54:10.087+0000] {dagbag.py:538} INFO - Filling up the DagBag from /opt/airflow/dags/Code explanation.xlsx
[2025-04-27T19:54:10.101+0000] {processor.py:842} WARNING - No viable dags retrieved from /opt/airflow/dags/Code explanation.xlsx
[2025-04-27T19:54:10.119+0000] {processor.py:183} INFO - Processing /opt/airflow/dags/Code explanation.xlsx took 0.037 seconds
[2025-04-27T19:54:40.463+0000] {processor.py:161} INFO - Started process (PID=2289) to work on /opt/airflow/dags/Code explanation.xlsx
[2025-04-27T19:54:40.466+0000] {processor.py:830} INFO - Processing file /opt/airflow/dags/Code explanation.xlsx for tasks to queue
[2025-04-27T19:54:40.468+0000] {logging_mixin.py:188} INFO - [2025-04-27T19:54:40.467+0000] {dagbag.py:538} INFO - Filling up the DagBag from /opt/airflow/dags/Code explanation.xlsx
[2025-04-27T19:54:40.483+0000] {processor.py:842} WARNING - No viable dags retrieved from /opt/airflow/dags/Code explanation.xlsx
[2025-04-27T19:54:40.503+0000] {processor.py:183} INFO - Processing /opt/airflow/dags/Code explanation.xlsx took 0.044 seconds
[2025-04-27T19:55:11.227+0000] {processor.py:161} INFO - Started process (PID=2332) to work on /opt/airflow/dags/Code explanation.xlsx
[2025-04-27T19:55:11.228+0000] {processor.py:830} INFO - Processing file /opt/airflow/dags/Code explanation.xlsx for tasks to queue
[2025-04-27T19:55:11.232+0000] {logging_mixin.py:188} INFO - [2025-04-27T19:55:11.230+0000] {dagbag.py:538} INFO - Filling up the DagBag from /opt/airflow/dags/Code explanation.xlsx
[2025-04-27T19:55:11.259+0000] {processor.py:842} WARNING - No viable dags retrieved from /opt/airflow/dags/Code explanation.xlsx
[2025-04-27T19:55:11.298+0000] {processor.py:183} INFO - Processing /opt/airflow/dags/Code explanation.xlsx took 0.076 seconds
[2025-04-27T19:55:41.723+0000] {processor.py:161} INFO - Started process (PID=2375) to work on /opt/airflow/dags/Code explanation.xlsx
[2025-04-27T19:55:41.725+0000] {processor.py:830} INFO - Processing file /opt/airflow/dags/Code explanation.xlsx for tasks to queue
[2025-04-27T19:55:41.726+0000] {logging_mixin.py:188} INFO - [2025-04-27T19:55:41.726+0000] {dagbag.py:538} INFO - Filling up the DagBag from /opt/airflow/dags/Code explanation.xlsx
[2025-04-27T19:55:41.746+0000] {processor.py:842} WARNING - No viable dags retrieved from /opt/airflow/dags/Code explanation.xlsx
[2025-04-27T19:55:41.771+0000] {processor.py:183} INFO - Processing /opt/airflow/dags/Code explanation.xlsx took 0.051 seconds
[2025-04-27T19:56:12.532+0000] {processor.py:161} INFO - Started process (PID=2418) to work on /opt/airflow/dags/Code explanation.xlsx
[2025-04-27T19:56:12.534+0000] {processor.py:830} INFO - Processing file /opt/airflow/dags/Code explanation.xlsx for tasks to queue
[2025-04-27T19:56:12.536+0000] {logging_mixin.py:188} INFO - [2025-04-27T19:56:12.535+0000] {dagbag.py:538} INFO - Filling up the DagBag from /opt/airflow/dags/Code explanation.xlsx
[2025-04-27T19:56:12.551+0000] {processor.py:842} WARNING - No viable dags retrieved from /opt/airflow/dags/Code explanation.xlsx
[2025-04-27T19:56:12.567+0000] {processor.py:183} INFO - Processing /opt/airflow/dags/Code explanation.xlsx took 0.037 seconds
[2025-04-27T19:56:42.998+0000] {processor.py:161} INFO - Started process (PID=2461) to work on /opt/airflow/dags/Code explanation.xlsx
[2025-04-27T19:56:42.999+0000] {processor.py:830} INFO - Processing file /opt/airflow/dags/Code explanation.xlsx for tasks to queue
[2025-04-27T19:56:43.001+0000] {logging_mixin.py:188} INFO - [2025-04-27T19:56:43.000+0000] {dagbag.py:538} INFO - Filling up the DagBag from /opt/airflow/dags/Code explanation.xlsx
[2025-04-27T19:56:43.017+0000] {processor.py:842} WARNING - No viable dags retrieved from /opt/airflow/dags/Code explanation.xlsx
[2025-04-27T19:56:43.035+0000] {processor.py:183} INFO - Processing /opt/airflow/dags/Code explanation.xlsx took 0.040 seconds
[2025-04-27T19:57:13.314+0000] {processor.py:161} INFO - Started process (PID=2504) to work on /opt/airflow/dags/Code explanation.xlsx
[2025-04-27T19:57:13.315+0000] {processor.py:830} INFO - Processing file /opt/airflow/dags/Code explanation.xlsx for tasks to queue
[2025-04-27T19:57:13.316+0000] {logging_mixin.py:188} INFO - [2025-04-27T19:57:13.316+0000] {dagbag.py:538} INFO - Filling up the DagBag from /opt/airflow/dags/Code explanation.xlsx
[2025-04-27T19:57:13.327+0000] {processor.py:842} WARNING - No viable dags retrieved from /opt/airflow/dags/Code explanation.xlsx
[2025-04-27T19:57:13.343+0000] {processor.py:183} INFO - Processing /opt/airflow/dags/Code explanation.xlsx took 0.032 seconds
[2025-04-27T19:57:44.158+0000] {processor.py:161} INFO - Started process (PID=2547) to work on /opt/airflow/dags/Code explanation.xlsx
[2025-04-27T19:57:44.160+0000] {processor.py:830} INFO - Processing file /opt/airflow/dags/Code explanation.xlsx for tasks to queue
[2025-04-27T19:57:44.162+0000] {logging_mixin.py:188} INFO - [2025-04-27T19:57:44.161+0000] {dagbag.py:538} INFO - Filling up the DagBag from /opt/airflow/dags/Code explanation.xlsx
[2025-04-27T19:57:44.175+0000] {processor.py:842} WARNING - No viable dags retrieved from /opt/airflow/dags/Code explanation.xlsx
[2025-04-27T19:57:44.193+0000] {processor.py:183} INFO - Processing /opt/airflow/dags/Code explanation.xlsx took 0.048 seconds
[2025-04-27T19:58:14.329+0000] {processor.py:161} INFO - Started process (PID=2588) to work on /opt/airflow/dags/Code explanation.xlsx
[2025-04-27T19:58:14.331+0000] {processor.py:830} INFO - Processing file /opt/airflow/dags/Code explanation.xlsx for tasks to queue
[2025-04-27T19:58:14.333+0000] {logging_mixin.py:188} INFO - [2025-04-27T19:58:14.332+0000] {dagbag.py:538} INFO - Filling up the DagBag from /opt/airflow/dags/Code explanation.xlsx
[2025-04-27T19:58:14.354+0000] {processor.py:842} WARNING - No viable dags retrieved from /opt/airflow/dags/Code explanation.xlsx
[2025-04-27T19:58:14.371+0000] {processor.py:183} INFO - Processing /opt/airflow/dags/Code explanation.xlsx took 0.045 seconds
[2025-04-27T19:59:13.865+0000] {processor.py:161} INFO - Started process (PID=186) to work on /opt/airflow/dags/Code explanation.xlsx
[2025-04-27T19:59:13.868+0000] {processor.py:830} INFO - Processing file /opt/airflow/dags/Code explanation.xlsx for tasks to queue
[2025-04-27T19:59:13.870+0000] {logging_mixin.py:188} INFO - [2025-04-27T19:59:13.869+0000] {dagbag.py:538} INFO - Filling up the DagBag from /opt/airflow/dags/Code explanation.xlsx
[2025-04-27T19:59:13.890+0000] {processor.py:842} WARNING - No viable dags retrieved from /opt/airflow/dags/Code explanation.xlsx
[2025-04-27T19:59:13.910+0000] {processor.py:183} INFO - Processing /opt/airflow/dags/Code explanation.xlsx took 0.049 seconds
[2025-04-27T20:03:55.205+0000] {processor.py:161} INFO - Started process (PID=223) to work on /opt/airflow/dags/Code explanation.xlsx
[2025-04-27T20:03:56.744+0000] {processor.py:830} INFO - Processing file /opt/airflow/dags/Code explanation.xlsx for tasks to queue
[2025-04-27T20:04:00.102+0000] {logging_mixin.py:188} INFO - [2025-04-27T20:03:58.498+0000] {dagbag.py:538} INFO - Filling up the DagBag from /opt/airflow/dags/Code explanation.xlsx
[2025-04-27T20:04:01.434+0000] {processor.py:842} WARNING - No viable dags retrieved from /opt/airflow/dags/Code explanation.xlsx
[2025-04-27T20:04:11.282+0000] {processor.py:183} INFO - Processing /opt/airflow/dags/Code explanation.xlsx took 18.602 seconds
[2025-04-27T20:04:41.831+0000] {processor.py:161} INFO - Started process (PID=266) to work on /opt/airflow/dags/Code explanation.xlsx
[2025-04-27T20:04:41.833+0000] {processor.py:830} INFO - Processing file /opt/airflow/dags/Code explanation.xlsx for tasks to queue
[2025-04-27T20:04:41.835+0000] {logging_mixin.py:188} INFO - [2025-04-27T20:04:41.834+0000] {dagbag.py:538} INFO - Filling up the DagBag from /opt/airflow/dags/Code explanation.xlsx
[2025-04-27T20:04:41.853+0000] {processor.py:842} WARNING - No viable dags retrieved from /opt/airflow/dags/Code explanation.xlsx
[2025-04-27T20:04:41.875+0000] {processor.py:183} INFO - Processing /opt/airflow/dags/Code explanation.xlsx took 0.048 seconds
[2025-04-27T20:05:12.321+0000] {processor.py:161} INFO - Started process (PID=309) to work on /opt/airflow/dags/Code explanation.xlsx
[2025-04-27T20:05:12.322+0000] {processor.py:830} INFO - Processing file /opt/airflow/dags/Code explanation.xlsx for tasks to queue
[2025-04-27T20:05:12.323+0000] {logging_mixin.py:188} INFO - [2025-04-27T20:05:12.323+0000] {dagbag.py:538} INFO - Filling up the DagBag from /opt/airflow/dags/Code explanation.xlsx
[2025-04-27T20:05:12.333+0000] {processor.py:842} WARNING - No viable dags retrieved from /opt/airflow/dags/Code explanation.xlsx
[2025-04-27T20:05:12.347+0000] {processor.py:183} INFO - Processing /opt/airflow/dags/Code explanation.xlsx took 0.028 seconds
[2025-04-27T20:05:42.783+0000] {processor.py:161} INFO - Started process (PID=352) to work on /opt/airflow/dags/Code explanation.xlsx
[2025-04-27T20:05:42.784+0000] {processor.py:830} INFO - Processing file /opt/airflow/dags/Code explanation.xlsx for tasks to queue
[2025-04-27T20:05:42.785+0000] {logging_mixin.py:188} INFO - [2025-04-27T20:05:42.785+0000] {dagbag.py:538} INFO - Filling up the DagBag from /opt/airflow/dags/Code explanation.xlsx
[2025-04-27T20:05:42.798+0000] {processor.py:842} WARNING - No viable dags retrieved from /opt/airflow/dags/Code explanation.xlsx
[2025-04-27T20:05:42.810+0000] {processor.py:183} INFO - Processing /opt/airflow/dags/Code explanation.xlsx took 0.030 seconds
[2025-04-27T20:06:13.404+0000] {processor.py:161} INFO - Started process (PID=395) to work on /opt/airflow/dags/Code explanation.xlsx
[2025-04-27T20:06:13.405+0000] {processor.py:830} INFO - Processing file /opt/airflow/dags/Code explanation.xlsx for tasks to queue
[2025-04-27T20:06:13.406+0000] {logging_mixin.py:188} INFO - [2025-04-27T20:06:13.406+0000] {dagbag.py:538} INFO - Filling up the DagBag from /opt/airflow/dags/Code explanation.xlsx
[2025-04-27T20:06:13.420+0000] {processor.py:842} WARNING - No viable dags retrieved from /opt/airflow/dags/Code explanation.xlsx
[2025-04-27T20:06:13.431+0000] {processor.py:183} INFO - Processing /opt/airflow/dags/Code explanation.xlsx took 0.030 seconds
[2025-04-27T20:06:43.927+0000] {processor.py:161} INFO - Started process (PID=438) to work on /opt/airflow/dags/Code explanation.xlsx
[2025-04-27T20:06:43.935+0000] {processor.py:830} INFO - Processing file /opt/airflow/dags/Code explanation.xlsx for tasks to queue
[2025-04-27T20:06:43.937+0000] {logging_mixin.py:188} INFO - [2025-04-27T20:06:43.937+0000] {dagbag.py:538} INFO - Filling up the DagBag from /opt/airflow/dags/Code explanation.xlsx
[2025-04-27T20:06:43.968+0000] {processor.py:842} WARNING - No viable dags retrieved from /opt/airflow/dags/Code explanation.xlsx
[2025-04-27T20:06:43.984+0000] {processor.py:183} INFO - Processing /opt/airflow/dags/Code explanation.xlsx took 0.060 seconds
[2025-04-27T20:07:14.354+0000] {processor.py:161} INFO - Started process (PID=481) to work on /opt/airflow/dags/Code explanation.xlsx
[2025-04-27T20:07:14.366+0000] {processor.py:830} INFO - Processing file /opt/airflow/dags/Code explanation.xlsx for tasks to queue
[2025-04-27T20:07:14.369+0000] {logging_mixin.py:188} INFO - [2025-04-27T20:07:14.368+0000] {dagbag.py:538} INFO - Filling up the DagBag from /opt/airflow/dags/Code explanation.xlsx
[2025-04-27T20:07:14.397+0000] {processor.py:842} WARNING - No viable dags retrieved from /opt/airflow/dags/Code explanation.xlsx
[2025-04-27T20:07:14.431+0000] {processor.py:183} INFO - Processing /opt/airflow/dags/Code explanation.xlsx took 0.083 seconds
[2025-04-27T20:07:44.592+0000] {processor.py:161} INFO - Started process (PID=524) to work on /opt/airflow/dags/Code explanation.xlsx
[2025-04-27T20:07:44.595+0000] {processor.py:830} INFO - Processing file /opt/airflow/dags/Code explanation.xlsx for tasks to queue
[2025-04-27T20:07:44.597+0000] {logging_mixin.py:188} INFO - [2025-04-27T20:07:44.597+0000] {dagbag.py:538} INFO - Filling up the DagBag from /opt/airflow/dags/Code explanation.xlsx
[2025-04-27T20:07:44.615+0000] {processor.py:842} WARNING - No viable dags retrieved from /opt/airflow/dags/Code explanation.xlsx
[2025-04-27T20:07:44.642+0000] {processor.py:183} INFO - Processing /opt/airflow/dags/Code explanation.xlsx took 0.058 seconds
[2025-04-27T20:08:14.827+0000] {processor.py:161} INFO - Started process (PID=567) to work on /opt/airflow/dags/Code explanation.xlsx
[2025-04-27T20:08:14.830+0000] {processor.py:830} INFO - Processing file /opt/airflow/dags/Code explanation.xlsx for tasks to queue
[2025-04-27T20:08:14.832+0000] {logging_mixin.py:188} INFO - [2025-04-27T20:08:14.831+0000] {dagbag.py:538} INFO - Filling up the DagBag from /opt/airflow/dags/Code explanation.xlsx
[2025-04-27T20:08:14.850+0000] {processor.py:842} WARNING - No viable dags retrieved from /opt/airflow/dags/Code explanation.xlsx
[2025-04-27T20:08:14.881+0000] {processor.py:183} INFO - Processing /opt/airflow/dags/Code explanation.xlsx took 0.061 seconds
[2025-04-27T20:08:45.021+0000] {processor.py:161} INFO - Started process (PID=610) to work on /opt/airflow/dags/Code explanation.xlsx
[2025-04-27T20:08:45.024+0000] {processor.py:830} INFO - Processing file /opt/airflow/dags/Code explanation.xlsx for tasks to queue
[2025-04-27T20:08:45.025+0000] {logging_mixin.py:188} INFO - [2025-04-27T20:08:45.025+0000] {dagbag.py:538} INFO - Filling up the DagBag from /opt/airflow/dags/Code explanation.xlsx
[2025-04-27T20:08:45.039+0000] {processor.py:842} WARNING - No viable dags retrieved from /opt/airflow/dags/Code explanation.xlsx
[2025-04-27T20:08:45.058+0000] {processor.py:183} INFO - Processing /opt/airflow/dags/Code explanation.xlsx took 0.042 seconds
[2025-04-27T20:09:15.212+0000] {processor.py:161} INFO - Started process (PID=653) to work on /opt/airflow/dags/Code explanation.xlsx
[2025-04-27T20:09:15.214+0000] {processor.py:830} INFO - Processing file /opt/airflow/dags/Code explanation.xlsx for tasks to queue
[2025-04-27T20:09:15.217+0000] {logging_mixin.py:188} INFO - [2025-04-27T20:09:15.216+0000] {dagbag.py:538} INFO - Filling up the DagBag from /opt/airflow/dags/Code explanation.xlsx
[2025-04-27T20:09:15.244+0000] {processor.py:842} WARNING - No viable dags retrieved from /opt/airflow/dags/Code explanation.xlsx
[2025-04-27T20:09:15.290+0000] {processor.py:183} INFO - Processing /opt/airflow/dags/Code explanation.xlsx took 0.082 seconds
[2025-04-27T20:10:26.625+0000] {processor.py:161} INFO - Started process (PID=186) to work on /opt/airflow/dags/Code explanation.xlsx
[2025-04-27T20:10:26.628+0000] {processor.py:830} INFO - Processing file /opt/airflow/dags/Code explanation.xlsx for tasks to queue
[2025-04-27T20:10:26.631+0000] {logging_mixin.py:188} INFO - [2025-04-27T20:10:26.630+0000] {dagbag.py:538} INFO - Filling up the DagBag from /opt/airflow/dags/Code explanation.xlsx
[2025-04-27T20:10:26.651+0000] {processor.py:842} WARNING - No viable dags retrieved from /opt/airflow/dags/Code explanation.xlsx
[2025-04-27T20:10:26.677+0000] {processor.py:183} INFO - Processing /opt/airflow/dags/Code explanation.xlsx took 0.060 seconds
[2025-04-27T20:10:57.080+0000] {processor.py:161} INFO - Started process (PID=228) to work on /opt/airflow/dags/Code explanation.xlsx
[2025-04-27T20:10:57.081+0000] {processor.py:830} INFO - Processing file /opt/airflow/dags/Code explanation.xlsx for tasks to queue
[2025-04-27T20:10:57.083+0000] {logging_mixin.py:188} INFO - [2025-04-27T20:10:57.082+0000] {dagbag.py:538} INFO - Filling up the DagBag from /opt/airflow/dags/Code explanation.xlsx
[2025-04-27T20:10:57.104+0000] {processor.py:842} WARNING - No viable dags retrieved from /opt/airflow/dags/Code explanation.xlsx
[2025-04-27T20:10:57.144+0000] {processor.py:183} INFO - Processing /opt/airflow/dags/Code explanation.xlsx took 0.068 seconds
[2025-04-27T20:11:27.412+0000] {processor.py:161} INFO - Started process (PID=269) to work on /opt/airflow/dags/Code explanation.xlsx
[2025-04-27T20:11:27.414+0000] {processor.py:830} INFO - Processing file /opt/airflow/dags/Code explanation.xlsx for tasks to queue
[2025-04-27T20:11:27.416+0000] {logging_mixin.py:188} INFO - [2025-04-27T20:11:27.415+0000] {dagbag.py:538} INFO - Filling up the DagBag from /opt/airflow/dags/Code explanation.xlsx
[2025-04-27T20:11:27.446+0000] {processor.py:842} WARNING - No viable dags retrieved from /opt/airflow/dags/Code explanation.xlsx
[2025-04-27T20:11:27.482+0000] {processor.py:183} INFO - Processing /opt/airflow/dags/Code explanation.xlsx took 0.078 seconds
[2025-04-27T20:11:58.305+0000] {processor.py:161} INFO - Started process (PID=312) to work on /opt/airflow/dags/Code explanation.xlsx
[2025-04-27T20:11:58.308+0000] {processor.py:830} INFO - Processing file /opt/airflow/dags/Code explanation.xlsx for tasks to queue
[2025-04-27T20:11:58.311+0000] {logging_mixin.py:188} INFO - [2025-04-27T20:11:58.310+0000] {dagbag.py:538} INFO - Filling up the DagBag from /opt/airflow/dags/Code explanation.xlsx
[2025-04-27T20:11:58.330+0000] {processor.py:842} WARNING - No viable dags retrieved from /opt/airflow/dags/Code explanation.xlsx
[2025-04-27T20:11:58.384+0000] {processor.py:183} INFO - Processing /opt/airflow/dags/Code explanation.xlsx took 0.090 seconds
[2025-04-27T20:12:28.969+0000] {processor.py:161} INFO - Started process (PID=358) to work on /opt/airflow/dags/Code explanation.xlsx
[2025-04-27T20:12:28.970+0000] {processor.py:830} INFO - Processing file /opt/airflow/dags/Code explanation.xlsx for tasks to queue
[2025-04-27T20:12:28.971+0000] {logging_mixin.py:188} INFO - [2025-04-27T20:12:28.971+0000] {dagbag.py:538} INFO - Filling up the DagBag from /opt/airflow/dags/Code explanation.xlsx
[2025-04-27T20:12:28.981+0000] {processor.py:842} WARNING - No viable dags retrieved from /opt/airflow/dags/Code explanation.xlsx
[2025-04-27T20:12:28.996+0000] {processor.py:183} INFO - Processing /opt/airflow/dags/Code explanation.xlsx took 0.030 seconds
[2025-04-27T20:12:59.463+0000] {processor.py:161} INFO - Started process (PID=401) to work on /opt/airflow/dags/Code explanation.xlsx
[2025-04-27T20:12:59.465+0000] {processor.py:830} INFO - Processing file /opt/airflow/dags/Code explanation.xlsx for tasks to queue
[2025-04-27T20:12:59.466+0000] {logging_mixin.py:188} INFO - [2025-04-27T20:12:59.466+0000] {dagbag.py:538} INFO - Filling up the DagBag from /opt/airflow/dags/Code explanation.xlsx
[2025-04-27T20:12:59.478+0000] {processor.py:842} WARNING - No viable dags retrieved from /opt/airflow/dags/Code explanation.xlsx
[2025-04-27T20:12:59.498+0000] {processor.py:183} INFO - Processing /opt/airflow/dags/Code explanation.xlsx took 0.037 seconds
[2025-04-27T20:13:29.811+0000] {processor.py:161} INFO - Started process (PID=444) to work on /opt/airflow/dags/Code explanation.xlsx
[2025-04-27T20:13:29.812+0000] {processor.py:830} INFO - Processing file /opt/airflow/dags/Code explanation.xlsx for tasks to queue
[2025-04-27T20:13:29.815+0000] {logging_mixin.py:188} INFO - [2025-04-27T20:13:29.814+0000] {dagbag.py:538} INFO - Filling up the DagBag from /opt/airflow/dags/Code explanation.xlsx
[2025-04-27T20:13:29.836+0000] {processor.py:842} WARNING - No viable dags retrieved from /opt/airflow/dags/Code explanation.xlsx
[2025-04-27T20:13:29.869+0000] {processor.py:183} INFO - Processing /opt/airflow/dags/Code explanation.xlsx took 0.062 seconds
[2025-04-27T20:14:00.207+0000] {processor.py:161} INFO - Started process (PID=487) to work on /opt/airflow/dags/Code explanation.xlsx
[2025-04-27T20:14:00.208+0000] {processor.py:830} INFO - Processing file /opt/airflow/dags/Code explanation.xlsx for tasks to queue
[2025-04-27T20:14:00.210+0000] {logging_mixin.py:188} INFO - [2025-04-27T20:14:00.209+0000] {dagbag.py:538} INFO - Filling up the DagBag from /opt/airflow/dags/Code explanation.xlsx
[2025-04-27T20:14:00.223+0000] {processor.py:842} WARNING - No viable dags retrieved from /opt/airflow/dags/Code explanation.xlsx
[2025-04-27T20:14:00.240+0000] {processor.py:183} INFO - Processing /opt/airflow/dags/Code explanation.xlsx took 0.036 seconds
[2025-04-27T20:14:30.991+0000] {processor.py:161} INFO - Started process (PID=532) to work on /opt/airflow/dags/Code explanation.xlsx
[2025-04-27T20:14:30.992+0000] {processor.py:830} INFO - Processing file /opt/airflow/dags/Code explanation.xlsx for tasks to queue
[2025-04-27T20:14:30.993+0000] {logging_mixin.py:188} INFO - [2025-04-27T20:14:30.993+0000] {dagbag.py:538} INFO - Filling up the DagBag from /opt/airflow/dags/Code explanation.xlsx
[2025-04-27T20:14:31.002+0000] {processor.py:842} WARNING - No viable dags retrieved from /opt/airflow/dags/Code explanation.xlsx
[2025-04-27T20:14:31.013+0000] {processor.py:183} INFO - Processing /opt/airflow/dags/Code explanation.xlsx took 0.025 seconds
[2025-04-27T20:15:01.616+0000] {processor.py:161} INFO - Started process (PID=573) to work on /opt/airflow/dags/Code explanation.xlsx
[2025-04-27T20:15:01.618+0000] {processor.py:830} INFO - Processing file /opt/airflow/dags/Code explanation.xlsx for tasks to queue
[2025-04-27T20:15:01.619+0000] {logging_mixin.py:188} INFO - [2025-04-27T20:15:01.619+0000] {dagbag.py:538} INFO - Filling up the DagBag from /opt/airflow/dags/Code explanation.xlsx
[2025-04-27T20:15:01.632+0000] {processor.py:842} WARNING - No viable dags retrieved from /opt/airflow/dags/Code explanation.xlsx
[2025-04-27T20:15:01.647+0000] {processor.py:183} INFO - Processing /opt/airflow/dags/Code explanation.xlsx took 0.034 seconds
[2025-04-27T20:15:32.138+0000] {processor.py:161} INFO - Started process (PID=616) to work on /opt/airflow/dags/Code explanation.xlsx
[2025-04-27T20:15:32.139+0000] {processor.py:830} INFO - Processing file /opt/airflow/dags/Code explanation.xlsx for tasks to queue
[2025-04-27T20:15:32.141+0000] {logging_mixin.py:188} INFO - [2025-04-27T20:15:32.141+0000] {dagbag.py:538} INFO - Filling up the DagBag from /opt/airflow/dags/Code explanation.xlsx
[2025-04-27T20:15:32.158+0000] {processor.py:842} WARNING - No viable dags retrieved from /opt/airflow/dags/Code explanation.xlsx
[2025-04-27T20:15:32.182+0000] {processor.py:183} INFO - Processing /opt/airflow/dags/Code explanation.xlsx took 0.049 seconds
[2025-04-27T20:16:02.566+0000] {processor.py:161} INFO - Started process (PID=654) to work on /opt/airflow/dags/Code explanation.xlsx
[2025-04-27T20:16:02.567+0000] {processor.py:830} INFO - Processing file /opt/airflow/dags/Code explanation.xlsx for tasks to queue
[2025-04-27T20:16:02.569+0000] {logging_mixin.py:188} INFO - [2025-04-27T20:16:02.568+0000] {dagbag.py:538} INFO - Filling up the DagBag from /opt/airflow/dags/Code explanation.xlsx
[2025-04-27T20:16:02.582+0000] {processor.py:842} WARNING - No viable dags retrieved from /opt/airflow/dags/Code explanation.xlsx
[2025-04-27T20:16:02.598+0000] {processor.py:183} INFO - Processing /opt/airflow/dags/Code explanation.xlsx took 0.035 seconds
[2025-04-27T20:16:33.186+0000] {processor.py:161} INFO - Started process (PID=702) to work on /opt/airflow/dags/Code explanation.xlsx
[2025-04-27T20:16:33.187+0000] {processor.py:830} INFO - Processing file /opt/airflow/dags/Code explanation.xlsx for tasks to queue
[2025-04-27T20:16:33.188+0000] {logging_mixin.py:188} INFO - [2025-04-27T20:16:33.188+0000] {dagbag.py:538} INFO - Filling up the DagBag from /opt/airflow/dags/Code explanation.xlsx
[2025-04-27T20:16:33.199+0000] {processor.py:842} WARNING - No viable dags retrieved from /opt/airflow/dags/Code explanation.xlsx
[2025-04-27T20:16:33.211+0000] {processor.py:183} INFO - Processing /opt/airflow/dags/Code explanation.xlsx took 0.028 seconds
[2025-04-27T20:17:03.849+0000] {processor.py:161} INFO - Started process (PID=745) to work on /opt/airflow/dags/Code explanation.xlsx
[2025-04-27T20:17:03.850+0000] {processor.py:830} INFO - Processing file /opt/airflow/dags/Code explanation.xlsx for tasks to queue
[2025-04-27T20:17:03.851+0000] {logging_mixin.py:188} INFO - [2025-04-27T20:17:03.851+0000] {dagbag.py:538} INFO - Filling up the DagBag from /opt/airflow/dags/Code explanation.xlsx
[2025-04-27T20:17:03.864+0000] {processor.py:842} WARNING - No viable dags retrieved from /opt/airflow/dags/Code explanation.xlsx
[2025-04-27T20:17:03.879+0000] {processor.py:183} INFO - Processing /opt/airflow/dags/Code explanation.xlsx took 0.033 seconds
[2025-04-27T20:17:34.127+0000] {processor.py:161} INFO - Started process (PID=785) to work on /opt/airflow/dags/Code explanation.xlsx
[2025-04-27T20:17:34.129+0000] {processor.py:830} INFO - Processing file /opt/airflow/dags/Code explanation.xlsx for tasks to queue
[2025-04-27T20:17:34.130+0000] {logging_mixin.py:188} INFO - [2025-04-27T20:17:34.130+0000] {dagbag.py:538} INFO - Filling up the DagBag from /opt/airflow/dags/Code explanation.xlsx
[2025-04-27T20:17:34.143+0000] {processor.py:842} WARNING - No viable dags retrieved from /opt/airflow/dags/Code explanation.xlsx
[2025-04-27T20:17:34.158+0000] {processor.py:183} INFO - Processing /opt/airflow/dags/Code explanation.xlsx took 0.033 seconds
[2025-04-27T20:18:05.074+0000] {processor.py:161} INFO - Started process (PID=831) to work on /opt/airflow/dags/Code explanation.xlsx
[2025-04-27T20:18:05.076+0000] {processor.py:830} INFO - Processing file /opt/airflow/dags/Code explanation.xlsx for tasks to queue
[2025-04-27T20:18:05.078+0000] {logging_mixin.py:188} INFO - [2025-04-27T20:18:05.078+0000] {dagbag.py:538} INFO - Filling up the DagBag from /opt/airflow/dags/Code explanation.xlsx
[2025-04-27T20:18:05.094+0000] {processor.py:842} WARNING - No viable dags retrieved from /opt/airflow/dags/Code explanation.xlsx
[2025-04-27T20:18:05.120+0000] {processor.py:183} INFO - Processing /opt/airflow/dags/Code explanation.xlsx took 0.050 seconds
[2025-04-27T20:18:35.549+0000] {processor.py:161} INFO - Started process (PID=874) to work on /opt/airflow/dags/Code explanation.xlsx
[2025-04-27T20:18:35.550+0000] {processor.py:830} INFO - Processing file /opt/airflow/dags/Code explanation.xlsx for tasks to queue
[2025-04-27T20:18:35.552+0000] {logging_mixin.py:188} INFO - [2025-04-27T20:18:35.552+0000] {dagbag.py:538} INFO - Filling up the DagBag from /opt/airflow/dags/Code explanation.xlsx
[2025-04-27T20:18:35.571+0000] {processor.py:842} WARNING - No viable dags retrieved from /opt/airflow/dags/Code explanation.xlsx
[2025-04-27T20:18:35.604+0000] {processor.py:183} INFO - Processing /opt/airflow/dags/Code explanation.xlsx took 0.060 seconds
[2025-04-27T20:19:06.469+0000] {processor.py:161} INFO - Started process (PID=917) to work on /opt/airflow/dags/Code explanation.xlsx
[2025-04-27T20:19:06.471+0000] {processor.py:830} INFO - Processing file /opt/airflow/dags/Code explanation.xlsx for tasks to queue
[2025-04-27T20:19:06.472+0000] {logging_mixin.py:188} INFO - [2025-04-27T20:19:06.472+0000] {dagbag.py:538} INFO - Filling up the DagBag from /opt/airflow/dags/Code explanation.xlsx
[2025-04-27T20:19:06.488+0000] {processor.py:842} WARNING - No viable dags retrieved from /opt/airflow/dags/Code explanation.xlsx
[2025-04-27T20:19:06.503+0000] {processor.py:183} INFO - Processing /opt/airflow/dags/Code explanation.xlsx took 0.037 seconds
[2025-04-27T20:19:37.321+0000] {processor.py:161} INFO - Started process (PID=960) to work on /opt/airflow/dags/Code explanation.xlsx
[2025-04-27T20:19:37.322+0000] {processor.py:830} INFO - Processing file /opt/airflow/dags/Code explanation.xlsx for tasks to queue
[2025-04-27T20:19:37.324+0000] {logging_mixin.py:188} INFO - [2025-04-27T20:19:37.324+0000] {dagbag.py:538} INFO - Filling up the DagBag from /opt/airflow/dags/Code explanation.xlsx
[2025-04-27T20:19:37.343+0000] {processor.py:842} WARNING - No viable dags retrieved from /opt/airflow/dags/Code explanation.xlsx
[2025-04-27T20:19:37.362+0000] {processor.py:183} INFO - Processing /opt/airflow/dags/Code explanation.xlsx took 0.045 seconds
[2025-04-27T20:20:08.180+0000] {processor.py:161} INFO - Started process (PID=1003) to work on /opt/airflow/dags/Code explanation.xlsx
[2025-04-27T20:20:08.182+0000] {processor.py:830} INFO - Processing file /opt/airflow/dags/Code explanation.xlsx for tasks to queue
[2025-04-27T20:20:08.183+0000] {logging_mixin.py:188} INFO - [2025-04-27T20:20:08.183+0000] {dagbag.py:538} INFO - Filling up the DagBag from /opt/airflow/dags/Code explanation.xlsx
[2025-04-27T20:20:08.198+0000] {processor.py:842} WARNING - No viable dags retrieved from /opt/airflow/dags/Code explanation.xlsx
[2025-04-27T20:20:08.217+0000] {processor.py:183} INFO - Processing /opt/airflow/dags/Code explanation.xlsx took 0.039 seconds
[2025-04-27T20:20:38.872+0000] {processor.py:161} INFO - Started process (PID=1048) to work on /opt/airflow/dags/Code explanation.xlsx
[2025-04-27T20:20:38.873+0000] {processor.py:830} INFO - Processing file /opt/airflow/dags/Code explanation.xlsx for tasks to queue
[2025-04-27T20:20:38.874+0000] {logging_mixin.py:188} INFO - [2025-04-27T20:20:38.874+0000] {dagbag.py:538} INFO - Filling up the DagBag from /opt/airflow/dags/Code explanation.xlsx
[2025-04-27T20:20:38.884+0000] {processor.py:842} WARNING - No viable dags retrieved from /opt/airflow/dags/Code explanation.xlsx
[2025-04-27T20:20:38.896+0000] {processor.py:183} INFO - Processing /opt/airflow/dags/Code explanation.xlsx took 0.026 seconds
[2025-04-27T20:21:09.302+0000] {processor.py:161} INFO - Started process (PID=1089) to work on /opt/airflow/dags/Code explanation.xlsx
[2025-04-27T20:21:09.304+0000] {processor.py:830} INFO - Processing file /opt/airflow/dags/Code explanation.xlsx for tasks to queue
[2025-04-27T20:21:09.305+0000] {logging_mixin.py:188} INFO - [2025-04-27T20:21:09.305+0000] {dagbag.py:538} INFO - Filling up the DagBag from /opt/airflow/dags/Code explanation.xlsx
[2025-04-27T20:21:09.325+0000] {processor.py:842} WARNING - No viable dags retrieved from /opt/airflow/dags/Code explanation.xlsx
[2025-04-27T20:21:09.343+0000] {processor.py:183} INFO - Processing /opt/airflow/dags/Code explanation.xlsx took 0.044 seconds
[2025-04-27T20:21:40.076+0000] {processor.py:161} INFO - Started process (PID=1134) to work on /opt/airflow/dags/Code explanation.xlsx
[2025-04-27T20:21:40.077+0000] {processor.py:830} INFO - Processing file /opt/airflow/dags/Code explanation.xlsx for tasks to queue
[2025-04-27T20:21:40.079+0000] {logging_mixin.py:188} INFO - [2025-04-27T20:21:40.078+0000] {dagbag.py:538} INFO - Filling up the DagBag from /opt/airflow/dags/Code explanation.xlsx
[2025-04-27T20:21:40.090+0000] {processor.py:842} WARNING - No viable dags retrieved from /opt/airflow/dags/Code explanation.xlsx
[2025-04-27T20:21:40.102+0000] {processor.py:183} INFO - Processing /opt/airflow/dags/Code explanation.xlsx took 0.029 seconds
[2025-04-27T20:22:10.432+0000] {processor.py:161} INFO - Started process (PID=1175) to work on /opt/airflow/dags/Code explanation.xlsx
[2025-04-27T20:22:10.433+0000] {processor.py:830} INFO - Processing file /opt/airflow/dags/Code explanation.xlsx for tasks to queue
[2025-04-27T20:22:10.435+0000] {logging_mixin.py:188} INFO - [2025-04-27T20:22:10.434+0000] {dagbag.py:538} INFO - Filling up the DagBag from /opt/airflow/dags/Code explanation.xlsx
[2025-04-27T20:22:10.450+0000] {processor.py:842} WARNING - No viable dags retrieved from /opt/airflow/dags/Code explanation.xlsx
[2025-04-27T20:22:10.467+0000] {processor.py:183} INFO - Processing /opt/airflow/dags/Code explanation.xlsx took 0.041 seconds
[2025-04-27T20:22:41.013+0000] {processor.py:161} INFO - Started process (PID=1220) to work on /opt/airflow/dags/Code explanation.xlsx
[2025-04-27T20:22:41.014+0000] {processor.py:830} INFO - Processing file /opt/airflow/dags/Code explanation.xlsx for tasks to queue
[2025-04-27T20:22:41.015+0000] {logging_mixin.py:188} INFO - [2025-04-27T20:22:41.015+0000] {dagbag.py:538} INFO - Filling up the DagBag from /opt/airflow/dags/Code explanation.xlsx
[2025-04-27T20:22:41.028+0000] {processor.py:842} WARNING - No viable dags retrieved from /opt/airflow/dags/Code explanation.xlsx
[2025-04-27T20:22:41.041+0000] {processor.py:183} INFO - Processing /opt/airflow/dags/Code explanation.xlsx took 0.031 seconds
[2025-04-27T20:23:11.526+0000] {processor.py:161} INFO - Started process (PID=1261) to work on /opt/airflow/dags/Code explanation.xlsx
[2025-04-27T20:23:11.527+0000] {processor.py:830} INFO - Processing file /opt/airflow/dags/Code explanation.xlsx for tasks to queue
[2025-04-27T20:23:11.529+0000] {logging_mixin.py:188} INFO - [2025-04-27T20:23:11.528+0000] {dagbag.py:538} INFO - Filling up the DagBag from /opt/airflow/dags/Code explanation.xlsx
[2025-04-27T20:23:11.543+0000] {processor.py:842} WARNING - No viable dags retrieved from /opt/airflow/dags/Code explanation.xlsx
[2025-04-27T20:23:11.560+0000] {processor.py:183} INFO - Processing /opt/airflow/dags/Code explanation.xlsx took 0.037 seconds
[2025-04-27T20:23:42.186+0000] {processor.py:161} INFO - Started process (PID=1306) to work on /opt/airflow/dags/Code explanation.xlsx
[2025-04-27T20:23:42.187+0000] {processor.py:830} INFO - Processing file /opt/airflow/dags/Code explanation.xlsx for tasks to queue
[2025-04-27T20:23:42.188+0000] {logging_mixin.py:188} INFO - [2025-04-27T20:23:42.188+0000] {dagbag.py:538} INFO - Filling up the DagBag from /opt/airflow/dags/Code explanation.xlsx
[2025-04-27T20:23:42.204+0000] {processor.py:842} WARNING - No viable dags retrieved from /opt/airflow/dags/Code explanation.xlsx
[2025-04-27T20:23:42.222+0000] {processor.py:183} INFO - Processing /opt/airflow/dags/Code explanation.xlsx took 0.039 seconds
[2025-04-27T20:28:05.310+0000] {processor.py:161} INFO - Started process (PID=1355) to work on /opt/airflow/dags/Code explanation.xlsx
[2025-04-27T20:28:05.312+0000] {processor.py:830} INFO - Processing file /opt/airflow/dags/Code explanation.xlsx for tasks to queue
[2025-04-27T20:28:05.316+0000] {logging_mixin.py:188} INFO - [2025-04-27T20:28:05.315+0000] {dagbag.py:538} INFO - Filling up the DagBag from /opt/airflow/dags/Code explanation.xlsx
[2025-04-27T20:28:05.340+0000] {processor.py:842} WARNING - No viable dags retrieved from /opt/airflow/dags/Code explanation.xlsx
[2025-04-27T20:28:05.371+0000] {processor.py:183} INFO - Processing /opt/airflow/dags/Code explanation.xlsx took 0.069 seconds
[2025-04-27T20:28:36.187+0000] {processor.py:161} INFO - Started process (PID=1392) to work on /opt/airflow/dags/Code explanation.xlsx
[2025-04-27T20:28:36.188+0000] {processor.py:830} INFO - Processing file /opt/airflow/dags/Code explanation.xlsx for tasks to queue
[2025-04-27T20:28:36.190+0000] {logging_mixin.py:188} INFO - [2025-04-27T20:28:36.189+0000] {dagbag.py:538} INFO - Filling up the DagBag from /opt/airflow/dags/Code explanation.xlsx
[2025-04-27T20:28:36.206+0000] {processor.py:842} WARNING - No viable dags retrieved from /opt/airflow/dags/Code explanation.xlsx
[2025-04-27T20:28:36.227+0000] {processor.py:183} INFO - Processing /opt/airflow/dags/Code explanation.xlsx took 0.043 seconds
[2025-04-27T20:29:06.749+0000] {processor.py:161} INFO - Started process (PID=1435) to work on /opt/airflow/dags/Code explanation.xlsx
[2025-04-27T20:29:06.751+0000] {processor.py:830} INFO - Processing file /opt/airflow/dags/Code explanation.xlsx for tasks to queue
[2025-04-27T20:29:06.752+0000] {logging_mixin.py:188} INFO - [2025-04-27T20:29:06.752+0000] {dagbag.py:538} INFO - Filling up the DagBag from /opt/airflow/dags/Code explanation.xlsx
[2025-04-27T20:29:06.770+0000] {processor.py:842} WARNING - No viable dags retrieved from /opt/airflow/dags/Code explanation.xlsx
[2025-04-27T20:29:06.794+0000] {processor.py:183} INFO - Processing /opt/airflow/dags/Code explanation.xlsx took 0.050 seconds
[2025-04-27T20:29:36.918+0000] {processor.py:161} INFO - Started process (PID=1478) to work on /opt/airflow/dags/Code explanation.xlsx
[2025-04-27T20:29:36.920+0000] {processor.py:830} INFO - Processing file /opt/airflow/dags/Code explanation.xlsx for tasks to queue
[2025-04-27T20:29:36.921+0000] {logging_mixin.py:188} INFO - [2025-04-27T20:29:36.921+0000] {dagbag.py:538} INFO - Filling up the DagBag from /opt/airflow/dags/Code explanation.xlsx
[2025-04-27T20:29:36.934+0000] {processor.py:842} WARNING - No viable dags retrieved from /opt/airflow/dags/Code explanation.xlsx
[2025-04-27T20:29:36.949+0000] {processor.py:183} INFO - Processing /opt/airflow/dags/Code explanation.xlsx took 0.035 seconds
[2025-04-27T20:30:07.236+0000] {processor.py:161} INFO - Started process (PID=1521) to work on /opt/airflow/dags/Code explanation.xlsx
[2025-04-27T20:30:07.237+0000] {processor.py:830} INFO - Processing file /opt/airflow/dags/Code explanation.xlsx for tasks to queue
[2025-04-27T20:30:07.238+0000] {logging_mixin.py:188} INFO - [2025-04-27T20:30:07.238+0000] {dagbag.py:538} INFO - Filling up the DagBag from /opt/airflow/dags/Code explanation.xlsx
[2025-04-27T20:30:07.250+0000] {processor.py:842} WARNING - No viable dags retrieved from /opt/airflow/dags/Code explanation.xlsx
[2025-04-27T20:30:07.263+0000] {processor.py:183} INFO - Processing /opt/airflow/dags/Code explanation.xlsx took 0.029 seconds
[2025-04-27T20:30:38.329+0000] {processor.py:161} INFO - Started process (PID=1564) to work on /opt/airflow/dags/Code explanation.xlsx
[2025-04-27T20:30:38.330+0000] {processor.py:830} INFO - Processing file /opt/airflow/dags/Code explanation.xlsx for tasks to queue
[2025-04-27T20:30:38.332+0000] {logging_mixin.py:188} INFO - [2025-04-27T20:30:38.332+0000] {dagbag.py:538} INFO - Filling up the DagBag from /opt/airflow/dags/Code explanation.xlsx
[2025-04-27T20:30:38.352+0000] {processor.py:842} WARNING - No viable dags retrieved from /opt/airflow/dags/Code explanation.xlsx
[2025-04-27T20:30:38.385+0000] {processor.py:183} INFO - Processing /opt/airflow/dags/Code explanation.xlsx took 0.060 seconds
[2025-04-27T20:31:08.685+0000] {processor.py:161} INFO - Started process (PID=1607) to work on /opt/airflow/dags/Code explanation.xlsx
[2025-04-27T20:31:08.686+0000] {processor.py:830} INFO - Processing file /opt/airflow/dags/Code explanation.xlsx for tasks to queue
[2025-04-27T20:31:08.687+0000] {logging_mixin.py:188} INFO - [2025-04-27T20:31:08.687+0000] {dagbag.py:538} INFO - Filling up the DagBag from /opt/airflow/dags/Code explanation.xlsx
[2025-04-27T20:31:08.696+0000] {processor.py:842} WARNING - No viable dags retrieved from /opt/airflow/dags/Code explanation.xlsx
[2025-04-27T20:31:08.709+0000] {processor.py:183} INFO - Processing /opt/airflow/dags/Code explanation.xlsx took 0.027 seconds
[2025-04-27T20:31:39.027+0000] {processor.py:161} INFO - Started process (PID=1650) to work on /opt/airflow/dags/Code explanation.xlsx
[2025-04-27T20:31:39.030+0000] {processor.py:830} INFO - Processing file /opt/airflow/dags/Code explanation.xlsx for tasks to queue
[2025-04-27T20:31:39.032+0000] {logging_mixin.py:188} INFO - [2025-04-27T20:31:39.032+0000] {dagbag.py:538} INFO - Filling up the DagBag from /opt/airflow/dags/Code explanation.xlsx
[2025-04-27T20:31:39.052+0000] {processor.py:842} WARNING - No viable dags retrieved from /opt/airflow/dags/Code explanation.xlsx
[2025-04-27T20:31:39.087+0000] {processor.py:183} INFO - Processing /opt/airflow/dags/Code explanation.xlsx took 0.064 seconds
[2025-04-27T20:32:09.793+0000] {processor.py:161} INFO - Started process (PID=1693) to work on /opt/airflow/dags/Code explanation.xlsx
[2025-04-27T20:32:09.795+0000] {processor.py:830} INFO - Processing file /opt/airflow/dags/Code explanation.xlsx for tasks to queue
[2025-04-27T20:32:09.797+0000] {logging_mixin.py:188} INFO - [2025-04-27T20:32:09.797+0000] {dagbag.py:538} INFO - Filling up the DagBag from /opt/airflow/dags/Code explanation.xlsx
[2025-04-27T20:32:09.817+0000] {processor.py:842} WARNING - No viable dags retrieved from /opt/airflow/dags/Code explanation.xlsx
[2025-04-27T20:32:09.858+0000] {processor.py:183} INFO - Processing /opt/airflow/dags/Code explanation.xlsx took 0.070 seconds
[2025-04-27T20:32:40.893+0000] {processor.py:161} INFO - Started process (PID=1736) to work on /opt/airflow/dags/Code explanation.xlsx
[2025-04-27T20:32:40.894+0000] {processor.py:830} INFO - Processing file /opt/airflow/dags/Code explanation.xlsx for tasks to queue
[2025-04-27T20:32:40.897+0000] {logging_mixin.py:188} INFO - [2025-04-27T20:32:40.896+0000] {dagbag.py:538} INFO - Filling up the DagBag from /opt/airflow/dags/Code explanation.xlsx
[2025-04-27T20:32:40.917+0000] {processor.py:842} WARNING - No viable dags retrieved from /opt/airflow/dags/Code explanation.xlsx
[2025-04-27T20:32:40.948+0000] {processor.py:183} INFO - Processing /opt/airflow/dags/Code explanation.xlsx took 0.059 seconds
[2025-04-27T20:33:11.790+0000] {processor.py:161} INFO - Started process (PID=1779) to work on /opt/airflow/dags/Code explanation.xlsx
[2025-04-27T20:33:11.792+0000] {processor.py:830} INFO - Processing file /opt/airflow/dags/Code explanation.xlsx for tasks to queue
[2025-04-27T20:33:11.794+0000] {logging_mixin.py:188} INFO - [2025-04-27T20:33:11.793+0000] {dagbag.py:538} INFO - Filling up the DagBag from /opt/airflow/dags/Code explanation.xlsx
[2025-04-27T20:33:11.814+0000] {processor.py:842} WARNING - No viable dags retrieved from /opt/airflow/dags/Code explanation.xlsx
[2025-04-27T20:33:11.842+0000] {processor.py:183} INFO - Processing /opt/airflow/dags/Code explanation.xlsx took 0.056 seconds
[2025-04-27T20:33:42.287+0000] {processor.py:161} INFO - Started process (PID=1822) to work on /opt/airflow/dags/Code explanation.xlsx
[2025-04-27T20:33:42.288+0000] {processor.py:830} INFO - Processing file /opt/airflow/dags/Code explanation.xlsx for tasks to queue
[2025-04-27T20:33:42.289+0000] {logging_mixin.py:188} INFO - [2025-04-27T20:33:42.289+0000] {dagbag.py:538} INFO - Filling up the DagBag from /opt/airflow/dags/Code explanation.xlsx
[2025-04-27T20:33:42.309+0000] {processor.py:842} WARNING - No viable dags retrieved from /opt/airflow/dags/Code explanation.xlsx
[2025-04-27T20:33:42.330+0000] {processor.py:183} INFO - Processing /opt/airflow/dags/Code explanation.xlsx took 0.046 seconds
[2025-04-27T20:34:12.731+0000] {processor.py:161} INFO - Started process (PID=1865) to work on /opt/airflow/dags/Code explanation.xlsx
[2025-04-27T20:34:12.733+0000] {processor.py:830} INFO - Processing file /opt/airflow/dags/Code explanation.xlsx for tasks to queue
[2025-04-27T20:34:12.734+0000] {logging_mixin.py:188} INFO - [2025-04-27T20:34:12.733+0000] {dagbag.py:538} INFO - Filling up the DagBag from /opt/airflow/dags/Code explanation.xlsx
[2025-04-27T20:34:12.748+0000] {processor.py:842} WARNING - No viable dags retrieved from /opt/airflow/dags/Code explanation.xlsx
[2025-04-27T20:34:12.770+0000] {processor.py:183} INFO - Processing /opt/airflow/dags/Code explanation.xlsx took 0.041 seconds
[2025-04-27T20:34:43.415+0000] {processor.py:161} INFO - Started process (PID=1908) to work on /opt/airflow/dags/Code explanation.xlsx
[2025-04-27T20:34:43.417+0000] {processor.py:830} INFO - Processing file /opt/airflow/dags/Code explanation.xlsx for tasks to queue
[2025-04-27T20:34:43.420+0000] {logging_mixin.py:188} INFO - [2025-04-27T20:34:43.419+0000] {dagbag.py:538} INFO - Filling up the DagBag from /opt/airflow/dags/Code explanation.xlsx
[2025-04-27T20:34:43.448+0000] {processor.py:842} WARNING - No viable dags retrieved from /opt/airflow/dags/Code explanation.xlsx
[2025-04-27T20:34:43.472+0000] {processor.py:183} INFO - Processing /opt/airflow/dags/Code explanation.xlsx took 0.064 seconds
[2025-04-27T20:35:13.925+0000] {processor.py:161} INFO - Started process (PID=1951) to work on /opt/airflow/dags/Code explanation.xlsx
[2025-04-27T20:35:13.926+0000] {processor.py:830} INFO - Processing file /opt/airflow/dags/Code explanation.xlsx for tasks to queue
[2025-04-27T20:35:13.928+0000] {logging_mixin.py:188} INFO - [2025-04-27T20:35:13.927+0000] {dagbag.py:538} INFO - Filling up the DagBag from /opt/airflow/dags/Code explanation.xlsx
[2025-04-27T20:35:13.942+0000] {processor.py:842} WARNING - No viable dags retrieved from /opt/airflow/dags/Code explanation.xlsx
[2025-04-27T20:35:13.962+0000] {processor.py:183} INFO - Processing /opt/airflow/dags/Code explanation.xlsx took 0.040 seconds
[2025-04-27T20:35:44.260+0000] {processor.py:161} INFO - Started process (PID=1994) to work on /opt/airflow/dags/Code explanation.xlsx
[2025-04-27T20:35:44.261+0000] {processor.py:830} INFO - Processing file /opt/airflow/dags/Code explanation.xlsx for tasks to queue
[2025-04-27T20:35:44.262+0000] {logging_mixin.py:188} INFO - [2025-04-27T20:35:44.262+0000] {dagbag.py:538} INFO - Filling up the DagBag from /opt/airflow/dags/Code explanation.xlsx
[2025-04-27T20:35:44.276+0000] {processor.py:842} WARNING - No viable dags retrieved from /opt/airflow/dags/Code explanation.xlsx
[2025-04-27T20:35:44.297+0000] {processor.py:183} INFO - Processing /opt/airflow/dags/Code explanation.xlsx took 0.041 seconds
[2025-04-27T20:36:14.742+0000] {processor.py:161} INFO - Started process (PID=2037) to work on /opt/airflow/dags/Code explanation.xlsx
[2025-04-27T20:36:14.743+0000] {processor.py:830} INFO - Processing file /opt/airflow/dags/Code explanation.xlsx for tasks to queue
[2025-04-27T20:36:14.745+0000] {logging_mixin.py:188} INFO - [2025-04-27T20:36:14.744+0000] {dagbag.py:538} INFO - Filling up the DagBag from /opt/airflow/dags/Code explanation.xlsx
[2025-04-27T20:36:14.765+0000] {processor.py:842} WARNING - No viable dags retrieved from /opt/airflow/dags/Code explanation.xlsx
[2025-04-27T20:36:14.793+0000] {processor.py:183} INFO - Processing /opt/airflow/dags/Code explanation.xlsx took 0.055 seconds
[2025-04-27T20:36:45.410+0000] {processor.py:161} INFO - Started process (PID=2080) to work on /opt/airflow/dags/Code explanation.xlsx
[2025-04-27T20:36:45.412+0000] {processor.py:830} INFO - Processing file /opt/airflow/dags/Code explanation.xlsx for tasks to queue
[2025-04-27T20:36:45.414+0000] {logging_mixin.py:188} INFO - [2025-04-27T20:36:45.413+0000] {dagbag.py:538} INFO - Filling up the DagBag from /opt/airflow/dags/Code explanation.xlsx
[2025-04-27T20:36:45.448+0000] {processor.py:842} WARNING - No viable dags retrieved from /opt/airflow/dags/Code explanation.xlsx
[2025-04-27T20:36:45.473+0000] {processor.py:183} INFO - Processing /opt/airflow/dags/Code explanation.xlsx took 0.067 seconds
[2025-04-27T20:37:16.333+0000] {processor.py:161} INFO - Started process (PID=2123) to work on /opt/airflow/dags/Code explanation.xlsx
[2025-04-27T20:37:16.334+0000] {processor.py:830} INFO - Processing file /opt/airflow/dags/Code explanation.xlsx for tasks to queue
[2025-04-27T20:37:16.335+0000] {logging_mixin.py:188} INFO - [2025-04-27T20:37:16.335+0000] {dagbag.py:538} INFO - Filling up the DagBag from /opt/airflow/dags/Code explanation.xlsx
[2025-04-27T20:37:16.349+0000] {processor.py:842} WARNING - No viable dags retrieved from /opt/airflow/dags/Code explanation.xlsx
[2025-04-27T20:37:16.368+0000] {processor.py:183} INFO - Processing /opt/airflow/dags/Code explanation.xlsx took 0.038 seconds
[2025-04-27T20:37:47.040+0000] {processor.py:161} INFO - Started process (PID=2166) to work on /opt/airflow/dags/Code explanation.xlsx
[2025-04-27T20:37:47.041+0000] {processor.py:830} INFO - Processing file /opt/airflow/dags/Code explanation.xlsx for tasks to queue
[2025-04-27T20:37:47.042+0000] {logging_mixin.py:188} INFO - [2025-04-27T20:37:47.042+0000] {dagbag.py:538} INFO - Filling up the DagBag from /opt/airflow/dags/Code explanation.xlsx
[2025-04-27T20:37:47.058+0000] {processor.py:842} WARNING - No viable dags retrieved from /opt/airflow/dags/Code explanation.xlsx
[2025-04-27T20:37:47.075+0000] {processor.py:183} INFO - Processing /opt/airflow/dags/Code explanation.xlsx took 0.038 seconds
[2025-04-27T20:38:17.730+0000] {processor.py:161} INFO - Started process (PID=2209) to work on /opt/airflow/dags/Code explanation.xlsx
[2025-04-27T20:38:17.732+0000] {processor.py:830} INFO - Processing file /opt/airflow/dags/Code explanation.xlsx for tasks to queue
[2025-04-27T20:38:17.733+0000] {logging_mixin.py:188} INFO - [2025-04-27T20:38:17.733+0000] {dagbag.py:538} INFO - Filling up the DagBag from /opt/airflow/dags/Code explanation.xlsx
[2025-04-27T20:38:17.756+0000] {processor.py:842} WARNING - No viable dags retrieved from /opt/airflow/dags/Code explanation.xlsx
[2025-04-27T20:38:17.775+0000] {processor.py:183} INFO - Processing /opt/airflow/dags/Code explanation.xlsx took 0.049 seconds
[2025-04-27T20:38:48.676+0000] {processor.py:161} INFO - Started process (PID=2252) to work on /opt/airflow/dags/Code explanation.xlsx
[2025-04-27T20:38:48.679+0000] {processor.py:830} INFO - Processing file /opt/airflow/dags/Code explanation.xlsx for tasks to queue
[2025-04-27T20:38:48.681+0000] {logging_mixin.py:188} INFO - [2025-04-27T20:38:48.680+0000] {dagbag.py:538} INFO - Filling up the DagBag from /opt/airflow/dags/Code explanation.xlsx
[2025-04-27T20:38:48.704+0000] {processor.py:842} WARNING - No viable dags retrieved from /opt/airflow/dags/Code explanation.xlsx
[2025-04-27T20:38:48.729+0000] {processor.py:183} INFO - Processing /opt/airflow/dags/Code explanation.xlsx took 0.057 seconds
[2025-04-27T20:39:19.256+0000] {processor.py:161} INFO - Started process (PID=2295) to work on /opt/airflow/dags/Code explanation.xlsx
[2025-04-27T20:39:19.258+0000] {processor.py:830} INFO - Processing file /opt/airflow/dags/Code explanation.xlsx for tasks to queue
[2025-04-27T20:39:19.260+0000] {logging_mixin.py:188} INFO - [2025-04-27T20:39:19.260+0000] {dagbag.py:538} INFO - Filling up the DagBag from /opt/airflow/dags/Code explanation.xlsx
[2025-04-27T20:39:19.276+0000] {processor.py:842} WARNING - No viable dags retrieved from /opt/airflow/dags/Code explanation.xlsx
[2025-04-27T20:39:19.296+0000] {processor.py:183} INFO - Processing /opt/airflow/dags/Code explanation.xlsx took 0.044 seconds
[2025-04-27T20:39:49.815+0000] {processor.py:161} INFO - Started process (PID=2338) to work on /opt/airflow/dags/Code explanation.xlsx
[2025-04-27T20:39:49.816+0000] {processor.py:830} INFO - Processing file /opt/airflow/dags/Code explanation.xlsx for tasks to queue
[2025-04-27T20:39:49.820+0000] {logging_mixin.py:188} INFO - [2025-04-27T20:39:49.819+0000] {dagbag.py:538} INFO - Filling up the DagBag from /opt/airflow/dags/Code explanation.xlsx
[2025-04-27T20:39:49.839+0000] {processor.py:842} WARNING - No viable dags retrieved from /opt/airflow/dags/Code explanation.xlsx
[2025-04-27T20:39:49.865+0000] {processor.py:183} INFO - Processing /opt/airflow/dags/Code explanation.xlsx took 0.054 seconds
[2025-04-27T20:40:20.004+0000] {processor.py:161} INFO - Started process (PID=2378) to work on /opt/airflow/dags/Code explanation.xlsx
[2025-04-27T20:40:20.005+0000] {processor.py:830} INFO - Processing file /opt/airflow/dags/Code explanation.xlsx for tasks to queue
[2025-04-27T20:40:20.007+0000] {logging_mixin.py:188} INFO - [2025-04-27T20:40:20.006+0000] {dagbag.py:538} INFO - Filling up the DagBag from /opt/airflow/dags/Code explanation.xlsx
[2025-04-27T20:40:20.024+0000] {processor.py:842} WARNING - No viable dags retrieved from /opt/airflow/dags/Code explanation.xlsx
[2025-04-27T20:40:20.042+0000] {processor.py:183} INFO - Processing /opt/airflow/dags/Code explanation.xlsx took 0.041 seconds
[2025-04-27T20:40:50.125+0000] {processor.py:161} INFO - Started process (PID=2419) to work on /opt/airflow/dags/Code explanation.xlsx
[2025-04-27T20:40:50.126+0000] {processor.py:830} INFO - Processing file /opt/airflow/dags/Code explanation.xlsx for tasks to queue
[2025-04-27T20:40:50.127+0000] {logging_mixin.py:188} INFO - [2025-04-27T20:40:50.127+0000] {dagbag.py:538} INFO - Filling up the DagBag from /opt/airflow/dags/Code explanation.xlsx
[2025-04-27T20:40:50.141+0000] {processor.py:842} WARNING - No viable dags retrieved from /opt/airflow/dags/Code explanation.xlsx
[2025-04-27T20:40:50.163+0000] {processor.py:183} INFO - Processing /opt/airflow/dags/Code explanation.xlsx took 0.040 seconds
[2025-04-27T20:41:20.493+0000] {processor.py:161} INFO - Started process (PID=2462) to work on /opt/airflow/dags/Code explanation.xlsx
[2025-04-27T20:41:20.496+0000] {processor.py:830} INFO - Processing file /opt/airflow/dags/Code explanation.xlsx for tasks to queue
[2025-04-27T20:41:20.497+0000] {logging_mixin.py:188} INFO - [2025-04-27T20:41:20.497+0000] {dagbag.py:538} INFO - Filling up the DagBag from /opt/airflow/dags/Code explanation.xlsx
[2025-04-27T20:41:20.523+0000] {processor.py:842} WARNING - No viable dags retrieved from /opt/airflow/dags/Code explanation.xlsx
[2025-04-27T20:41:20.562+0000] {processor.py:183} INFO - Processing /opt/airflow/dags/Code explanation.xlsx took 0.075 seconds
[2025-04-27T20:42:26.506+0000] {processor.py:161} INFO - Started process (PID=187) to work on /opt/airflow/dags/Code explanation.xlsx
[2025-04-27T20:42:26.509+0000] {processor.py:830} INFO - Processing file /opt/airflow/dags/Code explanation.xlsx for tasks to queue
[2025-04-27T20:42:26.512+0000] {logging_mixin.py:188} INFO - [2025-04-27T20:42:26.510+0000] {dagbag.py:538} INFO - Filling up the DagBag from /opt/airflow/dags/Code explanation.xlsx
[2025-04-27T20:42:26.538+0000] {processor.py:842} WARNING - No viable dags retrieved from /opt/airflow/dags/Code explanation.xlsx
[2025-04-27T20:42:26.580+0000] {processor.py:183} INFO - Processing /opt/airflow/dags/Code explanation.xlsx took 0.078 seconds
[2025-04-27T20:42:57.166+0000] {processor.py:161} INFO - Started process (PID=229) to work on /opt/airflow/dags/Code explanation.xlsx
[2025-04-27T20:42:57.173+0000] {processor.py:830} INFO - Processing file /opt/airflow/dags/Code explanation.xlsx for tasks to queue
[2025-04-27T20:42:57.178+0000] {logging_mixin.py:188} INFO - [2025-04-27T20:42:57.176+0000] {dagbag.py:538} INFO - Filling up the DagBag from /opt/airflow/dags/Code explanation.xlsx
[2025-04-27T20:42:57.210+0000] {processor.py:842} WARNING - No viable dags retrieved from /opt/airflow/dags/Code explanation.xlsx
[2025-04-27T20:42:57.268+0000] {processor.py:183} INFO - Processing /opt/airflow/dags/Code explanation.xlsx took 0.119 seconds
[2025-04-27T20:43:27.482+0000] {processor.py:161} INFO - Started process (PID=270) to work on /opt/airflow/dags/Code explanation.xlsx
[2025-04-27T20:43:27.483+0000] {processor.py:830} INFO - Processing file /opt/airflow/dags/Code explanation.xlsx for tasks to queue
[2025-04-27T20:43:27.485+0000] {logging_mixin.py:188} INFO - [2025-04-27T20:43:27.484+0000] {dagbag.py:538} INFO - Filling up the DagBag from /opt/airflow/dags/Code explanation.xlsx
[2025-04-27T20:43:27.499+0000] {processor.py:842} WARNING - No viable dags retrieved from /opt/airflow/dags/Code explanation.xlsx
[2025-04-27T20:43:27.520+0000] {processor.py:183} INFO - Processing /opt/airflow/dags/Code explanation.xlsx took 0.042 seconds
[2025-04-27T20:43:57.769+0000] {processor.py:161} INFO - Started process (PID=310) to work on /opt/airflow/dags/Code explanation.xlsx
[2025-04-27T20:43:57.770+0000] {processor.py:830} INFO - Processing file /opt/airflow/dags/Code explanation.xlsx for tasks to queue
[2025-04-27T20:43:57.771+0000] {logging_mixin.py:188} INFO - [2025-04-27T20:43:57.770+0000] {dagbag.py:538} INFO - Filling up the DagBag from /opt/airflow/dags/Code explanation.xlsx
[2025-04-27T20:43:57.786+0000] {processor.py:842} WARNING - No viable dags retrieved from /opt/airflow/dags/Code explanation.xlsx
[2025-04-27T20:43:57.802+0000] {processor.py:183} INFO - Processing /opt/airflow/dags/Code explanation.xlsx took 0.036 seconds
[2025-04-27T20:44:28.586+0000] {processor.py:161} INFO - Started process (PID=353) to work on /opt/airflow/dags/Code explanation.xlsx
[2025-04-27T20:44:28.588+0000] {processor.py:830} INFO - Processing file /opt/airflow/dags/Code explanation.xlsx for tasks to queue
[2025-04-27T20:44:28.589+0000] {logging_mixin.py:188} INFO - [2025-04-27T20:44:28.589+0000] {dagbag.py:538} INFO - Filling up the DagBag from /opt/airflow/dags/Code explanation.xlsx
[2025-04-27T20:44:28.607+0000] {processor.py:842} WARNING - No viable dags retrieved from /opt/airflow/dags/Code explanation.xlsx
[2025-04-27T20:44:28.635+0000] {processor.py:183} INFO - Processing /opt/airflow/dags/Code explanation.xlsx took 0.052 seconds
[2025-04-27T20:44:59.582+0000] {processor.py:161} INFO - Started process (PID=396) to work on /opt/airflow/dags/Code explanation.xlsx
[2025-04-27T20:44:59.584+0000] {processor.py:830} INFO - Processing file /opt/airflow/dags/Code explanation.xlsx for tasks to queue
[2025-04-27T20:44:59.585+0000] {logging_mixin.py:188} INFO - [2025-04-27T20:44:59.585+0000] {dagbag.py:538} INFO - Filling up the DagBag from /opt/airflow/dags/Code explanation.xlsx
[2025-04-27T20:44:59.604+0000] {processor.py:842} WARNING - No viable dags retrieved from /opt/airflow/dags/Code explanation.xlsx
[2025-04-27T20:44:59.625+0000] {processor.py:183} INFO - Processing /opt/airflow/dags/Code explanation.xlsx took 0.048 seconds
[2025-04-27T20:45:29.810+0000] {processor.py:161} INFO - Started process (PID=439) to work on /opt/airflow/dags/Code explanation.xlsx
[2025-04-27T20:45:29.811+0000] {processor.py:830} INFO - Processing file /opt/airflow/dags/Code explanation.xlsx for tasks to queue
[2025-04-27T20:45:29.812+0000] {logging_mixin.py:188} INFO - [2025-04-27T20:45:29.812+0000] {dagbag.py:538} INFO - Filling up the DagBag from /opt/airflow/dags/Code explanation.xlsx
[2025-04-27T20:45:29.821+0000] {processor.py:842} WARNING - No viable dags retrieved from /opt/airflow/dags/Code explanation.xlsx
[2025-04-27T20:45:29.832+0000] {processor.py:183} INFO - Processing /opt/airflow/dags/Code explanation.xlsx took 0.024 seconds
[2025-04-27T20:46:00.238+0000] {processor.py:161} INFO - Started process (PID=482) to work on /opt/airflow/dags/Code explanation.xlsx
[2025-04-27T20:46:00.239+0000] {processor.py:830} INFO - Processing file /opt/airflow/dags/Code explanation.xlsx for tasks to queue
[2025-04-27T20:46:00.240+0000] {logging_mixin.py:188} INFO - [2025-04-27T20:46:00.240+0000] {dagbag.py:538} INFO - Filling up the DagBag from /opt/airflow/dags/Code explanation.xlsx
[2025-04-27T20:46:00.258+0000] {processor.py:842} WARNING - No viable dags retrieved from /opt/airflow/dags/Code explanation.xlsx
[2025-04-27T20:46:00.272+0000] {processor.py:183} INFO - Processing /opt/airflow/dags/Code explanation.xlsx took 0.039 seconds
[2025-04-27T20:46:31.174+0000] {processor.py:161} INFO - Started process (PID=525) to work on /opt/airflow/dags/Code explanation.xlsx
[2025-04-27T20:46:31.177+0000] {processor.py:830} INFO - Processing file /opt/airflow/dags/Code explanation.xlsx for tasks to queue
[2025-04-27T20:46:31.179+0000] {logging_mixin.py:188} INFO - [2025-04-27T20:46:31.178+0000] {dagbag.py:538} INFO - Filling up the DagBag from /opt/airflow/dags/Code explanation.xlsx
[2025-04-27T20:46:31.203+0000] {processor.py:842} WARNING - No viable dags retrieved from /opt/airflow/dags/Code explanation.xlsx
[2025-04-27T20:46:31.229+0000] {processor.py:183} INFO - Processing /opt/airflow/dags/Code explanation.xlsx took 0.064 seconds
[2025-04-27T20:47:01.932+0000] {processor.py:161} INFO - Started process (PID=568) to work on /opt/airflow/dags/Code explanation.xlsx
[2025-04-27T20:47:01.934+0000] {processor.py:830} INFO - Processing file /opt/airflow/dags/Code explanation.xlsx for tasks to queue
[2025-04-27T20:47:01.935+0000] {logging_mixin.py:188} INFO - [2025-04-27T20:47:01.934+0000] {dagbag.py:538} INFO - Filling up the DagBag from /opt/airflow/dags/Code explanation.xlsx
[2025-04-27T20:47:01.949+0000] {processor.py:842} WARNING - No viable dags retrieved from /opt/airflow/dags/Code explanation.xlsx
[2025-04-27T20:47:01.966+0000] {processor.py:183} INFO - Processing /opt/airflow/dags/Code explanation.xlsx took 0.037 seconds
[2025-04-27T20:47:32.070+0000] {processor.py:161} INFO - Started process (PID=611) to work on /opt/airflow/dags/Code explanation.xlsx
[2025-04-27T20:47:32.072+0000] {processor.py:830} INFO - Processing file /opt/airflow/dags/Code explanation.xlsx for tasks to queue
[2025-04-27T20:47:32.074+0000] {logging_mixin.py:188} INFO - [2025-04-27T20:47:32.073+0000] {dagbag.py:538} INFO - Filling up the DagBag from /opt/airflow/dags/Code explanation.xlsx
[2025-04-27T20:47:32.096+0000] {processor.py:842} WARNING - No viable dags retrieved from /opt/airflow/dags/Code explanation.xlsx
[2025-04-27T20:47:32.117+0000] {processor.py:183} INFO - Processing /opt/airflow/dags/Code explanation.xlsx took 0.053 seconds
[2025-04-27T20:48:02.720+0000] {processor.py:161} INFO - Started process (PID=654) to work on /opt/airflow/dags/Code explanation.xlsx
[2025-04-27T20:48:02.721+0000] {processor.py:830} INFO - Processing file /opt/airflow/dags/Code explanation.xlsx for tasks to queue
[2025-04-27T20:48:02.722+0000] {logging_mixin.py:188} INFO - [2025-04-27T20:48:02.722+0000] {dagbag.py:538} INFO - Filling up the DagBag from /opt/airflow/dags/Code explanation.xlsx
[2025-04-27T20:48:02.735+0000] {processor.py:842} WARNING - No viable dags retrieved from /opt/airflow/dags/Code explanation.xlsx
[2025-04-27T20:48:02.748+0000] {processor.py:183} INFO - Processing /opt/airflow/dags/Code explanation.xlsx took 0.031 seconds
[2025-04-27T20:48:33.393+0000] {processor.py:161} INFO - Started process (PID=697) to work on /opt/airflow/dags/Code explanation.xlsx
[2025-04-27T20:48:33.396+0000] {processor.py:830} INFO - Processing file /opt/airflow/dags/Code explanation.xlsx for tasks to queue
[2025-04-27T20:48:33.398+0000] {logging_mixin.py:188} INFO - [2025-04-27T20:48:33.397+0000] {dagbag.py:538} INFO - Filling up the DagBag from /opt/airflow/dags/Code explanation.xlsx
[2025-04-27T20:48:33.417+0000] {processor.py:842} WARNING - No viable dags retrieved from /opt/airflow/dags/Code explanation.xlsx
[2025-04-27T20:48:33.441+0000] {processor.py:183} INFO - Processing /opt/airflow/dags/Code explanation.xlsx took 0.054 seconds
[2025-04-27T20:49:04.168+0000] {processor.py:161} INFO - Started process (PID=738) to work on /opt/airflow/dags/Code explanation.xlsx
[2025-04-27T20:49:04.170+0000] {processor.py:830} INFO - Processing file /opt/airflow/dags/Code explanation.xlsx for tasks to queue
[2025-04-27T20:49:04.171+0000] {logging_mixin.py:188} INFO - [2025-04-27T20:49:04.171+0000] {dagbag.py:538} INFO - Filling up the DagBag from /opt/airflow/dags/Code explanation.xlsx
[2025-04-27T20:49:04.189+0000] {processor.py:842} WARNING - No viable dags retrieved from /opt/airflow/dags/Code explanation.xlsx
[2025-04-27T20:49:04.209+0000] {processor.py:183} INFO - Processing /opt/airflow/dags/Code explanation.xlsx took 0.047 seconds
[2025-04-27T20:49:34.398+0000] {processor.py:161} INFO - Started process (PID=781) to work on /opt/airflow/dags/Code explanation.xlsx
[2025-04-27T20:49:34.399+0000] {processor.py:830} INFO - Processing file /opt/airflow/dags/Code explanation.xlsx for tasks to queue
[2025-04-27T20:49:34.401+0000] {logging_mixin.py:188} INFO - [2025-04-27T20:49:34.401+0000] {dagbag.py:538} INFO - Filling up the DagBag from /opt/airflow/dags/Code explanation.xlsx
[2025-04-27T20:49:34.421+0000] {processor.py:842} WARNING - No viable dags retrieved from /opt/airflow/dags/Code explanation.xlsx
[2025-04-27T20:49:34.439+0000] {processor.py:183} INFO - Processing /opt/airflow/dags/Code explanation.xlsx took 0.043 seconds
[2025-04-27T20:50:05.087+0000] {processor.py:161} INFO - Started process (PID=826) to work on /opt/airflow/dags/Code explanation.xlsx
[2025-04-27T20:50:05.088+0000] {processor.py:830} INFO - Processing file /opt/airflow/dags/Code explanation.xlsx for tasks to queue
[2025-04-27T20:50:05.089+0000] {logging_mixin.py:188} INFO - [2025-04-27T20:50:05.089+0000] {dagbag.py:538} INFO - Filling up the DagBag from /opt/airflow/dags/Code explanation.xlsx
[2025-04-27T20:50:05.099+0000] {processor.py:842} WARNING - No viable dags retrieved from /opt/airflow/dags/Code explanation.xlsx
[2025-04-27T20:50:05.111+0000] {processor.py:183} INFO - Processing /opt/airflow/dags/Code explanation.xlsx took 0.027 seconds
[2025-04-27T20:50:35.865+0000] {processor.py:161} INFO - Started process (PID=867) to work on /opt/airflow/dags/Code explanation.xlsx
[2025-04-27T20:50:35.867+0000] {processor.py:830} INFO - Processing file /opt/airflow/dags/Code explanation.xlsx for tasks to queue
[2025-04-27T20:50:35.869+0000] {logging_mixin.py:188} INFO - [2025-04-27T20:50:35.869+0000] {dagbag.py:538} INFO - Filling up the DagBag from /opt/airflow/dags/Code explanation.xlsx
[2025-04-27T20:50:35.889+0000] {processor.py:842} WARNING - No viable dags retrieved from /opt/airflow/dags/Code explanation.xlsx
[2025-04-27T20:50:35.912+0000] {processor.py:183} INFO - Processing /opt/airflow/dags/Code explanation.xlsx took 0.051 seconds
[2025-04-27T20:51:06.722+0000] {processor.py:161} INFO - Started process (PID=912) to work on /opt/airflow/dags/Code explanation.xlsx
[2025-04-27T20:51:06.723+0000] {processor.py:830} INFO - Processing file /opt/airflow/dags/Code explanation.xlsx for tasks to queue
[2025-04-27T20:51:06.724+0000] {logging_mixin.py:188} INFO - [2025-04-27T20:51:06.724+0000] {dagbag.py:538} INFO - Filling up the DagBag from /opt/airflow/dags/Code explanation.xlsx
[2025-04-27T20:51:06.738+0000] {processor.py:842} WARNING - No viable dags retrieved from /opt/airflow/dags/Code explanation.xlsx
[2025-04-27T20:51:06.756+0000] {processor.py:183} INFO - Processing /opt/airflow/dags/Code explanation.xlsx took 0.037 seconds
[2025-04-27T20:51:37.248+0000] {processor.py:161} INFO - Started process (PID=955) to work on /opt/airflow/dags/Code explanation.xlsx
[2025-04-27T20:51:37.250+0000] {processor.py:830} INFO - Processing file /opt/airflow/dags/Code explanation.xlsx for tasks to queue
[2025-04-27T20:51:37.251+0000] {logging_mixin.py:188} INFO - [2025-04-27T20:51:37.251+0000] {dagbag.py:538} INFO - Filling up the DagBag from /opt/airflow/dags/Code explanation.xlsx
[2025-04-27T20:51:37.271+0000] {processor.py:842} WARNING - No viable dags retrieved from /opt/airflow/dags/Code explanation.xlsx
[2025-04-27T20:51:37.287+0000] {processor.py:183} INFO - Processing /opt/airflow/dags/Code explanation.xlsx took 0.043 seconds
[2025-04-27T20:52:08.060+0000] {processor.py:161} INFO - Started process (PID=996) to work on /opt/airflow/dags/Code explanation.xlsx
[2025-04-27T20:52:08.061+0000] {processor.py:830} INFO - Processing file /opt/airflow/dags/Code explanation.xlsx for tasks to queue
[2025-04-27T20:52:08.063+0000] {logging_mixin.py:188} INFO - [2025-04-27T20:52:08.062+0000] {dagbag.py:538} INFO - Filling up the DagBag from /opt/airflow/dags/Code explanation.xlsx
[2025-04-27T20:52:08.078+0000] {processor.py:842} WARNING - No viable dags retrieved from /opt/airflow/dags/Code explanation.xlsx
[2025-04-27T20:52:08.099+0000] {processor.py:183} INFO - Processing /opt/airflow/dags/Code explanation.xlsx took 0.042 seconds
[2025-04-27T20:52:39.306+0000] {processor.py:161} INFO - Started process (PID=1041) to work on /opt/airflow/dags/Code explanation.xlsx
[2025-04-27T20:52:39.309+0000] {processor.py:830} INFO - Processing file /opt/airflow/dags/Code explanation.xlsx for tasks to queue
[2025-04-27T20:52:39.312+0000] {logging_mixin.py:188} INFO - [2025-04-27T20:52:39.311+0000] {dagbag.py:538} INFO - Filling up the DagBag from /opt/airflow/dags/Code explanation.xlsx
[2025-04-27T20:52:39.336+0000] {processor.py:842} WARNING - No viable dags retrieved from /opt/airflow/dags/Code explanation.xlsx
[2025-04-27T20:52:39.371+0000] {processor.py:183} INFO - Processing /opt/airflow/dags/Code explanation.xlsx took 0.071 seconds
[2025-04-27T20:53:09.526+0000] {processor.py:161} INFO - Started process (PID=1084) to work on /opt/airflow/dags/Code explanation.xlsx
[2025-04-27T20:53:09.527+0000] {processor.py:830} INFO - Processing file /opt/airflow/dags/Code explanation.xlsx for tasks to queue
[2025-04-27T20:53:09.528+0000] {logging_mixin.py:188} INFO - [2025-04-27T20:53:09.527+0000] {dagbag.py:538} INFO - Filling up the DagBag from /opt/airflow/dags/Code explanation.xlsx
[2025-04-27T20:53:09.545+0000] {processor.py:842} WARNING - No viable dags retrieved from /opt/airflow/dags/Code explanation.xlsx
[2025-04-27T20:53:09.560+0000] {processor.py:183} INFO - Processing /opt/airflow/dags/Code explanation.xlsx took 0.037 seconds
[2025-04-27T20:53:40.259+0000] {processor.py:161} INFO - Started process (PID=1125) to work on /opt/airflow/dags/Code explanation.xlsx
[2025-04-27T20:53:40.260+0000] {processor.py:830} INFO - Processing file /opt/airflow/dags/Code explanation.xlsx for tasks to queue
[2025-04-27T20:53:40.262+0000] {logging_mixin.py:188} INFO - [2025-04-27T20:53:40.261+0000] {dagbag.py:538} INFO - Filling up the DagBag from /opt/airflow/dags/Code explanation.xlsx
[2025-04-27T20:53:40.273+0000] {processor.py:842} WARNING - No viable dags retrieved from /opt/airflow/dags/Code explanation.xlsx
[2025-04-27T20:53:40.287+0000] {processor.py:183} INFO - Processing /opt/airflow/dags/Code explanation.xlsx took 0.031 seconds
[2025-04-27T20:54:10.658+0000] {processor.py:161} INFO - Started process (PID=1170) to work on /opt/airflow/dags/Code explanation.xlsx
[2025-04-27T20:54:10.659+0000] {processor.py:830} INFO - Processing file /opt/airflow/dags/Code explanation.xlsx for tasks to queue
[2025-04-27T20:54:10.660+0000] {logging_mixin.py:188} INFO - [2025-04-27T20:54:10.660+0000] {dagbag.py:538} INFO - Filling up the DagBag from /opt/airflow/dags/Code explanation.xlsx
[2025-04-27T20:54:10.674+0000] {processor.py:842} WARNING - No viable dags retrieved from /opt/airflow/dags/Code explanation.xlsx
[2025-04-27T20:54:10.690+0000] {processor.py:183} INFO - Processing /opt/airflow/dags/Code explanation.xlsx took 0.035 seconds
[2025-04-27T20:54:41.684+0000] {processor.py:161} INFO - Started process (PID=1213) to work on /opt/airflow/dags/Code explanation.xlsx
[2025-04-27T20:54:41.686+0000] {processor.py:830} INFO - Processing file /opt/airflow/dags/Code explanation.xlsx for tasks to queue
[2025-04-27T20:54:41.689+0000] {logging_mixin.py:188} INFO - [2025-04-27T20:54:41.688+0000] {dagbag.py:538} INFO - Filling up the DagBag from /opt/airflow/dags/Code explanation.xlsx
[2025-04-27T20:54:41.711+0000] {processor.py:842} WARNING - No viable dags retrieved from /opt/airflow/dags/Code explanation.xlsx
[2025-04-27T20:54:41.734+0000] {processor.py:183} INFO - Processing /opt/airflow/dags/Code explanation.xlsx took 0.055 seconds
[2025-04-27T20:55:12.412+0000] {processor.py:161} INFO - Started process (PID=1254) to work on /opt/airflow/dags/Code explanation.xlsx
[2025-04-27T20:55:12.413+0000] {processor.py:830} INFO - Processing file /opt/airflow/dags/Code explanation.xlsx for tasks to queue
[2025-04-27T20:55:12.414+0000] {logging_mixin.py:188} INFO - [2025-04-27T20:55:12.414+0000] {dagbag.py:538} INFO - Filling up the DagBag from /opt/airflow/dags/Code explanation.xlsx
[2025-04-27T20:55:12.435+0000] {processor.py:842} WARNING - No viable dags retrieved from /opt/airflow/dags/Code explanation.xlsx
[2025-04-27T20:55:12.462+0000] {processor.py:183} INFO - Processing /opt/airflow/dags/Code explanation.xlsx took 0.055 seconds
[2025-04-27T20:55:42.582+0000] {processor.py:161} INFO - Started process (PID=1292) to work on /opt/airflow/dags/Code explanation.xlsx
[2025-04-27T20:55:42.583+0000] {processor.py:830} INFO - Processing file /opt/airflow/dags/Code explanation.xlsx for tasks to queue
[2025-04-27T20:55:42.585+0000] {logging_mixin.py:188} INFO - [2025-04-27T20:55:42.584+0000] {dagbag.py:538} INFO - Filling up the DagBag from /opt/airflow/dags/Code explanation.xlsx
[2025-04-27T20:55:42.597+0000] {processor.py:842} WARNING - No viable dags retrieved from /opt/airflow/dags/Code explanation.xlsx
[2025-04-27T20:55:42.613+0000] {processor.py:183} INFO - Processing /opt/airflow/dags/Code explanation.xlsx took 0.036 seconds
[2025-04-27T20:56:13.218+0000] {processor.py:161} INFO - Started process (PID=1342) to work on /opt/airflow/dags/Code explanation.xlsx
[2025-04-27T20:56:13.219+0000] {processor.py:830} INFO - Processing file /opt/airflow/dags/Code explanation.xlsx for tasks to queue
[2025-04-27T20:56:13.220+0000] {logging_mixin.py:188} INFO - [2025-04-27T20:56:13.220+0000] {dagbag.py:538} INFO - Filling up the DagBag from /opt/airflow/dags/Code explanation.xlsx
[2025-04-27T20:56:13.232+0000] {processor.py:842} WARNING - No viable dags retrieved from /opt/airflow/dags/Code explanation.xlsx
[2025-04-27T20:56:13.249+0000] {processor.py:183} INFO - Processing /opt/airflow/dags/Code explanation.xlsx took 0.035 seconds
[2025-04-27T20:56:43.689+0000] {processor.py:161} INFO - Started process (PID=1383) to work on /opt/airflow/dags/Code explanation.xlsx
[2025-04-27T20:56:43.690+0000] {processor.py:830} INFO - Processing file /opt/airflow/dags/Code explanation.xlsx for tasks to queue
[2025-04-27T20:56:43.692+0000] {logging_mixin.py:188} INFO - [2025-04-27T20:56:43.691+0000] {dagbag.py:538} INFO - Filling up the DagBag from /opt/airflow/dags/Code explanation.xlsx
[2025-04-27T20:56:43.710+0000] {processor.py:842} WARNING - No viable dags retrieved from /opt/airflow/dags/Code explanation.xlsx
[2025-04-27T20:56:43.729+0000] {processor.py:183} INFO - Processing /opt/airflow/dags/Code explanation.xlsx took 0.044 seconds
[2025-04-27T20:57:14.113+0000] {processor.py:161} INFO - Started process (PID=1428) to work on /opt/airflow/dags/Code explanation.xlsx
[2025-04-27T20:57:14.115+0000] {processor.py:830} INFO - Processing file /opt/airflow/dags/Code explanation.xlsx for tasks to queue
[2025-04-27T20:57:14.118+0000] {logging_mixin.py:188} INFO - [2025-04-27T20:57:14.117+0000] {dagbag.py:538} INFO - Filling up the DagBag from /opt/airflow/dags/Code explanation.xlsx
[2025-04-27T20:57:14.140+0000] {processor.py:842} WARNING - No viable dags retrieved from /opt/airflow/dags/Code explanation.xlsx
[2025-04-27T20:57:14.159+0000] {processor.py:183} INFO - Processing /opt/airflow/dags/Code explanation.xlsx took 0.049 seconds
[2025-04-27T20:57:44.429+0000] {processor.py:161} INFO - Started process (PID=1471) to work on /opt/airflow/dags/Code explanation.xlsx
[2025-04-27T20:57:44.431+0000] {processor.py:830} INFO - Processing file /opt/airflow/dags/Code explanation.xlsx for tasks to queue
[2025-04-27T20:57:44.433+0000] {logging_mixin.py:188} INFO - [2025-04-27T20:57:44.433+0000] {dagbag.py:538} INFO - Filling up the DagBag from /opt/airflow/dags/Code explanation.xlsx
[2025-04-27T20:57:44.451+0000] {processor.py:842} WARNING - No viable dags retrieved from /opt/airflow/dags/Code explanation.xlsx
[2025-04-27T20:57:44.474+0000] {processor.py:183} INFO - Processing /opt/airflow/dags/Code explanation.xlsx took 0.049 seconds
[2025-04-27T20:58:14.726+0000] {processor.py:161} INFO - Started process (PID=1512) to work on /opt/airflow/dags/Code explanation.xlsx
[2025-04-27T20:58:14.727+0000] {processor.py:830} INFO - Processing file /opt/airflow/dags/Code explanation.xlsx for tasks to queue
[2025-04-27T20:58:14.728+0000] {logging_mixin.py:188} INFO - [2025-04-27T20:58:14.728+0000] {dagbag.py:538} INFO - Filling up the DagBag from /opt/airflow/dags/Code explanation.xlsx
[2025-04-27T20:58:14.741+0000] {processor.py:842} WARNING - No viable dags retrieved from /opt/airflow/dags/Code explanation.xlsx
[2025-04-27T20:58:14.755+0000] {processor.py:183} INFO - Processing /opt/airflow/dags/Code explanation.xlsx took 0.035 seconds
[2025-04-27T20:58:45.284+0000] {processor.py:161} INFO - Started process (PID=1557) to work on /opt/airflow/dags/Code explanation.xlsx
[2025-04-27T20:58:45.285+0000] {processor.py:830} INFO - Processing file /opt/airflow/dags/Code explanation.xlsx for tasks to queue
[2025-04-27T20:58:45.286+0000] {logging_mixin.py:188} INFO - [2025-04-27T20:58:45.286+0000] {dagbag.py:538} INFO - Filling up the DagBag from /opt/airflow/dags/Code explanation.xlsx
[2025-04-27T20:58:45.295+0000] {processor.py:842} WARNING - No viable dags retrieved from /opt/airflow/dags/Code explanation.xlsx
[2025-04-27T20:58:45.309+0000] {processor.py:183} INFO - Processing /opt/airflow/dags/Code explanation.xlsx took 0.028 seconds
[2025-04-27T20:59:15.927+0000] {processor.py:161} INFO - Started process (PID=1600) to work on /opt/airflow/dags/Code explanation.xlsx
[2025-04-27T20:59:15.928+0000] {processor.py:830} INFO - Processing file /opt/airflow/dags/Code explanation.xlsx for tasks to queue
[2025-04-27T20:59:15.929+0000] {logging_mixin.py:188} INFO - [2025-04-27T20:59:15.929+0000] {dagbag.py:538} INFO - Filling up the DagBag from /opt/airflow/dags/Code explanation.xlsx
[2025-04-27T20:59:15.940+0000] {processor.py:842} WARNING - No viable dags retrieved from /opt/airflow/dags/Code explanation.xlsx
[2025-04-27T20:59:15.952+0000] {processor.py:183} INFO - Processing /opt/airflow/dags/Code explanation.xlsx took 0.027 seconds
[2025-04-27T20:59:46.363+0000] {processor.py:161} INFO - Started process (PID=1641) to work on /opt/airflow/dags/Code explanation.xlsx
[2025-04-27T20:59:46.367+0000] {processor.py:830} INFO - Processing file /opt/airflow/dags/Code explanation.xlsx for tasks to queue
[2025-04-27T20:59:46.369+0000] {logging_mixin.py:188} INFO - [2025-04-27T20:59:46.368+0000] {dagbag.py:538} INFO - Filling up the DagBag from /opt/airflow/dags/Code explanation.xlsx
[2025-04-27T20:59:46.393+0000] {processor.py:842} WARNING - No viable dags retrieved from /opt/airflow/dags/Code explanation.xlsx
[2025-04-27T20:59:46.422+0000] {processor.py:183} INFO - Processing /opt/airflow/dags/Code explanation.xlsx took 0.062 seconds
[2025-04-27T21:00:16.830+0000] {processor.py:161} INFO - Started process (PID=1686) to work on /opt/airflow/dags/Code explanation.xlsx
[2025-04-27T21:00:16.831+0000] {processor.py:830} INFO - Processing file /opt/airflow/dags/Code explanation.xlsx for tasks to queue
[2025-04-27T21:00:16.832+0000] {logging_mixin.py:188} INFO - [2025-04-27T21:00:16.832+0000] {dagbag.py:538} INFO - Filling up the DagBag from /opt/airflow/dags/Code explanation.xlsx
[2025-04-27T21:00:16.845+0000] {processor.py:842} WARNING - No viable dags retrieved from /opt/airflow/dags/Code explanation.xlsx
[2025-04-27T21:00:16.857+0000] {processor.py:183} INFO - Processing /opt/airflow/dags/Code explanation.xlsx took 0.030 seconds
[2025-04-27T21:00:47.301+0000] {processor.py:161} INFO - Started process (PID=1729) to work on /opt/airflow/dags/Code explanation.xlsx
[2025-04-27T21:00:47.302+0000] {processor.py:830} INFO - Processing file /opt/airflow/dags/Code explanation.xlsx for tasks to queue
[2025-04-27T21:00:47.303+0000] {logging_mixin.py:188} INFO - [2025-04-27T21:00:47.303+0000] {dagbag.py:538} INFO - Filling up the DagBag from /opt/airflow/dags/Code explanation.xlsx
[2025-04-27T21:00:47.316+0000] {processor.py:842} WARNING - No viable dags retrieved from /opt/airflow/dags/Code explanation.xlsx
[2025-04-27T21:00:47.328+0000] {processor.py:183} INFO - Processing /opt/airflow/dags/Code explanation.xlsx took 0.030 seconds
[2025-04-27T21:01:17.843+0000] {processor.py:161} INFO - Started process (PID=1770) to work on /opt/airflow/dags/Code explanation.xlsx
[2025-04-27T21:01:17.844+0000] {processor.py:830} INFO - Processing file /opt/airflow/dags/Code explanation.xlsx for tasks to queue
[2025-04-27T21:01:17.846+0000] {logging_mixin.py:188} INFO - [2025-04-27T21:01:17.845+0000] {dagbag.py:538} INFO - Filling up the DagBag from /opt/airflow/dags/Code explanation.xlsx
[2025-04-27T21:01:17.858+0000] {processor.py:842} WARNING - No viable dags retrieved from /opt/airflow/dags/Code explanation.xlsx
[2025-04-27T21:01:17.871+0000] {processor.py:183} INFO - Processing /opt/airflow/dags/Code explanation.xlsx took 0.030 seconds
[2025-04-27T21:01:48.291+0000] {processor.py:161} INFO - Started process (PID=1815) to work on /opt/airflow/dags/Code explanation.xlsx
[2025-04-27T21:01:48.292+0000] {processor.py:830} INFO - Processing file /opt/airflow/dags/Code explanation.xlsx for tasks to queue
[2025-04-27T21:01:48.292+0000] {logging_mixin.py:188} INFO - [2025-04-27T21:01:48.292+0000] {dagbag.py:538} INFO - Filling up the DagBag from /opt/airflow/dags/Code explanation.xlsx
[2025-04-27T21:01:48.305+0000] {processor.py:842} WARNING - No viable dags retrieved from /opt/airflow/dags/Code explanation.xlsx
[2025-04-27T21:01:48.318+0000] {processor.py:183} INFO - Processing /opt/airflow/dags/Code explanation.xlsx took 0.030 seconds
[2025-04-27T21:02:18.856+0000] {processor.py:161} INFO - Started process (PID=1858) to work on /opt/airflow/dags/Code explanation.xlsx
[2025-04-27T21:02:18.857+0000] {processor.py:830} INFO - Processing file /opt/airflow/dags/Code explanation.xlsx for tasks to queue
[2025-04-27T21:02:18.858+0000] {logging_mixin.py:188} INFO - [2025-04-27T21:02:18.858+0000] {dagbag.py:538} INFO - Filling up the DagBag from /opt/airflow/dags/Code explanation.xlsx
[2025-04-27T21:02:18.870+0000] {processor.py:842} WARNING - No viable dags retrieved from /opt/airflow/dags/Code explanation.xlsx
[2025-04-27T21:02:18.884+0000] {processor.py:183} INFO - Processing /opt/airflow/dags/Code explanation.xlsx took 0.030 seconds
[2025-04-27T21:02:49.506+0000] {processor.py:161} INFO - Started process (PID=1899) to work on /opt/airflow/dags/Code explanation.xlsx
[2025-04-27T21:02:49.508+0000] {processor.py:830} INFO - Processing file /opt/airflow/dags/Code explanation.xlsx for tasks to queue
[2025-04-27T21:02:49.509+0000] {logging_mixin.py:188} INFO - [2025-04-27T21:02:49.509+0000] {dagbag.py:538} INFO - Filling up the DagBag from /opt/airflow/dags/Code explanation.xlsx
[2025-04-27T21:02:49.524+0000] {processor.py:842} WARNING - No viable dags retrieved from /opt/airflow/dags/Code explanation.xlsx
[2025-04-27T21:02:49.539+0000] {processor.py:183} INFO - Processing /opt/airflow/dags/Code explanation.xlsx took 0.036 seconds
[2025-04-27T21:03:20.048+0000] {processor.py:161} INFO - Started process (PID=1943) to work on /opt/airflow/dags/Code explanation.xlsx
[2025-04-27T21:03:20.050+0000] {processor.py:830} INFO - Processing file /opt/airflow/dags/Code explanation.xlsx for tasks to queue
[2025-04-27T21:03:20.052+0000] {logging_mixin.py:188} INFO - [2025-04-27T21:03:20.051+0000] {dagbag.py:538} INFO - Filling up the DagBag from /opt/airflow/dags/Code explanation.xlsx
[2025-04-27T21:03:20.072+0000] {processor.py:842} WARNING - No viable dags retrieved from /opt/airflow/dags/Code explanation.xlsx
[2025-04-27T21:03:20.089+0000] {processor.py:183} INFO - Processing /opt/airflow/dags/Code explanation.xlsx took 0.046 seconds
[2025-04-27T21:03:50.631+0000] {processor.py:161} INFO - Started process (PID=1987) to work on /opt/airflow/dags/Code explanation.xlsx
[2025-04-27T21:03:50.632+0000] {processor.py:830} INFO - Processing file /opt/airflow/dags/Code explanation.xlsx for tasks to queue
[2025-04-27T21:03:50.633+0000] {logging_mixin.py:188} INFO - [2025-04-27T21:03:50.633+0000] {dagbag.py:538} INFO - Filling up the DagBag from /opt/airflow/dags/Code explanation.xlsx
[2025-04-27T21:03:50.648+0000] {processor.py:842} WARNING - No viable dags retrieved from /opt/airflow/dags/Code explanation.xlsx
[2025-04-27T21:03:50.662+0000] {processor.py:183} INFO - Processing /opt/airflow/dags/Code explanation.xlsx took 0.034 seconds
[2025-04-27T21:04:21.026+0000] {processor.py:161} INFO - Started process (PID=2028) to work on /opt/airflow/dags/Code explanation.xlsx
[2025-04-27T21:04:21.028+0000] {processor.py:830} INFO - Processing file /opt/airflow/dags/Code explanation.xlsx for tasks to queue
[2025-04-27T21:04:21.029+0000] {logging_mixin.py:188} INFO - [2025-04-27T21:04:21.029+0000] {dagbag.py:538} INFO - Filling up the DagBag from /opt/airflow/dags/Code explanation.xlsx
[2025-04-27T21:04:21.039+0000] {processor.py:842} WARNING - No viable dags retrieved from /opt/airflow/dags/Code explanation.xlsx
[2025-04-27T21:04:21.054+0000] {processor.py:183} INFO - Processing /opt/airflow/dags/Code explanation.xlsx took 0.032 seconds
[2025-04-27T21:04:51.661+0000] {processor.py:161} INFO - Started process (PID=2071) to work on /opt/airflow/dags/Code explanation.xlsx
[2025-04-27T21:04:51.663+0000] {processor.py:830} INFO - Processing file /opt/airflow/dags/Code explanation.xlsx for tasks to queue
[2025-04-27T21:04:51.665+0000] {logging_mixin.py:188} INFO - [2025-04-27T21:04:51.664+0000] {dagbag.py:538} INFO - Filling up the DagBag from /opt/airflow/dags/Code explanation.xlsx
[2025-04-27T21:04:51.690+0000] {processor.py:842} WARNING - No viable dags retrieved from /opt/airflow/dags/Code explanation.xlsx
[2025-04-27T21:04:51.715+0000] {processor.py:183} INFO - Processing /opt/airflow/dags/Code explanation.xlsx took 0.058 seconds
[2025-04-27T21:05:22.324+0000] {processor.py:161} INFO - Started process (PID=2116) to work on /opt/airflow/dags/Code explanation.xlsx
[2025-04-27T21:05:22.325+0000] {processor.py:830} INFO - Processing file /opt/airflow/dags/Code explanation.xlsx for tasks to queue
[2025-04-27T21:05:22.326+0000] {logging_mixin.py:188} INFO - [2025-04-27T21:05:22.325+0000] {dagbag.py:538} INFO - Filling up the DagBag from /opt/airflow/dags/Code explanation.xlsx
[2025-04-27T21:05:22.338+0000] {processor.py:842} WARNING - No viable dags retrieved from /opt/airflow/dags/Code explanation.xlsx
[2025-04-27T21:05:22.354+0000] {processor.py:183} INFO - Processing /opt/airflow/dags/Code explanation.xlsx took 0.034 seconds
[2025-04-27T21:05:52.715+0000] {processor.py:161} INFO - Started process (PID=2157) to work on /opt/airflow/dags/Code explanation.xlsx
[2025-04-27T21:05:52.716+0000] {processor.py:830} INFO - Processing file /opt/airflow/dags/Code explanation.xlsx for tasks to queue
[2025-04-27T21:05:52.717+0000] {logging_mixin.py:188} INFO - [2025-04-27T21:05:52.717+0000] {dagbag.py:538} INFO - Filling up the DagBag from /opt/airflow/dags/Code explanation.xlsx
[2025-04-27T21:05:52.730+0000] {processor.py:842} WARNING - No viable dags retrieved from /opt/airflow/dags/Code explanation.xlsx
[2025-04-27T21:05:52.746+0000] {processor.py:183} INFO - Processing /opt/airflow/dags/Code explanation.xlsx took 0.033 seconds
[2025-04-27T21:06:23.438+0000] {processor.py:161} INFO - Started process (PID=2202) to work on /opt/airflow/dags/Code explanation.xlsx
[2025-04-27T21:06:23.439+0000] {processor.py:830} INFO - Processing file /opt/airflow/dags/Code explanation.xlsx for tasks to queue
[2025-04-27T21:06:23.440+0000] {logging_mixin.py:188} INFO - [2025-04-27T21:06:23.440+0000] {dagbag.py:538} INFO - Filling up the DagBag from /opt/airflow/dags/Code explanation.xlsx
[2025-04-27T21:06:23.447+0000] {processor.py:842} WARNING - No viable dags retrieved from /opt/airflow/dags/Code explanation.xlsx
[2025-04-27T21:06:23.460+0000] {processor.py:183} INFO - Processing /opt/airflow/dags/Code explanation.xlsx took 0.024 seconds
[2025-04-27T21:06:53.995+0000] {processor.py:161} INFO - Started process (PID=2245) to work on /opt/airflow/dags/Code explanation.xlsx
[2025-04-27T21:06:53.996+0000] {processor.py:830} INFO - Processing file /opt/airflow/dags/Code explanation.xlsx for tasks to queue
[2025-04-27T21:06:53.997+0000] {logging_mixin.py:188} INFO - [2025-04-27T21:06:53.996+0000] {dagbag.py:538} INFO - Filling up the DagBag from /opt/airflow/dags/Code explanation.xlsx
[2025-04-27T21:06:54.006+0000] {processor.py:842} WARNING - No viable dags retrieved from /opt/airflow/dags/Code explanation.xlsx
[2025-04-27T21:06:54.020+0000] {processor.py:183} INFO - Processing /opt/airflow/dags/Code explanation.xlsx took 0.028 seconds
[2025-04-27T21:07:24.831+0000] {processor.py:161} INFO - Started process (PID=2286) to work on /opt/airflow/dags/Code explanation.xlsx
[2025-04-27T21:07:24.832+0000] {processor.py:830} INFO - Processing file /opt/airflow/dags/Code explanation.xlsx for tasks to queue
[2025-04-27T21:07:24.833+0000] {logging_mixin.py:188} INFO - [2025-04-27T21:07:24.833+0000] {dagbag.py:538} INFO - Filling up the DagBag from /opt/airflow/dags/Code explanation.xlsx
[2025-04-27T21:07:24.850+0000] {processor.py:842} WARNING - No viable dags retrieved from /opt/airflow/dags/Code explanation.xlsx
[2025-04-27T21:07:24.871+0000] {processor.py:183} INFO - Processing /opt/airflow/dags/Code explanation.xlsx took 0.043 seconds
[2025-04-27T21:07:55.395+0000] {processor.py:161} INFO - Started process (PID=2331) to work on /opt/airflow/dags/Code explanation.xlsx
[2025-04-27T21:07:55.396+0000] {processor.py:830} INFO - Processing file /opt/airflow/dags/Code explanation.xlsx for tasks to queue
[2025-04-27T21:07:55.397+0000] {logging_mixin.py:188} INFO - [2025-04-27T21:07:55.396+0000] {dagbag.py:538} INFO - Filling up the DagBag from /opt/airflow/dags/Code explanation.xlsx
[2025-04-27T21:07:55.411+0000] {processor.py:842} WARNING - No viable dags retrieved from /opt/airflow/dags/Code explanation.xlsx
[2025-04-27T21:07:55.429+0000] {processor.py:183} INFO - Processing /opt/airflow/dags/Code explanation.xlsx took 0.037 seconds
[2025-04-27T21:08:25.827+0000] {processor.py:161} INFO - Started process (PID=2374) to work on /opt/airflow/dags/Code explanation.xlsx
[2025-04-27T21:08:25.828+0000] {processor.py:830} INFO - Processing file /opt/airflow/dags/Code explanation.xlsx for tasks to queue
[2025-04-27T21:08:25.829+0000] {logging_mixin.py:188} INFO - [2025-04-27T21:08:25.829+0000] {dagbag.py:538} INFO - Filling up the DagBag from /opt/airflow/dags/Code explanation.xlsx
[2025-04-27T21:08:25.839+0000] {processor.py:842} WARNING - No viable dags retrieved from /opt/airflow/dags/Code explanation.xlsx
[2025-04-27T21:08:25.854+0000] {processor.py:183} INFO - Processing /opt/airflow/dags/Code explanation.xlsx took 0.030 seconds
[2025-04-27T21:08:56.216+0000] {processor.py:161} INFO - Started process (PID=2415) to work on /opt/airflow/dags/Code explanation.xlsx
[2025-04-27T21:08:56.217+0000] {processor.py:830} INFO - Processing file /opt/airflow/dags/Code explanation.xlsx for tasks to queue
[2025-04-27T21:08:56.218+0000] {logging_mixin.py:188} INFO - [2025-04-27T21:08:56.218+0000] {dagbag.py:538} INFO - Filling up the DagBag from /opt/airflow/dags/Code explanation.xlsx
[2025-04-27T21:08:56.231+0000] {processor.py:842} WARNING - No viable dags retrieved from /opt/airflow/dags/Code explanation.xlsx
[2025-04-27T21:08:56.246+0000] {processor.py:183} INFO - Processing /opt/airflow/dags/Code explanation.xlsx took 0.033 seconds
[2025-04-27T21:17:35.016+0000] {processor.py:161} INFO - Started process (PID=2470) to work on /opt/airflow/dags/Code explanation.xlsx
[2025-04-27T21:17:35.019+0000] {processor.py:830} INFO - Processing file /opt/airflow/dags/Code explanation.xlsx for tasks to queue
[2025-04-27T21:17:35.021+0000] {logging_mixin.py:188} INFO - [2025-04-27T21:17:35.020+0000] {dagbag.py:538} INFO - Filling up the DagBag from /opt/airflow/dags/Code explanation.xlsx
[2025-04-27T21:17:35.056+0000] {processor.py:842} WARNING - No viable dags retrieved from /opt/airflow/dags/Code explanation.xlsx
[2025-04-27T21:17:35.086+0000] {processor.py:183} INFO - Processing /opt/airflow/dags/Code explanation.xlsx took 0.073 seconds
[2025-04-27T21:18:05.599+0000] {processor.py:161} INFO - Started process (PID=2508) to work on /opt/airflow/dags/Code explanation.xlsx
[2025-04-27T21:18:05.601+0000] {processor.py:830} INFO - Processing file /opt/airflow/dags/Code explanation.xlsx for tasks to queue
[2025-04-27T21:18:05.603+0000] {logging_mixin.py:188} INFO - [2025-04-27T21:18:05.602+0000] {dagbag.py:538} INFO - Filling up the DagBag from /opt/airflow/dags/Code explanation.xlsx
[2025-04-27T21:18:05.631+0000] {processor.py:842} WARNING - No viable dags retrieved from /opt/airflow/dags/Code explanation.xlsx
[2025-04-27T21:18:05.655+0000] {processor.py:183} INFO - Processing /opt/airflow/dags/Code explanation.xlsx took 0.061 seconds
[2025-04-27T21:18:36.166+0000] {processor.py:161} INFO - Started process (PID=2551) to work on /opt/airflow/dags/Code explanation.xlsx
[2025-04-27T21:18:36.167+0000] {processor.py:830} INFO - Processing file /opt/airflow/dags/Code explanation.xlsx for tasks to queue
[2025-04-27T21:18:36.169+0000] {logging_mixin.py:188} INFO - [2025-04-27T21:18:36.168+0000] {dagbag.py:538} INFO - Filling up the DagBag from /opt/airflow/dags/Code explanation.xlsx
[2025-04-27T21:18:36.182+0000] {processor.py:842} WARNING - No viable dags retrieved from /opt/airflow/dags/Code explanation.xlsx
[2025-04-27T21:18:36.200+0000] {processor.py:183} INFO - Processing /opt/airflow/dags/Code explanation.xlsx took 0.036 seconds
[2025-04-27T21:19:06.957+0000] {processor.py:161} INFO - Started process (PID=2594) to work on /opt/airflow/dags/Code explanation.xlsx
[2025-04-27T21:19:06.958+0000] {processor.py:830} INFO - Processing file /opt/airflow/dags/Code explanation.xlsx for tasks to queue
[2025-04-27T21:19:06.959+0000] {logging_mixin.py:188} INFO - [2025-04-27T21:19:06.959+0000] {dagbag.py:538} INFO - Filling up the DagBag from /opt/airflow/dags/Code explanation.xlsx
[2025-04-27T21:19:06.970+0000] {processor.py:842} WARNING - No viable dags retrieved from /opt/airflow/dags/Code explanation.xlsx
[2025-04-27T21:19:06.996+0000] {processor.py:183} INFO - Processing /opt/airflow/dags/Code explanation.xlsx took 0.041 seconds
[2025-04-27T21:19:37.471+0000] {processor.py:161} INFO - Started process (PID=2637) to work on /opt/airflow/dags/Code explanation.xlsx
[2025-04-27T21:19:37.472+0000] {processor.py:830} INFO - Processing file /opt/airflow/dags/Code explanation.xlsx for tasks to queue
[2025-04-27T21:19:37.473+0000] {logging_mixin.py:188} INFO - [2025-04-27T21:19:37.473+0000] {dagbag.py:538} INFO - Filling up the DagBag from /opt/airflow/dags/Code explanation.xlsx
[2025-04-27T21:19:37.483+0000] {processor.py:842} WARNING - No viable dags retrieved from /opt/airflow/dags/Code explanation.xlsx
[2025-04-27T21:19:37.498+0000] {processor.py:183} INFO - Processing /opt/airflow/dags/Code explanation.xlsx took 0.029 seconds
[2025-04-27T21:20:07.740+0000] {processor.py:161} INFO - Started process (PID=2680) to work on /opt/airflow/dags/Code explanation.xlsx
[2025-04-27T21:20:07.741+0000] {processor.py:830} INFO - Processing file /opt/airflow/dags/Code explanation.xlsx for tasks to queue
[2025-04-27T21:20:07.742+0000] {logging_mixin.py:188} INFO - [2025-04-27T21:20:07.742+0000] {dagbag.py:538} INFO - Filling up the DagBag from /opt/airflow/dags/Code explanation.xlsx
[2025-04-27T21:20:07.752+0000] {processor.py:842} WARNING - No viable dags retrieved from /opt/airflow/dags/Code explanation.xlsx
[2025-04-27T21:20:07.766+0000] {processor.py:183} INFO - Processing /opt/airflow/dags/Code explanation.xlsx took 0.029 seconds
[2025-04-27T21:20:38.295+0000] {processor.py:161} INFO - Started process (PID=2723) to work on /opt/airflow/dags/Code explanation.xlsx
[2025-04-27T21:20:38.296+0000] {processor.py:830} INFO - Processing file /opt/airflow/dags/Code explanation.xlsx for tasks to queue
[2025-04-27T21:20:38.297+0000] {logging_mixin.py:188} INFO - [2025-04-27T21:20:38.296+0000] {dagbag.py:538} INFO - Filling up the DagBag from /opt/airflow/dags/Code explanation.xlsx
[2025-04-27T21:20:38.308+0000] {processor.py:842} WARNING - No viable dags retrieved from /opt/airflow/dags/Code explanation.xlsx
[2025-04-27T21:20:38.322+0000] {processor.py:183} INFO - Processing /opt/airflow/dags/Code explanation.xlsx took 0.030 seconds
[2025-04-27T21:21:08.785+0000] {processor.py:161} INFO - Started process (PID=2766) to work on /opt/airflow/dags/Code explanation.xlsx
[2025-04-27T21:21:08.788+0000] {processor.py:830} INFO - Processing file /opt/airflow/dags/Code explanation.xlsx for tasks to queue
[2025-04-27T21:21:08.790+0000] {logging_mixin.py:188} INFO - [2025-04-27T21:21:08.790+0000] {dagbag.py:538} INFO - Filling up the DagBag from /opt/airflow/dags/Code explanation.xlsx
[2025-04-27T21:21:08.807+0000] {processor.py:842} WARNING - No viable dags retrieved from /opt/airflow/dags/Code explanation.xlsx
[2025-04-27T21:21:08.823+0000] {processor.py:183} INFO - Processing /opt/airflow/dags/Code explanation.xlsx took 0.041 seconds
[2025-04-27T21:21:39.054+0000] {processor.py:161} INFO - Started process (PID=2809) to work on /opt/airflow/dags/Code explanation.xlsx
[2025-04-27T21:21:39.055+0000] {processor.py:830} INFO - Processing file /opt/airflow/dags/Code explanation.xlsx for tasks to queue
[2025-04-27T21:21:39.056+0000] {logging_mixin.py:188} INFO - [2025-04-27T21:21:39.056+0000] {dagbag.py:538} INFO - Filling up the DagBag from /opt/airflow/dags/Code explanation.xlsx
[2025-04-27T21:21:39.066+0000] {processor.py:842} WARNING - No viable dags retrieved from /opt/airflow/dags/Code explanation.xlsx
[2025-04-27T21:21:39.080+0000] {processor.py:183} INFO - Processing /opt/airflow/dags/Code explanation.xlsx took 0.028 seconds
[2025-04-27T21:22:09.428+0000] {processor.py:161} INFO - Started process (PID=2852) to work on /opt/airflow/dags/Code explanation.xlsx
[2025-04-27T21:22:09.429+0000] {processor.py:830} INFO - Processing file /opt/airflow/dags/Code explanation.xlsx for tasks to queue
[2025-04-27T21:22:09.429+0000] {logging_mixin.py:188} INFO - [2025-04-27T21:22:09.429+0000] {dagbag.py:538} INFO - Filling up the DagBag from /opt/airflow/dags/Code explanation.xlsx
[2025-04-27T21:22:09.440+0000] {processor.py:842} WARNING - No viable dags retrieved from /opt/airflow/dags/Code explanation.xlsx
[2025-04-27T21:22:09.453+0000] {processor.py:183} INFO - Processing /opt/airflow/dags/Code explanation.xlsx took 0.027 seconds
[2025-04-27T21:22:40.311+0000] {processor.py:161} INFO - Started process (PID=2895) to work on /opt/airflow/dags/Code explanation.xlsx
[2025-04-27T21:22:40.312+0000] {processor.py:830} INFO - Processing file /opt/airflow/dags/Code explanation.xlsx for tasks to queue
[2025-04-27T21:22:40.313+0000] {logging_mixin.py:188} INFO - [2025-04-27T21:22:40.313+0000] {dagbag.py:538} INFO - Filling up the DagBag from /opt/airflow/dags/Code explanation.xlsx
[2025-04-27T21:22:40.324+0000] {processor.py:842} WARNING - No viable dags retrieved from /opt/airflow/dags/Code explanation.xlsx
[2025-04-27T21:22:40.337+0000] {processor.py:183} INFO - Processing /opt/airflow/dags/Code explanation.xlsx took 0.028 seconds
[2025-04-27T21:23:11.011+0000] {processor.py:161} INFO - Started process (PID=2938) to work on /opt/airflow/dags/Code explanation.xlsx
[2025-04-27T21:23:11.012+0000] {processor.py:830} INFO - Processing file /opt/airflow/dags/Code explanation.xlsx for tasks to queue
[2025-04-27T21:23:11.013+0000] {logging_mixin.py:188} INFO - [2025-04-27T21:23:11.013+0000] {dagbag.py:538} INFO - Filling up the DagBag from /opt/airflow/dags/Code explanation.xlsx
[2025-04-27T21:23:11.027+0000] {processor.py:842} WARNING - No viable dags retrieved from /opt/airflow/dags/Code explanation.xlsx
[2025-04-27T21:23:11.055+0000] {processor.py:183} INFO - Processing /opt/airflow/dags/Code explanation.xlsx took 0.049 seconds
[2025-04-27T21:23:41.332+0000] {processor.py:161} INFO - Started process (PID=2978) to work on /opt/airflow/dags/Code explanation.xlsx
[2025-04-27T21:23:41.334+0000] {processor.py:830} INFO - Processing file /opt/airflow/dags/Code explanation.xlsx for tasks to queue
[2025-04-27T21:23:41.336+0000] {logging_mixin.py:188} INFO - [2025-04-27T21:23:41.335+0000] {dagbag.py:538} INFO - Filling up the DagBag from /opt/airflow/dags/Code explanation.xlsx
[2025-04-27T21:23:41.348+0000] {processor.py:842} WARNING - No viable dags retrieved from /opt/airflow/dags/Code explanation.xlsx
[2025-04-27T21:23:41.374+0000] {processor.py:183} INFO - Processing /opt/airflow/dags/Code explanation.xlsx took 0.045 seconds
[2025-04-27T21:24:11.793+0000] {processor.py:161} INFO - Started process (PID=3024) to work on /opt/airflow/dags/Code explanation.xlsx
[2025-04-27T21:24:11.794+0000] {processor.py:830} INFO - Processing file /opt/airflow/dags/Code explanation.xlsx for tasks to queue
[2025-04-27T21:24:11.795+0000] {logging_mixin.py:188} INFO - [2025-04-27T21:24:11.795+0000] {dagbag.py:538} INFO - Filling up the DagBag from /opt/airflow/dags/Code explanation.xlsx
[2025-04-27T21:24:11.806+0000] {processor.py:842} WARNING - No viable dags retrieved from /opt/airflow/dags/Code explanation.xlsx
[2025-04-27T21:24:11.821+0000] {processor.py:183} INFO - Processing /opt/airflow/dags/Code explanation.xlsx took 0.030 seconds
[2025-04-27T21:24:42.199+0000] {processor.py:161} INFO - Started process (PID=3067) to work on /opt/airflow/dags/Code explanation.xlsx
[2025-04-27T21:24:42.200+0000] {processor.py:830} INFO - Processing file /opt/airflow/dags/Code explanation.xlsx for tasks to queue
[2025-04-27T21:24:42.202+0000] {logging_mixin.py:188} INFO - [2025-04-27T21:24:42.202+0000] {dagbag.py:538} INFO - Filling up the DagBag from /opt/airflow/dags/Code explanation.xlsx
[2025-04-27T21:24:42.215+0000] {processor.py:842} WARNING - No viable dags retrieved from /opt/airflow/dags/Code explanation.xlsx
[2025-04-27T21:24:42.236+0000] {processor.py:183} INFO - Processing /opt/airflow/dags/Code explanation.xlsx took 0.040 seconds
[2025-04-27T21:25:13.042+0000] {processor.py:161} INFO - Started process (PID=3110) to work on /opt/airflow/dags/Code explanation.xlsx
[2025-04-27T21:25:13.044+0000] {processor.py:830} INFO - Processing file /opt/airflow/dags/Code explanation.xlsx for tasks to queue
[2025-04-27T21:25:13.047+0000] {logging_mixin.py:188} INFO - [2025-04-27T21:25:13.046+0000] {dagbag.py:538} INFO - Filling up the DagBag from /opt/airflow/dags/Code explanation.xlsx
[2025-04-27T21:25:13.083+0000] {processor.py:842} WARNING - No viable dags retrieved from /opt/airflow/dags/Code explanation.xlsx
[2025-04-27T21:25:13.131+0000] {processor.py:183} INFO - Processing /opt/airflow/dags/Code explanation.xlsx took 0.099 seconds
[2025-04-27T21:25:43.289+0000] {processor.py:161} INFO - Started process (PID=3150) to work on /opt/airflow/dags/Code explanation.xlsx
[2025-04-27T21:25:43.291+0000] {processor.py:830} INFO - Processing file /opt/airflow/dags/Code explanation.xlsx for tasks to queue
[2025-04-27T21:25:43.294+0000] {logging_mixin.py:188} INFO - [2025-04-27T21:25:43.293+0000] {dagbag.py:538} INFO - Filling up the DagBag from /opt/airflow/dags/Code explanation.xlsx
[2025-04-27T21:25:43.309+0000] {processor.py:842} WARNING - No viable dags retrieved from /opt/airflow/dags/Code explanation.xlsx
[2025-04-27T21:25:43.330+0000] {processor.py:183} INFO - Processing /opt/airflow/dags/Code explanation.xlsx took 0.044 seconds
[2025-04-27T21:26:13.967+0000] {processor.py:161} INFO - Started process (PID=3191) to work on /opt/airflow/dags/Code explanation.xlsx
[2025-04-27T21:26:13.968+0000] {processor.py:830} INFO - Processing file /opt/airflow/dags/Code explanation.xlsx for tasks to queue
[2025-04-27T21:26:13.969+0000] {logging_mixin.py:188} INFO - [2025-04-27T21:26:13.969+0000] {dagbag.py:538} INFO - Filling up the DagBag from /opt/airflow/dags/Code explanation.xlsx
[2025-04-27T21:26:13.994+0000] {processor.py:842} WARNING - No viable dags retrieved from /opt/airflow/dags/Code explanation.xlsx
[2025-04-27T21:26:14.016+0000] {processor.py:183} INFO - Processing /opt/airflow/dags/Code explanation.xlsx took 0.053 seconds
[2025-04-27T21:26:44.574+0000] {processor.py:161} INFO - Started process (PID=3236) to work on /opt/airflow/dags/Code explanation.xlsx
[2025-04-27T21:26:44.575+0000] {processor.py:830} INFO - Processing file /opt/airflow/dags/Code explanation.xlsx for tasks to queue
[2025-04-27T21:26:44.576+0000] {logging_mixin.py:188} INFO - [2025-04-27T21:26:44.576+0000] {dagbag.py:538} INFO - Filling up the DagBag from /opt/airflow/dags/Code explanation.xlsx
[2025-04-27T21:26:44.592+0000] {processor.py:842} WARNING - No viable dags retrieved from /opt/airflow/dags/Code explanation.xlsx
[2025-04-27T21:26:44.631+0000] {processor.py:183} INFO - Processing /opt/airflow/dags/Code explanation.xlsx took 0.060 seconds
[2025-04-27T21:27:15.122+0000] {processor.py:161} INFO - Started process (PID=3277) to work on /opt/airflow/dags/Code explanation.xlsx
[2025-04-27T21:27:15.123+0000] {processor.py:830} INFO - Processing file /opt/airflow/dags/Code explanation.xlsx for tasks to queue
[2025-04-27T21:27:15.124+0000] {logging_mixin.py:188} INFO - [2025-04-27T21:27:15.123+0000] {dagbag.py:538} INFO - Filling up the DagBag from /opt/airflow/dags/Code explanation.xlsx
[2025-04-27T21:27:15.140+0000] {processor.py:842} WARNING - No viable dags retrieved from /opt/airflow/dags/Code explanation.xlsx
[2025-04-27T21:27:15.156+0000] {processor.py:183} INFO - Processing /opt/airflow/dags/Code explanation.xlsx took 0.037 seconds
[2025-04-27T21:27:45.715+0000] {processor.py:161} INFO - Started process (PID=3327) to work on /opt/airflow/dags/Code explanation.xlsx
[2025-04-27T21:27:45.717+0000] {processor.py:830} INFO - Processing file /opt/airflow/dags/Code explanation.xlsx for tasks to queue
[2025-04-27T21:27:45.719+0000] {logging_mixin.py:188} INFO - [2025-04-27T21:27:45.719+0000] {dagbag.py:538} INFO - Filling up the DagBag from /opt/airflow/dags/Code explanation.xlsx
[2025-04-27T21:27:45.739+0000] {processor.py:842} WARNING - No viable dags retrieved from /opt/airflow/dags/Code explanation.xlsx
[2025-04-27T21:27:45.766+0000] {processor.py:183} INFO - Processing /opt/airflow/dags/Code explanation.xlsx took 0.057 seconds
[2025-04-27T21:28:16.053+0000] {processor.py:161} INFO - Started process (PID=3368) to work on /opt/airflow/dags/Code explanation.xlsx
[2025-04-27T21:28:16.055+0000] {processor.py:830} INFO - Processing file /opt/airflow/dags/Code explanation.xlsx for tasks to queue
[2025-04-27T21:28:16.057+0000] {logging_mixin.py:188} INFO - [2025-04-27T21:28:16.057+0000] {dagbag.py:538} INFO - Filling up the DagBag from /opt/airflow/dags/Code explanation.xlsx
[2025-04-27T21:28:16.073+0000] {processor.py:842} WARNING - No viable dags retrieved from /opt/airflow/dags/Code explanation.xlsx
[2025-04-27T21:28:16.095+0000] {processor.py:183} INFO - Processing /opt/airflow/dags/Code explanation.xlsx took 0.046 seconds
[2025-04-27T21:28:46.987+0000] {processor.py:161} INFO - Started process (PID=3411) to work on /opt/airflow/dags/Code explanation.xlsx
[2025-04-27T21:28:46.988+0000] {processor.py:830} INFO - Processing file /opt/airflow/dags/Code explanation.xlsx for tasks to queue
[2025-04-27T21:28:46.990+0000] {logging_mixin.py:188} INFO - [2025-04-27T21:28:46.989+0000] {dagbag.py:538} INFO - Filling up the DagBag from /opt/airflow/dags/Code explanation.xlsx
[2025-04-27T21:28:47.012+0000] {processor.py:842} WARNING - No viable dags retrieved from /opt/airflow/dags/Code explanation.xlsx
[2025-04-27T21:28:47.047+0000] {processor.py:183} INFO - Processing /opt/airflow/dags/Code explanation.xlsx took 0.063 seconds
[2025-04-27T21:29:17.807+0000] {processor.py:161} INFO - Started process (PID=3454) to work on /opt/airflow/dags/Code explanation.xlsx
[2025-04-27T21:29:17.809+0000] {processor.py:830} INFO - Processing file /opt/airflow/dags/Code explanation.xlsx for tasks to queue
[2025-04-27T21:29:17.811+0000] {logging_mixin.py:188} INFO - [2025-04-27T21:29:17.810+0000] {dagbag.py:538} INFO - Filling up the DagBag from /opt/airflow/dags/Code explanation.xlsx
[2025-04-27T21:29:17.830+0000] {processor.py:842} WARNING - No viable dags retrieved from /opt/airflow/dags/Code explanation.xlsx
[2025-04-27T21:29:17.852+0000] {processor.py:183} INFO - Processing /opt/airflow/dags/Code explanation.xlsx took 0.049 seconds
[2025-04-27T21:29:48.380+0000] {processor.py:161} INFO - Started process (PID=3499) to work on /opt/airflow/dags/Code explanation.xlsx
[2025-04-27T21:29:48.381+0000] {processor.py:830} INFO - Processing file /opt/airflow/dags/Code explanation.xlsx for tasks to queue
[2025-04-27T21:29:48.382+0000] {logging_mixin.py:188} INFO - [2025-04-27T21:29:48.382+0000] {dagbag.py:538} INFO - Filling up the DagBag from /opt/airflow/dags/Code explanation.xlsx
[2025-04-27T21:29:48.401+0000] {processor.py:842} WARNING - No viable dags retrieved from /opt/airflow/dags/Code explanation.xlsx
[2025-04-27T21:29:48.421+0000] {processor.py:183} INFO - Processing /opt/airflow/dags/Code explanation.xlsx took 0.044 seconds
[2025-04-27T21:30:18.533+0000] {processor.py:161} INFO - Started process (PID=3540) to work on /opt/airflow/dags/Code explanation.xlsx
[2025-04-27T21:30:18.535+0000] {processor.py:830} INFO - Processing file /opt/airflow/dags/Code explanation.xlsx for tasks to queue
[2025-04-27T21:30:18.536+0000] {logging_mixin.py:188} INFO - [2025-04-27T21:30:18.535+0000] {dagbag.py:538} INFO - Filling up the DagBag from /opt/airflow/dags/Code explanation.xlsx
[2025-04-27T21:30:18.550+0000] {processor.py:842} WARNING - No viable dags retrieved from /opt/airflow/dags/Code explanation.xlsx
[2025-04-27T21:30:18.573+0000] {processor.py:183} INFO - Processing /opt/airflow/dags/Code explanation.xlsx took 0.043 seconds
[2025-04-27T21:30:48.954+0000] {processor.py:161} INFO - Started process (PID=3583) to work on /opt/airflow/dags/Code explanation.xlsx
[2025-04-27T21:30:48.956+0000] {processor.py:830} INFO - Processing file /opt/airflow/dags/Code explanation.xlsx for tasks to queue
[2025-04-27T21:30:48.957+0000] {logging_mixin.py:188} INFO - [2025-04-27T21:30:48.956+0000] {dagbag.py:538} INFO - Filling up the DagBag from /opt/airflow/dags/Code explanation.xlsx
[2025-04-27T21:30:48.973+0000] {processor.py:842} WARNING - No viable dags retrieved from /opt/airflow/dags/Code explanation.xlsx
[2025-04-27T21:30:48.995+0000] {processor.py:183} INFO - Processing /opt/airflow/dags/Code explanation.xlsx took 0.045 seconds
[2025-04-27T21:31:19.257+0000] {processor.py:161} INFO - Started process (PID=3623) to work on /opt/airflow/dags/Code explanation.xlsx
[2025-04-27T21:31:19.258+0000] {processor.py:830} INFO - Processing file /opt/airflow/dags/Code explanation.xlsx for tasks to queue
[2025-04-27T21:31:19.259+0000] {logging_mixin.py:188} INFO - [2025-04-27T21:31:19.258+0000] {dagbag.py:538} INFO - Filling up the DagBag from /opt/airflow/dags/Code explanation.xlsx
[2025-04-27T21:31:19.273+0000] {processor.py:842} WARNING - No viable dags retrieved from /opt/airflow/dags/Code explanation.xlsx
[2025-04-27T21:31:19.285+0000] {processor.py:183} INFO - Processing /opt/airflow/dags/Code explanation.xlsx took 0.032 seconds
[2025-04-27T21:31:49.691+0000] {processor.py:161} INFO - Started process (PID=3664) to work on /opt/airflow/dags/Code explanation.xlsx
[2025-04-27T21:31:49.693+0000] {processor.py:830} INFO - Processing file /opt/airflow/dags/Code explanation.xlsx for tasks to queue
[2025-04-27T21:31:49.694+0000] {logging_mixin.py:188} INFO - [2025-04-27T21:31:49.693+0000] {dagbag.py:538} INFO - Filling up the DagBag from /opt/airflow/dags/Code explanation.xlsx
[2025-04-27T21:31:49.706+0000] {processor.py:842} WARNING - No viable dags retrieved from /opt/airflow/dags/Code explanation.xlsx
[2025-04-27T21:31:49.720+0000] {processor.py:183} INFO - Processing /opt/airflow/dags/Code explanation.xlsx took 0.031 seconds
[2025-04-27T21:32:20.075+0000] {processor.py:161} INFO - Started process (PID=3709) to work on /opt/airflow/dags/Code explanation.xlsx
[2025-04-27T21:32:20.076+0000] {processor.py:830} INFO - Processing file /opt/airflow/dags/Code explanation.xlsx for tasks to queue
[2025-04-27T21:32:20.077+0000] {logging_mixin.py:188} INFO - [2025-04-27T21:32:20.077+0000] {dagbag.py:538} INFO - Filling up the DagBag from /opt/airflow/dags/Code explanation.xlsx
[2025-04-27T21:32:20.087+0000] {processor.py:842} WARNING - No viable dags retrieved from /opt/airflow/dags/Code explanation.xlsx
[2025-04-27T21:32:20.098+0000] {processor.py:183} INFO - Processing /opt/airflow/dags/Code explanation.xlsx took 0.026 seconds
[2025-04-27T21:32:51.267+0000] {processor.py:161} INFO - Started process (PID=3757) to work on /opt/airflow/dags/Code explanation.xlsx
[2025-04-27T21:32:51.269+0000] {processor.py:830} INFO - Processing file /opt/airflow/dags/Code explanation.xlsx for tasks to queue
[2025-04-27T21:32:51.270+0000] {logging_mixin.py:188} INFO - [2025-04-27T21:32:51.269+0000] {dagbag.py:538} INFO - Filling up the DagBag from /opt/airflow/dags/Code explanation.xlsx
[2025-04-27T21:32:51.279+0000] {processor.py:842} WARNING - No viable dags retrieved from /opt/airflow/dags/Code explanation.xlsx
[2025-04-27T21:32:51.291+0000] {processor.py:183} INFO - Processing /opt/airflow/dags/Code explanation.xlsx took 0.027 seconds
[2025-04-27T21:33:21.457+0000] {processor.py:161} INFO - Started process (PID=3798) to work on /opt/airflow/dags/Code explanation.xlsx
[2025-04-27T21:33:21.458+0000] {processor.py:830} INFO - Processing file /opt/airflow/dags/Code explanation.xlsx for tasks to queue
[2025-04-27T21:33:21.460+0000] {logging_mixin.py:188} INFO - [2025-04-27T21:33:21.459+0000] {dagbag.py:538} INFO - Filling up the DagBag from /opt/airflow/dags/Code explanation.xlsx
[2025-04-27T21:33:21.471+0000] {processor.py:842} WARNING - No viable dags retrieved from /opt/airflow/dags/Code explanation.xlsx
[2025-04-27T21:33:21.484+0000] {processor.py:183} INFO - Processing /opt/airflow/dags/Code explanation.xlsx took 0.029 seconds
[2025-04-27T21:33:51.693+0000] {processor.py:161} INFO - Started process (PID=3841) to work on /opt/airflow/dags/Code explanation.xlsx
[2025-04-27T21:33:51.694+0000] {processor.py:830} INFO - Processing file /opt/airflow/dags/Code explanation.xlsx for tasks to queue
[2025-04-27T21:33:51.696+0000] {logging_mixin.py:188} INFO - [2025-04-27T21:33:51.696+0000] {dagbag.py:538} INFO - Filling up the DagBag from /opt/airflow/dags/Code explanation.xlsx
[2025-04-27T21:33:51.711+0000] {processor.py:842} WARNING - No viable dags retrieved from /opt/airflow/dags/Code explanation.xlsx
[2025-04-27T21:33:51.729+0000] {processor.py:183} INFO - Processing /opt/airflow/dags/Code explanation.xlsx took 0.039 seconds
[2025-04-27T21:34:22.089+0000] {processor.py:161} INFO - Started process (PID=3884) to work on /opt/airflow/dags/Code explanation.xlsx
[2025-04-27T21:34:22.090+0000] {processor.py:830} INFO - Processing file /opt/airflow/dags/Code explanation.xlsx for tasks to queue
[2025-04-27T21:34:22.091+0000] {logging_mixin.py:188} INFO - [2025-04-27T21:34:22.090+0000] {dagbag.py:538} INFO - Filling up the DagBag from /opt/airflow/dags/Code explanation.xlsx
[2025-04-27T21:34:22.101+0000] {processor.py:842} WARNING - No viable dags retrieved from /opt/airflow/dags/Code explanation.xlsx
[2025-04-27T21:34:22.114+0000] {processor.py:183} INFO - Processing /opt/airflow/dags/Code explanation.xlsx took 0.028 seconds
[2025-04-27T21:34:52.366+0000] {processor.py:161} INFO - Started process (PID=3927) to work on /opt/airflow/dags/Code explanation.xlsx
[2025-04-27T21:34:52.367+0000] {processor.py:830} INFO - Processing file /opt/airflow/dags/Code explanation.xlsx for tasks to queue
[2025-04-27T21:34:52.369+0000] {logging_mixin.py:188} INFO - [2025-04-27T21:34:52.368+0000] {dagbag.py:538} INFO - Filling up the DagBag from /opt/airflow/dags/Code explanation.xlsx
[2025-04-27T21:34:52.382+0000] {processor.py:842} WARNING - No viable dags retrieved from /opt/airflow/dags/Code explanation.xlsx
[2025-04-27T21:34:52.394+0000] {processor.py:183} INFO - Processing /opt/airflow/dags/Code explanation.xlsx took 0.031 seconds
[2025-04-27T21:35:22.787+0000] {processor.py:161} INFO - Started process (PID=3965) to work on /opt/airflow/dags/Code explanation.xlsx
[2025-04-27T21:35:22.788+0000] {processor.py:830} INFO - Processing file /opt/airflow/dags/Code explanation.xlsx for tasks to queue
[2025-04-27T21:35:22.789+0000] {logging_mixin.py:188} INFO - [2025-04-27T21:35:22.789+0000] {dagbag.py:538} INFO - Filling up the DagBag from /opt/airflow/dags/Code explanation.xlsx
[2025-04-27T21:35:22.802+0000] {processor.py:842} WARNING - No viable dags retrieved from /opt/airflow/dags/Code explanation.xlsx
[2025-04-27T21:35:22.818+0000] {processor.py:183} INFO - Processing /opt/airflow/dags/Code explanation.xlsx took 0.034 seconds
[2025-04-27T21:35:53.027+0000] {processor.py:161} INFO - Started process (PID=4008) to work on /opt/airflow/dags/Code explanation.xlsx
[2025-04-27T21:35:53.028+0000] {processor.py:830} INFO - Processing file /opt/airflow/dags/Code explanation.xlsx for tasks to queue
[2025-04-27T21:35:53.029+0000] {logging_mixin.py:188} INFO - [2025-04-27T21:35:53.028+0000] {dagbag.py:538} INFO - Filling up the DagBag from /opt/airflow/dags/Code explanation.xlsx
[2025-04-27T21:35:53.040+0000] {processor.py:842} WARNING - No viable dags retrieved from /opt/airflow/dags/Code explanation.xlsx
[2025-04-27T21:35:53.057+0000] {processor.py:183} INFO - Processing /opt/airflow/dags/Code explanation.xlsx took 0.033 seconds
[2025-04-27T21:36:23.236+0000] {processor.py:161} INFO - Started process (PID=4046) to work on /opt/airflow/dags/Code explanation.xlsx
[2025-04-27T21:36:23.237+0000] {processor.py:830} INFO - Processing file /opt/airflow/dags/Code explanation.xlsx for tasks to queue
[2025-04-27T21:36:23.238+0000] {logging_mixin.py:188} INFO - [2025-04-27T21:36:23.237+0000] {dagbag.py:538} INFO - Filling up the DagBag from /opt/airflow/dags/Code explanation.xlsx
[2025-04-27T21:36:23.248+0000] {processor.py:842} WARNING - No viable dags retrieved from /opt/airflow/dags/Code explanation.xlsx
[2025-04-27T21:36:23.266+0000] {processor.py:183} INFO - Processing /opt/airflow/dags/Code explanation.xlsx took 0.034 seconds
[2025-04-27T21:36:54.088+0000] {processor.py:161} INFO - Started process (PID=4101) to work on /opt/airflow/dags/Code explanation.xlsx
[2025-04-27T21:36:54.089+0000] {processor.py:830} INFO - Processing file /opt/airflow/dags/Code explanation.xlsx for tasks to queue
[2025-04-27T21:36:54.090+0000] {logging_mixin.py:188} INFO - [2025-04-27T21:36:54.090+0000] {dagbag.py:538} INFO - Filling up the DagBag from /opt/airflow/dags/Code explanation.xlsx
[2025-04-27T21:36:54.104+0000] {processor.py:842} WARNING - No viable dags retrieved from /opt/airflow/dags/Code explanation.xlsx
[2025-04-27T21:36:54.116+0000] {processor.py:183} INFO - Processing /opt/airflow/dags/Code explanation.xlsx took 0.031 seconds
[2025-04-27T21:37:24.443+0000] {processor.py:161} INFO - Started process (PID=4142) to work on /opt/airflow/dags/Code explanation.xlsx
[2025-04-27T21:37:24.444+0000] {processor.py:830} INFO - Processing file /opt/airflow/dags/Code explanation.xlsx for tasks to queue
[2025-04-27T21:37:24.445+0000] {logging_mixin.py:188} INFO - [2025-04-27T21:37:24.445+0000] {dagbag.py:538} INFO - Filling up the DagBag from /opt/airflow/dags/Code explanation.xlsx
[2025-04-27T21:37:24.456+0000] {processor.py:842} WARNING - No viable dags retrieved from /opt/airflow/dags/Code explanation.xlsx
[2025-04-27T21:37:24.471+0000] {processor.py:183} INFO - Processing /opt/airflow/dags/Code explanation.xlsx took 0.031 seconds
[2025-04-27T21:37:55.052+0000] {processor.py:161} INFO - Started process (PID=4187) to work on /opt/airflow/dags/Code explanation.xlsx
[2025-04-27T21:37:55.053+0000] {processor.py:830} INFO - Processing file /opt/airflow/dags/Code explanation.xlsx for tasks to queue
[2025-04-27T21:37:55.054+0000] {logging_mixin.py:188} INFO - [2025-04-27T21:37:55.053+0000] {dagbag.py:538} INFO - Filling up the DagBag from /opt/airflow/dags/Code explanation.xlsx
[2025-04-27T21:37:55.065+0000] {processor.py:842} WARNING - No viable dags retrieved from /opt/airflow/dags/Code explanation.xlsx
[2025-04-27T21:37:55.079+0000] {processor.py:183} INFO - Processing /opt/airflow/dags/Code explanation.xlsx took 0.029 seconds
[2025-04-27T21:38:27.475+0000] {processor.py:161} INFO - Started process (PID=4228) to work on /opt/airflow/dags/Code explanation.xlsx
[2025-04-27T21:38:27.482+0000] {processor.py:830} INFO - Processing file /opt/airflow/dags/Code explanation.xlsx for tasks to queue
[2025-04-27T21:38:27.485+0000] {logging_mixin.py:188} INFO - [2025-04-27T21:38:27.484+0000] {dagbag.py:538} INFO - Filling up the DagBag from /opt/airflow/dags/Code explanation.xlsx
[2025-04-27T21:38:27.512+0000] {processor.py:842} WARNING - No viable dags retrieved from /opt/airflow/dags/Code explanation.xlsx
[2025-04-27T21:38:27.551+0000] {processor.py:183} INFO - Processing /opt/airflow/dags/Code explanation.xlsx took 0.082 seconds
[2025-04-27T21:41:11.115+0000] {processor.py:161} INFO - Started process (PID=4260) to work on /opt/airflow/dags/Code explanation.xlsx
[2025-04-27T21:41:11.116+0000] {processor.py:830} INFO - Processing file /opt/airflow/dags/Code explanation.xlsx for tasks to queue
[2025-04-27T21:41:11.122+0000] {logging_mixin.py:188} INFO - [2025-04-27T21:41:11.121+0000] {dagbag.py:538} INFO - Filling up the DagBag from /opt/airflow/dags/Code explanation.xlsx
[2025-04-27T21:41:11.148+0000] {processor.py:842} WARNING - No viable dags retrieved from /opt/airflow/dags/Code explanation.xlsx
[2025-04-27T21:41:11.186+0000] {processor.py:183} INFO - Processing /opt/airflow/dags/Code explanation.xlsx took 0.078 seconds
[2025-04-27T21:41:41.594+0000] {processor.py:161} INFO - Started process (PID=4298) to work on /opt/airflow/dags/Code explanation.xlsx
[2025-04-27T21:41:41.595+0000] {processor.py:830} INFO - Processing file /opt/airflow/dags/Code explanation.xlsx for tasks to queue
[2025-04-27T21:41:41.597+0000] {logging_mixin.py:188} INFO - [2025-04-27T21:41:41.597+0000] {dagbag.py:538} INFO - Filling up the DagBag from /opt/airflow/dags/Code explanation.xlsx
[2025-04-27T21:41:41.611+0000] {processor.py:842} WARNING - No viable dags retrieved from /opt/airflow/dags/Code explanation.xlsx
[2025-04-27T21:41:41.635+0000] {processor.py:183} INFO - Processing /opt/airflow/dags/Code explanation.xlsx took 0.046 seconds
[2025-04-27T21:42:11.843+0000] {processor.py:161} INFO - Started process (PID=4338) to work on /opt/airflow/dags/Code explanation.xlsx
[2025-04-27T21:42:11.845+0000] {processor.py:830} INFO - Processing file /opt/airflow/dags/Code explanation.xlsx for tasks to queue
[2025-04-27T21:42:11.847+0000] {logging_mixin.py:188} INFO - [2025-04-27T21:42:11.846+0000] {dagbag.py:538} INFO - Filling up the DagBag from /opt/airflow/dags/Code explanation.xlsx
[2025-04-27T21:42:11.865+0000] {processor.py:842} WARNING - No viable dags retrieved from /opt/airflow/dags/Code explanation.xlsx
[2025-04-27T21:42:11.884+0000] {processor.py:183} INFO - Processing /opt/airflow/dags/Code explanation.xlsx took 0.044 seconds
[2025-04-27T21:42:42.874+0000] {processor.py:161} INFO - Started process (PID=4384) to work on /opt/airflow/dags/Code explanation.xlsx
[2025-04-27T21:42:42.875+0000] {processor.py:830} INFO - Processing file /opt/airflow/dags/Code explanation.xlsx for tasks to queue
[2025-04-27T21:42:42.877+0000] {logging_mixin.py:188} INFO - [2025-04-27T21:42:42.877+0000] {dagbag.py:538} INFO - Filling up the DagBag from /opt/airflow/dags/Code explanation.xlsx
[2025-04-27T21:42:42.898+0000] {processor.py:842} WARNING - No viable dags retrieved from /opt/airflow/dags/Code explanation.xlsx
[2025-04-27T21:42:42.920+0000] {processor.py:183} INFO - Processing /opt/airflow/dags/Code explanation.xlsx took 0.050 seconds
[2025-04-27T21:43:13.409+0000] {processor.py:161} INFO - Started process (PID=4427) to work on /opt/airflow/dags/Code explanation.xlsx
[2025-04-27T21:43:13.411+0000] {processor.py:830} INFO - Processing file /opt/airflow/dags/Code explanation.xlsx for tasks to queue
[2025-04-27T21:43:13.412+0000] {logging_mixin.py:188} INFO - [2025-04-27T21:43:13.412+0000] {dagbag.py:538} INFO - Filling up the DagBag from /opt/airflow/dags/Code explanation.xlsx
[2025-04-27T21:43:13.427+0000] {processor.py:842} WARNING - No viable dags retrieved from /opt/airflow/dags/Code explanation.xlsx
[2025-04-27T21:43:13.442+0000] {processor.py:183} INFO - Processing /opt/airflow/dags/Code explanation.xlsx took 0.036 seconds
[2025-04-27T21:43:43.635+0000] {processor.py:161} INFO - Started process (PID=4467) to work on /opt/airflow/dags/Code explanation.xlsx
[2025-04-27T21:43:43.637+0000] {processor.py:830} INFO - Processing file /opt/airflow/dags/Code explanation.xlsx for tasks to queue
[2025-04-27T21:43:43.638+0000] {logging_mixin.py:188} INFO - [2025-04-27T21:43:43.638+0000] {dagbag.py:538} INFO - Filling up the DagBag from /opt/airflow/dags/Code explanation.xlsx
[2025-04-27T21:43:43.656+0000] {processor.py:842} WARNING - No viable dags retrieved from /opt/airflow/dags/Code explanation.xlsx
[2025-04-27T21:43:43.673+0000] {processor.py:183} INFO - Processing /opt/airflow/dags/Code explanation.xlsx took 0.042 seconds
[2025-04-27T21:44:14.344+0000] {processor.py:161} INFO - Started process (PID=4515) to work on /opt/airflow/dags/Code explanation.xlsx
[2025-04-27T21:44:14.346+0000] {processor.py:830} INFO - Processing file /opt/airflow/dags/Code explanation.xlsx for tasks to queue
[2025-04-27T21:44:14.349+0000] {logging_mixin.py:188} INFO - [2025-04-27T21:44:14.348+0000] {dagbag.py:538} INFO - Filling up the DagBag from /opt/airflow/dags/Code explanation.xlsx
[2025-04-27T21:44:14.370+0000] {processor.py:842} WARNING - No viable dags retrieved from /opt/airflow/dags/Code explanation.xlsx
[2025-04-27T21:44:14.393+0000] {processor.py:183} INFO - Processing /opt/airflow/dags/Code explanation.xlsx took 0.053 seconds
[2025-04-27T21:44:44.653+0000] {processor.py:161} INFO - Started process (PID=4556) to work on /opt/airflow/dags/Code explanation.xlsx
[2025-04-27T21:44:44.655+0000] {processor.py:830} INFO - Processing file /opt/airflow/dags/Code explanation.xlsx for tasks to queue
[2025-04-27T21:44:44.659+0000] {logging_mixin.py:188} INFO - [2025-04-27T21:44:44.657+0000] {dagbag.py:538} INFO - Filling up the DagBag from /opt/airflow/dags/Code explanation.xlsx
[2025-04-27T21:44:44.684+0000] {processor.py:842} WARNING - No viable dags retrieved from /opt/airflow/dags/Code explanation.xlsx
[2025-04-27T21:44:44.714+0000] {processor.py:183} INFO - Processing /opt/airflow/dags/Code explanation.xlsx took 0.066 seconds
[2025-04-27T21:45:15.478+0000] {processor.py:161} INFO - Started process (PID=4601) to work on /opt/airflow/dags/Code explanation.xlsx
[2025-04-27T21:45:15.480+0000] {processor.py:830} INFO - Processing file /opt/airflow/dags/Code explanation.xlsx for tasks to queue
[2025-04-27T21:45:15.481+0000] {logging_mixin.py:188} INFO - [2025-04-27T21:45:15.480+0000] {dagbag.py:538} INFO - Filling up the DagBag from /opt/airflow/dags/Code explanation.xlsx
[2025-04-27T21:45:15.492+0000] {processor.py:842} WARNING - No viable dags retrieved from /opt/airflow/dags/Code explanation.xlsx
[2025-04-27T21:45:15.508+0000] {processor.py:183} INFO - Processing /opt/airflow/dags/Code explanation.xlsx took 0.032 seconds
[2025-04-27T21:45:46.374+0000] {processor.py:161} INFO - Started process (PID=4642) to work on /opt/airflow/dags/Code explanation.xlsx
[2025-04-27T21:45:46.376+0000] {processor.py:830} INFO - Processing file /opt/airflow/dags/Code explanation.xlsx for tasks to queue
[2025-04-27T21:45:46.377+0000] {logging_mixin.py:188} INFO - [2025-04-27T21:45:46.377+0000] {dagbag.py:538} INFO - Filling up the DagBag from /opt/airflow/dags/Code explanation.xlsx
[2025-04-27T21:45:46.389+0000] {processor.py:842} WARNING - No viable dags retrieved from /opt/airflow/dags/Code explanation.xlsx
[2025-04-27T21:45:46.406+0000] {processor.py:183} INFO - Processing /opt/airflow/dags/Code explanation.xlsx took 0.035 seconds
[2025-04-27T21:46:16.885+0000] {processor.py:161} INFO - Started process (PID=4685) to work on /opt/airflow/dags/Code explanation.xlsx
[2025-04-27T21:46:16.887+0000] {processor.py:830} INFO - Processing file /opt/airflow/dags/Code explanation.xlsx for tasks to queue
[2025-04-27T21:46:16.889+0000] {logging_mixin.py:188} INFO - [2025-04-27T21:46:16.888+0000] {dagbag.py:538} INFO - Filling up the DagBag from /opt/airflow/dags/Code explanation.xlsx
[2025-04-27T21:46:16.911+0000] {processor.py:842} WARNING - No viable dags retrieved from /opt/airflow/dags/Code explanation.xlsx
[2025-04-27T21:46:16.939+0000] {processor.py:183} INFO - Processing /opt/airflow/dags/Code explanation.xlsx took 0.059 seconds
[2025-04-27T21:46:47.081+0000] {processor.py:161} INFO - Started process (PID=4725) to work on /opt/airflow/dags/Code explanation.xlsx
[2025-04-27T21:46:47.083+0000] {processor.py:830} INFO - Processing file /opt/airflow/dags/Code explanation.xlsx for tasks to queue
[2025-04-27T21:46:47.086+0000] {logging_mixin.py:188} INFO - [2025-04-27T21:46:47.085+0000] {dagbag.py:538} INFO - Filling up the DagBag from /opt/airflow/dags/Code explanation.xlsx
[2025-04-27T21:46:47.104+0000] {processor.py:842} WARNING - No viable dags retrieved from /opt/airflow/dags/Code explanation.xlsx
[2025-04-27T21:46:47.121+0000] {processor.py:183} INFO - Processing /opt/airflow/dags/Code explanation.xlsx took 0.044 seconds
[2025-04-27T21:47:17.886+0000] {processor.py:161} INFO - Started process (PID=4768) to work on /opt/airflow/dags/Code explanation.xlsx
[2025-04-27T21:47:17.887+0000] {processor.py:830} INFO - Processing file /opt/airflow/dags/Code explanation.xlsx for tasks to queue
[2025-04-27T21:47:17.889+0000] {logging_mixin.py:188} INFO - [2025-04-27T21:47:17.888+0000] {dagbag.py:538} INFO - Filling up the DagBag from /opt/airflow/dags/Code explanation.xlsx
[2025-04-27T21:47:17.905+0000] {processor.py:842} WARNING - No viable dags retrieved from /opt/airflow/dags/Code explanation.xlsx
[2025-04-27T21:47:17.924+0000] {processor.py:183} INFO - Processing /opt/airflow/dags/Code explanation.xlsx took 0.041 seconds
[2025-04-27T21:47:48.229+0000] {processor.py:161} INFO - Started process (PID=4811) to work on /opt/airflow/dags/Code explanation.xlsx
[2025-04-27T21:47:48.232+0000] {processor.py:830} INFO - Processing file /opt/airflow/dags/Code explanation.xlsx for tasks to queue
[2025-04-27T21:47:48.233+0000] {logging_mixin.py:188} INFO - [2025-04-27T21:47:48.233+0000] {dagbag.py:538} INFO - Filling up the DagBag from /opt/airflow/dags/Code explanation.xlsx
[2025-04-27T21:47:48.246+0000] {processor.py:842} WARNING - No viable dags retrieved from /opt/airflow/dags/Code explanation.xlsx
[2025-04-27T21:47:48.261+0000] {processor.py:183} INFO - Processing /opt/airflow/dags/Code explanation.xlsx took 0.036 seconds
[2025-04-27T21:48:19.078+0000] {processor.py:161} INFO - Started process (PID=4854) to work on /opt/airflow/dags/Code explanation.xlsx
[2025-04-27T21:48:19.081+0000] {processor.py:830} INFO - Processing file /opt/airflow/dags/Code explanation.xlsx for tasks to queue
[2025-04-27T21:48:19.084+0000] {logging_mixin.py:188} INFO - [2025-04-27T21:48:19.083+0000] {dagbag.py:538} INFO - Filling up the DagBag from /opt/airflow/dags/Code explanation.xlsx
[2025-04-27T21:48:19.105+0000] {processor.py:842} WARNING - No viable dags retrieved from /opt/airflow/dags/Code explanation.xlsx
[2025-04-27T21:48:19.130+0000] {processor.py:183} INFO - Processing /opt/airflow/dags/Code explanation.xlsx took 0.057 seconds
[2025-04-27T21:48:49.875+0000] {processor.py:161} INFO - Started process (PID=4897) to work on /opt/airflow/dags/Code explanation.xlsx
[2025-04-27T21:48:49.876+0000] {processor.py:830} INFO - Processing file /opt/airflow/dags/Code explanation.xlsx for tasks to queue
[2025-04-27T21:48:49.878+0000] {logging_mixin.py:188} INFO - [2025-04-27T21:48:49.877+0000] {dagbag.py:538} INFO - Filling up the DagBag from /opt/airflow/dags/Code explanation.xlsx
[2025-04-27T21:48:49.889+0000] {processor.py:842} WARNING - No viable dags retrieved from /opt/airflow/dags/Code explanation.xlsx
[2025-04-27T21:48:49.905+0000] {processor.py:183} INFO - Processing /opt/airflow/dags/Code explanation.xlsx took 0.033 seconds
[2025-04-27T21:49:20.187+0000] {processor.py:161} INFO - Started process (PID=4940) to work on /opt/airflow/dags/Code explanation.xlsx
[2025-04-27T21:49:20.188+0000] {processor.py:830} INFO - Processing file /opt/airflow/dags/Code explanation.xlsx for tasks to queue
[2025-04-27T21:49:20.188+0000] {logging_mixin.py:188} INFO - [2025-04-27T21:49:20.188+0000] {dagbag.py:538} INFO - Filling up the DagBag from /opt/airflow/dags/Code explanation.xlsx
[2025-04-27T21:49:20.211+0000] {processor.py:842} WARNING - No viable dags retrieved from /opt/airflow/dags/Code explanation.xlsx
[2025-04-27T21:49:20.243+0000] {processor.py:183} INFO - Processing /opt/airflow/dags/Code explanation.xlsx took 0.059 seconds
[2025-04-27T21:49:51.081+0000] {processor.py:161} INFO - Started process (PID=4983) to work on /opt/airflow/dags/Code explanation.xlsx
[2025-04-27T21:49:51.082+0000] {processor.py:830} INFO - Processing file /opt/airflow/dags/Code explanation.xlsx for tasks to queue
[2025-04-27T21:49:51.083+0000] {logging_mixin.py:188} INFO - [2025-04-27T21:49:51.083+0000] {dagbag.py:538} INFO - Filling up the DagBag from /opt/airflow/dags/Code explanation.xlsx
[2025-04-27T21:49:51.093+0000] {processor.py:842} WARNING - No viable dags retrieved from /opt/airflow/dags/Code explanation.xlsx
[2025-04-27T21:49:51.103+0000] {processor.py:183} INFO - Processing /opt/airflow/dags/Code explanation.xlsx took 0.024 seconds
[2025-04-27T21:50:21.857+0000] {processor.py:161} INFO - Started process (PID=5026) to work on /opt/airflow/dags/Code explanation.xlsx
[2025-04-27T21:50:21.859+0000] {processor.py:830} INFO - Processing file /opt/airflow/dags/Code explanation.xlsx for tasks to queue
[2025-04-27T21:50:21.860+0000] {logging_mixin.py:188} INFO - [2025-04-27T21:50:21.860+0000] {dagbag.py:538} INFO - Filling up the DagBag from /opt/airflow/dags/Code explanation.xlsx
[2025-04-27T21:50:21.871+0000] {processor.py:842} WARNING - No viable dags retrieved from /opt/airflow/dags/Code explanation.xlsx
[2025-04-27T21:50:21.883+0000] {processor.py:183} INFO - Processing /opt/airflow/dags/Code explanation.xlsx took 0.028 seconds
[2025-04-27T21:50:52.652+0000] {processor.py:161} INFO - Started process (PID=5069) to work on /opt/airflow/dags/Code explanation.xlsx
[2025-04-27T21:50:52.653+0000] {processor.py:830} INFO - Processing file /opt/airflow/dags/Code explanation.xlsx for tasks to queue
[2025-04-27T21:50:52.656+0000] {logging_mixin.py:188} INFO - [2025-04-27T21:50:52.655+0000] {dagbag.py:538} INFO - Filling up the DagBag from /opt/airflow/dags/Code explanation.xlsx
[2025-04-27T21:50:52.671+0000] {processor.py:842} WARNING - No viable dags retrieved from /opt/airflow/dags/Code explanation.xlsx
[2025-04-27T21:50:52.683+0000] {processor.py:183} INFO - Processing /opt/airflow/dags/Code explanation.xlsx took 0.034 seconds
[2025-04-27T21:51:23.651+0000] {processor.py:161} INFO - Started process (PID=5112) to work on /opt/airflow/dags/Code explanation.xlsx
[2025-04-27T21:51:23.653+0000] {processor.py:830} INFO - Processing file /opt/airflow/dags/Code explanation.xlsx for tasks to queue
[2025-04-27T21:51:23.654+0000] {logging_mixin.py:188} INFO - [2025-04-27T21:51:23.654+0000] {dagbag.py:538} INFO - Filling up the DagBag from /opt/airflow/dags/Code explanation.xlsx
[2025-04-27T21:51:23.670+0000] {processor.py:842} WARNING - No viable dags retrieved from /opt/airflow/dags/Code explanation.xlsx
[2025-04-27T21:51:23.689+0000] {processor.py:183} INFO - Processing /opt/airflow/dags/Code explanation.xlsx took 0.041 seconds
[2025-04-27T21:51:54.409+0000] {processor.py:161} INFO - Started process (PID=5153) to work on /opt/airflow/dags/Code explanation.xlsx
[2025-04-27T21:51:54.411+0000] {processor.py:830} INFO - Processing file /opt/airflow/dags/Code explanation.xlsx for tasks to queue
[2025-04-27T21:51:54.413+0000] {logging_mixin.py:188} INFO - [2025-04-27T21:51:54.412+0000] {dagbag.py:538} INFO - Filling up the DagBag from /opt/airflow/dags/Code explanation.xlsx
[2025-04-27T21:51:54.435+0000] {processor.py:842} WARNING - No viable dags retrieved from /opt/airflow/dags/Code explanation.xlsx
[2025-04-27T21:51:54.471+0000] {processor.py:183} INFO - Processing /opt/airflow/dags/Code explanation.xlsx took 0.068 seconds
[2025-04-27T21:52:24.899+0000] {processor.py:161} INFO - Started process (PID=5196) to work on /opt/airflow/dags/Code explanation.xlsx
[2025-04-27T21:52:24.902+0000] {processor.py:830} INFO - Processing file /opt/airflow/dags/Code explanation.xlsx for tasks to queue
[2025-04-27T21:52:24.904+0000] {logging_mixin.py:188} INFO - [2025-04-27T21:52:24.903+0000] {dagbag.py:538} INFO - Filling up the DagBag from /opt/airflow/dags/Code explanation.xlsx
[2025-04-27T21:52:24.928+0000] {processor.py:842} WARNING - No viable dags retrieved from /opt/airflow/dags/Code explanation.xlsx
[2025-04-27T21:52:24.957+0000] {processor.py:183} INFO - Processing /opt/airflow/dags/Code explanation.xlsx took 0.063 seconds
[2025-04-27T21:52:55.793+0000] {processor.py:161} INFO - Started process (PID=5239) to work on /opt/airflow/dags/Code explanation.xlsx
[2025-04-27T21:52:55.796+0000] {processor.py:830} INFO - Processing file /opt/airflow/dags/Code explanation.xlsx for tasks to queue
[2025-04-27T21:52:55.801+0000] {logging_mixin.py:188} INFO - [2025-04-27T21:52:55.800+0000] {dagbag.py:538} INFO - Filling up the DagBag from /opt/airflow/dags/Code explanation.xlsx
[2025-04-27T21:52:55.832+0000] {processor.py:842} WARNING - No viable dags retrieved from /opt/airflow/dags/Code explanation.xlsx
[2025-04-27T21:52:55.888+0000] {processor.py:183} INFO - Processing /opt/airflow/dags/Code explanation.xlsx took 0.105 seconds
[2025-04-27T21:53:26.593+0000] {processor.py:161} INFO - Started process (PID=5282) to work on /opt/airflow/dags/Code explanation.xlsx
[2025-04-27T21:53:26.596+0000] {processor.py:830} INFO - Processing file /opt/airflow/dags/Code explanation.xlsx for tasks to queue
[2025-04-27T21:53:26.598+0000] {logging_mixin.py:188} INFO - [2025-04-27T21:53:26.597+0000] {dagbag.py:538} INFO - Filling up the DagBag from /opt/airflow/dags/Code explanation.xlsx
[2025-04-27T21:53:26.620+0000] {processor.py:842} WARNING - No viable dags retrieved from /opt/airflow/dags/Code explanation.xlsx
[2025-04-27T21:53:26.661+0000] {processor.py:183} INFO - Processing /opt/airflow/dags/Code explanation.xlsx took 0.075 seconds
[2025-04-27T21:53:56.938+0000] {processor.py:161} INFO - Started process (PID=5320) to work on /opt/airflow/dags/Code explanation.xlsx
[2025-04-27T21:53:56.941+0000] {processor.py:830} INFO - Processing file /opt/airflow/dags/Code explanation.xlsx for tasks to queue
[2025-04-27T21:53:56.944+0000] {logging_mixin.py:188} INFO - [2025-04-27T21:53:56.943+0000] {dagbag.py:538} INFO - Filling up the DagBag from /opt/airflow/dags/Code explanation.xlsx
[2025-04-27T21:53:56.961+0000] {processor.py:842} WARNING - No viable dags retrieved from /opt/airflow/dags/Code explanation.xlsx
[2025-04-27T21:53:56.993+0000] {processor.py:183} INFO - Processing /opt/airflow/dags/Code explanation.xlsx took 0.068 seconds
[2025-04-27T21:54:27.421+0000] {processor.py:161} INFO - Started process (PID=5363) to work on /opt/airflow/dags/Code explanation.xlsx
[2025-04-27T21:54:27.423+0000] {processor.py:830} INFO - Processing file /opt/airflow/dags/Code explanation.xlsx for tasks to queue
[2025-04-27T21:54:27.425+0000] {logging_mixin.py:188} INFO - [2025-04-27T21:54:27.425+0000] {dagbag.py:538} INFO - Filling up the DagBag from /opt/airflow/dags/Code explanation.xlsx
[2025-04-27T21:54:27.441+0000] {processor.py:842} WARNING - No viable dags retrieved from /opt/airflow/dags/Code explanation.xlsx
[2025-04-27T21:54:27.459+0000] {processor.py:183} INFO - Processing /opt/airflow/dags/Code explanation.xlsx took 0.052 seconds
[2025-04-27T21:54:58.019+0000] {processor.py:161} INFO - Started process (PID=5406) to work on /opt/airflow/dags/Code explanation.xlsx
[2025-04-27T21:54:58.022+0000] {processor.py:830} INFO - Processing file /opt/airflow/dags/Code explanation.xlsx for tasks to queue
[2025-04-27T21:54:58.025+0000] {logging_mixin.py:188} INFO - [2025-04-27T21:54:58.024+0000] {dagbag.py:538} INFO - Filling up the DagBag from /opt/airflow/dags/Code explanation.xlsx
[2025-04-27T21:54:58.047+0000] {processor.py:842} WARNING - No viable dags retrieved from /opt/airflow/dags/Code explanation.xlsx
[2025-04-27T21:54:58.063+0000] {processor.py:183} INFO - Processing /opt/airflow/dags/Code explanation.xlsx took 0.049 seconds
[2025-04-27T21:55:28.524+0000] {processor.py:161} INFO - Started process (PID=5449) to work on /opt/airflow/dags/Code explanation.xlsx
[2025-04-27T21:55:28.525+0000] {processor.py:830} INFO - Processing file /opt/airflow/dags/Code explanation.xlsx for tasks to queue
[2025-04-27T21:55:28.526+0000] {logging_mixin.py:188} INFO - [2025-04-27T21:55:28.526+0000] {dagbag.py:538} INFO - Filling up the DagBag from /opt/airflow/dags/Code explanation.xlsx
[2025-04-27T21:55:28.541+0000] {processor.py:842} WARNING - No viable dags retrieved from /opt/airflow/dags/Code explanation.xlsx
[2025-04-27T21:55:28.557+0000] {processor.py:183} INFO - Processing /opt/airflow/dags/Code explanation.xlsx took 0.037 seconds
[2025-04-27T21:56:34.235+0000] {processor.py:161} INFO - Started process (PID=188) to work on /opt/airflow/dags/Code explanation.xlsx
[2025-04-27T21:56:34.242+0000] {processor.py:830} INFO - Processing file /opt/airflow/dags/Code explanation.xlsx for tasks to queue
[2025-04-27T21:56:34.245+0000] {logging_mixin.py:188} INFO - [2025-04-27T21:56:34.243+0000] {dagbag.py:538} INFO - Filling up the DagBag from /opt/airflow/dags/Code explanation.xlsx
[2025-04-27T21:56:34.284+0000] {processor.py:842} WARNING - No viable dags retrieved from /opt/airflow/dags/Code explanation.xlsx
[2025-04-27T21:56:34.315+0000] {processor.py:183} INFO - Processing /opt/airflow/dags/Code explanation.xlsx took 0.089 seconds
[2025-04-27T21:57:05.195+0000] {processor.py:161} INFO - Started process (PID=229) to work on /opt/airflow/dags/Code explanation.xlsx
[2025-04-27T21:57:05.197+0000] {processor.py:830} INFO - Processing file /opt/airflow/dags/Code explanation.xlsx for tasks to queue
[2025-04-27T21:57:05.199+0000] {logging_mixin.py:188} INFO - [2025-04-27T21:57:05.198+0000] {dagbag.py:538} INFO - Filling up the DagBag from /opt/airflow/dags/Code explanation.xlsx
[2025-04-27T21:57:05.215+0000] {processor.py:842} WARNING - No viable dags retrieved from /opt/airflow/dags/Code explanation.xlsx
[2025-04-27T21:57:05.238+0000] {processor.py:183} INFO - Processing /opt/airflow/dags/Code explanation.xlsx took 0.047 seconds
[2025-04-27T21:57:35.367+0000] {processor.py:161} INFO - Started process (PID=266) to work on /opt/airflow/dags/Code explanation.xlsx
[2025-04-27T21:57:35.369+0000] {processor.py:830} INFO - Processing file /opt/airflow/dags/Code explanation.xlsx for tasks to queue
[2025-04-27T21:57:35.370+0000] {logging_mixin.py:188} INFO - [2025-04-27T21:57:35.370+0000] {dagbag.py:538} INFO - Filling up the DagBag from /opt/airflow/dags/Code explanation.xlsx
[2025-04-27T21:57:35.383+0000] {processor.py:842} WARNING - No viable dags retrieved from /opt/airflow/dags/Code explanation.xlsx
[2025-04-27T21:57:35.400+0000] {processor.py:183} INFO - Processing /opt/airflow/dags/Code explanation.xlsx took 0.036 seconds
[2025-04-27T21:58:06.253+0000] {processor.py:161} INFO - Started process (PID=309) to work on /opt/airflow/dags/Code explanation.xlsx
[2025-04-27T21:58:06.254+0000] {processor.py:830} INFO - Processing file /opt/airflow/dags/Code explanation.xlsx for tasks to queue
[2025-04-27T21:58:06.255+0000] {logging_mixin.py:188} INFO - [2025-04-27T21:58:06.255+0000] {dagbag.py:538} INFO - Filling up the DagBag from /opt/airflow/dags/Code explanation.xlsx
[2025-04-27T21:58:06.265+0000] {processor.py:842} WARNING - No viable dags retrieved from /opt/airflow/dags/Code explanation.xlsx
[2025-04-27T21:58:06.278+0000] {processor.py:183} INFO - Processing /opt/airflow/dags/Code explanation.xlsx took 0.027 seconds
[2025-04-27T21:58:37.329+0000] {processor.py:161} INFO - Started process (PID=352) to work on /opt/airflow/dags/Code explanation.xlsx
[2025-04-27T21:58:37.330+0000] {processor.py:830} INFO - Processing file /opt/airflow/dags/Code explanation.xlsx for tasks to queue
[2025-04-27T21:58:37.331+0000] {logging_mixin.py:188} INFO - [2025-04-27T21:58:37.331+0000] {dagbag.py:538} INFO - Filling up the DagBag from /opt/airflow/dags/Code explanation.xlsx
[2025-04-27T21:58:37.349+0000] {processor.py:842} WARNING - No viable dags retrieved from /opt/airflow/dags/Code explanation.xlsx
[2025-04-27T21:58:37.369+0000] {processor.py:183} INFO - Processing /opt/airflow/dags/Code explanation.xlsx took 0.044 seconds
[2025-04-27T21:59:07.528+0000] {processor.py:161} INFO - Started process (PID=395) to work on /opt/airflow/dags/Code explanation.xlsx
[2025-04-27T21:59:07.530+0000] {processor.py:830} INFO - Processing file /opt/airflow/dags/Code explanation.xlsx for tasks to queue
[2025-04-27T21:59:07.532+0000] {logging_mixin.py:188} INFO - [2025-04-27T21:59:07.531+0000] {dagbag.py:538} INFO - Filling up the DagBag from /opt/airflow/dags/Code explanation.xlsx
[2025-04-27T21:59:07.552+0000] {processor.py:842} WARNING - No viable dags retrieved from /opt/airflow/dags/Code explanation.xlsx
[2025-04-27T21:59:07.581+0000] {processor.py:183} INFO - Processing /opt/airflow/dags/Code explanation.xlsx took 0.064 seconds
[2025-04-27T22:35:48.003+0000] {processor.py:161} INFO - Started process (PID=189) to work on /opt/airflow/dags/Code explanation.xlsx
[2025-04-27T22:35:48.005+0000] {processor.py:830} INFO - Processing file /opt/airflow/dags/Code explanation.xlsx for tasks to queue
[2025-04-27T22:35:48.007+0000] {logging_mixin.py:188} INFO - [2025-04-27T22:35:48.006+0000] {dagbag.py:538} INFO - Filling up the DagBag from /opt/airflow/dags/Code explanation.xlsx
[2025-04-27T22:35:48.026+0000] {processor.py:842} WARNING - No viable dags retrieved from /opt/airflow/dags/Code explanation.xlsx
[2025-04-27T22:35:48.051+0000] {processor.py:183} INFO - Processing /opt/airflow/dags/Code explanation.xlsx took 0.052 seconds
[2025-04-27T22:36:18.770+0000] {processor.py:161} INFO - Started process (PID=232) to work on /opt/airflow/dags/Code explanation.xlsx
[2025-04-27T22:36:18.772+0000] {processor.py:830} INFO - Processing file /opt/airflow/dags/Code explanation.xlsx for tasks to queue
[2025-04-27T22:36:18.773+0000] {logging_mixin.py:188} INFO - [2025-04-27T22:36:18.772+0000] {dagbag.py:538} INFO - Filling up the DagBag from /opt/airflow/dags/Code explanation.xlsx
[2025-04-27T22:36:18.787+0000] {processor.py:842} WARNING - No viable dags retrieved from /opt/airflow/dags/Code explanation.xlsx
[2025-04-27T22:36:18.804+0000] {processor.py:183} INFO - Processing /opt/airflow/dags/Code explanation.xlsx took 0.037 seconds
[2025-04-27T22:36:49.632+0000] {processor.py:161} INFO - Started process (PID=278) to work on /opt/airflow/dags/Code explanation.xlsx
[2025-04-27T22:36:49.634+0000] {processor.py:830} INFO - Processing file /opt/airflow/dags/Code explanation.xlsx for tasks to queue
[2025-04-27T22:36:49.635+0000] {logging_mixin.py:188} INFO - [2025-04-27T22:36:49.635+0000] {dagbag.py:538} INFO - Filling up the DagBag from /opt/airflow/dags/Code explanation.xlsx
[2025-04-27T22:36:49.648+0000] {processor.py:842} WARNING - No viable dags retrieved from /opt/airflow/dags/Code explanation.xlsx
[2025-04-27T22:36:49.663+0000] {processor.py:183} INFO - Processing /opt/airflow/dags/Code explanation.xlsx took 0.034 seconds
[2025-04-27T22:37:20.118+0000] {processor.py:161} INFO - Started process (PID=321) to work on /opt/airflow/dags/Code explanation.xlsx
[2025-04-27T22:37:20.119+0000] {processor.py:830} INFO - Processing file /opt/airflow/dags/Code explanation.xlsx for tasks to queue
[2025-04-27T22:37:20.121+0000] {logging_mixin.py:188} INFO - [2025-04-27T22:37:20.120+0000] {dagbag.py:538} INFO - Filling up the DagBag from /opt/airflow/dags/Code explanation.xlsx
[2025-04-27T22:37:20.133+0000] {processor.py:842} WARNING - No viable dags retrieved from /opt/airflow/dags/Code explanation.xlsx
[2025-04-27T22:37:20.148+0000] {processor.py:183} INFO - Processing /opt/airflow/dags/Code explanation.xlsx took 0.034 seconds
[2025-04-27T22:37:50.620+0000] {processor.py:161} INFO - Started process (PID=364) to work on /opt/airflow/dags/Code explanation.xlsx
[2025-04-27T22:37:50.621+0000] {processor.py:830} INFO - Processing file /opt/airflow/dags/Code explanation.xlsx for tasks to queue
[2025-04-27T22:37:50.622+0000] {logging_mixin.py:188} INFO - [2025-04-27T22:37:50.622+0000] {dagbag.py:538} INFO - Filling up the DagBag from /opt/airflow/dags/Code explanation.xlsx
[2025-04-27T22:37:50.632+0000] {processor.py:842} WARNING - No viable dags retrieved from /opt/airflow/dags/Code explanation.xlsx
[2025-04-27T22:37:50.645+0000] {processor.py:183} INFO - Processing /opt/airflow/dags/Code explanation.xlsx took 0.028 seconds
[2025-04-27T22:38:21.632+0000] {processor.py:161} INFO - Started process (PID=407) to work on /opt/airflow/dags/Code explanation.xlsx
[2025-04-27T22:38:21.633+0000] {processor.py:830} INFO - Processing file /opt/airflow/dags/Code explanation.xlsx for tasks to queue
[2025-04-27T22:38:21.636+0000] {logging_mixin.py:188} INFO - [2025-04-27T22:38:21.635+0000] {dagbag.py:538} INFO - Filling up the DagBag from /opt/airflow/dags/Code explanation.xlsx
[2025-04-27T22:38:21.658+0000] {processor.py:842} WARNING - No viable dags retrieved from /opt/airflow/dags/Code explanation.xlsx
[2025-04-27T22:38:21.688+0000] {processor.py:183} INFO - Processing /opt/airflow/dags/Code explanation.xlsx took 0.062 seconds
[2025-04-27T22:38:52.537+0000] {processor.py:161} INFO - Started process (PID=452) to work on /opt/airflow/dags/Code explanation.xlsx
[2025-04-27T22:38:52.539+0000] {processor.py:830} INFO - Processing file /opt/airflow/dags/Code explanation.xlsx for tasks to queue
[2025-04-27T22:38:52.540+0000] {logging_mixin.py:188} INFO - [2025-04-27T22:38:52.540+0000] {dagbag.py:538} INFO - Filling up the DagBag from /opt/airflow/dags/Code explanation.xlsx
[2025-04-27T22:38:52.553+0000] {processor.py:842} WARNING - No viable dags retrieved from /opt/airflow/dags/Code explanation.xlsx
[2025-04-27T22:38:52.576+0000] {processor.py:183} INFO - Processing /opt/airflow/dags/Code explanation.xlsx took 0.041 seconds
[2025-04-27T22:39:22.957+0000] {processor.py:161} INFO - Started process (PID=495) to work on /opt/airflow/dags/Code explanation.xlsx
[2025-04-27T22:39:22.958+0000] {processor.py:830} INFO - Processing file /opt/airflow/dags/Code explanation.xlsx for tasks to queue
[2025-04-27T22:39:22.959+0000] {logging_mixin.py:188} INFO - [2025-04-27T22:39:22.958+0000] {dagbag.py:538} INFO - Filling up the DagBag from /opt/airflow/dags/Code explanation.xlsx
[2025-04-27T22:39:22.967+0000] {processor.py:842} WARNING - No viable dags retrieved from /opt/airflow/dags/Code explanation.xlsx
[2025-04-27T22:39:22.981+0000] {processor.py:183} INFO - Processing /opt/airflow/dags/Code explanation.xlsx took 0.026 seconds
[2025-04-27T22:39:53.320+0000] {processor.py:161} INFO - Started process (PID=536) to work on /opt/airflow/dags/Code explanation.xlsx
[2025-04-27T22:39:53.321+0000] {processor.py:830} INFO - Processing file /opt/airflow/dags/Code explanation.xlsx for tasks to queue
[2025-04-27T22:39:53.323+0000] {logging_mixin.py:188} INFO - [2025-04-27T22:39:53.323+0000] {dagbag.py:538} INFO - Filling up the DagBag from /opt/airflow/dags/Code explanation.xlsx
[2025-04-27T22:39:53.335+0000] {processor.py:842} WARNING - No viable dags retrieved from /opt/airflow/dags/Code explanation.xlsx
[2025-04-27T22:39:53.350+0000] {processor.py:183} INFO - Processing /opt/airflow/dags/Code explanation.xlsx took 0.033 seconds
[2025-04-27T22:40:23.580+0000] {processor.py:161} INFO - Started process (PID=578) to work on /opt/airflow/dags/Code explanation.xlsx
[2025-04-27T22:40:23.581+0000] {processor.py:830} INFO - Processing file /opt/airflow/dags/Code explanation.xlsx for tasks to queue
[2025-04-27T22:40:23.582+0000] {logging_mixin.py:188} INFO - [2025-04-27T22:40:23.582+0000] {dagbag.py:538} INFO - Filling up the DagBag from /opt/airflow/dags/Code explanation.xlsx
[2025-04-27T22:40:23.596+0000] {processor.py:842} WARNING - No viable dags retrieved from /opt/airflow/dags/Code explanation.xlsx
[2025-04-27T22:40:23.615+0000] {processor.py:183} INFO - Processing /opt/airflow/dags/Code explanation.xlsx took 0.038 seconds
[2025-04-27T22:40:53.919+0000] {processor.py:161} INFO - Started process (PID=618) to work on /opt/airflow/dags/Code explanation.xlsx
[2025-04-27T22:40:53.920+0000] {processor.py:830} INFO - Processing file /opt/airflow/dags/Code explanation.xlsx for tasks to queue
[2025-04-27T22:40:53.921+0000] {logging_mixin.py:188} INFO - [2025-04-27T22:40:53.921+0000] {dagbag.py:538} INFO - Filling up the DagBag from /opt/airflow/dags/Code explanation.xlsx
[2025-04-27T22:40:53.932+0000] {processor.py:842} WARNING - No viable dags retrieved from /opt/airflow/dags/Code explanation.xlsx
[2025-04-27T22:40:53.946+0000] {processor.py:183} INFO - Processing /opt/airflow/dags/Code explanation.xlsx took 0.030 seconds
[2025-04-27T22:41:24.124+0000] {processor.py:161} INFO - Started process (PID=659) to work on /opt/airflow/dags/Code explanation.xlsx
[2025-04-27T22:41:24.125+0000] {processor.py:830} INFO - Processing file /opt/airflow/dags/Code explanation.xlsx for tasks to queue
[2025-04-27T22:41:24.126+0000] {logging_mixin.py:188} INFO - [2025-04-27T22:41:24.126+0000] {dagbag.py:538} INFO - Filling up the DagBag from /opt/airflow/dags/Code explanation.xlsx
[2025-04-27T22:41:24.139+0000] {processor.py:842} WARNING - No viable dags retrieved from /opt/airflow/dags/Code explanation.xlsx
[2025-04-27T22:41:24.156+0000] {processor.py:183} INFO - Processing /opt/airflow/dags/Code explanation.xlsx took 0.036 seconds
[2025-04-27T22:41:55.029+0000] {processor.py:161} INFO - Started process (PID=708) to work on /opt/airflow/dags/Code explanation.xlsx
[2025-04-27T22:41:55.030+0000] {processor.py:830} INFO - Processing file /opt/airflow/dags/Code explanation.xlsx for tasks to queue
[2025-04-27T22:41:55.031+0000] {logging_mixin.py:188} INFO - [2025-04-27T22:41:55.031+0000] {dagbag.py:538} INFO - Filling up the DagBag from /opt/airflow/dags/Code explanation.xlsx
[2025-04-27T22:41:55.047+0000] {processor.py:842} WARNING - No viable dags retrieved from /opt/airflow/dags/Code explanation.xlsx
[2025-04-27T22:41:55.067+0000] {processor.py:183} INFO - Processing /opt/airflow/dags/Code explanation.xlsx took 0.041 seconds
[2025-04-27T22:42:25.484+0000] {processor.py:161} INFO - Started process (PID=751) to work on /opt/airflow/dags/Code explanation.xlsx
[2025-04-27T22:42:25.485+0000] {processor.py:830} INFO - Processing file /opt/airflow/dags/Code explanation.xlsx for tasks to queue
[2025-04-27T22:42:25.486+0000] {logging_mixin.py:188} INFO - [2025-04-27T22:42:25.486+0000] {dagbag.py:538} INFO - Filling up the DagBag from /opt/airflow/dags/Code explanation.xlsx
[2025-04-27T22:42:25.496+0000] {processor.py:842} WARNING - No viable dags retrieved from /opt/airflow/dags/Code explanation.xlsx
[2025-04-27T22:42:25.509+0000] {processor.py:183} INFO - Processing /opt/airflow/dags/Code explanation.xlsx took 0.028 seconds
[2025-04-27T22:42:56.388+0000] {processor.py:161} INFO - Started process (PID=794) to work on /opt/airflow/dags/Code explanation.xlsx
[2025-04-27T22:42:56.389+0000] {processor.py:830} INFO - Processing file /opt/airflow/dags/Code explanation.xlsx for tasks to queue
[2025-04-27T22:42:56.391+0000] {logging_mixin.py:188} INFO - [2025-04-27T22:42:56.390+0000] {dagbag.py:538} INFO - Filling up the DagBag from /opt/airflow/dags/Code explanation.xlsx
[2025-04-27T22:42:56.402+0000] {processor.py:842} WARNING - No viable dags retrieved from /opt/airflow/dags/Code explanation.xlsx
[2025-04-27T22:42:56.415+0000] {processor.py:183} INFO - Processing /opt/airflow/dags/Code explanation.xlsx took 0.030 seconds
[2025-04-27T22:43:26.791+0000] {processor.py:161} INFO - Started process (PID=837) to work on /opt/airflow/dags/Code explanation.xlsx
[2025-04-27T22:43:26.792+0000] {processor.py:830} INFO - Processing file /opt/airflow/dags/Code explanation.xlsx for tasks to queue
[2025-04-27T22:43:26.793+0000] {logging_mixin.py:188} INFO - [2025-04-27T22:43:26.793+0000] {dagbag.py:538} INFO - Filling up the DagBag from /opt/airflow/dags/Code explanation.xlsx
[2025-04-27T22:43:26.810+0000] {processor.py:842} WARNING - No viable dags retrieved from /opt/airflow/dags/Code explanation.xlsx
[2025-04-27T22:43:26.823+0000] {processor.py:183} INFO - Processing /opt/airflow/dags/Code explanation.xlsx took 0.035 seconds
[2025-04-27T22:43:57.308+0000] {processor.py:161} INFO - Started process (PID=880) to work on /opt/airflow/dags/Code explanation.xlsx
[2025-04-27T22:43:57.309+0000] {processor.py:830} INFO - Processing file /opt/airflow/dags/Code explanation.xlsx for tasks to queue
[2025-04-27T22:43:57.310+0000] {logging_mixin.py:188} INFO - [2025-04-27T22:43:57.309+0000] {dagbag.py:538} INFO - Filling up the DagBag from /opt/airflow/dags/Code explanation.xlsx
[2025-04-27T22:43:57.319+0000] {processor.py:842} WARNING - No viable dags retrieved from /opt/airflow/dags/Code explanation.xlsx
[2025-04-27T22:43:57.337+0000] {processor.py:183} INFO - Processing /opt/airflow/dags/Code explanation.xlsx took 0.032 seconds
[2025-04-27T22:44:28.231+0000] {processor.py:161} INFO - Started process (PID=923) to work on /opt/airflow/dags/Code explanation.xlsx
[2025-04-27T22:44:28.233+0000] {processor.py:830} INFO - Processing file /opt/airflow/dags/Code explanation.xlsx for tasks to queue
[2025-04-27T22:44:28.235+0000] {logging_mixin.py:188} INFO - [2025-04-27T22:44:28.234+0000] {dagbag.py:538} INFO - Filling up the DagBag from /opt/airflow/dags/Code explanation.xlsx
[2025-04-27T22:44:28.257+0000] {processor.py:842} WARNING - No viable dags retrieved from /opt/airflow/dags/Code explanation.xlsx
[2025-04-27T22:44:28.284+0000] {processor.py:183} INFO - Processing /opt/airflow/dags/Code explanation.xlsx took 0.059 seconds
[2025-04-27T22:44:58.501+0000] {processor.py:161} INFO - Started process (PID=960) to work on /opt/airflow/dags/Code explanation.xlsx
[2025-04-27T22:44:58.502+0000] {processor.py:830} INFO - Processing file /opt/airflow/dags/Code explanation.xlsx for tasks to queue
[2025-04-27T22:44:58.505+0000] {logging_mixin.py:188} INFO - [2025-04-27T22:44:58.504+0000] {dagbag.py:538} INFO - Filling up the DagBag from /opt/airflow/dags/Code explanation.xlsx
[2025-04-27T22:44:58.526+0000] {processor.py:842} WARNING - No viable dags retrieved from /opt/airflow/dags/Code explanation.xlsx
[2025-04-27T22:44:58.555+0000] {processor.py:183} INFO - Processing /opt/airflow/dags/Code explanation.xlsx took 0.059 seconds
[2025-04-27T22:45:29.289+0000] {processor.py:161} INFO - Started process (PID=1009) to work on /opt/airflow/dags/Code explanation.xlsx
[2025-04-27T22:45:29.291+0000] {processor.py:830} INFO - Processing file /opt/airflow/dags/Code explanation.xlsx for tasks to queue
[2025-04-27T22:45:29.293+0000] {logging_mixin.py:188} INFO - [2025-04-27T22:45:29.292+0000] {dagbag.py:538} INFO - Filling up the DagBag from /opt/airflow/dags/Code explanation.xlsx
[2025-04-27T22:45:29.311+0000] {processor.py:842} WARNING - No viable dags retrieved from /opt/airflow/dags/Code explanation.xlsx
[2025-04-27T22:45:29.333+0000] {processor.py:183} INFO - Processing /opt/airflow/dags/Code explanation.xlsx took 0.047 seconds
[2025-04-27T22:46:00.216+0000] {processor.py:161} INFO - Started process (PID=1052) to work on /opt/airflow/dags/Code explanation.xlsx
[2025-04-27T22:46:00.217+0000] {processor.py:830} INFO - Processing file /opt/airflow/dags/Code explanation.xlsx for tasks to queue
[2025-04-27T22:46:00.219+0000] {logging_mixin.py:188} INFO - [2025-04-27T22:46:00.218+0000] {dagbag.py:538} INFO - Filling up the DagBag from /opt/airflow/dags/Code explanation.xlsx
[2025-04-27T22:46:00.236+0000] {processor.py:842} WARNING - No viable dags retrieved from /opt/airflow/dags/Code explanation.xlsx
[2025-04-27T22:46:00.252+0000] {processor.py:183} INFO - Processing /opt/airflow/dags/Code explanation.xlsx took 0.039 seconds
[2025-04-27T22:46:30.742+0000] {processor.py:161} INFO - Started process (PID=1095) to work on /opt/airflow/dags/Code explanation.xlsx
[2025-04-27T22:46:30.744+0000] {processor.py:830} INFO - Processing file /opt/airflow/dags/Code explanation.xlsx for tasks to queue
[2025-04-27T22:46:30.746+0000] {logging_mixin.py:188} INFO - [2025-04-27T22:46:30.746+0000] {dagbag.py:538} INFO - Filling up the DagBag from /opt/airflow/dags/Code explanation.xlsx
[2025-04-27T22:46:30.768+0000] {processor.py:842} WARNING - No viable dags retrieved from /opt/airflow/dags/Code explanation.xlsx
[2025-04-27T22:46:30.797+0000] {processor.py:183} INFO - Processing /opt/airflow/dags/Code explanation.xlsx took 0.058 seconds
[2025-04-27T22:47:01.602+0000] {processor.py:161} INFO - Started process (PID=1138) to work on /opt/airflow/dags/Code explanation.xlsx
[2025-04-27T22:47:01.604+0000] {processor.py:830} INFO - Processing file /opt/airflow/dags/Code explanation.xlsx for tasks to queue
[2025-04-27T22:47:01.605+0000] {logging_mixin.py:188} INFO - [2025-04-27T22:47:01.605+0000] {dagbag.py:538} INFO - Filling up the DagBag from /opt/airflow/dags/Code explanation.xlsx
[2025-04-27T22:47:01.634+0000] {processor.py:842} WARNING - No viable dags retrieved from /opt/airflow/dags/Code explanation.xlsx
[2025-04-27T22:47:01.657+0000] {processor.py:183} INFO - Processing /opt/airflow/dags/Code explanation.xlsx took 0.061 seconds
[2025-04-27T22:47:32.280+0000] {processor.py:161} INFO - Started process (PID=1181) to work on /opt/airflow/dags/Code explanation.xlsx
[2025-04-27T22:47:32.282+0000] {processor.py:830} INFO - Processing file /opt/airflow/dags/Code explanation.xlsx for tasks to queue
[2025-04-27T22:47:32.283+0000] {logging_mixin.py:188} INFO - [2025-04-27T22:47:32.283+0000] {dagbag.py:538} INFO - Filling up the DagBag from /opt/airflow/dags/Code explanation.xlsx
[2025-04-27T22:47:32.300+0000] {processor.py:842} WARNING - No viable dags retrieved from /opt/airflow/dags/Code explanation.xlsx
[2025-04-27T22:47:32.319+0000] {processor.py:183} INFO - Processing /opt/airflow/dags/Code explanation.xlsx took 0.047 seconds
[2025-04-27T22:48:02.982+0000] {processor.py:161} INFO - Started process (PID=1224) to work on /opt/airflow/dags/Code explanation.xlsx
[2025-04-27T22:48:02.984+0000] {processor.py:830} INFO - Processing file /opt/airflow/dags/Code explanation.xlsx for tasks to queue
[2025-04-27T22:48:02.988+0000] {logging_mixin.py:188} INFO - [2025-04-27T22:48:02.988+0000] {dagbag.py:538} INFO - Filling up the DagBag from /opt/airflow/dags/Code explanation.xlsx
[2025-04-27T22:48:03.007+0000] {processor.py:842} WARNING - No viable dags retrieved from /opt/airflow/dags/Code explanation.xlsx
[2025-04-27T22:48:03.032+0000] {processor.py:183} INFO - Processing /opt/airflow/dags/Code explanation.xlsx took 0.054 seconds
[2025-04-27T22:48:33.324+0000] {processor.py:161} INFO - Started process (PID=1261) to work on /opt/airflow/dags/Code explanation.xlsx
[2025-04-27T22:48:33.325+0000] {processor.py:830} INFO - Processing file /opt/airflow/dags/Code explanation.xlsx for tasks to queue
[2025-04-27T22:48:33.326+0000] {logging_mixin.py:188} INFO - [2025-04-27T22:48:33.326+0000] {dagbag.py:538} INFO - Filling up the DagBag from /opt/airflow/dags/Code explanation.xlsx
[2025-04-27T22:48:33.338+0000] {processor.py:842} WARNING - No viable dags retrieved from /opt/airflow/dags/Code explanation.xlsx
[2025-04-27T22:48:33.352+0000] {processor.py:183} INFO - Processing /opt/airflow/dags/Code explanation.xlsx took 0.031 seconds
[2025-04-27T22:49:03.625+0000] {processor.py:161} INFO - Started process (PID=1304) to work on /opt/airflow/dags/Code explanation.xlsx
[2025-04-27T22:49:03.627+0000] {processor.py:830} INFO - Processing file /opt/airflow/dags/Code explanation.xlsx for tasks to queue
[2025-04-27T22:49:03.629+0000] {logging_mixin.py:188} INFO - [2025-04-27T22:49:03.628+0000] {dagbag.py:538} INFO - Filling up the DagBag from /opt/airflow/dags/Code explanation.xlsx
[2025-04-27T22:49:03.649+0000] {processor.py:842} WARNING - No viable dags retrieved from /opt/airflow/dags/Code explanation.xlsx
[2025-04-27T22:49:03.670+0000] {processor.py:183} INFO - Processing /opt/airflow/dags/Code explanation.xlsx took 0.048 seconds
[2025-04-27T22:49:34.142+0000] {processor.py:161} INFO - Started process (PID=1347) to work on /opt/airflow/dags/Code explanation.xlsx
[2025-04-27T22:49:34.143+0000] {processor.py:830} INFO - Processing file /opt/airflow/dags/Code explanation.xlsx for tasks to queue
[2025-04-27T22:49:34.144+0000] {logging_mixin.py:188} INFO - [2025-04-27T22:49:34.144+0000] {dagbag.py:538} INFO - Filling up the DagBag from /opt/airflow/dags/Code explanation.xlsx
[2025-04-27T22:49:34.157+0000] {processor.py:842} WARNING - No viable dags retrieved from /opt/airflow/dags/Code explanation.xlsx
[2025-04-27T22:49:34.171+0000] {processor.py:183} INFO - Processing /opt/airflow/dags/Code explanation.xlsx took 0.032 seconds
[2025-04-27T22:50:04.659+0000] {processor.py:161} INFO - Started process (PID=1390) to work on /opt/airflow/dags/Code explanation.xlsx
[2025-04-27T22:50:04.660+0000] {processor.py:830} INFO - Processing file /opt/airflow/dags/Code explanation.xlsx for tasks to queue
[2025-04-27T22:50:04.661+0000] {logging_mixin.py:188} INFO - [2025-04-27T22:50:04.661+0000] {dagbag.py:538} INFO - Filling up the DagBag from /opt/airflow/dags/Code explanation.xlsx
[2025-04-27T22:50:04.674+0000] {processor.py:842} WARNING - No viable dags retrieved from /opt/airflow/dags/Code explanation.xlsx
[2025-04-27T22:50:04.689+0000] {processor.py:183} INFO - Processing /opt/airflow/dags/Code explanation.xlsx took 0.035 seconds
[2025-04-27T22:50:35.029+0000] {processor.py:161} INFO - Started process (PID=1433) to work on /opt/airflow/dags/Code explanation.xlsx
[2025-04-27T22:50:35.030+0000] {processor.py:830} INFO - Processing file /opt/airflow/dags/Code explanation.xlsx for tasks to queue
[2025-04-27T22:50:35.031+0000] {logging_mixin.py:188} INFO - [2025-04-27T22:50:35.031+0000] {dagbag.py:538} INFO - Filling up the DagBag from /opt/airflow/dags/Code explanation.xlsx
[2025-04-27T22:50:35.041+0000] {processor.py:842} WARNING - No viable dags retrieved from /opt/airflow/dags/Code explanation.xlsx
[2025-04-27T22:50:35.055+0000] {processor.py:183} INFO - Processing /opt/airflow/dags/Code explanation.xlsx took 0.029 seconds
[2025-04-27T22:51:05.237+0000] {processor.py:161} INFO - Started process (PID=1473) to work on /opt/airflow/dags/Code explanation.xlsx
[2025-04-27T22:51:05.238+0000] {processor.py:830} INFO - Processing file /opt/airflow/dags/Code explanation.xlsx for tasks to queue
[2025-04-27T22:51:05.239+0000] {logging_mixin.py:188} INFO - [2025-04-27T22:51:05.239+0000] {dagbag.py:538} INFO - Filling up the DagBag from /opt/airflow/dags/Code explanation.xlsx
[2025-04-27T22:51:05.252+0000] {processor.py:842} WARNING - No viable dags retrieved from /opt/airflow/dags/Code explanation.xlsx
[2025-04-27T22:51:05.264+0000] {processor.py:183} INFO - Processing /opt/airflow/dags/Code explanation.xlsx took 0.030 seconds
[2025-04-27T22:51:35.663+0000] {processor.py:161} INFO - Started process (PID=1519) to work on /opt/airflow/dags/Code explanation.xlsx
[2025-04-27T22:51:35.664+0000] {processor.py:830} INFO - Processing file /opt/airflow/dags/Code explanation.xlsx for tasks to queue
[2025-04-27T22:51:35.665+0000] {logging_mixin.py:188} INFO - [2025-04-27T22:51:35.665+0000] {dagbag.py:538} INFO - Filling up the DagBag from /opt/airflow/dags/Code explanation.xlsx
[2025-04-27T22:51:35.677+0000] {processor.py:842} WARNING - No viable dags retrieved from /opt/airflow/dags/Code explanation.xlsx
[2025-04-27T22:51:35.693+0000] {processor.py:183} INFO - Processing /opt/airflow/dags/Code explanation.xlsx took 0.034 seconds
[2025-04-27T22:52:06.067+0000] {processor.py:161} INFO - Started process (PID=1562) to work on /opt/airflow/dags/Code explanation.xlsx
[2025-04-27T22:52:06.068+0000] {processor.py:830} INFO - Processing file /opt/airflow/dags/Code explanation.xlsx for tasks to queue
[2025-04-27T22:52:06.069+0000] {logging_mixin.py:188} INFO - [2025-04-27T22:52:06.068+0000] {dagbag.py:538} INFO - Filling up the DagBag from /opt/airflow/dags/Code explanation.xlsx
[2025-04-27T22:52:06.081+0000] {processor.py:842} WARNING - No viable dags retrieved from /opt/airflow/dags/Code explanation.xlsx
[2025-04-27T22:52:06.102+0000] {processor.py:183} INFO - Processing /opt/airflow/dags/Code explanation.xlsx took 0.039 seconds
[2025-04-27T22:52:36.433+0000] {processor.py:161} INFO - Started process (PID=1605) to work on /opt/airflow/dags/Code explanation.xlsx
[2025-04-27T22:52:36.434+0000] {processor.py:830} INFO - Processing file /opt/airflow/dags/Code explanation.xlsx for tasks to queue
[2025-04-27T22:52:36.435+0000] {logging_mixin.py:188} INFO - [2025-04-27T22:52:36.435+0000] {dagbag.py:538} INFO - Filling up the DagBag from /opt/airflow/dags/Code explanation.xlsx
[2025-04-27T22:52:36.447+0000] {processor.py:842} WARNING - No viable dags retrieved from /opt/airflow/dags/Code explanation.xlsx
[2025-04-27T22:52:36.459+0000] {processor.py:183} INFO - Processing /opt/airflow/dags/Code explanation.xlsx took 0.028 seconds
[2025-04-27T22:53:07.019+0000] {processor.py:161} INFO - Started process (PID=1648) to work on /opt/airflow/dags/Code explanation.xlsx
[2025-04-27T22:53:07.023+0000] {processor.py:830} INFO - Processing file /opt/airflow/dags/Code explanation.xlsx for tasks to queue
[2025-04-27T22:53:07.025+0000] {logging_mixin.py:188} INFO - [2025-04-27T22:53:07.025+0000] {dagbag.py:538} INFO - Filling up the DagBag from /opt/airflow/dags/Code explanation.xlsx
[2025-04-27T22:53:07.041+0000] {processor.py:842} WARNING - No viable dags retrieved from /opt/airflow/dags/Code explanation.xlsx
[2025-04-27T22:53:07.057+0000] {processor.py:183} INFO - Processing /opt/airflow/dags/Code explanation.xlsx took 0.049 seconds
[2025-04-27T22:53:37.238+0000] {processor.py:161} INFO - Started process (PID=1691) to work on /opt/airflow/dags/Code explanation.xlsx
[2025-04-27T22:53:37.239+0000] {processor.py:830} INFO - Processing file /opt/airflow/dags/Code explanation.xlsx for tasks to queue
[2025-04-27T22:53:37.240+0000] {logging_mixin.py:188} INFO - [2025-04-27T22:53:37.240+0000] {dagbag.py:538} INFO - Filling up the DagBag from /opt/airflow/dags/Code explanation.xlsx
[2025-04-27T22:53:37.254+0000] {processor.py:842} WARNING - No viable dags retrieved from /opt/airflow/dags/Code explanation.xlsx
[2025-04-27T22:53:37.266+0000] {processor.py:183} INFO - Processing /opt/airflow/dags/Code explanation.xlsx took 0.030 seconds
[2025-04-27T22:54:07.919+0000] {processor.py:161} INFO - Started process (PID=1734) to work on /opt/airflow/dags/Code explanation.xlsx
[2025-04-27T22:54:07.920+0000] {processor.py:830} INFO - Processing file /opt/airflow/dags/Code explanation.xlsx for tasks to queue
[2025-04-27T22:54:07.921+0000] {logging_mixin.py:188} INFO - [2025-04-27T22:54:07.921+0000] {dagbag.py:538} INFO - Filling up the DagBag from /opt/airflow/dags/Code explanation.xlsx
[2025-04-27T22:54:07.931+0000] {processor.py:842} WARNING - No viable dags retrieved from /opt/airflow/dags/Code explanation.xlsx
[2025-04-27T22:54:07.945+0000] {processor.py:183} INFO - Processing /opt/airflow/dags/Code explanation.xlsx took 0.029 seconds
[2025-04-27T22:54:38.592+0000] {processor.py:161} INFO - Started process (PID=1777) to work on /opt/airflow/dags/Code explanation.xlsx
[2025-04-27T22:54:38.593+0000] {processor.py:830} INFO - Processing file /opt/airflow/dags/Code explanation.xlsx for tasks to queue
[2025-04-27T22:54:38.596+0000] {logging_mixin.py:188} INFO - [2025-04-27T22:54:38.595+0000] {dagbag.py:538} INFO - Filling up the DagBag from /opt/airflow/dags/Code explanation.xlsx
[2025-04-27T22:54:38.611+0000] {processor.py:842} WARNING - No viable dags retrieved from /opt/airflow/dags/Code explanation.xlsx
[2025-04-27T22:54:38.631+0000] {processor.py:183} INFO - Processing /opt/airflow/dags/Code explanation.xlsx took 0.042 seconds
[2025-04-27T22:55:09.116+0000] {processor.py:161} INFO - Started process (PID=1820) to work on /opt/airflow/dags/Code explanation.xlsx
[2025-04-27T22:55:09.117+0000] {processor.py:830} INFO - Processing file /opt/airflow/dags/Code explanation.xlsx for tasks to queue
[2025-04-27T22:55:09.118+0000] {logging_mixin.py:188} INFO - [2025-04-27T22:55:09.118+0000] {dagbag.py:538} INFO - Filling up the DagBag from /opt/airflow/dags/Code explanation.xlsx
[2025-04-27T22:55:09.128+0000] {processor.py:842} WARNING - No viable dags retrieved from /opt/airflow/dags/Code explanation.xlsx
[2025-04-27T22:55:09.141+0000] {processor.py:183} INFO - Processing /opt/airflow/dags/Code explanation.xlsx took 0.027 seconds
[2025-04-27T22:55:39.329+0000] {processor.py:161} INFO - Started process (PID=1860) to work on /opt/airflow/dags/Code explanation.xlsx
[2025-04-27T22:55:39.330+0000] {processor.py:830} INFO - Processing file /opt/airflow/dags/Code explanation.xlsx for tasks to queue
[2025-04-27T22:55:39.331+0000] {logging_mixin.py:188} INFO - [2025-04-27T22:55:39.331+0000] {dagbag.py:538} INFO - Filling up the DagBag from /opt/airflow/dags/Code explanation.xlsx
[2025-04-27T22:55:39.342+0000] {processor.py:842} WARNING - No viable dags retrieved from /opt/airflow/dags/Code explanation.xlsx
[2025-04-27T22:55:39.355+0000] {processor.py:183} INFO - Processing /opt/airflow/dags/Code explanation.xlsx took 0.029 seconds
[2025-04-27T22:56:09.934+0000] {processor.py:161} INFO - Started process (PID=1906) to work on /opt/airflow/dags/Code explanation.xlsx
[2025-04-27T22:56:09.936+0000] {processor.py:830} INFO - Processing file /opt/airflow/dags/Code explanation.xlsx for tasks to queue
[2025-04-27T22:56:09.937+0000] {logging_mixin.py:188} INFO - [2025-04-27T22:56:09.937+0000] {dagbag.py:538} INFO - Filling up the DagBag from /opt/airflow/dags/Code explanation.xlsx
[2025-04-27T22:56:09.949+0000] {processor.py:842} WARNING - No viable dags retrieved from /opt/airflow/dags/Code explanation.xlsx
[2025-04-27T22:56:09.967+0000] {processor.py:183} INFO - Processing /opt/airflow/dags/Code explanation.xlsx took 0.035 seconds
[2025-04-27T22:56:40.076+0000] {processor.py:161} INFO - Started process (PID=1946) to work on /opt/airflow/dags/Code explanation.xlsx
[2025-04-27T22:56:40.077+0000] {processor.py:830} INFO - Processing file /opt/airflow/dags/Code explanation.xlsx for tasks to queue
[2025-04-27T22:56:40.078+0000] {logging_mixin.py:188} INFO - [2025-04-27T22:56:40.078+0000] {dagbag.py:538} INFO - Filling up the DagBag from /opt/airflow/dags/Code explanation.xlsx
[2025-04-27T22:56:40.088+0000] {processor.py:842} WARNING - No viable dags retrieved from /opt/airflow/dags/Code explanation.xlsx
[2025-04-27T22:56:40.098+0000] {processor.py:183} INFO - Processing /opt/airflow/dags/Code explanation.xlsx took 0.024 seconds
[2025-04-27T23:11:27.230+0000] {processor.py:161} INFO - Started process (PID=1982) to work on /opt/airflow/dags/Code explanation.xlsx
[2025-04-27T23:11:27.232+0000] {processor.py:830} INFO - Processing file /opt/airflow/dags/Code explanation.xlsx for tasks to queue
[2025-04-27T23:11:27.234+0000] {logging_mixin.py:188} INFO - [2025-04-27T23:11:27.233+0000] {dagbag.py:538} INFO - Filling up the DagBag from /opt/airflow/dags/Code explanation.xlsx
[2025-04-27T23:11:27.249+0000] {processor.py:842} WARNING - No viable dags retrieved from /opt/airflow/dags/Code explanation.xlsx
[2025-04-27T23:11:27.280+0000] {processor.py:183} INFO - Processing /opt/airflow/dags/Code explanation.xlsx took 0.053 seconds
[2025-04-27T23:11:57.650+0000] {processor.py:161} INFO - Started process (PID=2020) to work on /opt/airflow/dags/Code explanation.xlsx
[2025-04-27T23:11:57.651+0000] {processor.py:830} INFO - Processing file /opt/airflow/dags/Code explanation.xlsx for tasks to queue
[2025-04-27T23:11:57.653+0000] {logging_mixin.py:188} INFO - [2025-04-27T23:11:57.652+0000] {dagbag.py:538} INFO - Filling up the DagBag from /opt/airflow/dags/Code explanation.xlsx
[2025-04-27T23:11:57.664+0000] {processor.py:842} WARNING - No viable dags retrieved from /opt/airflow/dags/Code explanation.xlsx
[2025-04-27T23:11:57.676+0000] {processor.py:183} INFO - Processing /opt/airflow/dags/Code explanation.xlsx took 0.028 seconds
[2025-04-27T23:12:28.313+0000] {processor.py:161} INFO - Started process (PID=2065) to work on /opt/airflow/dags/Code explanation.xlsx
[2025-04-27T23:12:28.315+0000] {processor.py:830} INFO - Processing file /opt/airflow/dags/Code explanation.xlsx for tasks to queue
[2025-04-27T23:12:28.316+0000] {logging_mixin.py:188} INFO - [2025-04-27T23:12:28.316+0000] {dagbag.py:538} INFO - Filling up the DagBag from /opt/airflow/dags/Code explanation.xlsx
[2025-04-27T23:12:28.336+0000] {processor.py:842} WARNING - No viable dags retrieved from /opt/airflow/dags/Code explanation.xlsx
[2025-04-27T23:12:28.385+0000] {processor.py:183} INFO - Processing /opt/airflow/dags/Code explanation.xlsx took 0.075 seconds
[2025-04-27T23:17:04.369+0000] {processor.py:161} INFO - Started process (PID=186) to work on /opt/airflow/dags/Code explanation.xlsx
[2025-04-27T23:17:04.371+0000] {processor.py:830} INFO - Processing file /opt/airflow/dags/Code explanation.xlsx for tasks to queue
[2025-04-27T23:17:04.372+0000] {logging_mixin.py:188} INFO - [2025-04-27T23:17:04.372+0000] {dagbag.py:538} INFO - Filling up the DagBag from /opt/airflow/dags/Code explanation.xlsx
[2025-04-27T23:17:04.385+0000] {processor.py:842} WARNING - No viable dags retrieved from /opt/airflow/dags/Code explanation.xlsx
[2025-04-27T23:17:04.399+0000] {processor.py:183} INFO - Processing /opt/airflow/dags/Code explanation.xlsx took 0.041 seconds
[2025-04-27T23:17:35.178+0000] {processor.py:161} INFO - Started process (PID=229) to work on /opt/airflow/dags/Code explanation.xlsx
[2025-04-27T23:17:35.180+0000] {processor.py:830} INFO - Processing file /opt/airflow/dags/Code explanation.xlsx for tasks to queue
[2025-04-27T23:17:35.183+0000] {logging_mixin.py:188} INFO - [2025-04-27T23:17:35.182+0000] {dagbag.py:538} INFO - Filling up the DagBag from /opt/airflow/dags/Code explanation.xlsx
[2025-04-27T23:17:35.202+0000] {processor.py:842} WARNING - No viable dags retrieved from /opt/airflow/dags/Code explanation.xlsx
[2025-04-27T23:17:35.230+0000] {processor.py:183} INFO - Processing /opt/airflow/dags/Code explanation.xlsx took 0.057 seconds
[2025-04-27T23:18:05.368+0000] {processor.py:161} INFO - Started process (PID=269) to work on /opt/airflow/dags/Code explanation.xlsx
[2025-04-27T23:18:05.369+0000] {processor.py:830} INFO - Processing file /opt/airflow/dags/Code explanation.xlsx for tasks to queue
[2025-04-27T23:18:05.371+0000] {logging_mixin.py:188} INFO - [2025-04-27T23:18:05.370+0000] {dagbag.py:538} INFO - Filling up the DagBag from /opt/airflow/dags/Code explanation.xlsx
[2025-04-27T23:18:05.395+0000] {processor.py:842} WARNING - No viable dags retrieved from /opt/airflow/dags/Code explanation.xlsx
[2025-04-27T23:18:05.410+0000] {processor.py:183} INFO - Processing /opt/airflow/dags/Code explanation.xlsx took 0.044 seconds
[2025-04-27T23:18:36.078+0000] {processor.py:161} INFO - Started process (PID=312) to work on /opt/airflow/dags/Code explanation.xlsx
[2025-04-27T23:18:36.080+0000] {processor.py:830} INFO - Processing file /opt/airflow/dags/Code explanation.xlsx for tasks to queue
[2025-04-27T23:18:36.081+0000] {logging_mixin.py:188} INFO - [2025-04-27T23:18:36.081+0000] {dagbag.py:538} INFO - Filling up the DagBag from /opt/airflow/dags/Code explanation.xlsx
[2025-04-27T23:18:36.092+0000] {processor.py:842} WARNING - No viable dags retrieved from /opt/airflow/dags/Code explanation.xlsx
[2025-04-27T23:18:36.105+0000] {processor.py:183} INFO - Processing /opt/airflow/dags/Code explanation.xlsx took 0.029 seconds
[2025-04-27T23:19:06.750+0000] {processor.py:161} INFO - Started process (PID=355) to work on /opt/airflow/dags/Code explanation.xlsx
[2025-04-27T23:19:06.751+0000] {processor.py:830} INFO - Processing file /opt/airflow/dags/Code explanation.xlsx for tasks to queue
[2025-04-27T23:19:06.752+0000] {logging_mixin.py:188} INFO - [2025-04-27T23:19:06.751+0000] {dagbag.py:538} INFO - Filling up the DagBag from /opt/airflow/dags/Code explanation.xlsx
[2025-04-27T23:19:06.762+0000] {processor.py:842} WARNING - No viable dags retrieved from /opt/airflow/dags/Code explanation.xlsx
[2025-04-27T23:19:06.775+0000] {processor.py:183} INFO - Processing /opt/airflow/dags/Code explanation.xlsx took 0.027 seconds
[2025-04-27T23:19:37.329+0000] {processor.py:161} INFO - Started process (PID=398) to work on /opt/airflow/dags/Code explanation.xlsx
[2025-04-27T23:19:37.330+0000] {processor.py:830} INFO - Processing file /opt/airflow/dags/Code explanation.xlsx for tasks to queue
[2025-04-27T23:19:37.331+0000] {logging_mixin.py:188} INFO - [2025-04-27T23:19:37.331+0000] {dagbag.py:538} INFO - Filling up the DagBag from /opt/airflow/dags/Code explanation.xlsx
[2025-04-27T23:19:37.341+0000] {processor.py:842} WARNING - No viable dags retrieved from /opt/airflow/dags/Code explanation.xlsx
[2025-04-27T23:19:37.355+0000] {processor.py:183} INFO - Processing /opt/airflow/dags/Code explanation.xlsx took 0.029 seconds
[2025-04-27T23:20:08.109+0000] {processor.py:161} INFO - Started process (PID=444) to work on /opt/airflow/dags/Code explanation.xlsx
[2025-04-27T23:20:08.110+0000] {processor.py:830} INFO - Processing file /opt/airflow/dags/Code explanation.xlsx for tasks to queue
[2025-04-27T23:20:08.111+0000] {logging_mixin.py:188} INFO - [2025-04-27T23:20:08.111+0000] {dagbag.py:538} INFO - Filling up the DagBag from /opt/airflow/dags/Code explanation.xlsx
[2025-04-27T23:20:08.121+0000] {processor.py:842} WARNING - No viable dags retrieved from /opt/airflow/dags/Code explanation.xlsx
[2025-04-27T23:20:08.134+0000] {processor.py:183} INFO - Processing /opt/airflow/dags/Code explanation.xlsx took 0.028 seconds
[2025-04-27T23:20:38.841+0000] {processor.py:161} INFO - Started process (PID=487) to work on /opt/airflow/dags/Code explanation.xlsx
[2025-04-27T23:20:38.843+0000] {processor.py:830} INFO - Processing file /opt/airflow/dags/Code explanation.xlsx for tasks to queue
[2025-04-27T23:20:38.847+0000] {logging_mixin.py:188} INFO - [2025-04-27T23:20:38.846+0000] {dagbag.py:538} INFO - Filling up the DagBag from /opt/airflow/dags/Code explanation.xlsx
[2025-04-27T23:20:38.864+0000] {processor.py:842} WARNING - No viable dags retrieved from /opt/airflow/dags/Code explanation.xlsx
[2025-04-27T23:20:38.889+0000] {processor.py:183} INFO - Processing /opt/airflow/dags/Code explanation.xlsx took 0.053 seconds
[2025-04-27T23:21:09.673+0000] {processor.py:161} INFO - Started process (PID=530) to work on /opt/airflow/dags/Code explanation.xlsx
[2025-04-27T23:21:09.675+0000] {processor.py:830} INFO - Processing file /opt/airflow/dags/Code explanation.xlsx for tasks to queue
[2025-04-27T23:21:09.676+0000] {logging_mixin.py:188} INFO - [2025-04-27T23:21:09.676+0000] {dagbag.py:538} INFO - Filling up the DagBag from /opt/airflow/dags/Code explanation.xlsx
[2025-04-27T23:21:09.688+0000] {processor.py:842} WARNING - No viable dags retrieved from /opt/airflow/dags/Code explanation.xlsx
[2025-04-27T23:21:09.703+0000] {processor.py:183} INFO - Processing /opt/airflow/dags/Code explanation.xlsx took 0.033 seconds
[2025-04-27T23:21:40.607+0000] {processor.py:161} INFO - Started process (PID=573) to work on /opt/airflow/dags/Code explanation.xlsx
[2025-04-27T23:21:40.609+0000] {processor.py:830} INFO - Processing file /opt/airflow/dags/Code explanation.xlsx for tasks to queue
[2025-04-27T23:21:40.610+0000] {logging_mixin.py:188} INFO - [2025-04-27T23:21:40.610+0000] {dagbag.py:538} INFO - Filling up the DagBag from /opt/airflow/dags/Code explanation.xlsx
[2025-04-27T23:21:40.623+0000] {processor.py:842} WARNING - No viable dags retrieved from /opt/airflow/dags/Code explanation.xlsx
[2025-04-27T23:21:40.634+0000] {processor.py:183} INFO - Processing /opt/airflow/dags/Code explanation.xlsx took 0.029 seconds
[2025-04-27T23:22:11.525+0000] {processor.py:161} INFO - Started process (PID=616) to work on /opt/airflow/dags/Code explanation.xlsx
[2025-04-27T23:22:11.526+0000] {processor.py:830} INFO - Processing file /opt/airflow/dags/Code explanation.xlsx for tasks to queue
[2025-04-27T23:22:11.527+0000] {logging_mixin.py:188} INFO - [2025-04-27T23:22:11.527+0000] {dagbag.py:538} INFO - Filling up the DagBag from /opt/airflow/dags/Code explanation.xlsx
[2025-04-27T23:22:11.543+0000] {processor.py:842} WARNING - No viable dags retrieved from /opt/airflow/dags/Code explanation.xlsx
[2025-04-27T23:22:11.565+0000] {processor.py:183} INFO - Processing /opt/airflow/dags/Code explanation.xlsx took 0.044 seconds
[2025-04-27T23:22:42.202+0000] {processor.py:161} INFO - Started process (PID=659) to work on /opt/airflow/dags/Code explanation.xlsx
[2025-04-27T23:22:42.203+0000] {processor.py:830} INFO - Processing file /opt/airflow/dags/Code explanation.xlsx for tasks to queue
[2025-04-27T23:22:42.205+0000] {logging_mixin.py:188} INFO - [2025-04-27T23:22:42.204+0000] {dagbag.py:538} INFO - Filling up the DagBag from /opt/airflow/dags/Code explanation.xlsx
[2025-04-27T23:22:42.219+0000] {processor.py:842} WARNING - No viable dags retrieved from /opt/airflow/dags/Code explanation.xlsx
[2025-04-27T23:22:42.237+0000] {processor.py:183} INFO - Processing /opt/airflow/dags/Code explanation.xlsx took 0.038 seconds
[2025-04-27T23:23:13.200+0000] {processor.py:161} INFO - Started process (PID=702) to work on /opt/airflow/dags/Code explanation.xlsx
[2025-04-27T23:23:13.201+0000] {processor.py:830} INFO - Processing file /opt/airflow/dags/Code explanation.xlsx for tasks to queue
[2025-04-27T23:23:13.204+0000] {logging_mixin.py:188} INFO - [2025-04-27T23:23:13.203+0000] {dagbag.py:538} INFO - Filling up the DagBag from /opt/airflow/dags/Code explanation.xlsx
[2025-04-27T23:23:13.223+0000] {processor.py:842} WARNING - No viable dags retrieved from /opt/airflow/dags/Code explanation.xlsx
[2025-04-27T23:23:13.257+0000] {processor.py:183} INFO - Processing /opt/airflow/dags/Code explanation.xlsx took 0.061 seconds
[2025-04-27T23:23:43.380+0000] {processor.py:161} INFO - Started process (PID=742) to work on /opt/airflow/dags/Code explanation.xlsx
[2025-04-27T23:23:43.381+0000] {processor.py:830} INFO - Processing file /opt/airflow/dags/Code explanation.xlsx for tasks to queue
[2025-04-27T23:23:43.382+0000] {logging_mixin.py:188} INFO - [2025-04-27T23:23:43.382+0000] {dagbag.py:538} INFO - Filling up the DagBag from /opt/airflow/dags/Code explanation.xlsx
[2025-04-27T23:23:43.405+0000] {processor.py:842} WARNING - No viable dags retrieved from /opt/airflow/dags/Code explanation.xlsx
[2025-04-27T23:23:43.417+0000] {processor.py:183} INFO - Processing /opt/airflow/dags/Code explanation.xlsx took 0.039 seconds
[2025-04-27T23:24:13.828+0000] {processor.py:161} INFO - Started process (PID=788) to work on /opt/airflow/dags/Code explanation.xlsx
[2025-04-27T23:24:13.829+0000] {processor.py:830} INFO - Processing file /opt/airflow/dags/Code explanation.xlsx for tasks to queue
[2025-04-27T23:24:13.830+0000] {logging_mixin.py:188} INFO - [2025-04-27T23:24:13.830+0000] {dagbag.py:538} INFO - Filling up the DagBag from /opt/airflow/dags/Code explanation.xlsx
[2025-04-27T23:24:13.843+0000] {processor.py:842} WARNING - No viable dags retrieved from /opt/airflow/dags/Code explanation.xlsx
[2025-04-27T23:24:13.857+0000] {processor.py:183} INFO - Processing /opt/airflow/dags/Code explanation.xlsx took 0.031 seconds
[2025-04-27T23:24:44.603+0000] {processor.py:161} INFO - Started process (PID=831) to work on /opt/airflow/dags/Code explanation.xlsx
[2025-04-27T23:24:44.606+0000] {processor.py:830} INFO - Processing file /opt/airflow/dags/Code explanation.xlsx for tasks to queue
[2025-04-27T23:24:44.608+0000] {logging_mixin.py:188} INFO - [2025-04-27T23:24:44.607+0000] {dagbag.py:538} INFO - Filling up the DagBag from /opt/airflow/dags/Code explanation.xlsx
[2025-04-27T23:24:44.628+0000] {processor.py:842} WARNING - No viable dags retrieved from /opt/airflow/dags/Code explanation.xlsx
[2025-04-27T23:24:44.663+0000] {processor.py:183} INFO - Processing /opt/airflow/dags/Code explanation.xlsx took 0.067 seconds
[2025-04-27T23:25:15.256+0000] {processor.py:161} INFO - Started process (PID=874) to work on /opt/airflow/dags/Code explanation.xlsx
[2025-04-27T23:25:15.257+0000] {processor.py:830} INFO - Processing file /opt/airflow/dags/Code explanation.xlsx for tasks to queue
[2025-04-27T23:25:15.258+0000] {logging_mixin.py:188} INFO - [2025-04-27T23:25:15.258+0000] {dagbag.py:538} INFO - Filling up the DagBag from /opt/airflow/dags/Code explanation.xlsx
[2025-04-27T23:25:15.271+0000] {processor.py:842} WARNING - No viable dags retrieved from /opt/airflow/dags/Code explanation.xlsx
[2025-04-27T23:25:15.283+0000] {processor.py:183} INFO - Processing /opt/airflow/dags/Code explanation.xlsx took 0.029 seconds
[2025-04-27T23:25:45.470+0000] {processor.py:161} INFO - Started process (PID=914) to work on /opt/airflow/dags/Code explanation.xlsx
[2025-04-27T23:25:45.471+0000] {processor.py:830} INFO - Processing file /opt/airflow/dags/Code explanation.xlsx for tasks to queue
[2025-04-27T23:25:45.472+0000] {logging_mixin.py:188} INFO - [2025-04-27T23:25:45.472+0000] {dagbag.py:538} INFO - Filling up the DagBag from /opt/airflow/dags/Code explanation.xlsx
[2025-04-27T23:25:45.482+0000] {processor.py:842} WARNING - No viable dags retrieved from /opt/airflow/dags/Code explanation.xlsx
[2025-04-27T23:25:45.494+0000] {processor.py:183} INFO - Processing /opt/airflow/dags/Code explanation.xlsx took 0.026 seconds
[2025-04-27T23:26:16.188+0000] {processor.py:161} INFO - Started process (PID=960) to work on /opt/airflow/dags/Code explanation.xlsx
[2025-04-27T23:26:16.189+0000] {processor.py:830} INFO - Processing file /opt/airflow/dags/Code explanation.xlsx for tasks to queue
[2025-04-27T23:26:16.190+0000] {logging_mixin.py:188} INFO - [2025-04-27T23:26:16.190+0000] {dagbag.py:538} INFO - Filling up the DagBag from /opt/airflow/dags/Code explanation.xlsx
[2025-04-27T23:26:16.202+0000] {processor.py:842} WARNING - No viable dags retrieved from /opt/airflow/dags/Code explanation.xlsx
[2025-04-27T23:26:16.215+0000] {processor.py:183} INFO - Processing /opt/airflow/dags/Code explanation.xlsx took 0.030 seconds
[2025-04-27T23:26:47.074+0000] {processor.py:161} INFO - Started process (PID=1003) to work on /opt/airflow/dags/Code explanation.xlsx
[2025-04-27T23:26:47.076+0000] {processor.py:830} INFO - Processing file /opt/airflow/dags/Code explanation.xlsx for tasks to queue
[2025-04-27T23:26:47.077+0000] {logging_mixin.py:188} INFO - [2025-04-27T23:26:47.076+0000] {dagbag.py:538} INFO - Filling up the DagBag from /opt/airflow/dags/Code explanation.xlsx
[2025-04-27T23:26:47.093+0000] {processor.py:842} WARNING - No viable dags retrieved from /opt/airflow/dags/Code explanation.xlsx
[2025-04-27T23:26:47.118+0000] {processor.py:183} INFO - Processing /opt/airflow/dags/Code explanation.xlsx took 0.047 seconds
[2025-04-27T23:27:18.035+0000] {processor.py:161} INFO - Started process (PID=1046) to work on /opt/airflow/dags/Code explanation.xlsx
[2025-04-27T23:27:18.036+0000] {processor.py:830} INFO - Processing file /opt/airflow/dags/Code explanation.xlsx for tasks to queue
[2025-04-27T23:27:18.037+0000] {logging_mixin.py:188} INFO - [2025-04-27T23:27:18.036+0000] {dagbag.py:538} INFO - Filling up the DagBag from /opt/airflow/dags/Code explanation.xlsx
[2025-04-27T23:27:18.047+0000] {processor.py:842} WARNING - No viable dags retrieved from /opt/airflow/dags/Code explanation.xlsx
[2025-04-27T23:27:18.059+0000] {processor.py:183} INFO - Processing /opt/airflow/dags/Code explanation.xlsx took 0.027 seconds
[2025-04-27T23:27:49.021+0000] {processor.py:161} INFO - Started process (PID=1089) to work on /opt/airflow/dags/Code explanation.xlsx
[2025-04-27T23:27:49.022+0000] {processor.py:830} INFO - Processing file /opt/airflow/dags/Code explanation.xlsx for tasks to queue
[2025-04-27T23:27:49.023+0000] {logging_mixin.py:188} INFO - [2025-04-27T23:27:49.022+0000] {dagbag.py:538} INFO - Filling up the DagBag from /opt/airflow/dags/Code explanation.xlsx
[2025-04-27T23:27:49.032+0000] {processor.py:842} WARNING - No viable dags retrieved from /opt/airflow/dags/Code explanation.xlsx
[2025-04-27T23:27:49.046+0000] {processor.py:183} INFO - Processing /opt/airflow/dags/Code explanation.xlsx took 0.027 seconds
[2025-04-27T23:28:19.772+0000] {processor.py:161} INFO - Started process (PID=1132) to work on /opt/airflow/dags/Code explanation.xlsx
[2025-04-27T23:28:19.774+0000] {processor.py:830} INFO - Processing file /opt/airflow/dags/Code explanation.xlsx for tasks to queue
[2025-04-27T23:28:19.775+0000] {logging_mixin.py:188} INFO - [2025-04-27T23:28:19.775+0000] {dagbag.py:538} INFO - Filling up the DagBag from /opt/airflow/dags/Code explanation.xlsx
[2025-04-27T23:28:19.792+0000] {processor.py:842} WARNING - No viable dags retrieved from /opt/airflow/dags/Code explanation.xlsx
[2025-04-27T23:28:19.807+0000] {processor.py:183} INFO - Processing /opt/airflow/dags/Code explanation.xlsx took 0.037 seconds
[2025-04-27T23:28:50.255+0000] {processor.py:161} INFO - Started process (PID=1175) to work on /opt/airflow/dags/Code explanation.xlsx
[2025-04-27T23:28:50.256+0000] {processor.py:830} INFO - Processing file /opt/airflow/dags/Code explanation.xlsx for tasks to queue
[2025-04-27T23:28:50.257+0000] {logging_mixin.py:188} INFO - [2025-04-27T23:28:50.257+0000] {dagbag.py:538} INFO - Filling up the DagBag from /opt/airflow/dags/Code explanation.xlsx
[2025-04-27T23:28:50.267+0000] {processor.py:842} WARNING - No viable dags retrieved from /opt/airflow/dags/Code explanation.xlsx
[2025-04-27T23:28:50.284+0000] {processor.py:183} INFO - Processing /opt/airflow/dags/Code explanation.xlsx took 0.032 seconds
[2025-04-27T23:29:20.938+0000] {processor.py:161} INFO - Started process (PID=1218) to work on /opt/airflow/dags/Code explanation.xlsx
[2025-04-27T23:29:20.939+0000] {processor.py:830} INFO - Processing file /opt/airflow/dags/Code explanation.xlsx for tasks to queue
[2025-04-27T23:29:20.939+0000] {logging_mixin.py:188} INFO - [2025-04-27T23:29:20.939+0000] {dagbag.py:538} INFO - Filling up the DagBag from /opt/airflow/dags/Code explanation.xlsx
[2025-04-27T23:29:20.949+0000] {processor.py:842} WARNING - No viable dags retrieved from /opt/airflow/dags/Code explanation.xlsx
[2025-04-27T23:29:20.961+0000] {processor.py:183} INFO - Processing /opt/airflow/dags/Code explanation.xlsx took 0.026 seconds
[2025-04-27T23:29:51.344+0000] {processor.py:161} INFO - Started process (PID=1261) to work on /opt/airflow/dags/Code explanation.xlsx
[2025-04-27T23:29:51.345+0000] {processor.py:830} INFO - Processing file /opt/airflow/dags/Code explanation.xlsx for tasks to queue
[2025-04-27T23:29:51.347+0000] {logging_mixin.py:188} INFO - [2025-04-27T23:29:51.346+0000] {dagbag.py:538} INFO - Filling up the DagBag from /opt/airflow/dags/Code explanation.xlsx
[2025-04-27T23:29:51.357+0000] {processor.py:842} WARNING - No viable dags retrieved from /opt/airflow/dags/Code explanation.xlsx
[2025-04-27T23:29:51.376+0000] {processor.py:183} INFO - Processing /opt/airflow/dags/Code explanation.xlsx took 0.034 seconds
[2025-04-27T23:30:21.977+0000] {processor.py:161} INFO - Started process (PID=1304) to work on /opt/airflow/dags/Code explanation.xlsx
[2025-04-27T23:30:21.978+0000] {processor.py:830} INFO - Processing file /opt/airflow/dags/Code explanation.xlsx for tasks to queue
[2025-04-27T23:30:21.979+0000] {logging_mixin.py:188} INFO - [2025-04-27T23:30:21.979+0000] {dagbag.py:538} INFO - Filling up the DagBag from /opt/airflow/dags/Code explanation.xlsx
[2025-04-27T23:30:21.993+0000] {processor.py:842} WARNING - No viable dags retrieved from /opt/airflow/dags/Code explanation.xlsx
[2025-04-27T23:30:22.010+0000] {processor.py:183} INFO - Processing /opt/airflow/dags/Code explanation.xlsx took 0.038 seconds
[2025-04-27T23:30:52.828+0000] {processor.py:161} INFO - Started process (PID=1347) to work on /opt/airflow/dags/Code explanation.xlsx
[2025-04-27T23:30:52.829+0000] {processor.py:830} INFO - Processing file /opt/airflow/dags/Code explanation.xlsx for tasks to queue
[2025-04-27T23:30:52.830+0000] {logging_mixin.py:188} INFO - [2025-04-27T23:30:52.830+0000] {dagbag.py:538} INFO - Filling up the DagBag from /opt/airflow/dags/Code explanation.xlsx
[2025-04-27T23:30:52.842+0000] {processor.py:842} WARNING - No viable dags retrieved from /opt/airflow/dags/Code explanation.xlsx
[2025-04-27T23:30:52.856+0000] {processor.py:183} INFO - Processing /opt/airflow/dags/Code explanation.xlsx took 0.030 seconds
[2025-04-27T23:31:23.536+0000] {processor.py:161} INFO - Started process (PID=1390) to work on /opt/airflow/dags/Code explanation.xlsx
[2025-04-27T23:31:23.538+0000] {processor.py:830} INFO - Processing file /opt/airflow/dags/Code explanation.xlsx for tasks to queue
[2025-04-27T23:31:23.541+0000] {logging_mixin.py:188} INFO - [2025-04-27T23:31:23.540+0000] {dagbag.py:538} INFO - Filling up the DagBag from /opt/airflow/dags/Code explanation.xlsx
[2025-04-27T23:31:23.565+0000] {processor.py:842} WARNING - No viable dags retrieved from /opt/airflow/dags/Code explanation.xlsx
[2025-04-27T23:31:23.609+0000] {processor.py:183} INFO - Processing /opt/airflow/dags/Code explanation.xlsx took 0.078 seconds
[2025-04-27T23:31:54.204+0000] {processor.py:161} INFO - Started process (PID=1433) to work on /opt/airflow/dags/Code explanation.xlsx
[2025-04-27T23:31:54.205+0000] {processor.py:830} INFO - Processing file /opt/airflow/dags/Code explanation.xlsx for tasks to queue
[2025-04-27T23:31:54.206+0000] {logging_mixin.py:188} INFO - [2025-04-27T23:31:54.206+0000] {dagbag.py:538} INFO - Filling up the DagBag from /opt/airflow/dags/Code explanation.xlsx
[2025-04-27T23:31:54.216+0000] {processor.py:842} WARNING - No viable dags retrieved from /opt/airflow/dags/Code explanation.xlsx
[2025-04-27T23:31:54.229+0000] {processor.py:183} INFO - Processing /opt/airflow/dags/Code explanation.xlsx took 0.028 seconds
[2025-04-27T23:32:24.973+0000] {processor.py:161} INFO - Started process (PID=1476) to work on /opt/airflow/dags/Code explanation.xlsx
[2025-04-27T23:32:24.974+0000] {processor.py:830} INFO - Processing file /opt/airflow/dags/Code explanation.xlsx for tasks to queue
[2025-04-27T23:32:24.975+0000] {logging_mixin.py:188} INFO - [2025-04-27T23:32:24.974+0000] {dagbag.py:538} INFO - Filling up the DagBag from /opt/airflow/dags/Code explanation.xlsx
[2025-04-27T23:32:24.991+0000] {processor.py:842} WARNING - No viable dags retrieved from /opt/airflow/dags/Code explanation.xlsx
[2025-04-27T23:32:25.007+0000] {processor.py:183} INFO - Processing /opt/airflow/dags/Code explanation.xlsx took 0.037 seconds
[2025-04-27T23:32:55.558+0000] {processor.py:161} INFO - Started process (PID=1519) to work on /opt/airflow/dags/Code explanation.xlsx
[2025-04-27T23:32:55.560+0000] {processor.py:830} INFO - Processing file /opt/airflow/dags/Code explanation.xlsx for tasks to queue
[2025-04-27T23:32:55.561+0000] {logging_mixin.py:188} INFO - [2025-04-27T23:32:55.561+0000] {dagbag.py:538} INFO - Filling up the DagBag from /opt/airflow/dags/Code explanation.xlsx
[2025-04-27T23:32:55.571+0000] {processor.py:842} WARNING - No viable dags retrieved from /opt/airflow/dags/Code explanation.xlsx
[2025-04-27T23:32:55.586+0000] {processor.py:183} INFO - Processing /opt/airflow/dags/Code explanation.xlsx took 0.031 seconds
[2025-04-27T23:33:26.129+0000] {processor.py:161} INFO - Started process (PID=1562) to work on /opt/airflow/dags/Code explanation.xlsx
[2025-04-27T23:33:26.129+0000] {processor.py:830} INFO - Processing file /opt/airflow/dags/Code explanation.xlsx for tasks to queue
[2025-04-27T23:33:26.130+0000] {logging_mixin.py:188} INFO - [2025-04-27T23:33:26.130+0000] {dagbag.py:538} INFO - Filling up the DagBag from /opt/airflow/dags/Code explanation.xlsx
[2025-04-27T23:33:26.139+0000] {processor.py:842} WARNING - No viable dags retrieved from /opt/airflow/dags/Code explanation.xlsx
[2025-04-27T23:33:26.151+0000] {processor.py:183} INFO - Processing /opt/airflow/dags/Code explanation.xlsx took 0.025 seconds
[2025-04-27T23:33:56.854+0000] {processor.py:161} INFO - Started process (PID=1605) to work on /opt/airflow/dags/Code explanation.xlsx
[2025-04-27T23:33:56.855+0000] {processor.py:830} INFO - Processing file /opt/airflow/dags/Code explanation.xlsx for tasks to queue
[2025-04-27T23:33:56.855+0000] {logging_mixin.py:188} INFO - [2025-04-27T23:33:56.855+0000] {dagbag.py:538} INFO - Filling up the DagBag from /opt/airflow/dags/Code explanation.xlsx
[2025-04-27T23:33:56.866+0000] {processor.py:842} WARNING - No viable dags retrieved from /opt/airflow/dags/Code explanation.xlsx
[2025-04-27T23:33:56.878+0000] {processor.py:183} INFO - Processing /opt/airflow/dags/Code explanation.xlsx took 0.027 seconds
[2025-04-27T23:34:27.605+0000] {processor.py:161} INFO - Started process (PID=1648) to work on /opt/airflow/dags/Code explanation.xlsx
[2025-04-27T23:34:27.606+0000] {processor.py:830} INFO - Processing file /opt/airflow/dags/Code explanation.xlsx for tasks to queue
[2025-04-27T23:34:27.607+0000] {logging_mixin.py:188} INFO - [2025-04-27T23:34:27.607+0000] {dagbag.py:538} INFO - Filling up the DagBag from /opt/airflow/dags/Code explanation.xlsx
[2025-04-27T23:34:27.618+0000] {processor.py:842} WARNING - No viable dags retrieved from /opt/airflow/dags/Code explanation.xlsx
[2025-04-27T23:34:27.635+0000] {processor.py:183} INFO - Processing /opt/airflow/dags/Code explanation.xlsx took 0.033 seconds
[2025-04-27T23:34:57.828+0000] {processor.py:161} INFO - Started process (PID=1688) to work on /opt/airflow/dags/Code explanation.xlsx
[2025-04-27T23:34:57.829+0000] {processor.py:830} INFO - Processing file /opt/airflow/dags/Code explanation.xlsx for tasks to queue
[2025-04-27T23:34:57.830+0000] {logging_mixin.py:188} INFO - [2025-04-27T23:34:57.830+0000] {dagbag.py:538} INFO - Filling up the DagBag from /opt/airflow/dags/Code explanation.xlsx
[2025-04-27T23:34:57.843+0000] {processor.py:842} WARNING - No viable dags retrieved from /opt/airflow/dags/Code explanation.xlsx
[2025-04-27T23:34:57.855+0000] {processor.py:183} INFO - Processing /opt/airflow/dags/Code explanation.xlsx took 0.030 seconds
[2025-04-27T23:35:28.463+0000] {processor.py:161} INFO - Started process (PID=1734) to work on /opt/airflow/dags/Code explanation.xlsx
[2025-04-27T23:35:28.465+0000] {processor.py:830} INFO - Processing file /opt/airflow/dags/Code explanation.xlsx for tasks to queue
[2025-04-27T23:35:28.465+0000] {logging_mixin.py:188} INFO - [2025-04-27T23:35:28.465+0000] {dagbag.py:538} INFO - Filling up the DagBag from /opt/airflow/dags/Code explanation.xlsx
[2025-04-27T23:35:28.475+0000] {processor.py:842} WARNING - No viable dags retrieved from /opt/airflow/dags/Code explanation.xlsx
[2025-04-27T23:35:28.489+0000] {processor.py:183} INFO - Processing /opt/airflow/dags/Code explanation.xlsx took 0.029 seconds
[2025-04-27T23:35:59.127+0000] {processor.py:161} INFO - Started process (PID=1777) to work on /opt/airflow/dags/Code explanation.xlsx
[2025-04-27T23:35:59.128+0000] {processor.py:830} INFO - Processing file /opt/airflow/dags/Code explanation.xlsx for tasks to queue
[2025-04-27T23:35:59.129+0000] {logging_mixin.py:188} INFO - [2025-04-27T23:35:59.129+0000] {dagbag.py:538} INFO - Filling up the DagBag from /opt/airflow/dags/Code explanation.xlsx
[2025-04-27T23:35:59.144+0000] {processor.py:842} WARNING - No viable dags retrieved from /opt/airflow/dags/Code explanation.xlsx
[2025-04-27T23:35:59.167+0000] {processor.py:183} INFO - Processing /opt/airflow/dags/Code explanation.xlsx took 0.043 seconds
[2025-04-27T23:36:29.849+0000] {processor.py:161} INFO - Started process (PID=1820) to work on /opt/airflow/dags/Code explanation.xlsx
[2025-04-27T23:36:29.850+0000] {processor.py:830} INFO - Processing file /opt/airflow/dags/Code explanation.xlsx for tasks to queue
[2025-04-27T23:36:29.851+0000] {logging_mixin.py:188} INFO - [2025-04-27T23:36:29.851+0000] {dagbag.py:538} INFO - Filling up the DagBag from /opt/airflow/dags/Code explanation.xlsx
[2025-04-27T23:36:29.860+0000] {processor.py:842} WARNING - No viable dags retrieved from /opt/airflow/dags/Code explanation.xlsx
[2025-04-27T23:36:29.876+0000] {processor.py:183} INFO - Processing /opt/airflow/dags/Code explanation.xlsx took 0.029 seconds
[2025-04-27T23:37:00.571+0000] {processor.py:161} INFO - Started process (PID=1863) to work on /opt/airflow/dags/Code explanation.xlsx
[2025-04-27T23:37:00.571+0000] {processor.py:830} INFO - Processing file /opt/airflow/dags/Code explanation.xlsx for tasks to queue
[2025-04-27T23:37:00.572+0000] {logging_mixin.py:188} INFO - [2025-04-27T23:37:00.572+0000] {dagbag.py:538} INFO - Filling up the DagBag from /opt/airflow/dags/Code explanation.xlsx
[2025-04-27T23:37:00.583+0000] {processor.py:842} WARNING - No viable dags retrieved from /opt/airflow/dags/Code explanation.xlsx
[2025-04-27T23:37:00.596+0000] {processor.py:183} INFO - Processing /opt/airflow/dags/Code explanation.xlsx took 0.028 seconds
[2025-04-27T23:37:31.215+0000] {processor.py:161} INFO - Started process (PID=1906) to work on /opt/airflow/dags/Code explanation.xlsx
[2025-04-27T23:37:31.216+0000] {processor.py:830} INFO - Processing file /opt/airflow/dags/Code explanation.xlsx for tasks to queue
[2025-04-27T23:37:31.218+0000] {logging_mixin.py:188} INFO - [2025-04-27T23:37:31.217+0000] {dagbag.py:538} INFO - Filling up the DagBag from /opt/airflow/dags/Code explanation.xlsx
[2025-04-27T23:37:31.231+0000] {processor.py:842} WARNING - No viable dags retrieved from /opt/airflow/dags/Code explanation.xlsx
[2025-04-27T23:37:31.245+0000] {processor.py:183} INFO - Processing /opt/airflow/dags/Code explanation.xlsx took 0.033 seconds
[2025-04-27T23:38:01.462+0000] {processor.py:161} INFO - Started process (PID=1946) to work on /opt/airflow/dags/Code explanation.xlsx
[2025-04-27T23:38:01.463+0000] {processor.py:830} INFO - Processing file /opt/airflow/dags/Code explanation.xlsx for tasks to queue
[2025-04-27T23:38:01.464+0000] {logging_mixin.py:188} INFO - [2025-04-27T23:38:01.464+0000] {dagbag.py:538} INFO - Filling up the DagBag from /opt/airflow/dags/Code explanation.xlsx
[2025-04-27T23:38:01.474+0000] {processor.py:842} WARNING - No viable dags retrieved from /opt/airflow/dags/Code explanation.xlsx
[2025-04-27T23:38:01.483+0000] {processor.py:183} INFO - Processing /opt/airflow/dags/Code explanation.xlsx took 0.024 seconds
