[2025-04-27T00:00:22.876+0000] {processor.py:161} INFO - Started process (PID=1793) to work on /opt/airflow/dags/exampledag.py
[2025-04-27T00:00:22.878+0000] {processor.py:830} INFO - Processing file /opt/airflow/dags/exampledag.py for tasks to queue
[2025-04-27T00:00:22.880+0000] {logging_mixin.py:188} INFO - [2025-04-27T00:00:22.879+0000] {dagbag.py:538} INFO - Filling up the DagBag from /opt/airflow/dags/exampledag.py
[2025-04-27T00:00:22.911+0000] {processor.py:840} INFO - DAG(s) 'chethan_test_dag' retrieved from /opt/airflow/dags/exampledag.py
[2025-04-27T00:00:22.940+0000] {logging_mixin.py:188} INFO - [2025-04-27T00:00:22.939+0000] {dag.py:3036} INFO - Sync 1 DAGs
[2025-04-27T00:00:22.963+0000] {logging_mixin.py:188} INFO - [2025-04-27T00:00:22.962+0000] {dag.py:3823} INFO - Setting next_dagrun for chethan_test_dag to 2025-04-26 00:00:00+00:00, run_after=2025-04-27 00:00:00+00:00
[2025-04-27T00:00:22.985+0000] {processor.py:183} INFO - Processing /opt/airflow/dags/exampledag.py took 0.112 seconds
[2025-04-27T00:00:53.351+0000] {processor.py:161} INFO - Started process (PID=1833) to work on /opt/airflow/dags/exampledag.py
[2025-04-27T00:00:53.353+0000] {processor.py:830} INFO - Processing file /opt/airflow/dags/exampledag.py for tasks to queue
[2025-04-27T00:00:53.355+0000] {logging_mixin.py:188} INFO - [2025-04-27T00:00:53.354+0000] {dagbag.py:538} INFO - Filling up the DagBag from /opt/airflow/dags/exampledag.py
[2025-04-27T00:00:53.396+0000] {processor.py:840} INFO - DAG(s) 'chethan_test_dag' retrieved from /opt/airflow/dags/exampledag.py
[2025-04-27T00:00:53.434+0000] {logging_mixin.py:188} INFO - [2025-04-27T00:00:53.434+0000] {dag.py:3036} INFO - Sync 1 DAGs
[2025-04-27T00:00:53.458+0000] {logging_mixin.py:188} INFO - [2025-04-27T00:00:53.458+0000] {dag.py:3823} INFO - Setting next_dagrun for chethan_test_dag to 2025-04-26 00:00:00+00:00, run_after=2025-04-27 00:00:00+00:00
[2025-04-27T00:00:53.496+0000] {processor.py:183} INFO - Processing /opt/airflow/dags/exampledag.py took 0.152 seconds
[2025-04-27T00:01:23.663+0000] {processor.py:161} INFO - Started process (PID=1876) to work on /opt/airflow/dags/exampledag.py
[2025-04-27T00:01:23.664+0000] {processor.py:830} INFO - Processing file /opt/airflow/dags/exampledag.py for tasks to queue
[2025-04-27T00:01:23.665+0000] {logging_mixin.py:188} INFO - [2025-04-27T00:01:23.665+0000] {dagbag.py:538} INFO - Filling up the DagBag from /opt/airflow/dags/exampledag.py
[2025-04-27T00:01:23.686+0000] {processor.py:840} INFO - DAG(s) 'chethan_test_dag' retrieved from /opt/airflow/dags/exampledag.py
[2025-04-27T00:01:23.706+0000] {logging_mixin.py:188} INFO - [2025-04-27T00:01:23.706+0000] {dag.py:3036} INFO - Sync 1 DAGs
[2025-04-27T00:01:23.722+0000] {logging_mixin.py:188} INFO - [2025-04-27T00:01:23.722+0000] {dag.py:3823} INFO - Setting next_dagrun for chethan_test_dag to 2025-04-26 00:00:00+00:00, run_after=2025-04-27 00:00:00+00:00
[2025-04-27T00:01:23.739+0000] {processor.py:183} INFO - Processing /opt/airflow/dags/exampledag.py took 0.079 seconds
[2025-04-27T00:01:54.018+0000] {processor.py:161} INFO - Started process (PID=1919) to work on /opt/airflow/dags/exampledag.py
[2025-04-27T00:01:54.019+0000] {processor.py:830} INFO - Processing file /opt/airflow/dags/exampledag.py for tasks to queue
[2025-04-27T00:01:54.020+0000] {logging_mixin.py:188} INFO - [2025-04-27T00:01:54.020+0000] {dagbag.py:538} INFO - Filling up the DagBag from /opt/airflow/dags/exampledag.py
[2025-04-27T00:01:54.045+0000] {processor.py:840} INFO - DAG(s) 'chethan_test_dag' retrieved from /opt/airflow/dags/exampledag.py
[2025-04-27T00:01:54.064+0000] {logging_mixin.py:188} INFO - [2025-04-27T00:01:54.064+0000] {dag.py:3036} INFO - Sync 1 DAGs
[2025-04-27T00:01:54.080+0000] {logging_mixin.py:188} INFO - [2025-04-27T00:01:54.080+0000] {dag.py:3823} INFO - Setting next_dagrun for chethan_test_dag to 2025-04-26 00:00:00+00:00, run_after=2025-04-27 00:00:00+00:00
[2025-04-27T00:01:54.095+0000] {processor.py:183} INFO - Processing /opt/airflow/dags/exampledag.py took 0.079 seconds
[2025-04-27T00:02:24.208+0000] {processor.py:161} INFO - Started process (PID=1962) to work on /opt/airflow/dags/exampledag.py
[2025-04-27T00:02:24.210+0000] {processor.py:830} INFO - Processing file /opt/airflow/dags/exampledag.py for tasks to queue
[2025-04-27T00:02:24.211+0000] {logging_mixin.py:188} INFO - [2025-04-27T00:02:24.210+0000] {dagbag.py:538} INFO - Filling up the DagBag from /opt/airflow/dags/exampledag.py
[2025-04-27T00:02:24.237+0000] {processor.py:840} INFO - DAG(s) 'chethan_test_dag' retrieved from /opt/airflow/dags/exampledag.py
[2025-04-27T00:02:24.257+0000] {logging_mixin.py:188} INFO - [2025-04-27T00:02:24.256+0000] {dag.py:3036} INFO - Sync 1 DAGs
[2025-04-27T00:02:24.273+0000] {logging_mixin.py:188} INFO - [2025-04-27T00:02:24.272+0000] {dag.py:3823} INFO - Setting next_dagrun for chethan_test_dag to 2025-04-26 00:00:00+00:00, run_after=2025-04-27 00:00:00+00:00
[2025-04-27T00:02:24.297+0000] {processor.py:183} INFO - Processing /opt/airflow/dags/exampledag.py took 0.092 seconds
[2025-04-27T00:02:55.060+0000] {processor.py:161} INFO - Started process (PID=2005) to work on /opt/airflow/dags/exampledag.py
[2025-04-27T00:02:55.061+0000] {processor.py:830} INFO - Processing file /opt/airflow/dags/exampledag.py for tasks to queue
[2025-04-27T00:02:55.062+0000] {logging_mixin.py:188} INFO - [2025-04-27T00:02:55.062+0000] {dagbag.py:538} INFO - Filling up the DagBag from /opt/airflow/dags/exampledag.py
[2025-04-27T00:02:55.088+0000] {processor.py:840} INFO - DAG(s) 'chethan_test_dag' retrieved from /opt/airflow/dags/exampledag.py
[2025-04-27T00:02:55.106+0000] {logging_mixin.py:188} INFO - [2025-04-27T00:02:55.106+0000] {dag.py:3036} INFO - Sync 1 DAGs
[2025-04-27T00:02:55.122+0000] {logging_mixin.py:188} INFO - [2025-04-27T00:02:55.122+0000] {dag.py:3823} INFO - Setting next_dagrun for chethan_test_dag to 2025-04-26 00:00:00+00:00, run_after=2025-04-27 00:00:00+00:00
[2025-04-27T00:02:55.137+0000] {processor.py:183} INFO - Processing /opt/airflow/dags/exampledag.py took 0.080 seconds
[2025-04-27T00:03:26.063+0000] {processor.py:161} INFO - Started process (PID=2048) to work on /opt/airflow/dags/exampledag.py
[2025-04-27T00:03:26.064+0000] {processor.py:830} INFO - Processing file /opt/airflow/dags/exampledag.py for tasks to queue
[2025-04-27T00:03:26.065+0000] {logging_mixin.py:188} INFO - [2025-04-27T00:03:26.065+0000] {dagbag.py:538} INFO - Filling up the DagBag from /opt/airflow/dags/exampledag.py
[2025-04-27T00:03:26.089+0000] {processor.py:840} INFO - DAG(s) 'chethan_test_dag' retrieved from /opt/airflow/dags/exampledag.py
[2025-04-27T00:03:26.110+0000] {logging_mixin.py:188} INFO - [2025-04-27T00:03:26.110+0000] {dag.py:3036} INFO - Sync 1 DAGs
[2025-04-27T00:03:26.126+0000] {logging_mixin.py:188} INFO - [2025-04-27T00:03:26.125+0000] {dag.py:3823} INFO - Setting next_dagrun for chethan_test_dag to 2025-04-26 00:00:00+00:00, run_after=2025-04-27 00:00:00+00:00
[2025-04-27T00:03:26.144+0000] {processor.py:183} INFO - Processing /opt/airflow/dags/exampledag.py took 0.084 seconds
[2025-04-27T00:03:56.223+0000] {processor.py:161} INFO - Started process (PID=2091) to work on /opt/airflow/dags/exampledag.py
[2025-04-27T00:03:56.225+0000] {processor.py:830} INFO - Processing file /opt/airflow/dags/exampledag.py for tasks to queue
[2025-04-27T00:03:56.226+0000] {logging_mixin.py:188} INFO - [2025-04-27T00:03:56.225+0000] {dagbag.py:538} INFO - Filling up the DagBag from /opt/airflow/dags/exampledag.py
[2025-04-27T00:03:56.248+0000] {processor.py:840} INFO - DAG(s) 'chethan_test_dag' retrieved from /opt/airflow/dags/exampledag.py
[2025-04-27T00:03:56.269+0000] {logging_mixin.py:188} INFO - [2025-04-27T00:03:56.268+0000] {dag.py:3036} INFO - Sync 1 DAGs
[2025-04-27T00:03:56.288+0000] {logging_mixin.py:188} INFO - [2025-04-27T00:03:56.288+0000] {dag.py:3823} INFO - Setting next_dagrun for chethan_test_dag to 2025-04-26 00:00:00+00:00, run_after=2025-04-27 00:00:00+00:00
[2025-04-27T00:03:56.306+0000] {processor.py:183} INFO - Processing /opt/airflow/dags/exampledag.py took 0.085 seconds
[2025-04-27T00:04:26.698+0000] {processor.py:161} INFO - Started process (PID=2134) to work on /opt/airflow/dags/exampledag.py
[2025-04-27T00:04:26.699+0000] {processor.py:830} INFO - Processing file /opt/airflow/dags/exampledag.py for tasks to queue
[2025-04-27T00:04:26.700+0000] {logging_mixin.py:188} INFO - [2025-04-27T00:04:26.700+0000] {dagbag.py:538} INFO - Filling up the DagBag from /opt/airflow/dags/exampledag.py
[2025-04-27T00:04:26.728+0000] {processor.py:840} INFO - DAG(s) 'chethan_test_dag' retrieved from /opt/airflow/dags/exampledag.py
[2025-04-27T00:04:26.752+0000] {logging_mixin.py:188} INFO - [2025-04-27T00:04:26.752+0000] {dag.py:3036} INFO - Sync 1 DAGs
[2025-04-27T00:04:26.772+0000] {logging_mixin.py:188} INFO - [2025-04-27T00:04:26.771+0000] {dag.py:3823} INFO - Setting next_dagrun for chethan_test_dag to 2025-04-26 00:00:00+00:00, run_after=2025-04-27 00:00:00+00:00
[2025-04-27T00:04:26.793+0000] {processor.py:183} INFO - Processing /opt/airflow/dags/exampledag.py took 0.100 seconds
[2025-04-27T00:04:57.191+0000] {processor.py:161} INFO - Started process (PID=2177) to work on /opt/airflow/dags/exampledag.py
[2025-04-27T00:04:57.192+0000] {processor.py:830} INFO - Processing file /opt/airflow/dags/exampledag.py for tasks to queue
[2025-04-27T00:04:57.194+0000] {logging_mixin.py:188} INFO - [2025-04-27T00:04:57.193+0000] {dagbag.py:538} INFO - Filling up the DagBag from /opt/airflow/dags/exampledag.py
[2025-04-27T00:04:57.229+0000] {processor.py:840} INFO - DAG(s) 'chethan_test_dag' retrieved from /opt/airflow/dags/exampledag.py
[2025-04-27T00:04:57.253+0000] {logging_mixin.py:188} INFO - [2025-04-27T00:04:57.253+0000] {dag.py:3036} INFO - Sync 1 DAGs
[2025-04-27T00:04:57.271+0000] {logging_mixin.py:188} INFO - [2025-04-27T00:04:57.271+0000] {dag.py:3823} INFO - Setting next_dagrun for chethan_test_dag to 2025-04-26 00:00:00+00:00, run_after=2025-04-27 00:00:00+00:00
[2025-04-27T00:04:57.284+0000] {processor.py:183} INFO - Processing /opt/airflow/dags/exampledag.py took 0.096 seconds
[2025-04-27T00:05:27.417+0000] {processor.py:161} INFO - Started process (PID=2220) to work on /opt/airflow/dags/exampledag.py
[2025-04-27T00:05:27.418+0000] {processor.py:830} INFO - Processing file /opt/airflow/dags/exampledag.py for tasks to queue
[2025-04-27T00:05:27.419+0000] {logging_mixin.py:188} INFO - [2025-04-27T00:05:27.419+0000] {dagbag.py:538} INFO - Filling up the DagBag from /opt/airflow/dags/exampledag.py
[2025-04-27T00:05:27.442+0000] {processor.py:840} INFO - DAG(s) 'chethan_test_dag' retrieved from /opt/airflow/dags/exampledag.py
[2025-04-27T00:05:27.461+0000] {logging_mixin.py:188} INFO - [2025-04-27T00:05:27.460+0000] {dag.py:3036} INFO - Sync 1 DAGs
[2025-04-27T00:05:27.476+0000] {logging_mixin.py:188} INFO - [2025-04-27T00:05:27.476+0000] {dag.py:3823} INFO - Setting next_dagrun for chethan_test_dag to 2025-04-26 00:00:00+00:00, run_after=2025-04-27 00:00:00+00:00
[2025-04-27T00:05:27.491+0000] {processor.py:183} INFO - Processing /opt/airflow/dags/exampledag.py took 0.076 seconds
[2025-04-27T00:05:57.671+0000] {processor.py:161} INFO - Started process (PID=2263) to work on /opt/airflow/dags/exampledag.py
[2025-04-27T00:05:57.673+0000] {processor.py:830} INFO - Processing file /opt/airflow/dags/exampledag.py for tasks to queue
[2025-04-27T00:05:57.673+0000] {logging_mixin.py:188} INFO - [2025-04-27T00:05:57.673+0000] {dagbag.py:538} INFO - Filling up the DagBag from /opt/airflow/dags/exampledag.py
[2025-04-27T00:05:57.694+0000] {processor.py:840} INFO - DAG(s) 'chethan_test_dag' retrieved from /opt/airflow/dags/exampledag.py
[2025-04-27T00:05:57.712+0000] {logging_mixin.py:188} INFO - [2025-04-27T00:05:57.711+0000] {dag.py:3036} INFO - Sync 1 DAGs
[2025-04-27T00:05:57.728+0000] {logging_mixin.py:188} INFO - [2025-04-27T00:05:57.728+0000] {dag.py:3823} INFO - Setting next_dagrun for chethan_test_dag to 2025-04-26 00:00:00+00:00, run_after=2025-04-27 00:00:00+00:00
[2025-04-27T00:05:57.743+0000] {processor.py:183} INFO - Processing /opt/airflow/dags/exampledag.py took 0.075 seconds
[2025-04-27T00:06:28.170+0000] {processor.py:161} INFO - Started process (PID=2306) to work on /opt/airflow/dags/exampledag.py
[2025-04-27T00:06:28.172+0000] {processor.py:830} INFO - Processing file /opt/airflow/dags/exampledag.py for tasks to queue
[2025-04-27T00:06:28.173+0000] {logging_mixin.py:188} INFO - [2025-04-27T00:06:28.172+0000] {dagbag.py:538} INFO - Filling up the DagBag from /opt/airflow/dags/exampledag.py
[2025-04-27T00:06:28.195+0000] {processor.py:840} INFO - DAG(s) 'chethan_test_dag' retrieved from /opt/airflow/dags/exampledag.py
[2025-04-27T00:06:28.213+0000] {logging_mixin.py:188} INFO - [2025-04-27T00:06:28.213+0000] {dag.py:3036} INFO - Sync 1 DAGs
[2025-04-27T00:06:28.229+0000] {logging_mixin.py:188} INFO - [2025-04-27T00:06:28.229+0000] {dag.py:3823} INFO - Setting next_dagrun for chethan_test_dag to 2025-04-26 00:00:00+00:00, run_after=2025-04-27 00:00:00+00:00
[2025-04-27T00:06:28.246+0000] {processor.py:183} INFO - Processing /opt/airflow/dags/exampledag.py took 0.078 seconds
[2025-04-27T00:06:58.389+0000] {processor.py:161} INFO - Started process (PID=2349) to work on /opt/airflow/dags/exampledag.py
[2025-04-27T00:06:58.390+0000] {processor.py:830} INFO - Processing file /opt/airflow/dags/exampledag.py for tasks to queue
[2025-04-27T00:06:58.391+0000] {logging_mixin.py:188} INFO - [2025-04-27T00:06:58.391+0000] {dagbag.py:538} INFO - Filling up the DagBag from /opt/airflow/dags/exampledag.py
[2025-04-27T00:06:58.415+0000] {processor.py:840} INFO - DAG(s) 'chethan_test_dag' retrieved from /opt/airflow/dags/exampledag.py
[2025-04-27T00:06:58.433+0000] {logging_mixin.py:188} INFO - [2025-04-27T00:06:58.433+0000] {dag.py:3036} INFO - Sync 1 DAGs
[2025-04-27T00:06:58.449+0000] {logging_mixin.py:188} INFO - [2025-04-27T00:06:58.448+0000] {dag.py:3823} INFO - Setting next_dagrun for chethan_test_dag to 2025-04-26 00:00:00+00:00, run_after=2025-04-27 00:00:00+00:00
[2025-04-27T00:06:58.466+0000] {processor.py:183} INFO - Processing /opt/airflow/dags/exampledag.py took 0.081 seconds
[2025-04-27T00:07:28.702+0000] {processor.py:161} INFO - Started process (PID=2392) to work on /opt/airflow/dags/exampledag.py
[2025-04-27T00:07:28.703+0000] {processor.py:830} INFO - Processing file /opt/airflow/dags/exampledag.py for tasks to queue
[2025-04-27T00:07:28.703+0000] {logging_mixin.py:188} INFO - [2025-04-27T00:07:28.703+0000] {dagbag.py:538} INFO - Filling up the DagBag from /opt/airflow/dags/exampledag.py
[2025-04-27T00:07:28.728+0000] {processor.py:840} INFO - DAG(s) 'chethan_test_dag' retrieved from /opt/airflow/dags/exampledag.py
[2025-04-27T00:07:28.748+0000] {logging_mixin.py:188} INFO - [2025-04-27T00:07:28.748+0000] {dag.py:3036} INFO - Sync 1 DAGs
[2025-04-27T00:07:28.767+0000] {logging_mixin.py:188} INFO - [2025-04-27T00:07:28.767+0000] {dag.py:3823} INFO - Setting next_dagrun for chethan_test_dag to 2025-04-26 00:00:00+00:00, run_after=2025-04-27 00:00:00+00:00
[2025-04-27T00:07:28.786+0000] {processor.py:183} INFO - Processing /opt/airflow/dags/exampledag.py took 0.087 seconds
[2025-04-27T00:07:58.886+0000] {processor.py:161} INFO - Started process (PID=2435) to work on /opt/airflow/dags/exampledag.py
[2025-04-27T00:07:58.888+0000] {processor.py:830} INFO - Processing file /opt/airflow/dags/exampledag.py for tasks to queue
[2025-04-27T00:07:58.889+0000] {logging_mixin.py:188} INFO - [2025-04-27T00:07:58.888+0000] {dagbag.py:538} INFO - Filling up the DagBag from /opt/airflow/dags/exampledag.py
[2025-04-27T00:07:58.923+0000] {processor.py:840} INFO - DAG(s) 'chethan_test_dag' retrieved from /opt/airflow/dags/exampledag.py
[2025-04-27T00:07:58.944+0000] {logging_mixin.py:188} INFO - [2025-04-27T00:07:58.943+0000] {dag.py:3036} INFO - Sync 1 DAGs
[2025-04-27T00:07:58.960+0000] {logging_mixin.py:188} INFO - [2025-04-27T00:07:58.959+0000] {dag.py:3823} INFO - Setting next_dagrun for chethan_test_dag to 2025-04-26 00:00:00+00:00, run_after=2025-04-27 00:00:00+00:00
[2025-04-27T00:07:58.977+0000] {processor.py:183} INFO - Processing /opt/airflow/dags/exampledag.py took 0.093 seconds
[2025-04-27T00:08:29.139+0000] {processor.py:161} INFO - Started process (PID=2478) to work on /opt/airflow/dags/exampledag.py
[2025-04-27T00:08:29.141+0000] {processor.py:830} INFO - Processing file /opt/airflow/dags/exampledag.py for tasks to queue
[2025-04-27T00:08:29.142+0000] {logging_mixin.py:188} INFO - [2025-04-27T00:08:29.142+0000] {dagbag.py:538} INFO - Filling up the DagBag from /opt/airflow/dags/exampledag.py
[2025-04-27T00:08:29.187+0000] {processor.py:840} INFO - DAG(s) 'chethan_test_dag' retrieved from /opt/airflow/dags/exampledag.py
[2025-04-27T00:08:29.222+0000] {logging_mixin.py:188} INFO - [2025-04-27T00:08:29.222+0000] {dag.py:3036} INFO - Sync 1 DAGs
[2025-04-27T00:08:29.241+0000] {logging_mixin.py:188} INFO - [2025-04-27T00:08:29.241+0000] {dag.py:3823} INFO - Setting next_dagrun for chethan_test_dag to 2025-04-26 00:00:00+00:00, run_after=2025-04-27 00:00:00+00:00
[2025-04-27T00:08:29.258+0000] {processor.py:183} INFO - Processing /opt/airflow/dags/exampledag.py took 0.124 seconds
[2025-04-27T00:08:59.410+0000] {processor.py:161} INFO - Started process (PID=2521) to work on /opt/airflow/dags/exampledag.py
[2025-04-27T00:08:59.411+0000] {processor.py:830} INFO - Processing file /opt/airflow/dags/exampledag.py for tasks to queue
[2025-04-27T00:08:59.412+0000] {logging_mixin.py:188} INFO - [2025-04-27T00:08:59.411+0000] {dagbag.py:538} INFO - Filling up the DagBag from /opt/airflow/dags/exampledag.py
[2025-04-27T00:08:59.439+0000] {processor.py:840} INFO - DAG(s) 'chethan_test_dag' retrieved from /opt/airflow/dags/exampledag.py
[2025-04-27T00:08:59.457+0000] {logging_mixin.py:188} INFO - [2025-04-27T00:08:59.457+0000] {dag.py:3036} INFO - Sync 1 DAGs
[2025-04-27T00:08:59.473+0000] {logging_mixin.py:188} INFO - [2025-04-27T00:08:59.473+0000] {dag.py:3823} INFO - Setting next_dagrun for chethan_test_dag to 2025-04-26 00:00:00+00:00, run_after=2025-04-27 00:00:00+00:00
[2025-04-27T00:08:59.499+0000] {processor.py:183} INFO - Processing /opt/airflow/dags/exampledag.py took 0.092 seconds
[2025-04-27T00:09:29.685+0000] {processor.py:161} INFO - Started process (PID=2564) to work on /opt/airflow/dags/exampledag.py
[2025-04-27T00:09:29.686+0000] {processor.py:830} INFO - Processing file /opt/airflow/dags/exampledag.py for tasks to queue
[2025-04-27T00:09:29.687+0000] {logging_mixin.py:188} INFO - [2025-04-27T00:09:29.687+0000] {dagbag.py:538} INFO - Filling up the DagBag from /opt/airflow/dags/exampledag.py
[2025-04-27T00:09:29.712+0000] {processor.py:840} INFO - DAG(s) 'chethan_test_dag' retrieved from /opt/airflow/dags/exampledag.py
[2025-04-27T00:09:29.737+0000] {logging_mixin.py:188} INFO - [2025-04-27T00:09:29.737+0000] {dag.py:3036} INFO - Sync 1 DAGs
[2025-04-27T00:09:29.754+0000] {logging_mixin.py:188} INFO - [2025-04-27T00:09:29.754+0000] {dag.py:3823} INFO - Setting next_dagrun for chethan_test_dag to 2025-04-26 00:00:00+00:00, run_after=2025-04-27 00:00:00+00:00
[2025-04-27T00:09:29.779+0000] {processor.py:183} INFO - Processing /opt/airflow/dags/exampledag.py took 0.100 seconds
[2025-04-27T00:09:59.873+0000] {processor.py:161} INFO - Started process (PID=2607) to work on /opt/airflow/dags/exampledag.py
[2025-04-27T00:09:59.876+0000] {processor.py:830} INFO - Processing file /opt/airflow/dags/exampledag.py for tasks to queue
[2025-04-27T00:09:59.878+0000] {logging_mixin.py:188} INFO - [2025-04-27T00:09:59.877+0000] {dagbag.py:538} INFO - Filling up the DagBag from /opt/airflow/dags/exampledag.py
[2025-04-27T00:09:59.923+0000] {processor.py:840} INFO - DAG(s) 'chethan_test_dag' retrieved from /opt/airflow/dags/exampledag.py
[2025-04-27T00:09:59.946+0000] {logging_mixin.py:188} INFO - [2025-04-27T00:09:59.946+0000] {dag.py:3036} INFO - Sync 1 DAGs
[2025-04-27T00:09:59.962+0000] {logging_mixin.py:188} INFO - [2025-04-27T00:09:59.962+0000] {dag.py:3823} INFO - Setting next_dagrun for chethan_test_dag to 2025-04-26 00:00:00+00:00, run_after=2025-04-27 00:00:00+00:00
[2025-04-27T00:09:59.980+0000] {processor.py:183} INFO - Processing /opt/airflow/dags/exampledag.py took 0.111 seconds
[2025-04-27T00:10:30.110+0000] {processor.py:161} INFO - Started process (PID=2650) to work on /opt/airflow/dags/exampledag.py
[2025-04-27T00:10:30.111+0000] {processor.py:830} INFO - Processing file /opt/airflow/dags/exampledag.py for tasks to queue
[2025-04-27T00:10:30.112+0000] {logging_mixin.py:188} INFO - [2025-04-27T00:10:30.112+0000] {dagbag.py:538} INFO - Filling up the DagBag from /opt/airflow/dags/exampledag.py
[2025-04-27T00:10:30.140+0000] {processor.py:840} INFO - DAG(s) 'chethan_test_dag' retrieved from /opt/airflow/dags/exampledag.py
[2025-04-27T00:10:30.163+0000] {logging_mixin.py:188} INFO - [2025-04-27T00:10:30.163+0000] {dag.py:3036} INFO - Sync 1 DAGs
[2025-04-27T00:10:30.179+0000] {logging_mixin.py:188} INFO - [2025-04-27T00:10:30.179+0000] {dag.py:3823} INFO - Setting next_dagrun for chethan_test_dag to 2025-04-26 00:00:00+00:00, run_after=2025-04-27 00:00:00+00:00
[2025-04-27T00:10:30.195+0000] {processor.py:183} INFO - Processing /opt/airflow/dags/exampledag.py took 0.089 seconds
[2025-04-27T00:11:00.737+0000] {processor.py:161} INFO - Started process (PID=2693) to work on /opt/airflow/dags/exampledag.py
[2025-04-27T00:11:00.738+0000] {processor.py:830} INFO - Processing file /opt/airflow/dags/exampledag.py for tasks to queue
[2025-04-27T00:11:00.738+0000] {logging_mixin.py:188} INFO - [2025-04-27T00:11:00.738+0000] {dagbag.py:538} INFO - Filling up the DagBag from /opt/airflow/dags/exampledag.py
[2025-04-27T00:11:00.761+0000] {processor.py:840} INFO - DAG(s) 'chethan_test_dag' retrieved from /opt/airflow/dags/exampledag.py
[2025-04-27T00:11:00.778+0000] {logging_mixin.py:188} INFO - [2025-04-27T00:11:00.778+0000] {dag.py:3036} INFO - Sync 1 DAGs
[2025-04-27T00:11:00.794+0000] {logging_mixin.py:188} INFO - [2025-04-27T00:11:00.794+0000] {dag.py:3823} INFO - Setting next_dagrun for chethan_test_dag to 2025-04-26 00:00:00+00:00, run_after=2025-04-27 00:00:00+00:00
[2025-04-27T00:11:00.809+0000] {processor.py:183} INFO - Processing /opt/airflow/dags/exampledag.py took 0.075 seconds
[2025-04-27T00:11:30.917+0000] {processor.py:161} INFO - Started process (PID=2736) to work on /opt/airflow/dags/exampledag.py
[2025-04-27T00:11:30.918+0000] {processor.py:830} INFO - Processing file /opt/airflow/dags/exampledag.py for tasks to queue
[2025-04-27T00:11:30.919+0000] {logging_mixin.py:188} INFO - [2025-04-27T00:11:30.919+0000] {dagbag.py:538} INFO - Filling up the DagBag from /opt/airflow/dags/exampledag.py
[2025-04-27T00:11:30.942+0000] {processor.py:840} INFO - DAG(s) 'chethan_test_dag' retrieved from /opt/airflow/dags/exampledag.py
[2025-04-27T00:11:30.960+0000] {logging_mixin.py:188} INFO - [2025-04-27T00:11:30.960+0000] {dag.py:3036} INFO - Sync 1 DAGs
[2025-04-27T00:11:30.976+0000] {logging_mixin.py:188} INFO - [2025-04-27T00:11:30.976+0000] {dag.py:3823} INFO - Setting next_dagrun for chethan_test_dag to 2025-04-26 00:00:00+00:00, run_after=2025-04-27 00:00:00+00:00
[2025-04-27T00:11:30.992+0000] {processor.py:183} INFO - Processing /opt/airflow/dags/exampledag.py took 0.078 seconds
[2025-04-27T00:12:01.186+0000] {processor.py:161} INFO - Started process (PID=2779) to work on /opt/airflow/dags/exampledag.py
[2025-04-27T00:12:01.187+0000] {processor.py:830} INFO - Processing file /opt/airflow/dags/exampledag.py for tasks to queue
[2025-04-27T00:12:01.188+0000] {logging_mixin.py:188} INFO - [2025-04-27T00:12:01.188+0000] {dagbag.py:538} INFO - Filling up the DagBag from /opt/airflow/dags/exampledag.py
[2025-04-27T00:12:01.215+0000] {processor.py:840} INFO - DAG(s) 'chethan_test_dag' retrieved from /opt/airflow/dags/exampledag.py
[2025-04-27T00:12:01.234+0000] {logging_mixin.py:188} INFO - [2025-04-27T00:12:01.234+0000] {dag.py:3036} INFO - Sync 1 DAGs
[2025-04-27T00:12:01.254+0000] {logging_mixin.py:188} INFO - [2025-04-27T00:12:01.253+0000] {dag.py:3823} INFO - Setting next_dagrun for chethan_test_dag to 2025-04-26 00:00:00+00:00, run_after=2025-04-27 00:00:00+00:00
[2025-04-27T00:12:01.270+0000] {processor.py:183} INFO - Processing /opt/airflow/dags/exampledag.py took 0.086 seconds
[2025-04-27T00:12:31.729+0000] {processor.py:161} INFO - Started process (PID=2822) to work on /opt/airflow/dags/exampledag.py
[2025-04-27T00:12:31.731+0000] {processor.py:830} INFO - Processing file /opt/airflow/dags/exampledag.py for tasks to queue
[2025-04-27T00:12:31.732+0000] {logging_mixin.py:188} INFO - [2025-04-27T00:12:31.732+0000] {dagbag.py:538} INFO - Filling up the DagBag from /opt/airflow/dags/exampledag.py
[2025-04-27T00:12:31.768+0000] {processor.py:840} INFO - DAG(s) 'chethan_test_dag' retrieved from /opt/airflow/dags/exampledag.py
[2025-04-27T00:12:31.796+0000] {logging_mixin.py:188} INFO - [2025-04-27T00:12:31.795+0000] {dag.py:3036} INFO - Sync 1 DAGs
[2025-04-27T00:12:31.818+0000] {logging_mixin.py:188} INFO - [2025-04-27T00:12:31.818+0000] {dag.py:3823} INFO - Setting next_dagrun for chethan_test_dag to 2025-04-26 00:00:00+00:00, run_after=2025-04-27 00:00:00+00:00
[2025-04-27T00:12:31.845+0000] {processor.py:183} INFO - Processing /opt/airflow/dags/exampledag.py took 0.121 seconds
[2025-04-27T00:13:02.434+0000] {processor.py:161} INFO - Started process (PID=2865) to work on /opt/airflow/dags/exampledag.py
[2025-04-27T00:13:02.504+0000] {processor.py:830} INFO - Processing file /opt/airflow/dags/exampledag.py for tasks to queue
[2025-04-27T00:13:02.506+0000] {logging_mixin.py:188} INFO - [2025-04-27T00:13:02.505+0000] {dagbag.py:538} INFO - Filling up the DagBag from /opt/airflow/dags/exampledag.py
[2025-04-27T00:13:02.535+0000] {processor.py:840} INFO - DAG(s) 'chethan_test_dag' retrieved from /opt/airflow/dags/exampledag.py
[2025-04-27T00:13:02.565+0000] {logging_mixin.py:188} INFO - [2025-04-27T00:13:02.565+0000] {dag.py:3036} INFO - Sync 1 DAGs
[2025-04-27T00:13:02.594+0000] {logging_mixin.py:188} INFO - [2025-04-27T00:13:02.593+0000] {dag.py:3823} INFO - Setting next_dagrun for chethan_test_dag to 2025-04-26 00:00:00+00:00, run_after=2025-04-27 00:00:00+00:00
[2025-04-27T00:13:02.623+0000] {processor.py:183} INFO - Processing /opt/airflow/dags/exampledag.py took 0.191 seconds
[2025-04-27T00:13:33.678+0000] {processor.py:161} INFO - Started process (PID=2908) to work on /opt/airflow/dags/exampledag.py
[2025-04-27T00:13:33.681+0000] {processor.py:830} INFO - Processing file /opt/airflow/dags/exampledag.py for tasks to queue
[2025-04-27T00:13:33.683+0000] {logging_mixin.py:188} INFO - [2025-04-27T00:13:33.683+0000] {dagbag.py:538} INFO - Filling up the DagBag from /opt/airflow/dags/exampledag.py
[2025-04-27T00:13:33.710+0000] {processor.py:840} INFO - DAG(s) 'chethan_test_dag' retrieved from /opt/airflow/dags/exampledag.py
[2025-04-27T00:13:33.729+0000] {logging_mixin.py:188} INFO - [2025-04-27T00:13:33.728+0000] {dag.py:3036} INFO - Sync 1 DAGs
[2025-04-27T00:13:33.745+0000] {logging_mixin.py:188} INFO - [2025-04-27T00:13:33.745+0000] {dag.py:3823} INFO - Setting next_dagrun for chethan_test_dag to 2025-04-26 00:00:00+00:00, run_after=2025-04-27 00:00:00+00:00
[2025-04-27T00:13:33.769+0000] {processor.py:183} INFO - Processing /opt/airflow/dags/exampledag.py took 0.093 seconds
[2025-04-27T00:14:03.990+0000] {processor.py:161} INFO - Started process (PID=2951) to work on /opt/airflow/dags/exampledag.py
[2025-04-27T00:14:03.992+0000] {processor.py:830} INFO - Processing file /opt/airflow/dags/exampledag.py for tasks to queue
[2025-04-27T00:14:03.993+0000] {logging_mixin.py:188} INFO - [2025-04-27T00:14:03.992+0000] {dagbag.py:538} INFO - Filling up the DagBag from /opt/airflow/dags/exampledag.py
[2025-04-27T00:14:04.025+0000] {processor.py:840} INFO - DAG(s) 'chethan_test_dag' retrieved from /opt/airflow/dags/exampledag.py
[2025-04-27T00:14:04.051+0000] {logging_mixin.py:188} INFO - [2025-04-27T00:14:04.050+0000] {dag.py:3036} INFO - Sync 1 DAGs
[2025-04-27T00:14:04.072+0000] {logging_mixin.py:188} INFO - [2025-04-27T00:14:04.071+0000] {dag.py:3823} INFO - Setting next_dagrun for chethan_test_dag to 2025-04-26 00:00:00+00:00, run_after=2025-04-27 00:00:00+00:00
[2025-04-27T00:14:04.090+0000] {processor.py:183} INFO - Processing /opt/airflow/dags/exampledag.py took 0.103 seconds
[2025-04-27T00:14:34.218+0000] {processor.py:161} INFO - Started process (PID=2994) to work on /opt/airflow/dags/exampledag.py
[2025-04-27T00:14:34.219+0000] {processor.py:830} INFO - Processing file /opt/airflow/dags/exampledag.py for tasks to queue
[2025-04-27T00:14:34.221+0000] {logging_mixin.py:188} INFO - [2025-04-27T00:14:34.220+0000] {dagbag.py:538} INFO - Filling up the DagBag from /opt/airflow/dags/exampledag.py
[2025-04-27T00:14:34.248+0000] {processor.py:840} INFO - DAG(s) 'chethan_test_dag' retrieved from /opt/airflow/dags/exampledag.py
[2025-04-27T00:14:34.270+0000] {logging_mixin.py:188} INFO - [2025-04-27T00:14:34.270+0000] {dag.py:3036} INFO - Sync 1 DAGs
[2025-04-27T00:14:34.289+0000] {logging_mixin.py:188} INFO - [2025-04-27T00:14:34.288+0000] {dag.py:3823} INFO - Setting next_dagrun for chethan_test_dag to 2025-04-26 00:00:00+00:00, run_after=2025-04-27 00:00:00+00:00
[2025-04-27T00:14:34.306+0000] {processor.py:183} INFO - Processing /opt/airflow/dags/exampledag.py took 0.090 seconds
[2025-04-27T00:15:04.579+0000] {processor.py:161} INFO - Started process (PID=3040) to work on /opt/airflow/dags/exampledag.py
[2025-04-27T00:15:04.580+0000] {processor.py:830} INFO - Processing file /opt/airflow/dags/exampledag.py for tasks to queue
[2025-04-27T00:15:04.580+0000] {logging_mixin.py:188} INFO - [2025-04-27T00:15:04.580+0000] {dagbag.py:538} INFO - Filling up the DagBag from /opt/airflow/dags/exampledag.py
[2025-04-27T00:15:04.600+0000] {processor.py:840} INFO - DAG(s) 'chethan_test_dag' retrieved from /opt/airflow/dags/exampledag.py
[2025-04-27T00:15:04.620+0000] {logging_mixin.py:188} INFO - [2025-04-27T00:15:04.620+0000] {dag.py:3036} INFO - Sync 1 DAGs
[2025-04-27T00:15:04.635+0000] {logging_mixin.py:188} INFO - [2025-04-27T00:15:04.635+0000] {dag.py:3823} INFO - Setting next_dagrun for chethan_test_dag to 2025-04-26 00:00:00+00:00, run_after=2025-04-27 00:00:00+00:00
[2025-04-27T00:15:04.649+0000] {processor.py:183} INFO - Processing /opt/airflow/dags/exampledag.py took 0.074 seconds
[2025-04-27T00:15:34.811+0000] {processor.py:161} INFO - Started process (PID=3086) to work on /opt/airflow/dags/exampledag.py
[2025-04-27T00:15:34.812+0000] {processor.py:830} INFO - Processing file /opt/airflow/dags/exampledag.py for tasks to queue
[2025-04-27T00:15:34.813+0000] {logging_mixin.py:188} INFO - [2025-04-27T00:15:34.813+0000] {dagbag.py:538} INFO - Filling up the DagBag from /opt/airflow/dags/exampledag.py
[2025-04-27T00:15:34.837+0000] {processor.py:840} INFO - DAG(s) 'chethan_test_dag' retrieved from /opt/airflow/dags/exampledag.py
[2025-04-27T00:15:34.860+0000] {logging_mixin.py:188} INFO - [2025-04-27T00:15:34.860+0000] {dag.py:3036} INFO - Sync 1 DAGs
[2025-04-27T00:15:34.876+0000] {logging_mixin.py:188} INFO - [2025-04-27T00:15:34.876+0000] {dag.py:3823} INFO - Setting next_dagrun for chethan_test_dag to 2025-04-26 00:00:00+00:00, run_after=2025-04-27 00:00:00+00:00
[2025-04-27T00:15:34.891+0000] {processor.py:183} INFO - Processing /opt/airflow/dags/exampledag.py took 0.082 seconds
[2025-04-27T00:16:05.217+0000] {processor.py:161} INFO - Started process (PID=3129) to work on /opt/airflow/dags/exampledag.py
[2025-04-27T00:16:05.218+0000] {processor.py:830} INFO - Processing file /opt/airflow/dags/exampledag.py for tasks to queue
[2025-04-27T00:16:05.219+0000] {logging_mixin.py:188} INFO - [2025-04-27T00:16:05.219+0000] {dagbag.py:538} INFO - Filling up the DagBag from /opt/airflow/dags/exampledag.py
[2025-04-27T00:16:05.259+0000] {processor.py:840} INFO - DAG(s) 'chethan_test_dag' retrieved from /opt/airflow/dags/exampledag.py
[2025-04-27T00:16:05.301+0000] {logging_mixin.py:188} INFO - [2025-04-27T00:16:05.301+0000] {dag.py:3036} INFO - Sync 1 DAGs
[2025-04-27T00:16:05.332+0000] {logging_mixin.py:188} INFO - [2025-04-27T00:16:05.332+0000] {dag.py:3823} INFO - Setting next_dagrun for chethan_test_dag to 2025-04-26 00:00:00+00:00, run_after=2025-04-27 00:00:00+00:00
[2025-04-27T00:16:05.368+0000] {processor.py:183} INFO - Processing /opt/airflow/dags/exampledag.py took 0.154 seconds
[2025-04-27T00:16:35.846+0000] {processor.py:161} INFO - Started process (PID=3172) to work on /opt/airflow/dags/exampledag.py
[2025-04-27T00:16:35.847+0000] {processor.py:830} INFO - Processing file /opt/airflow/dags/exampledag.py for tasks to queue
[2025-04-27T00:16:35.848+0000] {logging_mixin.py:188} INFO - [2025-04-27T00:16:35.847+0000] {dagbag.py:538} INFO - Filling up the DagBag from /opt/airflow/dags/exampledag.py
[2025-04-27T00:16:35.873+0000] {processor.py:840} INFO - DAG(s) 'chethan_test_dag' retrieved from /opt/airflow/dags/exampledag.py
[2025-04-27T00:16:35.895+0000] {logging_mixin.py:188} INFO - [2025-04-27T00:16:35.894+0000] {dag.py:3036} INFO - Sync 1 DAGs
[2025-04-27T00:16:35.910+0000] {logging_mixin.py:188} INFO - [2025-04-27T00:16:35.909+0000] {dag.py:3823} INFO - Setting next_dagrun for chethan_test_dag to 2025-04-26 00:00:00+00:00, run_after=2025-04-27 00:00:00+00:00
[2025-04-27T00:16:35.929+0000] {processor.py:183} INFO - Processing /opt/airflow/dags/exampledag.py took 0.088 seconds
[2025-04-27T00:17:06.835+0000] {processor.py:161} INFO - Started process (PID=3215) to work on /opt/airflow/dags/exampledag.py
[2025-04-27T00:17:06.837+0000] {processor.py:830} INFO - Processing file /opt/airflow/dags/exampledag.py for tasks to queue
[2025-04-27T00:17:06.841+0000] {logging_mixin.py:188} INFO - [2025-04-27T00:17:06.839+0000] {dagbag.py:538} INFO - Filling up the DagBag from /opt/airflow/dags/exampledag.py
[2025-04-27T00:17:06.879+0000] {processor.py:840} INFO - DAG(s) 'chethan_test_dag' retrieved from /opt/airflow/dags/exampledag.py
[2025-04-27T00:17:06.901+0000] {logging_mixin.py:188} INFO - [2025-04-27T00:17:06.901+0000] {dag.py:3036} INFO - Sync 1 DAGs
[2025-04-27T00:17:06.922+0000] {logging_mixin.py:188} INFO - [2025-04-27T00:17:06.922+0000] {dag.py:3823} INFO - Setting next_dagrun for chethan_test_dag to 2025-04-26 00:00:00+00:00, run_after=2025-04-27 00:00:00+00:00
[2025-04-27T00:17:06.947+0000] {processor.py:183} INFO - Processing /opt/airflow/dags/exampledag.py took 0.116 seconds
[2025-04-27T00:17:37.121+0000] {processor.py:161} INFO - Started process (PID=3258) to work on /opt/airflow/dags/exampledag.py
[2025-04-27T00:17:37.122+0000] {processor.py:830} INFO - Processing file /opt/airflow/dags/exampledag.py for tasks to queue
[2025-04-27T00:17:37.123+0000] {logging_mixin.py:188} INFO - [2025-04-27T00:17:37.123+0000] {dagbag.py:538} INFO - Filling up the DagBag from /opt/airflow/dags/exampledag.py
[2025-04-27T00:17:37.149+0000] {processor.py:840} INFO - DAG(s) 'chethan_test_dag' retrieved from /opt/airflow/dags/exampledag.py
[2025-04-27T00:17:37.181+0000] {logging_mixin.py:188} INFO - [2025-04-27T00:17:37.181+0000] {dag.py:3036} INFO - Sync 1 DAGs
[2025-04-27T00:17:37.210+0000] {logging_mixin.py:188} INFO - [2025-04-27T00:17:37.209+0000] {dag.py:3823} INFO - Setting next_dagrun for chethan_test_dag to 2025-04-26 00:00:00+00:00, run_after=2025-04-27 00:00:00+00:00
[2025-04-27T00:17:37.233+0000] {processor.py:183} INFO - Processing /opt/airflow/dags/exampledag.py took 0.115 seconds
[2025-04-27T00:18:07.354+0000] {processor.py:161} INFO - Started process (PID=3301) to work on /opt/airflow/dags/exampledag.py
[2025-04-27T00:18:07.355+0000] {processor.py:830} INFO - Processing file /opt/airflow/dags/exampledag.py for tasks to queue
[2025-04-27T00:18:07.356+0000] {logging_mixin.py:188} INFO - [2025-04-27T00:18:07.355+0000] {dagbag.py:538} INFO - Filling up the DagBag from /opt/airflow/dags/exampledag.py
[2025-04-27T00:18:07.384+0000] {processor.py:840} INFO - DAG(s) 'chethan_test_dag' retrieved from /opt/airflow/dags/exampledag.py
[2025-04-27T00:18:07.404+0000] {logging_mixin.py:188} INFO - [2025-04-27T00:18:07.404+0000] {dag.py:3036} INFO - Sync 1 DAGs
[2025-04-27T00:18:07.420+0000] {logging_mixin.py:188} INFO - [2025-04-27T00:18:07.420+0000] {dag.py:3823} INFO - Setting next_dagrun for chethan_test_dag to 2025-04-26 00:00:00+00:00, run_after=2025-04-27 00:00:00+00:00
[2025-04-27T00:18:07.434+0000] {processor.py:183} INFO - Processing /opt/airflow/dags/exampledag.py took 0.085 seconds
[2025-04-27T00:18:37.644+0000] {processor.py:161} INFO - Started process (PID=3344) to work on /opt/airflow/dags/exampledag.py
[2025-04-27T00:18:37.645+0000] {processor.py:830} INFO - Processing file /opt/airflow/dags/exampledag.py for tasks to queue
[2025-04-27T00:18:37.646+0000] {logging_mixin.py:188} INFO - [2025-04-27T00:18:37.646+0000] {dagbag.py:538} INFO - Filling up the DagBag from /opt/airflow/dags/exampledag.py
[2025-04-27T00:18:37.679+0000] {processor.py:840} INFO - DAG(s) 'chethan_test_dag' retrieved from /opt/airflow/dags/exampledag.py
[2025-04-27T00:18:37.700+0000] {logging_mixin.py:188} INFO - [2025-04-27T00:18:37.700+0000] {dag.py:3036} INFO - Sync 1 DAGs
[2025-04-27T00:18:37.720+0000] {logging_mixin.py:188} INFO - [2025-04-27T00:18:37.720+0000] {dag.py:3823} INFO - Setting next_dagrun for chethan_test_dag to 2025-04-26 00:00:00+00:00, run_after=2025-04-27 00:00:00+00:00
[2025-04-27T00:18:37.749+0000] {processor.py:183} INFO - Processing /opt/airflow/dags/exampledag.py took 0.108 seconds
[2025-04-27T00:19:40.948+0000] {processor.py:161} INFO - Started process (PID=203) to work on /opt/airflow/dags/exampledag.py
[2025-04-27T00:19:40.949+0000] {processor.py:830} INFO - Processing file /opt/airflow/dags/exampledag.py for tasks to queue
[2025-04-27T00:19:40.951+0000] {logging_mixin.py:188} INFO - [2025-04-27T00:19:40.950+0000] {dagbag.py:538} INFO - Filling up the DagBag from /opt/airflow/dags/exampledag.py
[2025-04-27T00:19:40.993+0000] {processor.py:840} INFO - DAG(s) 'chethan_test_dag' retrieved from /opt/airflow/dags/exampledag.py
[2025-04-27T00:19:41.014+0000] {logging_mixin.py:188} INFO - [2025-04-27T00:19:41.013+0000] {dag.py:3036} INFO - Sync 1 DAGs
[2025-04-27T00:19:41.045+0000] {logging_mixin.py:188} INFO - [2025-04-27T00:19:41.045+0000] {dag.py:3823} INFO - Setting next_dagrun for chethan_test_dag to 2025-04-26 00:00:00+00:00, run_after=2025-04-27 00:00:00+00:00
[2025-04-27T00:19:41.071+0000] {processor.py:183} INFO - Processing /opt/airflow/dags/exampledag.py took 0.128 seconds
[2025-04-27T00:20:11.659+0000] {processor.py:161} INFO - Started process (PID=246) to work on /opt/airflow/dags/exampledag.py
[2025-04-27T00:20:11.660+0000] {processor.py:830} INFO - Processing file /opt/airflow/dags/exampledag.py for tasks to queue
[2025-04-27T00:20:11.661+0000] {logging_mixin.py:188} INFO - [2025-04-27T00:20:11.661+0000] {dagbag.py:538} INFO - Filling up the DagBag from /opt/airflow/dags/exampledag.py
[2025-04-27T00:20:11.690+0000] {processor.py:840} INFO - DAG(s) 'chethan_test_dag' retrieved from /opt/airflow/dags/exampledag.py
[2025-04-27T00:20:11.788+0000] {logging_mixin.py:188} INFO - [2025-04-27T00:20:11.788+0000] {dag.py:3036} INFO - Sync 1 DAGs
[2025-04-27T00:20:11.807+0000] {logging_mixin.py:188} INFO - [2025-04-27T00:20:11.806+0000] {dag.py:3823} INFO - Setting next_dagrun for chethan_test_dag to 2025-04-26 00:00:00+00:00, run_after=2025-04-27 00:00:00+00:00
[2025-04-27T00:20:11.829+0000] {processor.py:183} INFO - Processing /opt/airflow/dags/exampledag.py took 0.174 seconds
[2025-04-27T00:20:42.204+0000] {processor.py:161} INFO - Started process (PID=288) to work on /opt/airflow/dags/exampledag.py
[2025-04-27T00:20:42.206+0000] {processor.py:830} INFO - Processing file /opt/airflow/dags/exampledag.py for tasks to queue
[2025-04-27T00:20:42.207+0000] {logging_mixin.py:188} INFO - [2025-04-27T00:20:42.207+0000] {dagbag.py:538} INFO - Filling up the DagBag from /opt/airflow/dags/exampledag.py
[2025-04-27T00:20:42.233+0000] {processor.py:840} INFO - DAG(s) 'chethan_test_dag' retrieved from /opt/airflow/dags/exampledag.py
[2025-04-27T00:20:42.260+0000] {logging_mixin.py:188} INFO - [2025-04-27T00:20:42.260+0000] {dag.py:3036} INFO - Sync 1 DAGs
[2025-04-27T00:20:42.283+0000] {logging_mixin.py:188} INFO - [2025-04-27T00:20:42.283+0000] {dag.py:3823} INFO - Setting next_dagrun for chethan_test_dag to 2025-04-26 00:00:00+00:00, run_after=2025-04-27 00:00:00+00:00
[2025-04-27T00:20:42.302+0000] {processor.py:183} INFO - Processing /opt/airflow/dags/exampledag.py took 0.101 seconds
[2025-04-27T00:21:12.372+0000] {processor.py:161} INFO - Started process (PID=326) to work on /opt/airflow/dags/exampledag.py
[2025-04-27T00:21:12.374+0000] {processor.py:830} INFO - Processing file /opt/airflow/dags/exampledag.py for tasks to queue
[2025-04-27T00:21:12.375+0000] {logging_mixin.py:188} INFO - [2025-04-27T00:21:12.374+0000] {dagbag.py:538} INFO - Filling up the DagBag from /opt/airflow/dags/exampledag.py
[2025-04-27T00:21:12.408+0000] {processor.py:840} INFO - DAG(s) 'chethan_test_dag' retrieved from /opt/airflow/dags/exampledag.py
[2025-04-27T00:21:12.435+0000] {logging_mixin.py:188} INFO - [2025-04-27T00:21:12.435+0000] {dag.py:3036} INFO - Sync 1 DAGs
[2025-04-27T00:21:12.457+0000] {logging_mixin.py:188} INFO - [2025-04-27T00:21:12.456+0000] {dag.py:3823} INFO - Setting next_dagrun for chethan_test_dag to 2025-04-26 00:00:00+00:00, run_after=2025-04-27 00:00:00+00:00
[2025-04-27T00:21:12.478+0000] {processor.py:183} INFO - Processing /opt/airflow/dags/exampledag.py took 0.109 seconds
[2025-04-27T00:21:43.104+0000] {processor.py:161} INFO - Started process (PID=372) to work on /opt/airflow/dags/exampledag.py
[2025-04-27T00:21:43.110+0000] {processor.py:830} INFO - Processing file /opt/airflow/dags/exampledag.py for tasks to queue
[2025-04-27T00:21:43.120+0000] {logging_mixin.py:188} INFO - [2025-04-27T00:21:43.116+0000] {dagbag.py:538} INFO - Filling up the DagBag from /opt/airflow/dags/exampledag.py
[2025-04-27T00:21:43.186+0000] {processor.py:840} INFO - DAG(s) 'chethan_test_dag' retrieved from /opt/airflow/dags/exampledag.py
[2025-04-27T00:21:43.225+0000] {logging_mixin.py:188} INFO - [2025-04-27T00:21:43.225+0000] {dag.py:3036} INFO - Sync 1 DAGs
[2025-04-27T00:21:43.295+0000] {logging_mixin.py:188} INFO - [2025-04-27T00:21:43.295+0000] {dag.py:3823} INFO - Setting next_dagrun for chethan_test_dag to 2025-04-26 00:00:00+00:00, run_after=2025-04-27 00:00:00+00:00
[2025-04-27T00:21:43.343+0000] {processor.py:183} INFO - Processing /opt/airflow/dags/exampledag.py took 0.304 seconds
[2025-04-27T00:22:13.818+0000] {processor.py:161} INFO - Started process (PID=414) to work on /opt/airflow/dags/exampledag.py
[2025-04-27T00:22:13.819+0000] {processor.py:830} INFO - Processing file /opt/airflow/dags/exampledag.py for tasks to queue
[2025-04-27T00:22:13.821+0000] {logging_mixin.py:188} INFO - [2025-04-27T00:22:13.820+0000] {dagbag.py:538} INFO - Filling up the DagBag from /opt/airflow/dags/exampledag.py
[2025-04-27T00:22:13.845+0000] {processor.py:840} INFO - DAG(s) 'chethan_test_dag' retrieved from /opt/airflow/dags/exampledag.py
[2025-04-27T00:22:13.868+0000] {logging_mixin.py:188} INFO - [2025-04-27T00:22:13.868+0000] {dag.py:3036} INFO - Sync 1 DAGs
[2025-04-27T00:22:13.890+0000] {logging_mixin.py:188} INFO - [2025-04-27T00:22:13.890+0000] {dag.py:3823} INFO - Setting next_dagrun for chethan_test_dag to 2025-04-26 00:00:00+00:00, run_after=2025-04-27 00:00:00+00:00
[2025-04-27T00:22:13.915+0000] {processor.py:183} INFO - Processing /opt/airflow/dags/exampledag.py took 0.101 seconds
[2025-04-27T00:22:44.441+0000] {processor.py:161} INFO - Started process (PID=458) to work on /opt/airflow/dags/exampledag.py
[2025-04-27T00:22:44.443+0000] {processor.py:830} INFO - Processing file /opt/airflow/dags/exampledag.py for tasks to queue
[2025-04-27T00:22:44.445+0000] {logging_mixin.py:188} INFO - [2025-04-27T00:22:44.445+0000] {dagbag.py:538} INFO - Filling up the DagBag from /opt/airflow/dags/exampledag.py
[2025-04-27T00:22:44.484+0000] {processor.py:840} INFO - DAG(s) 'chethan_test_dag' retrieved from /opt/airflow/dags/exampledag.py
[2025-04-27T00:22:44.510+0000] {logging_mixin.py:188} INFO - [2025-04-27T00:22:44.510+0000] {dag.py:3036} INFO - Sync 1 DAGs
[2025-04-27T00:22:44.533+0000] {logging_mixin.py:188} INFO - [2025-04-27T00:22:44.532+0000] {dag.py:3823} INFO - Setting next_dagrun for chethan_test_dag to 2025-04-26 00:00:00+00:00, run_after=2025-04-27 00:00:00+00:00
[2025-04-27T00:22:44.557+0000] {processor.py:183} INFO - Processing /opt/airflow/dags/exampledag.py took 0.118 seconds
[2025-04-27T00:23:14.961+0000] {processor.py:161} INFO - Started process (PID=500) to work on /opt/airflow/dags/exampledag.py
[2025-04-27T00:23:14.962+0000] {processor.py:830} INFO - Processing file /opt/airflow/dags/exampledag.py for tasks to queue
[2025-04-27T00:23:14.963+0000] {logging_mixin.py:188} INFO - [2025-04-27T00:23:14.963+0000] {dagbag.py:538} INFO - Filling up the DagBag from /opt/airflow/dags/exampledag.py
[2025-04-27T00:23:15.000+0000] {processor.py:840} INFO - DAG(s) 'chethan_test_dag' retrieved from /opt/airflow/dags/exampledag.py
[2025-04-27T00:23:15.031+0000] {logging_mixin.py:188} INFO - [2025-04-27T00:23:15.031+0000] {dag.py:3036} INFO - Sync 1 DAGs
[2025-04-27T00:23:15.060+0000] {logging_mixin.py:188} INFO - [2025-04-27T00:23:15.059+0000] {dag.py:3823} INFO - Setting next_dagrun for chethan_test_dag to 2025-04-26 00:00:00+00:00, run_after=2025-04-27 00:00:00+00:00
[2025-04-27T00:23:15.091+0000] {processor.py:183} INFO - Processing /opt/airflow/dags/exampledag.py took 0.134 seconds
[2025-04-27T00:23:45.616+0000] {processor.py:161} INFO - Started process (PID=543) to work on /opt/airflow/dags/exampledag.py
[2025-04-27T00:23:45.617+0000] {processor.py:830} INFO - Processing file /opt/airflow/dags/exampledag.py for tasks to queue
[2025-04-27T00:23:45.618+0000] {logging_mixin.py:188} INFO - [2025-04-27T00:23:45.617+0000] {dagbag.py:538} INFO - Filling up the DagBag from /opt/airflow/dags/exampledag.py
[2025-04-27T00:23:45.645+0000] {processor.py:840} INFO - DAG(s) 'chethan_test_dag' retrieved from /opt/airflow/dags/exampledag.py
[2025-04-27T00:23:45.669+0000] {logging_mixin.py:188} INFO - [2025-04-27T00:23:45.669+0000] {dag.py:3036} INFO - Sync 1 DAGs
[2025-04-27T00:23:45.690+0000] {logging_mixin.py:188} INFO - [2025-04-27T00:23:45.689+0000] {dag.py:3823} INFO - Setting next_dagrun for chethan_test_dag to 2025-04-26 00:00:00+00:00, run_after=2025-04-27 00:00:00+00:00
[2025-04-27T00:23:45.710+0000] {processor.py:183} INFO - Processing /opt/airflow/dags/exampledag.py took 0.097 seconds
[2025-04-27T00:24:35.976+0000] {processor.py:161} INFO - Started process (PID=203) to work on /opt/airflow/dags/exampledag.py
[2025-04-27T00:24:35.978+0000] {processor.py:830} INFO - Processing file /opt/airflow/dags/exampledag.py for tasks to queue
[2025-04-27T00:24:35.979+0000] {logging_mixin.py:188} INFO - [2025-04-27T00:24:35.979+0000] {dagbag.py:538} INFO - Filling up the DagBag from /opt/airflow/dags/exampledag.py
[2025-04-27T00:24:36.022+0000] {processor.py:840} INFO - DAG(s) 'chethan_test_dag' retrieved from /opt/airflow/dags/exampledag.py
[2025-04-27T00:24:36.048+0000] {logging_mixin.py:188} INFO - [2025-04-27T00:24:36.048+0000] {dag.py:3036} INFO - Sync 1 DAGs
[2025-04-27T00:24:36.083+0000] {logging_mixin.py:188} INFO - [2025-04-27T00:24:36.083+0000] {dag.py:3823} INFO - Setting next_dagrun for chethan_test_dag to 2025-04-26 00:00:00+00:00, run_after=2025-04-27 00:00:00+00:00
[2025-04-27T00:24:36.116+0000] {processor.py:183} INFO - Processing /opt/airflow/dags/exampledag.py took 0.144 seconds
[2025-04-27T00:25:06.386+0000] {processor.py:161} INFO - Started process (PID=240) to work on /opt/airflow/dags/exampledag.py
[2025-04-27T00:25:06.388+0000] {processor.py:830} INFO - Processing file /opt/airflow/dags/exampledag.py for tasks to queue
[2025-04-27T00:25:06.389+0000] {logging_mixin.py:188} INFO - [2025-04-27T00:25:06.388+0000] {dagbag.py:538} INFO - Filling up the DagBag from /opt/airflow/dags/exampledag.py
[2025-04-27T00:25:06.420+0000] {processor.py:840} INFO - DAG(s) 'chethan_test_dag' retrieved from /opt/airflow/dags/exampledag.py
[2025-04-27T00:25:06.535+0000] {logging_mixin.py:188} INFO - [2025-04-27T00:25:06.535+0000] {dag.py:3036} INFO - Sync 1 DAGs
[2025-04-27T00:25:06.559+0000] {logging_mixin.py:188} INFO - [2025-04-27T00:25:06.559+0000] {dag.py:3823} INFO - Setting next_dagrun for chethan_test_dag to 2025-04-26 00:00:00+00:00, run_after=2025-04-27 00:00:00+00:00
[2025-04-27T00:25:06.591+0000] {processor.py:183} INFO - Processing /opt/airflow/dags/exampledag.py took 0.209 seconds
[2025-04-27T00:25:36.945+0000] {processor.py:161} INFO - Started process (PID=283) to work on /opt/airflow/dags/exampledag.py
[2025-04-27T00:25:36.947+0000] {processor.py:830} INFO - Processing file /opt/airflow/dags/exampledag.py for tasks to queue
[2025-04-27T00:25:36.949+0000] {logging_mixin.py:188} INFO - [2025-04-27T00:25:36.948+0000] {dagbag.py:538} INFO - Filling up the DagBag from /opt/airflow/dags/exampledag.py
[2025-04-27T00:25:36.982+0000] {processor.py:840} INFO - DAG(s) 'chethan_test_dag' retrieved from /opt/airflow/dags/exampledag.py
[2025-04-27T00:25:37.009+0000] {logging_mixin.py:188} INFO - [2025-04-27T00:25:37.009+0000] {dag.py:3036} INFO - Sync 1 DAGs
[2025-04-27T00:25:37.034+0000] {logging_mixin.py:188} INFO - [2025-04-27T00:25:37.034+0000] {dag.py:3823} INFO - Setting next_dagrun for chethan_test_dag to 2025-04-26 00:00:00+00:00, run_after=2025-04-27 00:00:00+00:00
[2025-04-27T00:25:37.059+0000] {processor.py:183} INFO - Processing /opt/airflow/dags/exampledag.py took 0.118 seconds
[2025-04-27T00:26:07.578+0000] {processor.py:161} INFO - Started process (PID=326) to work on /opt/airflow/dags/exampledag.py
[2025-04-27T00:26:07.579+0000] {processor.py:830} INFO - Processing file /opt/airflow/dags/exampledag.py for tasks to queue
[2025-04-27T00:26:07.581+0000] {logging_mixin.py:188} INFO - [2025-04-27T00:26:07.580+0000] {dagbag.py:538} INFO - Filling up the DagBag from /opt/airflow/dags/exampledag.py
[2025-04-27T00:26:07.612+0000] {processor.py:840} INFO - DAG(s) 'chethan_test_dag' retrieved from /opt/airflow/dags/exampledag.py
[2025-04-27T00:26:07.643+0000] {logging_mixin.py:188} INFO - [2025-04-27T00:26:07.643+0000] {dag.py:3036} INFO - Sync 1 DAGs
[2025-04-27T00:26:07.672+0000] {logging_mixin.py:188} INFO - [2025-04-27T00:26:07.672+0000] {dag.py:3823} INFO - Setting next_dagrun for chethan_test_dag to 2025-04-26 00:00:00+00:00, run_after=2025-04-27 00:00:00+00:00
[2025-04-27T00:26:07.697+0000] {processor.py:183} INFO - Processing /opt/airflow/dags/exampledag.py took 0.122 seconds
[2025-04-27T00:26:38.039+0000] {processor.py:161} INFO - Started process (PID=368) to work on /opt/airflow/dags/exampledag.py
[2025-04-27T00:26:38.040+0000] {processor.py:830} INFO - Processing file /opt/airflow/dags/exampledag.py for tasks to queue
[2025-04-27T00:26:38.042+0000] {logging_mixin.py:188} INFO - [2025-04-27T00:26:38.041+0000] {dagbag.py:538} INFO - Filling up the DagBag from /opt/airflow/dags/exampledag.py
[2025-04-27T00:26:38.084+0000] {processor.py:840} INFO - DAG(s) 'chethan_test_dag' retrieved from /opt/airflow/dags/exampledag.py
[2025-04-27T00:26:38.111+0000] {logging_mixin.py:188} INFO - [2025-04-27T00:26:38.111+0000] {dag.py:3036} INFO - Sync 1 DAGs
[2025-04-27T00:26:38.136+0000] {logging_mixin.py:188} INFO - [2025-04-27T00:26:38.136+0000] {dag.py:3823} INFO - Setting next_dagrun for chethan_test_dag to 2025-04-26 00:00:00+00:00, run_after=2025-04-27 00:00:00+00:00
[2025-04-27T00:26:38.166+0000] {processor.py:183} INFO - Processing /opt/airflow/dags/exampledag.py took 0.130 seconds
[2025-04-27T00:27:08.538+0000] {processor.py:161} INFO - Started process (PID=411) to work on /opt/airflow/dags/exampledag.py
[2025-04-27T00:27:08.539+0000] {processor.py:830} INFO - Processing file /opt/airflow/dags/exampledag.py for tasks to queue
[2025-04-27T00:27:08.540+0000] {logging_mixin.py:188} INFO - [2025-04-27T00:27:08.540+0000] {dagbag.py:538} INFO - Filling up the DagBag from /opt/airflow/dags/exampledag.py
[2025-04-27T00:27:08.574+0000] {processor.py:840} INFO - DAG(s) 'chethan_test_dag' retrieved from /opt/airflow/dags/exampledag.py
[2025-04-27T00:27:08.609+0000] {logging_mixin.py:188} INFO - [2025-04-27T00:27:08.609+0000] {dag.py:3036} INFO - Sync 1 DAGs
[2025-04-27T00:27:08.638+0000] {logging_mixin.py:188} INFO - [2025-04-27T00:27:08.637+0000] {dag.py:3823} INFO - Setting next_dagrun for chethan_test_dag to 2025-04-26 00:00:00+00:00, run_after=2025-04-27 00:00:00+00:00
[2025-04-27T00:27:08.667+0000] {processor.py:183} INFO - Processing /opt/airflow/dags/exampledag.py took 0.133 seconds
[2025-04-27T00:27:39.145+0000] {processor.py:161} INFO - Started process (PID=452) to work on /opt/airflow/dags/exampledag.py
[2025-04-27T00:27:39.146+0000] {processor.py:830} INFO - Processing file /opt/airflow/dags/exampledag.py for tasks to queue
[2025-04-27T00:27:39.147+0000] {logging_mixin.py:188} INFO - [2025-04-27T00:27:39.147+0000] {dagbag.py:538} INFO - Filling up the DagBag from /opt/airflow/dags/exampledag.py
[2025-04-27T00:27:39.185+0000] {processor.py:840} INFO - DAG(s) 'chethan_test_dag' retrieved from /opt/airflow/dags/exampledag.py
[2025-04-27T00:27:39.217+0000] {logging_mixin.py:188} INFO - [2025-04-27T00:27:39.217+0000] {dag.py:3036} INFO - Sync 1 DAGs
[2025-04-27T00:27:39.242+0000] {logging_mixin.py:188} INFO - [2025-04-27T00:27:39.242+0000] {dag.py:3823} INFO - Setting next_dagrun for chethan_test_dag to 2025-04-26 00:00:00+00:00, run_after=2025-04-27 00:00:00+00:00
[2025-04-27T00:27:39.273+0000] {processor.py:183} INFO - Processing /opt/airflow/dags/exampledag.py took 0.132 seconds
[2025-04-27T00:28:09.934+0000] {processor.py:161} INFO - Started process (PID=498) to work on /opt/airflow/dags/exampledag.py
[2025-04-27T00:28:09.937+0000] {processor.py:830} INFO - Processing file /opt/airflow/dags/exampledag.py for tasks to queue
[2025-04-27T00:28:09.939+0000] {logging_mixin.py:188} INFO - [2025-04-27T00:28:09.938+0000] {dagbag.py:538} INFO - Filling up the DagBag from /opt/airflow/dags/exampledag.py
[2025-04-27T00:28:09.974+0000] {processor.py:840} INFO - DAG(s) 'chethan_test_dag' retrieved from /opt/airflow/dags/exampledag.py
[2025-04-27T00:28:10.002+0000] {logging_mixin.py:188} INFO - [2025-04-27T00:28:10.002+0000] {dag.py:3036} INFO - Sync 1 DAGs
[2025-04-27T00:28:10.028+0000] {logging_mixin.py:188} INFO - [2025-04-27T00:28:10.028+0000] {dag.py:3823} INFO - Setting next_dagrun for chethan_test_dag to 2025-04-26 00:00:00+00:00, run_after=2025-04-27 00:00:00+00:00
[2025-04-27T00:28:10.054+0000] {processor.py:183} INFO - Processing /opt/airflow/dags/exampledag.py took 0.126 seconds
[2025-04-27T00:28:40.356+0000] {processor.py:161} INFO - Started process (PID=541) to work on /opt/airflow/dags/exampledag.py
[2025-04-27T00:28:40.357+0000] {processor.py:830} INFO - Processing file /opt/airflow/dags/exampledag.py for tasks to queue
[2025-04-27T00:28:40.358+0000] {logging_mixin.py:188} INFO - [2025-04-27T00:28:40.358+0000] {dagbag.py:538} INFO - Filling up the DagBag from /opt/airflow/dags/exampledag.py
[2025-04-27T00:28:40.388+0000] {processor.py:840} INFO - DAG(s) 'chethan_test_dag' retrieved from /opt/airflow/dags/exampledag.py
[2025-04-27T00:28:40.416+0000] {logging_mixin.py:188} INFO - [2025-04-27T00:28:40.416+0000] {dag.py:3036} INFO - Sync 1 DAGs
[2025-04-27T00:28:40.435+0000] {logging_mixin.py:188} INFO - [2025-04-27T00:28:40.435+0000] {dag.py:3823} INFO - Setting next_dagrun for chethan_test_dag to 2025-04-26 00:00:00+00:00, run_after=2025-04-27 00:00:00+00:00
[2025-04-27T00:28:40.454+0000] {processor.py:183} INFO - Processing /opt/airflow/dags/exampledag.py took 0.101 seconds
[2025-04-27T00:29:11.253+0000] {processor.py:161} INFO - Started process (PID=584) to work on /opt/airflow/dags/exampledag.py
[2025-04-27T00:29:11.255+0000] {processor.py:830} INFO - Processing file /opt/airflow/dags/exampledag.py for tasks to queue
[2025-04-27T00:29:11.256+0000] {logging_mixin.py:188} INFO - [2025-04-27T00:29:11.256+0000] {dagbag.py:538} INFO - Filling up the DagBag from /opt/airflow/dags/exampledag.py
[2025-04-27T00:29:11.292+0000] {processor.py:840} INFO - DAG(s) 'chethan_test_dag' retrieved from /opt/airflow/dags/exampledag.py
[2025-04-27T00:29:11.325+0000] {logging_mixin.py:188} INFO - [2025-04-27T00:29:11.324+0000] {dag.py:3036} INFO - Sync 1 DAGs
[2025-04-27T00:29:11.357+0000] {logging_mixin.py:188} INFO - [2025-04-27T00:29:11.357+0000] {dag.py:3823} INFO - Setting next_dagrun for chethan_test_dag to 2025-04-26 00:00:00+00:00, run_after=2025-04-27 00:00:00+00:00
[2025-04-27T00:29:11.384+0000] {processor.py:183} INFO - Processing /opt/airflow/dags/exampledag.py took 0.134 seconds
[2025-04-27T00:29:41.533+0000] {processor.py:161} INFO - Started process (PID=627) to work on /opt/airflow/dags/exampledag.py
[2025-04-27T00:29:41.534+0000] {processor.py:830} INFO - Processing file /opt/airflow/dags/exampledag.py for tasks to queue
[2025-04-27T00:29:41.535+0000] {logging_mixin.py:188} INFO - [2025-04-27T00:29:41.535+0000] {dagbag.py:538} INFO - Filling up the DagBag from /opt/airflow/dags/exampledag.py
[2025-04-27T00:29:41.564+0000] {processor.py:840} INFO - DAG(s) 'chethan_test_dag' retrieved from /opt/airflow/dags/exampledag.py
[2025-04-27T00:29:41.591+0000] {logging_mixin.py:188} INFO - [2025-04-27T00:29:41.591+0000] {dag.py:3036} INFO - Sync 1 DAGs
[2025-04-27T00:29:41.612+0000] {logging_mixin.py:188} INFO - [2025-04-27T00:29:41.612+0000] {dag.py:3823} INFO - Setting next_dagrun for chethan_test_dag to 2025-04-26 00:00:00+00:00, run_after=2025-04-27 00:00:00+00:00
[2025-04-27T00:29:41.634+0000] {processor.py:183} INFO - Processing /opt/airflow/dags/exampledag.py took 0.104 seconds
[2025-04-27T00:30:11.788+0000] {processor.py:161} INFO - Started process (PID=664) to work on /opt/airflow/dags/exampledag.py
[2025-04-27T00:30:11.788+0000] {processor.py:830} INFO - Processing file /opt/airflow/dags/exampledag.py for tasks to queue
[2025-04-27T00:30:11.790+0000] {logging_mixin.py:188} INFO - [2025-04-27T00:30:11.789+0000] {dagbag.py:538} INFO - Filling up the DagBag from /opt/airflow/dags/exampledag.py
[2025-04-27T00:30:11.818+0000] {processor.py:840} INFO - DAG(s) 'chethan_test_dag' retrieved from /opt/airflow/dags/exampledag.py
[2025-04-27T00:30:11.838+0000] {logging_mixin.py:188} INFO - [2025-04-27T00:30:11.838+0000] {dag.py:3036} INFO - Sync 1 DAGs
[2025-04-27T00:30:11.857+0000] {logging_mixin.py:188} INFO - [2025-04-27T00:30:11.857+0000] {dag.py:3823} INFO - Setting next_dagrun for chethan_test_dag to 2025-04-26 00:00:00+00:00, run_after=2025-04-27 00:00:00+00:00
[2025-04-27T00:30:11.878+0000] {processor.py:183} INFO - Processing /opt/airflow/dags/exampledag.py took 0.093 seconds
[2025-04-27T00:30:42.720+0000] {processor.py:161} INFO - Started process (PID=713) to work on /opt/airflow/dags/exampledag.py
[2025-04-27T00:30:42.721+0000] {processor.py:830} INFO - Processing file /opt/airflow/dags/exampledag.py for tasks to queue
[2025-04-27T00:30:42.722+0000] {logging_mixin.py:188} INFO - [2025-04-27T00:30:42.722+0000] {dagbag.py:538} INFO - Filling up the DagBag from /opt/airflow/dags/exampledag.py
[2025-04-27T00:30:42.755+0000] {processor.py:840} INFO - DAG(s) 'chethan_test_dag' retrieved from /opt/airflow/dags/exampledag.py
[2025-04-27T00:30:42.791+0000] {logging_mixin.py:188} INFO - [2025-04-27T00:30:42.790+0000] {dag.py:3036} INFO - Sync 1 DAGs
[2025-04-27T00:30:42.812+0000] {logging_mixin.py:188} INFO - [2025-04-27T00:30:42.812+0000] {dag.py:3823} INFO - Setting next_dagrun for chethan_test_dag to 2025-04-26 00:00:00+00:00, run_after=2025-04-27 00:00:00+00:00
[2025-04-27T00:30:42.833+0000] {processor.py:183} INFO - Processing /opt/airflow/dags/exampledag.py took 0.116 seconds
[2025-04-27T00:31:14.728+0000] {processor.py:161} INFO - Started process (PID=762) to work on /opt/airflow/dags/exampledag.py
[2025-04-27T00:31:14.730+0000] {processor.py:830} INFO - Processing file /opt/airflow/dags/exampledag.py for tasks to queue
[2025-04-27T00:31:14.731+0000] {logging_mixin.py:188} INFO - [2025-04-27T00:31:14.731+0000] {dagbag.py:538} INFO - Filling up the DagBag from /opt/airflow/dags/exampledag.py
[2025-04-27T00:31:14.771+0000] {processor.py:840} INFO - DAG(s) 'chethan_test_dag' retrieved from /opt/airflow/dags/exampledag.py
[2025-04-27T00:31:14.807+0000] {logging_mixin.py:188} INFO - [2025-04-27T00:31:14.806+0000] {dag.py:3036} INFO - Sync 1 DAGs
[2025-04-27T00:31:14.837+0000] {logging_mixin.py:188} INFO - [2025-04-27T00:31:14.837+0000] {dag.py:3823} INFO - Setting next_dagrun for chethan_test_dag to 2025-04-26 00:00:00+00:00, run_after=2025-04-27 00:00:00+00:00
[2025-04-27T00:31:14.876+0000] {processor.py:183} INFO - Processing /opt/airflow/dags/exampledag.py took 0.152 seconds
[2025-04-27T00:31:45.450+0000] {processor.py:161} INFO - Started process (PID=799) to work on /opt/airflow/dags/exampledag.py
[2025-04-27T00:31:45.452+0000] {processor.py:830} INFO - Processing file /opt/airflow/dags/exampledag.py for tasks to queue
[2025-04-27T00:31:45.453+0000] {logging_mixin.py:188} INFO - [2025-04-27T00:31:45.452+0000] {dagbag.py:538} INFO - Filling up the DagBag from /opt/airflow/dags/exampledag.py
[2025-04-27T00:31:45.487+0000] {processor.py:840} INFO - DAG(s) 'chethan_test_dag' retrieved from /opt/airflow/dags/exampledag.py
[2025-04-27T00:31:45.525+0000] {logging_mixin.py:188} INFO - [2025-04-27T00:31:45.525+0000] {dag.py:3036} INFO - Sync 1 DAGs
[2025-04-27T00:31:45.567+0000] {logging_mixin.py:188} INFO - [2025-04-27T00:31:45.566+0000] {dag.py:3823} INFO - Setting next_dagrun for chethan_test_dag to 2025-04-26 00:00:00+00:00, run_after=2025-04-27 00:00:00+00:00
[2025-04-27T00:31:45.599+0000] {processor.py:183} INFO - Processing /opt/airflow/dags/exampledag.py took 0.151 seconds
[2025-04-27T00:32:15.885+0000] {processor.py:161} INFO - Started process (PID=842) to work on /opt/airflow/dags/exampledag.py
[2025-04-27T00:32:15.886+0000] {processor.py:830} INFO - Processing file /opt/airflow/dags/exampledag.py for tasks to queue
[2025-04-27T00:32:15.887+0000] {logging_mixin.py:188} INFO - [2025-04-27T00:32:15.886+0000] {dagbag.py:538} INFO - Filling up the DagBag from /opt/airflow/dags/exampledag.py
[2025-04-27T00:32:15.913+0000] {processor.py:840} INFO - DAG(s) 'chethan_test_dag' retrieved from /opt/airflow/dags/exampledag.py
[2025-04-27T00:32:15.938+0000] {logging_mixin.py:188} INFO - [2025-04-27T00:32:15.938+0000] {dag.py:3036} INFO - Sync 1 DAGs
[2025-04-27T00:32:15.961+0000] {logging_mixin.py:188} INFO - [2025-04-27T00:32:15.961+0000] {dag.py:3823} INFO - Setting next_dagrun for chethan_test_dag to 2025-04-26 00:00:00+00:00, run_after=2025-04-27 00:00:00+00:00
[2025-04-27T00:32:15.980+0000] {processor.py:183} INFO - Processing /opt/airflow/dags/exampledag.py took 0.097 seconds
[2025-04-27T00:32:46.215+0000] {processor.py:161} INFO - Started process (PID=885) to work on /opt/airflow/dags/exampledag.py
[2025-04-27T00:32:46.216+0000] {processor.py:830} INFO - Processing file /opt/airflow/dags/exampledag.py for tasks to queue
[2025-04-27T00:32:46.217+0000] {logging_mixin.py:188} INFO - [2025-04-27T00:32:46.217+0000] {dagbag.py:538} INFO - Filling up the DagBag from /opt/airflow/dags/exampledag.py
[2025-04-27T00:32:46.243+0000] {processor.py:840} INFO - DAG(s) 'chethan_test_dag' retrieved from /opt/airflow/dags/exampledag.py
[2025-04-27T00:32:46.263+0000] {logging_mixin.py:188} INFO - [2025-04-27T00:32:46.263+0000] {dag.py:3036} INFO - Sync 1 DAGs
[2025-04-27T00:32:46.288+0000] {logging_mixin.py:188} INFO - [2025-04-27T00:32:46.287+0000] {dag.py:3823} INFO - Setting next_dagrun for chethan_test_dag to 2025-04-26 00:00:00+00:00, run_after=2025-04-27 00:00:00+00:00
[2025-04-27T00:32:46.308+0000] {processor.py:183} INFO - Processing /opt/airflow/dags/exampledag.py took 0.096 seconds
[2025-04-27T00:33:16.808+0000] {processor.py:161} INFO - Started process (PID=928) to work on /opt/airflow/dags/exampledag.py
[2025-04-27T00:33:16.809+0000] {processor.py:830} INFO - Processing file /opt/airflow/dags/exampledag.py for tasks to queue
[2025-04-27T00:33:16.810+0000] {logging_mixin.py:188} INFO - [2025-04-27T00:33:16.810+0000] {dagbag.py:538} INFO - Filling up the DagBag from /opt/airflow/dags/exampledag.py
[2025-04-27T00:33:16.834+0000] {processor.py:840} INFO - DAG(s) 'chethan_test_dag' retrieved from /opt/airflow/dags/exampledag.py
[2025-04-27T00:33:16.856+0000] {logging_mixin.py:188} INFO - [2025-04-27T00:33:16.856+0000] {dag.py:3036} INFO - Sync 1 DAGs
[2025-04-27T00:33:16.873+0000] {logging_mixin.py:188} INFO - [2025-04-27T00:33:16.873+0000] {dag.py:3823} INFO - Setting next_dagrun for chethan_test_dag to 2025-04-26 00:00:00+00:00, run_after=2025-04-27 00:00:00+00:00
[2025-04-27T00:33:16.891+0000] {processor.py:183} INFO - Processing /opt/airflow/dags/exampledag.py took 0.085 seconds
[2025-04-27T00:33:47.349+0000] {processor.py:161} INFO - Started process (PID=971) to work on /opt/airflow/dags/exampledag.py
[2025-04-27T00:33:47.350+0000] {processor.py:830} INFO - Processing file /opt/airflow/dags/exampledag.py for tasks to queue
[2025-04-27T00:33:47.351+0000] {logging_mixin.py:188} INFO - [2025-04-27T00:33:47.351+0000] {dagbag.py:538} INFO - Filling up the DagBag from /opt/airflow/dags/exampledag.py
[2025-04-27T00:33:47.377+0000] {processor.py:840} INFO - DAG(s) 'chethan_test_dag' retrieved from /opt/airflow/dags/exampledag.py
[2025-04-27T00:33:47.403+0000] {logging_mixin.py:188} INFO - [2025-04-27T00:33:47.403+0000] {dag.py:3036} INFO - Sync 1 DAGs
[2025-04-27T00:33:47.429+0000] {logging_mixin.py:188} INFO - [2025-04-27T00:33:47.429+0000] {dag.py:3823} INFO - Setting next_dagrun for chethan_test_dag to 2025-04-26 00:00:00+00:00, run_after=2025-04-27 00:00:00+00:00
[2025-04-27T00:33:47.450+0000] {processor.py:183} INFO - Processing /opt/airflow/dags/exampledag.py took 0.104 seconds
[2025-04-27T00:34:17.629+0000] {processor.py:161} INFO - Started process (PID=1013) to work on /opt/airflow/dags/exampledag.py
[2025-04-27T00:34:17.631+0000] {processor.py:830} INFO - Processing file /opt/airflow/dags/exampledag.py for tasks to queue
[2025-04-27T00:34:17.633+0000] {logging_mixin.py:188} INFO - [2025-04-27T00:34:17.632+0000] {dagbag.py:538} INFO - Filling up the DagBag from /opt/airflow/dags/exampledag.py
[2025-04-27T00:34:17.666+0000] {processor.py:840} INFO - DAG(s) 'chethan_test_dag' retrieved from /opt/airflow/dags/exampledag.py
[2025-04-27T00:34:17.690+0000] {logging_mixin.py:188} INFO - [2025-04-27T00:34:17.690+0000] {dag.py:3036} INFO - Sync 1 DAGs
[2025-04-27T00:34:17.706+0000] {logging_mixin.py:188} INFO - [2025-04-27T00:34:17.706+0000] {dag.py:3823} INFO - Setting next_dagrun for chethan_test_dag to 2025-04-26 00:00:00+00:00, run_after=2025-04-27 00:00:00+00:00
[2025-04-27T00:34:17.724+0000] {processor.py:183} INFO - Processing /opt/airflow/dags/exampledag.py took 0.099 seconds
[2025-04-27T00:34:48.512+0000] {processor.py:161} INFO - Started process (PID=1057) to work on /opt/airflow/dags/exampledag.py
[2025-04-27T00:34:48.513+0000] {processor.py:830} INFO - Processing file /opt/airflow/dags/exampledag.py for tasks to queue
[2025-04-27T00:34:48.514+0000] {logging_mixin.py:188} INFO - [2025-04-27T00:34:48.514+0000] {dagbag.py:538} INFO - Filling up the DagBag from /opt/airflow/dags/exampledag.py
[2025-04-27T00:34:48.544+0000] {processor.py:840} INFO - DAG(s) 'chethan_test_dag' retrieved from /opt/airflow/dags/exampledag.py
[2025-04-27T00:34:48.577+0000] {logging_mixin.py:188} INFO - [2025-04-27T00:34:48.577+0000] {dag.py:3036} INFO - Sync 1 DAGs
[2025-04-27T00:34:48.600+0000] {logging_mixin.py:188} INFO - [2025-04-27T00:34:48.600+0000] {dag.py:3823} INFO - Setting next_dagrun for chethan_test_dag to 2025-04-26 00:00:00+00:00, run_after=2025-04-27 00:00:00+00:00
[2025-04-27T00:34:48.622+0000] {processor.py:183} INFO - Processing /opt/airflow/dags/exampledag.py took 0.112 seconds
[2025-04-27T00:35:18.806+0000] {processor.py:161} INFO - Started process (PID=1100) to work on /opt/airflow/dags/exampledag.py
[2025-04-27T00:35:18.808+0000] {processor.py:830} INFO - Processing file /opt/airflow/dags/exampledag.py for tasks to queue
[2025-04-27T00:35:18.809+0000] {logging_mixin.py:188} INFO - [2025-04-27T00:35:18.809+0000] {dagbag.py:538} INFO - Filling up the DagBag from /opt/airflow/dags/exampledag.py
[2025-04-27T00:35:18.836+0000] {processor.py:840} INFO - DAG(s) 'chethan_test_dag' retrieved from /opt/airflow/dags/exampledag.py
[2025-04-27T00:35:18.860+0000] {logging_mixin.py:188} INFO - [2025-04-27T00:35:18.860+0000] {dag.py:3036} INFO - Sync 1 DAGs
[2025-04-27T00:35:18.881+0000] {logging_mixin.py:188} INFO - [2025-04-27T00:35:18.881+0000] {dag.py:3823} INFO - Setting next_dagrun for chethan_test_dag to 2025-04-26 00:00:00+00:00, run_after=2025-04-27 00:00:00+00:00
[2025-04-27T00:35:18.902+0000] {processor.py:183} INFO - Processing /opt/airflow/dags/exampledag.py took 0.098 seconds
[2025-04-27T00:35:49.192+0000] {processor.py:161} INFO - Started process (PID=1142) to work on /opt/airflow/dags/exampledag.py
[2025-04-27T00:35:49.194+0000] {processor.py:830} INFO - Processing file /opt/airflow/dags/exampledag.py for tasks to queue
[2025-04-27T00:35:49.195+0000] {logging_mixin.py:188} INFO - [2025-04-27T00:35:49.195+0000] {dagbag.py:538} INFO - Filling up the DagBag from /opt/airflow/dags/exampledag.py
[2025-04-27T00:35:49.233+0000] {processor.py:840} INFO - DAG(s) 'chethan_test_dag' retrieved from /opt/airflow/dags/exampledag.py
[2025-04-27T00:35:49.260+0000] {logging_mixin.py:188} INFO - [2025-04-27T00:35:49.260+0000] {dag.py:3036} INFO - Sync 1 DAGs
[2025-04-27T00:35:49.312+0000] {logging_mixin.py:188} INFO - [2025-04-27T00:35:49.311+0000] {dag.py:3823} INFO - Setting next_dagrun for chethan_test_dag to 2025-04-26 00:00:00+00:00, run_after=2025-04-27 00:00:00+00:00
[2025-04-27T00:35:49.333+0000] {processor.py:183} INFO - Processing /opt/airflow/dags/exampledag.py took 0.144 seconds
[2025-04-27T00:36:19.474+0000] {processor.py:161} INFO - Started process (PID=1180) to work on /opt/airflow/dags/exampledag.py
[2025-04-27T00:36:19.476+0000] {processor.py:830} INFO - Processing file /opt/airflow/dags/exampledag.py for tasks to queue
[2025-04-27T00:36:19.478+0000] {logging_mixin.py:188} INFO - [2025-04-27T00:36:19.477+0000] {dagbag.py:538} INFO - Filling up the DagBag from /opt/airflow/dags/exampledag.py
[2025-04-27T00:36:19.620+0000] {processor.py:840} INFO - DAG(s) 'chethan_test_dag' retrieved from /opt/airflow/dags/exampledag.py
[2025-04-27T00:36:19.664+0000] {logging_mixin.py:188} INFO - [2025-04-27T00:36:19.663+0000] {dag.py:3036} INFO - Sync 1 DAGs
[2025-04-27T00:36:19.694+0000] {logging_mixin.py:188} INFO - [2025-04-27T00:36:19.694+0000] {dag.py:3823} INFO - Setting next_dagrun for chethan_test_dag to 2025-04-26 00:00:00+00:00, run_after=2025-04-27 00:00:00+00:00
[2025-04-27T00:36:19.737+0000] {processor.py:183} INFO - Processing /opt/airflow/dags/exampledag.py took 0.266 seconds
[2025-04-27T00:37:34.923+0000] {processor.py:161} INFO - Started process (PID=203) to work on /opt/airflow/dags/exampledag.py
[2025-04-27T00:37:34.927+0000] {processor.py:830} INFO - Processing file /opt/airflow/dags/exampledag.py for tasks to queue
[2025-04-27T00:37:34.936+0000] {logging_mixin.py:188} INFO - [2025-04-27T00:37:34.930+0000] {dagbag.py:538} INFO - Filling up the DagBag from /opt/airflow/dags/exampledag.py
[2025-04-27T00:37:35.090+0000] {processor.py:840} INFO - DAG(s) 'chethan_test_dag' retrieved from /opt/airflow/dags/exampledag.py
[2025-04-27T00:37:35.146+0000] {logging_mixin.py:188} INFO - [2025-04-27T00:37:35.146+0000] {dag.py:3036} INFO - Sync 1 DAGs
[2025-04-27T00:37:35.207+0000] {logging_mixin.py:188} INFO - [2025-04-27T00:37:35.206+0000] {dag.py:3823} INFO - Setting next_dagrun for chethan_test_dag to 2025-04-26 00:00:00+00:00, run_after=2025-04-27 00:00:00+00:00
[2025-04-27T00:37:35.286+0000] {processor.py:183} INFO - Processing /opt/airflow/dags/exampledag.py took 0.369 seconds
[2025-04-27T00:38:05.869+0000] {processor.py:161} INFO - Started process (PID=246) to work on /opt/airflow/dags/exampledag.py
[2025-04-27T00:38:05.872+0000] {processor.py:830} INFO - Processing file /opt/airflow/dags/exampledag.py for tasks to queue
[2025-04-27T00:38:05.875+0000] {logging_mixin.py:188} INFO - [2025-04-27T00:38:05.874+0000] {dagbag.py:538} INFO - Filling up the DagBag from /opt/airflow/dags/exampledag.py
[2025-04-27T00:38:05.937+0000] {processor.py:840} INFO - DAG(s) 'chethan_test_dag' retrieved from /opt/airflow/dags/exampledag.py
[2025-04-27T00:38:06.088+0000] {logging_mixin.py:188} INFO - [2025-04-27T00:38:06.088+0000] {dag.py:3036} INFO - Sync 1 DAGs
[2025-04-27T00:38:06.120+0000] {logging_mixin.py:188} INFO - [2025-04-27T00:38:06.120+0000] {dag.py:3823} INFO - Setting next_dagrun for chethan_test_dag to 2025-04-26 00:00:00+00:00, run_after=2025-04-27 00:00:00+00:00
[2025-04-27T00:38:06.150+0000] {processor.py:183} INFO - Processing /opt/airflow/dags/exampledag.py took 0.288 seconds
[2025-04-27T00:38:37.020+0000] {processor.py:161} INFO - Started process (PID=291) to work on /opt/airflow/dags/exampledag.py
[2025-04-27T00:38:37.023+0000] {processor.py:830} INFO - Processing file /opt/airflow/dags/exampledag.py for tasks to queue
[2025-04-27T00:38:37.024+0000] {logging_mixin.py:188} INFO - [2025-04-27T00:38:37.023+0000] {dagbag.py:538} INFO - Filling up the DagBag from /opt/airflow/dags/exampledag.py
[2025-04-27T00:38:37.053+0000] {processor.py:840} INFO - DAG(s) 'chethan_test_dag' retrieved from /opt/airflow/dags/exampledag.py
[2025-04-27T00:38:37.080+0000] {logging_mixin.py:188} INFO - [2025-04-27T00:38:37.079+0000] {dag.py:3036} INFO - Sync 1 DAGs
[2025-04-27T00:38:37.101+0000] {logging_mixin.py:188} INFO - [2025-04-27T00:38:37.101+0000] {dag.py:3823} INFO - Setting next_dagrun for chethan_test_dag to 2025-04-26 00:00:00+00:00, run_after=2025-04-27 00:00:00+00:00
[2025-04-27T00:38:37.117+0000] {processor.py:183} INFO - Processing /opt/airflow/dags/exampledag.py took 0.099 seconds
[2025-04-27T00:39:07.715+0000] {processor.py:161} INFO - Started process (PID=334) to work on /opt/airflow/dags/exampledag.py
[2025-04-27T00:39:07.716+0000] {processor.py:830} INFO - Processing file /opt/airflow/dags/exampledag.py for tasks to queue
[2025-04-27T00:39:07.717+0000] {logging_mixin.py:188} INFO - [2025-04-27T00:39:07.717+0000] {dagbag.py:538} INFO - Filling up the DagBag from /opt/airflow/dags/exampledag.py
[2025-04-27T00:39:07.763+0000] {processor.py:840} INFO - DAG(s) 'chethan_test_dag' retrieved from /opt/airflow/dags/exampledag.py
[2025-04-27T00:39:07.809+0000] {logging_mixin.py:188} INFO - [2025-04-27T00:39:07.809+0000] {dag.py:3036} INFO - Sync 1 DAGs
[2025-04-27T00:39:07.882+0000] {logging_mixin.py:188} INFO - [2025-04-27T00:39:07.881+0000] {dag.py:3823} INFO - Setting next_dagrun for chethan_test_dag to 2025-04-26 00:00:00+00:00, run_after=2025-04-27 00:00:00+00:00
[2025-04-27T00:39:07.932+0000] {processor.py:183} INFO - Processing /opt/airflow/dags/exampledag.py took 0.221 seconds
[2025-04-27T00:39:38.445+0000] {processor.py:161} INFO - Started process (PID=377) to work on /opt/airflow/dags/exampledag.py
[2025-04-27T00:39:38.446+0000] {processor.py:830} INFO - Processing file /opt/airflow/dags/exampledag.py for tasks to queue
[2025-04-27T00:39:38.447+0000] {logging_mixin.py:188} INFO - [2025-04-27T00:39:38.447+0000] {dagbag.py:538} INFO - Filling up the DagBag from /opt/airflow/dags/exampledag.py
[2025-04-27T00:39:38.476+0000] {processor.py:840} INFO - DAG(s) 'chethan_test_dag' retrieved from /opt/airflow/dags/exampledag.py
[2025-04-27T00:39:38.500+0000] {logging_mixin.py:188} INFO - [2025-04-27T00:39:38.500+0000] {dag.py:3036} INFO - Sync 1 DAGs
[2025-04-27T00:39:38.520+0000] {logging_mixin.py:188} INFO - [2025-04-27T00:39:38.520+0000] {dag.py:3823} INFO - Setting next_dagrun for chethan_test_dag to 2025-04-26 00:00:00+00:00, run_after=2025-04-27 00:00:00+00:00
[2025-04-27T00:39:38.543+0000] {processor.py:183} INFO - Processing /opt/airflow/dags/exampledag.py took 0.104 seconds
[2025-04-27T00:40:08.978+0000] {processor.py:161} INFO - Started process (PID=420) to work on /opt/airflow/dags/exampledag.py
[2025-04-27T00:40:08.979+0000] {processor.py:830} INFO - Processing file /opt/airflow/dags/exampledag.py for tasks to queue
[2025-04-27T00:40:08.980+0000] {logging_mixin.py:188} INFO - [2025-04-27T00:40:08.980+0000] {dagbag.py:538} INFO - Filling up the DagBag from /opt/airflow/dags/exampledag.py
[2025-04-27T00:40:09.008+0000] {processor.py:840} INFO - DAG(s) 'chethan_test_dag' retrieved from /opt/airflow/dags/exampledag.py
[2025-04-27T00:40:09.035+0000] {logging_mixin.py:188} INFO - [2025-04-27T00:40:09.035+0000] {dag.py:3036} INFO - Sync 1 DAGs
[2025-04-27T00:40:09.056+0000] {logging_mixin.py:188} INFO - [2025-04-27T00:40:09.056+0000] {dag.py:3823} INFO - Setting next_dagrun for chethan_test_dag to 2025-04-26 00:00:00+00:00, run_after=2025-04-27 00:00:00+00:00
[2025-04-27T00:40:09.077+0000] {processor.py:183} INFO - Processing /opt/airflow/dags/exampledag.py took 0.101 seconds
[2025-04-27T00:40:39.709+0000] {processor.py:161} INFO - Started process (PID=463) to work on /opt/airflow/dags/exampledag.py
[2025-04-27T00:40:39.710+0000] {processor.py:830} INFO - Processing file /opt/airflow/dags/exampledag.py for tasks to queue
[2025-04-27T00:40:39.712+0000] {logging_mixin.py:188} INFO - [2025-04-27T00:40:39.711+0000] {dagbag.py:538} INFO - Filling up the DagBag from /opt/airflow/dags/exampledag.py
[2025-04-27T00:40:39.751+0000] {processor.py:840} INFO - DAG(s) 'chethan_test_dag' retrieved from /opt/airflow/dags/exampledag.py
[2025-04-27T00:40:39.788+0000] {logging_mixin.py:188} INFO - [2025-04-27T00:40:39.788+0000] {dag.py:3036} INFO - Sync 1 DAGs
[2025-04-27T00:40:39.831+0000] {logging_mixin.py:188} INFO - [2025-04-27T00:40:39.831+0000] {dag.py:3823} INFO - Setting next_dagrun for chethan_test_dag to 2025-04-26 00:00:00+00:00, run_after=2025-04-27 00:00:00+00:00
[2025-04-27T00:40:39.861+0000] {processor.py:183} INFO - Processing /opt/airflow/dags/exampledag.py took 0.156 seconds
[2025-04-27T00:41:10.133+0000] {processor.py:161} INFO - Started process (PID=506) to work on /opt/airflow/dags/exampledag.py
[2025-04-27T00:41:10.135+0000] {processor.py:830} INFO - Processing file /opt/airflow/dags/exampledag.py for tasks to queue
[2025-04-27T00:41:10.136+0000] {logging_mixin.py:188} INFO - [2025-04-27T00:41:10.135+0000] {dagbag.py:538} INFO - Filling up the DagBag from /opt/airflow/dags/exampledag.py
[2025-04-27T00:41:10.159+0000] {processor.py:840} INFO - DAG(s) 'chethan_test_dag' retrieved from /opt/airflow/dags/exampledag.py
[2025-04-27T00:41:10.179+0000] {logging_mixin.py:188} INFO - [2025-04-27T00:41:10.178+0000] {dag.py:3036} INFO - Sync 1 DAGs
[2025-04-27T00:41:10.198+0000] {logging_mixin.py:188} INFO - [2025-04-27T00:41:10.198+0000] {dag.py:3823} INFO - Setting next_dagrun for chethan_test_dag to 2025-04-26 00:00:00+00:00, run_after=2025-04-27 00:00:00+00:00
[2025-04-27T00:41:10.215+0000] {processor.py:183} INFO - Processing /opt/airflow/dags/exampledag.py took 0.084 seconds
[2025-04-27T00:41:40.740+0000] {processor.py:161} INFO - Started process (PID=549) to work on /opt/airflow/dags/exampledag.py
[2025-04-27T00:41:40.741+0000] {processor.py:830} INFO - Processing file /opt/airflow/dags/exampledag.py for tasks to queue
[2025-04-27T00:41:40.742+0000] {logging_mixin.py:188} INFO - [2025-04-27T00:41:40.742+0000] {dagbag.py:538} INFO - Filling up the DagBag from /opt/airflow/dags/exampledag.py
[2025-04-27T00:41:40.775+0000] {processor.py:840} INFO - DAG(s) 'chethan_test_dag' retrieved from /opt/airflow/dags/exampledag.py
[2025-04-27T00:41:40.805+0000] {logging_mixin.py:188} INFO - [2025-04-27T00:41:40.805+0000] {dag.py:3036} INFO - Sync 1 DAGs
[2025-04-27T00:41:40.826+0000] {logging_mixin.py:188} INFO - [2025-04-27T00:41:40.826+0000] {dag.py:3823} INFO - Setting next_dagrun for chethan_test_dag to 2025-04-26 00:00:00+00:00, run_after=2025-04-27 00:00:00+00:00
[2025-04-27T00:41:40.849+0000] {processor.py:183} INFO - Processing /opt/airflow/dags/exampledag.py took 0.112 seconds
[2025-04-27T00:42:11.376+0000] {processor.py:161} INFO - Started process (PID=592) to work on /opt/airflow/dags/exampledag.py
[2025-04-27T00:42:11.377+0000] {processor.py:830} INFO - Processing file /opt/airflow/dags/exampledag.py for tasks to queue
[2025-04-27T00:42:11.379+0000] {logging_mixin.py:188} INFO - [2025-04-27T00:42:11.378+0000] {dagbag.py:538} INFO - Filling up the DagBag from /opt/airflow/dags/exampledag.py
[2025-04-27T00:42:11.413+0000] {processor.py:840} INFO - DAG(s) 'chethan_test_dag' retrieved from /opt/airflow/dags/exampledag.py
[2025-04-27T00:42:11.435+0000] {logging_mixin.py:188} INFO - [2025-04-27T00:42:11.434+0000] {dag.py:3036} INFO - Sync 1 DAGs
[2025-04-27T00:42:11.451+0000] {logging_mixin.py:188} INFO - [2025-04-27T00:42:11.451+0000] {dag.py:3823} INFO - Setting next_dagrun for chethan_test_dag to 2025-04-26 00:00:00+00:00, run_after=2025-04-27 00:00:00+00:00
[2025-04-27T00:42:11.470+0000] {processor.py:183} INFO - Processing /opt/airflow/dags/exampledag.py took 0.097 seconds
[2025-04-27T00:42:42.641+0000] {processor.py:161} INFO - Started process (PID=635) to work on /opt/airflow/dags/exampledag.py
[2025-04-27T00:42:42.642+0000] {processor.py:830} INFO - Processing file /opt/airflow/dags/exampledag.py for tasks to queue
[2025-04-27T00:42:42.643+0000] {logging_mixin.py:188} INFO - [2025-04-27T00:42:42.643+0000] {dagbag.py:538} INFO - Filling up the DagBag from /opt/airflow/dags/exampledag.py
[2025-04-27T00:42:42.674+0000] {processor.py:840} INFO - DAG(s) 'chethan_test_dag' retrieved from /opt/airflow/dags/exampledag.py
[2025-04-27T00:42:42.697+0000] {logging_mixin.py:188} INFO - [2025-04-27T00:42:42.697+0000] {dag.py:3036} INFO - Sync 1 DAGs
[2025-04-27T00:42:42.716+0000] {logging_mixin.py:188} INFO - [2025-04-27T00:42:42.716+0000] {dag.py:3823} INFO - Setting next_dagrun for chethan_test_dag to 2025-04-26 00:00:00+00:00, run_after=2025-04-27 00:00:00+00:00
[2025-04-27T00:42:42.737+0000] {processor.py:183} INFO - Processing /opt/airflow/dags/exampledag.py took 0.099 seconds
[2025-04-27T00:43:13.447+0000] {processor.py:161} INFO - Started process (PID=675) to work on /opt/airflow/dags/exampledag.py
[2025-04-27T00:43:13.449+0000] {processor.py:830} INFO - Processing file /opt/airflow/dags/exampledag.py for tasks to queue
[2025-04-27T00:43:13.455+0000] {logging_mixin.py:188} INFO - [2025-04-27T00:43:13.451+0000] {dagbag.py:538} INFO - Filling up the DagBag from /opt/airflow/dags/exampledag.py
[2025-04-27T00:43:13.493+0000] {processor.py:840} INFO - DAG(s) 'chethan_test_dag' retrieved from /opt/airflow/dags/exampledag.py
[2025-04-27T00:43:13.528+0000] {logging_mixin.py:188} INFO - [2025-04-27T00:43:13.528+0000] {dag.py:3036} INFO - Sync 1 DAGs
[2025-04-27T00:43:13.562+0000] {logging_mixin.py:188} INFO - [2025-04-27T00:43:13.562+0000] {dag.py:3823} INFO - Setting next_dagrun for chethan_test_dag to 2025-04-26 00:00:00+00:00, run_after=2025-04-27 00:00:00+00:00
[2025-04-27T00:43:13.587+0000] {processor.py:183} INFO - Processing /opt/airflow/dags/exampledag.py took 0.146 seconds
[2025-04-27T00:43:43.970+0000] {processor.py:161} INFO - Started process (PID=715) to work on /opt/airflow/dags/exampledag.py
[2025-04-27T00:43:43.971+0000] {processor.py:830} INFO - Processing file /opt/airflow/dags/exampledag.py for tasks to queue
[2025-04-27T00:43:43.972+0000] {logging_mixin.py:188} INFO - [2025-04-27T00:43:43.972+0000] {dagbag.py:538} INFO - Filling up the DagBag from /opt/airflow/dags/exampledag.py
[2025-04-27T00:43:44.001+0000] {processor.py:840} INFO - DAG(s) 'chethan_test_dag' retrieved from /opt/airflow/dags/exampledag.py
[2025-04-27T00:43:44.023+0000] {logging_mixin.py:188} INFO - [2025-04-27T00:43:44.023+0000] {dag.py:3036} INFO - Sync 1 DAGs
[2025-04-27T00:43:44.046+0000] {logging_mixin.py:188} INFO - [2025-04-27T00:43:44.046+0000] {dag.py:3823} INFO - Setting next_dagrun for chethan_test_dag to 2025-04-26 00:00:00+00:00, run_after=2025-04-27 00:00:00+00:00
[2025-04-27T00:43:44.068+0000] {processor.py:183} INFO - Processing /opt/airflow/dags/exampledag.py took 0.101 seconds
[2025-04-27T00:44:15.575+0000] {processor.py:161} INFO - Started process (PID=764) to work on /opt/airflow/dags/exampledag.py
[2025-04-27T00:44:15.576+0000] {processor.py:830} INFO - Processing file /opt/airflow/dags/exampledag.py for tasks to queue
[2025-04-27T00:44:15.577+0000] {logging_mixin.py:188} INFO - [2025-04-27T00:44:15.577+0000] {dagbag.py:538} INFO - Filling up the DagBag from /opt/airflow/dags/exampledag.py
[2025-04-27T00:44:15.609+0000] {processor.py:840} INFO - DAG(s) 'chethan_test_dag' retrieved from /opt/airflow/dags/exampledag.py
[2025-04-27T00:44:15.631+0000] {logging_mixin.py:188} INFO - [2025-04-27T00:44:15.631+0000] {dag.py:3036} INFO - Sync 1 DAGs
[2025-04-27T00:44:15.650+0000] {logging_mixin.py:188} INFO - [2025-04-27T00:44:15.650+0000] {dag.py:3823} INFO - Setting next_dagrun for chethan_test_dag to 2025-04-26 00:00:00+00:00, run_after=2025-04-27 00:00:00+00:00
[2025-04-27T00:44:15.667+0000] {processor.py:183} INFO - Processing /opt/airflow/dags/exampledag.py took 0.094 seconds
[2025-04-27T00:44:46.398+0000] {processor.py:161} INFO - Started process (PID=804) to work on /opt/airflow/dags/exampledag.py
[2025-04-27T00:44:46.401+0000] {processor.py:830} INFO - Processing file /opt/airflow/dags/exampledag.py for tasks to queue
[2025-04-27T00:44:46.403+0000] {logging_mixin.py:188} INFO - [2025-04-27T00:44:46.402+0000] {dagbag.py:538} INFO - Filling up the DagBag from /opt/airflow/dags/exampledag.py
[2025-04-27T00:44:46.467+0000] {processor.py:840} INFO - DAG(s) 'chethan_test_dag' retrieved from /opt/airflow/dags/exampledag.py
[2025-04-27T00:44:46.507+0000] {logging_mixin.py:188} INFO - [2025-04-27T00:44:46.506+0000] {dag.py:3036} INFO - Sync 1 DAGs
[2025-04-27T00:44:46.551+0000] {logging_mixin.py:188} INFO - [2025-04-27T00:44:46.550+0000] {dag.py:3823} INFO - Setting next_dagrun for chethan_test_dag to 2025-04-26 00:00:00+00:00, run_after=2025-04-27 00:00:00+00:00
[2025-04-27T00:44:46.592+0000] {processor.py:183} INFO - Processing /opt/airflow/dags/exampledag.py took 0.212 seconds
[2025-04-27T00:45:17.195+0000] {processor.py:161} INFO - Started process (PID=844) to work on /opt/airflow/dags/exampledag.py
[2025-04-27T00:45:17.196+0000] {processor.py:830} INFO - Processing file /opt/airflow/dags/exampledag.py for tasks to queue
[2025-04-27T00:45:17.197+0000] {logging_mixin.py:188} INFO - [2025-04-27T00:45:17.197+0000] {dagbag.py:538} INFO - Filling up the DagBag from /opt/airflow/dags/exampledag.py
[2025-04-27T00:45:17.221+0000] {processor.py:840} INFO - DAG(s) 'chethan_test_dag' retrieved from /opt/airflow/dags/exampledag.py
[2025-04-27T00:45:17.240+0000] {logging_mixin.py:188} INFO - [2025-04-27T00:45:17.240+0000] {dag.py:3036} INFO - Sync 1 DAGs
[2025-04-27T00:45:17.257+0000] {logging_mixin.py:188} INFO - [2025-04-27T00:45:17.257+0000] {dag.py:3823} INFO - Setting next_dagrun for chethan_test_dag to 2025-04-26 00:00:00+00:00, run_after=2025-04-27 00:00:00+00:00
[2025-04-27T00:45:17.273+0000] {processor.py:183} INFO - Processing /opt/airflow/dags/exampledag.py took 0.080 seconds
[2025-04-27T00:45:47.834+0000] {processor.py:161} INFO - Started process (PID=885) to work on /opt/airflow/dags/exampledag.py
[2025-04-27T00:45:47.836+0000] {processor.py:830} INFO - Processing file /opt/airflow/dags/exampledag.py for tasks to queue
[2025-04-27T00:45:47.838+0000] {logging_mixin.py:188} INFO - [2025-04-27T00:45:47.837+0000] {dagbag.py:538} INFO - Filling up the DagBag from /opt/airflow/dags/exampledag.py
[2025-04-27T00:45:47.869+0000] {processor.py:840} INFO - DAG(s) 'chethan_test_dag' retrieved from /opt/airflow/dags/exampledag.py
[2025-04-27T00:45:47.897+0000] {logging_mixin.py:188} INFO - [2025-04-27T00:45:47.897+0000] {dag.py:3036} INFO - Sync 1 DAGs
[2025-04-27T00:45:47.923+0000] {logging_mixin.py:188} INFO - [2025-04-27T00:45:47.923+0000] {dag.py:3823} INFO - Setting next_dagrun for chethan_test_dag to 2025-04-26 00:00:00+00:00, run_after=2025-04-27 00:00:00+00:00
[2025-04-27T00:45:47.950+0000] {processor.py:183} INFO - Processing /opt/airflow/dags/exampledag.py took 0.120 seconds
[2025-04-27T00:46:19.410+0000] {processor.py:161} INFO - Started process (PID=930) to work on /opt/airflow/dags/exampledag.py
[2025-04-27T00:46:19.412+0000] {processor.py:830} INFO - Processing file /opt/airflow/dags/exampledag.py for tasks to queue
[2025-04-27T00:46:19.415+0000] {logging_mixin.py:188} INFO - [2025-04-27T00:46:19.414+0000] {dagbag.py:538} INFO - Filling up the DagBag from /opt/airflow/dags/exampledag.py
[2025-04-27T00:46:19.466+0000] {processor.py:840} INFO - DAG(s) 'chethan_test_dag' retrieved from /opt/airflow/dags/exampledag.py
[2025-04-27T00:46:19.503+0000] {logging_mixin.py:188} INFO - [2025-04-27T00:46:19.503+0000] {dag.py:3036} INFO - Sync 1 DAGs
[2025-04-27T00:46:19.536+0000] {logging_mixin.py:188} INFO - [2025-04-27T00:46:19.536+0000] {dag.py:3823} INFO - Setting next_dagrun for chethan_test_dag to 2025-04-26 00:00:00+00:00, run_after=2025-04-27 00:00:00+00:00
[2025-04-27T00:46:19.564+0000] {processor.py:183} INFO - Processing /opt/airflow/dags/exampledag.py took 0.157 seconds
[2025-04-27T00:46:50.059+0000] {processor.py:161} INFO - Started process (PID=973) to work on /opt/airflow/dags/exampledag.py
[2025-04-27T00:46:50.060+0000] {processor.py:830} INFO - Processing file /opt/airflow/dags/exampledag.py for tasks to queue
[2025-04-27T00:46:50.062+0000] {logging_mixin.py:188} INFO - [2025-04-27T00:46:50.061+0000] {dagbag.py:538} INFO - Filling up the DagBag from /opt/airflow/dags/exampledag.py
[2025-04-27T00:46:50.098+0000] {processor.py:840} INFO - DAG(s) 'chethan_test_dag' retrieved from /opt/airflow/dags/exampledag.py
[2025-04-27T00:46:50.125+0000] {logging_mixin.py:188} INFO - [2025-04-27T00:46:50.125+0000] {dag.py:3036} INFO - Sync 1 DAGs
[2025-04-27T00:46:50.153+0000] {logging_mixin.py:188} INFO - [2025-04-27T00:46:50.153+0000] {dag.py:3823} INFO - Setting next_dagrun for chethan_test_dag to 2025-04-26 00:00:00+00:00, run_after=2025-04-27 00:00:00+00:00
[2025-04-27T00:46:50.178+0000] {processor.py:183} INFO - Processing /opt/airflow/dags/exampledag.py took 0.123 seconds
[2025-04-27T00:47:22.004+0000] {processor.py:161} INFO - Started process (PID=1019) to work on /opt/airflow/dags/exampledag.py
[2025-04-27T00:47:22.005+0000] {processor.py:830} INFO - Processing file /opt/airflow/dags/exampledag.py for tasks to queue
[2025-04-27T00:47:22.006+0000] {logging_mixin.py:188} INFO - [2025-04-27T00:47:22.006+0000] {dagbag.py:538} INFO - Filling up the DagBag from /opt/airflow/dags/exampledag.py
[2025-04-27T00:47:22.042+0000] {processor.py:840} INFO - DAG(s) 'chethan_test_dag' retrieved from /opt/airflow/dags/exampledag.py
[2025-04-27T00:47:22.073+0000] {logging_mixin.py:188} INFO - [2025-04-27T00:47:22.073+0000] {dag.py:3036} INFO - Sync 1 DAGs
[2025-04-27T00:47:22.104+0000] {logging_mixin.py:188} INFO - [2025-04-27T00:47:22.104+0000] {dag.py:3823} INFO - Setting next_dagrun for chethan_test_dag to 2025-04-26 00:00:00+00:00, run_after=2025-04-27 00:00:00+00:00
[2025-04-27T00:47:22.136+0000] {processor.py:183} INFO - Processing /opt/airflow/dags/exampledag.py took 0.136 seconds
[2025-04-27T00:47:53.506+0000] {processor.py:161} INFO - Started process (PID=1059) to work on /opt/airflow/dags/exampledag.py
[2025-04-27T00:47:53.508+0000] {processor.py:830} INFO - Processing file /opt/airflow/dags/exampledag.py for tasks to queue
[2025-04-27T00:47:53.510+0000] {logging_mixin.py:188} INFO - [2025-04-27T00:47:53.509+0000] {dagbag.py:538} INFO - Filling up the DagBag from /opt/airflow/dags/exampledag.py
[2025-04-27T00:47:53.565+0000] {processor.py:840} INFO - DAG(s) 'chethan_test_dag' retrieved from /opt/airflow/dags/exampledag.py
[2025-04-27T00:47:53.608+0000] {logging_mixin.py:188} INFO - [2025-04-27T00:47:53.607+0000] {dag.py:3036} INFO - Sync 1 DAGs
[2025-04-27T00:47:53.657+0000] {logging_mixin.py:188} INFO - [2025-04-27T00:47:53.656+0000] {dag.py:3823} INFO - Setting next_dagrun for chethan_test_dag to 2025-04-26 00:00:00+00:00, run_after=2025-04-27 00:00:00+00:00
[2025-04-27T00:47:53.697+0000] {processor.py:183} INFO - Processing /opt/airflow/dags/exampledag.py took 0.195 seconds
[2025-04-27T00:48:24.591+0000] {processor.py:161} INFO - Started process (PID=1102) to work on /opt/airflow/dags/exampledag.py
[2025-04-27T00:48:24.593+0000] {processor.py:830} INFO - Processing file /opt/airflow/dags/exampledag.py for tasks to queue
[2025-04-27T00:48:24.594+0000] {logging_mixin.py:188} INFO - [2025-04-27T00:48:24.594+0000] {dagbag.py:538} INFO - Filling up the DagBag from /opt/airflow/dags/exampledag.py
[2025-04-27T00:48:24.628+0000] {processor.py:840} INFO - DAG(s) 'chethan_test_dag' retrieved from /opt/airflow/dags/exampledag.py
[2025-04-27T00:48:24.659+0000] {logging_mixin.py:188} INFO - [2025-04-27T00:48:24.658+0000] {dag.py:3036} INFO - Sync 1 DAGs
[2025-04-27T00:48:24.687+0000] {logging_mixin.py:188} INFO - [2025-04-27T00:48:24.687+0000] {dag.py:3823} INFO - Setting next_dagrun for chethan_test_dag to 2025-04-26 00:00:00+00:00, run_after=2025-04-27 00:00:00+00:00
[2025-04-27T00:48:24.713+0000] {processor.py:183} INFO - Processing /opt/airflow/dags/exampledag.py took 0.126 seconds
[2025-04-27T00:48:56.274+0000] {processor.py:161} INFO - Started process (PID=1145) to work on /opt/airflow/dags/exampledag.py
[2025-04-27T00:48:56.279+0000] {processor.py:830} INFO - Processing file /opt/airflow/dags/exampledag.py for tasks to queue
[2025-04-27T00:48:56.282+0000] {logging_mixin.py:188} INFO - [2025-04-27T00:48:56.281+0000] {dagbag.py:538} INFO - Filling up the DagBag from /opt/airflow/dags/exampledag.py
[2025-04-27T00:48:56.378+0000] {processor.py:840} INFO - DAG(s) 'chethan_test_dag' retrieved from /opt/airflow/dags/exampledag.py
[2025-04-27T00:48:56.451+0000] {logging_mixin.py:188} INFO - [2025-04-27T00:48:56.450+0000] {dag.py:3036} INFO - Sync 1 DAGs
[2025-04-27T00:48:56.531+0000] {logging_mixin.py:188} INFO - [2025-04-27T00:48:56.530+0000] {dag.py:3823} INFO - Setting next_dagrun for chethan_test_dag to 2025-04-26 00:00:00+00:00, run_after=2025-04-27 00:00:00+00:00
[2025-04-27T00:48:56.576+0000] {processor.py:183} INFO - Processing /opt/airflow/dags/exampledag.py took 0.310 seconds
[2025-04-27T00:49:26.799+0000] {processor.py:161} INFO - Started process (PID=1188) to work on /opt/airflow/dags/exampledag.py
[2025-04-27T00:49:26.801+0000] {processor.py:830} INFO - Processing file /opt/airflow/dags/exampledag.py for tasks to queue
[2025-04-27T00:49:26.802+0000] {logging_mixin.py:188} INFO - [2025-04-27T00:49:26.802+0000] {dagbag.py:538} INFO - Filling up the DagBag from /opt/airflow/dags/exampledag.py
[2025-04-27T00:49:26.839+0000] {processor.py:840} INFO - DAG(s) 'chethan_test_dag' retrieved from /opt/airflow/dags/exampledag.py
[2025-04-27T00:49:26.874+0000] {logging_mixin.py:188} INFO - [2025-04-27T00:49:26.874+0000] {dag.py:3036} INFO - Sync 1 DAGs
[2025-04-27T00:49:26.902+0000] {logging_mixin.py:188} INFO - [2025-04-27T00:49:26.901+0000] {dag.py:3823} INFO - Setting next_dagrun for chethan_test_dag to 2025-04-26 00:00:00+00:00, run_after=2025-04-27 00:00:00+00:00
[2025-04-27T00:49:26.920+0000] {processor.py:183} INFO - Processing /opt/airflow/dags/exampledag.py took 0.125 seconds
[2025-04-27T00:50:36.793+0000] {processor.py:161} INFO - Started process (PID=205) to work on /opt/airflow/dags/exampledag.py
[2025-04-27T00:50:36.794+0000] {processor.py:830} INFO - Processing file /opt/airflow/dags/exampledag.py for tasks to queue
[2025-04-27T00:50:36.796+0000] {logging_mixin.py:188} INFO - [2025-04-27T00:50:36.795+0000] {dagbag.py:538} INFO - Filling up the DagBag from /opt/airflow/dags/exampledag.py
[2025-04-27T00:50:36.838+0000] {processor.py:840} INFO - DAG(s) 'chethan_test_dag' retrieved from /opt/airflow/dags/exampledag.py
[2025-04-27T00:50:36.857+0000] {logging_mixin.py:188} INFO - [2025-04-27T00:50:36.856+0000] {dag.py:3036} INFO - Sync 1 DAGs
[2025-04-27T00:50:36.883+0000] {logging_mixin.py:188} INFO - [2025-04-27T00:50:36.883+0000] {dag.py:3823} INFO - Setting next_dagrun for chethan_test_dag to 2025-04-26 00:00:00+00:00, run_after=2025-04-27 00:00:00+00:00
[2025-04-27T00:50:36.910+0000] {processor.py:183} INFO - Processing /opt/airflow/dags/exampledag.py took 0.121 seconds
[2025-04-27T00:51:09.104+0000] {processor.py:161} INFO - Started process (PID=246) to work on /opt/airflow/dags/exampledag.py
[2025-04-27T00:51:09.105+0000] {processor.py:830} INFO - Processing file /opt/airflow/dags/exampledag.py for tasks to queue
[2025-04-27T00:51:09.111+0000] {logging_mixin.py:188} INFO - [2025-04-27T00:51:09.110+0000] {dagbag.py:538} INFO - Filling up the DagBag from /opt/airflow/dags/exampledag.py
[2025-04-27T00:51:09.161+0000] {processor.py:840} INFO - DAG(s) 'chethan_test_dag' retrieved from /opt/airflow/dags/exampledag.py
[2025-04-27T00:51:09.338+0000] {logging_mixin.py:188} INFO - [2025-04-27T00:51:09.338+0000] {dag.py:3036} INFO - Sync 1 DAGs
[2025-04-27T00:51:09.370+0000] {logging_mixin.py:188} INFO - [2025-04-27T00:51:09.370+0000] {dag.py:3823} INFO - Setting next_dagrun for chethan_test_dag to 2025-04-26 00:00:00+00:00, run_after=2025-04-27 00:00:00+00:00
[2025-04-27T00:51:09.413+0000] {processor.py:183} INFO - Processing /opt/airflow/dags/exampledag.py took 0.319 seconds
[2025-04-27T00:51:39.556+0000] {processor.py:161} INFO - Started process (PID=288) to work on /opt/airflow/dags/exampledag.py
[2025-04-27T00:51:39.557+0000] {processor.py:830} INFO - Processing file /opt/airflow/dags/exampledag.py for tasks to queue
[2025-04-27T00:51:39.559+0000] {logging_mixin.py:188} INFO - [2025-04-27T00:51:39.558+0000] {dagbag.py:538} INFO - Filling up the DagBag from /opt/airflow/dags/exampledag.py
[2025-04-27T00:51:39.603+0000] {processor.py:840} INFO - DAG(s) 'chethan_test_dag' retrieved from /opt/airflow/dags/exampledag.py
[2025-04-27T00:51:39.642+0000] {logging_mixin.py:188} INFO - [2025-04-27T00:51:39.641+0000] {dag.py:3036} INFO - Sync 1 DAGs
[2025-04-27T00:51:39.673+0000] {logging_mixin.py:188} INFO - [2025-04-27T00:51:39.672+0000] {dag.py:3823} INFO - Setting next_dagrun for chethan_test_dag to 2025-04-26 00:00:00+00:00, run_after=2025-04-27 00:00:00+00:00
[2025-04-27T00:51:39.704+0000] {processor.py:183} INFO - Processing /opt/airflow/dags/exampledag.py took 0.152 seconds
[2025-04-27T00:52:11.442+0000] {processor.py:161} INFO - Started process (PID=328) to work on /opt/airflow/dags/exampledag.py
[2025-04-27T00:52:11.445+0000] {processor.py:830} INFO - Processing file /opt/airflow/dags/exampledag.py for tasks to queue
[2025-04-27T00:52:11.448+0000] {logging_mixin.py:188} INFO - [2025-04-27T00:52:11.447+0000] {dagbag.py:538} INFO - Filling up the DagBag from /opt/airflow/dags/exampledag.py
[2025-04-27T00:52:11.492+0000] {processor.py:840} INFO - DAG(s) 'chethan_test_dag' retrieved from /opt/airflow/dags/exampledag.py
[2025-04-27T00:52:11.554+0000] {logging_mixin.py:188} INFO - [2025-04-27T00:52:11.553+0000] {dag.py:3036} INFO - Sync 1 DAGs
[2025-04-27T00:52:11.599+0000] {logging_mixin.py:188} INFO - [2025-04-27T00:52:11.599+0000] {dag.py:3823} INFO - Setting next_dagrun for chethan_test_dag to 2025-04-26 00:00:00+00:00, run_after=2025-04-27 00:00:00+00:00
[2025-04-27T00:52:11.642+0000] {processor.py:183} INFO - Processing /opt/airflow/dags/exampledag.py took 0.205 seconds
[2025-04-27T00:52:42.750+0000] {processor.py:161} INFO - Started process (PID=371) to work on /opt/airflow/dags/exampledag.py
[2025-04-27T00:52:42.752+0000] {processor.py:830} INFO - Processing file /opt/airflow/dags/exampledag.py for tasks to queue
[2025-04-27T00:52:42.753+0000] {logging_mixin.py:188} INFO - [2025-04-27T00:52:42.753+0000] {dagbag.py:538} INFO - Filling up the DagBag from /opt/airflow/dags/exampledag.py
[2025-04-27T00:52:42.787+0000] {processor.py:840} INFO - DAG(s) 'chethan_test_dag' retrieved from /opt/airflow/dags/exampledag.py
[2025-04-27T00:52:42.821+0000] {logging_mixin.py:188} INFO - [2025-04-27T00:52:42.820+0000] {dag.py:3036} INFO - Sync 1 DAGs
[2025-04-27T00:52:42.845+0000] {logging_mixin.py:188} INFO - [2025-04-27T00:52:42.845+0000] {dag.py:3823} INFO - Setting next_dagrun for chethan_test_dag to 2025-04-26 00:00:00+00:00, run_after=2025-04-27 00:00:00+00:00
[2025-04-27T00:52:42.869+0000] {processor.py:183} INFO - Processing /opt/airflow/dags/exampledag.py took 0.123 seconds
[2025-04-27T00:53:13.858+0000] {processor.py:161} INFO - Started process (PID=418) to work on /opt/airflow/dags/exampledag.py
[2025-04-27T00:53:13.860+0000] {processor.py:830} INFO - Processing file /opt/airflow/dags/exampledag.py for tasks to queue
[2025-04-27T00:53:13.862+0000] {logging_mixin.py:188} INFO - [2025-04-27T00:53:13.861+0000] {dagbag.py:538} INFO - Filling up the DagBag from /opt/airflow/dags/exampledag.py
[2025-04-27T00:53:13.903+0000] {processor.py:840} INFO - DAG(s) 'chethan_test_dag' retrieved from /opt/airflow/dags/exampledag.py
[2025-04-27T00:53:13.941+0000] {logging_mixin.py:188} INFO - [2025-04-27T00:53:13.940+0000] {dag.py:3036} INFO - Sync 1 DAGs
[2025-04-27T00:53:13.972+0000] {logging_mixin.py:188} INFO - [2025-04-27T00:53:13.972+0000] {dag.py:3823} INFO - Setting next_dagrun for chethan_test_dag to 2025-04-26 00:00:00+00:00, run_after=2025-04-27 00:00:00+00:00
[2025-04-27T00:53:14.007+0000] {processor.py:183} INFO - Processing /opt/airflow/dags/exampledag.py took 0.155 seconds
[2025-04-27T00:53:45.468+0000] {processor.py:161} INFO - Started process (PID=461) to work on /opt/airflow/dags/exampledag.py
[2025-04-27T00:53:45.470+0000] {processor.py:830} INFO - Processing file /opt/airflow/dags/exampledag.py for tasks to queue
[2025-04-27T00:53:45.472+0000] {logging_mixin.py:188} INFO - [2025-04-27T00:53:45.471+0000] {dagbag.py:538} INFO - Filling up the DagBag from /opt/airflow/dags/exampledag.py
[2025-04-27T00:53:45.513+0000] {processor.py:840} INFO - DAG(s) 'chethan_test_dag' retrieved from /opt/airflow/dags/exampledag.py
[2025-04-27T00:53:45.551+0000] {logging_mixin.py:188} INFO - [2025-04-27T00:53:45.551+0000] {dag.py:3036} INFO - Sync 1 DAGs
[2025-04-27T00:53:45.599+0000] {logging_mixin.py:188} INFO - [2025-04-27T00:53:45.599+0000] {dag.py:3823} INFO - Setting next_dagrun for chethan_test_dag to 2025-04-26 00:00:00+00:00, run_after=2025-04-27 00:00:00+00:00
[2025-04-27T00:53:45.636+0000] {processor.py:183} INFO - Processing /opt/airflow/dags/exampledag.py took 0.171 seconds
[2025-04-27T00:54:16.872+0000] {processor.py:161} INFO - Started process (PID=504) to work on /opt/airflow/dags/exampledag.py
[2025-04-27T00:54:16.874+0000] {processor.py:830} INFO - Processing file /opt/airflow/dags/exampledag.py for tasks to queue
[2025-04-27T00:54:16.876+0000] {logging_mixin.py:188} INFO - [2025-04-27T00:54:16.876+0000] {dagbag.py:538} INFO - Filling up the DagBag from /opt/airflow/dags/exampledag.py
[2025-04-27T00:54:16.913+0000] {processor.py:840} INFO - DAG(s) 'chethan_test_dag' retrieved from /opt/airflow/dags/exampledag.py
[2025-04-27T00:54:16.952+0000] {logging_mixin.py:188} INFO - [2025-04-27T00:54:16.952+0000] {dag.py:3036} INFO - Sync 1 DAGs
[2025-04-27T00:54:16.996+0000] {logging_mixin.py:188} INFO - [2025-04-27T00:54:16.996+0000] {dag.py:3823} INFO - Setting next_dagrun for chethan_test_dag to 2025-04-26 00:00:00+00:00, run_after=2025-04-27 00:00:00+00:00
[2025-04-27T00:54:17.028+0000] {processor.py:183} INFO - Processing /opt/airflow/dags/exampledag.py took 0.159 seconds
[2025-04-27T00:54:48.427+0000] {processor.py:161} INFO - Started process (PID=547) to work on /opt/airflow/dags/exampledag.py
[2025-04-27T00:54:48.429+0000] {processor.py:830} INFO - Processing file /opt/airflow/dags/exampledag.py for tasks to queue
[2025-04-27T00:54:48.430+0000] {logging_mixin.py:188} INFO - [2025-04-27T00:54:48.430+0000] {dagbag.py:538} INFO - Filling up the DagBag from /opt/airflow/dags/exampledag.py
[2025-04-27T00:54:48.475+0000] {processor.py:840} INFO - DAG(s) 'chethan_test_dag' retrieved from /opt/airflow/dags/exampledag.py
[2025-04-27T00:54:48.514+0000] {logging_mixin.py:188} INFO - [2025-04-27T00:54:48.513+0000] {dag.py:3036} INFO - Sync 1 DAGs
[2025-04-27T00:54:48.549+0000] {logging_mixin.py:188} INFO - [2025-04-27T00:54:48.549+0000] {dag.py:3823} INFO - Setting next_dagrun for chethan_test_dag to 2025-04-26 00:00:00+00:00, run_after=2025-04-27 00:00:00+00:00
[2025-04-27T00:54:48.582+0000] {processor.py:183} INFO - Processing /opt/airflow/dags/exampledag.py took 0.161 seconds
[2025-04-27T00:55:22.612+0000] {processor.py:161} INFO - Started process (PID=589) to work on /opt/airflow/dags/exampledag.py
[2025-04-27T00:55:22.614+0000] {processor.py:830} INFO - Processing file /opt/airflow/dags/exampledag.py for tasks to queue
[2025-04-27T00:55:22.616+0000] {logging_mixin.py:188} INFO - [2025-04-27T00:55:22.616+0000] {dagbag.py:538} INFO - Filling up the DagBag from /opt/airflow/dags/exampledag.py
[2025-04-27T00:55:22.669+0000] {processor.py:840} INFO - DAG(s) 'chethan_test_dag' retrieved from /opt/airflow/dags/exampledag.py
[2025-04-27T00:55:22.710+0000] {logging_mixin.py:188} INFO - [2025-04-27T00:55:22.709+0000] {dag.py:3036} INFO - Sync 1 DAGs
[2025-04-27T00:55:22.754+0000] {logging_mixin.py:188} INFO - [2025-04-27T00:55:22.754+0000] {dag.py:3823} INFO - Setting next_dagrun for chethan_test_dag to 2025-04-26 00:00:00+00:00, run_after=2025-04-27 00:00:00+00:00
[2025-04-27T00:55:22.799+0000] {processor.py:183} INFO - Processing /opt/airflow/dags/exampledag.py took 0.191 seconds
[2025-04-27T00:56:35.495+0000] {processor.py:161} INFO - Started process (PID=203) to work on /opt/airflow/dags/exampledag.py
[2025-04-27T00:56:35.499+0000] {processor.py:830} INFO - Processing file /opt/airflow/dags/exampledag.py for tasks to queue
[2025-04-27T00:56:35.502+0000] {logging_mixin.py:188} INFO - [2025-04-27T00:56:35.501+0000] {dagbag.py:538} INFO - Filling up the DagBag from /opt/airflow/dags/exampledag.py
[2025-04-27T00:56:35.579+0000] {processor.py:840} INFO - DAG(s) 'chethan_test_dag' retrieved from /opt/airflow/dags/exampledag.py
[2025-04-27T00:56:35.613+0000] {logging_mixin.py:188} INFO - [2025-04-27T00:56:35.612+0000] {dag.py:3036} INFO - Sync 1 DAGs
[2025-04-27T00:56:35.653+0000] {logging_mixin.py:188} INFO - [2025-04-27T00:56:35.652+0000] {dag.py:3823} INFO - Setting next_dagrun for chethan_test_dag to 2025-04-26 00:00:00+00:00, run_after=2025-04-27 00:00:00+00:00
[2025-04-27T00:56:35.691+0000] {processor.py:183} INFO - Processing /opt/airflow/dags/exampledag.py took 0.202 seconds
[2025-04-27T00:57:06.196+0000] {processor.py:161} INFO - Started process (PID=245) to work on /opt/airflow/dags/exampledag.py
[2025-04-27T00:57:06.197+0000] {processor.py:830} INFO - Processing file /opt/airflow/dags/exampledag.py for tasks to queue
[2025-04-27T00:57:06.198+0000] {logging_mixin.py:188} INFO - [2025-04-27T00:57:06.198+0000] {dagbag.py:538} INFO - Filling up the DagBag from /opt/airflow/dags/exampledag.py
[2025-04-27T00:57:06.226+0000] {processor.py:840} INFO - DAG(s) 'chethan_test_dag' retrieved from /opt/airflow/dags/exampledag.py
[2025-04-27T00:57:06.357+0000] {logging_mixin.py:188} INFO - [2025-04-27T00:57:06.356+0000] {dag.py:3036} INFO - Sync 1 DAGs
[2025-04-27T00:57:06.396+0000] {logging_mixin.py:188} INFO - [2025-04-27T00:57:06.396+0000] {dag.py:3823} INFO - Setting next_dagrun for chethan_test_dag to 2025-04-26 00:00:00+00:00, run_after=2025-04-27 00:00:00+00:00
[2025-04-27T00:57:06.456+0000] {processor.py:183} INFO - Processing /opt/airflow/dags/exampledag.py took 0.263 seconds
[2025-04-27T00:57:36.608+0000] {processor.py:161} INFO - Started process (PID=282) to work on /opt/airflow/dags/exampledag.py
[2025-04-27T00:57:36.610+0000] {processor.py:830} INFO - Processing file /opt/airflow/dags/exampledag.py for tasks to queue
[2025-04-27T00:57:36.612+0000] {logging_mixin.py:188} INFO - [2025-04-27T00:57:36.612+0000] {dagbag.py:538} INFO - Filling up the DagBag from /opt/airflow/dags/exampledag.py
[2025-04-27T00:57:36.663+0000] {processor.py:840} INFO - DAG(s) 'chethan_test_dag' retrieved from /opt/airflow/dags/exampledag.py
[2025-04-27T00:57:36.702+0000] {logging_mixin.py:188} INFO - [2025-04-27T00:57:36.702+0000] {dag.py:3036} INFO - Sync 1 DAGs
[2025-04-27T00:57:36.748+0000] {logging_mixin.py:188} INFO - [2025-04-27T00:57:36.747+0000] {dag.py:3823} INFO - Setting next_dagrun for chethan_test_dag to 2025-04-26 00:00:00+00:00, run_after=2025-04-27 00:00:00+00:00
[2025-04-27T00:57:36.775+0000] {processor.py:183} INFO - Processing /opt/airflow/dags/exampledag.py took 0.172 seconds
[2025-04-27T00:58:08.352+0000] {processor.py:161} INFO - Started process (PID=329) to work on /opt/airflow/dags/exampledag.py
[2025-04-27T00:58:08.354+0000] {processor.py:830} INFO - Processing file /opt/airflow/dags/exampledag.py for tasks to queue
[2025-04-27T00:58:08.357+0000] {logging_mixin.py:188} INFO - [2025-04-27T00:58:08.355+0000] {dagbag.py:538} INFO - Filling up the DagBag from /opt/airflow/dags/exampledag.py
[2025-04-27T00:58:08.408+0000] {processor.py:840} INFO - DAG(s) 'chethan_test_dag' retrieved from /opt/airflow/dags/exampledag.py
[2025-04-27T00:58:08.506+0000] {logging_mixin.py:188} INFO - [2025-04-27T00:58:08.506+0000] {dag.py:3036} INFO - Sync 1 DAGs
[2025-04-27T00:58:08.594+0000] {logging_mixin.py:188} INFO - [2025-04-27T00:58:08.594+0000] {dag.py:3823} INFO - Setting next_dagrun for chethan_test_dag to 2025-04-26 00:00:00+00:00, run_after=2025-04-27 00:00:00+00:00
[2025-04-27T00:58:08.649+0000] {processor.py:183} INFO - Processing /opt/airflow/dags/exampledag.py took 0.301 seconds
[2025-04-27T00:58:40.631+0000] {processor.py:161} INFO - Started process (PID=380) to work on /opt/airflow/dags/exampledag.py
[2025-04-27T00:58:40.641+0000] {processor.py:830} INFO - Processing file /opt/airflow/dags/exampledag.py for tasks to queue
[2025-04-27T00:58:40.645+0000] {logging_mixin.py:188} INFO - [2025-04-27T00:58:40.643+0000] {dagbag.py:538} INFO - Filling up the DagBag from /opt/airflow/dags/exampledag.py
[2025-04-27T00:58:40.756+0000] {processor.py:840} INFO - DAG(s) 'chethan_test_dag' retrieved from /opt/airflow/dags/exampledag.py
[2025-04-27T00:58:40.871+0000] {logging_mixin.py:188} INFO - [2025-04-27T00:58:40.871+0000] {dag.py:3036} INFO - Sync 1 DAGs
[2025-04-27T00:58:40.966+0000] {logging_mixin.py:188} INFO - [2025-04-27T00:58:40.965+0000] {dag.py:3823} INFO - Setting next_dagrun for chethan_test_dag to 2025-04-26 00:00:00+00:00, run_after=2025-04-27 00:00:00+00:00
[2025-04-27T00:58:41.023+0000] {processor.py:183} INFO - Processing /opt/airflow/dags/exampledag.py took 0.407 seconds
[2025-04-27T00:59:11.568+0000] {processor.py:161} INFO - Started process (PID=421) to work on /opt/airflow/dags/exampledag.py
[2025-04-27T00:59:11.572+0000] {processor.py:830} INFO - Processing file /opt/airflow/dags/exampledag.py for tasks to queue
[2025-04-27T00:59:11.578+0000] {logging_mixin.py:188} INFO - [2025-04-27T00:59:11.577+0000] {dagbag.py:538} INFO - Filling up the DagBag from /opt/airflow/dags/exampledag.py
[2025-04-27T00:59:11.658+0000] {processor.py:840} INFO - DAG(s) 'chethan_test_dag' retrieved from /opt/airflow/dags/exampledag.py
[2025-04-27T00:59:11.711+0000] {logging_mixin.py:188} INFO - [2025-04-27T00:59:11.710+0000] {dag.py:3036} INFO - Sync 1 DAGs
[2025-04-27T00:59:11.781+0000] {logging_mixin.py:188} INFO - [2025-04-27T00:59:11.780+0000] {dag.py:3823} INFO - Setting next_dagrun for chethan_test_dag to 2025-04-26 00:00:00+00:00, run_after=2025-04-27 00:00:00+00:00
[2025-04-27T00:59:11.817+0000] {processor.py:183} INFO - Processing /opt/airflow/dags/exampledag.py took 0.273 seconds
[2025-04-27T00:59:42.492+0000] {processor.py:161} INFO - Started process (PID=463) to work on /opt/airflow/dags/exampledag.py
[2025-04-27T00:59:42.494+0000] {processor.py:830} INFO - Processing file /opt/airflow/dags/exampledag.py for tasks to queue
[2025-04-27T00:59:42.496+0000] {logging_mixin.py:188} INFO - [2025-04-27T00:59:42.495+0000] {dagbag.py:538} INFO - Filling up the DagBag from /opt/airflow/dags/exampledag.py
[2025-04-27T00:59:42.539+0000] {processor.py:840} INFO - DAG(s) 'chethan_test_dag' retrieved from /opt/airflow/dags/exampledag.py
[2025-04-27T00:59:42.575+0000] {logging_mixin.py:188} INFO - [2025-04-27T00:59:42.575+0000] {dag.py:3036} INFO - Sync 1 DAGs
[2025-04-27T00:59:42.653+0000] {logging_mixin.py:188} INFO - [2025-04-27T00:59:42.653+0000] {dag.py:3823} INFO - Setting next_dagrun for chethan_test_dag to 2025-04-26 00:00:00+00:00, run_after=2025-04-27 00:00:00+00:00
[2025-04-27T00:59:42.684+0000] {processor.py:183} INFO - Processing /opt/airflow/dags/exampledag.py took 0.196 seconds
[2025-04-27T01:00:13.477+0000] {processor.py:161} INFO - Started process (PID=506) to work on /opt/airflow/dags/exampledag.py
[2025-04-27T01:00:13.479+0000] {processor.py:830} INFO - Processing file /opt/airflow/dags/exampledag.py for tasks to queue
[2025-04-27T01:00:13.482+0000] {logging_mixin.py:188} INFO - [2025-04-27T01:00:13.481+0000] {dagbag.py:538} INFO - Filling up the DagBag from /opt/airflow/dags/exampledag.py
[2025-04-27T01:00:13.537+0000] {processor.py:840} INFO - DAG(s) 'chethan_test_dag' retrieved from /opt/airflow/dags/exampledag.py
[2025-04-27T01:00:13.585+0000] {logging_mixin.py:188} INFO - [2025-04-27T01:00:13.585+0000] {dag.py:3036} INFO - Sync 1 DAGs
[2025-04-27T01:00:13.637+0000] {logging_mixin.py:188} INFO - [2025-04-27T01:00:13.637+0000] {dag.py:3823} INFO - Setting next_dagrun for chethan_test_dag to 2025-04-26 00:00:00+00:00, run_after=2025-04-27 00:00:00+00:00
[2025-04-27T01:00:13.677+0000] {processor.py:183} INFO - Processing /opt/airflow/dags/exampledag.py took 0.206 seconds
[2025-04-27T01:00:44.397+0000] {processor.py:161} INFO - Started process (PID=549) to work on /opt/airflow/dags/exampledag.py
[2025-04-27T01:00:44.399+0000] {processor.py:830} INFO - Processing file /opt/airflow/dags/exampledag.py for tasks to queue
[2025-04-27T01:00:44.400+0000] {logging_mixin.py:188} INFO - [2025-04-27T01:00:44.400+0000] {dagbag.py:538} INFO - Filling up the DagBag from /opt/airflow/dags/exampledag.py
[2025-04-27T01:00:44.429+0000] {processor.py:840} INFO - DAG(s) 'chethan_test_dag' retrieved from /opt/airflow/dags/exampledag.py
[2025-04-27T01:00:44.457+0000] {logging_mixin.py:188} INFO - [2025-04-27T01:00:44.456+0000] {dag.py:3036} INFO - Sync 1 DAGs
[2025-04-27T01:00:44.478+0000] {logging_mixin.py:188} INFO - [2025-04-27T01:00:44.477+0000] {dag.py:3823} INFO - Setting next_dagrun for chethan_test_dag to 2025-04-26 00:00:00+00:00, run_after=2025-04-27 00:00:00+00:00
[2025-04-27T01:00:44.503+0000] {processor.py:183} INFO - Processing /opt/airflow/dags/exampledag.py took 0.108 seconds
[2025-04-27T01:01:15.052+0000] {processor.py:161} INFO - Started process (PID=592) to work on /opt/airflow/dags/exampledag.py
[2025-04-27T01:01:15.055+0000] {processor.py:830} INFO - Processing file /opt/airflow/dags/exampledag.py for tasks to queue
[2025-04-27T01:01:15.058+0000] {logging_mixin.py:188} INFO - [2025-04-27T01:01:15.057+0000] {dagbag.py:538} INFO - Filling up the DagBag from /opt/airflow/dags/exampledag.py
[2025-04-27T01:01:15.110+0000] {processor.py:840} INFO - DAG(s) 'chethan_test_dag' retrieved from /opt/airflow/dags/exampledag.py
[2025-04-27T01:01:15.153+0000] {logging_mixin.py:188} INFO - [2025-04-27T01:01:15.153+0000] {dag.py:3036} INFO - Sync 1 DAGs
[2025-04-27T01:01:15.189+0000] {logging_mixin.py:188} INFO - [2025-04-27T01:01:15.188+0000] {dag.py:3823} INFO - Setting next_dagrun for chethan_test_dag to 2025-04-26 00:00:00+00:00, run_after=2025-04-27 00:00:00+00:00
[2025-04-27T01:01:15.215+0000] {processor.py:183} INFO - Processing /opt/airflow/dags/exampledag.py took 0.167 seconds
[2025-04-27T01:01:45.879+0000] {processor.py:161} INFO - Started process (PID=635) to work on /opt/airflow/dags/exampledag.py
[2025-04-27T01:01:45.880+0000] {processor.py:830} INFO - Processing file /opt/airflow/dags/exampledag.py for tasks to queue
[2025-04-27T01:01:45.881+0000] {logging_mixin.py:188} INFO - [2025-04-27T01:01:45.881+0000] {dagbag.py:538} INFO - Filling up the DagBag from /opt/airflow/dags/exampledag.py
[2025-04-27T01:01:45.908+0000] {processor.py:840} INFO - DAG(s) 'chethan_test_dag' retrieved from /opt/airflow/dags/exampledag.py
[2025-04-27T01:01:45.953+0000] {logging_mixin.py:188} INFO - [2025-04-27T01:01:45.953+0000] {dag.py:3036} INFO - Sync 1 DAGs
[2025-04-27T01:01:45.973+0000] {logging_mixin.py:188} INFO - [2025-04-27T01:01:45.973+0000] {dag.py:3823} INFO - Setting next_dagrun for chethan_test_dag to 2025-04-26 00:00:00+00:00, run_after=2025-04-27 00:00:00+00:00
[2025-04-27T01:01:45.993+0000] {processor.py:183} INFO - Processing /opt/airflow/dags/exampledag.py took 0.116 seconds
[2025-04-27T01:02:16.550+0000] {processor.py:161} INFO - Started process (PID=678) to work on /opt/airflow/dags/exampledag.py
[2025-04-27T01:02:16.551+0000] {processor.py:830} INFO - Processing file /opt/airflow/dags/exampledag.py for tasks to queue
[2025-04-27T01:02:16.552+0000] {logging_mixin.py:188} INFO - [2025-04-27T01:02:16.552+0000] {dagbag.py:538} INFO - Filling up the DagBag from /opt/airflow/dags/exampledag.py
[2025-04-27T01:02:16.580+0000] {processor.py:840} INFO - DAG(s) 'chethan_test_dag' retrieved from /opt/airflow/dags/exampledag.py
[2025-04-27T01:02:16.616+0000] {logging_mixin.py:188} INFO - [2025-04-27T01:02:16.616+0000] {dag.py:3036} INFO - Sync 1 DAGs
[2025-04-27T01:02:16.646+0000] {logging_mixin.py:188} INFO - [2025-04-27T01:02:16.646+0000] {dag.py:3823} INFO - Setting next_dagrun for chethan_test_dag to 2025-04-26 00:00:00+00:00, run_after=2025-04-27 00:00:00+00:00
[2025-04-27T01:02:16.676+0000] {processor.py:183} INFO - Processing /opt/airflow/dags/exampledag.py took 0.129 seconds
[2025-04-27T01:02:47.418+0000] {processor.py:161} INFO - Started process (PID=721) to work on /opt/airflow/dags/exampledag.py
[2025-04-27T01:02:47.419+0000] {processor.py:830} INFO - Processing file /opt/airflow/dags/exampledag.py for tasks to queue
[2025-04-27T01:02:47.421+0000] {logging_mixin.py:188} INFO - [2025-04-27T01:02:47.420+0000] {dagbag.py:538} INFO - Filling up the DagBag from /opt/airflow/dags/exampledag.py
[2025-04-27T01:02:47.456+0000] {processor.py:840} INFO - DAG(s) 'chethan_test_dag' retrieved from /opt/airflow/dags/exampledag.py
[2025-04-27T01:02:47.481+0000] {logging_mixin.py:188} INFO - [2025-04-27T01:02:47.481+0000] {dag.py:3036} INFO - Sync 1 DAGs
[2025-04-27T01:02:47.501+0000] {logging_mixin.py:188} INFO - [2025-04-27T01:02:47.501+0000] {dag.py:3823} INFO - Setting next_dagrun for chethan_test_dag to 2025-04-26 00:00:00+00:00, run_after=2025-04-27 00:00:00+00:00
[2025-04-27T01:02:47.521+0000] {processor.py:183} INFO - Processing /opt/airflow/dags/exampledag.py took 0.106 seconds
[2025-04-27T01:03:18.073+0000] {processor.py:161} INFO - Started process (PID=764) to work on /opt/airflow/dags/exampledag.py
[2025-04-27T01:03:18.075+0000] {processor.py:830} INFO - Processing file /opt/airflow/dags/exampledag.py for tasks to queue
[2025-04-27T01:03:18.076+0000] {logging_mixin.py:188} INFO - [2025-04-27T01:03:18.076+0000] {dagbag.py:538} INFO - Filling up the DagBag from /opt/airflow/dags/exampledag.py
[2025-04-27T01:03:18.112+0000] {processor.py:840} INFO - DAG(s) 'chethan_test_dag' retrieved from /opt/airflow/dags/exampledag.py
[2025-04-27T01:03:18.138+0000] {logging_mixin.py:188} INFO - [2025-04-27T01:03:18.138+0000] {dag.py:3036} INFO - Sync 1 DAGs
[2025-04-27T01:03:18.158+0000] {logging_mixin.py:188} INFO - [2025-04-27T01:03:18.158+0000] {dag.py:3823} INFO - Setting next_dagrun for chethan_test_dag to 2025-04-26 00:00:00+00:00, run_after=2025-04-27 00:00:00+00:00
[2025-04-27T01:03:18.176+0000] {processor.py:183} INFO - Processing /opt/airflow/dags/exampledag.py took 0.106 seconds
[2025-04-27T01:03:48.729+0000] {processor.py:161} INFO - Started process (PID=807) to work on /opt/airflow/dags/exampledag.py
[2025-04-27T01:03:48.730+0000] {processor.py:830} INFO - Processing file /opt/airflow/dags/exampledag.py for tasks to queue
[2025-04-27T01:03:48.732+0000] {logging_mixin.py:188} INFO - [2025-04-27T01:03:48.731+0000] {dagbag.py:538} INFO - Filling up the DagBag from /opt/airflow/dags/exampledag.py
[2025-04-27T01:03:48.758+0000] {processor.py:840} INFO - DAG(s) 'chethan_test_dag' retrieved from /opt/airflow/dags/exampledag.py
[2025-04-27T01:03:48.781+0000] {logging_mixin.py:188} INFO - [2025-04-27T01:03:48.781+0000] {dag.py:3036} INFO - Sync 1 DAGs
[2025-04-27T01:03:48.800+0000] {logging_mixin.py:188} INFO - [2025-04-27T01:03:48.800+0000] {dag.py:3823} INFO - Setting next_dagrun for chethan_test_dag to 2025-04-26 00:00:00+00:00, run_after=2025-04-27 00:00:00+00:00
[2025-04-27T01:03:48.826+0000] {processor.py:183} INFO - Processing /opt/airflow/dags/exampledag.py took 0.101 seconds
[2025-04-27T01:04:19.284+0000] {processor.py:161} INFO - Started process (PID=850) to work on /opt/airflow/dags/exampledag.py
[2025-04-27T01:04:19.285+0000] {processor.py:830} INFO - Processing file /opt/airflow/dags/exampledag.py for tasks to queue
[2025-04-27T01:04:19.286+0000] {logging_mixin.py:188} INFO - [2025-04-27T01:04:19.286+0000] {dagbag.py:538} INFO - Filling up the DagBag from /opt/airflow/dags/exampledag.py
[2025-04-27T01:04:19.336+0000] {processor.py:840} INFO - DAG(s) 'chethan_test_dag' retrieved from /opt/airflow/dags/exampledag.py
[2025-04-27T01:04:19.369+0000] {logging_mixin.py:188} INFO - [2025-04-27T01:04:19.368+0000] {dag.py:3036} INFO - Sync 1 DAGs
[2025-04-27T01:04:19.399+0000] {logging_mixin.py:188} INFO - [2025-04-27T01:04:19.398+0000] {dag.py:3823} INFO - Setting next_dagrun for chethan_test_dag to 2025-04-26 00:00:00+00:00, run_after=2025-04-27 00:00:00+00:00
[2025-04-27T01:04:19.428+0000] {processor.py:183} INFO - Processing /opt/airflow/dags/exampledag.py took 0.147 seconds
[2025-04-27T01:04:49.819+0000] {processor.py:161} INFO - Started process (PID=893) to work on /opt/airflow/dags/exampledag.py
[2025-04-27T01:04:49.820+0000] {processor.py:830} INFO - Processing file /opt/airflow/dags/exampledag.py for tasks to queue
[2025-04-27T01:04:49.821+0000] {logging_mixin.py:188} INFO - [2025-04-27T01:04:49.821+0000] {dagbag.py:538} INFO - Filling up the DagBag from /opt/airflow/dags/exampledag.py
[2025-04-27T01:04:49.844+0000] {processor.py:840} INFO - DAG(s) 'chethan_test_dag' retrieved from /opt/airflow/dags/exampledag.py
[2025-04-27T01:04:49.869+0000] {logging_mixin.py:188} INFO - [2025-04-27T01:04:49.868+0000] {dag.py:3036} INFO - Sync 1 DAGs
[2025-04-27T01:04:49.892+0000] {logging_mixin.py:188} INFO - [2025-04-27T01:04:49.891+0000] {dag.py:3823} INFO - Setting next_dagrun for chethan_test_dag to 2025-04-26 00:00:00+00:00, run_after=2025-04-27 00:00:00+00:00
[2025-04-27T01:04:49.910+0000] {processor.py:183} INFO - Processing /opt/airflow/dags/exampledag.py took 0.093 seconds
[2025-04-27T01:05:20.451+0000] {processor.py:161} INFO - Started process (PID=936) to work on /opt/airflow/dags/exampledag.py
[2025-04-27T01:05:20.453+0000] {processor.py:830} INFO - Processing file /opt/airflow/dags/exampledag.py for tasks to queue
[2025-04-27T01:05:20.454+0000] {logging_mixin.py:188} INFO - [2025-04-27T01:05:20.454+0000] {dagbag.py:538} INFO - Filling up the DagBag from /opt/airflow/dags/exampledag.py
[2025-04-27T01:05:20.494+0000] {processor.py:840} INFO - DAG(s) 'chethan_test_dag' retrieved from /opt/airflow/dags/exampledag.py
[2025-04-27T01:05:20.533+0000] {logging_mixin.py:188} INFO - [2025-04-27T01:05:20.532+0000] {dag.py:3036} INFO - Sync 1 DAGs
[2025-04-27T01:05:20.564+0000] {logging_mixin.py:188} INFO - [2025-04-27T01:05:20.564+0000] {dag.py:3823} INFO - Setting next_dagrun for chethan_test_dag to 2025-04-26 00:00:00+00:00, run_after=2025-04-27 00:00:00+00:00
[2025-04-27T01:05:20.591+0000] {processor.py:183} INFO - Processing /opt/airflow/dags/exampledag.py took 0.145 seconds
[2025-04-27T01:05:50.860+0000] {processor.py:161} INFO - Started process (PID=979) to work on /opt/airflow/dags/exampledag.py
[2025-04-27T01:05:50.861+0000] {processor.py:830} INFO - Processing file /opt/airflow/dags/exampledag.py for tasks to queue
[2025-04-27T01:05:50.862+0000] {logging_mixin.py:188} INFO - [2025-04-27T01:05:50.862+0000] {dagbag.py:538} INFO - Filling up the DagBag from /opt/airflow/dags/exampledag.py
[2025-04-27T01:05:50.887+0000] {processor.py:840} INFO - DAG(s) 'chethan_test_dag' retrieved from /opt/airflow/dags/exampledag.py
[2025-04-27T01:05:50.908+0000] {logging_mixin.py:188} INFO - [2025-04-27T01:05:50.908+0000] {dag.py:3036} INFO - Sync 1 DAGs
[2025-04-27T01:05:50.928+0000] {logging_mixin.py:188} INFO - [2025-04-27T01:05:50.928+0000] {dag.py:3823} INFO - Setting next_dagrun for chethan_test_dag to 2025-04-26 00:00:00+00:00, run_after=2025-04-27 00:00:00+00:00
[2025-04-27T01:05:50.951+0000] {processor.py:183} INFO - Processing /opt/airflow/dags/exampledag.py took 0.094 seconds
[2025-04-27T01:06:21.344+0000] {processor.py:161} INFO - Started process (PID=1022) to work on /opt/airflow/dags/exampledag.py
[2025-04-27T01:06:21.345+0000] {processor.py:830} INFO - Processing file /opt/airflow/dags/exampledag.py for tasks to queue
[2025-04-27T01:06:21.346+0000] {logging_mixin.py:188} INFO - [2025-04-27T01:06:21.346+0000] {dagbag.py:538} INFO - Filling up the DagBag from /opt/airflow/dags/exampledag.py
[2025-04-27T01:06:21.373+0000] {processor.py:840} INFO - DAG(s) 'chethan_test_dag' retrieved from /opt/airflow/dags/exampledag.py
[2025-04-27T01:06:21.394+0000] {logging_mixin.py:188} INFO - [2025-04-27T01:06:21.393+0000] {dag.py:3036} INFO - Sync 1 DAGs
[2025-04-27T01:06:21.410+0000] {logging_mixin.py:188} INFO - [2025-04-27T01:06:21.410+0000] {dag.py:3823} INFO - Setting next_dagrun for chethan_test_dag to 2025-04-26 00:00:00+00:00, run_after=2025-04-27 00:00:00+00:00
[2025-04-27T01:06:21.427+0000] {processor.py:183} INFO - Processing /opt/airflow/dags/exampledag.py took 0.085 seconds
[2025-04-27T01:06:52.019+0000] {processor.py:161} INFO - Started process (PID=1065) to work on /opt/airflow/dags/exampledag.py
[2025-04-27T01:06:52.021+0000] {processor.py:830} INFO - Processing file /opt/airflow/dags/exampledag.py for tasks to queue
[2025-04-27T01:06:52.023+0000] {logging_mixin.py:188} INFO - [2025-04-27T01:06:52.022+0000] {dagbag.py:538} INFO - Filling up the DagBag from /opt/airflow/dags/exampledag.py
[2025-04-27T01:06:52.053+0000] {processor.py:840} INFO - DAG(s) 'chethan_test_dag' retrieved from /opt/airflow/dags/exampledag.py
[2025-04-27T01:06:52.079+0000] {logging_mixin.py:188} INFO - [2025-04-27T01:06:52.078+0000] {dag.py:3036} INFO - Sync 1 DAGs
[2025-04-27T01:06:52.101+0000] {logging_mixin.py:188} INFO - [2025-04-27T01:06:52.101+0000] {dag.py:3823} INFO - Setting next_dagrun for chethan_test_dag to 2025-04-26 00:00:00+00:00, run_after=2025-04-27 00:00:00+00:00
[2025-04-27T01:06:52.123+0000] {processor.py:183} INFO - Processing /opt/airflow/dags/exampledag.py took 0.107 seconds
[2025-04-27T01:07:22.586+0000] {processor.py:161} INFO - Started process (PID=1108) to work on /opt/airflow/dags/exampledag.py
[2025-04-27T01:07:22.587+0000] {processor.py:830} INFO - Processing file /opt/airflow/dags/exampledag.py for tasks to queue
[2025-04-27T01:07:22.588+0000] {logging_mixin.py:188} INFO - [2025-04-27T01:07:22.587+0000] {dagbag.py:538} INFO - Filling up the DagBag from /opt/airflow/dags/exampledag.py
[2025-04-27T01:07:22.617+0000] {processor.py:840} INFO - DAG(s) 'chethan_test_dag' retrieved from /opt/airflow/dags/exampledag.py
[2025-04-27T01:07:22.637+0000] {logging_mixin.py:188} INFO - [2025-04-27T01:07:22.637+0000] {dag.py:3036} INFO - Sync 1 DAGs
[2025-04-27T01:07:22.656+0000] {logging_mixin.py:188} INFO - [2025-04-27T01:07:22.656+0000] {dag.py:3823} INFO - Setting next_dagrun for chethan_test_dag to 2025-04-26 00:00:00+00:00, run_after=2025-04-27 00:00:00+00:00
[2025-04-27T01:07:22.672+0000] {processor.py:183} INFO - Processing /opt/airflow/dags/exampledag.py took 0.089 seconds
[2025-04-27T01:07:52.990+0000] {processor.py:161} INFO - Started process (PID=1149) to work on /opt/airflow/dags/exampledag.py
[2025-04-27T01:07:52.991+0000] {processor.py:830} INFO - Processing file /opt/airflow/dags/exampledag.py for tasks to queue
[2025-04-27T01:07:52.993+0000] {logging_mixin.py:188} INFO - [2025-04-27T01:07:52.992+0000] {dagbag.py:538} INFO - Filling up the DagBag from /opt/airflow/dags/exampledag.py
[2025-04-27T01:07:53.020+0000] {processor.py:840} INFO - DAG(s) 'chethan_test_dag' retrieved from /opt/airflow/dags/exampledag.py
[2025-04-27T01:07:53.045+0000] {logging_mixin.py:188} INFO - [2025-04-27T01:07:53.045+0000] {dag.py:3036} INFO - Sync 1 DAGs
[2025-04-27T01:07:53.069+0000] {logging_mixin.py:188} INFO - [2025-04-27T01:07:53.069+0000] {dag.py:3823} INFO - Setting next_dagrun for chethan_test_dag to 2025-04-26 00:00:00+00:00, run_after=2025-04-27 00:00:00+00:00
[2025-04-27T01:07:53.089+0000] {processor.py:183} INFO - Processing /opt/airflow/dags/exampledag.py took 0.102 seconds
[2025-04-27T01:08:23.478+0000] {processor.py:161} INFO - Started process (PID=1192) to work on /opt/airflow/dags/exampledag.py
[2025-04-27T01:08:23.479+0000] {processor.py:830} INFO - Processing file /opt/airflow/dags/exampledag.py for tasks to queue
[2025-04-27T01:08:23.481+0000] {logging_mixin.py:188} INFO - [2025-04-27T01:08:23.480+0000] {dagbag.py:538} INFO - Filling up the DagBag from /opt/airflow/dags/exampledag.py
[2025-04-27T01:08:23.517+0000] {processor.py:840} INFO - DAG(s) 'chethan_test_dag' retrieved from /opt/airflow/dags/exampledag.py
[2025-04-27T01:08:23.548+0000] {logging_mixin.py:188} INFO - [2025-04-27T01:08:23.548+0000] {dag.py:3036} INFO - Sync 1 DAGs
[2025-04-27T01:08:23.574+0000] {logging_mixin.py:188} INFO - [2025-04-27T01:08:23.574+0000] {dag.py:3823} INFO - Setting next_dagrun for chethan_test_dag to 2025-04-26 00:00:00+00:00, run_after=2025-04-27 00:00:00+00:00
[2025-04-27T01:08:23.601+0000] {processor.py:183} INFO - Processing /opt/airflow/dags/exampledag.py took 0.126 seconds
[2025-04-27T01:08:53.681+0000] {processor.py:161} INFO - Started process (PID=1229) to work on /opt/airflow/dags/exampledag.py
[2025-04-27T01:08:53.683+0000] {processor.py:830} INFO - Processing file /opt/airflow/dags/exampledag.py for tasks to queue
[2025-04-27T01:08:53.685+0000] {logging_mixin.py:188} INFO - [2025-04-27T01:08:53.684+0000] {dagbag.py:538} INFO - Filling up the DagBag from /opt/airflow/dags/exampledag.py
[2025-04-27T01:08:53.723+0000] {processor.py:840} INFO - DAG(s) 'chethan_test_dag' retrieved from /opt/airflow/dags/exampledag.py
[2025-04-27T01:08:53.752+0000] {logging_mixin.py:188} INFO - [2025-04-27T01:08:53.752+0000] {dag.py:3036} INFO - Sync 1 DAGs
[2025-04-27T01:08:53.778+0000] {logging_mixin.py:188} INFO - [2025-04-27T01:08:53.778+0000] {dag.py:3823} INFO - Setting next_dagrun for chethan_test_dag to 2025-04-26 00:00:00+00:00, run_after=2025-04-27 00:00:00+00:00
[2025-04-27T01:08:53.802+0000] {processor.py:183} INFO - Processing /opt/airflow/dags/exampledag.py took 0.124 seconds
[2025-04-27T01:09:24.131+0000] {processor.py:161} INFO - Started process (PID=1271) to work on /opt/airflow/dags/exampledag.py
[2025-04-27T01:09:24.132+0000] {processor.py:830} INFO - Processing file /opt/airflow/dags/exampledag.py for tasks to queue
[2025-04-27T01:09:24.134+0000] {logging_mixin.py:188} INFO - [2025-04-27T01:09:24.133+0000] {dagbag.py:538} INFO - Filling up the DagBag from /opt/airflow/dags/exampledag.py
[2025-04-27T01:09:24.161+0000] {processor.py:840} INFO - DAG(s) 'chethan_test_dag' retrieved from /opt/airflow/dags/exampledag.py
[2025-04-27T01:09:24.189+0000] {logging_mixin.py:188} INFO - [2025-04-27T01:09:24.189+0000] {dag.py:3036} INFO - Sync 1 DAGs
[2025-04-27T01:09:24.209+0000] {logging_mixin.py:188} INFO - [2025-04-27T01:09:24.209+0000] {dag.py:3823} INFO - Setting next_dagrun for chethan_test_dag to 2025-04-26 00:00:00+00:00, run_after=2025-04-27 00:00:00+00:00
[2025-04-27T01:09:24.230+0000] {processor.py:183} INFO - Processing /opt/airflow/dags/exampledag.py took 0.102 seconds
[2025-04-27T01:09:54.496+0000] {processor.py:161} INFO - Started process (PID=1311) to work on /opt/airflow/dags/exampledag.py
[2025-04-27T01:09:54.497+0000] {processor.py:830} INFO - Processing file /opt/airflow/dags/exampledag.py for tasks to queue
[2025-04-27T01:09:54.499+0000] {logging_mixin.py:188} INFO - [2025-04-27T01:09:54.498+0000] {dagbag.py:538} INFO - Filling up the DagBag from /opt/airflow/dags/exampledag.py
[2025-04-27T01:09:54.525+0000] {processor.py:840} INFO - DAG(s) 'chethan_test_dag' retrieved from /opt/airflow/dags/exampledag.py
[2025-04-27T01:09:54.554+0000] {logging_mixin.py:188} INFO - [2025-04-27T01:09:54.554+0000] {dag.py:3036} INFO - Sync 1 DAGs
[2025-04-27T01:09:54.580+0000] {logging_mixin.py:188} INFO - [2025-04-27T01:09:54.579+0000] {dag.py:3823} INFO - Setting next_dagrun for chethan_test_dag to 2025-04-26 00:00:00+00:00, run_after=2025-04-27 00:00:00+00:00
[2025-04-27T01:09:54.606+0000] {processor.py:183} INFO - Processing /opt/airflow/dags/exampledag.py took 0.114 seconds
[2025-04-27T01:10:24.731+0000] {processor.py:161} INFO - Started process (PID=1354) to work on /opt/airflow/dags/exampledag.py
[2025-04-27T01:10:24.732+0000] {processor.py:830} INFO - Processing file /opt/airflow/dags/exampledag.py for tasks to queue
[2025-04-27T01:10:24.733+0000] {logging_mixin.py:188} INFO - [2025-04-27T01:10:24.733+0000] {dagbag.py:538} INFO - Filling up the DagBag from /opt/airflow/dags/exampledag.py
[2025-04-27T01:10:24.764+0000] {processor.py:840} INFO - DAG(s) 'chethan_test_dag' retrieved from /opt/airflow/dags/exampledag.py
[2025-04-27T01:10:24.793+0000] {logging_mixin.py:188} INFO - [2025-04-27T01:10:24.793+0000] {dag.py:3036} INFO - Sync 1 DAGs
[2025-04-27T01:10:24.831+0000] {logging_mixin.py:188} INFO - [2025-04-27T01:10:24.831+0000] {dag.py:3823} INFO - Setting next_dagrun for chethan_test_dag to 2025-04-26 00:00:00+00:00, run_after=2025-04-27 00:00:00+00:00
[2025-04-27T01:10:24.856+0000] {processor.py:183} INFO - Processing /opt/airflow/dags/exampledag.py took 0.130 seconds
[2025-04-27T01:10:55.214+0000] {processor.py:161} INFO - Started process (PID=1397) to work on /opt/airflow/dags/exampledag.py
[2025-04-27T01:10:55.215+0000] {processor.py:830} INFO - Processing file /opt/airflow/dags/exampledag.py for tasks to queue
[2025-04-27T01:10:55.216+0000] {logging_mixin.py:188} INFO - [2025-04-27T01:10:55.216+0000] {dagbag.py:538} INFO - Filling up the DagBag from /opt/airflow/dags/exampledag.py
[2025-04-27T01:10:55.247+0000] {processor.py:840} INFO - DAG(s) 'chethan_test_dag' retrieved from /opt/airflow/dags/exampledag.py
[2025-04-27T01:10:55.274+0000] {logging_mixin.py:188} INFO - [2025-04-27T01:10:55.274+0000] {dag.py:3036} INFO - Sync 1 DAGs
[2025-04-27T01:10:55.298+0000] {logging_mixin.py:188} INFO - [2025-04-27T01:10:55.298+0000] {dag.py:3823} INFO - Setting next_dagrun for chethan_test_dag to 2025-04-26 00:00:00+00:00, run_after=2025-04-27 00:00:00+00:00
[2025-04-27T01:10:55.319+0000] {processor.py:183} INFO - Processing /opt/airflow/dags/exampledag.py took 0.109 seconds
[2025-04-27T01:11:25.997+0000] {processor.py:161} INFO - Started process (PID=1440) to work on /opt/airflow/dags/exampledag.py
[2025-04-27T01:11:25.998+0000] {processor.py:830} INFO - Processing file /opt/airflow/dags/exampledag.py for tasks to queue
[2025-04-27T01:11:25.999+0000] {logging_mixin.py:188} INFO - [2025-04-27T01:11:25.999+0000] {dagbag.py:538} INFO - Filling up the DagBag from /opt/airflow/dags/exampledag.py
[2025-04-27T01:11:26.030+0000] {processor.py:840} INFO - DAG(s) 'chethan_test_dag' retrieved from /opt/airflow/dags/exampledag.py
[2025-04-27T01:11:26.050+0000] {logging_mixin.py:188} INFO - [2025-04-27T01:11:26.050+0000] {dag.py:3036} INFO - Sync 1 DAGs
[2025-04-27T01:11:26.068+0000] {logging_mixin.py:188} INFO - [2025-04-27T01:11:26.067+0000] {dag.py:3823} INFO - Setting next_dagrun for chethan_test_dag to 2025-04-26 00:00:00+00:00, run_after=2025-04-27 00:00:00+00:00
[2025-04-27T01:11:26.082+0000] {processor.py:183} INFO - Processing /opt/airflow/dags/exampledag.py took 0.089 seconds
[2025-04-27T01:11:56.879+0000] {processor.py:161} INFO - Started process (PID=1483) to work on /opt/airflow/dags/exampledag.py
[2025-04-27T01:11:56.881+0000] {processor.py:830} INFO - Processing file /opt/airflow/dags/exampledag.py for tasks to queue
[2025-04-27T01:11:56.882+0000] {logging_mixin.py:188} INFO - [2025-04-27T01:11:56.881+0000] {dagbag.py:538} INFO - Filling up the DagBag from /opt/airflow/dags/exampledag.py
[2025-04-27T01:11:56.923+0000] {processor.py:840} INFO - DAG(s) 'chethan_test_dag' retrieved from /opt/airflow/dags/exampledag.py
[2025-04-27T01:11:56.946+0000] {logging_mixin.py:188} INFO - [2025-04-27T01:11:56.945+0000] {dag.py:3036} INFO - Sync 1 DAGs
[2025-04-27T01:11:56.966+0000] {logging_mixin.py:188} INFO - [2025-04-27T01:11:56.966+0000] {dag.py:3823} INFO - Setting next_dagrun for chethan_test_dag to 2025-04-26 00:00:00+00:00, run_after=2025-04-27 00:00:00+00:00
[2025-04-27T01:11:56.982+0000] {processor.py:183} INFO - Processing /opt/airflow/dags/exampledag.py took 0.106 seconds
[2025-04-27T01:12:28.183+0000] {processor.py:161} INFO - Started process (PID=1526) to work on /opt/airflow/dags/exampledag.py
[2025-04-27T01:12:28.184+0000] {processor.py:830} INFO - Processing file /opt/airflow/dags/exampledag.py for tasks to queue
[2025-04-27T01:12:28.186+0000] {logging_mixin.py:188} INFO - [2025-04-27T01:12:28.186+0000] {dagbag.py:538} INFO - Filling up the DagBag from /opt/airflow/dags/exampledag.py
[2025-04-27T01:12:28.250+0000] {processor.py:840} INFO - DAG(s) 'chethan_test_dag' retrieved from /opt/airflow/dags/exampledag.py
[2025-04-27T01:12:28.304+0000] {logging_mixin.py:188} INFO - [2025-04-27T01:12:28.303+0000] {dag.py:3036} INFO - Sync 1 DAGs
[2025-04-27T01:12:28.354+0000] {logging_mixin.py:188} INFO - [2025-04-27T01:12:28.354+0000] {dag.py:3823} INFO - Setting next_dagrun for chethan_test_dag to 2025-04-26 00:00:00+00:00, run_after=2025-04-27 00:00:00+00:00
[2025-04-27T01:12:28.398+0000] {processor.py:183} INFO - Processing /opt/airflow/dags/exampledag.py took 0.219 seconds
[2025-04-27T01:12:59.324+0000] {processor.py:161} INFO - Started process (PID=1569) to work on /opt/airflow/dags/exampledag.py
[2025-04-27T01:12:59.327+0000] {processor.py:830} INFO - Processing file /opt/airflow/dags/exampledag.py for tasks to queue
[2025-04-27T01:12:59.328+0000] {logging_mixin.py:188} INFO - [2025-04-27T01:12:59.328+0000] {dagbag.py:538} INFO - Filling up the DagBag from /opt/airflow/dags/exampledag.py
[2025-04-27T01:12:59.361+0000] {processor.py:840} INFO - DAG(s) 'chethan_test_dag' retrieved from /opt/airflow/dags/exampledag.py
[2025-04-27T01:12:59.385+0000] {logging_mixin.py:188} INFO - [2025-04-27T01:12:59.384+0000] {dag.py:3036} INFO - Sync 1 DAGs
[2025-04-27T01:12:59.406+0000] {logging_mixin.py:188} INFO - [2025-04-27T01:12:59.406+0000] {dag.py:3823} INFO - Setting next_dagrun for chethan_test_dag to 2025-04-26 00:00:00+00:00, run_after=2025-04-27 00:00:00+00:00
[2025-04-27T01:12:59.424+0000] {processor.py:183} INFO - Processing /opt/airflow/dags/exampledag.py took 0.103 seconds
[2025-04-27T01:13:29.636+0000] {processor.py:161} INFO - Started process (PID=1612) to work on /opt/airflow/dags/exampledag.py
[2025-04-27T01:13:29.637+0000] {processor.py:830} INFO - Processing file /opt/airflow/dags/exampledag.py for tasks to queue
[2025-04-27T01:13:29.638+0000] {logging_mixin.py:188} INFO - [2025-04-27T01:13:29.638+0000] {dagbag.py:538} INFO - Filling up the DagBag from /opt/airflow/dags/exampledag.py
[2025-04-27T01:13:29.669+0000] {processor.py:840} INFO - DAG(s) 'chethan_test_dag' retrieved from /opt/airflow/dags/exampledag.py
[2025-04-27T01:13:29.694+0000] {logging_mixin.py:188} INFO - [2025-04-27T01:13:29.694+0000] {dag.py:3036} INFO - Sync 1 DAGs
[2025-04-27T01:13:29.718+0000] {logging_mixin.py:188} INFO - [2025-04-27T01:13:29.717+0000] {dag.py:3823} INFO - Setting next_dagrun for chethan_test_dag to 2025-04-26 00:00:00+00:00, run_after=2025-04-27 00:00:00+00:00
[2025-04-27T01:13:29.738+0000] {processor.py:183} INFO - Processing /opt/airflow/dags/exampledag.py took 0.105 seconds
[2025-04-27T01:14:00.371+0000] {processor.py:161} INFO - Started process (PID=1655) to work on /opt/airflow/dags/exampledag.py
[2025-04-27T01:14:00.372+0000] {processor.py:830} INFO - Processing file /opt/airflow/dags/exampledag.py for tasks to queue
[2025-04-27T01:14:00.373+0000] {logging_mixin.py:188} INFO - [2025-04-27T01:14:00.373+0000] {dagbag.py:538} INFO - Filling up the DagBag from /opt/airflow/dags/exampledag.py
[2025-04-27T01:14:00.396+0000] {processor.py:840} INFO - DAG(s) 'chethan_test_dag' retrieved from /opt/airflow/dags/exampledag.py
[2025-04-27T01:14:00.425+0000] {logging_mixin.py:188} INFO - [2025-04-27T01:14:00.424+0000] {dag.py:3036} INFO - Sync 1 DAGs
[2025-04-27T01:14:00.468+0000] {logging_mixin.py:188} INFO - [2025-04-27T01:14:00.468+0000] {dag.py:3823} INFO - Setting next_dagrun for chethan_test_dag to 2025-04-26 00:00:00+00:00, run_after=2025-04-27 00:00:00+00:00
[2025-04-27T01:14:00.516+0000] {processor.py:183} INFO - Processing /opt/airflow/dags/exampledag.py took 0.148 seconds
[2025-04-27T01:14:31.312+0000] {processor.py:161} INFO - Started process (PID=1698) to work on /opt/airflow/dags/exampledag.py
[2025-04-27T01:14:31.313+0000] {processor.py:830} INFO - Processing file /opt/airflow/dags/exampledag.py for tasks to queue
[2025-04-27T01:14:31.314+0000] {logging_mixin.py:188} INFO - [2025-04-27T01:14:31.314+0000] {dagbag.py:538} INFO - Filling up the DagBag from /opt/airflow/dags/exampledag.py
[2025-04-27T01:14:31.349+0000] {processor.py:840} INFO - DAG(s) 'chethan_test_dag' retrieved from /opt/airflow/dags/exampledag.py
[2025-04-27T01:14:31.393+0000] {logging_mixin.py:188} INFO - [2025-04-27T01:14:31.393+0000] {dag.py:3036} INFO - Sync 1 DAGs
[2025-04-27T01:14:31.420+0000] {logging_mixin.py:188} INFO - [2025-04-27T01:14:31.419+0000] {dag.py:3823} INFO - Setting next_dagrun for chethan_test_dag to 2025-04-26 00:00:00+00:00, run_after=2025-04-27 00:00:00+00:00
[2025-04-27T01:14:31.437+0000] {processor.py:183} INFO - Processing /opt/airflow/dags/exampledag.py took 0.128 seconds
[2025-04-27T01:15:03.782+0000] {processor.py:161} INFO - Started process (PID=1741) to work on /opt/airflow/dags/exampledag.py
[2025-04-27T01:15:03.788+0000] {processor.py:830} INFO - Processing file /opt/airflow/dags/exampledag.py for tasks to queue
[2025-04-27T01:15:03.791+0000] {logging_mixin.py:188} INFO - [2025-04-27T01:15:03.791+0000] {dagbag.py:538} INFO - Filling up the DagBag from /opt/airflow/dags/exampledag.py
[2025-04-27T01:15:03.926+0000] {processor.py:840} INFO - DAG(s) 'chethan_test_dag' retrieved from /opt/airflow/dags/exampledag.py
[2025-04-27T01:15:04.003+0000] {logging_mixin.py:188} INFO - [2025-04-27T01:15:04.003+0000] {dag.py:3036} INFO - Sync 1 DAGs
[2025-04-27T01:15:04.060+0000] {logging_mixin.py:188} INFO - [2025-04-27T01:15:04.060+0000] {dag.py:3823} INFO - Setting next_dagrun for chethan_test_dag to 2025-04-26 00:00:00+00:00, run_after=2025-04-27 00:00:00+00:00
[2025-04-27T01:15:04.247+0000] {processor.py:183} INFO - Processing /opt/airflow/dags/exampledag.py took 0.470 seconds
[2025-04-27T01:22:03.420+0000] {processor.py:161} INFO - Started process (PID=1784) to work on /opt/airflow/dags/exampledag.py
[2025-04-27T01:22:03.422+0000] {processor.py:830} INFO - Processing file /opt/airflow/dags/exampledag.py for tasks to queue
[2025-04-27T01:22:03.428+0000] {logging_mixin.py:188} INFO - [2025-04-27T01:22:03.425+0000] {dagbag.py:538} INFO - Filling up the DagBag from /opt/airflow/dags/exampledag.py
[2025-04-27T01:22:03.527+0000] {processor.py:840} INFO - DAG(s) 'chethan_test_dag' retrieved from /opt/airflow/dags/exampledag.py
[2025-04-27T01:22:03.589+0000] {logging_mixin.py:188} INFO - [2025-04-27T01:22:03.588+0000] {dag.py:3036} INFO - Sync 1 DAGs
[2025-04-27T01:22:03.643+0000] {logging_mixin.py:188} INFO - [2025-04-27T01:22:03.643+0000] {dag.py:3823} INFO - Setting next_dagrun for chethan_test_dag to 2025-04-26 00:00:00+00:00, run_after=2025-04-27 00:00:00+00:00
[2025-04-27T01:22:03.683+0000] {processor.py:183} INFO - Processing /opt/airflow/dags/exampledag.py took 0.270 seconds
[2025-04-27T01:22:34.086+0000] {processor.py:161} INFO - Started process (PID=1827) to work on /opt/airflow/dags/exampledag.py
[2025-04-27T01:22:34.087+0000] {processor.py:830} INFO - Processing file /opt/airflow/dags/exampledag.py for tasks to queue
[2025-04-27T01:22:34.088+0000] {logging_mixin.py:188} INFO - [2025-04-27T01:22:34.087+0000] {dagbag.py:538} INFO - Filling up the DagBag from /opt/airflow/dags/exampledag.py
[2025-04-27T01:22:34.119+0000] {processor.py:840} INFO - DAG(s) 'chethan_test_dag' retrieved from /opt/airflow/dags/exampledag.py
[2025-04-27T01:22:34.171+0000] {logging_mixin.py:188} INFO - [2025-04-27T01:22:34.171+0000] {dag.py:3036} INFO - Sync 1 DAGs
[2025-04-27T01:22:34.242+0000] {logging_mixin.py:188} INFO - [2025-04-27T01:22:34.241+0000] {dag.py:3823} INFO - Setting next_dagrun for chethan_test_dag to 2025-04-26 00:00:00+00:00, run_after=2025-04-27 00:00:00+00:00
[2025-04-27T01:22:34.315+0000] {processor.py:183} INFO - Processing /opt/airflow/dags/exampledag.py took 0.233 seconds
[2025-04-27T01:23:04.766+0000] {processor.py:161} INFO - Started process (PID=1870) to work on /opt/airflow/dags/exampledag.py
[2025-04-27T01:23:04.767+0000] {processor.py:830} INFO - Processing file /opt/airflow/dags/exampledag.py for tasks to queue
[2025-04-27T01:23:04.768+0000] {logging_mixin.py:188} INFO - [2025-04-27T01:23:04.768+0000] {dagbag.py:538} INFO - Filling up the DagBag from /opt/airflow/dags/exampledag.py
[2025-04-27T01:23:04.799+0000] {processor.py:840} INFO - DAG(s) 'chethan_test_dag' retrieved from /opt/airflow/dags/exampledag.py
[2025-04-27T01:23:04.824+0000] {logging_mixin.py:188} INFO - [2025-04-27T01:23:04.824+0000] {dag.py:3036} INFO - Sync 1 DAGs
[2025-04-27T01:23:04.851+0000] {logging_mixin.py:188} INFO - [2025-04-27T01:23:04.851+0000] {dag.py:3823} INFO - Setting next_dagrun for chethan_test_dag to 2025-04-26 00:00:00+00:00, run_after=2025-04-27 00:00:00+00:00
[2025-04-27T01:23:04.933+0000] {processor.py:183} INFO - Processing /opt/airflow/dags/exampledag.py took 0.170 seconds
[2025-04-27T01:23:35.727+0000] {processor.py:161} INFO - Started process (PID=1913) to work on /opt/airflow/dags/exampledag.py
[2025-04-27T01:23:35.729+0000] {processor.py:830} INFO - Processing file /opt/airflow/dags/exampledag.py for tasks to queue
[2025-04-27T01:23:35.730+0000] {logging_mixin.py:188} INFO - [2025-04-27T01:23:35.729+0000] {dagbag.py:538} INFO - Filling up the DagBag from /opt/airflow/dags/exampledag.py
[2025-04-27T01:23:35.761+0000] {processor.py:840} INFO - DAG(s) 'chethan_test_dag' retrieved from /opt/airflow/dags/exampledag.py
[2025-04-27T01:23:35.796+0000] {logging_mixin.py:188} INFO - [2025-04-27T01:23:35.796+0000] {dag.py:3036} INFO - Sync 1 DAGs
[2025-04-27T01:23:35.832+0000] {logging_mixin.py:188} INFO - [2025-04-27T01:23:35.832+0000] {dag.py:3823} INFO - Setting next_dagrun for chethan_test_dag to 2025-04-26 00:00:00+00:00, run_after=2025-04-27 00:00:00+00:00
[2025-04-27T01:23:35.871+0000] {processor.py:183} INFO - Processing /opt/airflow/dags/exampledag.py took 0.148 seconds
[2025-04-27T01:24:06.001+0000] {processor.py:161} INFO - Started process (PID=1952) to work on /opt/airflow/dags/exampledag.py
[2025-04-27T01:24:06.002+0000] {processor.py:830} INFO - Processing file /opt/airflow/dags/exampledag.py for tasks to queue
[2025-04-27T01:24:06.003+0000] {logging_mixin.py:188} INFO - [2025-04-27T01:24:06.003+0000] {dagbag.py:538} INFO - Filling up the DagBag from /opt/airflow/dags/exampledag.py
[2025-04-27T01:24:06.026+0000] {processor.py:840} INFO - DAG(s) 'chethan_test_dag' retrieved from /opt/airflow/dags/exampledag.py
[2025-04-27T01:24:06.049+0000] {logging_mixin.py:188} INFO - [2025-04-27T01:24:06.049+0000] {dag.py:3036} INFO - Sync 1 DAGs
[2025-04-27T01:24:06.068+0000] {logging_mixin.py:188} INFO - [2025-04-27T01:24:06.068+0000] {dag.py:3823} INFO - Setting next_dagrun for chethan_test_dag to 2025-04-26 00:00:00+00:00, run_after=2025-04-27 00:00:00+00:00
[2025-04-27T01:24:06.090+0000] {processor.py:183} INFO - Processing /opt/airflow/dags/exampledag.py took 0.093 seconds
[2025-04-27T01:24:36.272+0000] {processor.py:161} INFO - Started process (PID=1993) to work on /opt/airflow/dags/exampledag.py
[2025-04-27T01:24:36.274+0000] {processor.py:830} INFO - Processing file /opt/airflow/dags/exampledag.py for tasks to queue
[2025-04-27T01:24:36.275+0000] {logging_mixin.py:188} INFO - [2025-04-27T01:24:36.275+0000] {dagbag.py:538} INFO - Filling up the DagBag from /opt/airflow/dags/exampledag.py
[2025-04-27T01:24:36.305+0000] {processor.py:840} INFO - DAG(s) 'chethan_test_dag' retrieved from /opt/airflow/dags/exampledag.py
[2025-04-27T01:24:36.336+0000] {logging_mixin.py:188} INFO - [2025-04-27T01:24:36.336+0000] {dag.py:3036} INFO - Sync 1 DAGs
[2025-04-27T01:24:36.374+0000] {logging_mixin.py:188} INFO - [2025-04-27T01:24:36.374+0000] {dag.py:3823} INFO - Setting next_dagrun for chethan_test_dag to 2025-04-26 00:00:00+00:00, run_after=2025-04-27 00:00:00+00:00
[2025-04-27T01:24:36.440+0000] {processor.py:183} INFO - Processing /opt/airflow/dags/exampledag.py took 0.171 seconds
[2025-04-27T01:25:07.645+0000] {processor.py:161} INFO - Started process (PID=2042) to work on /opt/airflow/dags/exampledag.py
[2025-04-27T01:25:07.647+0000] {processor.py:830} INFO - Processing file /opt/airflow/dags/exampledag.py for tasks to queue
[2025-04-27T01:25:07.649+0000] {logging_mixin.py:188} INFO - [2025-04-27T01:25:07.649+0000] {dagbag.py:538} INFO - Filling up the DagBag from /opt/airflow/dags/exampledag.py
[2025-04-27T01:25:07.692+0000] {processor.py:840} INFO - DAG(s) 'chethan_test_dag' retrieved from /opt/airflow/dags/exampledag.py
[2025-04-27T01:25:07.725+0000] {logging_mixin.py:188} INFO - [2025-04-27T01:25:07.725+0000] {dag.py:3036} INFO - Sync 1 DAGs
[2025-04-27T01:25:07.763+0000] {logging_mixin.py:188} INFO - [2025-04-27T01:25:07.762+0000] {dag.py:3823} INFO - Setting next_dagrun for chethan_test_dag to 2025-04-26 00:00:00+00:00, run_after=2025-04-27 00:00:00+00:00
[2025-04-27T01:25:07.793+0000] {processor.py:183} INFO - Processing /opt/airflow/dags/exampledag.py took 0.151 seconds
[2025-04-27T01:25:38.045+0000] {processor.py:161} INFO - Started process (PID=2084) to work on /opt/airflow/dags/exampledag.py
[2025-04-27T01:25:38.046+0000] {processor.py:830} INFO - Processing file /opt/airflow/dags/exampledag.py for tasks to queue
[2025-04-27T01:25:38.047+0000] {logging_mixin.py:188} INFO - [2025-04-27T01:25:38.046+0000] {dagbag.py:538} INFO - Filling up the DagBag from /opt/airflow/dags/exampledag.py
[2025-04-27T01:25:38.074+0000] {processor.py:840} INFO - DAG(s) 'chethan_test_dag' retrieved from /opt/airflow/dags/exampledag.py
[2025-04-27T01:25:38.097+0000] {logging_mixin.py:188} INFO - [2025-04-27T01:25:38.097+0000] {dag.py:3036} INFO - Sync 1 DAGs
[2025-04-27T01:25:38.120+0000] {logging_mixin.py:188} INFO - [2025-04-27T01:25:38.120+0000] {dag.py:3823} INFO - Setting next_dagrun for chethan_test_dag to 2025-04-26 00:00:00+00:00, run_after=2025-04-27 00:00:00+00:00
[2025-04-27T01:25:38.148+0000] {processor.py:183} INFO - Processing /opt/airflow/dags/exampledag.py took 0.106 seconds
[2025-04-27T01:26:08.430+0000] {processor.py:161} INFO - Started process (PID=2124) to work on /opt/airflow/dags/exampledag.py
[2025-04-27T01:26:08.431+0000] {processor.py:830} INFO - Processing file /opt/airflow/dags/exampledag.py for tasks to queue
[2025-04-27T01:26:08.433+0000] {logging_mixin.py:188} INFO - [2025-04-27T01:26:08.432+0000] {dagbag.py:538} INFO - Filling up the DagBag from /opt/airflow/dags/exampledag.py
[2025-04-27T01:26:08.458+0000] {processor.py:840} INFO - DAG(s) 'chethan_test_dag' retrieved from /opt/airflow/dags/exampledag.py
[2025-04-27T01:26:08.480+0000] {logging_mixin.py:188} INFO - [2025-04-27T01:26:08.480+0000] {dag.py:3036} INFO - Sync 1 DAGs
[2025-04-27T01:26:08.498+0000] {logging_mixin.py:188} INFO - [2025-04-27T01:26:08.498+0000] {dag.py:3823} INFO - Setting next_dagrun for chethan_test_dag to 2025-04-26 00:00:00+00:00, run_after=2025-04-27 00:00:00+00:00
[2025-04-27T01:26:08.516+0000] {processor.py:183} INFO - Processing /opt/airflow/dags/exampledag.py took 0.089 seconds
[2025-04-27T01:26:38.806+0000] {processor.py:161} INFO - Started process (PID=2165) to work on /opt/airflow/dags/exampledag.py
[2025-04-27T01:26:38.808+0000] {processor.py:830} INFO - Processing file /opt/airflow/dags/exampledag.py for tasks to queue
[2025-04-27T01:26:38.810+0000] {logging_mixin.py:188} INFO - [2025-04-27T01:26:38.809+0000] {dagbag.py:538} INFO - Filling up the DagBag from /opt/airflow/dags/exampledag.py
[2025-04-27T01:26:38.832+0000] {processor.py:840} INFO - DAG(s) 'chethan_test_dag' retrieved from /opt/airflow/dags/exampledag.py
[2025-04-27T01:26:38.859+0000] {logging_mixin.py:188} INFO - [2025-04-27T01:26:38.858+0000] {dag.py:3036} INFO - Sync 1 DAGs
[2025-04-27T01:26:38.882+0000] {logging_mixin.py:188} INFO - [2025-04-27T01:26:38.881+0000] {dag.py:3823} INFO - Setting next_dagrun for chethan_test_dag to 2025-04-26 00:00:00+00:00, run_after=2025-04-27 00:00:00+00:00
[2025-04-27T01:26:38.901+0000] {processor.py:183} INFO - Processing /opt/airflow/dags/exampledag.py took 0.099 seconds
[2025-04-27T01:27:09.571+0000] {processor.py:161} INFO - Started process (PID=2207) to work on /opt/airflow/dags/exampledag.py
[2025-04-27T01:27:09.573+0000] {processor.py:830} INFO - Processing file /opt/airflow/dags/exampledag.py for tasks to queue
[2025-04-27T01:27:09.574+0000] {logging_mixin.py:188} INFO - [2025-04-27T01:27:09.574+0000] {dagbag.py:538} INFO - Filling up the DagBag from /opt/airflow/dags/exampledag.py
[2025-04-27T01:27:09.605+0000] {processor.py:840} INFO - DAG(s) 'chethan_test_dag' retrieved from /opt/airflow/dags/exampledag.py
[2025-04-27T01:27:09.634+0000] {logging_mixin.py:188} INFO - [2025-04-27T01:27:09.634+0000] {dag.py:3036} INFO - Sync 1 DAGs
[2025-04-27T01:27:09.659+0000] {logging_mixin.py:188} INFO - [2025-04-27T01:27:09.659+0000] {dag.py:3823} INFO - Setting next_dagrun for chethan_test_dag to 2025-04-26 00:00:00+00:00, run_after=2025-04-27 00:00:00+00:00
[2025-04-27T01:27:09.705+0000] {processor.py:183} INFO - Processing /opt/airflow/dags/exampledag.py took 0.139 seconds
[2025-04-27T01:27:40.219+0000] {processor.py:161} INFO - Started process (PID=2245) to work on /opt/airflow/dags/exampledag.py
[2025-04-27T01:27:40.220+0000] {processor.py:830} INFO - Processing file /opt/airflow/dags/exampledag.py for tasks to queue
[2025-04-27T01:27:40.221+0000] {logging_mixin.py:188} INFO - [2025-04-27T01:27:40.221+0000] {dagbag.py:538} INFO - Filling up the DagBag from /opt/airflow/dags/exampledag.py
[2025-04-27T01:27:40.242+0000] {processor.py:840} INFO - DAG(s) 'chethan_test_dag' retrieved from /opt/airflow/dags/exampledag.py
[2025-04-27T01:27:40.275+0000] {logging_mixin.py:188} INFO - [2025-04-27T01:27:40.275+0000] {dag.py:3036} INFO - Sync 1 DAGs
[2025-04-27T01:27:40.310+0000] {logging_mixin.py:188} INFO - [2025-04-27T01:27:40.310+0000] {dag.py:3823} INFO - Setting next_dagrun for chethan_test_dag to 2025-04-26 00:00:00+00:00, run_after=2025-04-27 00:00:00+00:00
[2025-04-27T01:27:40.337+0000] {processor.py:183} INFO - Processing /opt/airflow/dags/exampledag.py took 0.121 seconds
[2025-04-27T01:28:10.520+0000] {processor.py:161} INFO - Started process (PID=2287) to work on /opt/airflow/dags/exampledag.py
[2025-04-27T01:28:10.522+0000] {processor.py:830} INFO - Processing file /opt/airflow/dags/exampledag.py for tasks to queue
[2025-04-27T01:28:10.523+0000] {logging_mixin.py:188} INFO - [2025-04-27T01:28:10.523+0000] {dagbag.py:538} INFO - Filling up the DagBag from /opt/airflow/dags/exampledag.py
[2025-04-27T01:28:10.545+0000] {processor.py:840} INFO - DAG(s) 'chethan_test_dag' retrieved from /opt/airflow/dags/exampledag.py
[2025-04-27T01:28:10.571+0000] {logging_mixin.py:188} INFO - [2025-04-27T01:28:10.570+0000] {dag.py:3036} INFO - Sync 1 DAGs
[2025-04-27T01:28:10.593+0000] {logging_mixin.py:188} INFO - [2025-04-27T01:28:10.592+0000] {dag.py:3823} INFO - Setting next_dagrun for chethan_test_dag to 2025-04-26 00:00:00+00:00, run_after=2025-04-27 00:00:00+00:00
[2025-04-27T01:28:10.631+0000] {processor.py:183} INFO - Processing /opt/airflow/dags/exampledag.py took 0.115 seconds
[2025-04-27T01:28:41.879+0000] {processor.py:161} INFO - Started process (PID=2331) to work on /opt/airflow/dags/exampledag.py
[2025-04-27T01:28:41.881+0000] {processor.py:830} INFO - Processing file /opt/airflow/dags/exampledag.py for tasks to queue
[2025-04-27T01:28:41.883+0000] {logging_mixin.py:188} INFO - [2025-04-27T01:28:41.882+0000] {dagbag.py:538} INFO - Filling up the DagBag from /opt/airflow/dags/exampledag.py
[2025-04-27T01:28:41.930+0000] {processor.py:840} INFO - DAG(s) 'chethan_test_dag' retrieved from /opt/airflow/dags/exampledag.py
[2025-04-27T01:28:41.980+0000] {logging_mixin.py:188} INFO - [2025-04-27T01:28:41.980+0000] {dag.py:3036} INFO - Sync 1 DAGs
[2025-04-27T01:28:42.020+0000] {logging_mixin.py:188} INFO - [2025-04-27T01:28:42.020+0000] {dag.py:3823} INFO - Setting next_dagrun for chethan_test_dag to 2025-04-26 00:00:00+00:00, run_after=2025-04-27 00:00:00+00:00
[2025-04-27T01:28:42.057+0000] {processor.py:183} INFO - Processing /opt/airflow/dags/exampledag.py took 0.183 seconds
[2025-04-27T01:29:12.998+0000] {processor.py:161} INFO - Started process (PID=2374) to work on /opt/airflow/dags/exampledag.py
[2025-04-27T01:29:13.000+0000] {processor.py:830} INFO - Processing file /opt/airflow/dags/exampledag.py for tasks to queue
[2025-04-27T01:29:13.002+0000] {logging_mixin.py:188} INFO - [2025-04-27T01:29:13.002+0000] {dagbag.py:538} INFO - Filling up the DagBag from /opt/airflow/dags/exampledag.py
[2025-04-27T01:29:13.036+0000] {processor.py:840} INFO - DAG(s) 'chethan_test_dag' retrieved from /opt/airflow/dags/exampledag.py
[2025-04-27T01:29:13.064+0000] {logging_mixin.py:188} INFO - [2025-04-27T01:29:13.064+0000] {dag.py:3036} INFO - Sync 1 DAGs
[2025-04-27T01:29:13.092+0000] {logging_mixin.py:188} INFO - [2025-04-27T01:29:13.091+0000] {dag.py:3823} INFO - Setting next_dagrun for chethan_test_dag to 2025-04-26 00:00:00+00:00, run_after=2025-04-27 00:00:00+00:00
[2025-04-27T01:29:13.124+0000] {processor.py:183} INFO - Processing /opt/airflow/dags/exampledag.py took 0.131 seconds
[2025-04-27T01:29:43.504+0000] {processor.py:161} INFO - Started process (PID=2417) to work on /opt/airflow/dags/exampledag.py
[2025-04-27T01:29:43.505+0000] {processor.py:830} INFO - Processing file /opt/airflow/dags/exampledag.py for tasks to queue
[2025-04-27T01:29:43.506+0000] {logging_mixin.py:188} INFO - [2025-04-27T01:29:43.506+0000] {dagbag.py:538} INFO - Filling up the DagBag from /opt/airflow/dags/exampledag.py
[2025-04-27T01:29:43.532+0000] {processor.py:840} INFO - DAG(s) 'chethan_test_dag' retrieved from /opt/airflow/dags/exampledag.py
[2025-04-27T01:29:43.558+0000] {logging_mixin.py:188} INFO - [2025-04-27T01:29:43.557+0000] {dag.py:3036} INFO - Sync 1 DAGs
[2025-04-27T01:29:43.581+0000] {logging_mixin.py:188} INFO - [2025-04-27T01:29:43.581+0000] {dag.py:3823} INFO - Setting next_dagrun for chethan_test_dag to 2025-04-26 00:00:00+00:00, run_after=2025-04-27 00:00:00+00:00
[2025-04-27T01:29:43.602+0000] {processor.py:183} INFO - Processing /opt/airflow/dags/exampledag.py took 0.104 seconds
[2025-04-27T01:30:14.133+0000] {processor.py:161} INFO - Started process (PID=2460) to work on /opt/airflow/dags/exampledag.py
[2025-04-27T01:30:14.134+0000] {processor.py:830} INFO - Processing file /opt/airflow/dags/exampledag.py for tasks to queue
[2025-04-27T01:30:14.135+0000] {logging_mixin.py:188} INFO - [2025-04-27T01:30:14.135+0000] {dagbag.py:538} INFO - Filling up the DagBag from /opt/airflow/dags/exampledag.py
[2025-04-27T01:30:14.162+0000] {processor.py:840} INFO - DAG(s) 'chethan_test_dag' retrieved from /opt/airflow/dags/exampledag.py
[2025-04-27T01:30:14.186+0000] {logging_mixin.py:188} INFO - [2025-04-27T01:30:14.186+0000] {dag.py:3036} INFO - Sync 1 DAGs
[2025-04-27T01:30:14.209+0000] {logging_mixin.py:188} INFO - [2025-04-27T01:30:14.208+0000] {dag.py:3823} INFO - Setting next_dagrun for chethan_test_dag to 2025-04-26 00:00:00+00:00, run_after=2025-04-27 00:00:00+00:00
[2025-04-27T01:30:14.229+0000] {processor.py:183} INFO - Processing /opt/airflow/dags/exampledag.py took 0.100 seconds
[2025-04-27T01:30:44.455+0000] {processor.py:161} INFO - Started process (PID=2502) to work on /opt/airflow/dags/exampledag.py
[2025-04-27T01:30:44.456+0000] {processor.py:830} INFO - Processing file /opt/airflow/dags/exampledag.py for tasks to queue
[2025-04-27T01:30:44.457+0000] {logging_mixin.py:188} INFO - [2025-04-27T01:30:44.457+0000] {dagbag.py:538} INFO - Filling up the DagBag from /opt/airflow/dags/exampledag.py
[2025-04-27T01:30:44.493+0000] {processor.py:840} INFO - DAG(s) 'chethan_test_dag' retrieved from /opt/airflow/dags/exampledag.py
[2025-04-27T01:30:44.521+0000] {logging_mixin.py:188} INFO - [2025-04-27T01:30:44.520+0000] {dag.py:3036} INFO - Sync 1 DAGs
[2025-04-27T01:30:44.544+0000] {logging_mixin.py:188} INFO - [2025-04-27T01:30:44.544+0000] {dag.py:3823} INFO - Setting next_dagrun for chethan_test_dag to 2025-04-26 00:00:00+00:00, run_after=2025-04-27 00:00:00+00:00
[2025-04-27T01:30:44.577+0000] {processor.py:183} INFO - Processing /opt/airflow/dags/exampledag.py took 0.125 seconds
[2025-04-27T01:31:14.754+0000] {processor.py:161} INFO - Started process (PID=2540) to work on /opt/airflow/dags/exampledag.py
[2025-04-27T01:31:14.755+0000] {processor.py:830} INFO - Processing file /opt/airflow/dags/exampledag.py for tasks to queue
[2025-04-27T01:31:14.756+0000] {logging_mixin.py:188} INFO - [2025-04-27T01:31:14.756+0000] {dagbag.py:538} INFO - Filling up the DagBag from /opt/airflow/dags/exampledag.py
[2025-04-27T01:31:14.789+0000] {processor.py:840} INFO - DAG(s) 'chethan_test_dag' retrieved from /opt/airflow/dags/exampledag.py
[2025-04-27T01:31:14.834+0000] {logging_mixin.py:188} INFO - [2025-04-27T01:31:14.833+0000] {dag.py:3036} INFO - Sync 1 DAGs
[2025-04-27T01:31:14.863+0000] {logging_mixin.py:188} INFO - [2025-04-27T01:31:14.863+0000] {dag.py:3823} INFO - Setting next_dagrun for chethan_test_dag to 2025-04-26 00:00:00+00:00, run_after=2025-04-27 00:00:00+00:00
[2025-04-27T01:31:14.918+0000] {processor.py:183} INFO - Processing /opt/airflow/dags/exampledag.py took 0.168 seconds
[2025-04-27T01:31:45.285+0000] {processor.py:161} INFO - Started process (PID=2583) to work on /opt/airflow/dags/exampledag.py
[2025-04-27T01:31:45.287+0000] {processor.py:830} INFO - Processing file /opt/airflow/dags/exampledag.py for tasks to queue
[2025-04-27T01:31:45.288+0000] {logging_mixin.py:188} INFO - [2025-04-27T01:31:45.287+0000] {dagbag.py:538} INFO - Filling up the DagBag from /opt/airflow/dags/exampledag.py
[2025-04-27T01:31:45.314+0000] {processor.py:840} INFO - DAG(s) 'chethan_test_dag' retrieved from /opt/airflow/dags/exampledag.py
[2025-04-27T01:31:45.343+0000] {logging_mixin.py:188} INFO - [2025-04-27T01:31:45.343+0000] {dag.py:3036} INFO - Sync 1 DAGs
[2025-04-27T01:31:45.375+0000] {logging_mixin.py:188} INFO - [2025-04-27T01:31:45.375+0000] {dag.py:3823} INFO - Setting next_dagrun for chethan_test_dag to 2025-04-26 00:00:00+00:00, run_after=2025-04-27 00:00:00+00:00
[2025-04-27T01:31:45.402+0000] {processor.py:183} INFO - Processing /opt/airflow/dags/exampledag.py took 0.120 seconds
[2025-04-27T01:32:15.697+0000] {processor.py:161} INFO - Started process (PID=2626) to work on /opt/airflow/dags/exampledag.py
[2025-04-27T01:32:15.704+0000] {processor.py:830} INFO - Processing file /opt/airflow/dags/exampledag.py for tasks to queue
[2025-04-27T01:32:15.706+0000] {logging_mixin.py:188} INFO - [2025-04-27T01:32:15.706+0000] {dagbag.py:538} INFO - Filling up the DagBag from /opt/airflow/dags/exampledag.py
[2025-04-27T01:32:15.749+0000] {processor.py:840} INFO - DAG(s) 'chethan_test_dag' retrieved from /opt/airflow/dags/exampledag.py
[2025-04-27T01:32:15.781+0000] {logging_mixin.py:188} INFO - [2025-04-27T01:32:15.781+0000] {dag.py:3036} INFO - Sync 1 DAGs
[2025-04-27T01:32:15.812+0000] {logging_mixin.py:188} INFO - [2025-04-27T01:32:15.811+0000] {dag.py:3823} INFO - Setting next_dagrun for chethan_test_dag to 2025-04-26 00:00:00+00:00, run_after=2025-04-27 00:00:00+00:00
[2025-04-27T01:32:15.846+0000] {processor.py:183} INFO - Processing /opt/airflow/dags/exampledag.py took 0.153 seconds
[2025-04-27T01:32:46.731+0000] {processor.py:161} INFO - Started process (PID=2669) to work on /opt/airflow/dags/exampledag.py
[2025-04-27T01:32:46.733+0000] {processor.py:830} INFO - Processing file /opt/airflow/dags/exampledag.py for tasks to queue
[2025-04-27T01:32:46.736+0000] {logging_mixin.py:188} INFO - [2025-04-27T01:32:46.735+0000] {dagbag.py:538} INFO - Filling up the DagBag from /opt/airflow/dags/exampledag.py
[2025-04-27T01:32:46.808+0000] {processor.py:840} INFO - DAG(s) 'chethan_test_dag' retrieved from /opt/airflow/dags/exampledag.py
[2025-04-27T01:32:46.859+0000] {logging_mixin.py:188} INFO - [2025-04-27T01:32:46.859+0000] {dag.py:3036} INFO - Sync 1 DAGs
[2025-04-27T01:32:46.938+0000] {logging_mixin.py:188} INFO - [2025-04-27T01:32:46.937+0000] {dag.py:3823} INFO - Setting next_dagrun for chethan_test_dag to 2025-04-26 00:00:00+00:00, run_after=2025-04-27 00:00:00+00:00
[2025-04-27T01:32:47.023+0000] {processor.py:183} INFO - Processing /opt/airflow/dags/exampledag.py took 0.301 seconds
[2025-04-27T09:13:47.721+0000] {processor.py:161} INFO - Started process (PID=2732) to work on /opt/airflow/dags/exampledag.py
[2025-04-27T09:13:47.724+0000] {processor.py:830} INFO - Processing file /opt/airflow/dags/exampledag.py for tasks to queue
[2025-04-27T09:13:47.729+0000] {logging_mixin.py:188} INFO - [2025-04-27T09:13:47.727+0000] {dagbag.py:538} INFO - Filling up the DagBag from /opt/airflow/dags/exampledag.py
[2025-04-27T09:13:47.803+0000] {processor.py:840} INFO - DAG(s) 'chethan_test_dag' retrieved from /opt/airflow/dags/exampledag.py
[2025-04-27T09:13:47.955+0000] {logging_mixin.py:188} INFO - [2025-04-27T09:13:47.955+0000] {dag.py:3036} INFO - Sync 1 DAGs
[2025-04-27T09:13:48.081+0000] {logging_mixin.py:188} INFO - [2025-04-27T09:13:48.080+0000] {dag.py:3823} INFO - Setting next_dagrun for chethan_test_dag to 2025-04-26 00:00:00+00:00, run_after=2025-04-27 00:00:00+00:00
[2025-04-27T09:13:48.207+0000] {processor.py:183} INFO - Processing /opt/airflow/dags/exampledag.py took 0.491 seconds
[2025-04-27T13:24:56.655+0000] {processor.py:161} INFO - Started process (PID=2775) to work on /opt/airflow/dags/exampledag.py
[2025-04-27T13:24:56.657+0000] {processor.py:830} INFO - Processing file /opt/airflow/dags/exampledag.py for tasks to queue
[2025-04-27T13:24:56.660+0000] {logging_mixin.py:188} INFO - [2025-04-27T13:24:56.659+0000] {dagbag.py:538} INFO - Filling up the DagBag from /opt/airflow/dags/exampledag.py
[2025-04-27T13:24:56.708+0000] {processor.py:840} INFO - DAG(s) 'chethan_test_dag' retrieved from /opt/airflow/dags/exampledag.py
[2025-04-27T13:24:56.763+0000] {logging_mixin.py:188} INFO - [2025-04-27T13:24:56.763+0000] {dag.py:3036} INFO - Sync 1 DAGs
[2025-04-27T13:24:56.824+0000] {logging_mixin.py:188} INFO - [2025-04-27T13:24:56.824+0000] {dag.py:3823} INFO - Setting next_dagrun for chethan_test_dag to 2025-04-26 00:00:00+00:00, run_after=2025-04-27 00:00:00+00:00
[2025-04-27T13:24:56.882+0000] {processor.py:183} INFO - Processing /opt/airflow/dags/exampledag.py took 0.231 seconds
[2025-04-27T13:25:27.024+0000] {processor.py:161} INFO - Started process (PID=2811) to work on /opt/airflow/dags/exampledag.py
[2025-04-27T13:25:27.027+0000] {processor.py:830} INFO - Processing file /opt/airflow/dags/exampledag.py for tasks to queue
[2025-04-27T13:25:27.028+0000] {logging_mixin.py:188} INFO - [2025-04-27T13:25:27.028+0000] {dagbag.py:538} INFO - Filling up the DagBag from /opt/airflow/dags/exampledag.py
[2025-04-27T13:25:27.070+0000] {processor.py:840} INFO - DAG(s) 'chethan_test_dag' retrieved from /opt/airflow/dags/exampledag.py
[2025-04-27T13:25:27.117+0000] {logging_mixin.py:188} INFO - [2025-04-27T13:25:27.117+0000] {dag.py:3036} INFO - Sync 1 DAGs
[2025-04-27T13:25:27.154+0000] {logging_mixin.py:188} INFO - [2025-04-27T13:25:27.154+0000] {dag.py:3823} INFO - Setting next_dagrun for chethan_test_dag to 2025-04-26 00:00:00+00:00, run_after=2025-04-27 00:00:00+00:00
[2025-04-27T13:25:27.188+0000] {processor.py:183} INFO - Processing /opt/airflow/dags/exampledag.py took 0.168 seconds
[2025-04-27T13:25:57.487+0000] {processor.py:161} INFO - Started process (PID=2851) to work on /opt/airflow/dags/exampledag.py
[2025-04-27T13:25:57.488+0000] {processor.py:830} INFO - Processing file /opt/airflow/dags/exampledag.py for tasks to queue
[2025-04-27T13:25:57.490+0000] {logging_mixin.py:188} INFO - [2025-04-27T13:25:57.490+0000] {dagbag.py:538} INFO - Filling up the DagBag from /opt/airflow/dags/exampledag.py
[2025-04-27T13:25:57.525+0000] {processor.py:840} INFO - DAG(s) 'chethan_test_dag' retrieved from /opt/airflow/dags/exampledag.py
[2025-04-27T13:25:57.555+0000] {logging_mixin.py:188} INFO - [2025-04-27T13:25:57.555+0000] {dag.py:3036} INFO - Sync 1 DAGs
[2025-04-27T13:25:57.579+0000] {logging_mixin.py:188} INFO - [2025-04-27T13:25:57.579+0000] {dag.py:3823} INFO - Setting next_dagrun for chethan_test_dag to 2025-04-26 00:00:00+00:00, run_after=2025-04-27 00:00:00+00:00
[2025-04-27T13:25:57.609+0000] {processor.py:183} INFO - Processing /opt/airflow/dags/exampledag.py took 0.127 seconds
[2025-04-27T13:26:28.621+0000] {processor.py:161} INFO - Started process (PID=2900) to work on /opt/airflow/dags/exampledag.py
[2025-04-27T13:26:28.622+0000] {processor.py:830} INFO - Processing file /opt/airflow/dags/exampledag.py for tasks to queue
[2025-04-27T13:26:28.623+0000] {logging_mixin.py:188} INFO - [2025-04-27T13:26:28.623+0000] {dagbag.py:538} INFO - Filling up the DagBag from /opt/airflow/dags/exampledag.py
[2025-04-27T13:26:28.650+0000] {processor.py:840} INFO - DAG(s) 'chethan_test_dag' retrieved from /opt/airflow/dags/exampledag.py
[2025-04-27T13:26:28.672+0000] {logging_mixin.py:188} INFO - [2025-04-27T13:26:28.672+0000] {dag.py:3036} INFO - Sync 1 DAGs
[2025-04-27T13:26:28.696+0000] {logging_mixin.py:188} INFO - [2025-04-27T13:26:28.696+0000] {dag.py:3823} INFO - Setting next_dagrun for chethan_test_dag to 2025-04-26 00:00:00+00:00, run_after=2025-04-27 00:00:00+00:00
[2025-04-27T13:26:28.712+0000] {processor.py:183} INFO - Processing /opt/airflow/dags/exampledag.py took 0.093 seconds
[2025-04-27T13:26:59.417+0000] {processor.py:161} INFO - Started process (PID=2943) to work on /opt/airflow/dags/exampledag.py
[2025-04-27T13:26:59.418+0000] {processor.py:830} INFO - Processing file /opt/airflow/dags/exampledag.py for tasks to queue
[2025-04-27T13:26:59.419+0000] {logging_mixin.py:188} INFO - [2025-04-27T13:26:59.419+0000] {dagbag.py:538} INFO - Filling up the DagBag from /opt/airflow/dags/exampledag.py
[2025-04-27T13:26:59.448+0000] {processor.py:840} INFO - DAG(s) 'chethan_test_dag' retrieved from /opt/airflow/dags/exampledag.py
[2025-04-27T13:26:59.471+0000] {logging_mixin.py:188} INFO - [2025-04-27T13:26:59.471+0000] {dag.py:3036} INFO - Sync 1 DAGs
[2025-04-27T13:26:59.497+0000] {logging_mixin.py:188} INFO - [2025-04-27T13:26:59.497+0000] {dag.py:3823} INFO - Setting next_dagrun for chethan_test_dag to 2025-04-26 00:00:00+00:00, run_after=2025-04-27 00:00:00+00:00
[2025-04-27T13:26:59.518+0000] {processor.py:183} INFO - Processing /opt/airflow/dags/exampledag.py took 0.105 seconds
[2025-04-27T13:27:30.108+0000] {processor.py:161} INFO - Started process (PID=2986) to work on /opt/airflow/dags/exampledag.py
[2025-04-27T13:27:30.110+0000] {processor.py:830} INFO - Processing file /opt/airflow/dags/exampledag.py for tasks to queue
[2025-04-27T13:27:30.112+0000] {logging_mixin.py:188} INFO - [2025-04-27T13:27:30.111+0000] {dagbag.py:538} INFO - Filling up the DagBag from /opt/airflow/dags/exampledag.py
[2025-04-27T13:27:30.163+0000] {processor.py:840} INFO - DAG(s) 'chethan_test_dag' retrieved from /opt/airflow/dags/exampledag.py
[2025-04-27T13:27:30.202+0000] {logging_mixin.py:188} INFO - [2025-04-27T13:27:30.202+0000] {dag.py:3036} INFO - Sync 1 DAGs
[2025-04-27T13:27:30.243+0000] {logging_mixin.py:188} INFO - [2025-04-27T13:27:30.243+0000] {dag.py:3823} INFO - Setting next_dagrun for chethan_test_dag to 2025-04-26 00:00:00+00:00, run_after=2025-04-27 00:00:00+00:00
[2025-04-27T13:27:30.280+0000] {processor.py:183} INFO - Processing /opt/airflow/dags/exampledag.py took 0.175 seconds
[2025-04-27T13:28:01.452+0000] {processor.py:161} INFO - Started process (PID=3032) to work on /opt/airflow/dags/exampledag.py
[2025-04-27T13:28:01.453+0000] {processor.py:830} INFO - Processing file /opt/airflow/dags/exampledag.py for tasks to queue
[2025-04-27T13:28:01.456+0000] {logging_mixin.py:188} INFO - [2025-04-27T13:28:01.455+0000] {dagbag.py:538} INFO - Filling up the DagBag from /opt/airflow/dags/exampledag.py
[2025-04-27T13:28:01.491+0000] {processor.py:840} INFO - DAG(s) 'chethan_test_dag' retrieved from /opt/airflow/dags/exampledag.py
[2025-04-27T13:28:01.532+0000] {logging_mixin.py:188} INFO - [2025-04-27T13:28:01.532+0000] {dag.py:3036} INFO - Sync 1 DAGs
[2025-04-27T13:28:01.559+0000] {logging_mixin.py:188} INFO - [2025-04-27T13:28:01.559+0000] {dag.py:3823} INFO - Setting next_dagrun for chethan_test_dag to 2025-04-26 00:00:00+00:00, run_after=2025-04-27 00:00:00+00:00
[2025-04-27T13:28:01.590+0000] {processor.py:183} INFO - Processing /opt/airflow/dags/exampledag.py took 0.141 seconds
[2025-04-27T13:28:31.862+0000] {processor.py:161} INFO - Started process (PID=3070) to work on /opt/airflow/dags/exampledag.py
[2025-04-27T13:28:31.864+0000] {processor.py:830} INFO - Processing file /opt/airflow/dags/exampledag.py for tasks to queue
[2025-04-27T13:28:31.866+0000] {logging_mixin.py:188} INFO - [2025-04-27T13:28:31.865+0000] {dagbag.py:538} INFO - Filling up the DagBag from /opt/airflow/dags/exampledag.py
[2025-04-27T13:28:31.907+0000] {processor.py:840} INFO - DAG(s) 'chethan_test_dag' retrieved from /opt/airflow/dags/exampledag.py
[2025-04-27T13:28:31.946+0000] {logging_mixin.py:188} INFO - [2025-04-27T13:28:31.945+0000] {dag.py:3036} INFO - Sync 1 DAGs
[2025-04-27T13:28:31.980+0000] {logging_mixin.py:188} INFO - [2025-04-27T13:28:31.980+0000] {dag.py:3823} INFO - Setting next_dagrun for chethan_test_dag to 2025-04-26 00:00:00+00:00, run_after=2025-04-27 00:00:00+00:00
[2025-04-27T13:28:32.018+0000] {processor.py:183} INFO - Processing /opt/airflow/dags/exampledag.py took 0.159 seconds
[2025-04-27T13:29:03.284+0000] {processor.py:161} INFO - Started process (PID=3118) to work on /opt/airflow/dags/exampledag.py
[2025-04-27T13:29:03.285+0000] {processor.py:830} INFO - Processing file /opt/airflow/dags/exampledag.py for tasks to queue
[2025-04-27T13:29:03.287+0000] {logging_mixin.py:188} INFO - [2025-04-27T13:29:03.286+0000] {dagbag.py:538} INFO - Filling up the DagBag from /opt/airflow/dags/exampledag.py
[2025-04-27T13:29:03.324+0000] {processor.py:840} INFO - DAG(s) 'chethan_test_dag' retrieved from /opt/airflow/dags/exampledag.py
[2025-04-27T13:29:03.354+0000] {logging_mixin.py:188} INFO - [2025-04-27T13:29:03.353+0000] {dag.py:3036} INFO - Sync 1 DAGs
[2025-04-27T13:29:03.376+0000] {logging_mixin.py:188} INFO - [2025-04-27T13:29:03.376+0000] {dag.py:3823} INFO - Setting next_dagrun for chethan_test_dag to 2025-04-26 00:00:00+00:00, run_after=2025-04-27 00:00:00+00:00
[2025-04-27T13:29:03.401+0000] {processor.py:183} INFO - Processing /opt/airflow/dags/exampledag.py took 0.120 seconds
[2025-04-27T13:29:34.082+0000] {processor.py:161} INFO - Started process (PID=3164) to work on /opt/airflow/dags/exampledag.py
[2025-04-27T13:29:34.083+0000] {processor.py:830} INFO - Processing file /opt/airflow/dags/exampledag.py for tasks to queue
[2025-04-27T13:29:34.084+0000] {logging_mixin.py:188} INFO - [2025-04-27T13:29:34.083+0000] {dagbag.py:538} INFO - Filling up the DagBag from /opt/airflow/dags/exampledag.py
[2025-04-27T13:29:34.118+0000] {processor.py:840} INFO - DAG(s) 'chethan_test_dag' retrieved from /opt/airflow/dags/exampledag.py
[2025-04-27T13:29:34.149+0000] {logging_mixin.py:188} INFO - [2025-04-27T13:29:34.149+0000] {dag.py:3036} INFO - Sync 1 DAGs
[2025-04-27T13:29:34.168+0000] {logging_mixin.py:188} INFO - [2025-04-27T13:29:34.168+0000] {dag.py:3823} INFO - Setting next_dagrun for chethan_test_dag to 2025-04-26 00:00:00+00:00, run_after=2025-04-27 00:00:00+00:00
[2025-04-27T13:29:34.198+0000] {processor.py:183} INFO - Processing /opt/airflow/dags/exampledag.py took 0.119 seconds
[2025-04-27T13:30:04.578+0000] {processor.py:161} INFO - Started process (PID=3207) to work on /opt/airflow/dags/exampledag.py
[2025-04-27T13:30:04.579+0000] {processor.py:830} INFO - Processing file /opt/airflow/dags/exampledag.py for tasks to queue
[2025-04-27T13:30:04.579+0000] {logging_mixin.py:188} INFO - [2025-04-27T13:30:04.579+0000] {dagbag.py:538} INFO - Filling up the DagBag from /opt/airflow/dags/exampledag.py
[2025-04-27T13:30:04.606+0000] {processor.py:840} INFO - DAG(s) 'chethan_test_dag' retrieved from /opt/airflow/dags/exampledag.py
[2025-04-27T13:30:04.624+0000] {logging_mixin.py:188} INFO - [2025-04-27T13:30:04.624+0000] {dag.py:3036} INFO - Sync 1 DAGs
[2025-04-27T13:30:04.642+0000] {logging_mixin.py:188} INFO - [2025-04-27T13:30:04.642+0000] {dag.py:3823} INFO - Setting next_dagrun for chethan_test_dag to 2025-04-26 00:00:00+00:00, run_after=2025-04-27 00:00:00+00:00
[2025-04-27T13:30:04.663+0000] {processor.py:183} INFO - Processing /opt/airflow/dags/exampledag.py took 0.087 seconds
[2025-04-27T13:30:35.250+0000] {processor.py:161} INFO - Started process (PID=3250) to work on /opt/airflow/dags/exampledag.py
[2025-04-27T13:30:35.252+0000] {processor.py:830} INFO - Processing file /opt/airflow/dags/exampledag.py for tasks to queue
[2025-04-27T13:30:35.252+0000] {logging_mixin.py:188} INFO - [2025-04-27T13:30:35.252+0000] {dagbag.py:538} INFO - Filling up the DagBag from /opt/airflow/dags/exampledag.py
[2025-04-27T13:30:35.288+0000] {processor.py:840} INFO - DAG(s) 'chethan_test_dag' retrieved from /opt/airflow/dags/exampledag.py
[2025-04-27T13:30:35.308+0000] {logging_mixin.py:188} INFO - [2025-04-27T13:30:35.308+0000] {dag.py:3036} INFO - Sync 1 DAGs
[2025-04-27T13:30:35.327+0000] {logging_mixin.py:188} INFO - [2025-04-27T13:30:35.327+0000] {dag.py:3823} INFO - Setting next_dagrun for chethan_test_dag to 2025-04-26 00:00:00+00:00, run_after=2025-04-27 00:00:00+00:00
[2025-04-27T13:30:35.345+0000] {processor.py:183} INFO - Processing /opt/airflow/dags/exampledag.py took 0.097 seconds
[2025-04-27T13:31:05.799+0000] {processor.py:161} INFO - Started process (PID=3293) to work on /opt/airflow/dags/exampledag.py
[2025-04-27T13:31:05.800+0000] {processor.py:830} INFO - Processing file /opt/airflow/dags/exampledag.py for tasks to queue
[2025-04-27T13:31:05.801+0000] {logging_mixin.py:188} INFO - [2025-04-27T13:31:05.800+0000] {dagbag.py:538} INFO - Filling up the DagBag from /opt/airflow/dags/exampledag.py
[2025-04-27T13:31:05.826+0000] {processor.py:840} INFO - DAG(s) 'chethan_test_dag' retrieved from /opt/airflow/dags/exampledag.py
[2025-04-27T13:31:05.846+0000] {logging_mixin.py:188} INFO - [2025-04-27T13:31:05.845+0000] {dag.py:3036} INFO - Sync 1 DAGs
[2025-04-27T13:31:05.863+0000] {logging_mixin.py:188} INFO - [2025-04-27T13:31:05.863+0000] {dag.py:3823} INFO - Setting next_dagrun for chethan_test_dag to 2025-04-26 00:00:00+00:00, run_after=2025-04-27 00:00:00+00:00
[2025-04-27T13:31:05.879+0000] {processor.py:183} INFO - Processing /opt/airflow/dags/exampledag.py took 0.082 seconds
[2025-04-27T13:31:36.369+0000] {processor.py:161} INFO - Started process (PID=3336) to work on /opt/airflow/dags/exampledag.py
[2025-04-27T13:31:36.371+0000] {processor.py:830} INFO - Processing file /opt/airflow/dags/exampledag.py for tasks to queue
[2025-04-27T13:31:36.372+0000] {logging_mixin.py:188} INFO - [2025-04-27T13:31:36.372+0000] {dagbag.py:538} INFO - Filling up the DagBag from /opt/airflow/dags/exampledag.py
[2025-04-27T13:31:36.400+0000] {processor.py:840} INFO - DAG(s) 'chethan_test_dag' retrieved from /opt/airflow/dags/exampledag.py
[2025-04-27T13:31:36.420+0000] {logging_mixin.py:188} INFO - [2025-04-27T13:31:36.420+0000] {dag.py:3036} INFO - Sync 1 DAGs
[2025-04-27T13:31:36.438+0000] {logging_mixin.py:188} INFO - [2025-04-27T13:31:36.438+0000] {dag.py:3823} INFO - Setting next_dagrun for chethan_test_dag to 2025-04-26 00:00:00+00:00, run_after=2025-04-27 00:00:00+00:00
[2025-04-27T13:31:36.454+0000] {processor.py:183} INFO - Processing /opt/airflow/dags/exampledag.py took 0.087 seconds
[2025-04-27T13:32:06.741+0000] {processor.py:161} INFO - Started process (PID=3376) to work on /opt/airflow/dags/exampledag.py
[2025-04-27T13:32:06.742+0000] {processor.py:830} INFO - Processing file /opt/airflow/dags/exampledag.py for tasks to queue
[2025-04-27T13:32:06.743+0000] {logging_mixin.py:188} INFO - [2025-04-27T13:32:06.743+0000] {dagbag.py:538} INFO - Filling up the DagBag from /opt/airflow/dags/exampledag.py
[2025-04-27T13:32:06.769+0000] {processor.py:840} INFO - DAG(s) 'chethan_test_dag' retrieved from /opt/airflow/dags/exampledag.py
[2025-04-27T13:32:06.791+0000] {logging_mixin.py:188} INFO - [2025-04-27T13:32:06.790+0000] {dag.py:3036} INFO - Sync 1 DAGs
[2025-04-27T13:32:06.809+0000] {logging_mixin.py:188} INFO - [2025-04-27T13:32:06.809+0000] {dag.py:3823} INFO - Setting next_dagrun for chethan_test_dag to 2025-04-26 00:00:00+00:00, run_after=2025-04-27 00:00:00+00:00
[2025-04-27T13:32:06.828+0000] {processor.py:183} INFO - Processing /opt/airflow/dags/exampledag.py took 0.089 seconds
[2025-04-27T13:32:37.532+0000] {processor.py:161} INFO - Started process (PID=3422) to work on /opt/airflow/dags/exampledag.py
[2025-04-27T13:32:37.533+0000] {processor.py:830} INFO - Processing file /opt/airflow/dags/exampledag.py for tasks to queue
[2025-04-27T13:32:37.534+0000] {logging_mixin.py:188} INFO - [2025-04-27T13:32:37.534+0000] {dagbag.py:538} INFO - Filling up the DagBag from /opt/airflow/dags/exampledag.py
[2025-04-27T13:32:37.563+0000] {processor.py:840} INFO - DAG(s) 'chethan_test_dag' retrieved from /opt/airflow/dags/exampledag.py
[2025-04-27T13:32:37.587+0000] {logging_mixin.py:188} INFO - [2025-04-27T13:32:37.586+0000] {dag.py:3036} INFO - Sync 1 DAGs
[2025-04-27T13:32:37.609+0000] {logging_mixin.py:188} INFO - [2025-04-27T13:32:37.609+0000] {dag.py:3823} INFO - Setting next_dagrun for chethan_test_dag to 2025-04-26 00:00:00+00:00, run_after=2025-04-27 00:00:00+00:00
[2025-04-27T13:32:37.631+0000] {processor.py:183} INFO - Processing /opt/airflow/dags/exampledag.py took 0.102 seconds
[2025-04-27T13:33:08.141+0000] {processor.py:161} INFO - Started process (PID=3465) to work on /opt/airflow/dags/exampledag.py
[2025-04-27T13:33:08.141+0000] {processor.py:830} INFO - Processing file /opt/airflow/dags/exampledag.py for tasks to queue
[2025-04-27T13:33:08.142+0000] {logging_mixin.py:188} INFO - [2025-04-27T13:33:08.142+0000] {dagbag.py:538} INFO - Filling up the DagBag from /opt/airflow/dags/exampledag.py
[2025-04-27T13:33:08.166+0000] {processor.py:840} INFO - DAG(s) 'chethan_test_dag' retrieved from /opt/airflow/dags/exampledag.py
[2025-04-27T13:33:08.186+0000] {logging_mixin.py:188} INFO - [2025-04-27T13:33:08.185+0000] {dag.py:3036} INFO - Sync 1 DAGs
[2025-04-27T13:33:08.203+0000] {logging_mixin.py:188} INFO - [2025-04-27T13:33:08.203+0000] {dag.py:3823} INFO - Setting next_dagrun for chethan_test_dag to 2025-04-26 00:00:00+00:00, run_after=2025-04-27 00:00:00+00:00
[2025-04-27T13:33:08.222+0000] {processor.py:183} INFO - Processing /opt/airflow/dags/exampledag.py took 0.084 seconds
[2025-04-27T13:33:38.642+0000] {processor.py:161} INFO - Started process (PID=3508) to work on /opt/airflow/dags/exampledag.py
[2025-04-27T13:33:38.643+0000] {processor.py:830} INFO - Processing file /opt/airflow/dags/exampledag.py for tasks to queue
[2025-04-27T13:33:38.644+0000] {logging_mixin.py:188} INFO - [2025-04-27T13:33:38.644+0000] {dagbag.py:538} INFO - Filling up the DagBag from /opt/airflow/dags/exampledag.py
[2025-04-27T13:33:38.667+0000] {processor.py:840} INFO - DAG(s) 'chethan_test_dag' retrieved from /opt/airflow/dags/exampledag.py
[2025-04-27T13:33:38.687+0000] {logging_mixin.py:188} INFO - [2025-04-27T13:33:38.687+0000] {dag.py:3036} INFO - Sync 1 DAGs
[2025-04-27T13:33:38.703+0000] {logging_mixin.py:188} INFO - [2025-04-27T13:33:38.703+0000] {dag.py:3823} INFO - Setting next_dagrun for chethan_test_dag to 2025-04-26 00:00:00+00:00, run_after=2025-04-27 00:00:00+00:00
[2025-04-27T13:33:38.719+0000] {processor.py:183} INFO - Processing /opt/airflow/dags/exampledag.py took 0.080 seconds
[2025-04-27T13:34:09.121+0000] {processor.py:161} INFO - Started process (PID=3551) to work on /opt/airflow/dags/exampledag.py
[2025-04-27T13:34:09.122+0000] {processor.py:830} INFO - Processing file /opt/airflow/dags/exampledag.py for tasks to queue
[2025-04-27T13:34:09.123+0000] {logging_mixin.py:188} INFO - [2025-04-27T13:34:09.123+0000] {dagbag.py:538} INFO - Filling up the DagBag from /opt/airflow/dags/exampledag.py
[2025-04-27T13:34:09.152+0000] {processor.py:840} INFO - DAG(s) 'chethan_test_dag' retrieved from /opt/airflow/dags/exampledag.py
[2025-04-27T13:34:09.175+0000] {logging_mixin.py:188} INFO - [2025-04-27T13:34:09.175+0000] {dag.py:3036} INFO - Sync 1 DAGs
[2025-04-27T13:34:09.194+0000] {logging_mixin.py:188} INFO - [2025-04-27T13:34:09.194+0000] {dag.py:3823} INFO - Setting next_dagrun for chethan_test_dag to 2025-04-26 00:00:00+00:00, run_after=2025-04-27 00:00:00+00:00
[2025-04-27T13:34:09.212+0000] {processor.py:183} INFO - Processing /opt/airflow/dags/exampledag.py took 0.094 seconds
[2025-04-27T13:34:39.734+0000] {processor.py:161} INFO - Started process (PID=3594) to work on /opt/airflow/dags/exampledag.py
[2025-04-27T13:34:39.735+0000] {processor.py:830} INFO - Processing file /opt/airflow/dags/exampledag.py for tasks to queue
[2025-04-27T13:34:39.736+0000] {logging_mixin.py:188} INFO - [2025-04-27T13:34:39.736+0000] {dagbag.py:538} INFO - Filling up the DagBag from /opt/airflow/dags/exampledag.py
[2025-04-27T13:34:39.758+0000] {processor.py:840} INFO - DAG(s) 'chethan_test_dag' retrieved from /opt/airflow/dags/exampledag.py
[2025-04-27T13:34:39.780+0000] {logging_mixin.py:188} INFO - [2025-04-27T13:34:39.780+0000] {dag.py:3036} INFO - Sync 1 DAGs
[2025-04-27T13:34:39.801+0000] {logging_mixin.py:188} INFO - [2025-04-27T13:34:39.801+0000] {dag.py:3823} INFO - Setting next_dagrun for chethan_test_dag to 2025-04-26 00:00:00+00:00, run_after=2025-04-27 00:00:00+00:00
[2025-04-27T13:34:39.821+0000] {processor.py:183} INFO - Processing /opt/airflow/dags/exampledag.py took 0.089 seconds
[2025-04-27T13:35:10.626+0000] {processor.py:161} INFO - Started process (PID=3637) to work on /opt/airflow/dags/exampledag.py
[2025-04-27T13:35:10.628+0000] {processor.py:830} INFO - Processing file /opt/airflow/dags/exampledag.py for tasks to queue
[2025-04-27T13:35:10.631+0000] {logging_mixin.py:188} INFO - [2025-04-27T13:35:10.629+0000] {dagbag.py:538} INFO - Filling up the DagBag from /opt/airflow/dags/exampledag.py
[2025-04-27T13:35:10.659+0000] {processor.py:840} INFO - DAG(s) 'chethan_test_dag' retrieved from /opt/airflow/dags/exampledag.py
[2025-04-27T13:35:10.684+0000] {logging_mixin.py:188} INFO - [2025-04-27T13:35:10.684+0000] {dag.py:3036} INFO - Sync 1 DAGs
[2025-04-27T13:35:10.704+0000] {logging_mixin.py:188} INFO - [2025-04-27T13:35:10.704+0000] {dag.py:3823} INFO - Setting next_dagrun for chethan_test_dag to 2025-04-26 00:00:00+00:00, run_after=2025-04-27 00:00:00+00:00
[2025-04-27T13:35:10.726+0000] {processor.py:183} INFO - Processing /opt/airflow/dags/exampledag.py took 0.102 seconds
[2025-04-27T13:35:41.573+0000] {processor.py:161} INFO - Started process (PID=3680) to work on /opt/airflow/dags/exampledag.py
[2025-04-27T13:35:41.574+0000] {processor.py:830} INFO - Processing file /opt/airflow/dags/exampledag.py for tasks to queue
[2025-04-27T13:35:41.575+0000] {logging_mixin.py:188} INFO - [2025-04-27T13:35:41.575+0000] {dagbag.py:538} INFO - Filling up the DagBag from /opt/airflow/dags/exampledag.py
[2025-04-27T13:35:41.611+0000] {processor.py:840} INFO - DAG(s) 'chethan_test_dag' retrieved from /opt/airflow/dags/exampledag.py
[2025-04-27T13:35:41.644+0000] {logging_mixin.py:188} INFO - [2025-04-27T13:35:41.643+0000] {dag.py:3036} INFO - Sync 1 DAGs
[2025-04-27T13:35:41.669+0000] {logging_mixin.py:188} INFO - [2025-04-27T13:35:41.669+0000] {dag.py:3823} INFO - Setting next_dagrun for chethan_test_dag to 2025-04-26 00:00:00+00:00, run_after=2025-04-27 00:00:00+00:00
[2025-04-27T13:35:41.689+0000] {processor.py:183} INFO - Processing /opt/airflow/dags/exampledag.py took 0.121 seconds
[2025-04-27T13:42:15.606+0000] {processor.py:161} INFO - Started process (PID=3722) to work on /opt/airflow/dags/exampledag.py
[2025-04-27T13:42:15.608+0000] {processor.py:830} INFO - Processing file /opt/airflow/dags/exampledag.py for tasks to queue
[2025-04-27T13:42:15.609+0000] {logging_mixin.py:188} INFO - [2025-04-27T13:42:15.609+0000] {dagbag.py:538} INFO - Filling up the DagBag from /opt/airflow/dags/exampledag.py
[2025-04-27T13:42:15.655+0000] {processor.py:840} INFO - DAG(s) 'chethan_test_dag' retrieved from /opt/airflow/dags/exampledag.py
[2025-04-27T13:42:15.693+0000] {logging_mixin.py:188} INFO - [2025-04-27T13:42:15.693+0000] {dag.py:3036} INFO - Sync 1 DAGs
[2025-04-27T13:42:15.739+0000] {logging_mixin.py:188} INFO - [2025-04-27T13:42:15.739+0000] {dag.py:3823} INFO - Setting next_dagrun for chethan_test_dag to 2025-04-26 00:00:00+00:00, run_after=2025-04-27 00:00:00+00:00
[2025-04-27T13:42:15.780+0000] {processor.py:183} INFO - Processing /opt/airflow/dags/exampledag.py took 0.180 seconds
[2025-04-27T13:42:46.137+0000] {processor.py:161} INFO - Started process (PID=3761) to work on /opt/airflow/dags/exampledag.py
[2025-04-27T13:42:46.138+0000] {processor.py:830} INFO - Processing file /opt/airflow/dags/exampledag.py for tasks to queue
[2025-04-27T13:42:46.139+0000] {logging_mixin.py:188} INFO - [2025-04-27T13:42:46.139+0000] {dagbag.py:538} INFO - Filling up the DagBag from /opt/airflow/dags/exampledag.py
[2025-04-27T13:42:46.169+0000] {processor.py:840} INFO - DAG(s) 'chethan_test_dag' retrieved from /opt/airflow/dags/exampledag.py
[2025-04-27T13:42:46.189+0000] {logging_mixin.py:188} INFO - [2025-04-27T13:42:46.188+0000] {dag.py:3036} INFO - Sync 1 DAGs
[2025-04-27T13:42:46.205+0000] {logging_mixin.py:188} INFO - [2025-04-27T13:42:46.205+0000] {dag.py:3823} INFO - Setting next_dagrun for chethan_test_dag to 2025-04-26 00:00:00+00:00, run_after=2025-04-27 00:00:00+00:00
[2025-04-27T13:42:46.222+0000] {processor.py:183} INFO - Processing /opt/airflow/dags/exampledag.py took 0.087 seconds
[2025-04-27T13:43:17.826+0000] {processor.py:161} INFO - Started process (PID=3810) to work on /opt/airflow/dags/exampledag.py
[2025-04-27T13:43:17.827+0000] {processor.py:830} INFO - Processing file /opt/airflow/dags/exampledag.py for tasks to queue
[2025-04-27T13:43:17.828+0000] {logging_mixin.py:188} INFO - [2025-04-27T13:43:17.828+0000] {dagbag.py:538} INFO - Filling up the DagBag from /opt/airflow/dags/exampledag.py
[2025-04-27T13:43:17.854+0000] {processor.py:840} INFO - DAG(s) 'chethan_test_dag' retrieved from /opt/airflow/dags/exampledag.py
[2025-04-27T13:43:17.875+0000] {logging_mixin.py:188} INFO - [2025-04-27T13:43:17.875+0000] {dag.py:3036} INFO - Sync 1 DAGs
[2025-04-27T13:43:17.892+0000] {logging_mixin.py:188} INFO - [2025-04-27T13:43:17.891+0000] {dag.py:3823} INFO - Setting next_dagrun for chethan_test_dag to 2025-04-26 00:00:00+00:00, run_after=2025-04-27 00:00:00+00:00
[2025-04-27T13:43:17.909+0000] {processor.py:183} INFO - Processing /opt/airflow/dags/exampledag.py took 0.086 seconds
[2025-04-27T13:43:48.430+0000] {processor.py:161} INFO - Started process (PID=3853) to work on /opt/airflow/dags/exampledag.py
[2025-04-27T13:43:48.431+0000] {processor.py:830} INFO - Processing file /opt/airflow/dags/exampledag.py for tasks to queue
[2025-04-27T13:43:48.432+0000] {logging_mixin.py:188} INFO - [2025-04-27T13:43:48.432+0000] {dagbag.py:538} INFO - Filling up the DagBag from /opt/airflow/dags/exampledag.py
[2025-04-27T13:43:48.460+0000] {processor.py:840} INFO - DAG(s) 'chethan_test_dag' retrieved from /opt/airflow/dags/exampledag.py
[2025-04-27T13:43:48.483+0000] {logging_mixin.py:188} INFO - [2025-04-27T13:43:48.482+0000] {dag.py:3036} INFO - Sync 1 DAGs
[2025-04-27T13:43:48.506+0000] {logging_mixin.py:188} INFO - [2025-04-27T13:43:48.505+0000] {dag.py:3823} INFO - Setting next_dagrun for chethan_test_dag to 2025-04-26 00:00:00+00:00, run_after=2025-04-27 00:00:00+00:00
[2025-04-27T13:43:48.528+0000] {processor.py:183} INFO - Processing /opt/airflow/dags/exampledag.py took 0.100 seconds
[2025-04-27T13:44:19.023+0000] {processor.py:161} INFO - Started process (PID=3896) to work on /opt/airflow/dags/exampledag.py
[2025-04-27T13:44:19.024+0000] {processor.py:830} INFO - Processing file /opt/airflow/dags/exampledag.py for tasks to queue
[2025-04-27T13:44:19.025+0000] {logging_mixin.py:188} INFO - [2025-04-27T13:44:19.025+0000] {dagbag.py:538} INFO - Filling up the DagBag from /opt/airflow/dags/exampledag.py
[2025-04-27T13:44:19.049+0000] {processor.py:840} INFO - DAG(s) 'chethan_test_dag' retrieved from /opt/airflow/dags/exampledag.py
[2025-04-27T13:44:19.068+0000] {logging_mixin.py:188} INFO - [2025-04-27T13:44:19.068+0000] {dag.py:3036} INFO - Sync 1 DAGs
[2025-04-27T13:44:19.087+0000] {logging_mixin.py:188} INFO - [2025-04-27T13:44:19.086+0000] {dag.py:3823} INFO - Setting next_dagrun for chethan_test_dag to 2025-04-26 00:00:00+00:00, run_after=2025-04-27 00:00:00+00:00
[2025-04-27T13:44:19.111+0000] {processor.py:183} INFO - Processing /opt/airflow/dags/exampledag.py took 0.090 seconds
[2025-04-27T13:44:49.644+0000] {processor.py:161} INFO - Started process (PID=3939) to work on /opt/airflow/dags/exampledag.py
[2025-04-27T13:44:49.646+0000] {processor.py:830} INFO - Processing file /opt/airflow/dags/exampledag.py for tasks to queue
[2025-04-27T13:44:49.647+0000] {logging_mixin.py:188} INFO - [2025-04-27T13:44:49.646+0000] {dagbag.py:538} INFO - Filling up the DagBag from /opt/airflow/dags/exampledag.py
[2025-04-27T13:44:49.680+0000] {processor.py:840} INFO - DAG(s) 'chethan_test_dag' retrieved from /opt/airflow/dags/exampledag.py
[2025-04-27T13:44:49.708+0000] {logging_mixin.py:188} INFO - [2025-04-27T13:44:49.708+0000] {dag.py:3036} INFO - Sync 1 DAGs
[2025-04-27T13:44:49.734+0000] {logging_mixin.py:188} INFO - [2025-04-27T13:44:49.734+0000] {dag.py:3823} INFO - Setting next_dagrun for chethan_test_dag to 2025-04-26 00:00:00+00:00, run_after=2025-04-27 00:00:00+00:00
[2025-04-27T13:44:49.754+0000] {processor.py:183} INFO - Processing /opt/airflow/dags/exampledag.py took 0.114 seconds
[2025-04-27T13:45:20.149+0000] {processor.py:161} INFO - Started process (PID=3982) to work on /opt/airflow/dags/exampledag.py
[2025-04-27T13:45:20.150+0000] {processor.py:830} INFO - Processing file /opt/airflow/dags/exampledag.py for tasks to queue
[2025-04-27T13:45:20.151+0000] {logging_mixin.py:188} INFO - [2025-04-27T13:45:20.150+0000] {dagbag.py:538} INFO - Filling up the DagBag from /opt/airflow/dags/exampledag.py
[2025-04-27T13:45:20.172+0000] {processor.py:840} INFO - DAG(s) 'chethan_test_dag' retrieved from /opt/airflow/dags/exampledag.py
[2025-04-27T13:45:20.191+0000] {logging_mixin.py:188} INFO - [2025-04-27T13:45:20.190+0000] {dag.py:3036} INFO - Sync 1 DAGs
[2025-04-27T13:45:20.206+0000] {logging_mixin.py:188} INFO - [2025-04-27T13:45:20.206+0000] {dag.py:3823} INFO - Setting next_dagrun for chethan_test_dag to 2025-04-26 00:00:00+00:00, run_after=2025-04-27 00:00:00+00:00
[2025-04-27T13:45:20.219+0000] {processor.py:183} INFO - Processing /opt/airflow/dags/exampledag.py took 0.073 seconds
[2025-04-27T13:45:50.785+0000] {processor.py:161} INFO - Started process (PID=4025) to work on /opt/airflow/dags/exampledag.py
[2025-04-27T13:45:50.787+0000] {processor.py:830} INFO - Processing file /opt/airflow/dags/exampledag.py for tasks to queue
[2025-04-27T13:45:50.788+0000] {logging_mixin.py:188} INFO - [2025-04-27T13:45:50.788+0000] {dagbag.py:538} INFO - Filling up the DagBag from /opt/airflow/dags/exampledag.py
[2025-04-27T13:45:50.814+0000] {processor.py:840} INFO - DAG(s) 'chethan_test_dag' retrieved from /opt/airflow/dags/exampledag.py
[2025-04-27T13:45:50.835+0000] {logging_mixin.py:188} INFO - [2025-04-27T13:45:50.835+0000] {dag.py:3036} INFO - Sync 1 DAGs
[2025-04-27T13:45:50.853+0000] {logging_mixin.py:188} INFO - [2025-04-27T13:45:50.853+0000] {dag.py:3823} INFO - Setting next_dagrun for chethan_test_dag to 2025-04-26 00:00:00+00:00, run_after=2025-04-27 00:00:00+00:00
[2025-04-27T13:45:50.873+0000] {processor.py:183} INFO - Processing /opt/airflow/dags/exampledag.py took 0.091 seconds
[2025-04-27T13:46:21.088+0000] {processor.py:161} INFO - Started process (PID=4065) to work on /opt/airflow/dags/exampledag.py
[2025-04-27T13:46:21.089+0000] {processor.py:830} INFO - Processing file /opt/airflow/dags/exampledag.py for tasks to queue
[2025-04-27T13:46:21.090+0000] {logging_mixin.py:188} INFO - [2025-04-27T13:46:21.090+0000] {dagbag.py:538} INFO - Filling up the DagBag from /opt/airflow/dags/exampledag.py
[2025-04-27T13:46:21.132+0000] {processor.py:840} INFO - DAG(s) 'chethan_test_dag' retrieved from /opt/airflow/dags/exampledag.py
[2025-04-27T13:46:21.162+0000] {logging_mixin.py:188} INFO - [2025-04-27T13:46:21.162+0000] {dag.py:3036} INFO - Sync 1 DAGs
[2025-04-27T13:46:21.184+0000] {logging_mixin.py:188} INFO - [2025-04-27T13:46:21.184+0000] {dag.py:3823} INFO - Setting next_dagrun for chethan_test_dag to 2025-04-26 00:00:00+00:00, run_after=2025-04-27 00:00:00+00:00
[2025-04-27T13:46:21.205+0000] {processor.py:183} INFO - Processing /opt/airflow/dags/exampledag.py took 0.120 seconds
[2025-04-27T13:46:51.549+0000] {processor.py:161} INFO - Started process (PID=4108) to work on /opt/airflow/dags/exampledag.py
[2025-04-27T13:46:51.550+0000] {processor.py:830} INFO - Processing file /opt/airflow/dags/exampledag.py for tasks to queue
[2025-04-27T13:46:51.551+0000] {logging_mixin.py:188} INFO - [2025-04-27T13:46:51.550+0000] {dagbag.py:538} INFO - Filling up the DagBag from /opt/airflow/dags/exampledag.py
[2025-04-27T13:46:51.575+0000] {processor.py:840} INFO - DAG(s) 'chethan_test_dag' retrieved from /opt/airflow/dags/exampledag.py
[2025-04-27T13:46:51.596+0000] {logging_mixin.py:188} INFO - [2025-04-27T13:46:51.595+0000] {dag.py:3036} INFO - Sync 1 DAGs
[2025-04-27T13:46:51.615+0000] {logging_mixin.py:188} INFO - [2025-04-27T13:46:51.615+0000] {dag.py:3823} INFO - Setting next_dagrun for chethan_test_dag to 2025-04-26 00:00:00+00:00, run_after=2025-04-27 00:00:00+00:00
[2025-04-27T13:46:51.636+0000] {processor.py:183} INFO - Processing /opt/airflow/dags/exampledag.py took 0.091 seconds
[2025-04-27T13:47:22.365+0000] {processor.py:161} INFO - Started process (PID=4151) to work on /opt/airflow/dags/exampledag.py
[2025-04-27T13:47:22.367+0000] {processor.py:830} INFO - Processing file /opt/airflow/dags/exampledag.py for tasks to queue
[2025-04-27T13:47:22.368+0000] {logging_mixin.py:188} INFO - [2025-04-27T13:47:22.368+0000] {dagbag.py:538} INFO - Filling up the DagBag from /opt/airflow/dags/exampledag.py
[2025-04-27T13:47:22.488+0000] {processor.py:840} INFO - DAG(s) 'chethan_test_dag' retrieved from /opt/airflow/dags/exampledag.py
[2025-04-27T13:47:22.527+0000] {logging_mixin.py:188} INFO - [2025-04-27T13:47:22.527+0000] {dag.py:3036} INFO - Sync 1 DAGs
[2025-04-27T13:47:22.560+0000] {logging_mixin.py:188} INFO - [2025-04-27T13:47:22.560+0000] {dag.py:3823} INFO - Setting next_dagrun for chethan_test_dag to 2025-04-26 00:00:00+00:00, run_after=2025-04-27 00:00:00+00:00
[2025-04-27T13:47:22.583+0000] {processor.py:183} INFO - Processing /opt/airflow/dags/exampledag.py took 0.222 seconds
[2025-04-27T13:51:10.376+0000] {processor.py:161} INFO - Started process (PID=4195) to work on /opt/airflow/dags/exampledag.py
[2025-04-27T13:51:10.378+0000] {processor.py:830} INFO - Processing file /opt/airflow/dags/exampledag.py for tasks to queue
[2025-04-27T13:51:10.380+0000] {logging_mixin.py:188} INFO - [2025-04-27T13:51:10.379+0000] {dagbag.py:538} INFO - Filling up the DagBag from /opt/airflow/dags/exampledag.py
[2025-04-27T13:51:10.434+0000] {processor.py:840} INFO - DAG(s) 'chethan_test_dag' retrieved from /opt/airflow/dags/exampledag.py
[2025-04-27T13:51:10.479+0000] {logging_mixin.py:188} INFO - [2025-04-27T13:51:10.478+0000] {dag.py:3036} INFO - Sync 1 DAGs
[2025-04-27T13:51:10.513+0000] {logging_mixin.py:188} INFO - [2025-04-27T13:51:10.513+0000] {dag.py:3823} INFO - Setting next_dagrun for chethan_test_dag to 2025-04-26 00:00:00+00:00, run_after=2025-04-27 00:00:00+00:00
[2025-04-27T13:51:10.541+0000] {processor.py:183} INFO - Processing /opt/airflow/dags/exampledag.py took 0.169 seconds
[2025-04-27T13:51:41.187+0000] {processor.py:161} INFO - Started process (PID=4238) to work on /opt/airflow/dags/exampledag.py
[2025-04-27T13:51:41.188+0000] {processor.py:830} INFO - Processing file /opt/airflow/dags/exampledag.py for tasks to queue
[2025-04-27T13:51:41.189+0000] {logging_mixin.py:188} INFO - [2025-04-27T13:51:41.189+0000] {dagbag.py:538} INFO - Filling up the DagBag from /opt/airflow/dags/exampledag.py
[2025-04-27T13:51:41.218+0000] {processor.py:840} INFO - DAG(s) 'chethan_test_dag' retrieved from /opt/airflow/dags/exampledag.py
[2025-04-27T13:51:41.242+0000] {logging_mixin.py:188} INFO - [2025-04-27T13:51:41.242+0000] {dag.py:3036} INFO - Sync 1 DAGs
[2025-04-27T13:51:41.260+0000] {logging_mixin.py:188} INFO - [2025-04-27T13:51:41.260+0000] {dag.py:3823} INFO - Setting next_dagrun for chethan_test_dag to 2025-04-26 00:00:00+00:00, run_after=2025-04-27 00:00:00+00:00
[2025-04-27T13:51:41.292+0000] {processor.py:183} INFO - Processing /opt/airflow/dags/exampledag.py took 0.108 seconds
[2025-04-27T13:52:12.281+0000] {processor.py:161} INFO - Started process (PID=4283) to work on /opt/airflow/dags/exampledag.py
[2025-04-27T13:52:12.282+0000] {processor.py:830} INFO - Processing file /opt/airflow/dags/exampledag.py for tasks to queue
[2025-04-27T13:52:12.283+0000] {logging_mixin.py:188} INFO - [2025-04-27T13:52:12.283+0000] {dagbag.py:538} INFO - Filling up the DagBag from /opt/airflow/dags/exampledag.py
[2025-04-27T13:52:12.304+0000] {processor.py:840} INFO - DAG(s) 'chethan_test_dag' retrieved from /opt/airflow/dags/exampledag.py
[2025-04-27T13:52:12.323+0000] {logging_mixin.py:188} INFO - [2025-04-27T13:52:12.323+0000] {dag.py:3036} INFO - Sync 1 DAGs
[2025-04-27T13:52:12.341+0000] {logging_mixin.py:188} INFO - [2025-04-27T13:52:12.340+0000] {dag.py:3823} INFO - Setting next_dagrun for chethan_test_dag to 2025-04-26 00:00:00+00:00, run_after=2025-04-27 00:00:00+00:00
[2025-04-27T13:52:12.357+0000] {processor.py:183} INFO - Processing /opt/airflow/dags/exampledag.py took 0.079 seconds
[2025-04-27T13:52:42.648+0000] {processor.py:161} INFO - Started process (PID=4324) to work on /opt/airflow/dags/exampledag.py
[2025-04-27T13:52:42.650+0000] {processor.py:830} INFO - Processing file /opt/airflow/dags/exampledag.py for tasks to queue
[2025-04-27T13:52:42.651+0000] {logging_mixin.py:188} INFO - [2025-04-27T13:52:42.650+0000] {dagbag.py:538} INFO - Filling up the DagBag from /opt/airflow/dags/exampledag.py
[2025-04-27T13:52:42.681+0000] {processor.py:840} INFO - DAG(s) 'chethan_test_dag' retrieved from /opt/airflow/dags/exampledag.py
[2025-04-27T13:52:42.709+0000] {logging_mixin.py:188} INFO - [2025-04-27T13:52:42.709+0000] {dag.py:3036} INFO - Sync 1 DAGs
[2025-04-27T13:52:42.737+0000] {logging_mixin.py:188} INFO - [2025-04-27T13:52:42.737+0000] {dag.py:3823} INFO - Setting next_dagrun for chethan_test_dag to 2025-04-26 00:00:00+00:00, run_after=2025-04-27 00:00:00+00:00
[2025-04-27T13:52:42.760+0000] {processor.py:183} INFO - Processing /opt/airflow/dags/exampledag.py took 0.114 seconds
[2025-04-27T13:53:13.346+0000] {processor.py:161} INFO - Started process (PID=4367) to work on /opt/airflow/dags/exampledag.py
[2025-04-27T13:53:13.348+0000] {processor.py:830} INFO - Processing file /opt/airflow/dags/exampledag.py for tasks to queue
[2025-04-27T13:53:13.349+0000] {logging_mixin.py:188} INFO - [2025-04-27T13:53:13.348+0000] {dagbag.py:538} INFO - Filling up the DagBag from /opt/airflow/dags/exampledag.py
[2025-04-27T13:53:13.372+0000] {processor.py:840} INFO - DAG(s) 'chethan_test_dag' retrieved from /opt/airflow/dags/exampledag.py
[2025-04-27T13:53:13.392+0000] {logging_mixin.py:188} INFO - [2025-04-27T13:53:13.392+0000] {dag.py:3036} INFO - Sync 1 DAGs
[2025-04-27T13:53:13.410+0000] {logging_mixin.py:188} INFO - [2025-04-27T13:53:13.410+0000] {dag.py:3823} INFO - Setting next_dagrun for chethan_test_dag to 2025-04-26 00:00:00+00:00, run_after=2025-04-27 00:00:00+00:00
[2025-04-27T13:53:13.435+0000] {processor.py:183} INFO - Processing /opt/airflow/dags/exampledag.py took 0.092 seconds
[2025-04-27T13:53:43.910+0000] {processor.py:161} INFO - Started process (PID=4409) to work on /opt/airflow/dags/exampledag.py
[2025-04-27T13:53:43.911+0000] {processor.py:830} INFO - Processing file /opt/airflow/dags/exampledag.py for tasks to queue
[2025-04-27T13:53:43.914+0000] {logging_mixin.py:188} INFO - [2025-04-27T13:53:43.914+0000] {dagbag.py:538} INFO - Filling up the DagBag from /opt/airflow/dags/exampledag.py
[2025-04-27T13:53:43.952+0000] {processor.py:840} INFO - DAG(s) 'chethan_test_dag' retrieved from /opt/airflow/dags/exampledag.py
[2025-04-27T13:53:43.980+0000] {logging_mixin.py:188} INFO - [2025-04-27T13:53:43.980+0000] {dag.py:3036} INFO - Sync 1 DAGs
[2025-04-27T13:53:44.002+0000] {logging_mixin.py:188} INFO - [2025-04-27T13:53:44.002+0000] {dag.py:3823} INFO - Setting next_dagrun for chethan_test_dag to 2025-04-26 00:00:00+00:00, run_after=2025-04-27 00:00:00+00:00
[2025-04-27T13:53:44.024+0000] {processor.py:183} INFO - Processing /opt/airflow/dags/exampledag.py took 0.116 seconds
[2025-04-27T13:54:14.232+0000] {processor.py:161} INFO - Started process (PID=4447) to work on /opt/airflow/dags/exampledag.py
[2025-04-27T13:54:14.233+0000] {processor.py:830} INFO - Processing file /opt/airflow/dags/exampledag.py for tasks to queue
[2025-04-27T13:54:14.235+0000] {logging_mixin.py:188} INFO - [2025-04-27T13:54:14.235+0000] {dagbag.py:538} INFO - Filling up the DagBag from /opt/airflow/dags/exampledag.py
[2025-04-27T13:54:14.276+0000] {processor.py:840} INFO - DAG(s) 'chethan_test_dag' retrieved from /opt/airflow/dags/exampledag.py
[2025-04-27T13:54:14.313+0000] {logging_mixin.py:188} INFO - [2025-04-27T13:54:14.313+0000] {dag.py:3036} INFO - Sync 1 DAGs
[2025-04-27T13:54:14.341+0000] {logging_mixin.py:188} INFO - [2025-04-27T13:54:14.340+0000] {dag.py:3823} INFO - Setting next_dagrun for chethan_test_dag to 2025-04-26 00:00:00+00:00, run_after=2025-04-27 00:00:00+00:00
[2025-04-27T13:54:14.369+0000] {processor.py:183} INFO - Processing /opt/airflow/dags/exampledag.py took 0.142 seconds
[2025-04-27T13:54:44.482+0000] {processor.py:161} INFO - Started process (PID=4484) to work on /opt/airflow/dags/exampledag.py
[2025-04-27T13:54:44.483+0000] {processor.py:830} INFO - Processing file /opt/airflow/dags/exampledag.py for tasks to queue
[2025-04-27T13:54:44.484+0000] {logging_mixin.py:188} INFO - [2025-04-27T13:54:44.483+0000] {dagbag.py:538} INFO - Filling up the DagBag from /opt/airflow/dags/exampledag.py
[2025-04-27T13:54:44.516+0000] {processor.py:840} INFO - DAG(s) 'chethan_test_dag' retrieved from /opt/airflow/dags/exampledag.py
[2025-04-27T13:54:44.546+0000] {logging_mixin.py:188} INFO - [2025-04-27T13:54:44.546+0000] {dag.py:3036} INFO - Sync 1 DAGs
[2025-04-27T13:54:44.573+0000] {logging_mixin.py:188} INFO - [2025-04-27T13:54:44.573+0000] {dag.py:3823} INFO - Setting next_dagrun for chethan_test_dag to 2025-04-26 00:00:00+00:00, run_after=2025-04-27 00:00:00+00:00
[2025-04-27T13:54:44.600+0000] {processor.py:183} INFO - Processing /opt/airflow/dags/exampledag.py took 0.121 seconds
[2025-04-27T13:55:14.833+0000] {processor.py:161} INFO - Started process (PID=4527) to work on /opt/airflow/dags/exampledag.py
[2025-04-27T13:55:14.834+0000] {processor.py:830} INFO - Processing file /opt/airflow/dags/exampledag.py for tasks to queue
[2025-04-27T13:55:14.835+0000] {logging_mixin.py:188} INFO - [2025-04-27T13:55:14.835+0000] {dagbag.py:538} INFO - Filling up the DagBag from /opt/airflow/dags/exampledag.py
[2025-04-27T13:55:14.861+0000] {processor.py:840} INFO - DAG(s) 'chethan_test_dag' retrieved from /opt/airflow/dags/exampledag.py
[2025-04-27T13:55:14.886+0000] {logging_mixin.py:188} INFO - [2025-04-27T13:55:14.886+0000] {dag.py:3036} INFO - Sync 1 DAGs
[2025-04-27T13:55:14.918+0000] {logging_mixin.py:188} INFO - [2025-04-27T13:55:14.918+0000] {dag.py:3823} INFO - Setting next_dagrun for chethan_test_dag to 2025-04-26 00:00:00+00:00, run_after=2025-04-27 00:00:00+00:00
[2025-04-27T13:55:14.941+0000] {processor.py:183} INFO - Processing /opt/airflow/dags/exampledag.py took 0.111 seconds
[2025-04-27T13:55:45.012+0000] {processor.py:161} INFO - Started process (PID=4564) to work on /opt/airflow/dags/exampledag.py
[2025-04-27T13:55:45.013+0000] {processor.py:830} INFO - Processing file /opt/airflow/dags/exampledag.py for tasks to queue
[2025-04-27T13:55:45.014+0000] {logging_mixin.py:188} INFO - [2025-04-27T13:55:45.014+0000] {dagbag.py:538} INFO - Filling up the DagBag from /opt/airflow/dags/exampledag.py
[2025-04-27T13:55:45.038+0000] {processor.py:840} INFO - DAG(s) 'chethan_test_dag' retrieved from /opt/airflow/dags/exampledag.py
[2025-04-27T13:55:45.061+0000] {logging_mixin.py:188} INFO - [2025-04-27T13:55:45.060+0000] {dag.py:3036} INFO - Sync 1 DAGs
[2025-04-27T13:55:45.078+0000] {logging_mixin.py:188} INFO - [2025-04-27T13:55:45.078+0000] {dag.py:3823} INFO - Setting next_dagrun for chethan_test_dag to 2025-04-26 00:00:00+00:00, run_after=2025-04-27 00:00:00+00:00
[2025-04-27T13:55:45.093+0000] {processor.py:183} INFO - Processing /opt/airflow/dags/exampledag.py took 0.083 seconds
[2025-04-27T13:56:15.689+0000] {processor.py:161} INFO - Started process (PID=4613) to work on /opt/airflow/dags/exampledag.py
[2025-04-27T13:56:15.690+0000] {processor.py:830} INFO - Processing file /opt/airflow/dags/exampledag.py for tasks to queue
[2025-04-27T13:56:15.691+0000] {logging_mixin.py:188} INFO - [2025-04-27T13:56:15.691+0000] {dagbag.py:538} INFO - Filling up the DagBag from /opt/airflow/dags/exampledag.py
[2025-04-27T13:56:15.719+0000] {processor.py:840} INFO - DAG(s) 'chethan_test_dag' retrieved from /opt/airflow/dags/exampledag.py
[2025-04-27T13:56:15.746+0000] {logging_mixin.py:188} INFO - [2025-04-27T13:56:15.746+0000] {dag.py:3036} INFO - Sync 1 DAGs
[2025-04-27T13:56:15.769+0000] {logging_mixin.py:188} INFO - [2025-04-27T13:56:15.768+0000] {dag.py:3823} INFO - Setting next_dagrun for chethan_test_dag to 2025-04-26 00:00:00+00:00, run_after=2025-04-27 00:00:00+00:00
[2025-04-27T13:56:15.786+0000] {processor.py:183} INFO - Processing /opt/airflow/dags/exampledag.py took 0.100 seconds
[2025-04-27T13:56:46.151+0000] {processor.py:161} INFO - Started process (PID=4656) to work on /opt/airflow/dags/exampledag.py
[2025-04-27T13:56:46.152+0000] {processor.py:830} INFO - Processing file /opt/airflow/dags/exampledag.py for tasks to queue
[2025-04-27T13:56:46.153+0000] {logging_mixin.py:188} INFO - [2025-04-27T13:56:46.153+0000] {dagbag.py:538} INFO - Filling up the DagBag from /opt/airflow/dags/exampledag.py
[2025-04-27T13:56:46.187+0000] {processor.py:840} INFO - DAG(s) 'chethan_test_dag' retrieved from /opt/airflow/dags/exampledag.py
[2025-04-27T13:56:46.217+0000] {logging_mixin.py:188} INFO - [2025-04-27T13:56:46.217+0000] {dag.py:3036} INFO - Sync 1 DAGs
[2025-04-27T13:56:46.242+0000] {logging_mixin.py:188} INFO - [2025-04-27T13:56:46.242+0000] {dag.py:3823} INFO - Setting next_dagrun for chethan_test_dag to 2025-04-26 00:00:00+00:00, run_after=2025-04-27 00:00:00+00:00
[2025-04-27T13:56:46.269+0000] {processor.py:183} INFO - Processing /opt/airflow/dags/exampledag.py took 0.120 seconds
[2025-04-27T13:57:16.728+0000] {processor.py:161} INFO - Started process (PID=4705) to work on /opt/airflow/dags/exampledag.py
[2025-04-27T13:57:16.729+0000] {processor.py:830} INFO - Processing file /opt/airflow/dags/exampledag.py for tasks to queue
[2025-04-27T13:57:16.731+0000] {logging_mixin.py:188} INFO - [2025-04-27T13:57:16.730+0000] {dagbag.py:538} INFO - Filling up the DagBag from /opt/airflow/dags/exampledag.py
[2025-04-27T13:57:16.761+0000] {processor.py:840} INFO - DAG(s) 'chethan_test_dag' retrieved from /opt/airflow/dags/exampledag.py
[2025-04-27T13:57:16.784+0000] {logging_mixin.py:188} INFO - [2025-04-27T13:57:16.784+0000] {dag.py:3036} INFO - Sync 1 DAGs
[2025-04-27T13:57:16.810+0000] {logging_mixin.py:188} INFO - [2025-04-27T13:57:16.809+0000] {dag.py:3823} INFO - Setting next_dagrun for chethan_test_dag to 2025-04-26 00:00:00+00:00, run_after=2025-04-27 00:00:00+00:00
[2025-04-27T13:57:16.835+0000] {processor.py:183} INFO - Processing /opt/airflow/dags/exampledag.py took 0.110 seconds
[2025-04-27T13:57:46.911+0000] {processor.py:161} INFO - Started process (PID=4742) to work on /opt/airflow/dags/exampledag.py
[2025-04-27T13:57:46.912+0000] {processor.py:830} INFO - Processing file /opt/airflow/dags/exampledag.py for tasks to queue
[2025-04-27T13:57:46.913+0000] {logging_mixin.py:188} INFO - [2025-04-27T13:57:46.913+0000] {dagbag.py:538} INFO - Filling up the DagBag from /opt/airflow/dags/exampledag.py
[2025-04-27T13:57:46.942+0000] {processor.py:840} INFO - DAG(s) 'chethan_test_dag' retrieved from /opt/airflow/dags/exampledag.py
[2025-04-27T13:57:46.967+0000] {logging_mixin.py:188} INFO - [2025-04-27T13:57:46.966+0000] {dag.py:3036} INFO - Sync 1 DAGs
[2025-04-27T13:57:46.990+0000] {logging_mixin.py:188} INFO - [2025-04-27T13:57:46.990+0000] {dag.py:3823} INFO - Setting next_dagrun for chethan_test_dag to 2025-04-26 00:00:00+00:00, run_after=2025-04-27 00:00:00+00:00
[2025-04-27T13:57:47.017+0000] {processor.py:183} INFO - Processing /opt/airflow/dags/exampledag.py took 0.109 seconds
[2025-04-27T13:58:17.269+0000] {processor.py:161} INFO - Started process (PID=4779) to work on /opt/airflow/dags/exampledag.py
[2025-04-27T13:58:17.270+0000] {processor.py:830} INFO - Processing file /opt/airflow/dags/exampledag.py for tasks to queue
[2025-04-27T13:58:17.272+0000] {logging_mixin.py:188} INFO - [2025-04-27T13:58:17.271+0000] {dagbag.py:538} INFO - Filling up the DagBag from /opt/airflow/dags/exampledag.py
[2025-04-27T13:58:17.300+0000] {processor.py:840} INFO - DAG(s) 'chethan_test_dag' retrieved from /opt/airflow/dags/exampledag.py
[2025-04-27T13:58:17.339+0000] {logging_mixin.py:188} INFO - [2025-04-27T13:58:17.338+0000] {dag.py:3036} INFO - Sync 1 DAGs
[2025-04-27T13:58:17.366+0000] {logging_mixin.py:188} INFO - [2025-04-27T13:58:17.366+0000] {dag.py:3823} INFO - Setting next_dagrun for chethan_test_dag to 2025-04-26 00:00:00+00:00, run_after=2025-04-27 00:00:00+00:00
[2025-04-27T13:58:17.388+0000] {processor.py:183} INFO - Processing /opt/airflow/dags/exampledag.py took 0.122 seconds
[2025-04-27T13:58:48.265+0000] {processor.py:161} INFO - Started process (PID=4828) to work on /opt/airflow/dags/exampledag.py
[2025-04-27T13:58:48.267+0000] {processor.py:830} INFO - Processing file /opt/airflow/dags/exampledag.py for tasks to queue
[2025-04-27T13:58:48.268+0000] {logging_mixin.py:188} INFO - [2025-04-27T13:58:48.268+0000] {dagbag.py:538} INFO - Filling up the DagBag from /opt/airflow/dags/exampledag.py
[2025-04-27T13:58:48.308+0000] {processor.py:840} INFO - DAG(s) 'chethan_test_dag' retrieved from /opt/airflow/dags/exampledag.py
[2025-04-27T13:58:48.348+0000] {logging_mixin.py:188} INFO - [2025-04-27T13:58:48.348+0000] {dag.py:3036} INFO - Sync 1 DAGs
[2025-04-27T13:58:48.391+0000] {logging_mixin.py:188} INFO - [2025-04-27T13:58:48.391+0000] {dag.py:3823} INFO - Setting next_dagrun for chethan_test_dag to 2025-04-26 00:00:00+00:00, run_after=2025-04-27 00:00:00+00:00
[2025-04-27T13:58:48.434+0000] {processor.py:183} INFO - Processing /opt/airflow/dags/exampledag.py took 0.174 seconds
[2025-04-27T13:59:18.941+0000] {processor.py:161} INFO - Started process (PID=4871) to work on /opt/airflow/dags/exampledag.py
[2025-04-27T13:59:18.942+0000] {processor.py:830} INFO - Processing file /opt/airflow/dags/exampledag.py for tasks to queue
[2025-04-27T13:59:18.944+0000] {logging_mixin.py:188} INFO - [2025-04-27T13:59:18.943+0000] {dagbag.py:538} INFO - Filling up the DagBag from /opt/airflow/dags/exampledag.py
[2025-04-27T13:59:18.979+0000] {processor.py:840} INFO - DAG(s) 'chethan_test_dag' retrieved from /opt/airflow/dags/exampledag.py
[2025-04-27T13:59:19.009+0000] {logging_mixin.py:188} INFO - [2025-04-27T13:59:19.009+0000] {dag.py:3036} INFO - Sync 1 DAGs
[2025-04-27T13:59:19.035+0000] {logging_mixin.py:188} INFO - [2025-04-27T13:59:19.035+0000] {dag.py:3823} INFO - Setting next_dagrun for chethan_test_dag to 2025-04-26 00:00:00+00:00, run_after=2025-04-27 00:00:00+00:00
[2025-04-27T13:59:19.057+0000] {processor.py:183} INFO - Processing /opt/airflow/dags/exampledag.py took 0.120 seconds
[2025-04-27T13:59:49.656+0000] {processor.py:161} INFO - Started process (PID=4914) to work on /opt/airflow/dags/exampledag.py
[2025-04-27T13:59:49.657+0000] {processor.py:830} INFO - Processing file /opt/airflow/dags/exampledag.py for tasks to queue
[2025-04-27T13:59:49.659+0000] {logging_mixin.py:188} INFO - [2025-04-27T13:59:49.658+0000] {dagbag.py:538} INFO - Filling up the DagBag from /opt/airflow/dags/exampledag.py
[2025-04-27T13:59:49.701+0000] {processor.py:840} INFO - DAG(s) 'chethan_test_dag' retrieved from /opt/airflow/dags/exampledag.py
[2025-04-27T13:59:49.735+0000] {logging_mixin.py:188} INFO - [2025-04-27T13:59:49.735+0000] {dag.py:3036} INFO - Sync 1 DAGs
[2025-04-27T13:59:49.758+0000] {logging_mixin.py:188} INFO - [2025-04-27T13:59:49.757+0000] {dag.py:3823} INFO - Setting next_dagrun for chethan_test_dag to 2025-04-26 00:00:00+00:00, run_after=2025-04-27 00:00:00+00:00
[2025-04-27T13:59:49.779+0000] {processor.py:183} INFO - Processing /opt/airflow/dags/exampledag.py took 0.126 seconds
[2025-04-27T14:00:20.108+0000] {processor.py:161} INFO - Started process (PID=4957) to work on /opt/airflow/dags/exampledag.py
[2025-04-27T14:00:20.109+0000] {processor.py:830} INFO - Processing file /opt/airflow/dags/exampledag.py for tasks to queue
[2025-04-27T14:00:20.111+0000] {logging_mixin.py:188} INFO - [2025-04-27T14:00:20.110+0000] {dagbag.py:538} INFO - Filling up the DagBag from /opt/airflow/dags/exampledag.py
[2025-04-27T14:00:20.146+0000] {processor.py:840} INFO - DAG(s) 'chethan_test_dag' retrieved from /opt/airflow/dags/exampledag.py
[2025-04-27T14:00:20.180+0000] {logging_mixin.py:188} INFO - [2025-04-27T14:00:20.180+0000] {dag.py:3036} INFO - Sync 1 DAGs
[2025-04-27T14:00:20.214+0000] {logging_mixin.py:188} INFO - [2025-04-27T14:00:20.213+0000] {dag.py:3823} INFO - Setting next_dagrun for chethan_test_dag to 2025-04-26 00:00:00+00:00, run_after=2025-04-27 00:00:00+00:00
[2025-04-27T14:00:20.242+0000] {processor.py:183} INFO - Processing /opt/airflow/dags/exampledag.py took 0.137 seconds
[2025-04-27T14:00:50.717+0000] {processor.py:161} INFO - Started process (PID=5000) to work on /opt/airflow/dags/exampledag.py
[2025-04-27T14:00:50.719+0000] {processor.py:830} INFO - Processing file /opt/airflow/dags/exampledag.py for tasks to queue
[2025-04-27T14:00:50.720+0000] {logging_mixin.py:188} INFO - [2025-04-27T14:00:50.720+0000] {dagbag.py:538} INFO - Filling up the DagBag from /opt/airflow/dags/exampledag.py
[2025-04-27T14:00:50.756+0000] {processor.py:840} INFO - DAG(s) 'chethan_test_dag' retrieved from /opt/airflow/dags/exampledag.py
[2025-04-27T14:00:50.796+0000] {logging_mixin.py:188} INFO - [2025-04-27T14:00:50.796+0000] {dag.py:3036} INFO - Sync 1 DAGs
[2025-04-27T14:00:50.833+0000] {logging_mixin.py:188} INFO - [2025-04-27T14:00:50.833+0000] {dag.py:3823} INFO - Setting next_dagrun for chethan_test_dag to 2025-04-26 00:00:00+00:00, run_after=2025-04-27 00:00:00+00:00
[2025-04-27T14:00:50.870+0000] {processor.py:183} INFO - Processing /opt/airflow/dags/exampledag.py took 0.156 seconds
[2025-04-27T14:01:20.943+0000] {processor.py:161} INFO - Started process (PID=5037) to work on /opt/airflow/dags/exampledag.py
[2025-04-27T14:01:20.944+0000] {processor.py:830} INFO - Processing file /opt/airflow/dags/exampledag.py for tasks to queue
[2025-04-27T14:01:20.945+0000] {logging_mixin.py:188} INFO - [2025-04-27T14:01:20.945+0000] {dagbag.py:538} INFO - Filling up the DagBag from /opt/airflow/dags/exampledag.py
[2025-04-27T14:01:20.981+0000] {processor.py:840} INFO - DAG(s) 'chethan_test_dag' retrieved from /opt/airflow/dags/exampledag.py
[2025-04-27T14:01:21.004+0000] {logging_mixin.py:188} INFO - [2025-04-27T14:01:21.004+0000] {dag.py:3036} INFO - Sync 1 DAGs
[2025-04-27T14:01:21.035+0000] {logging_mixin.py:188} INFO - [2025-04-27T14:01:21.035+0000] {dag.py:3823} INFO - Setting next_dagrun for chethan_test_dag to 2025-04-26 00:00:00+00:00, run_after=2025-04-27 00:00:00+00:00
[2025-04-27T14:01:21.058+0000] {processor.py:183} INFO - Processing /opt/airflow/dags/exampledag.py took 0.118 seconds
[2025-04-27T14:01:51.225+0000] {processor.py:161} INFO - Started process (PID=5080) to work on /opt/airflow/dags/exampledag.py
[2025-04-27T14:01:51.227+0000] {processor.py:830} INFO - Processing file /opt/airflow/dags/exampledag.py for tasks to queue
[2025-04-27T14:01:51.229+0000] {logging_mixin.py:188} INFO - [2025-04-27T14:01:51.228+0000] {dagbag.py:538} INFO - Filling up the DagBag from /opt/airflow/dags/exampledag.py
[2025-04-27T14:01:51.277+0000] {processor.py:840} INFO - DAG(s) 'chethan_test_dag' retrieved from /opt/airflow/dags/exampledag.py
[2025-04-27T14:01:51.313+0000] {logging_mixin.py:188} INFO - [2025-04-27T14:01:51.313+0000] {dag.py:3036} INFO - Sync 1 DAGs
[2025-04-27T14:01:51.336+0000] {logging_mixin.py:188} INFO - [2025-04-27T14:01:51.335+0000] {dag.py:3823} INFO - Setting next_dagrun for chethan_test_dag to 2025-04-26 00:00:00+00:00, run_after=2025-04-27 00:00:00+00:00
[2025-04-27T14:01:51.359+0000] {processor.py:183} INFO - Processing /opt/airflow/dags/exampledag.py took 0.138 seconds
[2025-04-27T14:02:22.348+0000] {processor.py:161} INFO - Started process (PID=5129) to work on /opt/airflow/dags/exampledag.py
[2025-04-27T14:02:22.349+0000] {processor.py:830} INFO - Processing file /opt/airflow/dags/exampledag.py for tasks to queue
[2025-04-27T14:02:22.350+0000] {logging_mixin.py:188} INFO - [2025-04-27T14:02:22.350+0000] {dagbag.py:538} INFO - Filling up the DagBag from /opt/airflow/dags/exampledag.py
[2025-04-27T14:02:22.385+0000] {processor.py:840} INFO - DAG(s) 'chethan_test_dag' retrieved from /opt/airflow/dags/exampledag.py
[2025-04-27T14:02:22.447+0000] {logging_mixin.py:188} INFO - [2025-04-27T14:02:22.446+0000] {dag.py:3036} INFO - Sync 1 DAGs
[2025-04-27T14:02:22.489+0000] {logging_mixin.py:188} INFO - [2025-04-27T14:02:22.489+0000] {dag.py:3823} INFO - Setting next_dagrun for chethan_test_dag to 2025-04-26 00:00:00+00:00, run_after=2025-04-27 00:00:00+00:00
[2025-04-27T14:02:22.517+0000] {processor.py:183} INFO - Processing /opt/airflow/dags/exampledag.py took 0.172 seconds
[2025-04-27T14:02:52.676+0000] {processor.py:161} INFO - Started process (PID=5172) to work on /opt/airflow/dags/exampledag.py
[2025-04-27T14:02:52.677+0000] {processor.py:830} INFO - Processing file /opt/airflow/dags/exampledag.py for tasks to queue
[2025-04-27T14:02:52.678+0000] {logging_mixin.py:188} INFO - [2025-04-27T14:02:52.677+0000] {dagbag.py:538} INFO - Filling up the DagBag from /opt/airflow/dags/exampledag.py
[2025-04-27T14:02:52.705+0000] {processor.py:840} INFO - DAG(s) 'chethan_test_dag' retrieved from /opt/airflow/dags/exampledag.py
[2025-04-27T14:02:52.729+0000] {logging_mixin.py:188} INFO - [2025-04-27T14:02:52.729+0000] {dag.py:3036} INFO - Sync 1 DAGs
[2025-04-27T14:02:52.766+0000] {logging_mixin.py:188} INFO - [2025-04-27T14:02:52.766+0000] {dag.py:3823} INFO - Setting next_dagrun for chethan_test_dag to 2025-04-26 00:00:00+00:00, run_after=2025-04-27 00:00:00+00:00
[2025-04-27T14:02:52.792+0000] {processor.py:183} INFO - Processing /opt/airflow/dags/exampledag.py took 0.119 seconds
[2025-04-27T14:03:22.855+0000] {processor.py:161} INFO - Started process (PID=5209) to work on /opt/airflow/dags/exampledag.py
[2025-04-27T14:03:22.857+0000] {processor.py:830} INFO - Processing file /opt/airflow/dags/exampledag.py for tasks to queue
[2025-04-27T14:03:22.858+0000] {logging_mixin.py:188} INFO - [2025-04-27T14:03:22.857+0000] {dagbag.py:538} INFO - Filling up the DagBag from /opt/airflow/dags/exampledag.py
[2025-04-27T14:03:22.891+0000] {processor.py:840} INFO - DAG(s) 'chethan_test_dag' retrieved from /opt/airflow/dags/exampledag.py
[2025-04-27T14:03:22.919+0000] {logging_mixin.py:188} INFO - [2025-04-27T14:03:22.918+0000] {dag.py:3036} INFO - Sync 1 DAGs
[2025-04-27T14:03:22.943+0000] {logging_mixin.py:188} INFO - [2025-04-27T14:03:22.943+0000] {dag.py:3823} INFO - Setting next_dagrun for chethan_test_dag to 2025-04-26 00:00:00+00:00, run_after=2025-04-27 00:00:00+00:00
[2025-04-27T14:03:22.965+0000] {processor.py:183} INFO - Processing /opt/airflow/dags/exampledag.py took 0.114 seconds
[2025-04-27T14:03:53.700+0000] {processor.py:161} INFO - Started process (PID=5258) to work on /opt/airflow/dags/exampledag.py
[2025-04-27T14:03:53.701+0000] {processor.py:830} INFO - Processing file /opt/airflow/dags/exampledag.py for tasks to queue
[2025-04-27T14:03:53.703+0000] {logging_mixin.py:188} INFO - [2025-04-27T14:03:53.703+0000] {dagbag.py:538} INFO - Filling up the DagBag from /opt/airflow/dags/exampledag.py
[2025-04-27T14:03:53.741+0000] {processor.py:840} INFO - DAG(s) 'chethan_test_dag' retrieved from /opt/airflow/dags/exampledag.py
[2025-04-27T14:03:53.768+0000] {logging_mixin.py:188} INFO - [2025-04-27T14:03:53.768+0000] {dag.py:3036} INFO - Sync 1 DAGs
[2025-04-27T14:03:53.798+0000] {logging_mixin.py:188} INFO - [2025-04-27T14:03:53.797+0000] {dag.py:3823} INFO - Setting next_dagrun for chethan_test_dag to 2025-04-26 00:00:00+00:00, run_after=2025-04-27 00:00:00+00:00
[2025-04-27T14:03:53.828+0000] {processor.py:183} INFO - Processing /opt/airflow/dags/exampledag.py took 0.131 seconds
[2025-04-27T14:04:24.293+0000] {processor.py:161} INFO - Started process (PID=5301) to work on /opt/airflow/dags/exampledag.py
[2025-04-27T14:04:24.294+0000] {processor.py:830} INFO - Processing file /opt/airflow/dags/exampledag.py for tasks to queue
[2025-04-27T14:04:24.296+0000] {logging_mixin.py:188} INFO - [2025-04-27T14:04:24.295+0000] {dagbag.py:538} INFO - Filling up the DagBag from /opt/airflow/dags/exampledag.py
[2025-04-27T14:04:24.339+0000] {processor.py:840} INFO - DAG(s) 'chethan_test_dag' retrieved from /opt/airflow/dags/exampledag.py
[2025-04-27T14:04:24.365+0000] {logging_mixin.py:188} INFO - [2025-04-27T14:04:24.365+0000] {dag.py:3036} INFO - Sync 1 DAGs
[2025-04-27T14:04:24.387+0000] {logging_mixin.py:188} INFO - [2025-04-27T14:04:24.386+0000] {dag.py:3823} INFO - Setting next_dagrun for chethan_test_dag to 2025-04-26 00:00:00+00:00, run_after=2025-04-27 00:00:00+00:00
[2025-04-27T14:04:24.412+0000] {processor.py:183} INFO - Processing /opt/airflow/dags/exampledag.py took 0.121 seconds
[2025-04-27T14:04:54.477+0000] {processor.py:161} INFO - Started process (PID=5344) to work on /opt/airflow/dags/exampledag.py
[2025-04-27T14:04:54.478+0000] {processor.py:830} INFO - Processing file /opt/airflow/dags/exampledag.py for tasks to queue
[2025-04-27T14:04:54.480+0000] {logging_mixin.py:188} INFO - [2025-04-27T14:04:54.479+0000] {dagbag.py:538} INFO - Filling up the DagBag from /opt/airflow/dags/exampledag.py
[2025-04-27T14:04:54.505+0000] {processor.py:840} INFO - DAG(s) 'chethan_test_dag' retrieved from /opt/airflow/dags/exampledag.py
[2025-04-27T14:04:54.528+0000] {logging_mixin.py:188} INFO - [2025-04-27T14:04:54.528+0000] {dag.py:3036} INFO - Sync 1 DAGs
[2025-04-27T14:04:54.553+0000] {logging_mixin.py:188} INFO - [2025-04-27T14:04:54.552+0000] {dag.py:3823} INFO - Setting next_dagrun for chethan_test_dag to 2025-04-26 00:00:00+00:00, run_after=2025-04-27 00:00:00+00:00
[2025-04-27T14:04:54.578+0000] {processor.py:183} INFO - Processing /opt/airflow/dags/exampledag.py took 0.103 seconds
[2025-04-27T14:05:25.147+0000] {processor.py:161} INFO - Started process (PID=5387) to work on /opt/airflow/dags/exampledag.py
[2025-04-27T14:05:25.148+0000] {processor.py:830} INFO - Processing file /opt/airflow/dags/exampledag.py for tasks to queue
[2025-04-27T14:05:25.149+0000] {logging_mixin.py:188} INFO - [2025-04-27T14:05:25.149+0000] {dagbag.py:538} INFO - Filling up the DagBag from /opt/airflow/dags/exampledag.py
[2025-04-27T14:05:25.187+0000] {processor.py:840} INFO - DAG(s) 'chethan_test_dag' retrieved from /opt/airflow/dags/exampledag.py
[2025-04-27T14:05:25.213+0000] {logging_mixin.py:188} INFO - [2025-04-27T14:05:25.213+0000] {dag.py:3036} INFO - Sync 1 DAGs
[2025-04-27T14:05:25.235+0000] {logging_mixin.py:188} INFO - [2025-04-27T14:05:25.235+0000] {dag.py:3823} INFO - Setting next_dagrun for chethan_test_dag to 2025-04-26 00:00:00+00:00, run_after=2025-04-27 00:00:00+00:00
[2025-04-27T14:05:25.255+0000] {processor.py:183} INFO - Processing /opt/airflow/dags/exampledag.py took 0.111 seconds
[2025-04-27T14:05:55.516+0000] {processor.py:161} INFO - Started process (PID=5430) to work on /opt/airflow/dags/exampledag.py
[2025-04-27T14:05:55.518+0000] {processor.py:830} INFO - Processing file /opt/airflow/dags/exampledag.py for tasks to queue
[2025-04-27T14:05:55.519+0000] {logging_mixin.py:188} INFO - [2025-04-27T14:05:55.519+0000] {dagbag.py:538} INFO - Filling up the DagBag from /opt/airflow/dags/exampledag.py
[2025-04-27T14:05:55.555+0000] {processor.py:840} INFO - DAG(s) 'chethan_test_dag' retrieved from /opt/airflow/dags/exampledag.py
[2025-04-27T14:05:55.586+0000] {logging_mixin.py:188} INFO - [2025-04-27T14:05:55.585+0000] {dag.py:3036} INFO - Sync 1 DAGs
[2025-04-27T14:05:55.608+0000] {logging_mixin.py:188} INFO - [2025-04-27T14:05:55.608+0000] {dag.py:3823} INFO - Setting next_dagrun for chethan_test_dag to 2025-04-26 00:00:00+00:00, run_after=2025-04-27 00:00:00+00:00
[2025-04-27T14:05:55.635+0000] {processor.py:183} INFO - Processing /opt/airflow/dags/exampledag.py took 0.122 seconds
[2025-04-27T14:06:25.951+0000] {processor.py:161} INFO - Started process (PID=5472) to work on /opt/airflow/dags/exampledag.py
[2025-04-27T14:06:25.952+0000] {processor.py:830} INFO - Processing file /opt/airflow/dags/exampledag.py for tasks to queue
[2025-04-27T14:06:25.954+0000] {logging_mixin.py:188} INFO - [2025-04-27T14:06:25.953+0000] {dagbag.py:538} INFO - Filling up the DagBag from /opt/airflow/dags/exampledag.py
[2025-04-27T14:06:25.983+0000] {processor.py:840} INFO - DAG(s) 'chethan_test_dag' retrieved from /opt/airflow/dags/exampledag.py
[2025-04-27T14:06:26.007+0000] {logging_mixin.py:188} INFO - [2025-04-27T14:06:26.007+0000] {dag.py:3036} INFO - Sync 1 DAGs
[2025-04-27T14:06:26.028+0000] {logging_mixin.py:188} INFO - [2025-04-27T14:06:26.027+0000] {dag.py:3823} INFO - Setting next_dagrun for chethan_test_dag to 2025-04-26 00:00:00+00:00, run_after=2025-04-27 00:00:00+00:00
[2025-04-27T14:06:26.056+0000] {processor.py:183} INFO - Processing /opt/airflow/dags/exampledag.py took 0.108 seconds
[2025-04-27T14:06:56.620+0000] {processor.py:161} INFO - Started process (PID=5516) to work on /opt/airflow/dags/exampledag.py
[2025-04-27T14:06:56.623+0000] {processor.py:830} INFO - Processing file /opt/airflow/dags/exampledag.py for tasks to queue
[2025-04-27T14:06:56.624+0000] {logging_mixin.py:188} INFO - [2025-04-27T14:06:56.624+0000] {dagbag.py:538} INFO - Filling up the DagBag from /opt/airflow/dags/exampledag.py
[2025-04-27T14:06:56.659+0000] {processor.py:840} INFO - DAG(s) 'chethan_test_dag' retrieved from /opt/airflow/dags/exampledag.py
[2025-04-27T14:06:56.689+0000] {logging_mixin.py:188} INFO - [2025-04-27T14:06:56.689+0000] {dag.py:3036} INFO - Sync 1 DAGs
[2025-04-27T14:06:56.713+0000] {logging_mixin.py:188} INFO - [2025-04-27T14:06:56.713+0000] {dag.py:3823} INFO - Setting next_dagrun for chethan_test_dag to 2025-04-26 00:00:00+00:00, run_after=2025-04-27 00:00:00+00:00
[2025-04-27T14:06:56.734+0000] {processor.py:183} INFO - Processing /opt/airflow/dags/exampledag.py took 0.117 seconds
[2025-04-27T14:07:27.854+0000] {processor.py:161} INFO - Started process (PID=5560) to work on /opt/airflow/dags/exampledag.py
[2025-04-27T14:07:27.856+0000] {processor.py:830} INFO - Processing file /opt/airflow/dags/exampledag.py for tasks to queue
[2025-04-27T14:07:27.857+0000] {logging_mixin.py:188} INFO - [2025-04-27T14:07:27.857+0000] {dagbag.py:538} INFO - Filling up the DagBag from /opt/airflow/dags/exampledag.py
[2025-04-27T14:07:27.891+0000] {processor.py:840} INFO - DAG(s) 'chethan_test_dag' retrieved from /opt/airflow/dags/exampledag.py
[2025-04-27T14:07:27.926+0000] {logging_mixin.py:188} INFO - [2025-04-27T14:07:27.926+0000] {dag.py:3036} INFO - Sync 1 DAGs
[2025-04-27T14:07:27.959+0000] {logging_mixin.py:188} INFO - [2025-04-27T14:07:27.959+0000] {dag.py:3823} INFO - Setting next_dagrun for chethan_test_dag to 2025-04-26 00:00:00+00:00, run_after=2025-04-27 00:00:00+00:00
[2025-04-27T14:07:27.990+0000] {processor.py:183} INFO - Processing /opt/airflow/dags/exampledag.py took 0.138 seconds
[2025-04-27T14:07:58.367+0000] {processor.py:161} INFO - Started process (PID=5604) to work on /opt/airflow/dags/exampledag.py
[2025-04-27T14:07:58.369+0000] {processor.py:830} INFO - Processing file /opt/airflow/dags/exampledag.py for tasks to queue
[2025-04-27T14:07:58.370+0000] {logging_mixin.py:188} INFO - [2025-04-27T14:07:58.370+0000] {dagbag.py:538} INFO - Filling up the DagBag from /opt/airflow/dags/exampledag.py
[2025-04-27T14:07:58.404+0000] {processor.py:840} INFO - DAG(s) 'chethan_test_dag' retrieved from /opt/airflow/dags/exampledag.py
[2025-04-27T14:07:58.441+0000] {logging_mixin.py:188} INFO - [2025-04-27T14:07:58.441+0000] {dag.py:3036} INFO - Sync 1 DAGs
[2025-04-27T14:07:58.477+0000] {logging_mixin.py:188} INFO - [2025-04-27T14:07:58.476+0000] {dag.py:3823} INFO - Setting next_dagrun for chethan_test_dag to 2025-04-26 00:00:00+00:00, run_after=2025-04-27 00:00:00+00:00
[2025-04-27T14:07:58.506+0000] {processor.py:183} INFO - Processing /opt/airflow/dags/exampledag.py took 0.143 seconds
[2025-04-27T14:08:29.071+0000] {processor.py:161} INFO - Started process (PID=5645) to work on /opt/airflow/dags/exampledag.py
[2025-04-27T14:08:29.072+0000] {processor.py:830} INFO - Processing file /opt/airflow/dags/exampledag.py for tasks to queue
[2025-04-27T14:08:29.073+0000] {logging_mixin.py:188} INFO - [2025-04-27T14:08:29.073+0000] {dagbag.py:538} INFO - Filling up the DagBag from /opt/airflow/dags/exampledag.py
[2025-04-27T14:08:29.107+0000] {processor.py:840} INFO - DAG(s) 'chethan_test_dag' retrieved from /opt/airflow/dags/exampledag.py
[2025-04-27T14:08:29.138+0000] {logging_mixin.py:188} INFO - [2025-04-27T14:08:29.138+0000] {dag.py:3036} INFO - Sync 1 DAGs
[2025-04-27T14:08:29.160+0000] {logging_mixin.py:188} INFO - [2025-04-27T14:08:29.160+0000] {dag.py:3823} INFO - Setting next_dagrun for chethan_test_dag to 2025-04-26 00:00:00+00:00, run_after=2025-04-27 00:00:00+00:00
[2025-04-27T14:08:29.183+0000] {processor.py:183} INFO - Processing /opt/airflow/dags/exampledag.py took 0.116 seconds
[2025-04-27T14:08:59.310+0000] {processor.py:161} INFO - Started process (PID=5687) to work on /opt/airflow/dags/exampledag.py
[2025-04-27T14:08:59.311+0000] {processor.py:830} INFO - Processing file /opt/airflow/dags/exampledag.py for tasks to queue
[2025-04-27T14:08:59.313+0000] {logging_mixin.py:188} INFO - [2025-04-27T14:08:59.312+0000] {dagbag.py:538} INFO - Filling up the DagBag from /opt/airflow/dags/exampledag.py
[2025-04-27T14:08:59.344+0000] {processor.py:840} INFO - DAG(s) 'chethan_test_dag' retrieved from /opt/airflow/dags/exampledag.py
[2025-04-27T14:08:59.369+0000] {logging_mixin.py:188} INFO - [2025-04-27T14:08:59.369+0000] {dag.py:3036} INFO - Sync 1 DAGs
[2025-04-27T14:08:59.391+0000] {logging_mixin.py:188} INFO - [2025-04-27T14:08:59.390+0000] {dag.py:3823} INFO - Setting next_dagrun for chethan_test_dag to 2025-04-26 00:00:00+00:00, run_after=2025-04-27 00:00:00+00:00
[2025-04-27T14:08:59.412+0000] {processor.py:183} INFO - Processing /opt/airflow/dags/exampledag.py took 0.106 seconds
[2025-04-27T14:09:29.774+0000] {processor.py:161} INFO - Started process (PID=5725) to work on /opt/airflow/dags/exampledag.py
[2025-04-27T14:09:29.776+0000] {processor.py:830} INFO - Processing file /opt/airflow/dags/exampledag.py for tasks to queue
[2025-04-27T14:09:29.778+0000] {logging_mixin.py:188} INFO - [2025-04-27T14:09:29.777+0000] {dagbag.py:538} INFO - Filling up the DagBag from /opt/airflow/dags/exampledag.py
[2025-04-27T14:09:29.819+0000] {processor.py:840} INFO - DAG(s) 'chethan_test_dag' retrieved from /opt/airflow/dags/exampledag.py
[2025-04-27T14:09:29.848+0000] {logging_mixin.py:188} INFO - [2025-04-27T14:09:29.848+0000] {dag.py:3036} INFO - Sync 1 DAGs
[2025-04-27T14:09:29.868+0000] {logging_mixin.py:188} INFO - [2025-04-27T14:09:29.868+0000] {dag.py:3823} INFO - Setting next_dagrun for chethan_test_dag to 2025-04-26 00:00:00+00:00, run_after=2025-04-27 00:00:00+00:00
[2025-04-27T14:09:29.887+0000] {processor.py:183} INFO - Processing /opt/airflow/dags/exampledag.py took 0.118 seconds
[2025-04-27T14:10:00.618+0000] {processor.py:161} INFO - Started process (PID=5774) to work on /opt/airflow/dags/exampledag.py
[2025-04-27T14:10:00.619+0000] {processor.py:830} INFO - Processing file /opt/airflow/dags/exampledag.py for tasks to queue
[2025-04-27T14:10:00.620+0000] {logging_mixin.py:188} INFO - [2025-04-27T14:10:00.620+0000] {dagbag.py:538} INFO - Filling up the DagBag from /opt/airflow/dags/exampledag.py
[2025-04-27T14:10:00.653+0000] {processor.py:840} INFO - DAG(s) 'chethan_test_dag' retrieved from /opt/airflow/dags/exampledag.py
[2025-04-27T14:10:00.677+0000] {logging_mixin.py:188} INFO - [2025-04-27T14:10:00.677+0000] {dag.py:3036} INFO - Sync 1 DAGs
[2025-04-27T14:10:00.700+0000] {logging_mixin.py:188} INFO - [2025-04-27T14:10:00.700+0000] {dag.py:3823} INFO - Setting next_dagrun for chethan_test_dag to 2025-04-26 00:00:00+00:00, run_after=2025-04-27 00:00:00+00:00
[2025-04-27T14:10:00.723+0000] {processor.py:183} INFO - Processing /opt/airflow/dags/exampledag.py took 0.108 seconds
[2025-04-27T14:10:30.992+0000] {processor.py:161} INFO - Started process (PID=5816) to work on /opt/airflow/dags/exampledag.py
[2025-04-27T14:10:30.993+0000] {processor.py:830} INFO - Processing file /opt/airflow/dags/exampledag.py for tasks to queue
[2025-04-27T14:10:30.994+0000] {logging_mixin.py:188} INFO - [2025-04-27T14:10:30.993+0000] {dagbag.py:538} INFO - Filling up the DagBag from /opt/airflow/dags/exampledag.py
[2025-04-27T14:10:31.018+0000] {processor.py:840} INFO - DAG(s) 'chethan_test_dag' retrieved from /opt/airflow/dags/exampledag.py
[2025-04-27T14:10:31.048+0000] {logging_mixin.py:188} INFO - [2025-04-27T14:10:31.048+0000] {dag.py:3036} INFO - Sync 1 DAGs
[2025-04-27T14:10:31.074+0000] {logging_mixin.py:188} INFO - [2025-04-27T14:10:31.073+0000] {dag.py:3823} INFO - Setting next_dagrun for chethan_test_dag to 2025-04-26 00:00:00+00:00, run_after=2025-04-27 00:00:00+00:00
[2025-04-27T14:10:31.099+0000] {processor.py:183} INFO - Processing /opt/airflow/dags/exampledag.py took 0.109 seconds
[2025-04-27T14:11:01.531+0000] {processor.py:161} INFO - Started process (PID=5854) to work on /opt/airflow/dags/exampledag.py
[2025-04-27T14:11:01.532+0000] {processor.py:830} INFO - Processing file /opt/airflow/dags/exampledag.py for tasks to queue
[2025-04-27T14:11:01.534+0000] {logging_mixin.py:188} INFO - [2025-04-27T14:11:01.533+0000] {dagbag.py:538} INFO - Filling up the DagBag from /opt/airflow/dags/exampledag.py
[2025-04-27T14:11:01.569+0000] {processor.py:840} INFO - DAG(s) 'chethan_test_dag' retrieved from /opt/airflow/dags/exampledag.py
[2025-04-27T14:11:01.597+0000] {logging_mixin.py:188} INFO - [2025-04-27T14:11:01.597+0000] {dag.py:3036} INFO - Sync 1 DAGs
[2025-04-27T14:11:01.623+0000] {logging_mixin.py:188} INFO - [2025-04-27T14:11:01.623+0000] {dag.py:3823} INFO - Setting next_dagrun for chethan_test_dag to 2025-04-26 00:00:00+00:00, run_after=2025-04-27 00:00:00+00:00
[2025-04-27T14:11:01.654+0000] {processor.py:183} INFO - Processing /opt/airflow/dags/exampledag.py took 0.127 seconds
[2025-04-27T14:11:32.475+0000] {processor.py:161} INFO - Started process (PID=5903) to work on /opt/airflow/dags/exampledag.py
[2025-04-27T14:11:32.476+0000] {processor.py:830} INFO - Processing file /opt/airflow/dags/exampledag.py for tasks to queue
[2025-04-27T14:11:32.477+0000] {logging_mixin.py:188} INFO - [2025-04-27T14:11:32.477+0000] {dagbag.py:538} INFO - Filling up the DagBag from /opt/airflow/dags/exampledag.py
[2025-04-27T14:11:32.510+0000] {processor.py:840} INFO - DAG(s) 'chethan_test_dag' retrieved from /opt/airflow/dags/exampledag.py
[2025-04-27T14:11:32.540+0000] {logging_mixin.py:188} INFO - [2025-04-27T14:11:32.540+0000] {dag.py:3036} INFO - Sync 1 DAGs
[2025-04-27T14:11:32.566+0000] {logging_mixin.py:188} INFO - [2025-04-27T14:11:32.566+0000] {dag.py:3823} INFO - Setting next_dagrun for chethan_test_dag to 2025-04-26 00:00:00+00:00, run_after=2025-04-27 00:00:00+00:00
[2025-04-27T14:11:32.592+0000] {processor.py:183} INFO - Processing /opt/airflow/dags/exampledag.py took 0.120 seconds
[2025-04-27T14:12:02.954+0000] {processor.py:161} INFO - Started process (PID=5946) to work on /opt/airflow/dags/exampledag.py
[2025-04-27T14:12:02.956+0000] {processor.py:830} INFO - Processing file /opt/airflow/dags/exampledag.py for tasks to queue
[2025-04-27T14:12:02.959+0000] {logging_mixin.py:188} INFO - [2025-04-27T14:12:02.959+0000] {dagbag.py:538} INFO - Filling up the DagBag from /opt/airflow/dags/exampledag.py
[2025-04-27T14:12:02.998+0000] {processor.py:840} INFO - DAG(s) 'chethan_test_dag' retrieved from /opt/airflow/dags/exampledag.py
[2025-04-27T14:12:03.031+0000] {logging_mixin.py:188} INFO - [2025-04-27T14:12:03.031+0000] {dag.py:3036} INFO - Sync 1 DAGs
[2025-04-27T14:12:03.060+0000] {logging_mixin.py:188} INFO - [2025-04-27T14:12:03.059+0000] {dag.py:3823} INFO - Setting next_dagrun for chethan_test_dag to 2025-04-26 00:00:00+00:00, run_after=2025-04-27 00:00:00+00:00
[2025-04-27T14:12:03.090+0000] {processor.py:183} INFO - Processing /opt/airflow/dags/exampledag.py took 0.140 seconds
[2025-04-27T14:12:33.661+0000] {processor.py:161} INFO - Started process (PID=5989) to work on /opt/airflow/dags/exampledag.py
[2025-04-27T14:12:33.662+0000] {processor.py:830} INFO - Processing file /opt/airflow/dags/exampledag.py for tasks to queue
[2025-04-27T14:12:33.664+0000] {logging_mixin.py:188} INFO - [2025-04-27T14:12:33.663+0000] {dagbag.py:538} INFO - Filling up the DagBag from /opt/airflow/dags/exampledag.py
[2025-04-27T14:12:33.702+0000] {processor.py:840} INFO - DAG(s) 'chethan_test_dag' retrieved from /opt/airflow/dags/exampledag.py
[2025-04-27T14:12:33.729+0000] {logging_mixin.py:188} INFO - [2025-04-27T14:12:33.729+0000] {dag.py:3036} INFO - Sync 1 DAGs
[2025-04-27T14:12:33.753+0000] {logging_mixin.py:188} INFO - [2025-04-27T14:12:33.752+0000] {dag.py:3823} INFO - Setting next_dagrun for chethan_test_dag to 2025-04-26 00:00:00+00:00, run_after=2025-04-27 00:00:00+00:00
[2025-04-27T14:12:33.773+0000] {processor.py:183} INFO - Processing /opt/airflow/dags/exampledag.py took 0.115 seconds
[2025-04-27T14:13:04.221+0000] {processor.py:161} INFO - Started process (PID=6032) to work on /opt/airflow/dags/exampledag.py
[2025-04-27T14:13:04.222+0000] {processor.py:830} INFO - Processing file /opt/airflow/dags/exampledag.py for tasks to queue
[2025-04-27T14:13:04.223+0000] {logging_mixin.py:188} INFO - [2025-04-27T14:13:04.223+0000] {dagbag.py:538} INFO - Filling up the DagBag from /opt/airflow/dags/exampledag.py
[2025-04-27T14:13:04.259+0000] {processor.py:840} INFO - DAG(s) 'chethan_test_dag' retrieved from /opt/airflow/dags/exampledag.py
[2025-04-27T14:13:04.292+0000] {logging_mixin.py:188} INFO - [2025-04-27T14:13:04.291+0000] {dag.py:3036} INFO - Sync 1 DAGs
[2025-04-27T14:13:04.318+0000] {logging_mixin.py:188} INFO - [2025-04-27T14:13:04.318+0000] {dag.py:3823} INFO - Setting next_dagrun for chethan_test_dag to 2025-04-26 00:00:00+00:00, run_after=2025-04-27 00:00:00+00:00
[2025-04-27T14:13:04.340+0000] {processor.py:183} INFO - Processing /opt/airflow/dags/exampledag.py took 0.123 seconds
[2025-04-27T14:13:34.426+0000] {processor.py:161} INFO - Started process (PID=6071) to work on /opt/airflow/dags/exampledag.py
[2025-04-27T14:13:34.428+0000] {processor.py:830} INFO - Processing file /opt/airflow/dags/exampledag.py for tasks to queue
[2025-04-27T14:13:34.429+0000] {logging_mixin.py:188} INFO - [2025-04-27T14:13:34.428+0000] {dagbag.py:538} INFO - Filling up the DagBag from /opt/airflow/dags/exampledag.py
[2025-04-27T14:13:34.457+0000] {processor.py:840} INFO - DAG(s) 'chethan_test_dag' retrieved from /opt/airflow/dags/exampledag.py
[2025-04-27T14:13:34.490+0000] {logging_mixin.py:188} INFO - [2025-04-27T14:13:34.490+0000] {dag.py:3036} INFO - Sync 1 DAGs
[2025-04-27T14:13:34.518+0000] {logging_mixin.py:188} INFO - [2025-04-27T14:13:34.518+0000] {dag.py:3823} INFO - Setting next_dagrun for chethan_test_dag to 2025-04-26 00:00:00+00:00, run_after=2025-04-27 00:00:00+00:00
[2025-04-27T14:13:34.544+0000] {processor.py:183} INFO - Processing /opt/airflow/dags/exampledag.py took 0.121 seconds
[2025-04-27T14:14:04.985+0000] {processor.py:161} INFO - Started process (PID=6114) to work on /opt/airflow/dags/exampledag.py
[2025-04-27T14:14:04.986+0000] {processor.py:830} INFO - Processing file /opt/airflow/dags/exampledag.py for tasks to queue
[2025-04-27T14:14:04.987+0000] {logging_mixin.py:188} INFO - [2025-04-27T14:14:04.987+0000] {dagbag.py:538} INFO - Filling up the DagBag from /opt/airflow/dags/exampledag.py
[2025-04-27T14:14:05.017+0000] {processor.py:840} INFO - DAG(s) 'chethan_test_dag' retrieved from /opt/airflow/dags/exampledag.py
[2025-04-27T14:14:05.044+0000] {logging_mixin.py:188} INFO - [2025-04-27T14:14:05.044+0000] {dag.py:3036} INFO - Sync 1 DAGs
[2025-04-27T14:14:05.068+0000] {logging_mixin.py:188} INFO - [2025-04-27T14:14:05.067+0000] {dag.py:3823} INFO - Setting next_dagrun for chethan_test_dag to 2025-04-26 00:00:00+00:00, run_after=2025-04-27 00:00:00+00:00
[2025-04-27T14:14:05.095+0000] {processor.py:183} INFO - Processing /opt/airflow/dags/exampledag.py took 0.113 seconds
[2025-04-27T14:14:35.380+0000] {processor.py:161} INFO - Started process (PID=6155) to work on /opt/airflow/dags/exampledag.py
[2025-04-27T14:14:35.381+0000] {processor.py:830} INFO - Processing file /opt/airflow/dags/exampledag.py for tasks to queue
[2025-04-27T14:14:35.383+0000] {logging_mixin.py:188} INFO - [2025-04-27T14:14:35.382+0000] {dagbag.py:538} INFO - Filling up the DagBag from /opt/airflow/dags/exampledag.py
[2025-04-27T14:14:35.415+0000] {processor.py:840} INFO - DAG(s) 'chethan_test_dag' retrieved from /opt/airflow/dags/exampledag.py
[2025-04-27T14:14:35.439+0000] {logging_mixin.py:188} INFO - [2025-04-27T14:14:35.439+0000] {dag.py:3036} INFO - Sync 1 DAGs
[2025-04-27T14:14:35.459+0000] {logging_mixin.py:188} INFO - [2025-04-27T14:14:35.459+0000] {dag.py:3823} INFO - Setting next_dagrun for chethan_test_dag to 2025-04-26 00:00:00+00:00, run_after=2025-04-27 00:00:00+00:00
[2025-04-27T14:14:35.481+0000] {processor.py:183} INFO - Processing /opt/airflow/dags/exampledag.py took 0.103 seconds
[2025-04-27T14:15:05.589+0000] {processor.py:161} INFO - Started process (PID=6198) to work on /opt/airflow/dags/exampledag.py
[2025-04-27T14:15:05.590+0000] {processor.py:830} INFO - Processing file /opt/airflow/dags/exampledag.py for tasks to queue
[2025-04-27T14:15:05.591+0000] {logging_mixin.py:188} INFO - [2025-04-27T14:15:05.591+0000] {dagbag.py:538} INFO - Filling up the DagBag from /opt/airflow/dags/exampledag.py
[2025-04-27T14:15:05.615+0000] {processor.py:840} INFO - DAG(s) 'chethan_test_dag' retrieved from /opt/airflow/dags/exampledag.py
[2025-04-27T14:15:05.636+0000] {logging_mixin.py:188} INFO - [2025-04-27T14:15:05.636+0000] {dag.py:3036} INFO - Sync 1 DAGs
[2025-04-27T14:15:05.655+0000] {logging_mixin.py:188} INFO - [2025-04-27T14:15:05.655+0000] {dag.py:3823} INFO - Setting next_dagrun for chethan_test_dag to 2025-04-26 00:00:00+00:00, run_after=2025-04-27 00:00:00+00:00
[2025-04-27T14:15:05.673+0000] {processor.py:183} INFO - Processing /opt/airflow/dags/exampledag.py took 0.086 seconds
[2025-04-27T14:15:35.943+0000] {processor.py:161} INFO - Started process (PID=6241) to work on /opt/airflow/dags/exampledag.py
[2025-04-27T14:15:35.944+0000] {processor.py:830} INFO - Processing file /opt/airflow/dags/exampledag.py for tasks to queue
[2025-04-27T14:15:35.945+0000] {logging_mixin.py:188} INFO - [2025-04-27T14:15:35.944+0000] {dagbag.py:538} INFO - Filling up the DagBag from /opt/airflow/dags/exampledag.py
[2025-04-27T14:15:35.971+0000] {processor.py:840} INFO - DAG(s) 'chethan_test_dag' retrieved from /opt/airflow/dags/exampledag.py
[2025-04-27T14:15:35.997+0000] {logging_mixin.py:188} INFO - [2025-04-27T14:15:35.997+0000] {dag.py:3036} INFO - Sync 1 DAGs
[2025-04-27T14:15:36.016+0000] {logging_mixin.py:188} INFO - [2025-04-27T14:15:36.016+0000] {dag.py:3823} INFO - Setting next_dagrun for chethan_test_dag to 2025-04-26 00:00:00+00:00, run_after=2025-04-27 00:00:00+00:00
[2025-04-27T14:15:36.033+0000] {processor.py:183} INFO - Processing /opt/airflow/dags/exampledag.py took 0.092 seconds
[2025-04-27T14:16:06.563+0000] {processor.py:161} INFO - Started process (PID=6284) to work on /opt/airflow/dags/exampledag.py
[2025-04-27T14:16:06.564+0000] {processor.py:830} INFO - Processing file /opt/airflow/dags/exampledag.py for tasks to queue
[2025-04-27T14:16:06.565+0000] {logging_mixin.py:188} INFO - [2025-04-27T14:16:06.565+0000] {dagbag.py:538} INFO - Filling up the DagBag from /opt/airflow/dags/exampledag.py
[2025-04-27T14:16:06.591+0000] {processor.py:840} INFO - DAG(s) 'chethan_test_dag' retrieved from /opt/airflow/dags/exampledag.py
[2025-04-27T14:16:06.614+0000] {logging_mixin.py:188} INFO - [2025-04-27T14:16:06.613+0000] {dag.py:3036} INFO - Sync 1 DAGs
[2025-04-27T14:16:06.634+0000] {logging_mixin.py:188} INFO - [2025-04-27T14:16:06.633+0000] {dag.py:3823} INFO - Setting next_dagrun for chethan_test_dag to 2025-04-26 00:00:00+00:00, run_after=2025-04-27 00:00:00+00:00
[2025-04-27T14:16:06.648+0000] {processor.py:183} INFO - Processing /opt/airflow/dags/exampledag.py took 0.088 seconds
[2025-04-27T14:16:36.920+0000] {processor.py:161} INFO - Started process (PID=6327) to work on /opt/airflow/dags/exampledag.py
[2025-04-27T14:16:36.921+0000] {processor.py:830} INFO - Processing file /opt/airflow/dags/exampledag.py for tasks to queue
[2025-04-27T14:16:36.922+0000] {logging_mixin.py:188} INFO - [2025-04-27T14:16:36.922+0000] {dagbag.py:538} INFO - Filling up the DagBag from /opt/airflow/dags/exampledag.py
[2025-04-27T14:16:36.947+0000] {processor.py:840} INFO - DAG(s) 'chethan_test_dag' retrieved from /opt/airflow/dags/exampledag.py
[2025-04-27T14:16:36.968+0000] {logging_mixin.py:188} INFO - [2025-04-27T14:16:36.968+0000] {dag.py:3036} INFO - Sync 1 DAGs
[2025-04-27T14:16:36.986+0000] {logging_mixin.py:188} INFO - [2025-04-27T14:16:36.986+0000] {dag.py:3823} INFO - Setting next_dagrun for chethan_test_dag to 2025-04-26 00:00:00+00:00, run_after=2025-04-27 00:00:00+00:00
[2025-04-27T14:16:37.003+0000] {processor.py:183} INFO - Processing /opt/airflow/dags/exampledag.py took 0.085 seconds
[2025-04-27T14:17:07.064+0000] {processor.py:161} INFO - Started process (PID=6367) to work on /opt/airflow/dags/exampledag.py
[2025-04-27T14:17:07.065+0000] {processor.py:830} INFO - Processing file /opt/airflow/dags/exampledag.py for tasks to queue
[2025-04-27T14:17:07.066+0000] {logging_mixin.py:188} INFO - [2025-04-27T14:17:07.065+0000] {dagbag.py:538} INFO - Filling up the DagBag from /opt/airflow/dags/exampledag.py
[2025-04-27T14:17:07.087+0000] {processor.py:840} INFO - DAG(s) 'chethan_test_dag' retrieved from /opt/airflow/dags/exampledag.py
[2025-04-27T14:17:07.107+0000] {logging_mixin.py:188} INFO - [2025-04-27T14:17:07.107+0000] {dag.py:3036} INFO - Sync 1 DAGs
[2025-04-27T14:17:07.123+0000] {logging_mixin.py:188} INFO - [2025-04-27T14:17:07.123+0000] {dag.py:3823} INFO - Setting next_dagrun for chethan_test_dag to 2025-04-26 00:00:00+00:00, run_after=2025-04-27 00:00:00+00:00
[2025-04-27T14:17:07.137+0000] {processor.py:183} INFO - Processing /opt/airflow/dags/exampledag.py took 0.076 seconds
[2025-04-27T14:17:37.837+0000] {processor.py:161} INFO - Started process (PID=6413) to work on /opt/airflow/dags/exampledag.py
[2025-04-27T14:17:37.838+0000] {processor.py:830} INFO - Processing file /opt/airflow/dags/exampledag.py for tasks to queue
[2025-04-27T14:17:37.839+0000] {logging_mixin.py:188} INFO - [2025-04-27T14:17:37.839+0000] {dagbag.py:538} INFO - Filling up the DagBag from /opt/airflow/dags/exampledag.py
[2025-04-27T14:17:37.871+0000] {processor.py:840} INFO - DAG(s) 'chethan_test_dag' retrieved from /opt/airflow/dags/exampledag.py
[2025-04-27T14:17:37.915+0000] {logging_mixin.py:188} INFO - [2025-04-27T14:17:37.915+0000] {dag.py:3036} INFO - Sync 1 DAGs
[2025-04-27T14:17:37.941+0000] {logging_mixin.py:188} INFO - [2025-04-27T14:17:37.941+0000] {dag.py:3823} INFO - Setting next_dagrun for chethan_test_dag to 2025-04-26 00:00:00+00:00, run_after=2025-04-27 00:00:00+00:00
[2025-04-27T14:17:37.965+0000] {processor.py:183} INFO - Processing /opt/airflow/dags/exampledag.py took 0.131 seconds
[2025-04-27T14:18:08.250+0000] {processor.py:161} INFO - Started process (PID=6456) to work on /opt/airflow/dags/exampledag.py
[2025-04-27T14:18:08.251+0000] {processor.py:830} INFO - Processing file /opt/airflow/dags/exampledag.py for tasks to queue
[2025-04-27T14:18:08.252+0000] {logging_mixin.py:188} INFO - [2025-04-27T14:18:08.252+0000] {dagbag.py:538} INFO - Filling up the DagBag from /opt/airflow/dags/exampledag.py
[2025-04-27T14:18:08.278+0000] {processor.py:840} INFO - DAG(s) 'chethan_test_dag' retrieved from /opt/airflow/dags/exampledag.py
[2025-04-27T14:18:08.300+0000] {logging_mixin.py:188} INFO - [2025-04-27T14:18:08.300+0000] {dag.py:3036} INFO - Sync 1 DAGs
[2025-04-27T14:18:08.319+0000] {logging_mixin.py:188} INFO - [2025-04-27T14:18:08.319+0000] {dag.py:3823} INFO - Setting next_dagrun for chethan_test_dag to 2025-04-26 00:00:00+00:00, run_after=2025-04-27 00:00:00+00:00
[2025-04-27T14:18:08.339+0000] {processor.py:183} INFO - Processing /opt/airflow/dags/exampledag.py took 0.092 seconds
[2025-04-27T14:18:38.424+0000] {processor.py:161} INFO - Started process (PID=6499) to work on /opt/airflow/dags/exampledag.py
[2025-04-27T14:18:38.425+0000] {processor.py:830} INFO - Processing file /opt/airflow/dags/exampledag.py for tasks to queue
[2025-04-27T14:18:38.426+0000] {logging_mixin.py:188} INFO - [2025-04-27T14:18:38.426+0000] {dagbag.py:538} INFO - Filling up the DagBag from /opt/airflow/dags/exampledag.py
[2025-04-27T14:18:38.448+0000] {processor.py:840} INFO - DAG(s) 'chethan_test_dag' retrieved from /opt/airflow/dags/exampledag.py
[2025-04-27T14:18:38.471+0000] {logging_mixin.py:188} INFO - [2025-04-27T14:18:38.471+0000] {dag.py:3036} INFO - Sync 1 DAGs
[2025-04-27T14:18:38.492+0000] {logging_mixin.py:188} INFO - [2025-04-27T14:18:38.491+0000] {dag.py:3823} INFO - Setting next_dagrun for chethan_test_dag to 2025-04-26 00:00:00+00:00, run_after=2025-04-27 00:00:00+00:00
[2025-04-27T14:18:38.513+0000] {processor.py:183} INFO - Processing /opt/airflow/dags/exampledag.py took 0.091 seconds
[2025-04-27T14:19:09.272+0000] {processor.py:161} INFO - Started process (PID=6542) to work on /opt/airflow/dags/exampledag.py
[2025-04-27T14:19:09.274+0000] {processor.py:830} INFO - Processing file /opt/airflow/dags/exampledag.py for tasks to queue
[2025-04-27T14:19:09.278+0000] {logging_mixin.py:188} INFO - [2025-04-27T14:19:09.277+0000] {dagbag.py:538} INFO - Filling up the DagBag from /opt/airflow/dags/exampledag.py
[2025-04-27T14:19:09.336+0000] {processor.py:840} INFO - DAG(s) 'chethan_test_dag' retrieved from /opt/airflow/dags/exampledag.py
[2025-04-27T14:19:09.398+0000] {logging_mixin.py:188} INFO - [2025-04-27T14:19:09.397+0000] {dag.py:3036} INFO - Sync 1 DAGs
[2025-04-27T14:19:09.440+0000] {logging_mixin.py:188} INFO - [2025-04-27T14:19:09.440+0000] {dag.py:3823} INFO - Setting next_dagrun for chethan_test_dag to 2025-04-26 00:00:00+00:00, run_after=2025-04-27 00:00:00+00:00
[2025-04-27T14:19:09.473+0000] {processor.py:183} INFO - Processing /opt/airflow/dags/exampledag.py took 0.208 seconds
[2025-04-27T14:19:39.664+0000] {processor.py:161} INFO - Started process (PID=6585) to work on /opt/airflow/dags/exampledag.py
[2025-04-27T14:19:39.665+0000] {processor.py:830} INFO - Processing file /opt/airflow/dags/exampledag.py for tasks to queue
[2025-04-27T14:19:39.667+0000] {logging_mixin.py:188} INFO - [2025-04-27T14:19:39.667+0000] {dagbag.py:538} INFO - Filling up the DagBag from /opt/airflow/dags/exampledag.py
[2025-04-27T14:19:39.691+0000] {processor.py:840} INFO - DAG(s) 'chethan_test_dag' retrieved from /opt/airflow/dags/exampledag.py
[2025-04-27T14:19:39.715+0000] {logging_mixin.py:188} INFO - [2025-04-27T14:19:39.715+0000] {dag.py:3036} INFO - Sync 1 DAGs
[2025-04-27T14:19:39.736+0000] {logging_mixin.py:188} INFO - [2025-04-27T14:19:39.736+0000] {dag.py:3823} INFO - Setting next_dagrun for chethan_test_dag to 2025-04-26 00:00:00+00:00, run_after=2025-04-27 00:00:00+00:00
[2025-04-27T14:19:39.757+0000] {processor.py:183} INFO - Processing /opt/airflow/dags/exampledag.py took 0.096 seconds
[2025-04-27T14:20:10.201+0000] {processor.py:161} INFO - Started process (PID=6630) to work on /opt/airflow/dags/exampledag.py
[2025-04-27T14:20:10.203+0000] {processor.py:830} INFO - Processing file /opt/airflow/dags/exampledag.py for tasks to queue
[2025-04-27T14:20:10.204+0000] {logging_mixin.py:188} INFO - [2025-04-27T14:20:10.203+0000] {dagbag.py:538} INFO - Filling up the DagBag from /opt/airflow/dags/exampledag.py
[2025-04-27T14:20:10.238+0000] {processor.py:840} INFO - DAG(s) 'chethan_test_dag' retrieved from /opt/airflow/dags/exampledag.py
[2025-04-27T14:20:10.256+0000] {logging_mixin.py:188} INFO - [2025-04-27T14:20:10.256+0000] {dag.py:3036} INFO - Sync 1 DAGs
[2025-04-27T14:20:10.272+0000] {logging_mixin.py:188} INFO - [2025-04-27T14:20:10.272+0000] {dag.py:3823} INFO - Setting next_dagrun for chethan_test_dag to 2025-04-26 00:00:00+00:00, run_after=2025-04-27 00:00:00+00:00
[2025-04-27T14:20:10.307+0000] {processor.py:183} INFO - Processing /opt/airflow/dags/exampledag.py took 0.110 seconds
[2025-04-27T14:20:40.375+0000] {processor.py:161} INFO - Started process (PID=6671) to work on /opt/airflow/dags/exampledag.py
[2025-04-27T14:20:40.376+0000] {processor.py:830} INFO - Processing file /opt/airflow/dags/exampledag.py for tasks to queue
[2025-04-27T14:20:40.377+0000] {logging_mixin.py:188} INFO - [2025-04-27T14:20:40.377+0000] {dagbag.py:538} INFO - Filling up the DagBag from /opt/airflow/dags/exampledag.py
[2025-04-27T14:20:40.405+0000] {processor.py:840} INFO - DAG(s) 'chethan_test_dag' retrieved from /opt/airflow/dags/exampledag.py
[2025-04-27T14:20:40.434+0000] {logging_mixin.py:188} INFO - [2025-04-27T14:20:40.434+0000] {dag.py:3036} INFO - Sync 1 DAGs
[2025-04-27T14:20:40.463+0000] {logging_mixin.py:188} INFO - [2025-04-27T14:20:40.463+0000] {dag.py:3823} INFO - Setting next_dagrun for chethan_test_dag to 2025-04-26 00:00:00+00:00, run_after=2025-04-27 00:00:00+00:00
[2025-04-27T14:20:40.487+0000] {processor.py:183} INFO - Processing /opt/airflow/dags/exampledag.py took 0.115 seconds
[2025-04-27T14:21:11.077+0000] {processor.py:161} INFO - Started process (PID=6716) to work on /opt/airflow/dags/exampledag.py
[2025-04-27T14:21:11.078+0000] {processor.py:830} INFO - Processing file /opt/airflow/dags/exampledag.py for tasks to queue
[2025-04-27T14:21:11.080+0000] {logging_mixin.py:188} INFO - [2025-04-27T14:21:11.079+0000] {dagbag.py:538} INFO - Filling up the DagBag from /opt/airflow/dags/exampledag.py
[2025-04-27T14:21:11.138+0000] {processor.py:840} INFO - DAG(s) 'chethan_test_dag' retrieved from /opt/airflow/dags/exampledag.py
[2025-04-27T14:21:11.170+0000] {logging_mixin.py:188} INFO - [2025-04-27T14:21:11.169+0000] {dag.py:3036} INFO - Sync 1 DAGs
[2025-04-27T14:21:11.193+0000] {logging_mixin.py:188} INFO - [2025-04-27T14:21:11.193+0000] {dag.py:3823} INFO - Setting next_dagrun for chethan_test_dag to 2025-04-26 00:00:00+00:00, run_after=2025-04-27 00:00:00+00:00
[2025-04-27T14:21:11.228+0000] {processor.py:183} INFO - Processing /opt/airflow/dags/exampledag.py took 0.155 seconds
[2025-04-27T14:21:41.813+0000] {processor.py:161} INFO - Started process (PID=6757) to work on /opt/airflow/dags/exampledag.py
[2025-04-27T14:21:41.814+0000] {processor.py:830} INFO - Processing file /opt/airflow/dags/exampledag.py for tasks to queue
[2025-04-27T14:21:41.815+0000] {logging_mixin.py:188} INFO - [2025-04-27T14:21:41.814+0000] {dagbag.py:538} INFO - Filling up the DagBag from /opt/airflow/dags/exampledag.py
[2025-04-27T14:21:41.842+0000] {processor.py:840} INFO - DAG(s) 'chethan_test_dag' retrieved from /opt/airflow/dags/exampledag.py
[2025-04-27T14:21:41.865+0000] {logging_mixin.py:188} INFO - [2025-04-27T14:21:41.865+0000] {dag.py:3036} INFO - Sync 1 DAGs
[2025-04-27T14:21:41.891+0000] {logging_mixin.py:188} INFO - [2025-04-27T14:21:41.890+0000] {dag.py:3823} INFO - Setting next_dagrun for chethan_test_dag to 2025-04-26 00:00:00+00:00, run_after=2025-04-27 00:00:00+00:00
[2025-04-27T14:21:41.907+0000] {processor.py:183} INFO - Processing /opt/airflow/dags/exampledag.py took 0.097 seconds
[2025-04-27T14:22:12.441+0000] {processor.py:161} INFO - Started process (PID=6802) to work on /opt/airflow/dags/exampledag.py
[2025-04-27T14:22:12.442+0000] {processor.py:830} INFO - Processing file /opt/airflow/dags/exampledag.py for tasks to queue
[2025-04-27T14:22:12.444+0000] {logging_mixin.py:188} INFO - [2025-04-27T14:22:12.443+0000] {dagbag.py:538} INFO - Filling up the DagBag from /opt/airflow/dags/exampledag.py
[2025-04-27T14:22:12.481+0000] {processor.py:840} INFO - DAG(s) 'chethan_test_dag' retrieved from /opt/airflow/dags/exampledag.py
[2025-04-27T14:22:12.510+0000] {logging_mixin.py:188} INFO - [2025-04-27T14:22:12.510+0000] {dag.py:3036} INFO - Sync 1 DAGs
[2025-04-27T14:22:12.542+0000] {logging_mixin.py:188} INFO - [2025-04-27T14:22:12.541+0000] {dag.py:3823} INFO - Setting next_dagrun for chethan_test_dag to 2025-04-26 00:00:00+00:00, run_after=2025-04-27 00:00:00+00:00
[2025-04-27T14:22:12.585+0000] {processor.py:183} INFO - Processing /opt/airflow/dags/exampledag.py took 0.148 seconds
[2025-04-27T14:22:43.417+0000] {processor.py:161} INFO - Started process (PID=6843) to work on /opt/airflow/dags/exampledag.py
[2025-04-27T14:22:43.418+0000] {processor.py:830} INFO - Processing file /opt/airflow/dags/exampledag.py for tasks to queue
[2025-04-27T14:22:43.421+0000] {logging_mixin.py:188} INFO - [2025-04-27T14:22:43.420+0000] {dagbag.py:538} INFO - Filling up the DagBag from /opt/airflow/dags/exampledag.py
[2025-04-27T14:22:43.476+0000] {processor.py:840} INFO - DAG(s) 'chethan_test_dag' retrieved from /opt/airflow/dags/exampledag.py
[2025-04-27T14:22:43.533+0000] {logging_mixin.py:188} INFO - [2025-04-27T14:22:43.532+0000] {dag.py:3036} INFO - Sync 1 DAGs
[2025-04-27T14:22:43.566+0000] {logging_mixin.py:188} INFO - [2025-04-27T14:22:43.566+0000] {dag.py:3823} INFO - Setting next_dagrun for chethan_test_dag to 2025-04-26 00:00:00+00:00, run_after=2025-04-27 00:00:00+00:00
[2025-04-27T14:22:43.596+0000] {processor.py:183} INFO - Processing /opt/airflow/dags/exampledag.py took 0.184 seconds
[2025-04-27T14:23:13.831+0000] {processor.py:161} INFO - Started process (PID=6886) to work on /opt/airflow/dags/exampledag.py
[2025-04-27T14:23:13.833+0000] {processor.py:830} INFO - Processing file /opt/airflow/dags/exampledag.py for tasks to queue
[2025-04-27T14:23:13.835+0000] {logging_mixin.py:188} INFO - [2025-04-27T14:23:13.834+0000] {dagbag.py:538} INFO - Filling up the DagBag from /opt/airflow/dags/exampledag.py
[2025-04-27T14:23:13.869+0000] {processor.py:840} INFO - DAG(s) 'chethan_test_dag' retrieved from /opt/airflow/dags/exampledag.py
[2025-04-27T14:23:13.890+0000] {logging_mixin.py:188} INFO - [2025-04-27T14:23:13.890+0000] {dag.py:3036} INFO - Sync 1 DAGs
[2025-04-27T14:23:13.911+0000] {logging_mixin.py:188} INFO - [2025-04-27T14:23:13.911+0000] {dag.py:3823} INFO - Setting next_dagrun for chethan_test_dag to 2025-04-26 00:00:00+00:00, run_after=2025-04-27 00:00:00+00:00
[2025-04-27T14:23:13.929+0000] {processor.py:183} INFO - Processing /opt/airflow/dags/exampledag.py took 0.101 seconds
[2025-04-27T14:23:44.447+0000] {processor.py:161} INFO - Started process (PID=6931) to work on /opt/airflow/dags/exampledag.py
[2025-04-27T14:23:44.448+0000] {processor.py:830} INFO - Processing file /opt/airflow/dags/exampledag.py for tasks to queue
[2025-04-27T14:23:44.449+0000] {logging_mixin.py:188} INFO - [2025-04-27T14:23:44.449+0000] {dagbag.py:538} INFO - Filling up the DagBag from /opt/airflow/dags/exampledag.py
[2025-04-27T14:23:44.472+0000] {processor.py:840} INFO - DAG(s) 'chethan_test_dag' retrieved from /opt/airflow/dags/exampledag.py
[2025-04-27T14:23:44.490+0000] {logging_mixin.py:188} INFO - [2025-04-27T14:23:44.490+0000] {dag.py:3036} INFO - Sync 1 DAGs
[2025-04-27T14:23:44.507+0000] {logging_mixin.py:188} INFO - [2025-04-27T14:23:44.506+0000] {dag.py:3823} INFO - Setting next_dagrun for chethan_test_dag to 2025-04-26 00:00:00+00:00, run_after=2025-04-27 00:00:00+00:00
[2025-04-27T14:23:44.522+0000] {processor.py:183} INFO - Processing /opt/airflow/dags/exampledag.py took 0.078 seconds
[2025-04-27T14:24:15.066+0000] {processor.py:161} INFO - Started process (PID=6974) to work on /opt/airflow/dags/exampledag.py
[2025-04-27T14:24:15.067+0000] {processor.py:830} INFO - Processing file /opt/airflow/dags/exampledag.py for tasks to queue
[2025-04-27T14:24:15.068+0000] {logging_mixin.py:188} INFO - [2025-04-27T14:24:15.068+0000] {dagbag.py:538} INFO - Filling up the DagBag from /opt/airflow/dags/exampledag.py
[2025-04-27T14:24:15.095+0000] {processor.py:840} INFO - DAG(s) 'chethan_test_dag' retrieved from /opt/airflow/dags/exampledag.py
[2025-04-27T14:24:15.118+0000] {logging_mixin.py:188} INFO - [2025-04-27T14:24:15.118+0000] {dag.py:3036} INFO - Sync 1 DAGs
[2025-04-27T14:24:15.139+0000] {logging_mixin.py:188} INFO - [2025-04-27T14:24:15.138+0000] {dag.py:3823} INFO - Setting next_dagrun for chethan_test_dag to 2025-04-26 00:00:00+00:00, run_after=2025-04-27 00:00:00+00:00
[2025-04-27T14:24:15.158+0000] {processor.py:183} INFO - Processing /opt/airflow/dags/exampledag.py took 0.095 seconds
[2025-04-27T14:24:45.412+0000] {processor.py:161} INFO - Started process (PID=7015) to work on /opt/airflow/dags/exampledag.py
[2025-04-27T14:24:45.414+0000] {processor.py:830} INFO - Processing file /opt/airflow/dags/exampledag.py for tasks to queue
[2025-04-27T14:24:45.417+0000] {logging_mixin.py:188} INFO - [2025-04-27T14:24:45.416+0000] {dagbag.py:538} INFO - Filling up the DagBag from /opt/airflow/dags/exampledag.py
[2025-04-27T14:24:45.453+0000] {processor.py:840} INFO - DAG(s) 'chethan_test_dag' retrieved from /opt/airflow/dags/exampledag.py
[2025-04-27T14:24:45.488+0000] {logging_mixin.py:188} INFO - [2025-04-27T14:24:45.488+0000] {dag.py:3036} INFO - Sync 1 DAGs
[2025-04-27T14:24:45.517+0000] {logging_mixin.py:188} INFO - [2025-04-27T14:24:45.517+0000] {dag.py:3823} INFO - Setting next_dagrun for chethan_test_dag to 2025-04-26 00:00:00+00:00, run_after=2025-04-27 00:00:00+00:00
[2025-04-27T14:24:45.550+0000] {processor.py:183} INFO - Processing /opt/airflow/dags/exampledag.py took 0.142 seconds
[2025-04-27T14:25:15.950+0000] {processor.py:161} INFO - Started process (PID=7060) to work on /opt/airflow/dags/exampledag.py
[2025-04-27T14:25:15.951+0000] {processor.py:830} INFO - Processing file /opt/airflow/dags/exampledag.py for tasks to queue
[2025-04-27T14:25:15.952+0000] {logging_mixin.py:188} INFO - [2025-04-27T14:25:15.952+0000] {dagbag.py:538} INFO - Filling up the DagBag from /opt/airflow/dags/exampledag.py
[2025-04-27T14:25:15.973+0000] {processor.py:840} INFO - DAG(s) 'chethan_test_dag' retrieved from /opt/airflow/dags/exampledag.py
[2025-04-27T14:25:15.993+0000] {logging_mixin.py:188} INFO - [2025-04-27T14:25:15.993+0000] {dag.py:3036} INFO - Sync 1 DAGs
[2025-04-27T14:25:16.008+0000] {logging_mixin.py:188} INFO - [2025-04-27T14:25:16.008+0000] {dag.py:3823} INFO - Setting next_dagrun for chethan_test_dag to 2025-04-26 00:00:00+00:00, run_after=2025-04-27 00:00:00+00:00
[2025-04-27T14:25:16.024+0000] {processor.py:183} INFO - Processing /opt/airflow/dags/exampledag.py took 0.076 seconds
[2025-04-27T14:25:46.819+0000] {processor.py:161} INFO - Started process (PID=7101) to work on /opt/airflow/dags/exampledag.py
[2025-04-27T14:25:46.820+0000] {processor.py:830} INFO - Processing file /opt/airflow/dags/exampledag.py for tasks to queue
[2025-04-27T14:25:46.821+0000] {logging_mixin.py:188} INFO - [2025-04-27T14:25:46.821+0000] {dagbag.py:538} INFO - Filling up the DagBag from /opt/airflow/dags/exampledag.py
[2025-04-27T14:25:46.847+0000] {processor.py:840} INFO - DAG(s) 'chethan_test_dag' retrieved from /opt/airflow/dags/exampledag.py
[2025-04-27T14:25:46.872+0000] {logging_mixin.py:188} INFO - [2025-04-27T14:25:46.872+0000] {dag.py:3036} INFO - Sync 1 DAGs
[2025-04-27T14:25:46.891+0000] {logging_mixin.py:188} INFO - [2025-04-27T14:25:46.891+0000] {dag.py:3823} INFO - Setting next_dagrun for chethan_test_dag to 2025-04-26 00:00:00+00:00, run_after=2025-04-27 00:00:00+00:00
[2025-04-27T14:25:46.908+0000] {processor.py:183} INFO - Processing /opt/airflow/dags/exampledag.py took 0.094 seconds
[2025-04-27T14:26:17.205+0000] {processor.py:161} INFO - Started process (PID=7146) to work on /opt/airflow/dags/exampledag.py
[2025-04-27T14:26:17.206+0000] {processor.py:830} INFO - Processing file /opt/airflow/dags/exampledag.py for tasks to queue
[2025-04-27T14:26:17.207+0000] {logging_mixin.py:188} INFO - [2025-04-27T14:26:17.207+0000] {dagbag.py:538} INFO - Filling up the DagBag from /opt/airflow/dags/exampledag.py
[2025-04-27T14:26:17.234+0000] {processor.py:840} INFO - DAG(s) 'chethan_test_dag' retrieved from /opt/airflow/dags/exampledag.py
[2025-04-27T14:26:17.256+0000] {logging_mixin.py:188} INFO - [2025-04-27T14:26:17.256+0000] {dag.py:3036} INFO - Sync 1 DAGs
[2025-04-27T14:26:17.272+0000] {logging_mixin.py:188} INFO - [2025-04-27T14:26:17.272+0000] {dag.py:3823} INFO - Setting next_dagrun for chethan_test_dag to 2025-04-26 00:00:00+00:00, run_after=2025-04-27 00:00:00+00:00
[2025-04-27T14:26:17.288+0000] {processor.py:183} INFO - Processing /opt/airflow/dags/exampledag.py took 0.087 seconds
[2025-04-27T14:26:47.714+0000] {processor.py:161} INFO - Started process (PID=7189) to work on /opt/airflow/dags/exampledag.py
[2025-04-27T14:26:47.716+0000] {processor.py:830} INFO - Processing file /opt/airflow/dags/exampledag.py for tasks to queue
[2025-04-27T14:26:47.717+0000] {logging_mixin.py:188} INFO - [2025-04-27T14:26:47.716+0000] {dagbag.py:538} INFO - Filling up the DagBag from /opt/airflow/dags/exampledag.py
[2025-04-27T14:26:47.739+0000] {processor.py:840} INFO - DAG(s) 'chethan_test_dag' retrieved from /opt/airflow/dags/exampledag.py
[2025-04-27T14:26:47.763+0000] {logging_mixin.py:188} INFO - [2025-04-27T14:26:47.763+0000] {dag.py:3036} INFO - Sync 1 DAGs
[2025-04-27T14:26:47.783+0000] {logging_mixin.py:188} INFO - [2025-04-27T14:26:47.783+0000] {dag.py:3823} INFO - Setting next_dagrun for chethan_test_dag to 2025-04-26 00:00:00+00:00, run_after=2025-04-27 00:00:00+00:00
[2025-04-27T14:26:47.802+0000] {processor.py:183} INFO - Processing /opt/airflow/dags/exampledag.py took 0.090 seconds
[2025-04-27T14:27:18.357+0000] {processor.py:161} INFO - Started process (PID=7232) to work on /opt/airflow/dags/exampledag.py
[2025-04-27T14:27:18.359+0000] {processor.py:830} INFO - Processing file /opt/airflow/dags/exampledag.py for tasks to queue
[2025-04-27T14:27:18.360+0000] {logging_mixin.py:188} INFO - [2025-04-27T14:27:18.360+0000] {dagbag.py:538} INFO - Filling up the DagBag from /opt/airflow/dags/exampledag.py
[2025-04-27T14:27:18.392+0000] {processor.py:840} INFO - DAG(s) 'chethan_test_dag' retrieved from /opt/airflow/dags/exampledag.py
[2025-04-27T14:27:18.414+0000] {logging_mixin.py:188} INFO - [2025-04-27T14:27:18.413+0000] {dag.py:3036} INFO - Sync 1 DAGs
[2025-04-27T14:27:18.433+0000] {logging_mixin.py:188} INFO - [2025-04-27T14:27:18.433+0000] {dag.py:3823} INFO - Setting next_dagrun for chethan_test_dag to 2025-04-26 00:00:00+00:00, run_after=2025-04-27 00:00:00+00:00
[2025-04-27T14:27:18.451+0000] {processor.py:183} INFO - Processing /opt/airflow/dags/exampledag.py took 0.098 seconds
[2025-04-27T14:27:48.833+0000] {processor.py:161} INFO - Started process (PID=7275) to work on /opt/airflow/dags/exampledag.py
[2025-04-27T14:27:48.834+0000] {processor.py:830} INFO - Processing file /opt/airflow/dags/exampledag.py for tasks to queue
[2025-04-27T14:27:48.835+0000] {logging_mixin.py:188} INFO - [2025-04-27T14:27:48.835+0000] {dagbag.py:538} INFO - Filling up the DagBag from /opt/airflow/dags/exampledag.py
[2025-04-27T14:27:48.860+0000] {processor.py:840} INFO - DAG(s) 'chethan_test_dag' retrieved from /opt/airflow/dags/exampledag.py
[2025-04-27T14:27:48.880+0000] {logging_mixin.py:188} INFO - [2025-04-27T14:27:48.880+0000] {dag.py:3036} INFO - Sync 1 DAGs
[2025-04-27T14:27:48.898+0000] {logging_mixin.py:188} INFO - [2025-04-27T14:27:48.898+0000] {dag.py:3823} INFO - Setting next_dagrun for chethan_test_dag to 2025-04-26 00:00:00+00:00, run_after=2025-04-27 00:00:00+00:00
[2025-04-27T14:27:48.917+0000] {processor.py:183} INFO - Processing /opt/airflow/dags/exampledag.py took 0.086 seconds
[2025-04-27T14:28:19.263+0000] {processor.py:161} INFO - Started process (PID=7318) to work on /opt/airflow/dags/exampledag.py
[2025-04-27T14:28:19.265+0000] {processor.py:830} INFO - Processing file /opt/airflow/dags/exampledag.py for tasks to queue
[2025-04-27T14:28:19.267+0000] {logging_mixin.py:188} INFO - [2025-04-27T14:28:19.266+0000] {dagbag.py:538} INFO - Filling up the DagBag from /opt/airflow/dags/exampledag.py
[2025-04-27T14:28:19.308+0000] {processor.py:840} INFO - DAG(s) 'chethan_test_dag' retrieved from /opt/airflow/dags/exampledag.py
[2025-04-27T14:28:19.347+0000] {logging_mixin.py:188} INFO - [2025-04-27T14:28:19.347+0000] {dag.py:3036} INFO - Sync 1 DAGs
[2025-04-27T14:28:19.376+0000] {logging_mixin.py:188} INFO - [2025-04-27T14:28:19.376+0000] {dag.py:3823} INFO - Setting next_dagrun for chethan_test_dag to 2025-04-26 00:00:00+00:00, run_after=2025-04-27 00:00:00+00:00
[2025-04-27T14:28:19.407+0000] {processor.py:183} INFO - Processing /opt/airflow/dags/exampledag.py took 0.148 seconds
[2025-04-27T14:28:49.633+0000] {processor.py:161} INFO - Started process (PID=7359) to work on /opt/airflow/dags/exampledag.py
[2025-04-27T14:28:49.634+0000] {processor.py:830} INFO - Processing file /opt/airflow/dags/exampledag.py for tasks to queue
[2025-04-27T14:28:49.636+0000] {logging_mixin.py:188} INFO - [2025-04-27T14:28:49.635+0000] {dagbag.py:538} INFO - Filling up the DagBag from /opt/airflow/dags/exampledag.py
[2025-04-27T14:28:49.677+0000] {processor.py:840} INFO - DAG(s) 'chethan_test_dag' retrieved from /opt/airflow/dags/exampledag.py
[2025-04-27T14:28:49.718+0000] {logging_mixin.py:188} INFO - [2025-04-27T14:28:49.718+0000] {dag.py:3036} INFO - Sync 1 DAGs
[2025-04-27T14:28:49.752+0000] {logging_mixin.py:188} INFO - [2025-04-27T14:28:49.752+0000] {dag.py:3823} INFO - Setting next_dagrun for chethan_test_dag to 2025-04-26 00:00:00+00:00, run_after=2025-04-27 00:00:00+00:00
[2025-04-27T14:28:49.790+0000] {processor.py:183} INFO - Processing /opt/airflow/dags/exampledag.py took 0.161 seconds
[2025-04-27T14:29:20.236+0000] {processor.py:161} INFO - Started process (PID=7404) to work on /opt/airflow/dags/exampledag.py
[2025-04-27T14:29:20.237+0000] {processor.py:830} INFO - Processing file /opt/airflow/dags/exampledag.py for tasks to queue
[2025-04-27T14:29:20.238+0000] {logging_mixin.py:188} INFO - [2025-04-27T14:29:20.238+0000] {dagbag.py:538} INFO - Filling up the DagBag from /opt/airflow/dags/exampledag.py
[2025-04-27T14:29:20.274+0000] {processor.py:840} INFO - DAG(s) 'chethan_test_dag' retrieved from /opt/airflow/dags/exampledag.py
[2025-04-27T14:29:20.294+0000] {logging_mixin.py:188} INFO - [2025-04-27T14:29:20.294+0000] {dag.py:3036} INFO - Sync 1 DAGs
[2025-04-27T14:29:20.312+0000] {logging_mixin.py:188} INFO - [2025-04-27T14:29:20.312+0000] {dag.py:3823} INFO - Setting next_dagrun for chethan_test_dag to 2025-04-26 00:00:00+00:00, run_after=2025-04-27 00:00:00+00:00
[2025-04-27T14:29:20.329+0000] {processor.py:183} INFO - Processing /opt/airflow/dags/exampledag.py took 0.097 seconds
[2025-04-27T14:29:51.291+0000] {processor.py:161} INFO - Started process (PID=7445) to work on /opt/airflow/dags/exampledag.py
[2025-04-27T14:29:51.293+0000] {processor.py:830} INFO - Processing file /opt/airflow/dags/exampledag.py for tasks to queue
[2025-04-27T14:29:51.295+0000] {logging_mixin.py:188} INFO - [2025-04-27T14:29:51.294+0000] {dagbag.py:538} INFO - Filling up the DagBag from /opt/airflow/dags/exampledag.py
[2025-04-27T14:29:51.322+0000] {processor.py:840} INFO - DAG(s) 'chethan_test_dag' retrieved from /opt/airflow/dags/exampledag.py
[2025-04-27T14:29:51.348+0000] {logging_mixin.py:188} INFO - [2025-04-27T14:29:51.348+0000] {dag.py:3036} INFO - Sync 1 DAGs
[2025-04-27T14:29:51.367+0000] {logging_mixin.py:188} INFO - [2025-04-27T14:29:51.367+0000] {dag.py:3823} INFO - Setting next_dagrun for chethan_test_dag to 2025-04-26 00:00:00+00:00, run_after=2025-04-27 00:00:00+00:00
[2025-04-27T14:29:51.386+0000] {processor.py:183} INFO - Processing /opt/airflow/dags/exampledag.py took 0.098 seconds
[2025-04-27T14:30:21.664+0000] {processor.py:161} INFO - Started process (PID=7488) to work on /opt/airflow/dags/exampledag.py
[2025-04-27T14:30:21.665+0000] {processor.py:830} INFO - Processing file /opt/airflow/dags/exampledag.py for tasks to queue
[2025-04-27T14:30:21.667+0000] {logging_mixin.py:188} INFO - [2025-04-27T14:30:21.666+0000] {dagbag.py:538} INFO - Filling up the DagBag from /opt/airflow/dags/exampledag.py
[2025-04-27T14:30:21.708+0000] {processor.py:840} INFO - DAG(s) 'chethan_test_dag' retrieved from /opt/airflow/dags/exampledag.py
[2025-04-27T14:30:21.738+0000] {logging_mixin.py:188} INFO - [2025-04-27T14:30:21.737+0000] {dag.py:3036} INFO - Sync 1 DAGs
[2025-04-27T14:30:21.766+0000] {logging_mixin.py:188} INFO - [2025-04-27T14:30:21.766+0000] {dag.py:3823} INFO - Setting next_dagrun for chethan_test_dag to 2025-04-26 00:00:00+00:00, run_after=2025-04-27 00:00:00+00:00
[2025-04-27T14:30:21.783+0000] {processor.py:183} INFO - Processing /opt/airflow/dags/exampledag.py took 0.123 seconds
[2025-04-27T14:30:52.017+0000] {processor.py:161} INFO - Started process (PID=7531) to work on /opt/airflow/dags/exampledag.py
[2025-04-27T14:30:52.018+0000] {processor.py:830} INFO - Processing file /opt/airflow/dags/exampledag.py for tasks to queue
[2025-04-27T14:30:52.019+0000] {logging_mixin.py:188} INFO - [2025-04-27T14:30:52.019+0000] {dagbag.py:538} INFO - Filling up the DagBag from /opt/airflow/dags/exampledag.py
[2025-04-27T14:30:52.046+0000] {processor.py:840} INFO - DAG(s) 'chethan_test_dag' retrieved from /opt/airflow/dags/exampledag.py
[2025-04-27T14:30:52.070+0000] {logging_mixin.py:188} INFO - [2025-04-27T14:30:52.070+0000] {dag.py:3036} INFO - Sync 1 DAGs
[2025-04-27T14:30:52.091+0000] {logging_mixin.py:188} INFO - [2025-04-27T14:30:52.091+0000] {dag.py:3823} INFO - Setting next_dagrun for chethan_test_dag to 2025-04-26 00:00:00+00:00, run_after=2025-04-27 00:00:00+00:00
[2025-04-27T14:30:52.113+0000] {processor.py:183} INFO - Processing /opt/airflow/dags/exampledag.py took 0.099 seconds
[2025-04-27T14:31:22.433+0000] {processor.py:161} INFO - Started process (PID=7574) to work on /opt/airflow/dags/exampledag.py
[2025-04-27T14:31:22.434+0000] {processor.py:830} INFO - Processing file /opt/airflow/dags/exampledag.py for tasks to queue
[2025-04-27T14:31:22.436+0000] {logging_mixin.py:188} INFO - [2025-04-27T14:31:22.435+0000] {dagbag.py:538} INFO - Filling up the DagBag from /opt/airflow/dags/exampledag.py
[2025-04-27T14:31:22.473+0000] {processor.py:840} INFO - DAG(s) 'chethan_test_dag' retrieved from /opt/airflow/dags/exampledag.py
[2025-04-27T14:31:22.508+0000] {logging_mixin.py:188} INFO - [2025-04-27T14:31:22.508+0000] {dag.py:3036} INFO - Sync 1 DAGs
[2025-04-27T14:31:22.551+0000] {logging_mixin.py:188} INFO - [2025-04-27T14:31:22.550+0000] {dag.py:3823} INFO - Setting next_dagrun for chethan_test_dag to 2025-04-26 00:00:00+00:00, run_after=2025-04-27 00:00:00+00:00
[2025-04-27T14:31:22.585+0000] {processor.py:183} INFO - Processing /opt/airflow/dags/exampledag.py took 0.155 seconds
[2025-04-27T14:31:52.865+0000] {processor.py:161} INFO - Started process (PID=7617) to work on /opt/airflow/dags/exampledag.py
[2025-04-27T14:31:52.866+0000] {processor.py:830} INFO - Processing file /opt/airflow/dags/exampledag.py for tasks to queue
[2025-04-27T14:31:52.867+0000] {logging_mixin.py:188} INFO - [2025-04-27T14:31:52.867+0000] {dagbag.py:538} INFO - Filling up the DagBag from /opt/airflow/dags/exampledag.py
[2025-04-27T14:31:52.903+0000] {processor.py:840} INFO - DAG(s) 'chethan_test_dag' retrieved from /opt/airflow/dags/exampledag.py
[2025-04-27T14:31:52.928+0000] {logging_mixin.py:188} INFO - [2025-04-27T14:31:52.928+0000] {dag.py:3036} INFO - Sync 1 DAGs
[2025-04-27T14:31:52.948+0000] {logging_mixin.py:188} INFO - [2025-04-27T14:31:52.948+0000] {dag.py:3823} INFO - Setting next_dagrun for chethan_test_dag to 2025-04-26 00:00:00+00:00, run_after=2025-04-27 00:00:00+00:00
[2025-04-27T14:31:52.966+0000] {processor.py:183} INFO - Processing /opt/airflow/dags/exampledag.py took 0.104 seconds
[2025-04-27T14:32:23.557+0000] {processor.py:161} INFO - Started process (PID=7660) to work on /opt/airflow/dags/exampledag.py
[2025-04-27T14:32:23.559+0000] {processor.py:830} INFO - Processing file /opt/airflow/dags/exampledag.py for tasks to queue
[2025-04-27T14:32:23.560+0000] {logging_mixin.py:188} INFO - [2025-04-27T14:32:23.560+0000] {dagbag.py:538} INFO - Filling up the DagBag from /opt/airflow/dags/exampledag.py
[2025-04-27T14:32:23.595+0000] {processor.py:840} INFO - DAG(s) 'chethan_test_dag' retrieved from /opt/airflow/dags/exampledag.py
[2025-04-27T14:32:23.624+0000] {logging_mixin.py:188} INFO - [2025-04-27T14:32:23.624+0000] {dag.py:3036} INFO - Sync 1 DAGs
[2025-04-27T14:32:23.644+0000] {logging_mixin.py:188} INFO - [2025-04-27T14:32:23.644+0000] {dag.py:3823} INFO - Setting next_dagrun for chethan_test_dag to 2025-04-26 00:00:00+00:00, run_after=2025-04-27 00:00:00+00:00
[2025-04-27T14:32:23.663+0000] {processor.py:183} INFO - Processing /opt/airflow/dags/exampledag.py took 0.109 seconds
[2025-04-27T14:32:53.970+0000] {processor.py:161} INFO - Started process (PID=7703) to work on /opt/airflow/dags/exampledag.py
[2025-04-27T14:32:53.971+0000] {processor.py:830} INFO - Processing file /opt/airflow/dags/exampledag.py for tasks to queue
[2025-04-27T14:32:53.972+0000] {logging_mixin.py:188} INFO - [2025-04-27T14:32:53.972+0000] {dagbag.py:538} INFO - Filling up the DagBag from /opt/airflow/dags/exampledag.py
[2025-04-27T14:32:54.000+0000] {processor.py:840} INFO - DAG(s) 'chethan_test_dag' retrieved from /opt/airflow/dags/exampledag.py
[2025-04-27T14:32:54.025+0000] {logging_mixin.py:188} INFO - [2025-04-27T14:32:54.025+0000] {dag.py:3036} INFO - Sync 1 DAGs
[2025-04-27T14:32:54.045+0000] {logging_mixin.py:188} INFO - [2025-04-27T14:32:54.045+0000] {dag.py:3823} INFO - Setting next_dagrun for chethan_test_dag to 2025-04-26 00:00:00+00:00, run_after=2025-04-27 00:00:00+00:00
[2025-04-27T14:32:54.063+0000] {processor.py:183} INFO - Processing /opt/airflow/dags/exampledag.py took 0.095 seconds
[2025-04-27T14:33:24.687+0000] {processor.py:161} INFO - Started process (PID=7746) to work on /opt/airflow/dags/exampledag.py
[2025-04-27T14:33:24.689+0000] {processor.py:830} INFO - Processing file /opt/airflow/dags/exampledag.py for tasks to queue
[2025-04-27T14:33:24.691+0000] {logging_mixin.py:188} INFO - [2025-04-27T14:33:24.691+0000] {dagbag.py:538} INFO - Filling up the DagBag from /opt/airflow/dags/exampledag.py
[2025-04-27T14:33:24.735+0000] {processor.py:840} INFO - DAG(s) 'chethan_test_dag' retrieved from /opt/airflow/dags/exampledag.py
[2025-04-27T14:33:24.774+0000] {logging_mixin.py:188} INFO - [2025-04-27T14:33:24.774+0000] {dag.py:3036} INFO - Sync 1 DAGs
[2025-04-27T14:33:24.803+0000] {logging_mixin.py:188} INFO - [2025-04-27T14:33:24.803+0000] {dag.py:3823} INFO - Setting next_dagrun for chethan_test_dag to 2025-04-26 00:00:00+00:00, run_after=2025-04-27 00:00:00+00:00
[2025-04-27T14:33:24.827+0000] {processor.py:183} INFO - Processing /opt/airflow/dags/exampledag.py took 0.143 seconds
[2025-04-27T14:33:55.123+0000] {processor.py:161} INFO - Started process (PID=7789) to work on /opt/airflow/dags/exampledag.py
[2025-04-27T14:33:55.125+0000] {processor.py:830} INFO - Processing file /opt/airflow/dags/exampledag.py for tasks to queue
[2025-04-27T14:33:55.126+0000] {logging_mixin.py:188} INFO - [2025-04-27T14:33:55.125+0000] {dagbag.py:538} INFO - Filling up the DagBag from /opt/airflow/dags/exampledag.py
[2025-04-27T14:33:55.156+0000] {processor.py:840} INFO - DAG(s) 'chethan_test_dag' retrieved from /opt/airflow/dags/exampledag.py
[2025-04-27T14:33:55.182+0000] {logging_mixin.py:188} INFO - [2025-04-27T14:33:55.182+0000] {dag.py:3036} INFO - Sync 1 DAGs
[2025-04-27T14:33:55.201+0000] {logging_mixin.py:188} INFO - [2025-04-27T14:33:55.201+0000] {dag.py:3823} INFO - Setting next_dagrun for chethan_test_dag to 2025-04-26 00:00:00+00:00, run_after=2025-04-27 00:00:00+00:00
[2025-04-27T14:33:55.218+0000] {processor.py:183} INFO - Processing /opt/airflow/dags/exampledag.py took 0.099 seconds
[2025-04-27T14:34:25.547+0000] {processor.py:161} INFO - Started process (PID=7832) to work on /opt/airflow/dags/exampledag.py
[2025-04-27T14:34:25.549+0000] {processor.py:830} INFO - Processing file /opt/airflow/dags/exampledag.py for tasks to queue
[2025-04-27T14:34:25.551+0000] {logging_mixin.py:188} INFO - [2025-04-27T14:34:25.551+0000] {dagbag.py:538} INFO - Filling up the DagBag from /opt/airflow/dags/exampledag.py
[2025-04-27T14:34:25.585+0000] {processor.py:840} INFO - DAG(s) 'chethan_test_dag' retrieved from /opt/airflow/dags/exampledag.py
[2025-04-27T14:34:25.622+0000] {logging_mixin.py:188} INFO - [2025-04-27T14:34:25.621+0000] {dag.py:3036} INFO - Sync 1 DAGs
[2025-04-27T14:34:25.653+0000] {logging_mixin.py:188} INFO - [2025-04-27T14:34:25.653+0000] {dag.py:3823} INFO - Setting next_dagrun for chethan_test_dag to 2025-04-26 00:00:00+00:00, run_after=2025-04-27 00:00:00+00:00
[2025-04-27T14:34:25.693+0000] {processor.py:183} INFO - Processing /opt/airflow/dags/exampledag.py took 0.149 seconds
[2025-04-27T14:34:55.970+0000] {processor.py:161} INFO - Started process (PID=7875) to work on /opt/airflow/dags/exampledag.py
[2025-04-27T14:34:55.972+0000] {processor.py:830} INFO - Processing file /opt/airflow/dags/exampledag.py for tasks to queue
[2025-04-27T14:34:55.973+0000] {logging_mixin.py:188} INFO - [2025-04-27T14:34:55.973+0000] {dagbag.py:538} INFO - Filling up the DagBag from /opt/airflow/dags/exampledag.py
[2025-04-27T14:34:56.003+0000] {processor.py:840} INFO - DAG(s) 'chethan_test_dag' retrieved from /opt/airflow/dags/exampledag.py
[2025-04-27T14:34:56.033+0000] {logging_mixin.py:188} INFO - [2025-04-27T14:34:56.032+0000] {dag.py:3036} INFO - Sync 1 DAGs
[2025-04-27T14:34:56.052+0000] {logging_mixin.py:188} INFO - [2025-04-27T14:34:56.051+0000] {dag.py:3823} INFO - Setting next_dagrun for chethan_test_dag to 2025-04-26 00:00:00+00:00, run_after=2025-04-27 00:00:00+00:00
[2025-04-27T14:34:56.072+0000] {processor.py:183} INFO - Processing /opt/airflow/dags/exampledag.py took 0.105 seconds
[2025-04-27T14:35:26.229+0000] {processor.py:161} INFO - Started process (PID=7918) to work on /opt/airflow/dags/exampledag.py
[2025-04-27T14:35:26.230+0000] {processor.py:830} INFO - Processing file /opt/airflow/dags/exampledag.py for tasks to queue
[2025-04-27T14:35:26.231+0000] {logging_mixin.py:188} INFO - [2025-04-27T14:35:26.231+0000] {dagbag.py:538} INFO - Filling up the DagBag from /opt/airflow/dags/exampledag.py
[2025-04-27T14:35:26.260+0000] {processor.py:840} INFO - DAG(s) 'chethan_test_dag' retrieved from /opt/airflow/dags/exampledag.py
[2025-04-27T14:35:26.281+0000] {logging_mixin.py:188} INFO - [2025-04-27T14:35:26.281+0000] {dag.py:3036} INFO - Sync 1 DAGs
[2025-04-27T14:35:26.299+0000] {logging_mixin.py:188} INFO - [2025-04-27T14:35:26.299+0000] {dag.py:3823} INFO - Setting next_dagrun for chethan_test_dag to 2025-04-26 00:00:00+00:00, run_after=2025-04-27 00:00:00+00:00
[2025-04-27T14:35:26.315+0000] {processor.py:183} INFO - Processing /opt/airflow/dags/exampledag.py took 0.089 seconds
[2025-04-27T14:35:56.531+0000] {processor.py:161} INFO - Started process (PID=7961) to work on /opt/airflow/dags/exampledag.py
[2025-04-27T14:35:56.532+0000] {processor.py:830} INFO - Processing file /opt/airflow/dags/exampledag.py for tasks to queue
[2025-04-27T14:35:56.534+0000] {logging_mixin.py:188} INFO - [2025-04-27T14:35:56.533+0000] {dagbag.py:538} INFO - Filling up the DagBag from /opt/airflow/dags/exampledag.py
[2025-04-27T14:35:56.567+0000] {processor.py:840} INFO - DAG(s) 'chethan_test_dag' retrieved from /opt/airflow/dags/exampledag.py
[2025-04-27T14:35:56.602+0000] {logging_mixin.py:188} INFO - [2025-04-27T14:35:56.602+0000] {dag.py:3036} INFO - Sync 1 DAGs
[2025-04-27T14:35:56.626+0000] {logging_mixin.py:188} INFO - [2025-04-27T14:35:56.625+0000] {dag.py:3823} INFO - Setting next_dagrun for chethan_test_dag to 2025-04-26 00:00:00+00:00, run_after=2025-04-27 00:00:00+00:00
[2025-04-27T14:35:56.649+0000] {processor.py:183} INFO - Processing /opt/airflow/dags/exampledag.py took 0.120 seconds
[2025-04-27T14:36:26.928+0000] {processor.py:161} INFO - Started process (PID=8004) to work on /opt/airflow/dags/exampledag.py
[2025-04-27T14:36:26.929+0000] {processor.py:830} INFO - Processing file /opt/airflow/dags/exampledag.py for tasks to queue
[2025-04-27T14:36:26.931+0000] {logging_mixin.py:188} INFO - [2025-04-27T14:36:26.930+0000] {dagbag.py:538} INFO - Filling up the DagBag from /opt/airflow/dags/exampledag.py
[2025-04-27T14:36:26.969+0000] {processor.py:840} INFO - DAG(s) 'chethan_test_dag' retrieved from /opt/airflow/dags/exampledag.py
[2025-04-27T14:36:27.005+0000] {logging_mixin.py:188} INFO - [2025-04-27T14:36:27.003+0000] {dag.py:3036} INFO - Sync 1 DAGs
[2025-04-27T14:36:27.035+0000] {logging_mixin.py:188} INFO - [2025-04-27T14:36:27.035+0000] {dag.py:3823} INFO - Setting next_dagrun for chethan_test_dag to 2025-04-26 00:00:00+00:00, run_after=2025-04-27 00:00:00+00:00
[2025-04-27T14:36:27.064+0000] {processor.py:183} INFO - Processing /opt/airflow/dags/exampledag.py took 0.140 seconds
[2025-04-27T14:36:57.496+0000] {processor.py:161} INFO - Started process (PID=8047) to work on /opt/airflow/dags/exampledag.py
[2025-04-27T14:36:57.497+0000] {processor.py:830} INFO - Processing file /opt/airflow/dags/exampledag.py for tasks to queue
[2025-04-27T14:36:57.499+0000] {logging_mixin.py:188} INFO - [2025-04-27T14:36:57.498+0000] {dagbag.py:538} INFO - Filling up the DagBag from /opt/airflow/dags/exampledag.py
[2025-04-27T14:36:57.524+0000] {processor.py:840} INFO - DAG(s) 'chethan_test_dag' retrieved from /opt/airflow/dags/exampledag.py
[2025-04-27T14:36:57.546+0000] {logging_mixin.py:188} INFO - [2025-04-27T14:36:57.546+0000] {dag.py:3036} INFO - Sync 1 DAGs
[2025-04-27T14:36:57.567+0000] {logging_mixin.py:188} INFO - [2025-04-27T14:36:57.567+0000] {dag.py:3823} INFO - Setting next_dagrun for chethan_test_dag to 2025-04-26 00:00:00+00:00, run_after=2025-04-27 00:00:00+00:00
[2025-04-27T14:36:57.584+0000] {processor.py:183} INFO - Processing /opt/airflow/dags/exampledag.py took 0.090 seconds
[2025-04-27T14:37:28.143+0000] {processor.py:161} INFO - Started process (PID=8090) to work on /opt/airflow/dags/exampledag.py
[2025-04-27T14:37:28.146+0000] {processor.py:830} INFO - Processing file /opt/airflow/dags/exampledag.py for tasks to queue
[2025-04-27T14:37:28.148+0000] {logging_mixin.py:188} INFO - [2025-04-27T14:37:28.147+0000] {dagbag.py:538} INFO - Filling up the DagBag from /opt/airflow/dags/exampledag.py
[2025-04-27T14:37:28.179+0000] {processor.py:840} INFO - DAG(s) 'chethan_test_dag' retrieved from /opt/airflow/dags/exampledag.py
[2025-04-27T14:37:28.206+0000] {logging_mixin.py:188} INFO - [2025-04-27T14:37:28.206+0000] {dag.py:3036} INFO - Sync 1 DAGs
[2025-04-27T14:37:28.224+0000] {logging_mixin.py:188} INFO - [2025-04-27T14:37:28.224+0000] {dag.py:3823} INFO - Setting next_dagrun for chethan_test_dag to 2025-04-26 00:00:00+00:00, run_after=2025-04-27 00:00:00+00:00
[2025-04-27T14:37:28.243+0000] {processor.py:183} INFO - Processing /opt/airflow/dags/exampledag.py took 0.112 seconds
[2025-04-27T14:37:58.439+0000] {processor.py:161} INFO - Started process (PID=8133) to work on /opt/airflow/dags/exampledag.py
[2025-04-27T14:37:58.442+0000] {processor.py:830} INFO - Processing file /opt/airflow/dags/exampledag.py for tasks to queue
[2025-04-27T14:37:58.444+0000] {logging_mixin.py:188} INFO - [2025-04-27T14:37:58.443+0000] {dagbag.py:538} INFO - Filling up the DagBag from /opt/airflow/dags/exampledag.py
[2025-04-27T14:37:58.484+0000] {processor.py:840} INFO - DAG(s) 'chethan_test_dag' retrieved from /opt/airflow/dags/exampledag.py
[2025-04-27T14:37:58.506+0000] {logging_mixin.py:188} INFO - [2025-04-27T14:37:58.506+0000] {dag.py:3036} INFO - Sync 1 DAGs
[2025-04-27T14:37:58.531+0000] {logging_mixin.py:188} INFO - [2025-04-27T14:37:58.531+0000] {dag.py:3823} INFO - Setting next_dagrun for chethan_test_dag to 2025-04-26 00:00:00+00:00, run_after=2025-04-27 00:00:00+00:00
[2025-04-27T14:37:58.551+0000] {processor.py:183} INFO - Processing /opt/airflow/dags/exampledag.py took 0.125 seconds
[2025-04-27T14:38:28.924+0000] {processor.py:161} INFO - Started process (PID=8176) to work on /opt/airflow/dags/exampledag.py
[2025-04-27T14:38:28.925+0000] {processor.py:830} INFO - Processing file /opt/airflow/dags/exampledag.py for tasks to queue
[2025-04-27T14:38:28.927+0000] {logging_mixin.py:188} INFO - [2025-04-27T14:38:28.926+0000] {dagbag.py:538} INFO - Filling up the DagBag from /opt/airflow/dags/exampledag.py
[2025-04-27T14:38:28.968+0000] {processor.py:840} INFO - DAG(s) 'chethan_test_dag' retrieved from /opt/airflow/dags/exampledag.py
[2025-04-27T14:38:28.999+0000] {logging_mixin.py:188} INFO - [2025-04-27T14:38:28.999+0000] {dag.py:3036} INFO - Sync 1 DAGs
[2025-04-27T14:38:29.043+0000] {logging_mixin.py:188} INFO - [2025-04-27T14:38:29.043+0000] {dag.py:3823} INFO - Setting next_dagrun for chethan_test_dag to 2025-04-26 00:00:00+00:00, run_after=2025-04-27 00:00:00+00:00
[2025-04-27T14:38:29.068+0000] {processor.py:183} INFO - Processing /opt/airflow/dags/exampledag.py took 0.148 seconds
[2025-04-27T14:38:59.265+0000] {processor.py:161} INFO - Started process (PID=8219) to work on /opt/airflow/dags/exampledag.py
[2025-04-27T14:38:59.266+0000] {processor.py:830} INFO - Processing file /opt/airflow/dags/exampledag.py for tasks to queue
[2025-04-27T14:38:59.268+0000] {logging_mixin.py:188} INFO - [2025-04-27T14:38:59.268+0000] {dagbag.py:538} INFO - Filling up the DagBag from /opt/airflow/dags/exampledag.py
[2025-04-27T14:38:59.302+0000] {processor.py:840} INFO - DAG(s) 'chethan_test_dag' retrieved from /opt/airflow/dags/exampledag.py
[2025-04-27T14:38:59.331+0000] {logging_mixin.py:188} INFO - [2025-04-27T14:38:59.330+0000] {dag.py:3036} INFO - Sync 1 DAGs
[2025-04-27T14:38:59.352+0000] {logging_mixin.py:188} INFO - [2025-04-27T14:38:59.352+0000] {dag.py:3823} INFO - Setting next_dagrun for chethan_test_dag to 2025-04-26 00:00:00+00:00, run_after=2025-04-27 00:00:00+00:00
[2025-04-27T14:38:59.374+0000] {processor.py:183} INFO - Processing /opt/airflow/dags/exampledag.py took 0.112 seconds
[2025-04-27T14:39:30.196+0000] {processor.py:161} INFO - Started process (PID=8262) to work on /opt/airflow/dags/exampledag.py
[2025-04-27T14:39:30.198+0000] {processor.py:830} INFO - Processing file /opt/airflow/dags/exampledag.py for tasks to queue
[2025-04-27T14:39:30.200+0000] {logging_mixin.py:188} INFO - [2025-04-27T14:39:30.200+0000] {dagbag.py:538} INFO - Filling up the DagBag from /opt/airflow/dags/exampledag.py
[2025-04-27T14:39:30.253+0000] {processor.py:840} INFO - DAG(s) 'chethan_test_dag' retrieved from /opt/airflow/dags/exampledag.py
[2025-04-27T14:39:30.288+0000] {logging_mixin.py:188} INFO - [2025-04-27T14:39:30.288+0000] {dag.py:3036} INFO - Sync 1 DAGs
[2025-04-27T14:39:30.311+0000] {logging_mixin.py:188} INFO - [2025-04-27T14:39:30.310+0000] {dag.py:3823} INFO - Setting next_dagrun for chethan_test_dag to 2025-04-26 00:00:00+00:00, run_after=2025-04-27 00:00:00+00:00
[2025-04-27T14:39:30.331+0000] {processor.py:183} INFO - Processing /opt/airflow/dags/exampledag.py took 0.140 seconds
[2025-04-27T14:40:01.348+0000] {processor.py:161} INFO - Started process (PID=8305) to work on /opt/airflow/dags/exampledag.py
[2025-04-27T14:40:01.351+0000] {processor.py:830} INFO - Processing file /opt/airflow/dags/exampledag.py for tasks to queue
[2025-04-27T14:40:01.355+0000] {logging_mixin.py:188} INFO - [2025-04-27T14:40:01.353+0000] {dagbag.py:538} INFO - Filling up the DagBag from /opt/airflow/dags/exampledag.py
[2025-04-27T14:40:01.426+0000] {processor.py:840} INFO - DAG(s) 'chethan_test_dag' retrieved from /opt/airflow/dags/exampledag.py
[2025-04-27T14:40:01.505+0000] {logging_mixin.py:188} INFO - [2025-04-27T14:40:01.504+0000] {dag.py:3036} INFO - Sync 1 DAGs
[2025-04-27T14:40:01.557+0000] {logging_mixin.py:188} INFO - [2025-04-27T14:40:01.557+0000] {dag.py:3823} INFO - Setting next_dagrun for chethan_test_dag to 2025-04-26 00:00:00+00:00, run_after=2025-04-27 00:00:00+00:00
[2025-04-27T14:40:01.601+0000] {processor.py:183} INFO - Processing /opt/airflow/dags/exampledag.py took 0.260 seconds
[2025-04-27T14:40:31.921+0000] {processor.py:161} INFO - Started process (PID=8348) to work on /opt/airflow/dags/exampledag.py
[2025-04-27T14:40:31.923+0000] {processor.py:830} INFO - Processing file /opt/airflow/dags/exampledag.py for tasks to queue
[2025-04-27T14:40:31.924+0000] {logging_mixin.py:188} INFO - [2025-04-27T14:40:31.924+0000] {dagbag.py:538} INFO - Filling up the DagBag from /opt/airflow/dags/exampledag.py
[2025-04-27T14:40:31.960+0000] {processor.py:840} INFO - DAG(s) 'chethan_test_dag' retrieved from /opt/airflow/dags/exampledag.py
[2025-04-27T14:40:31.983+0000] {logging_mixin.py:188} INFO - [2025-04-27T14:40:31.983+0000] {dag.py:3036} INFO - Sync 1 DAGs
[2025-04-27T14:40:32.003+0000] {logging_mixin.py:188} INFO - [2025-04-27T14:40:32.003+0000] {dag.py:3823} INFO - Setting next_dagrun for chethan_test_dag to 2025-04-26 00:00:00+00:00, run_after=2025-04-27 00:00:00+00:00
[2025-04-27T14:40:32.023+0000] {processor.py:183} INFO - Processing /opt/airflow/dags/exampledag.py took 0.105 seconds
[2025-04-27T14:41:02.430+0000] {processor.py:161} INFO - Started process (PID=8391) to work on /opt/airflow/dags/exampledag.py
[2025-04-27T14:41:02.431+0000] {processor.py:830} INFO - Processing file /opt/airflow/dags/exampledag.py for tasks to queue
[2025-04-27T14:41:02.432+0000] {logging_mixin.py:188} INFO - [2025-04-27T14:41:02.432+0000] {dagbag.py:538} INFO - Filling up the DagBag from /opt/airflow/dags/exampledag.py
[2025-04-27T14:41:02.464+0000] {processor.py:840} INFO - DAG(s) 'chethan_test_dag' retrieved from /opt/airflow/dags/exampledag.py
[2025-04-27T14:41:02.483+0000] {logging_mixin.py:188} INFO - [2025-04-27T14:41:02.483+0000] {dag.py:3036} INFO - Sync 1 DAGs
[2025-04-27T14:41:02.500+0000] {logging_mixin.py:188} INFO - [2025-04-27T14:41:02.500+0000] {dag.py:3823} INFO - Setting next_dagrun for chethan_test_dag to 2025-04-26 00:00:00+00:00, run_after=2025-04-27 00:00:00+00:00
[2025-04-27T14:41:02.520+0000] {processor.py:183} INFO - Processing /opt/airflow/dags/exampledag.py took 0.092 seconds
[2025-04-27T14:41:32.856+0000] {processor.py:161} INFO - Started process (PID=8434) to work on /opt/airflow/dags/exampledag.py
[2025-04-27T14:41:32.858+0000] {processor.py:830} INFO - Processing file /opt/airflow/dags/exampledag.py for tasks to queue
[2025-04-27T14:41:32.859+0000] {logging_mixin.py:188} INFO - [2025-04-27T14:41:32.859+0000] {dagbag.py:538} INFO - Filling up the DagBag from /opt/airflow/dags/exampledag.py
[2025-04-27T14:41:32.900+0000] {processor.py:840} INFO - DAG(s) 'chethan_test_dag' retrieved from /opt/airflow/dags/exampledag.py
[2025-04-27T14:41:32.929+0000] {logging_mixin.py:188} INFO - [2025-04-27T14:41:32.929+0000] {dag.py:3036} INFO - Sync 1 DAGs
[2025-04-27T14:41:32.950+0000] {logging_mixin.py:188} INFO - [2025-04-27T14:41:32.950+0000] {dag.py:3823} INFO - Setting next_dagrun for chethan_test_dag to 2025-04-26 00:00:00+00:00, run_after=2025-04-27 00:00:00+00:00
[2025-04-27T14:41:32.987+0000] {processor.py:183} INFO - Processing /opt/airflow/dags/exampledag.py took 0.134 seconds
[2025-04-27T14:42:03.377+0000] {processor.py:161} INFO - Started process (PID=8477) to work on /opt/airflow/dags/exampledag.py
[2025-04-27T14:42:03.378+0000] {processor.py:830} INFO - Processing file /opt/airflow/dags/exampledag.py for tasks to queue
[2025-04-27T14:42:03.380+0000] {logging_mixin.py:188} INFO - [2025-04-27T14:42:03.379+0000] {dagbag.py:538} INFO - Filling up the DagBag from /opt/airflow/dags/exampledag.py
[2025-04-27T14:42:03.407+0000] {processor.py:840} INFO - DAG(s) 'chethan_test_dag' retrieved from /opt/airflow/dags/exampledag.py
[2025-04-27T14:42:03.435+0000] {logging_mixin.py:188} INFO - [2025-04-27T14:42:03.434+0000] {dag.py:3036} INFO - Sync 1 DAGs
[2025-04-27T14:42:03.457+0000] {logging_mixin.py:188} INFO - [2025-04-27T14:42:03.456+0000] {dag.py:3823} INFO - Setting next_dagrun for chethan_test_dag to 2025-04-26 00:00:00+00:00, run_after=2025-04-27 00:00:00+00:00
[2025-04-27T14:42:03.474+0000] {processor.py:183} INFO - Processing /opt/airflow/dags/exampledag.py took 0.100 seconds
[2025-04-27T14:42:33.881+0000] {processor.py:161} INFO - Started process (PID=8520) to work on /opt/airflow/dags/exampledag.py
[2025-04-27T14:42:33.882+0000] {processor.py:830} INFO - Processing file /opt/airflow/dags/exampledag.py for tasks to queue
[2025-04-27T14:42:33.883+0000] {logging_mixin.py:188} INFO - [2025-04-27T14:42:33.883+0000] {dagbag.py:538} INFO - Filling up the DagBag from /opt/airflow/dags/exampledag.py
[2025-04-27T14:42:33.908+0000] {processor.py:840} INFO - DAG(s) 'chethan_test_dag' retrieved from /opt/airflow/dags/exampledag.py
[2025-04-27T14:42:33.928+0000] {logging_mixin.py:188} INFO - [2025-04-27T14:42:33.928+0000] {dag.py:3036} INFO - Sync 1 DAGs
[2025-04-27T14:42:33.946+0000] {logging_mixin.py:188} INFO - [2025-04-27T14:42:33.946+0000] {dag.py:3823} INFO - Setting next_dagrun for chethan_test_dag to 2025-04-26 00:00:00+00:00, run_after=2025-04-27 00:00:00+00:00
[2025-04-27T14:42:33.961+0000] {processor.py:183} INFO - Processing /opt/airflow/dags/exampledag.py took 0.084 seconds
[2025-04-27T14:43:04.180+0000] {processor.py:161} INFO - Started process (PID=8563) to work on /opt/airflow/dags/exampledag.py
[2025-04-27T14:43:04.181+0000] {processor.py:830} INFO - Processing file /opt/airflow/dags/exampledag.py for tasks to queue
[2025-04-27T14:43:04.182+0000] {logging_mixin.py:188} INFO - [2025-04-27T14:43:04.181+0000] {dagbag.py:538} INFO - Filling up the DagBag from /opt/airflow/dags/exampledag.py
[2025-04-27T14:43:04.207+0000] {processor.py:840} INFO - DAG(s) 'chethan_test_dag' retrieved from /opt/airflow/dags/exampledag.py
[2025-04-27T14:43:04.229+0000] {logging_mixin.py:188} INFO - [2025-04-27T14:43:04.228+0000] {dag.py:3036} INFO - Sync 1 DAGs
[2025-04-27T14:43:04.247+0000] {logging_mixin.py:188} INFO - [2025-04-27T14:43:04.247+0000] {dag.py:3823} INFO - Setting next_dagrun for chethan_test_dag to 2025-04-26 00:00:00+00:00, run_after=2025-04-27 00:00:00+00:00
[2025-04-27T14:43:04.264+0000] {processor.py:183} INFO - Processing /opt/airflow/dags/exampledag.py took 0.087 seconds
[2025-04-27T14:43:34.564+0000] {processor.py:161} INFO - Started process (PID=8606) to work on /opt/airflow/dags/exampledag.py
[2025-04-27T14:43:34.565+0000] {processor.py:830} INFO - Processing file /opt/airflow/dags/exampledag.py for tasks to queue
[2025-04-27T14:43:34.566+0000] {logging_mixin.py:188} INFO - [2025-04-27T14:43:34.566+0000] {dagbag.py:538} INFO - Filling up the DagBag from /opt/airflow/dags/exampledag.py
[2025-04-27T14:43:34.596+0000] {processor.py:840} INFO - DAG(s) 'chethan_test_dag' retrieved from /opt/airflow/dags/exampledag.py
[2025-04-27T14:43:34.615+0000] {logging_mixin.py:188} INFO - [2025-04-27T14:43:34.615+0000] {dag.py:3036} INFO - Sync 1 DAGs
[2025-04-27T14:43:34.635+0000] {logging_mixin.py:188} INFO - [2025-04-27T14:43:34.635+0000] {dag.py:3823} INFO - Setting next_dagrun for chethan_test_dag to 2025-04-26 00:00:00+00:00, run_after=2025-04-27 00:00:00+00:00
[2025-04-27T14:43:34.658+0000] {processor.py:183} INFO - Processing /opt/airflow/dags/exampledag.py took 0.097 seconds
[2025-04-27T14:44:04.846+0000] {processor.py:161} INFO - Started process (PID=8651) to work on /opt/airflow/dags/exampledag.py
[2025-04-27T14:44:04.847+0000] {processor.py:830} INFO - Processing file /opt/airflow/dags/exampledag.py for tasks to queue
[2025-04-27T14:44:04.848+0000] {logging_mixin.py:188} INFO - [2025-04-27T14:44:04.847+0000] {dagbag.py:538} INFO - Filling up the DagBag from /opt/airflow/dags/exampledag.py
[2025-04-27T14:44:04.871+0000] {processor.py:840} INFO - DAG(s) 'chethan_test_dag' retrieved from /opt/airflow/dags/exampledag.py
[2025-04-27T14:44:04.893+0000] {logging_mixin.py:188} INFO - [2025-04-27T14:44:04.893+0000] {dag.py:3036} INFO - Sync 1 DAGs
[2025-04-27T14:44:04.917+0000] {logging_mixin.py:188} INFO - [2025-04-27T14:44:04.917+0000] {dag.py:3823} INFO - Setting next_dagrun for chethan_test_dag to 2025-04-26 00:00:00+00:00, run_after=2025-04-27 00:00:00+00:00
[2025-04-27T14:44:04.944+0000] {processor.py:183} INFO - Processing /opt/airflow/dags/exampledag.py took 0.101 seconds
[2025-04-27T14:44:35.156+0000] {processor.py:161} INFO - Started process (PID=8692) to work on /opt/airflow/dags/exampledag.py
[2025-04-27T14:44:35.157+0000] {processor.py:830} INFO - Processing file /opt/airflow/dags/exampledag.py for tasks to queue
[2025-04-27T14:44:35.158+0000] {logging_mixin.py:188} INFO - [2025-04-27T14:44:35.158+0000] {dagbag.py:538} INFO - Filling up the DagBag from /opt/airflow/dags/exampledag.py
[2025-04-27T14:44:35.190+0000] {processor.py:840} INFO - DAG(s) 'chethan_test_dag' retrieved from /opt/airflow/dags/exampledag.py
[2025-04-27T14:44:35.213+0000] {logging_mixin.py:188} INFO - [2025-04-27T14:44:35.213+0000] {dag.py:3036} INFO - Sync 1 DAGs
[2025-04-27T14:44:35.232+0000] {logging_mixin.py:188} INFO - [2025-04-27T14:44:35.232+0000] {dag.py:3823} INFO - Setting next_dagrun for chethan_test_dag to 2025-04-26 00:00:00+00:00, run_after=2025-04-27 00:00:00+00:00
[2025-04-27T14:44:35.250+0000] {processor.py:183} INFO - Processing /opt/airflow/dags/exampledag.py took 0.098 seconds
[2025-04-27T14:45:05.495+0000] {processor.py:161} INFO - Started process (PID=8735) to work on /opt/airflow/dags/exampledag.py
[2025-04-27T14:45:05.496+0000] {processor.py:830} INFO - Processing file /opt/airflow/dags/exampledag.py for tasks to queue
[2025-04-27T14:45:05.497+0000] {logging_mixin.py:188} INFO - [2025-04-27T14:45:05.497+0000] {dagbag.py:538} INFO - Filling up the DagBag from /opt/airflow/dags/exampledag.py
[2025-04-27T14:45:05.525+0000] {processor.py:840} INFO - DAG(s) 'chethan_test_dag' retrieved from /opt/airflow/dags/exampledag.py
[2025-04-27T14:45:05.547+0000] {logging_mixin.py:188} INFO - [2025-04-27T14:45:05.547+0000] {dag.py:3036} INFO - Sync 1 DAGs
[2025-04-27T14:45:05.567+0000] {logging_mixin.py:188} INFO - [2025-04-27T14:45:05.566+0000] {dag.py:3823} INFO - Setting next_dagrun for chethan_test_dag to 2025-04-26 00:00:00+00:00, run_after=2025-04-27 00:00:00+00:00
[2025-04-27T14:45:05.583+0000] {processor.py:183} INFO - Processing /opt/airflow/dags/exampledag.py took 0.091 seconds
[2025-04-27T14:45:35.931+0000] {processor.py:161} INFO - Started process (PID=8778) to work on /opt/airflow/dags/exampledag.py
[2025-04-27T14:45:35.932+0000] {processor.py:830} INFO - Processing file /opt/airflow/dags/exampledag.py for tasks to queue
[2025-04-27T14:45:35.933+0000] {logging_mixin.py:188} INFO - [2025-04-27T14:45:35.933+0000] {dagbag.py:538} INFO - Filling up the DagBag from /opt/airflow/dags/exampledag.py
[2025-04-27T14:45:35.973+0000] {processor.py:840} INFO - DAG(s) 'chethan_test_dag' retrieved from /opt/airflow/dags/exampledag.py
[2025-04-27T14:45:36.018+0000] {logging_mixin.py:188} INFO - [2025-04-27T14:45:36.017+0000] {dag.py:3036} INFO - Sync 1 DAGs
[2025-04-27T14:45:36.050+0000] {logging_mixin.py:188} INFO - [2025-04-27T14:45:36.049+0000] {dag.py:3823} INFO - Setting next_dagrun for chethan_test_dag to 2025-04-26 00:00:00+00:00, run_after=2025-04-27 00:00:00+00:00
[2025-04-27T14:45:36.081+0000] {processor.py:183} INFO - Processing /opt/airflow/dags/exampledag.py took 0.154 seconds
[2025-04-27T14:46:06.393+0000] {processor.py:161} INFO - Started process (PID=8821) to work on /opt/airflow/dags/exampledag.py
[2025-04-27T14:46:06.394+0000] {processor.py:830} INFO - Processing file /opt/airflow/dags/exampledag.py for tasks to queue
[2025-04-27T14:46:06.395+0000] {logging_mixin.py:188} INFO - [2025-04-27T14:46:06.395+0000] {dagbag.py:538} INFO - Filling up the DagBag from /opt/airflow/dags/exampledag.py
[2025-04-27T14:46:06.428+0000] {processor.py:840} INFO - DAG(s) 'chethan_test_dag' retrieved from /opt/airflow/dags/exampledag.py
[2025-04-27T14:46:06.452+0000] {logging_mixin.py:188} INFO - [2025-04-27T14:46:06.452+0000] {dag.py:3036} INFO - Sync 1 DAGs
[2025-04-27T14:46:06.472+0000] {logging_mixin.py:188} INFO - [2025-04-27T14:46:06.471+0000] {dag.py:3823} INFO - Setting next_dagrun for chethan_test_dag to 2025-04-26 00:00:00+00:00, run_after=2025-04-27 00:00:00+00:00
[2025-04-27T14:46:06.488+0000] {processor.py:183} INFO - Processing /opt/airflow/dags/exampledag.py took 0.101 seconds
[2025-04-27T14:46:36.829+0000] {processor.py:161} INFO - Started process (PID=8864) to work on /opt/airflow/dags/exampledag.py
[2025-04-27T14:46:36.830+0000] {processor.py:830} INFO - Processing file /opt/airflow/dags/exampledag.py for tasks to queue
[2025-04-27T14:46:36.831+0000] {logging_mixin.py:188} INFO - [2025-04-27T14:46:36.831+0000] {dagbag.py:538} INFO - Filling up the DagBag from /opt/airflow/dags/exampledag.py
[2025-04-27T14:46:36.857+0000] {processor.py:840} INFO - DAG(s) 'chethan_test_dag' retrieved from /opt/airflow/dags/exampledag.py
[2025-04-27T14:46:36.880+0000] {logging_mixin.py:188} INFO - [2025-04-27T14:46:36.880+0000] {dag.py:3036} INFO - Sync 1 DAGs
[2025-04-27T14:46:36.899+0000] {logging_mixin.py:188} INFO - [2025-04-27T14:46:36.899+0000] {dag.py:3823} INFO - Setting next_dagrun for chethan_test_dag to 2025-04-26 00:00:00+00:00, run_after=2025-04-27 00:00:00+00:00
[2025-04-27T14:46:36.918+0000] {processor.py:183} INFO - Processing /opt/airflow/dags/exampledag.py took 0.092 seconds
[2025-04-27T14:47:07.122+0000] {processor.py:161} INFO - Started process (PID=8907) to work on /opt/airflow/dags/exampledag.py
[2025-04-27T14:47:07.123+0000] {processor.py:830} INFO - Processing file /opt/airflow/dags/exampledag.py for tasks to queue
[2025-04-27T14:47:07.124+0000] {logging_mixin.py:188} INFO - [2025-04-27T14:47:07.124+0000] {dagbag.py:538} INFO - Filling up the DagBag from /opt/airflow/dags/exampledag.py
[2025-04-27T14:47:07.155+0000] {processor.py:840} INFO - DAG(s) 'chethan_test_dag' retrieved from /opt/airflow/dags/exampledag.py
[2025-04-27T14:47:07.184+0000] {logging_mixin.py:188} INFO - [2025-04-27T14:47:07.183+0000] {dag.py:3036} INFO - Sync 1 DAGs
[2025-04-27T14:47:07.205+0000] {logging_mixin.py:188} INFO - [2025-04-27T14:47:07.205+0000] {dag.py:3823} INFO - Setting next_dagrun for chethan_test_dag to 2025-04-26 00:00:00+00:00, run_after=2025-04-27 00:00:00+00:00
[2025-04-27T14:47:07.227+0000] {processor.py:183} INFO - Processing /opt/airflow/dags/exampledag.py took 0.108 seconds
[2025-04-27T14:47:37.837+0000] {processor.py:161} INFO - Started process (PID=8950) to work on /opt/airflow/dags/exampledag.py
[2025-04-27T14:47:37.838+0000] {processor.py:830} INFO - Processing file /opt/airflow/dags/exampledag.py for tasks to queue
[2025-04-27T14:47:37.840+0000] {logging_mixin.py:188} INFO - [2025-04-27T14:47:37.839+0000] {dagbag.py:538} INFO - Filling up the DagBag from /opt/airflow/dags/exampledag.py
[2025-04-27T14:47:37.865+0000] {processor.py:840} INFO - DAG(s) 'chethan_test_dag' retrieved from /opt/airflow/dags/exampledag.py
[2025-04-27T14:47:37.891+0000] {logging_mixin.py:188} INFO - [2025-04-27T14:47:37.891+0000] {dag.py:3036} INFO - Sync 1 DAGs
[2025-04-27T14:47:37.910+0000] {logging_mixin.py:188} INFO - [2025-04-27T14:47:37.910+0000] {dag.py:3823} INFO - Setting next_dagrun for chethan_test_dag to 2025-04-26 00:00:00+00:00, run_after=2025-04-27 00:00:00+00:00
[2025-04-27T14:47:37.927+0000] {processor.py:183} INFO - Processing /opt/airflow/dags/exampledag.py took 0.092 seconds
[2025-04-27T14:48:08.148+0000] {processor.py:161} INFO - Started process (PID=8993) to work on /opt/airflow/dags/exampledag.py
[2025-04-27T14:48:08.149+0000] {processor.py:830} INFO - Processing file /opt/airflow/dags/exampledag.py for tasks to queue
[2025-04-27T14:48:08.150+0000] {logging_mixin.py:188} INFO - [2025-04-27T14:48:08.150+0000] {dagbag.py:538} INFO - Filling up the DagBag from /opt/airflow/dags/exampledag.py
[2025-04-27T14:48:08.183+0000] {processor.py:840} INFO - DAG(s) 'chethan_test_dag' retrieved from /opt/airflow/dags/exampledag.py
[2025-04-27T14:48:08.206+0000] {logging_mixin.py:188} INFO - [2025-04-27T14:48:08.205+0000] {dag.py:3036} INFO - Sync 1 DAGs
[2025-04-27T14:48:08.228+0000] {logging_mixin.py:188} INFO - [2025-04-27T14:48:08.228+0000] {dag.py:3823} INFO - Setting next_dagrun for chethan_test_dag to 2025-04-26 00:00:00+00:00, run_after=2025-04-27 00:00:00+00:00
[2025-04-27T14:48:08.247+0000] {processor.py:183} INFO - Processing /opt/airflow/dags/exampledag.py took 0.102 seconds
[2025-04-27T14:48:38.480+0000] {processor.py:161} INFO - Started process (PID=9036) to work on /opt/airflow/dags/exampledag.py
[2025-04-27T14:48:38.481+0000] {processor.py:830} INFO - Processing file /opt/airflow/dags/exampledag.py for tasks to queue
[2025-04-27T14:48:38.483+0000] {logging_mixin.py:188} INFO - [2025-04-27T14:48:38.483+0000] {dagbag.py:538} INFO - Filling up the DagBag from /opt/airflow/dags/exampledag.py
[2025-04-27T14:48:38.511+0000] {processor.py:840} INFO - DAG(s) 'chethan_test_dag' retrieved from /opt/airflow/dags/exampledag.py
[2025-04-27T14:48:38.539+0000] {logging_mixin.py:188} INFO - [2025-04-27T14:48:38.539+0000] {dag.py:3036} INFO - Sync 1 DAGs
[2025-04-27T14:48:38.558+0000] {logging_mixin.py:188} INFO - [2025-04-27T14:48:38.558+0000] {dag.py:3823} INFO - Setting next_dagrun for chethan_test_dag to 2025-04-26 00:00:00+00:00, run_after=2025-04-27 00:00:00+00:00
[2025-04-27T14:48:38.577+0000] {processor.py:183} INFO - Processing /opt/airflow/dags/exampledag.py took 0.100 seconds
[2025-04-27T14:49:08.987+0000] {processor.py:161} INFO - Started process (PID=9079) to work on /opt/airflow/dags/exampledag.py
[2025-04-27T14:49:08.989+0000] {processor.py:830} INFO - Processing file /opt/airflow/dags/exampledag.py for tasks to queue
[2025-04-27T14:49:08.990+0000] {logging_mixin.py:188} INFO - [2025-04-27T14:49:08.990+0000] {dagbag.py:538} INFO - Filling up the DagBag from /opt/airflow/dags/exampledag.py
[2025-04-27T14:49:09.024+0000] {processor.py:840} INFO - DAG(s) 'chethan_test_dag' retrieved from /opt/airflow/dags/exampledag.py
[2025-04-27T14:49:09.059+0000] {logging_mixin.py:188} INFO - [2025-04-27T14:49:09.059+0000] {dag.py:3036} INFO - Sync 1 DAGs
[2025-04-27T14:49:09.080+0000] {logging_mixin.py:188} INFO - [2025-04-27T14:49:09.079+0000] {dag.py:3823} INFO - Setting next_dagrun for chethan_test_dag to 2025-04-26 00:00:00+00:00, run_after=2025-04-27 00:00:00+00:00
[2025-04-27T14:49:09.098+0000] {processor.py:183} INFO - Processing /opt/airflow/dags/exampledag.py took 0.115 seconds
[2025-04-27T14:49:39.441+0000] {processor.py:161} INFO - Started process (PID=9122) to work on /opt/airflow/dags/exampledag.py
[2025-04-27T14:49:39.442+0000] {processor.py:830} INFO - Processing file /opt/airflow/dags/exampledag.py for tasks to queue
[2025-04-27T14:49:39.443+0000] {logging_mixin.py:188} INFO - [2025-04-27T14:49:39.442+0000] {dagbag.py:538} INFO - Filling up the DagBag from /opt/airflow/dags/exampledag.py
[2025-04-27T14:49:39.468+0000] {processor.py:840} INFO - DAG(s) 'chethan_test_dag' retrieved from /opt/airflow/dags/exampledag.py
[2025-04-27T14:49:39.488+0000] {logging_mixin.py:188} INFO - [2025-04-27T14:49:39.488+0000] {dag.py:3036} INFO - Sync 1 DAGs
[2025-04-27T14:49:39.505+0000] {logging_mixin.py:188} INFO - [2025-04-27T14:49:39.505+0000] {dag.py:3823} INFO - Setting next_dagrun for chethan_test_dag to 2025-04-26 00:00:00+00:00, run_after=2025-04-27 00:00:00+00:00
[2025-04-27T14:49:39.521+0000] {processor.py:183} INFO - Processing /opt/airflow/dags/exampledag.py took 0.083 seconds
[2025-04-27T14:50:09.704+0000] {processor.py:161} INFO - Started process (PID=9165) to work on /opt/airflow/dags/exampledag.py
[2025-04-27T14:50:09.705+0000] {processor.py:830} INFO - Processing file /opt/airflow/dags/exampledag.py for tasks to queue
[2025-04-27T14:50:09.706+0000] {logging_mixin.py:188} INFO - [2025-04-27T14:50:09.705+0000] {dagbag.py:538} INFO - Filling up the DagBag from /opt/airflow/dags/exampledag.py
[2025-04-27T14:50:09.732+0000] {processor.py:840} INFO - DAG(s) 'chethan_test_dag' retrieved from /opt/airflow/dags/exampledag.py
[2025-04-27T14:50:09.752+0000] {logging_mixin.py:188} INFO - [2025-04-27T14:50:09.752+0000] {dag.py:3036} INFO - Sync 1 DAGs
[2025-04-27T14:50:09.771+0000] {logging_mixin.py:188} INFO - [2025-04-27T14:50:09.771+0000] {dag.py:3823} INFO - Setting next_dagrun for chethan_test_dag to 2025-04-26 00:00:00+00:00, run_after=2025-04-27 00:00:00+00:00
[2025-04-27T14:50:09.788+0000] {processor.py:183} INFO - Processing /opt/airflow/dags/exampledag.py took 0.087 seconds
[2025-04-27T14:50:40.159+0000] {processor.py:161} INFO - Started process (PID=9208) to work on /opt/airflow/dags/exampledag.py
[2025-04-27T14:50:40.161+0000] {processor.py:830} INFO - Processing file /opt/airflow/dags/exampledag.py for tasks to queue
[2025-04-27T14:50:40.163+0000] {logging_mixin.py:188} INFO - [2025-04-27T14:50:40.162+0000] {dagbag.py:538} INFO - Filling up the DagBag from /opt/airflow/dags/exampledag.py
[2025-04-27T14:50:40.224+0000] {processor.py:840} INFO - DAG(s) 'chethan_test_dag' retrieved from /opt/airflow/dags/exampledag.py
[2025-04-27T14:50:40.274+0000] {logging_mixin.py:188} INFO - [2025-04-27T14:50:40.274+0000] {dag.py:3036} INFO - Sync 1 DAGs
[2025-04-27T14:50:40.308+0000] {logging_mixin.py:188} INFO - [2025-04-27T14:50:40.308+0000] {dag.py:3823} INFO - Setting next_dagrun for chethan_test_dag to 2025-04-26 00:00:00+00:00, run_after=2025-04-27 00:00:00+00:00
[2025-04-27T14:50:40.338+0000] {processor.py:183} INFO - Processing /opt/airflow/dags/exampledag.py took 0.184 seconds
[2025-04-27T14:51:10.830+0000] {processor.py:161} INFO - Started process (PID=9251) to work on /opt/airflow/dags/exampledag.py
[2025-04-27T14:51:10.832+0000] {processor.py:830} INFO - Processing file /opt/airflow/dags/exampledag.py for tasks to queue
[2025-04-27T14:51:10.835+0000] {logging_mixin.py:188} INFO - [2025-04-27T14:51:10.834+0000] {dagbag.py:538} INFO - Filling up the DagBag from /opt/airflow/dags/exampledag.py
[2025-04-27T14:51:10.871+0000] {processor.py:840} INFO - DAG(s) 'chethan_test_dag' retrieved from /opt/airflow/dags/exampledag.py
[2025-04-27T14:51:10.906+0000] {logging_mixin.py:188} INFO - [2025-04-27T14:51:10.905+0000] {dag.py:3036} INFO - Sync 1 DAGs
[2025-04-27T14:51:10.936+0000] {logging_mixin.py:188} INFO - [2025-04-27T14:51:10.936+0000] {dag.py:3823} INFO - Setting next_dagrun for chethan_test_dag to 2025-04-26 00:00:00+00:00, run_after=2025-04-27 00:00:00+00:00
[2025-04-27T14:51:10.956+0000] {processor.py:183} INFO - Processing /opt/airflow/dags/exampledag.py took 0.131 seconds
[2025-04-27T14:51:41.268+0000] {processor.py:161} INFO - Started process (PID=9294) to work on /opt/airflow/dags/exampledag.py
[2025-04-27T14:51:41.269+0000] {processor.py:830} INFO - Processing file /opt/airflow/dags/exampledag.py for tasks to queue
[2025-04-27T14:51:41.270+0000] {logging_mixin.py:188} INFO - [2025-04-27T14:51:41.270+0000] {dagbag.py:538} INFO - Filling up the DagBag from /opt/airflow/dags/exampledag.py
[2025-04-27T14:51:41.304+0000] {processor.py:840} INFO - DAG(s) 'chethan_test_dag' retrieved from /opt/airflow/dags/exampledag.py
[2025-04-27T14:51:41.325+0000] {logging_mixin.py:188} INFO - [2025-04-27T14:51:41.325+0000] {dag.py:3036} INFO - Sync 1 DAGs
[2025-04-27T14:51:41.355+0000] {logging_mixin.py:188} INFO - [2025-04-27T14:51:41.355+0000] {dag.py:3823} INFO - Setting next_dagrun for chethan_test_dag to 2025-04-26 00:00:00+00:00, run_after=2025-04-27 00:00:00+00:00
[2025-04-27T14:51:41.380+0000] {processor.py:183} INFO - Processing /opt/airflow/dags/exampledag.py took 0.115 seconds
[2025-04-27T14:52:11.780+0000] {processor.py:161} INFO - Started process (PID=9337) to work on /opt/airflow/dags/exampledag.py
[2025-04-27T14:52:11.781+0000] {processor.py:830} INFO - Processing file /opt/airflow/dags/exampledag.py for tasks to queue
[2025-04-27T14:52:11.784+0000] {logging_mixin.py:188} INFO - [2025-04-27T14:52:11.783+0000] {dagbag.py:538} INFO - Filling up the DagBag from /opt/airflow/dags/exampledag.py
[2025-04-27T14:52:11.819+0000] {processor.py:840} INFO - DAG(s) 'chethan_test_dag' retrieved from /opt/airflow/dags/exampledag.py
[2025-04-27T14:52:11.849+0000] {logging_mixin.py:188} INFO - [2025-04-27T14:52:11.849+0000] {dag.py:3036} INFO - Sync 1 DAGs
[2025-04-27T14:52:11.873+0000] {logging_mixin.py:188} INFO - [2025-04-27T14:52:11.872+0000] {dag.py:3823} INFO - Setting next_dagrun for chethan_test_dag to 2025-04-26 00:00:00+00:00, run_after=2025-04-27 00:00:00+00:00
[2025-04-27T14:52:11.898+0000] {processor.py:183} INFO - Processing /opt/airflow/dags/exampledag.py took 0.122 seconds
[2025-04-27T14:52:42.433+0000] {processor.py:161} INFO - Started process (PID=9380) to work on /opt/airflow/dags/exampledag.py
[2025-04-27T14:52:42.434+0000] {processor.py:830} INFO - Processing file /opt/airflow/dags/exampledag.py for tasks to queue
[2025-04-27T14:52:42.435+0000] {logging_mixin.py:188} INFO - [2025-04-27T14:52:42.435+0000] {dagbag.py:538} INFO - Filling up the DagBag from /opt/airflow/dags/exampledag.py
[2025-04-27T14:52:42.466+0000] {processor.py:840} INFO - DAG(s) 'chethan_test_dag' retrieved from /opt/airflow/dags/exampledag.py
[2025-04-27T14:52:42.490+0000] {logging_mixin.py:188} INFO - [2025-04-27T14:52:42.490+0000] {dag.py:3036} INFO - Sync 1 DAGs
[2025-04-27T14:52:42.509+0000] {logging_mixin.py:188} INFO - [2025-04-27T14:52:42.509+0000] {dag.py:3823} INFO - Setting next_dagrun for chethan_test_dag to 2025-04-26 00:00:00+00:00, run_after=2025-04-27 00:00:00+00:00
[2025-04-27T14:52:42.527+0000] {processor.py:183} INFO - Processing /opt/airflow/dags/exampledag.py took 0.097 seconds
[2025-04-27T14:53:12.832+0000] {processor.py:161} INFO - Started process (PID=9423) to work on /opt/airflow/dags/exampledag.py
[2025-04-27T14:53:12.833+0000] {processor.py:830} INFO - Processing file /opt/airflow/dags/exampledag.py for tasks to queue
[2025-04-27T14:53:12.835+0000] {logging_mixin.py:188} INFO - [2025-04-27T14:53:12.834+0000] {dagbag.py:538} INFO - Filling up the DagBag from /opt/airflow/dags/exampledag.py
[2025-04-27T14:53:12.865+0000] {processor.py:840} INFO - DAG(s) 'chethan_test_dag' retrieved from /opt/airflow/dags/exampledag.py
[2025-04-27T14:53:12.888+0000] {logging_mixin.py:188} INFO - [2025-04-27T14:53:12.888+0000] {dag.py:3036} INFO - Sync 1 DAGs
[2025-04-27T14:53:12.907+0000] {logging_mixin.py:188} INFO - [2025-04-27T14:53:12.907+0000] {dag.py:3823} INFO - Setting next_dagrun for chethan_test_dag to 2025-04-26 00:00:00+00:00, run_after=2025-04-27 00:00:00+00:00
[2025-04-27T14:53:12.923+0000] {processor.py:183} INFO - Processing /opt/airflow/dags/exampledag.py took 0.094 seconds
[2025-04-27T14:53:43.288+0000] {processor.py:161} INFO - Started process (PID=9466) to work on /opt/airflow/dags/exampledag.py
[2025-04-27T14:53:43.289+0000] {processor.py:830} INFO - Processing file /opt/airflow/dags/exampledag.py for tasks to queue
[2025-04-27T14:53:43.290+0000] {logging_mixin.py:188} INFO - [2025-04-27T14:53:43.290+0000] {dagbag.py:538} INFO - Filling up the DagBag from /opt/airflow/dags/exampledag.py
[2025-04-27T14:53:43.317+0000] {processor.py:840} INFO - DAG(s) 'chethan_test_dag' retrieved from /opt/airflow/dags/exampledag.py
[2025-04-27T14:53:43.344+0000] {logging_mixin.py:188} INFO - [2025-04-27T14:53:43.343+0000] {dag.py:3036} INFO - Sync 1 DAGs
[2025-04-27T14:53:43.373+0000] {logging_mixin.py:188} INFO - [2025-04-27T14:53:43.373+0000] {dag.py:3823} INFO - Setting next_dagrun for chethan_test_dag to 2025-04-26 00:00:00+00:00, run_after=2025-04-27 00:00:00+00:00
[2025-04-27T14:53:43.393+0000] {processor.py:183} INFO - Processing /opt/airflow/dags/exampledag.py took 0.108 seconds
[2025-04-27T14:54:13.689+0000] {processor.py:161} INFO - Started process (PID=9509) to work on /opt/airflow/dags/exampledag.py
[2025-04-27T14:54:13.690+0000] {processor.py:830} INFO - Processing file /opt/airflow/dags/exampledag.py for tasks to queue
[2025-04-27T14:54:13.692+0000] {logging_mixin.py:188} INFO - [2025-04-27T14:54:13.691+0000] {dagbag.py:538} INFO - Filling up the DagBag from /opt/airflow/dags/exampledag.py
[2025-04-27T14:54:13.721+0000] {processor.py:840} INFO - DAG(s) 'chethan_test_dag' retrieved from /opt/airflow/dags/exampledag.py
[2025-04-27T14:54:13.757+0000] {logging_mixin.py:188} INFO - [2025-04-27T14:54:13.757+0000] {dag.py:3036} INFO - Sync 1 DAGs
[2025-04-27T14:54:13.789+0000] {logging_mixin.py:188} INFO - [2025-04-27T14:54:13.789+0000] {dag.py:3823} INFO - Setting next_dagrun for chethan_test_dag to 2025-04-26 00:00:00+00:00, run_after=2025-04-27 00:00:00+00:00
[2025-04-27T14:54:13.818+0000] {processor.py:183} INFO - Processing /opt/airflow/dags/exampledag.py took 0.133 seconds
[2025-04-27T14:54:44.050+0000] {processor.py:161} INFO - Started process (PID=9552) to work on /opt/airflow/dags/exampledag.py
[2025-04-27T14:54:44.051+0000] {processor.py:830} INFO - Processing file /opt/airflow/dags/exampledag.py for tasks to queue
[2025-04-27T14:54:44.052+0000] {logging_mixin.py:188} INFO - [2025-04-27T14:54:44.052+0000] {dagbag.py:538} INFO - Filling up the DagBag from /opt/airflow/dags/exampledag.py
[2025-04-27T14:54:44.078+0000] {processor.py:840} INFO - DAG(s) 'chethan_test_dag' retrieved from /opt/airflow/dags/exampledag.py
[2025-04-27T14:54:44.097+0000] {logging_mixin.py:188} INFO - [2025-04-27T14:54:44.096+0000] {dag.py:3036} INFO - Sync 1 DAGs
[2025-04-27T14:54:44.112+0000] {logging_mixin.py:188} INFO - [2025-04-27T14:54:44.112+0000] {dag.py:3823} INFO - Setting next_dagrun for chethan_test_dag to 2025-04-26 00:00:00+00:00, run_after=2025-04-27 00:00:00+00:00
[2025-04-27T14:54:44.128+0000] {processor.py:183} INFO - Processing /opt/airflow/dags/exampledag.py took 0.080 seconds
[2025-04-27T14:55:14.290+0000] {processor.py:161} INFO - Started process (PID=9595) to work on /opt/airflow/dags/exampledag.py
[2025-04-27T14:55:14.291+0000] {processor.py:830} INFO - Processing file /opt/airflow/dags/exampledag.py for tasks to queue
[2025-04-27T14:55:14.292+0000] {logging_mixin.py:188} INFO - [2025-04-27T14:55:14.292+0000] {dagbag.py:538} INFO - Filling up the DagBag from /opt/airflow/dags/exampledag.py
[2025-04-27T14:55:14.316+0000] {processor.py:840} INFO - DAG(s) 'chethan_test_dag' retrieved from /opt/airflow/dags/exampledag.py
[2025-04-27T14:55:14.338+0000] {logging_mixin.py:188} INFO - [2025-04-27T14:55:14.337+0000] {dag.py:3036} INFO - Sync 1 DAGs
[2025-04-27T14:55:14.355+0000] {logging_mixin.py:188} INFO - [2025-04-27T14:55:14.354+0000] {dag.py:3823} INFO - Setting next_dagrun for chethan_test_dag to 2025-04-26 00:00:00+00:00, run_after=2025-04-27 00:00:00+00:00
[2025-04-27T14:55:14.372+0000] {processor.py:183} INFO - Processing /opt/airflow/dags/exampledag.py took 0.085 seconds
[2025-04-27T14:55:44.731+0000] {processor.py:161} INFO - Started process (PID=9638) to work on /opt/airflow/dags/exampledag.py
[2025-04-27T14:55:44.733+0000] {processor.py:830} INFO - Processing file /opt/airflow/dags/exampledag.py for tasks to queue
[2025-04-27T14:55:44.734+0000] {logging_mixin.py:188} INFO - [2025-04-27T14:55:44.734+0000] {dagbag.py:538} INFO - Filling up the DagBag from /opt/airflow/dags/exampledag.py
[2025-04-27T14:55:44.770+0000] {processor.py:840} INFO - DAG(s) 'chethan_test_dag' retrieved from /opt/airflow/dags/exampledag.py
[2025-04-27T14:55:44.814+0000] {logging_mixin.py:188} INFO - [2025-04-27T14:55:44.814+0000] {dag.py:3036} INFO - Sync 1 DAGs
[2025-04-27T14:55:44.836+0000] {logging_mixin.py:188} INFO - [2025-04-27T14:55:44.836+0000] {dag.py:3823} INFO - Setting next_dagrun for chethan_test_dag to 2025-04-26 00:00:00+00:00, run_after=2025-04-27 00:00:00+00:00
[2025-04-27T14:55:44.853+0000] {processor.py:183} INFO - Processing /opt/airflow/dags/exampledag.py took 0.124 seconds
[2025-04-27T14:56:15.226+0000] {processor.py:161} INFO - Started process (PID=9681) to work on /opt/airflow/dags/exampledag.py
[2025-04-27T14:56:15.228+0000] {processor.py:830} INFO - Processing file /opt/airflow/dags/exampledag.py for tasks to queue
[2025-04-27T14:56:15.230+0000] {logging_mixin.py:188} INFO - [2025-04-27T14:56:15.229+0000] {dagbag.py:538} INFO - Filling up the DagBag from /opt/airflow/dags/exampledag.py
[2025-04-27T14:56:15.261+0000] {processor.py:840} INFO - DAG(s) 'chethan_test_dag' retrieved from /opt/airflow/dags/exampledag.py
[2025-04-27T14:56:15.294+0000] {logging_mixin.py:188} INFO - [2025-04-27T14:56:15.293+0000] {dag.py:3036} INFO - Sync 1 DAGs
[2025-04-27T14:56:15.320+0000] {logging_mixin.py:188} INFO - [2025-04-27T14:56:15.319+0000] {dag.py:3823} INFO - Setting next_dagrun for chethan_test_dag to 2025-04-26 00:00:00+00:00, run_after=2025-04-27 00:00:00+00:00
[2025-04-27T14:56:15.347+0000] {processor.py:183} INFO - Processing /opt/airflow/dags/exampledag.py took 0.124 seconds
[2025-04-27T14:56:45.665+0000] {processor.py:161} INFO - Started process (PID=9724) to work on /opt/airflow/dags/exampledag.py
[2025-04-27T14:56:45.666+0000] {processor.py:830} INFO - Processing file /opt/airflow/dags/exampledag.py for tasks to queue
[2025-04-27T14:56:45.668+0000] {logging_mixin.py:188} INFO - [2025-04-27T14:56:45.667+0000] {dagbag.py:538} INFO - Filling up the DagBag from /opt/airflow/dags/exampledag.py
[2025-04-27T14:56:45.703+0000] {processor.py:840} INFO - DAG(s) 'chethan_test_dag' retrieved from /opt/airflow/dags/exampledag.py
[2025-04-27T14:56:45.726+0000] {logging_mixin.py:188} INFO - [2025-04-27T14:56:45.726+0000] {dag.py:3036} INFO - Sync 1 DAGs
[2025-04-27T14:56:45.744+0000] {logging_mixin.py:188} INFO - [2025-04-27T14:56:45.744+0000] {dag.py:3823} INFO - Setting next_dagrun for chethan_test_dag to 2025-04-26 00:00:00+00:00, run_after=2025-04-27 00:00:00+00:00
[2025-04-27T14:56:45.762+0000] {processor.py:183} INFO - Processing /opt/airflow/dags/exampledag.py took 0.101 seconds
[2025-04-27T14:57:16.456+0000] {processor.py:161} INFO - Started process (PID=9767) to work on /opt/airflow/dags/exampledag.py
[2025-04-27T14:57:16.457+0000] {processor.py:830} INFO - Processing file /opt/airflow/dags/exampledag.py for tasks to queue
[2025-04-27T14:57:16.459+0000] {logging_mixin.py:188} INFO - [2025-04-27T14:57:16.458+0000] {dagbag.py:538} INFO - Filling up the DagBag from /opt/airflow/dags/exampledag.py
[2025-04-27T14:57:16.498+0000] {processor.py:840} INFO - DAG(s) 'chethan_test_dag' retrieved from /opt/airflow/dags/exampledag.py
[2025-04-27T14:57:16.539+0000] {logging_mixin.py:188} INFO - [2025-04-27T14:57:16.539+0000] {dag.py:3036} INFO - Sync 1 DAGs
[2025-04-27T14:57:16.564+0000] {logging_mixin.py:188} INFO - [2025-04-27T14:57:16.564+0000] {dag.py:3823} INFO - Setting next_dagrun for chethan_test_dag to 2025-04-26 00:00:00+00:00, run_after=2025-04-27 00:00:00+00:00
[2025-04-27T14:57:16.586+0000] {processor.py:183} INFO - Processing /opt/airflow/dags/exampledag.py took 0.135 seconds
[2025-04-27T14:57:46.929+0000] {processor.py:161} INFO - Started process (PID=9810) to work on /opt/airflow/dags/exampledag.py
[2025-04-27T14:57:46.931+0000] {processor.py:830} INFO - Processing file /opt/airflow/dags/exampledag.py for tasks to queue
[2025-04-27T14:57:46.933+0000] {logging_mixin.py:188} INFO - [2025-04-27T14:57:46.932+0000] {dagbag.py:538} INFO - Filling up the DagBag from /opt/airflow/dags/exampledag.py
[2025-04-27T14:57:46.971+0000] {processor.py:840} INFO - DAG(s) 'chethan_test_dag' retrieved from /opt/airflow/dags/exampledag.py
[2025-04-27T14:57:47.006+0000] {logging_mixin.py:188} INFO - [2025-04-27T14:57:47.006+0000] {dag.py:3036} INFO - Sync 1 DAGs
[2025-04-27T14:57:47.039+0000] {logging_mixin.py:188} INFO - [2025-04-27T14:57:47.039+0000] {dag.py:3823} INFO - Setting next_dagrun for chethan_test_dag to 2025-04-26 00:00:00+00:00, run_after=2025-04-27 00:00:00+00:00
[2025-04-27T14:57:47.068+0000] {processor.py:183} INFO - Processing /opt/airflow/dags/exampledag.py took 0.143 seconds
[2025-04-27T14:58:17.242+0000] {processor.py:161} INFO - Started process (PID=9853) to work on /opt/airflow/dags/exampledag.py
[2025-04-27T14:58:17.243+0000] {processor.py:830} INFO - Processing file /opt/airflow/dags/exampledag.py for tasks to queue
[2025-04-27T14:58:17.244+0000] {logging_mixin.py:188} INFO - [2025-04-27T14:58:17.244+0000] {dagbag.py:538} INFO - Filling up the DagBag from /opt/airflow/dags/exampledag.py
[2025-04-27T14:58:17.271+0000] {processor.py:840} INFO - DAG(s) 'chethan_test_dag' retrieved from /opt/airflow/dags/exampledag.py
[2025-04-27T14:58:17.293+0000] {logging_mixin.py:188} INFO - [2025-04-27T14:58:17.293+0000] {dag.py:3036} INFO - Sync 1 DAGs
[2025-04-27T14:58:17.312+0000] {logging_mixin.py:188} INFO - [2025-04-27T14:58:17.312+0000] {dag.py:3823} INFO - Setting next_dagrun for chethan_test_dag to 2025-04-26 00:00:00+00:00, run_after=2025-04-27 00:00:00+00:00
[2025-04-27T14:58:17.328+0000] {processor.py:183} INFO - Processing /opt/airflow/dags/exampledag.py took 0.089 seconds
[2025-04-27T14:58:47.703+0000] {processor.py:161} INFO - Started process (PID=9896) to work on /opt/airflow/dags/exampledag.py
[2025-04-27T14:58:47.704+0000] {processor.py:830} INFO - Processing file /opt/airflow/dags/exampledag.py for tasks to queue
[2025-04-27T14:58:47.705+0000] {logging_mixin.py:188} INFO - [2025-04-27T14:58:47.705+0000] {dagbag.py:538} INFO - Filling up the DagBag from /opt/airflow/dags/exampledag.py
[2025-04-27T14:58:47.743+0000] {processor.py:840} INFO - DAG(s) 'chethan_test_dag' retrieved from /opt/airflow/dags/exampledag.py
[2025-04-27T14:58:47.768+0000] {logging_mixin.py:188} INFO - [2025-04-27T14:58:47.768+0000] {dag.py:3036} INFO - Sync 1 DAGs
[2025-04-27T14:58:47.791+0000] {logging_mixin.py:188} INFO - [2025-04-27T14:58:47.791+0000] {dag.py:3823} INFO - Setting next_dagrun for chethan_test_dag to 2025-04-26 00:00:00+00:00, run_after=2025-04-27 00:00:00+00:00
[2025-04-27T14:58:47.812+0000] {processor.py:183} INFO - Processing /opt/airflow/dags/exampledag.py took 0.112 seconds
[2025-04-27T14:59:18.233+0000] {processor.py:161} INFO - Started process (PID=9939) to work on /opt/airflow/dags/exampledag.py
[2025-04-27T14:59:18.234+0000] {processor.py:830} INFO - Processing file /opt/airflow/dags/exampledag.py for tasks to queue
[2025-04-27T14:59:18.235+0000] {logging_mixin.py:188} INFO - [2025-04-27T14:59:18.235+0000] {dagbag.py:538} INFO - Filling up the DagBag from /opt/airflow/dags/exampledag.py
[2025-04-27T14:59:18.260+0000] {processor.py:840} INFO - DAG(s) 'chethan_test_dag' retrieved from /opt/airflow/dags/exampledag.py
[2025-04-27T14:59:18.281+0000] {logging_mixin.py:188} INFO - [2025-04-27T14:59:18.281+0000] {dag.py:3036} INFO - Sync 1 DAGs
[2025-04-27T14:59:18.300+0000] {logging_mixin.py:188} INFO - [2025-04-27T14:59:18.299+0000] {dag.py:3823} INFO - Setting next_dagrun for chethan_test_dag to 2025-04-26 00:00:00+00:00, run_after=2025-04-27 00:00:00+00:00
[2025-04-27T14:59:18.317+0000] {processor.py:183} INFO - Processing /opt/airflow/dags/exampledag.py took 0.086 seconds
[2025-04-27T14:59:48.848+0000] {processor.py:161} INFO - Started process (PID=9982) to work on /opt/airflow/dags/exampledag.py
[2025-04-27T14:59:48.850+0000] {processor.py:830} INFO - Processing file /opt/airflow/dags/exampledag.py for tasks to queue
[2025-04-27T14:59:48.853+0000] {logging_mixin.py:188} INFO - [2025-04-27T14:59:48.852+0000] {dagbag.py:538} INFO - Filling up the DagBag from /opt/airflow/dags/exampledag.py
[2025-04-27T14:59:48.901+0000] {processor.py:840} INFO - DAG(s) 'chethan_test_dag' retrieved from /opt/airflow/dags/exampledag.py
[2025-04-27T14:59:48.932+0000] {logging_mixin.py:188} INFO - [2025-04-27T14:59:48.931+0000] {dag.py:3036} INFO - Sync 1 DAGs
[2025-04-27T14:59:48.954+0000] {logging_mixin.py:188} INFO - [2025-04-27T14:59:48.953+0000] {dag.py:3823} INFO - Setting next_dagrun for chethan_test_dag to 2025-04-26 00:00:00+00:00, run_after=2025-04-27 00:00:00+00:00
[2025-04-27T14:59:48.971+0000] {processor.py:183} INFO - Processing /opt/airflow/dags/exampledag.py took 0.128 seconds
[2025-04-27T15:00:19.331+0000] {processor.py:161} INFO - Started process (PID=10025) to work on /opt/airflow/dags/exampledag.py
[2025-04-27T15:00:19.332+0000] {processor.py:830} INFO - Processing file /opt/airflow/dags/exampledag.py for tasks to queue
[2025-04-27T15:00:19.333+0000] {logging_mixin.py:188} INFO - [2025-04-27T15:00:19.333+0000] {dagbag.py:538} INFO - Filling up the DagBag from /opt/airflow/dags/exampledag.py
[2025-04-27T15:00:19.362+0000] {processor.py:840} INFO - DAG(s) 'chethan_test_dag' retrieved from /opt/airflow/dags/exampledag.py
[2025-04-27T15:00:19.386+0000] {logging_mixin.py:188} INFO - [2025-04-27T15:00:19.386+0000] {dag.py:3036} INFO - Sync 1 DAGs
[2025-04-27T15:00:19.405+0000] {logging_mixin.py:188} INFO - [2025-04-27T15:00:19.405+0000] {dag.py:3823} INFO - Setting next_dagrun for chethan_test_dag to 2025-04-26 00:00:00+00:00, run_after=2025-04-27 00:00:00+00:00
[2025-04-27T15:00:19.422+0000] {processor.py:183} INFO - Processing /opt/airflow/dags/exampledag.py took 0.094 seconds
[2025-04-27T15:00:50.009+0000] {processor.py:161} INFO - Started process (PID=10068) to work on /opt/airflow/dags/exampledag.py
[2025-04-27T15:00:50.011+0000] {processor.py:830} INFO - Processing file /opt/airflow/dags/exampledag.py for tasks to queue
[2025-04-27T15:00:50.013+0000] {logging_mixin.py:188} INFO - [2025-04-27T15:00:50.012+0000] {dagbag.py:538} INFO - Filling up the DagBag from /opt/airflow/dags/exampledag.py
[2025-04-27T15:00:50.051+0000] {processor.py:840} INFO - DAG(s) 'chethan_test_dag' retrieved from /opt/airflow/dags/exampledag.py
[2025-04-27T15:00:50.080+0000] {logging_mixin.py:188} INFO - [2025-04-27T15:00:50.079+0000] {dag.py:3036} INFO - Sync 1 DAGs
[2025-04-27T15:00:50.105+0000] {logging_mixin.py:188} INFO - [2025-04-27T15:00:50.105+0000] {dag.py:3823} INFO - Setting next_dagrun for chethan_test_dag to 2025-04-26 00:00:00+00:00, run_after=2025-04-27 00:00:00+00:00
[2025-04-27T15:00:50.131+0000] {processor.py:183} INFO - Processing /opt/airflow/dags/exampledag.py took 0.125 seconds
[2025-04-27T15:01:20.591+0000] {processor.py:161} INFO - Started process (PID=10111) to work on /opt/airflow/dags/exampledag.py
[2025-04-27T15:01:20.592+0000] {processor.py:830} INFO - Processing file /opt/airflow/dags/exampledag.py for tasks to queue
[2025-04-27T15:01:20.594+0000] {logging_mixin.py:188} INFO - [2025-04-27T15:01:20.593+0000] {dagbag.py:538} INFO - Filling up the DagBag from /opt/airflow/dags/exampledag.py
[2025-04-27T15:01:20.630+0000] {processor.py:840} INFO - DAG(s) 'chethan_test_dag' retrieved from /opt/airflow/dags/exampledag.py
[2025-04-27T15:01:20.669+0000] {logging_mixin.py:188} INFO - [2025-04-27T15:01:20.669+0000] {dag.py:3036} INFO - Sync 1 DAGs
[2025-04-27T15:01:20.708+0000] {logging_mixin.py:188} INFO - [2025-04-27T15:01:20.708+0000] {dag.py:3823} INFO - Setting next_dagrun for chethan_test_dag to 2025-04-26 00:00:00+00:00, run_after=2025-04-27 00:00:00+00:00
[2025-04-27T15:01:20.740+0000] {processor.py:183} INFO - Processing /opt/airflow/dags/exampledag.py took 0.153 seconds
[2025-04-27T15:01:51.223+0000] {processor.py:161} INFO - Started process (PID=10154) to work on /opt/airflow/dags/exampledag.py
[2025-04-27T15:01:51.224+0000] {processor.py:830} INFO - Processing file /opt/airflow/dags/exampledag.py for tasks to queue
[2025-04-27T15:01:51.225+0000] {logging_mixin.py:188} INFO - [2025-04-27T15:01:51.225+0000] {dagbag.py:538} INFO - Filling up the DagBag from /opt/airflow/dags/exampledag.py
[2025-04-27T15:01:51.259+0000] {processor.py:840} INFO - DAG(s) 'chethan_test_dag' retrieved from /opt/airflow/dags/exampledag.py
[2025-04-27T15:01:51.286+0000] {logging_mixin.py:188} INFO - [2025-04-27T15:01:51.286+0000] {dag.py:3036} INFO - Sync 1 DAGs
[2025-04-27T15:01:51.306+0000] {logging_mixin.py:188} INFO - [2025-04-27T15:01:51.305+0000] {dag.py:3823} INFO - Setting next_dagrun for chethan_test_dag to 2025-04-26 00:00:00+00:00, run_after=2025-04-27 00:00:00+00:00
[2025-04-27T15:01:51.322+0000] {processor.py:183} INFO - Processing /opt/airflow/dags/exampledag.py took 0.103 seconds
[2025-04-27T15:02:23.131+0000] {processor.py:161} INFO - Started process (PID=10199) to work on /opt/airflow/dags/exampledag.py
[2025-04-27T15:02:23.132+0000] {processor.py:830} INFO - Processing file /opt/airflow/dags/exampledag.py for tasks to queue
[2025-04-27T15:02:23.134+0000] {logging_mixin.py:188} INFO - [2025-04-27T15:02:23.133+0000] {dagbag.py:538} INFO - Filling up the DagBag from /opt/airflow/dags/exampledag.py
[2025-04-27T15:02:23.173+0000] {processor.py:840} INFO - DAG(s) 'chethan_test_dag' retrieved from /opt/airflow/dags/exampledag.py
[2025-04-27T15:02:23.206+0000] {logging_mixin.py:188} INFO - [2025-04-27T15:02:23.206+0000] {dag.py:3036} INFO - Sync 1 DAGs
[2025-04-27T15:02:23.233+0000] {logging_mixin.py:188} INFO - [2025-04-27T15:02:23.233+0000] {dag.py:3823} INFO - Setting next_dagrun for chethan_test_dag to 2025-04-26 00:00:00+00:00, run_after=2025-04-27 00:00:00+00:00
[2025-04-27T15:02:23.258+0000] {processor.py:183} INFO - Processing /opt/airflow/dags/exampledag.py took 0.131 seconds
[2025-04-27T15:02:53.553+0000] {processor.py:161} INFO - Started process (PID=10239) to work on /opt/airflow/dags/exampledag.py
[2025-04-27T15:02:53.555+0000] {processor.py:830} INFO - Processing file /opt/airflow/dags/exampledag.py for tasks to queue
[2025-04-27T15:02:53.556+0000] {logging_mixin.py:188} INFO - [2025-04-27T15:02:53.556+0000] {dagbag.py:538} INFO - Filling up the DagBag from /opt/airflow/dags/exampledag.py
[2025-04-27T15:02:53.605+0000] {processor.py:840} INFO - DAG(s) 'chethan_test_dag' retrieved from /opt/airflow/dags/exampledag.py
[2025-04-27T15:02:53.641+0000] {logging_mixin.py:188} INFO - [2025-04-27T15:02:53.641+0000] {dag.py:3036} INFO - Sync 1 DAGs
[2025-04-27T15:02:53.681+0000] {logging_mixin.py:188} INFO - [2025-04-27T15:02:53.681+0000] {dag.py:3823} INFO - Setting next_dagrun for chethan_test_dag to 2025-04-26 00:00:00+00:00, run_after=2025-04-27 00:00:00+00:00
[2025-04-27T15:02:53.712+0000] {processor.py:183} INFO - Processing /opt/airflow/dags/exampledag.py took 0.164 seconds
[2025-04-27T15:03:23.913+0000] {processor.py:161} INFO - Started process (PID=10276) to work on /opt/airflow/dags/exampledag.py
[2025-04-27T15:03:23.916+0000] {processor.py:830} INFO - Processing file /opt/airflow/dags/exampledag.py for tasks to queue
[2025-04-27T15:03:23.918+0000] {logging_mixin.py:188} INFO - [2025-04-27T15:03:23.917+0000] {dagbag.py:538} INFO - Filling up the DagBag from /opt/airflow/dags/exampledag.py
[2025-04-27T15:03:23.982+0000] {processor.py:840} INFO - DAG(s) 'chethan_test_dag' retrieved from /opt/airflow/dags/exampledag.py
[2025-04-27T15:03:24.016+0000] {logging_mixin.py:188} INFO - [2025-04-27T15:03:24.015+0000] {dag.py:3036} INFO - Sync 1 DAGs
[2025-04-27T15:03:24.040+0000] {logging_mixin.py:188} INFO - [2025-04-27T15:03:24.040+0000] {dag.py:3823} INFO - Setting next_dagrun for chethan_test_dag to 2025-04-26 00:00:00+00:00, run_after=2025-04-27 00:00:00+00:00
[2025-04-27T15:03:24.068+0000] {processor.py:183} INFO - Processing /opt/airflow/dags/exampledag.py took 0.160 seconds
[2025-04-27T15:03:54.788+0000] {processor.py:161} INFO - Started process (PID=10320) to work on /opt/airflow/dags/exampledag.py
[2025-04-27T15:03:54.789+0000] {processor.py:830} INFO - Processing file /opt/airflow/dags/exampledag.py for tasks to queue
[2025-04-27T15:03:54.790+0000] {logging_mixin.py:188} INFO - [2025-04-27T15:03:54.790+0000] {dagbag.py:538} INFO - Filling up the DagBag from /opt/airflow/dags/exampledag.py
[2025-04-27T15:03:54.842+0000] {processor.py:840} INFO - DAG(s) 'chethan_test_dag' retrieved from /opt/airflow/dags/exampledag.py
[2025-04-27T15:03:54.868+0000] {logging_mixin.py:188} INFO - [2025-04-27T15:03:54.867+0000] {dag.py:3036} INFO - Sync 1 DAGs
[2025-04-27T15:03:54.891+0000] {logging_mixin.py:188} INFO - [2025-04-27T15:03:54.891+0000] {dag.py:3823} INFO - Setting next_dagrun for chethan_test_dag to 2025-04-26 00:00:00+00:00, run_after=2025-04-27 00:00:00+00:00
[2025-04-27T15:03:54.910+0000] {processor.py:183} INFO - Processing /opt/airflow/dags/exampledag.py took 0.125 seconds
[2025-04-27T15:04:25.765+0000] {processor.py:161} INFO - Started process (PID=10368) to work on /opt/airflow/dags/exampledag.py
[2025-04-27T15:04:25.766+0000] {processor.py:830} INFO - Processing file /opt/airflow/dags/exampledag.py for tasks to queue
[2025-04-27T15:04:25.768+0000] {logging_mixin.py:188} INFO - [2025-04-27T15:04:25.767+0000] {dagbag.py:538} INFO - Filling up the DagBag from /opt/airflow/dags/exampledag.py
[2025-04-27T15:04:25.821+0000] {processor.py:840} INFO - DAG(s) 'chethan_test_dag' retrieved from /opt/airflow/dags/exampledag.py
[2025-04-27T15:04:25.873+0000] {logging_mixin.py:188} INFO - [2025-04-27T15:04:25.873+0000] {dag.py:3036} INFO - Sync 1 DAGs
[2025-04-27T15:04:25.912+0000] {logging_mixin.py:188} INFO - [2025-04-27T15:04:25.911+0000] {dag.py:3823} INFO - Setting next_dagrun for chethan_test_dag to 2025-04-26 00:00:00+00:00, run_after=2025-04-27 00:00:00+00:00
[2025-04-27T15:04:25.949+0000] {processor.py:183} INFO - Processing /opt/airflow/dags/exampledag.py took 0.191 seconds
[2025-04-27T15:04:57.553+0000] {processor.py:161} INFO - Started process (PID=10412) to work on /opt/airflow/dags/exampledag.py
[2025-04-27T15:04:57.555+0000] {processor.py:830} INFO - Processing file /opt/airflow/dags/exampledag.py for tasks to queue
[2025-04-27T15:04:57.557+0000] {logging_mixin.py:188} INFO - [2025-04-27T15:04:57.556+0000] {dagbag.py:538} INFO - Filling up the DagBag from /opt/airflow/dags/exampledag.py
[2025-04-27T15:04:57.603+0000] {processor.py:840} INFO - DAG(s) 'chethan_test_dag' retrieved from /opt/airflow/dags/exampledag.py
[2025-04-27T15:04:57.662+0000] {logging_mixin.py:188} INFO - [2025-04-27T15:04:57.661+0000] {dag.py:3036} INFO - Sync 1 DAGs
[2025-04-27T15:04:57.703+0000] {logging_mixin.py:188} INFO - [2025-04-27T15:04:57.703+0000] {dag.py:3823} INFO - Setting next_dagrun for chethan_test_dag to 2025-04-26 00:00:00+00:00, run_after=2025-04-27 00:00:00+00:00
[2025-04-27T15:04:57.743+0000] {processor.py:183} INFO - Processing /opt/airflow/dags/exampledag.py took 0.195 seconds
[2025-04-27T15:05:28.806+0000] {processor.py:161} INFO - Started process (PID=10457) to work on /opt/airflow/dags/exampledag.py
[2025-04-27T15:05:28.807+0000] {processor.py:830} INFO - Processing file /opt/airflow/dags/exampledag.py for tasks to queue
[2025-04-27T15:05:28.808+0000] {logging_mixin.py:188} INFO - [2025-04-27T15:05:28.808+0000] {dagbag.py:538} INFO - Filling up the DagBag from /opt/airflow/dags/exampledag.py
[2025-04-27T15:05:28.833+0000] {processor.py:840} INFO - DAG(s) 'chethan_test_dag' retrieved from /opt/airflow/dags/exampledag.py
[2025-04-27T15:05:28.853+0000] {logging_mixin.py:188} INFO - [2025-04-27T15:05:28.852+0000] {dag.py:3036} INFO - Sync 1 DAGs
[2025-04-27T15:05:28.870+0000] {logging_mixin.py:188} INFO - [2025-04-27T15:05:28.870+0000] {dag.py:3823} INFO - Setting next_dagrun for chethan_test_dag to 2025-04-26 00:00:00+00:00, run_after=2025-04-27 00:00:00+00:00
[2025-04-27T15:05:28.887+0000] {processor.py:183} INFO - Processing /opt/airflow/dags/exampledag.py took 0.083 seconds
[2025-04-27T15:05:59.473+0000] {processor.py:161} INFO - Started process (PID=10500) to work on /opt/airflow/dags/exampledag.py
[2025-04-27T15:05:59.474+0000] {processor.py:830} INFO - Processing file /opt/airflow/dags/exampledag.py for tasks to queue
[2025-04-27T15:05:59.475+0000] {logging_mixin.py:188} INFO - [2025-04-27T15:05:59.475+0000] {dagbag.py:538} INFO - Filling up the DagBag from /opt/airflow/dags/exampledag.py
[2025-04-27T15:05:59.499+0000] {processor.py:840} INFO - DAG(s) 'chethan_test_dag' retrieved from /opt/airflow/dags/exampledag.py
[2025-04-27T15:05:59.520+0000] {logging_mixin.py:188} INFO - [2025-04-27T15:05:59.520+0000] {dag.py:3036} INFO - Sync 1 DAGs
[2025-04-27T15:05:59.538+0000] {logging_mixin.py:188} INFO - [2025-04-27T15:05:59.538+0000] {dag.py:3823} INFO - Setting next_dagrun for chethan_test_dag to 2025-04-26 00:00:00+00:00, run_after=2025-04-27 00:00:00+00:00
[2025-04-27T15:05:59.555+0000] {processor.py:183} INFO - Processing /opt/airflow/dags/exampledag.py took 0.085 seconds
[2025-04-27T15:06:30.078+0000] {processor.py:161} INFO - Started process (PID=10543) to work on /opt/airflow/dags/exampledag.py
[2025-04-27T15:06:30.079+0000] {processor.py:830} INFO - Processing file /opt/airflow/dags/exampledag.py for tasks to queue
[2025-04-27T15:06:30.080+0000] {logging_mixin.py:188} INFO - [2025-04-27T15:06:30.079+0000] {dagbag.py:538} INFO - Filling up the DagBag from /opt/airflow/dags/exampledag.py
[2025-04-27T15:06:30.101+0000] {processor.py:840} INFO - DAG(s) 'chethan_test_dag' retrieved from /opt/airflow/dags/exampledag.py
[2025-04-27T15:06:30.119+0000] {logging_mixin.py:188} INFO - [2025-04-27T15:06:30.119+0000] {dag.py:3036} INFO - Sync 1 DAGs
[2025-04-27T15:06:30.137+0000] {logging_mixin.py:188} INFO - [2025-04-27T15:06:30.137+0000] {dag.py:3823} INFO - Setting next_dagrun for chethan_test_dag to 2025-04-26 00:00:00+00:00, run_after=2025-04-27 00:00:00+00:00
[2025-04-27T15:06:30.153+0000] {processor.py:183} INFO - Processing /opt/airflow/dags/exampledag.py took 0.078 seconds
[2025-04-27T15:07:01.072+0000] {processor.py:161} INFO - Started process (PID=10586) to work on /opt/airflow/dags/exampledag.py
[2025-04-27T15:07:01.074+0000] {processor.py:830} INFO - Processing file /opt/airflow/dags/exampledag.py for tasks to queue
[2025-04-27T15:07:01.076+0000] {logging_mixin.py:188} INFO - [2025-04-27T15:07:01.075+0000] {dagbag.py:538} INFO - Filling up the DagBag from /opt/airflow/dags/exampledag.py
[2025-04-27T15:07:01.113+0000] {processor.py:840} INFO - DAG(s) 'chethan_test_dag' retrieved from /opt/airflow/dags/exampledag.py
[2025-04-27T15:07:01.156+0000] {logging_mixin.py:188} INFO - [2025-04-27T15:07:01.156+0000] {dag.py:3036} INFO - Sync 1 DAGs
[2025-04-27T15:07:01.189+0000] {logging_mixin.py:188} INFO - [2025-04-27T15:07:01.189+0000] {dag.py:3823} INFO - Setting next_dagrun for chethan_test_dag to 2025-04-26 00:00:00+00:00, run_after=2025-04-27 00:00:00+00:00
[2025-04-27T15:07:01.217+0000] {processor.py:183} INFO - Processing /opt/airflow/dags/exampledag.py took 0.151 seconds
[2025-04-27T15:07:31.744+0000] {processor.py:161} INFO - Started process (PID=10629) to work on /opt/airflow/dags/exampledag.py
[2025-04-27T15:07:31.747+0000] {processor.py:830} INFO - Processing file /opt/airflow/dags/exampledag.py for tasks to queue
[2025-04-27T15:07:31.749+0000] {logging_mixin.py:188} INFO - [2025-04-27T15:07:31.748+0000] {dagbag.py:538} INFO - Filling up the DagBag from /opt/airflow/dags/exampledag.py
[2025-04-27T15:07:31.806+0000] {processor.py:840} INFO - DAG(s) 'chethan_test_dag' retrieved from /opt/airflow/dags/exampledag.py
[2025-04-27T15:07:31.833+0000] {logging_mixin.py:188} INFO - [2025-04-27T15:07:31.832+0000] {dag.py:3036} INFO - Sync 1 DAGs
[2025-04-27T15:07:31.850+0000] {logging_mixin.py:188} INFO - [2025-04-27T15:07:31.850+0000] {dag.py:3823} INFO - Setting next_dagrun for chethan_test_dag to 2025-04-26 00:00:00+00:00, run_after=2025-04-27 00:00:00+00:00
[2025-04-27T15:07:31.868+0000] {processor.py:183} INFO - Processing /opt/airflow/dags/exampledag.py took 0.129 seconds
[2025-04-27T15:08:02.766+0000] {processor.py:161} INFO - Started process (PID=10672) to work on /opt/airflow/dags/exampledag.py
[2025-04-27T15:08:02.767+0000] {processor.py:830} INFO - Processing file /opt/airflow/dags/exampledag.py for tasks to queue
[2025-04-27T15:08:02.768+0000] {logging_mixin.py:188} INFO - [2025-04-27T15:08:02.767+0000] {dagbag.py:538} INFO - Filling up the DagBag from /opt/airflow/dags/exampledag.py
[2025-04-27T15:08:02.815+0000] {processor.py:840} INFO - DAG(s) 'chethan_test_dag' retrieved from /opt/airflow/dags/exampledag.py
[2025-04-27T15:08:02.843+0000] {logging_mixin.py:188} INFO - [2025-04-27T15:08:02.843+0000] {dag.py:3036} INFO - Sync 1 DAGs
[2025-04-27T15:08:02.862+0000] {logging_mixin.py:188} INFO - [2025-04-27T15:08:02.862+0000] {dag.py:3823} INFO - Setting next_dagrun for chethan_test_dag to 2025-04-26 00:00:00+00:00, run_after=2025-04-27 00:00:00+00:00
[2025-04-27T15:08:02.880+0000] {processor.py:183} INFO - Processing /opt/airflow/dags/exampledag.py took 0.118 seconds
[2025-04-27T15:08:33.893+0000] {processor.py:161} INFO - Started process (PID=10715) to work on /opt/airflow/dags/exampledag.py
[2025-04-27T15:08:33.894+0000] {processor.py:830} INFO - Processing file /opt/airflow/dags/exampledag.py for tasks to queue
[2025-04-27T15:08:33.896+0000] {logging_mixin.py:188} INFO - [2025-04-27T15:08:33.895+0000] {dagbag.py:538} INFO - Filling up the DagBag from /opt/airflow/dags/exampledag.py
[2025-04-27T15:08:33.930+0000] {processor.py:840} INFO - DAG(s) 'chethan_test_dag' retrieved from /opt/airflow/dags/exampledag.py
[2025-04-27T15:08:33.962+0000] {logging_mixin.py:188} INFO - [2025-04-27T15:08:33.961+0000] {dag.py:3036} INFO - Sync 1 DAGs
[2025-04-27T15:08:33.987+0000] {logging_mixin.py:188} INFO - [2025-04-27T15:08:33.987+0000] {dag.py:3823} INFO - Setting next_dagrun for chethan_test_dag to 2025-04-26 00:00:00+00:00, run_after=2025-04-27 00:00:00+00:00
[2025-04-27T15:08:34.012+0000] {processor.py:183} INFO - Processing /opt/airflow/dags/exampledag.py took 0.123 seconds
[2025-04-27T15:09:04.293+0000] {processor.py:161} INFO - Started process (PID=10755) to work on /opt/airflow/dags/exampledag.py
[2025-04-27T15:09:04.295+0000] {processor.py:830} INFO - Processing file /opt/airflow/dags/exampledag.py for tasks to queue
[2025-04-27T15:09:04.296+0000] {logging_mixin.py:188} INFO - [2025-04-27T15:09:04.296+0000] {dagbag.py:538} INFO - Filling up the DagBag from /opt/airflow/dags/exampledag.py
[2025-04-27T15:09:04.332+0000] {processor.py:840} INFO - DAG(s) 'chethan_test_dag' retrieved from /opt/airflow/dags/exampledag.py
[2025-04-27T15:09:04.360+0000] {logging_mixin.py:188} INFO - [2025-04-27T15:09:04.360+0000] {dag.py:3036} INFO - Sync 1 DAGs
[2025-04-27T15:09:04.388+0000] {logging_mixin.py:188} INFO - [2025-04-27T15:09:04.388+0000] {dag.py:3823} INFO - Setting next_dagrun for chethan_test_dag to 2025-04-26 00:00:00+00:00, run_after=2025-04-27 00:00:00+00:00
[2025-04-27T15:09:04.418+0000] {processor.py:183} INFO - Processing /opt/airflow/dags/exampledag.py took 0.128 seconds
[2025-04-27T15:09:35.036+0000] {processor.py:161} INFO - Started process (PID=10798) to work on /opt/airflow/dags/exampledag.py
[2025-04-27T15:09:35.038+0000] {processor.py:830} INFO - Processing file /opt/airflow/dags/exampledag.py for tasks to queue
[2025-04-27T15:09:35.040+0000] {logging_mixin.py:188} INFO - [2025-04-27T15:09:35.039+0000] {dagbag.py:538} INFO - Filling up the DagBag from /opt/airflow/dags/exampledag.py
[2025-04-27T15:09:35.087+0000] {processor.py:840} INFO - DAG(s) 'chethan_test_dag' retrieved from /opt/airflow/dags/exampledag.py
[2025-04-27T15:09:35.128+0000] {logging_mixin.py:188} INFO - [2025-04-27T15:09:35.128+0000] {dag.py:3036} INFO - Sync 1 DAGs
[2025-04-27T15:09:35.161+0000] {logging_mixin.py:188} INFO - [2025-04-27T15:09:35.160+0000] {dag.py:3823} INFO - Setting next_dagrun for chethan_test_dag to 2025-04-26 00:00:00+00:00, run_after=2025-04-27 00:00:00+00:00
[2025-04-27T15:09:35.182+0000] {processor.py:183} INFO - Processing /opt/airflow/dags/exampledag.py took 0.150 seconds
[2025-04-27T15:10:06.089+0000] {processor.py:161} INFO - Started process (PID=10842) to work on /opt/airflow/dags/exampledag.py
[2025-04-27T15:10:06.091+0000] {processor.py:830} INFO - Processing file /opt/airflow/dags/exampledag.py for tasks to queue
[2025-04-27T15:10:06.093+0000] {logging_mixin.py:188} INFO - [2025-04-27T15:10:06.092+0000] {dagbag.py:538} INFO - Filling up the DagBag from /opt/airflow/dags/exampledag.py
[2025-04-27T15:10:06.137+0000] {processor.py:840} INFO - DAG(s) 'chethan_test_dag' retrieved from /opt/airflow/dags/exampledag.py
[2025-04-27T15:10:06.182+0000] {logging_mixin.py:188} INFO - [2025-04-27T15:10:06.182+0000] {dag.py:3036} INFO - Sync 1 DAGs
[2025-04-27T15:10:06.218+0000] {logging_mixin.py:188} INFO - [2025-04-27T15:10:06.218+0000] {dag.py:3823} INFO - Setting next_dagrun for chethan_test_dag to 2025-04-26 00:00:00+00:00, run_after=2025-04-27 00:00:00+00:00
[2025-04-27T15:10:06.256+0000] {processor.py:183} INFO - Processing /opt/airflow/dags/exampledag.py took 0.175 seconds
[2025-04-27T15:10:37.292+0000] {processor.py:161} INFO - Started process (PID=10887) to work on /opt/airflow/dags/exampledag.py
[2025-04-27T15:10:37.294+0000] {processor.py:830} INFO - Processing file /opt/airflow/dags/exampledag.py for tasks to queue
[2025-04-27T15:10:37.295+0000] {logging_mixin.py:188} INFO - [2025-04-27T15:10:37.295+0000] {dagbag.py:538} INFO - Filling up the DagBag from /opt/airflow/dags/exampledag.py
[2025-04-27T15:10:37.331+0000] {processor.py:840} INFO - DAG(s) 'chethan_test_dag' retrieved from /opt/airflow/dags/exampledag.py
[2025-04-27T15:10:37.367+0000] {logging_mixin.py:188} INFO - [2025-04-27T15:10:37.367+0000] {dag.py:3036} INFO - Sync 1 DAGs
[2025-04-27T15:10:37.398+0000] {logging_mixin.py:188} INFO - [2025-04-27T15:10:37.397+0000] {dag.py:3823} INFO - Setting next_dagrun for chethan_test_dag to 2025-04-26 00:00:00+00:00, run_after=2025-04-27 00:00:00+00:00
[2025-04-27T15:10:37.425+0000] {processor.py:183} INFO - Processing /opt/airflow/dags/exampledag.py took 0.136 seconds
[2025-04-27T15:11:08.360+0000] {processor.py:161} INFO - Started process (PID=10930) to work on /opt/airflow/dags/exampledag.py
[2025-04-27T15:11:08.361+0000] {processor.py:830} INFO - Processing file /opt/airflow/dags/exampledag.py for tasks to queue
[2025-04-27T15:11:08.362+0000] {logging_mixin.py:188} INFO - [2025-04-27T15:11:08.362+0000] {dagbag.py:538} INFO - Filling up the DagBag from /opt/airflow/dags/exampledag.py
[2025-04-27T15:11:08.385+0000] {processor.py:840} INFO - DAG(s) 'chethan_test_dag' retrieved from /opt/airflow/dags/exampledag.py
[2025-04-27T15:11:08.410+0000] {logging_mixin.py:188} INFO - [2025-04-27T15:11:08.410+0000] {dag.py:3036} INFO - Sync 1 DAGs
[2025-04-27T15:11:08.431+0000] {logging_mixin.py:188} INFO - [2025-04-27T15:11:08.431+0000] {dag.py:3823} INFO - Setting next_dagrun for chethan_test_dag to 2025-04-26 00:00:00+00:00, run_after=2025-04-27 00:00:00+00:00
[2025-04-27T15:11:08.449+0000] {processor.py:183} INFO - Processing /opt/airflow/dags/exampledag.py took 0.091 seconds
[2025-04-27T15:11:39.709+0000] {processor.py:161} INFO - Started process (PID=10973) to work on /opt/airflow/dags/exampledag.py
[2025-04-27T15:11:39.710+0000] {processor.py:830} INFO - Processing file /opt/airflow/dags/exampledag.py for tasks to queue
[2025-04-27T15:11:39.712+0000] {logging_mixin.py:188} INFO - [2025-04-27T15:11:39.711+0000] {dagbag.py:538} INFO - Filling up the DagBag from /opt/airflow/dags/exampledag.py
[2025-04-27T15:11:39.745+0000] {processor.py:840} INFO - DAG(s) 'chethan_test_dag' retrieved from /opt/airflow/dags/exampledag.py
[2025-04-27T15:11:39.781+0000] {logging_mixin.py:188} INFO - [2025-04-27T15:11:39.780+0000] {dag.py:3036} INFO - Sync 1 DAGs
[2025-04-27T15:11:39.809+0000] {logging_mixin.py:188} INFO - [2025-04-27T15:11:39.809+0000] {dag.py:3823} INFO - Setting next_dagrun for chethan_test_dag to 2025-04-26 00:00:00+00:00, run_after=2025-04-27 00:00:00+00:00
[2025-04-27T15:11:39.835+0000] {processor.py:183} INFO - Processing /opt/airflow/dags/exampledag.py took 0.129 seconds
[2025-04-27T15:12:10.793+0000] {processor.py:161} INFO - Started process (PID=11014) to work on /opt/airflow/dags/exampledag.py
[2025-04-27T15:12:10.795+0000] {processor.py:830} INFO - Processing file /opt/airflow/dags/exampledag.py for tasks to queue
[2025-04-27T15:12:10.798+0000] {logging_mixin.py:188} INFO - [2025-04-27T15:12:10.797+0000] {dagbag.py:538} INFO - Filling up the DagBag from /opt/airflow/dags/exampledag.py
[2025-04-27T15:12:10.842+0000] {processor.py:840} INFO - DAG(s) 'chethan_test_dag' retrieved from /opt/airflow/dags/exampledag.py
[2025-04-27T15:12:10.898+0000] {logging_mixin.py:188} INFO - [2025-04-27T15:12:10.897+0000] {dag.py:3036} INFO - Sync 1 DAGs
[2025-04-27T15:12:10.942+0000] {logging_mixin.py:188} INFO - [2025-04-27T15:12:10.942+0000] {dag.py:3823} INFO - Setting next_dagrun for chethan_test_dag to 2025-04-26 00:00:00+00:00, run_after=2025-04-27 00:00:00+00:00
[2025-04-27T15:12:11.000+0000] {processor.py:183} INFO - Processing /opt/airflow/dags/exampledag.py took 0.211 seconds
[2025-04-27T15:12:42.115+0000] {processor.py:161} INFO - Started process (PID=11053) to work on /opt/airflow/dags/exampledag.py
[2025-04-27T15:12:42.116+0000] {processor.py:830} INFO - Processing file /opt/airflow/dags/exampledag.py for tasks to queue
[2025-04-27T15:12:42.117+0000] {logging_mixin.py:188} INFO - [2025-04-27T15:12:42.117+0000] {dagbag.py:538} INFO - Filling up the DagBag from /opt/airflow/dags/exampledag.py
[2025-04-27T15:12:42.154+0000] {processor.py:840} INFO - DAG(s) 'chethan_test_dag' retrieved from /opt/airflow/dags/exampledag.py
[2025-04-27T15:12:42.193+0000] {logging_mixin.py:188} INFO - [2025-04-27T15:12:42.193+0000] {dag.py:3036} INFO - Sync 1 DAGs
[2025-04-27T15:12:42.217+0000] {logging_mixin.py:188} INFO - [2025-04-27T15:12:42.217+0000] {dag.py:3823} INFO - Setting next_dagrun for chethan_test_dag to 2025-04-26 00:00:00+00:00, run_after=2025-04-27 00:00:00+00:00
[2025-04-27T15:12:42.239+0000] {processor.py:183} INFO - Processing /opt/airflow/dags/exampledag.py took 0.128 seconds
[2025-04-27T15:13:13.010+0000] {processor.py:161} INFO - Started process (PID=11094) to work on /opt/airflow/dags/exampledag.py
[2025-04-27T15:13:13.011+0000] {processor.py:830} INFO - Processing file /opt/airflow/dags/exampledag.py for tasks to queue
[2025-04-27T15:13:13.012+0000] {logging_mixin.py:188} INFO - [2025-04-27T15:13:13.012+0000] {dagbag.py:538} INFO - Filling up the DagBag from /opt/airflow/dags/exampledag.py
[2025-04-27T15:13:13.070+0000] {processor.py:840} INFO - DAG(s) 'chethan_test_dag' retrieved from /opt/airflow/dags/exampledag.py
[2025-04-27T15:13:13.096+0000] {logging_mixin.py:188} INFO - [2025-04-27T15:13:13.095+0000] {dag.py:3036} INFO - Sync 1 DAGs
[2025-04-27T15:13:13.149+0000] {logging_mixin.py:188} INFO - [2025-04-27T15:13:13.149+0000] {dag.py:3823} INFO - Setting next_dagrun for chethan_test_dag to 2025-04-26 00:00:00+00:00, run_after=2025-04-27 00:00:00+00:00
[2025-04-27T15:13:13.178+0000] {processor.py:183} INFO - Processing /opt/airflow/dags/exampledag.py took 0.172 seconds
[2025-04-27T15:13:43.840+0000] {processor.py:161} INFO - Started process (PID=11139) to work on /opt/airflow/dags/exampledag.py
[2025-04-27T15:13:43.844+0000] {processor.py:830} INFO - Processing file /opt/airflow/dags/exampledag.py for tasks to queue
[2025-04-27T15:13:43.846+0000] {logging_mixin.py:188} INFO - [2025-04-27T15:13:43.845+0000] {dagbag.py:538} INFO - Filling up the DagBag from /opt/airflow/dags/exampledag.py
[2025-04-27T15:13:43.924+0000] {processor.py:840} INFO - DAG(s) 'chethan_test_dag' retrieved from /opt/airflow/dags/exampledag.py
[2025-04-27T15:13:43.971+0000] {logging_mixin.py:188} INFO - [2025-04-27T15:13:43.970+0000] {dag.py:3036} INFO - Sync 1 DAGs
[2025-04-27T15:13:44.006+0000] {logging_mixin.py:188} INFO - [2025-04-27T15:13:44.006+0000] {dag.py:3823} INFO - Setting next_dagrun for chethan_test_dag to 2025-04-26 00:00:00+00:00, run_after=2025-04-27 00:00:00+00:00
[2025-04-27T15:13:44.041+0000] {processor.py:183} INFO - Processing /opt/airflow/dags/exampledag.py took 0.212 seconds
[2025-04-27T15:14:15.033+0000] {processor.py:161} INFO - Started process (PID=11185) to work on /opt/airflow/dags/exampledag.py
[2025-04-27T15:14:15.034+0000] {processor.py:830} INFO - Processing file /opt/airflow/dags/exampledag.py for tasks to queue
[2025-04-27T15:14:15.036+0000] {logging_mixin.py:188} INFO - [2025-04-27T15:14:15.035+0000] {dagbag.py:538} INFO - Filling up the DagBag from /opt/airflow/dags/exampledag.py
[2025-04-27T15:14:15.062+0000] {processor.py:840} INFO - DAG(s) 'chethan_test_dag' retrieved from /opt/airflow/dags/exampledag.py
[2025-04-27T15:14:15.088+0000] {logging_mixin.py:188} INFO - [2025-04-27T15:14:15.087+0000] {dag.py:3036} INFO - Sync 1 DAGs
[2025-04-27T15:14:15.110+0000] {logging_mixin.py:188} INFO - [2025-04-27T15:14:15.110+0000] {dag.py:3823} INFO - Setting next_dagrun for chethan_test_dag to 2025-04-26 00:00:00+00:00, run_after=2025-04-27 00:00:00+00:00
[2025-04-27T15:14:15.133+0000] {processor.py:183} INFO - Processing /opt/airflow/dags/exampledag.py took 0.103 seconds
[2025-04-27T15:14:45.842+0000] {processor.py:161} INFO - Started process (PID=11231) to work on /opt/airflow/dags/exampledag.py
[2025-04-27T15:14:45.843+0000] {processor.py:830} INFO - Processing file /opt/airflow/dags/exampledag.py for tasks to queue
[2025-04-27T15:14:45.844+0000] {logging_mixin.py:188} INFO - [2025-04-27T15:14:45.844+0000] {dagbag.py:538} INFO - Filling up the DagBag from /opt/airflow/dags/exampledag.py
[2025-04-27T15:14:45.868+0000] {processor.py:840} INFO - DAG(s) 'chethan_test_dag' retrieved from /opt/airflow/dags/exampledag.py
[2025-04-27T15:14:45.891+0000] {logging_mixin.py:188} INFO - [2025-04-27T15:14:45.891+0000] {dag.py:3036} INFO - Sync 1 DAGs
[2025-04-27T15:14:45.910+0000] {logging_mixin.py:188} INFO - [2025-04-27T15:14:45.909+0000] {dag.py:3823} INFO - Setting next_dagrun for chethan_test_dag to 2025-04-26 00:00:00+00:00, run_after=2025-04-27 00:00:00+00:00
[2025-04-27T15:14:45.932+0000] {processor.py:183} INFO - Processing /opt/airflow/dags/exampledag.py took 0.092 seconds
[2025-04-27T15:15:16.464+0000] {processor.py:161} INFO - Started process (PID=11274) to work on /opt/airflow/dags/exampledag.py
[2025-04-27T15:15:16.465+0000] {processor.py:830} INFO - Processing file /opt/airflow/dags/exampledag.py for tasks to queue
[2025-04-27T15:15:16.466+0000] {logging_mixin.py:188} INFO - [2025-04-27T15:15:16.466+0000] {dagbag.py:538} INFO - Filling up the DagBag from /opt/airflow/dags/exampledag.py
[2025-04-27T15:15:16.490+0000] {processor.py:840} INFO - DAG(s) 'chethan_test_dag' retrieved from /opt/airflow/dags/exampledag.py
[2025-04-27T15:15:16.516+0000] {logging_mixin.py:188} INFO - [2025-04-27T15:15:16.516+0000] {dag.py:3036} INFO - Sync 1 DAGs
[2025-04-27T15:15:16.544+0000] {logging_mixin.py:188} INFO - [2025-04-27T15:15:16.543+0000] {dag.py:3823} INFO - Setting next_dagrun for chethan_test_dag to 2025-04-26 00:00:00+00:00, run_after=2025-04-27 00:00:00+00:00
[2025-04-27T15:15:16.573+0000] {processor.py:183} INFO - Processing /opt/airflow/dags/exampledag.py took 0.114 seconds
[2025-04-27T15:15:47.229+0000] {processor.py:161} INFO - Started process (PID=11317) to work on /opt/airflow/dags/exampledag.py
[2025-04-27T15:15:47.231+0000] {processor.py:830} INFO - Processing file /opt/airflow/dags/exampledag.py for tasks to queue
[2025-04-27T15:15:47.232+0000] {logging_mixin.py:188} INFO - [2025-04-27T15:15:47.232+0000] {dagbag.py:538} INFO - Filling up the DagBag from /opt/airflow/dags/exampledag.py
[2025-04-27T15:15:47.261+0000] {processor.py:840} INFO - DAG(s) 'chethan_test_dag' retrieved from /opt/airflow/dags/exampledag.py
[2025-04-27T15:15:47.285+0000] {logging_mixin.py:188} INFO - [2025-04-27T15:15:47.285+0000] {dag.py:3036} INFO - Sync 1 DAGs
[2025-04-27T15:15:47.304+0000] {logging_mixin.py:188} INFO - [2025-04-27T15:15:47.304+0000] {dag.py:3823} INFO - Setting next_dagrun for chethan_test_dag to 2025-04-26 00:00:00+00:00, run_after=2025-04-27 00:00:00+00:00
[2025-04-27T15:15:47.324+0000] {processor.py:183} INFO - Processing /opt/airflow/dags/exampledag.py took 0.097 seconds
[2025-04-27T15:16:17.961+0000] {processor.py:161} INFO - Started process (PID=11360) to work on /opt/airflow/dags/exampledag.py
[2025-04-27T15:16:17.962+0000] {processor.py:830} INFO - Processing file /opt/airflow/dags/exampledag.py for tasks to queue
[2025-04-27T15:16:17.964+0000] {logging_mixin.py:188} INFO - [2025-04-27T15:16:17.964+0000] {dagbag.py:538} INFO - Filling up the DagBag from /opt/airflow/dags/exampledag.py
[2025-04-27T15:16:18.000+0000] {processor.py:840} INFO - DAG(s) 'chethan_test_dag' retrieved from /opt/airflow/dags/exampledag.py
[2025-04-27T15:16:18.028+0000] {logging_mixin.py:188} INFO - [2025-04-27T15:16:18.028+0000] {dag.py:3036} INFO - Sync 1 DAGs
[2025-04-27T15:16:18.056+0000] {logging_mixin.py:188} INFO - [2025-04-27T15:16:18.056+0000] {dag.py:3823} INFO - Setting next_dagrun for chethan_test_dag to 2025-04-26 00:00:00+00:00, run_after=2025-04-27 00:00:00+00:00
[2025-04-27T15:16:18.080+0000] {processor.py:183} INFO - Processing /opt/airflow/dags/exampledag.py took 0.122 seconds
[2025-04-27T15:16:48.767+0000] {processor.py:161} INFO - Started process (PID=11403) to work on /opt/airflow/dags/exampledag.py
[2025-04-27T15:16:48.768+0000] {processor.py:830} INFO - Processing file /opt/airflow/dags/exampledag.py for tasks to queue
[2025-04-27T15:16:48.769+0000] {logging_mixin.py:188} INFO - [2025-04-27T15:16:48.769+0000] {dagbag.py:538} INFO - Filling up the DagBag from /opt/airflow/dags/exampledag.py
[2025-04-27T15:16:48.802+0000] {processor.py:840} INFO - DAG(s) 'chethan_test_dag' retrieved from /opt/airflow/dags/exampledag.py
[2025-04-27T15:16:48.833+0000] {logging_mixin.py:188} INFO - [2025-04-27T15:16:48.833+0000] {dag.py:3036} INFO - Sync 1 DAGs
[2025-04-27T15:16:48.857+0000] {logging_mixin.py:188} INFO - [2025-04-27T15:16:48.857+0000] {dag.py:3823} INFO - Setting next_dagrun for chethan_test_dag to 2025-04-26 00:00:00+00:00, run_after=2025-04-27 00:00:00+00:00
[2025-04-27T15:16:48.881+0000] {processor.py:183} INFO - Processing /opt/airflow/dags/exampledag.py took 0.117 seconds
[2025-04-27T15:17:19.268+0000] {processor.py:161} INFO - Started process (PID=11443) to work on /opt/airflow/dags/exampledag.py
[2025-04-27T15:17:19.269+0000] {processor.py:830} INFO - Processing file /opt/airflow/dags/exampledag.py for tasks to queue
[2025-04-27T15:17:19.271+0000] {logging_mixin.py:188} INFO - [2025-04-27T15:17:19.271+0000] {dagbag.py:538} INFO - Filling up the DagBag from /opt/airflow/dags/exampledag.py
[2025-04-27T15:17:19.304+0000] {processor.py:840} INFO - DAG(s) 'chethan_test_dag' retrieved from /opt/airflow/dags/exampledag.py
[2025-04-27T15:17:19.334+0000] {logging_mixin.py:188} INFO - [2025-04-27T15:17:19.333+0000] {dag.py:3036} INFO - Sync 1 DAGs
[2025-04-27T15:17:19.357+0000] {logging_mixin.py:188} INFO - [2025-04-27T15:17:19.356+0000] {dag.py:3823} INFO - Setting next_dagrun for chethan_test_dag to 2025-04-26 00:00:00+00:00, run_after=2025-04-27 00:00:00+00:00
[2025-04-27T15:17:19.379+0000] {processor.py:183} INFO - Processing /opt/airflow/dags/exampledag.py took 0.114 seconds
[2025-04-27T15:17:49.657+0000] {processor.py:161} INFO - Started process (PID=11486) to work on /opt/airflow/dags/exampledag.py
[2025-04-27T15:17:49.658+0000] {processor.py:830} INFO - Processing file /opt/airflow/dags/exampledag.py for tasks to queue
[2025-04-27T15:17:49.659+0000] {logging_mixin.py:188} INFO - [2025-04-27T15:17:49.659+0000] {dagbag.py:538} INFO - Filling up the DagBag from /opt/airflow/dags/exampledag.py
[2025-04-27T15:17:49.684+0000] {processor.py:840} INFO - DAG(s) 'chethan_test_dag' retrieved from /opt/airflow/dags/exampledag.py
[2025-04-27T15:17:49.714+0000] {logging_mixin.py:188} INFO - [2025-04-27T15:17:49.714+0000] {dag.py:3036} INFO - Sync 1 DAGs
[2025-04-27T15:17:49.742+0000] {logging_mixin.py:188} INFO - [2025-04-27T15:17:49.741+0000] {dag.py:3823} INFO - Setting next_dagrun for chethan_test_dag to 2025-04-26 00:00:00+00:00, run_after=2025-04-27 00:00:00+00:00
[2025-04-27T15:17:49.768+0000] {processor.py:183} INFO - Processing /opt/airflow/dags/exampledag.py took 0.114 seconds
[2025-04-27T15:18:20.094+0000] {processor.py:161} INFO - Started process (PID=11526) to work on /opt/airflow/dags/exampledag.py
[2025-04-27T15:18:20.095+0000] {processor.py:830} INFO - Processing file /opt/airflow/dags/exampledag.py for tasks to queue
[2025-04-27T15:18:20.097+0000] {logging_mixin.py:188} INFO - [2025-04-27T15:18:20.096+0000] {dagbag.py:538} INFO - Filling up the DagBag from /opt/airflow/dags/exampledag.py
[2025-04-27T15:18:20.123+0000] {processor.py:840} INFO - DAG(s) 'chethan_test_dag' retrieved from /opt/airflow/dags/exampledag.py
[2025-04-27T15:18:20.148+0000] {logging_mixin.py:188} INFO - [2025-04-27T15:18:20.147+0000] {dag.py:3036} INFO - Sync 1 DAGs
[2025-04-27T15:18:20.169+0000] {logging_mixin.py:188} INFO - [2025-04-27T15:18:20.168+0000] {dag.py:3823} INFO - Setting next_dagrun for chethan_test_dag to 2025-04-26 00:00:00+00:00, run_after=2025-04-27 00:00:00+00:00
[2025-04-27T15:18:20.189+0000] {processor.py:183} INFO - Processing /opt/airflow/dags/exampledag.py took 0.098 seconds
[2025-04-27T15:18:51.050+0000] {processor.py:161} INFO - Started process (PID=11569) to work on /opt/airflow/dags/exampledag.py
[2025-04-27T15:18:51.051+0000] {processor.py:830} INFO - Processing file /opt/airflow/dags/exampledag.py for tasks to queue
[2025-04-27T15:18:51.053+0000] {logging_mixin.py:188} INFO - [2025-04-27T15:18:51.052+0000] {dagbag.py:538} INFO - Filling up the DagBag from /opt/airflow/dags/exampledag.py
[2025-04-27T15:18:51.105+0000] {processor.py:840} INFO - DAG(s) 'chethan_test_dag' retrieved from /opt/airflow/dags/exampledag.py
[2025-04-27T15:18:51.151+0000] {logging_mixin.py:188} INFO - [2025-04-27T15:18:51.151+0000] {dag.py:3036} INFO - Sync 1 DAGs
[2025-04-27T15:18:51.191+0000] {logging_mixin.py:188} INFO - [2025-04-27T15:18:51.191+0000] {dag.py:3823} INFO - Setting next_dagrun for chethan_test_dag to 2025-04-26 00:00:00+00:00, run_after=2025-04-27 00:00:00+00:00
[2025-04-27T15:18:51.232+0000] {processor.py:183} INFO - Processing /opt/airflow/dags/exampledag.py took 0.185 seconds
[2025-04-27T15:19:22.047+0000] {processor.py:161} INFO - Started process (PID=11612) to work on /opt/airflow/dags/exampledag.py
[2025-04-27T15:19:22.049+0000] {processor.py:830} INFO - Processing file /opt/airflow/dags/exampledag.py for tasks to queue
[2025-04-27T15:19:22.051+0000] {logging_mixin.py:188} INFO - [2025-04-27T15:19:22.050+0000] {dagbag.py:538} INFO - Filling up the DagBag from /opt/airflow/dags/exampledag.py
[2025-04-27T15:19:22.107+0000] {processor.py:840} INFO - DAG(s) 'chethan_test_dag' retrieved from /opt/airflow/dags/exampledag.py
[2025-04-27T15:19:22.149+0000] {logging_mixin.py:188} INFO - [2025-04-27T15:19:22.149+0000] {dag.py:3036} INFO - Sync 1 DAGs
[2025-04-27T15:19:22.181+0000] {logging_mixin.py:188} INFO - [2025-04-27T15:19:22.181+0000] {dag.py:3823} INFO - Setting next_dagrun for chethan_test_dag to 2025-04-26 00:00:00+00:00, run_after=2025-04-27 00:00:00+00:00
[2025-04-27T15:19:22.212+0000] {processor.py:183} INFO - Processing /opt/airflow/dags/exampledag.py took 0.170 seconds
[2025-04-27T15:19:52.669+0000] {processor.py:161} INFO - Started process (PID=11655) to work on /opt/airflow/dags/exampledag.py
[2025-04-27T15:19:52.670+0000] {processor.py:830} INFO - Processing file /opt/airflow/dags/exampledag.py for tasks to queue
[2025-04-27T15:19:52.671+0000] {logging_mixin.py:188} INFO - [2025-04-27T15:19:52.671+0000] {dagbag.py:538} INFO - Filling up the DagBag from /opt/airflow/dags/exampledag.py
[2025-04-27T15:19:52.699+0000] {processor.py:840} INFO - DAG(s) 'chethan_test_dag' retrieved from /opt/airflow/dags/exampledag.py
[2025-04-27T15:19:52.724+0000] {logging_mixin.py:188} INFO - [2025-04-27T15:19:52.724+0000] {dag.py:3036} INFO - Sync 1 DAGs
[2025-04-27T15:19:52.748+0000] {logging_mixin.py:188} INFO - [2025-04-27T15:19:52.748+0000] {dag.py:3823} INFO - Setting next_dagrun for chethan_test_dag to 2025-04-26 00:00:00+00:00, run_after=2025-04-27 00:00:00+00:00
[2025-04-27T15:19:52.777+0000] {processor.py:183} INFO - Processing /opt/airflow/dags/exampledag.py took 0.110 seconds
[2025-04-27T15:20:23.140+0000] {processor.py:161} INFO - Started process (PID=11698) to work on /opt/airflow/dags/exampledag.py
[2025-04-27T15:20:23.141+0000] {processor.py:830} INFO - Processing file /opt/airflow/dags/exampledag.py for tasks to queue
[2025-04-27T15:20:23.142+0000] {logging_mixin.py:188} INFO - [2025-04-27T15:20:23.142+0000] {dagbag.py:538} INFO - Filling up the DagBag from /opt/airflow/dags/exampledag.py
[2025-04-27T15:20:23.165+0000] {processor.py:840} INFO - DAG(s) 'chethan_test_dag' retrieved from /opt/airflow/dags/exampledag.py
[2025-04-27T15:20:23.185+0000] {logging_mixin.py:188} INFO - [2025-04-27T15:20:23.185+0000] {dag.py:3036} INFO - Sync 1 DAGs
[2025-04-27T15:20:23.203+0000] {logging_mixin.py:188} INFO - [2025-04-27T15:20:23.202+0000] {dag.py:3823} INFO - Setting next_dagrun for chethan_test_dag to 2025-04-26 00:00:00+00:00, run_after=2025-04-27 00:00:00+00:00
[2025-04-27T15:20:23.219+0000] {processor.py:183} INFO - Processing /opt/airflow/dags/exampledag.py took 0.082 seconds
[2025-04-27T15:20:53.545+0000] {processor.py:161} INFO - Started process (PID=11741) to work on /opt/airflow/dags/exampledag.py
[2025-04-27T15:20:53.546+0000] {processor.py:830} INFO - Processing file /opt/airflow/dags/exampledag.py for tasks to queue
[2025-04-27T15:20:53.547+0000] {logging_mixin.py:188} INFO - [2025-04-27T15:20:53.547+0000] {dagbag.py:538} INFO - Filling up the DagBag from /opt/airflow/dags/exampledag.py
[2025-04-27T15:20:53.571+0000] {processor.py:840} INFO - DAG(s) 'chethan_test_dag' retrieved from /opt/airflow/dags/exampledag.py
[2025-04-27T15:20:53.600+0000] {logging_mixin.py:188} INFO - [2025-04-27T15:20:53.599+0000] {dag.py:3036} INFO - Sync 1 DAGs
[2025-04-27T15:20:53.654+0000] {logging_mixin.py:188} INFO - [2025-04-27T15:20:53.653+0000] {dag.py:3823} INFO - Setting next_dagrun for chethan_test_dag to 2025-04-26 00:00:00+00:00, run_after=2025-04-27 00:00:00+00:00
[2025-04-27T15:20:53.679+0000] {processor.py:183} INFO - Processing /opt/airflow/dags/exampledag.py took 0.137 seconds
[2025-04-27T15:21:24.094+0000] {processor.py:161} INFO - Started process (PID=11784) to work on /opt/airflow/dags/exampledag.py
[2025-04-27T15:21:24.096+0000] {processor.py:830} INFO - Processing file /opt/airflow/dags/exampledag.py for tasks to queue
[2025-04-27T15:21:24.097+0000] {logging_mixin.py:188} INFO - [2025-04-27T15:21:24.096+0000] {dagbag.py:538} INFO - Filling up the DagBag from /opt/airflow/dags/exampledag.py
[2025-04-27T15:21:24.125+0000] {processor.py:840} INFO - DAG(s) 'chethan_test_dag' retrieved from /opt/airflow/dags/exampledag.py
[2025-04-27T15:21:24.150+0000] {logging_mixin.py:188} INFO - [2025-04-27T15:21:24.149+0000] {dag.py:3036} INFO - Sync 1 DAGs
[2025-04-27T15:21:24.167+0000] {logging_mixin.py:188} INFO - [2025-04-27T15:21:24.167+0000] {dag.py:3823} INFO - Setting next_dagrun for chethan_test_dag to 2025-04-26 00:00:00+00:00, run_after=2025-04-27 00:00:00+00:00
[2025-04-27T15:21:24.184+0000] {processor.py:183} INFO - Processing /opt/airflow/dags/exampledag.py took 0.094 seconds
[2025-04-27T15:21:54.600+0000] {processor.py:161} INFO - Started process (PID=11825) to work on /opt/airflow/dags/exampledag.py
[2025-04-27T15:21:54.602+0000] {processor.py:830} INFO - Processing file /opt/airflow/dags/exampledag.py for tasks to queue
[2025-04-27T15:21:54.604+0000] {logging_mixin.py:188} INFO - [2025-04-27T15:21:54.603+0000] {dagbag.py:538} INFO - Filling up the DagBag from /opt/airflow/dags/exampledag.py
[2025-04-27T15:21:54.655+0000] {processor.py:840} INFO - DAG(s) 'chethan_test_dag' retrieved from /opt/airflow/dags/exampledag.py
[2025-04-27T15:21:54.701+0000] {logging_mixin.py:188} INFO - [2025-04-27T15:21:54.701+0000] {dag.py:3036} INFO - Sync 1 DAGs
[2025-04-27T15:21:54.745+0000] {logging_mixin.py:188} INFO - [2025-04-27T15:21:54.745+0000] {dag.py:3823} INFO - Setting next_dagrun for chethan_test_dag to 2025-04-26 00:00:00+00:00, run_after=2025-04-27 00:00:00+00:00
[2025-04-27T15:21:54.782+0000] {processor.py:183} INFO - Processing /opt/airflow/dags/exampledag.py took 0.189 seconds
[2025-04-27T15:22:25.275+0000] {processor.py:161} INFO - Started process (PID=11870) to work on /opt/airflow/dags/exampledag.py
[2025-04-27T15:22:25.276+0000] {processor.py:830} INFO - Processing file /opt/airflow/dags/exampledag.py for tasks to queue
[2025-04-27T15:22:25.277+0000] {logging_mixin.py:188} INFO - [2025-04-27T15:22:25.277+0000] {dagbag.py:538} INFO - Filling up the DagBag from /opt/airflow/dags/exampledag.py
[2025-04-27T15:22:25.299+0000] {processor.py:840} INFO - DAG(s) 'chethan_test_dag' retrieved from /opt/airflow/dags/exampledag.py
[2025-04-27T15:22:25.321+0000] {logging_mixin.py:188} INFO - [2025-04-27T15:22:25.321+0000] {dag.py:3036} INFO - Sync 1 DAGs
[2025-04-27T15:22:25.339+0000] {logging_mixin.py:188} INFO - [2025-04-27T15:22:25.339+0000] {dag.py:3823} INFO - Setting next_dagrun for chethan_test_dag to 2025-04-26 00:00:00+00:00, run_after=2025-04-27 00:00:00+00:00
[2025-04-27T15:22:25.359+0000] {processor.py:183} INFO - Processing /opt/airflow/dags/exampledag.py took 0.086 seconds
[2025-04-27T15:22:56.989+0000] {processor.py:161} INFO - Started process (PID=11919) to work on /opt/airflow/dags/exampledag.py
[2025-04-27T15:22:56.990+0000] {processor.py:830} INFO - Processing file /opt/airflow/dags/exampledag.py for tasks to queue
[2025-04-27T15:22:56.991+0000] {logging_mixin.py:188} INFO - [2025-04-27T15:22:56.991+0000] {dagbag.py:538} INFO - Filling up the DagBag from /opt/airflow/dags/exampledag.py
[2025-04-27T15:22:57.016+0000] {processor.py:840} INFO - DAG(s) 'chethan_test_dag' retrieved from /opt/airflow/dags/exampledag.py
[2025-04-27T15:22:57.036+0000] {logging_mixin.py:188} INFO - [2025-04-27T15:22:57.036+0000] {dag.py:3036} INFO - Sync 1 DAGs
[2025-04-27T15:22:57.053+0000] {logging_mixin.py:188} INFO - [2025-04-27T15:22:57.053+0000] {dag.py:3823} INFO - Setting next_dagrun for chethan_test_dag to 2025-04-26 00:00:00+00:00, run_after=2025-04-27 00:00:00+00:00
[2025-04-27T15:22:57.075+0000] {processor.py:183} INFO - Processing /opt/airflow/dags/exampledag.py took 0.089 seconds
[2025-04-27T15:23:27.729+0000] {processor.py:161} INFO - Started process (PID=11962) to work on /opt/airflow/dags/exampledag.py
[2025-04-27T15:23:27.730+0000] {processor.py:830} INFO - Processing file /opt/airflow/dags/exampledag.py for tasks to queue
[2025-04-27T15:23:27.731+0000] {logging_mixin.py:188} INFO - [2025-04-27T15:23:27.731+0000] {dagbag.py:538} INFO - Filling up the DagBag from /opt/airflow/dags/exampledag.py
[2025-04-27T15:23:27.760+0000] {processor.py:840} INFO - DAG(s) 'chethan_test_dag' retrieved from /opt/airflow/dags/exampledag.py
[2025-04-27T15:23:27.786+0000] {logging_mixin.py:188} INFO - [2025-04-27T15:23:27.786+0000] {dag.py:3036} INFO - Sync 1 DAGs
[2025-04-27T15:23:27.813+0000] {logging_mixin.py:188} INFO - [2025-04-27T15:23:27.813+0000] {dag.py:3823} INFO - Setting next_dagrun for chethan_test_dag to 2025-04-26 00:00:00+00:00, run_after=2025-04-27 00:00:00+00:00
[2025-04-27T15:23:27.832+0000] {processor.py:183} INFO - Processing /opt/airflow/dags/exampledag.py took 0.106 seconds
[2025-04-27T15:23:58.375+0000] {processor.py:161} INFO - Started process (PID=12005) to work on /opt/airflow/dags/exampledag.py
[2025-04-27T15:23:58.376+0000] {processor.py:830} INFO - Processing file /opt/airflow/dags/exampledag.py for tasks to queue
[2025-04-27T15:23:58.377+0000] {logging_mixin.py:188} INFO - [2025-04-27T15:23:58.377+0000] {dagbag.py:538} INFO - Filling up the DagBag from /opt/airflow/dags/exampledag.py
[2025-04-27T15:23:58.401+0000] {processor.py:840} INFO - DAG(s) 'chethan_test_dag' retrieved from /opt/airflow/dags/exampledag.py
[2025-04-27T15:23:58.422+0000] {logging_mixin.py:188} INFO - [2025-04-27T15:23:58.421+0000] {dag.py:3036} INFO - Sync 1 DAGs
[2025-04-27T15:23:58.439+0000] {logging_mixin.py:188} INFO - [2025-04-27T15:23:58.438+0000] {dag.py:3823} INFO - Setting next_dagrun for chethan_test_dag to 2025-04-26 00:00:00+00:00, run_after=2025-04-27 00:00:00+00:00
[2025-04-27T15:23:58.454+0000] {processor.py:183} INFO - Processing /opt/airflow/dags/exampledag.py took 0.081 seconds
[2025-04-27T15:24:28.561+0000] {processor.py:161} INFO - Started process (PID=12045) to work on /opt/airflow/dags/exampledag.py
[2025-04-27T15:24:28.563+0000] {processor.py:830} INFO - Processing file /opt/airflow/dags/exampledag.py for tasks to queue
[2025-04-27T15:24:28.564+0000] {logging_mixin.py:188} INFO - [2025-04-27T15:24:28.563+0000] {dagbag.py:538} INFO - Filling up the DagBag from /opt/airflow/dags/exampledag.py
[2025-04-27T15:24:28.596+0000] {processor.py:840} INFO - DAG(s) 'chethan_test_dag' retrieved from /opt/airflow/dags/exampledag.py
[2025-04-27T15:24:28.625+0000] {logging_mixin.py:188} INFO - [2025-04-27T15:24:28.625+0000] {dag.py:3036} INFO - Sync 1 DAGs
[2025-04-27T15:24:28.649+0000] {logging_mixin.py:188} INFO - [2025-04-27T15:24:28.648+0000] {dag.py:3823} INFO - Setting next_dagrun for chethan_test_dag to 2025-04-26 00:00:00+00:00, run_after=2025-04-27 00:00:00+00:00
[2025-04-27T15:24:28.681+0000] {processor.py:183} INFO - Processing /opt/airflow/dags/exampledag.py took 0.123 seconds
[2025-04-27T15:24:59.391+0000] {processor.py:161} INFO - Started process (PID=12091) to work on /opt/airflow/dags/exampledag.py
[2025-04-27T15:24:59.392+0000] {processor.py:830} INFO - Processing file /opt/airflow/dags/exampledag.py for tasks to queue
[2025-04-27T15:24:59.393+0000] {logging_mixin.py:188} INFO - [2025-04-27T15:24:59.393+0000] {dagbag.py:538} INFO - Filling up the DagBag from /opt/airflow/dags/exampledag.py
[2025-04-27T15:24:59.419+0000] {processor.py:840} INFO - DAG(s) 'chethan_test_dag' retrieved from /opt/airflow/dags/exampledag.py
[2025-04-27T15:24:59.441+0000] {logging_mixin.py:188} INFO - [2025-04-27T15:24:59.440+0000] {dag.py:3036} INFO - Sync 1 DAGs
[2025-04-27T15:24:59.460+0000] {logging_mixin.py:188} INFO - [2025-04-27T15:24:59.459+0000] {dag.py:3823} INFO - Setting next_dagrun for chethan_test_dag to 2025-04-26 00:00:00+00:00, run_after=2025-04-27 00:00:00+00:00
[2025-04-27T15:24:59.477+0000] {processor.py:183} INFO - Processing /opt/airflow/dags/exampledag.py took 0.091 seconds
[2025-04-27T15:25:30.397+0000] {processor.py:161} INFO - Started process (PID=12134) to work on /opt/airflow/dags/exampledag.py
[2025-04-27T15:25:30.399+0000] {processor.py:830} INFO - Processing file /opt/airflow/dags/exampledag.py for tasks to queue
[2025-04-27T15:25:30.401+0000] {logging_mixin.py:188} INFO - [2025-04-27T15:25:30.401+0000] {dagbag.py:538} INFO - Filling up the DagBag from /opt/airflow/dags/exampledag.py
[2025-04-27T15:25:30.450+0000] {processor.py:840} INFO - DAG(s) 'chethan_test_dag' retrieved from /opt/airflow/dags/exampledag.py
[2025-04-27T15:25:30.485+0000] {logging_mixin.py:188} INFO - [2025-04-27T15:25:30.485+0000] {dag.py:3036} INFO - Sync 1 DAGs
[2025-04-27T15:25:30.517+0000] {logging_mixin.py:188} INFO - [2025-04-27T15:25:30.516+0000] {dag.py:3823} INFO - Setting next_dagrun for chethan_test_dag to 2025-04-26 00:00:00+00:00, run_after=2025-04-27 00:00:00+00:00
[2025-04-27T15:25:30.548+0000] {processor.py:183} INFO - Processing /opt/airflow/dags/exampledag.py took 0.164 seconds
[2025-04-27T15:26:01.056+0000] {processor.py:161} INFO - Started process (PID=12174) to work on /opt/airflow/dags/exampledag.py
[2025-04-27T15:26:01.058+0000] {processor.py:830} INFO - Processing file /opt/airflow/dags/exampledag.py for tasks to queue
[2025-04-27T15:26:01.059+0000] {logging_mixin.py:188} INFO - [2025-04-27T15:26:01.058+0000] {dagbag.py:538} INFO - Filling up the DagBag from /opt/airflow/dags/exampledag.py
[2025-04-27T15:26:01.086+0000] {processor.py:840} INFO - DAG(s) 'chethan_test_dag' retrieved from /opt/airflow/dags/exampledag.py
[2025-04-27T15:26:01.110+0000] {logging_mixin.py:188} INFO - [2025-04-27T15:26:01.110+0000] {dag.py:3036} INFO - Sync 1 DAGs
[2025-04-27T15:26:01.130+0000] {logging_mixin.py:188} INFO - [2025-04-27T15:26:01.130+0000] {dag.py:3823} INFO - Setting next_dagrun for chethan_test_dag to 2025-04-26 00:00:00+00:00, run_after=2025-04-27 00:00:00+00:00
[2025-04-27T15:26:01.151+0000] {processor.py:183} INFO - Processing /opt/airflow/dags/exampledag.py took 0.097 seconds
[2025-04-27T15:26:31.446+0000] {processor.py:161} INFO - Started process (PID=12212) to work on /opt/airflow/dags/exampledag.py
[2025-04-27T15:26:31.448+0000] {processor.py:830} INFO - Processing file /opt/airflow/dags/exampledag.py for tasks to queue
[2025-04-27T15:26:31.450+0000] {logging_mixin.py:188} INFO - [2025-04-27T15:26:31.449+0000] {dagbag.py:538} INFO - Filling up the DagBag from /opt/airflow/dags/exampledag.py
[2025-04-27T15:26:31.490+0000] {processor.py:840} INFO - DAG(s) 'chethan_test_dag' retrieved from /opt/airflow/dags/exampledag.py
[2025-04-27T15:26:31.525+0000] {logging_mixin.py:188} INFO - [2025-04-27T15:26:31.525+0000] {dag.py:3036} INFO - Sync 1 DAGs
[2025-04-27T15:26:31.560+0000] {logging_mixin.py:188} INFO - [2025-04-27T15:26:31.560+0000] {dag.py:3823} INFO - Setting next_dagrun for chethan_test_dag to 2025-04-26 00:00:00+00:00, run_after=2025-04-27 00:00:00+00:00
[2025-04-27T15:26:31.594+0000] {processor.py:183} INFO - Processing /opt/airflow/dags/exampledag.py took 0.153 seconds
[2025-04-27T15:27:02.507+0000] {processor.py:161} INFO - Started process (PID=12263) to work on /opt/airflow/dags/exampledag.py
[2025-04-27T15:27:02.509+0000] {processor.py:830} INFO - Processing file /opt/airflow/dags/exampledag.py for tasks to queue
[2025-04-27T15:27:02.510+0000] {logging_mixin.py:188} INFO - [2025-04-27T15:27:02.510+0000] {dagbag.py:538} INFO - Filling up the DagBag from /opt/airflow/dags/exampledag.py
[2025-04-27T15:27:02.541+0000] {processor.py:840} INFO - DAG(s) 'chethan_test_dag' retrieved from /opt/airflow/dags/exampledag.py
[2025-04-27T15:27:02.573+0000] {logging_mixin.py:188} INFO - [2025-04-27T15:27:02.573+0000] {dag.py:3036} INFO - Sync 1 DAGs
[2025-04-27T15:27:02.595+0000] {logging_mixin.py:188} INFO - [2025-04-27T15:27:02.595+0000] {dag.py:3823} INFO - Setting next_dagrun for chethan_test_dag to 2025-04-26 00:00:00+00:00, run_after=2025-04-27 00:00:00+00:00
[2025-04-27T15:27:02.619+0000] {processor.py:183} INFO - Processing /opt/airflow/dags/exampledag.py took 0.115 seconds
[2025-04-27T15:27:33.300+0000] {processor.py:161} INFO - Started process (PID=12306) to work on /opt/airflow/dags/exampledag.py
[2025-04-27T15:27:33.302+0000] {processor.py:830} INFO - Processing file /opt/airflow/dags/exampledag.py for tasks to queue
[2025-04-27T15:27:33.303+0000] {logging_mixin.py:188} INFO - [2025-04-27T15:27:33.303+0000] {dagbag.py:538} INFO - Filling up the DagBag from /opt/airflow/dags/exampledag.py
[2025-04-27T15:27:33.333+0000] {processor.py:840} INFO - DAG(s) 'chethan_test_dag' retrieved from /opt/airflow/dags/exampledag.py
[2025-04-27T15:27:33.363+0000] {logging_mixin.py:188} INFO - [2025-04-27T15:27:33.363+0000] {dag.py:3036} INFO - Sync 1 DAGs
[2025-04-27T15:27:33.389+0000] {logging_mixin.py:188} INFO - [2025-04-27T15:27:33.389+0000] {dag.py:3823} INFO - Setting next_dagrun for chethan_test_dag to 2025-04-26 00:00:00+00:00, run_after=2025-04-27 00:00:00+00:00
[2025-04-27T15:27:33.412+0000] {processor.py:183} INFO - Processing /opt/airflow/dags/exampledag.py took 0.115 seconds
[2025-04-27T15:28:04.294+0000] {processor.py:161} INFO - Started process (PID=12347) to work on /opt/airflow/dags/exampledag.py
[2025-04-27T15:28:04.295+0000] {processor.py:830} INFO - Processing file /opt/airflow/dags/exampledag.py for tasks to queue
[2025-04-27T15:28:04.299+0000] {logging_mixin.py:188} INFO - [2025-04-27T15:28:04.299+0000] {dagbag.py:538} INFO - Filling up the DagBag from /opt/airflow/dags/exampledag.py
[2025-04-27T15:28:04.337+0000] {processor.py:840} INFO - DAG(s) 'chethan_test_dag' retrieved from /opt/airflow/dags/exampledag.py
[2025-04-27T15:28:04.374+0000] {logging_mixin.py:188} INFO - [2025-04-27T15:28:04.374+0000] {dag.py:3036} INFO - Sync 1 DAGs
[2025-04-27T15:28:04.411+0000] {logging_mixin.py:188} INFO - [2025-04-27T15:28:04.411+0000] {dag.py:3823} INFO - Setting next_dagrun for chethan_test_dag to 2025-04-26 00:00:00+00:00, run_after=2025-04-27 00:00:00+00:00
[2025-04-27T15:28:04.446+0000] {processor.py:183} INFO - Processing /opt/airflow/dags/exampledag.py took 0.156 seconds
[2025-04-27T15:28:35.403+0000] {processor.py:161} INFO - Started process (PID=12392) to work on /opt/airflow/dags/exampledag.py
[2025-04-27T15:28:35.405+0000] {processor.py:830} INFO - Processing file /opt/airflow/dags/exampledag.py for tasks to queue
[2025-04-27T15:28:35.406+0000] {logging_mixin.py:188} INFO - [2025-04-27T15:28:35.406+0000] {dagbag.py:538} INFO - Filling up the DagBag from /opt/airflow/dags/exampledag.py
[2025-04-27T15:28:35.431+0000] {processor.py:840} INFO - DAG(s) 'chethan_test_dag' retrieved from /opt/airflow/dags/exampledag.py
[2025-04-27T15:28:35.451+0000] {logging_mixin.py:188} INFO - [2025-04-27T15:28:35.451+0000] {dag.py:3036} INFO - Sync 1 DAGs
[2025-04-27T15:28:35.468+0000] {logging_mixin.py:188} INFO - [2025-04-27T15:28:35.468+0000] {dag.py:3823} INFO - Setting next_dagrun for chethan_test_dag to 2025-04-26 00:00:00+00:00, run_after=2025-04-27 00:00:00+00:00
[2025-04-27T15:28:35.486+0000] {processor.py:183} INFO - Processing /opt/airflow/dags/exampledag.py took 0.085 seconds
[2025-04-27T15:29:06.054+0000] {processor.py:161} INFO - Started process (PID=12435) to work on /opt/airflow/dags/exampledag.py
[2025-04-27T15:29:06.055+0000] {processor.py:830} INFO - Processing file /opt/airflow/dags/exampledag.py for tasks to queue
[2025-04-27T15:29:06.056+0000] {logging_mixin.py:188} INFO - [2025-04-27T15:29:06.056+0000] {dagbag.py:538} INFO - Filling up the DagBag from /opt/airflow/dags/exampledag.py
[2025-04-27T15:29:06.085+0000] {processor.py:840} INFO - DAG(s) 'chethan_test_dag' retrieved from /opt/airflow/dags/exampledag.py
[2025-04-27T15:29:06.107+0000] {logging_mixin.py:188} INFO - [2025-04-27T15:29:06.106+0000] {dag.py:3036} INFO - Sync 1 DAGs
[2025-04-27T15:29:06.125+0000] {logging_mixin.py:188} INFO - [2025-04-27T15:29:06.125+0000] {dag.py:3823} INFO - Setting next_dagrun for chethan_test_dag to 2025-04-26 00:00:00+00:00, run_after=2025-04-27 00:00:00+00:00
[2025-04-27T15:29:06.142+0000] {processor.py:183} INFO - Processing /opt/airflow/dags/exampledag.py took 0.091 seconds
[2025-04-27T15:29:36.972+0000] {processor.py:161} INFO - Started process (PID=12476) to work on /opt/airflow/dags/exampledag.py
[2025-04-27T15:29:36.973+0000] {processor.py:830} INFO - Processing file /opt/airflow/dags/exampledag.py for tasks to queue
[2025-04-27T15:29:36.975+0000] {logging_mixin.py:188} INFO - [2025-04-27T15:29:36.974+0000] {dagbag.py:538} INFO - Filling up the DagBag from /opt/airflow/dags/exampledag.py
[2025-04-27T15:29:37.012+0000] {processor.py:840} INFO - DAG(s) 'chethan_test_dag' retrieved from /opt/airflow/dags/exampledag.py
[2025-04-27T15:29:37.049+0000] {logging_mixin.py:188} INFO - [2025-04-27T15:29:37.049+0000] {dag.py:3036} INFO - Sync 1 DAGs
[2025-04-27T15:29:37.074+0000] {logging_mixin.py:188} INFO - [2025-04-27T15:29:37.074+0000] {dag.py:3823} INFO - Setting next_dagrun for chethan_test_dag to 2025-04-26 00:00:00+00:00, run_after=2025-04-27 00:00:00+00:00
[2025-04-27T15:29:37.113+0000] {processor.py:183} INFO - Processing /opt/airflow/dags/exampledag.py took 0.147 seconds
[2025-04-27T15:30:07.744+0000] {processor.py:161} INFO - Started process (PID=12518) to work on /opt/airflow/dags/exampledag.py
[2025-04-27T15:30:07.745+0000] {processor.py:830} INFO - Processing file /opt/airflow/dags/exampledag.py for tasks to queue
[2025-04-27T15:30:07.746+0000] {logging_mixin.py:188} INFO - [2025-04-27T15:30:07.746+0000] {dagbag.py:538} INFO - Filling up the DagBag from /opt/airflow/dags/exampledag.py
[2025-04-27T15:30:07.778+0000] {processor.py:840} INFO - DAG(s) 'chethan_test_dag' retrieved from /opt/airflow/dags/exampledag.py
[2025-04-27T15:30:07.803+0000] {logging_mixin.py:188} INFO - [2025-04-27T15:30:07.803+0000] {dag.py:3036} INFO - Sync 1 DAGs
[2025-04-27T15:30:07.825+0000] {logging_mixin.py:188} INFO - [2025-04-27T15:30:07.825+0000] {dag.py:3823} INFO - Setting next_dagrun for chethan_test_dag to 2025-04-26 00:00:00+00:00, run_after=2025-04-27 00:00:00+00:00
[2025-04-27T15:30:07.846+0000] {processor.py:183} INFO - Processing /opt/airflow/dags/exampledag.py took 0.105 seconds
[2025-04-27T15:30:38.588+0000] {processor.py:161} INFO - Started process (PID=12564) to work on /opt/airflow/dags/exampledag.py
[2025-04-27T15:30:38.590+0000] {processor.py:830} INFO - Processing file /opt/airflow/dags/exampledag.py for tasks to queue
[2025-04-27T15:30:38.591+0000] {logging_mixin.py:188} INFO - [2025-04-27T15:30:38.591+0000] {dagbag.py:538} INFO - Filling up the DagBag from /opt/airflow/dags/exampledag.py
[2025-04-27T15:30:38.623+0000] {processor.py:840} INFO - DAG(s) 'chethan_test_dag' retrieved from /opt/airflow/dags/exampledag.py
[2025-04-27T15:30:38.647+0000] {logging_mixin.py:188} INFO - [2025-04-27T15:30:38.647+0000] {dag.py:3036} INFO - Sync 1 DAGs
[2025-04-27T15:30:38.666+0000] {logging_mixin.py:188} INFO - [2025-04-27T15:30:38.666+0000] {dag.py:3823} INFO - Setting next_dagrun for chethan_test_dag to 2025-04-26 00:00:00+00:00, run_after=2025-04-27 00:00:00+00:00
[2025-04-27T15:30:38.689+0000] {processor.py:183} INFO - Processing /opt/airflow/dags/exampledag.py took 0.105 seconds
[2025-04-27T17:17:57.410+0000] {processor.py:161} INFO - Started process (PID=12629) to work on /opt/airflow/dags/exampledag.py
[2025-04-27T17:17:57.413+0000] {processor.py:830} INFO - Processing file /opt/airflow/dags/exampledag.py for tasks to queue
[2025-04-27T17:17:57.426+0000] {logging_mixin.py:188} INFO - [2025-04-27T17:17:57.415+0000] {dagbag.py:538} INFO - Filling up the DagBag from /opt/airflow/dags/exampledag.py
[2025-04-27T17:17:57.478+0000] {processor.py:840} INFO - DAG(s) 'chethan_test_dag' retrieved from /opt/airflow/dags/exampledag.py
[2025-04-27T17:17:57.579+0000] {logging_mixin.py:188} INFO - [2025-04-27T17:17:57.579+0000] {dag.py:3036} INFO - Sync 1 DAGs
[2025-04-27T17:17:57.692+0000] {logging_mixin.py:188} INFO - [2025-04-27T17:17:57.692+0000] {dag.py:3823} INFO - Setting next_dagrun for chethan_test_dag to 2025-04-26 00:00:00+00:00, run_after=2025-04-27 00:00:00+00:00
[2025-04-27T17:17:57.762+0000] {processor.py:183} INFO - Processing /opt/airflow/dags/exampledag.py took 0.355 seconds
[2025-04-27T17:18:28.316+0000] {processor.py:161} INFO - Started process (PID=12671) to work on /opt/airflow/dags/exampledag.py
[2025-04-27T17:18:28.318+0000] {processor.py:830} INFO - Processing file /opt/airflow/dags/exampledag.py for tasks to queue
[2025-04-27T17:18:28.320+0000] {logging_mixin.py:188} INFO - [2025-04-27T17:18:28.319+0000] {dagbag.py:538} INFO - Filling up the DagBag from /opt/airflow/dags/exampledag.py
[2025-04-27T17:18:28.371+0000] {processor.py:840} INFO - DAG(s) 'chethan_test_dag' retrieved from /opt/airflow/dags/exampledag.py
[2025-04-27T17:18:28.407+0000] {logging_mixin.py:188} INFO - [2025-04-27T17:18:28.407+0000] {dag.py:3036} INFO - Sync 1 DAGs
[2025-04-27T17:18:28.440+0000] {logging_mixin.py:188} INFO - [2025-04-27T17:18:28.440+0000] {dag.py:3823} INFO - Setting next_dagrun for chethan_test_dag to 2025-04-26 00:00:00+00:00, run_after=2025-04-27 00:00:00+00:00
[2025-04-27T17:18:28.481+0000] {processor.py:183} INFO - Processing /opt/airflow/dags/exampledag.py took 0.181 seconds
[2025-04-27T17:18:58.577+0000] {processor.py:161} INFO - Started process (PID=12708) to work on /opt/airflow/dags/exampledag.py
[2025-04-27T17:18:58.578+0000] {processor.py:830} INFO - Processing file /opt/airflow/dags/exampledag.py for tasks to queue
[2025-04-27T17:18:58.579+0000] {logging_mixin.py:188} INFO - [2025-04-27T17:18:58.578+0000] {dagbag.py:538} INFO - Filling up the DagBag from /opt/airflow/dags/exampledag.py
[2025-04-27T17:18:58.607+0000] {processor.py:840} INFO - DAG(s) 'chethan_test_dag' retrieved from /opt/airflow/dags/exampledag.py
[2025-04-27T17:18:58.638+0000] {logging_mixin.py:188} INFO - [2025-04-27T17:18:58.638+0000] {dag.py:3036} INFO - Sync 1 DAGs
[2025-04-27T17:18:58.666+0000] {logging_mixin.py:188} INFO - [2025-04-27T17:18:58.666+0000] {dag.py:3823} INFO - Setting next_dagrun for chethan_test_dag to 2025-04-26 00:00:00+00:00, run_after=2025-04-27 00:00:00+00:00
[2025-04-27T17:18:58.693+0000] {processor.py:183} INFO - Processing /opt/airflow/dags/exampledag.py took 0.119 seconds
[2025-04-27T17:19:28.979+0000] {processor.py:161} INFO - Started process (PID=12751) to work on /opt/airflow/dags/exampledag.py
[2025-04-27T17:19:28.980+0000] {processor.py:830} INFO - Processing file /opt/airflow/dags/exampledag.py for tasks to queue
[2025-04-27T17:19:28.980+0000] {logging_mixin.py:188} INFO - [2025-04-27T17:19:28.980+0000] {dagbag.py:538} INFO - Filling up the DagBag from /opt/airflow/dags/exampledag.py
[2025-04-27T17:19:29.005+0000] {processor.py:840} INFO - DAG(s) 'chethan_test_dag' retrieved from /opt/airflow/dags/exampledag.py
[2025-04-27T17:19:29.028+0000] {logging_mixin.py:188} INFO - [2025-04-27T17:19:29.028+0000] {dag.py:3036} INFO - Sync 1 DAGs
[2025-04-27T17:19:29.046+0000] {logging_mixin.py:188} INFO - [2025-04-27T17:19:29.046+0000] {dag.py:3823} INFO - Setting next_dagrun for chethan_test_dag to 2025-04-26 00:00:00+00:00, run_after=2025-04-27 00:00:00+00:00
[2025-04-27T17:19:29.066+0000] {processor.py:183} INFO - Processing /opt/airflow/dags/exampledag.py took 0.090 seconds
[2025-04-27T17:19:59.212+0000] {processor.py:161} INFO - Started process (PID=12788) to work on /opt/airflow/dags/exampledag.py
[2025-04-27T17:19:59.213+0000] {processor.py:830} INFO - Processing file /opt/airflow/dags/exampledag.py for tasks to queue
[2025-04-27T17:19:59.214+0000] {logging_mixin.py:188} INFO - [2025-04-27T17:19:59.214+0000] {dagbag.py:538} INFO - Filling up the DagBag from /opt/airflow/dags/exampledag.py
[2025-04-27T17:19:59.239+0000] {processor.py:840} INFO - DAG(s) 'chethan_test_dag' retrieved from /opt/airflow/dags/exampledag.py
[2025-04-27T17:19:59.261+0000] {logging_mixin.py:188} INFO - [2025-04-27T17:19:59.260+0000] {dag.py:3036} INFO - Sync 1 DAGs
[2025-04-27T17:19:59.279+0000] {logging_mixin.py:188} INFO - [2025-04-27T17:19:59.279+0000] {dag.py:3823} INFO - Setting next_dagrun for chethan_test_dag to 2025-04-26 00:00:00+00:00, run_after=2025-04-27 00:00:00+00:00
[2025-04-27T17:19:59.298+0000] {processor.py:183} INFO - Processing /opt/airflow/dags/exampledag.py took 0.088 seconds
[2025-04-27T17:20:29.406+0000] {processor.py:161} INFO - Started process (PID=12828) to work on /opt/airflow/dags/exampledag.py
[2025-04-27T17:20:29.407+0000] {processor.py:830} INFO - Processing file /opt/airflow/dags/exampledag.py for tasks to queue
[2025-04-27T17:20:29.408+0000] {logging_mixin.py:188} INFO - [2025-04-27T17:20:29.408+0000] {dagbag.py:538} INFO - Filling up the DagBag from /opt/airflow/dags/exampledag.py
[2025-04-27T17:20:29.440+0000] {processor.py:840} INFO - DAG(s) 'chethan_test_dag' retrieved from /opt/airflow/dags/exampledag.py
[2025-04-27T17:20:29.467+0000] {logging_mixin.py:188} INFO - [2025-04-27T17:20:29.467+0000] {dag.py:3036} INFO - Sync 1 DAGs
[2025-04-27T17:20:29.488+0000] {logging_mixin.py:188} INFO - [2025-04-27T17:20:29.488+0000] {dag.py:3823} INFO - Setting next_dagrun for chethan_test_dag to 2025-04-26 00:00:00+00:00, run_after=2025-04-27 00:00:00+00:00
[2025-04-27T17:20:29.510+0000] {processor.py:183} INFO - Processing /opt/airflow/dags/exampledag.py took 0.106 seconds
[2025-04-27T17:20:59.831+0000] {processor.py:161} INFO - Started process (PID=12871) to work on /opt/airflow/dags/exampledag.py
[2025-04-27T17:20:59.832+0000] {processor.py:830} INFO - Processing file /opt/airflow/dags/exampledag.py for tasks to queue
[2025-04-27T17:20:59.834+0000] {logging_mixin.py:188} INFO - [2025-04-27T17:20:59.833+0000] {dagbag.py:538} INFO - Filling up the DagBag from /opt/airflow/dags/exampledag.py
[2025-04-27T17:20:59.861+0000] {processor.py:840} INFO - DAG(s) 'chethan_test_dag' retrieved from /opt/airflow/dags/exampledag.py
[2025-04-27T17:20:59.886+0000] {logging_mixin.py:188} INFO - [2025-04-27T17:20:59.886+0000] {dag.py:3036} INFO - Sync 1 DAGs
[2025-04-27T17:20:59.902+0000] {logging_mixin.py:188} INFO - [2025-04-27T17:20:59.902+0000] {dag.py:3823} INFO - Setting next_dagrun for chethan_test_dag to 2025-04-26 00:00:00+00:00, run_after=2025-04-27 00:00:00+00:00
[2025-04-27T17:20:59.918+0000] {processor.py:183} INFO - Processing /opt/airflow/dags/exampledag.py took 0.090 seconds
[2025-04-27T17:21:30.195+0000] {processor.py:161} INFO - Started process (PID=12914) to work on /opt/airflow/dags/exampledag.py
[2025-04-27T17:21:30.197+0000] {processor.py:830} INFO - Processing file /opt/airflow/dags/exampledag.py for tasks to queue
[2025-04-27T17:21:30.197+0000] {logging_mixin.py:188} INFO - [2025-04-27T17:21:30.197+0000] {dagbag.py:538} INFO - Filling up the DagBag from /opt/airflow/dags/exampledag.py
[2025-04-27T17:21:30.221+0000] {processor.py:840} INFO - DAG(s) 'chethan_test_dag' retrieved from /opt/airflow/dags/exampledag.py
[2025-04-27T17:21:30.240+0000] {logging_mixin.py:188} INFO - [2025-04-27T17:21:30.240+0000] {dag.py:3036} INFO - Sync 1 DAGs
[2025-04-27T17:21:30.259+0000] {logging_mixin.py:188} INFO - [2025-04-27T17:21:30.259+0000] {dag.py:3823} INFO - Setting next_dagrun for chethan_test_dag to 2025-04-26 00:00:00+00:00, run_after=2025-04-27 00:00:00+00:00
[2025-04-27T17:21:30.277+0000] {processor.py:183} INFO - Processing /opt/airflow/dags/exampledag.py took 0.084 seconds
[2025-04-27T17:22:00.418+0000] {processor.py:161} INFO - Started process (PID=12957) to work on /opt/airflow/dags/exampledag.py
[2025-04-27T17:22:00.419+0000] {processor.py:830} INFO - Processing file /opt/airflow/dags/exampledag.py for tasks to queue
[2025-04-27T17:22:00.422+0000] {logging_mixin.py:188} INFO - [2025-04-27T17:22:00.420+0000] {dagbag.py:538} INFO - Filling up the DagBag from /opt/airflow/dags/exampledag.py
[2025-04-27T17:22:00.461+0000] {processor.py:840} INFO - DAG(s) 'chethan_test_dag' retrieved from /opt/airflow/dags/exampledag.py
[2025-04-27T17:22:00.492+0000] {logging_mixin.py:188} INFO - [2025-04-27T17:22:00.492+0000] {dag.py:3036} INFO - Sync 1 DAGs
[2025-04-27T17:22:00.520+0000] {logging_mixin.py:188} INFO - [2025-04-27T17:22:00.520+0000] {dag.py:3823} INFO - Setting next_dagrun for chethan_test_dag to 2025-04-26 00:00:00+00:00, run_after=2025-04-27 00:00:00+00:00
[2025-04-27T17:22:00.548+0000] {processor.py:183} INFO - Processing /opt/airflow/dags/exampledag.py took 0.134 seconds
[2025-04-27T17:22:30.691+0000] {processor.py:161} INFO - Started process (PID=12998) to work on /opt/airflow/dags/exampledag.py
[2025-04-27T17:22:30.692+0000] {processor.py:830} INFO - Processing file /opt/airflow/dags/exampledag.py for tasks to queue
[2025-04-27T17:22:30.692+0000] {logging_mixin.py:188} INFO - [2025-04-27T17:22:30.692+0000] {dagbag.py:538} INFO - Filling up the DagBag from /opt/airflow/dags/exampledag.py
[2025-04-27T17:22:30.715+0000] {processor.py:840} INFO - DAG(s) 'chethan_test_dag' retrieved from /opt/airflow/dags/exampledag.py
[2025-04-27T17:22:30.737+0000] {logging_mixin.py:188} INFO - [2025-04-27T17:22:30.737+0000] {dag.py:3036} INFO - Sync 1 DAGs
[2025-04-27T17:22:30.754+0000] {logging_mixin.py:188} INFO - [2025-04-27T17:22:30.753+0000] {dag.py:3823} INFO - Setting next_dagrun for chethan_test_dag to 2025-04-26 00:00:00+00:00, run_after=2025-04-27 00:00:00+00:00
[2025-04-27T17:22:30.770+0000] {processor.py:183} INFO - Processing /opt/airflow/dags/exampledag.py took 0.082 seconds
[2025-04-27T17:23:01.274+0000] {processor.py:161} INFO - Started process (PID=13043) to work on /opt/airflow/dags/exampledag.py
[2025-04-27T17:23:01.276+0000] {processor.py:830} INFO - Processing file /opt/airflow/dags/exampledag.py for tasks to queue
[2025-04-27T17:23:01.277+0000] {logging_mixin.py:188} INFO - [2025-04-27T17:23:01.276+0000] {dagbag.py:538} INFO - Filling up the DagBag from /opt/airflow/dags/exampledag.py
[2025-04-27T17:23:01.302+0000] {processor.py:840} INFO - DAG(s) 'chethan_test_dag' retrieved from /opt/airflow/dags/exampledag.py
[2025-04-27T17:23:01.321+0000] {logging_mixin.py:188} INFO - [2025-04-27T17:23:01.321+0000] {dag.py:3036} INFO - Sync 1 DAGs
[2025-04-27T17:23:01.336+0000] {logging_mixin.py:188} INFO - [2025-04-27T17:23:01.336+0000] {dag.py:3823} INFO - Setting next_dagrun for chethan_test_dag to 2025-04-26 00:00:00+00:00, run_after=2025-04-27 00:00:00+00:00
[2025-04-27T17:23:01.354+0000] {processor.py:183} INFO - Processing /opt/airflow/dags/exampledag.py took 0.082 seconds
[2025-04-27T17:27:47.678+0000] {processor.py:161} INFO - Started process (PID=13106) to work on /opt/airflow/dags/exampledag.py
[2025-04-27T17:27:47.684+0000] {processor.py:830} INFO - Processing file /opt/airflow/dags/exampledag.py for tasks to queue
[2025-04-27T17:27:47.689+0000] {logging_mixin.py:188} INFO - [2025-04-27T17:27:47.688+0000] {dagbag.py:538} INFO - Filling up the DagBag from /opt/airflow/dags/exampledag.py
[2025-04-27T17:27:48.105+0000] {processor.py:840} INFO - DAG(s) 'chethan_test_dag' retrieved from /opt/airflow/dags/exampledag.py
[2025-04-27T17:27:48.206+0000] {logging_mixin.py:188} INFO - [2025-04-27T17:27:48.206+0000] {dag.py:3036} INFO - Sync 1 DAGs
[2025-04-27T17:27:48.265+0000] {logging_mixin.py:188} INFO - [2025-04-27T17:27:48.264+0000] {dag.py:3823} INFO - Setting next_dagrun for chethan_test_dag to 2025-04-26 00:00:00+00:00, run_after=2025-04-27 00:00:00+00:00
[2025-04-27T17:27:48.347+0000] {processor.py:183} INFO - Processing /opt/airflow/dags/exampledag.py took 0.676 seconds
[2025-04-27T17:28:19.015+0000] {processor.py:161} INFO - Started process (PID=13149) to work on /opt/airflow/dags/exampledag.py
[2025-04-27T17:28:19.016+0000] {processor.py:830} INFO - Processing file /opt/airflow/dags/exampledag.py for tasks to queue
[2025-04-27T17:28:19.017+0000] {logging_mixin.py:188} INFO - [2025-04-27T17:28:19.017+0000] {dagbag.py:538} INFO - Filling up the DagBag from /opt/airflow/dags/exampledag.py
[2025-04-27T17:28:19.042+0000] {processor.py:840} INFO - DAG(s) 'chethan_test_dag' retrieved from /opt/airflow/dags/exampledag.py
[2025-04-27T17:28:19.062+0000] {logging_mixin.py:188} INFO - [2025-04-27T17:28:19.062+0000] {dag.py:3036} INFO - Sync 1 DAGs
[2025-04-27T17:28:19.079+0000] {logging_mixin.py:188} INFO - [2025-04-27T17:28:19.079+0000] {dag.py:3823} INFO - Setting next_dagrun for chethan_test_dag to 2025-04-26 00:00:00+00:00, run_after=2025-04-27 00:00:00+00:00
[2025-04-27T17:28:19.096+0000] {processor.py:183} INFO - Processing /opt/airflow/dags/exampledag.py took 0.083 seconds
[2025-04-27T17:28:49.317+0000] {processor.py:161} INFO - Started process (PID=13192) to work on /opt/airflow/dags/exampledag.py
[2025-04-27T17:28:49.318+0000] {processor.py:830} INFO - Processing file /opt/airflow/dags/exampledag.py for tasks to queue
[2025-04-27T17:28:49.319+0000] {logging_mixin.py:188} INFO - [2025-04-27T17:28:49.318+0000] {dagbag.py:538} INFO - Filling up the DagBag from /opt/airflow/dags/exampledag.py
[2025-04-27T17:28:49.343+0000] {processor.py:840} INFO - DAG(s) 'chethan_test_dag' retrieved from /opt/airflow/dags/exampledag.py
[2025-04-27T17:28:49.362+0000] {logging_mixin.py:188} INFO - [2025-04-27T17:28:49.362+0000] {dag.py:3036} INFO - Sync 1 DAGs
[2025-04-27T17:28:49.380+0000] {logging_mixin.py:188} INFO - [2025-04-27T17:28:49.380+0000] {dag.py:3823} INFO - Setting next_dagrun for chethan_test_dag to 2025-04-26 00:00:00+00:00, run_after=2025-04-27 00:00:00+00:00
[2025-04-27T17:28:49.398+0000] {processor.py:183} INFO - Processing /opt/airflow/dags/exampledag.py took 0.084 seconds
[2025-04-27T17:29:19.872+0000] {processor.py:161} INFO - Started process (PID=13235) to work on /opt/airflow/dags/exampledag.py
[2025-04-27T17:29:19.873+0000] {processor.py:830} INFO - Processing file /opt/airflow/dags/exampledag.py for tasks to queue
[2025-04-27T17:29:19.874+0000] {logging_mixin.py:188} INFO - [2025-04-27T17:29:19.874+0000] {dagbag.py:538} INFO - Filling up the DagBag from /opt/airflow/dags/exampledag.py
[2025-04-27T17:29:19.896+0000] {processor.py:840} INFO - DAG(s) 'chethan_test_dag' retrieved from /opt/airflow/dags/exampledag.py
[2025-04-27T17:29:19.915+0000] {logging_mixin.py:188} INFO - [2025-04-27T17:29:19.915+0000] {dag.py:3036} INFO - Sync 1 DAGs
[2025-04-27T17:29:19.932+0000] {logging_mixin.py:188} INFO - [2025-04-27T17:29:19.932+0000] {dag.py:3823} INFO - Setting next_dagrun for chethan_test_dag to 2025-04-26 00:00:00+00:00, run_after=2025-04-27 00:00:00+00:00
[2025-04-27T17:29:19.947+0000] {processor.py:183} INFO - Processing /opt/airflow/dags/exampledag.py took 0.078 seconds
[2025-04-27T17:29:50.581+0000] {processor.py:161} INFO - Started process (PID=13276) to work on /opt/airflow/dags/exampledag.py
[2025-04-27T17:29:50.582+0000] {processor.py:830} INFO - Processing file /opt/airflow/dags/exampledag.py for tasks to queue
[2025-04-27T17:29:50.584+0000] {logging_mixin.py:188} INFO - [2025-04-27T17:29:50.583+0000] {dagbag.py:538} INFO - Filling up the DagBag from /opt/airflow/dags/exampledag.py
[2025-04-27T17:29:50.618+0000] {processor.py:840} INFO - DAG(s) 'chethan_test_dag' retrieved from /opt/airflow/dags/exampledag.py
[2025-04-27T17:29:50.673+0000] {logging_mixin.py:188} INFO - [2025-04-27T17:29:50.672+0000] {dag.py:3036} INFO - Sync 1 DAGs
[2025-04-27T17:29:50.702+0000] {logging_mixin.py:188} INFO - [2025-04-27T17:29:50.702+0000] {dag.py:3823} INFO - Setting next_dagrun for chethan_test_dag to 2025-04-26 00:00:00+00:00, run_after=2025-04-27 00:00:00+00:00
[2025-04-27T17:29:50.727+0000] {processor.py:183} INFO - Processing /opt/airflow/dags/exampledag.py took 0.149 seconds
[2025-04-27T17:30:22.349+0000] {processor.py:161} INFO - Started process (PID=13321) to work on /opt/airflow/dags/exampledag.py
[2025-04-27T17:30:22.351+0000] {processor.py:830} INFO - Processing file /opt/airflow/dags/exampledag.py for tasks to queue
[2025-04-27T17:30:22.352+0000] {logging_mixin.py:188} INFO - [2025-04-27T17:30:22.352+0000] {dagbag.py:538} INFO - Filling up the DagBag from /opt/airflow/dags/exampledag.py
[2025-04-27T17:30:22.400+0000] {processor.py:840} INFO - DAG(s) 'chethan_test_dag' retrieved from /opt/airflow/dags/exampledag.py
[2025-04-27T17:30:22.428+0000] {logging_mixin.py:188} INFO - [2025-04-27T17:30:22.428+0000] {dag.py:3036} INFO - Sync 1 DAGs
[2025-04-27T17:30:22.453+0000] {logging_mixin.py:188} INFO - [2025-04-27T17:30:22.453+0000] {dag.py:3823} INFO - Setting next_dagrun for chethan_test_dag to 2025-04-26 00:00:00+00:00, run_after=2025-04-27 00:00:00+00:00
[2025-04-27T17:30:22.483+0000] {processor.py:183} INFO - Processing /opt/airflow/dags/exampledag.py took 0.138 seconds
[2025-04-27T17:30:53.118+0000] {processor.py:161} INFO - Started process (PID=13361) to work on /opt/airflow/dags/exampledag.py
[2025-04-27T17:30:53.121+0000] {processor.py:830} INFO - Processing file /opt/airflow/dags/exampledag.py for tasks to queue
[2025-04-27T17:30:53.122+0000] {logging_mixin.py:188} INFO - [2025-04-27T17:30:53.122+0000] {dagbag.py:538} INFO - Filling up the DagBag from /opt/airflow/dags/exampledag.py
[2025-04-27T17:30:53.159+0000] {processor.py:840} INFO - DAG(s) 'chethan_test_dag' retrieved from /opt/airflow/dags/exampledag.py
[2025-04-27T17:30:53.186+0000] {logging_mixin.py:188} INFO - [2025-04-27T17:30:53.186+0000] {dag.py:3036} INFO - Sync 1 DAGs
[2025-04-27T17:30:53.207+0000] {logging_mixin.py:188} INFO - [2025-04-27T17:30:53.206+0000] {dag.py:3823} INFO - Setting next_dagrun for chethan_test_dag to 2025-04-26 00:00:00+00:00, run_after=2025-04-27 00:00:00+00:00
[2025-04-27T17:30:53.227+0000] {processor.py:183} INFO - Processing /opt/airflow/dags/exampledag.py took 0.114 seconds
[2025-04-27T17:31:23.450+0000] {processor.py:161} INFO - Started process (PID=13401) to work on /opt/airflow/dags/exampledag.py
[2025-04-27T17:31:23.451+0000] {processor.py:830} INFO - Processing file /opt/airflow/dags/exampledag.py for tasks to queue
[2025-04-27T17:31:23.452+0000] {logging_mixin.py:188} INFO - [2025-04-27T17:31:23.451+0000] {dagbag.py:538} INFO - Filling up the DagBag from /opt/airflow/dags/exampledag.py
[2025-04-27T17:31:23.478+0000] {processor.py:840} INFO - DAG(s) 'chethan_test_dag' retrieved from /opt/airflow/dags/exampledag.py
[2025-04-27T17:31:23.503+0000] {logging_mixin.py:188} INFO - [2025-04-27T17:31:23.502+0000] {dag.py:3036} INFO - Sync 1 DAGs
[2025-04-27T17:31:23.525+0000] {logging_mixin.py:188} INFO - [2025-04-27T17:31:23.524+0000] {dag.py:3823} INFO - Setting next_dagrun for chethan_test_dag to 2025-04-26 00:00:00+00:00, run_after=2025-04-27 00:00:00+00:00
[2025-04-27T17:31:23.546+0000] {processor.py:183} INFO - Processing /opt/airflow/dags/exampledag.py took 0.098 seconds
[2025-04-27T17:31:54.382+0000] {processor.py:161} INFO - Started process (PID=13444) to work on /opt/airflow/dags/exampledag.py
[2025-04-27T17:31:54.384+0000] {processor.py:830} INFO - Processing file /opt/airflow/dags/exampledag.py for tasks to queue
[2025-04-27T17:31:54.386+0000] {logging_mixin.py:188} INFO - [2025-04-27T17:31:54.385+0000] {dagbag.py:538} INFO - Filling up the DagBag from /opt/airflow/dags/exampledag.py
[2025-04-27T17:31:54.424+0000] {processor.py:840} INFO - DAG(s) 'chethan_test_dag' retrieved from /opt/airflow/dags/exampledag.py
[2025-04-27T17:31:54.471+0000] {logging_mixin.py:188} INFO - [2025-04-27T17:31:54.471+0000] {dag.py:3036} INFO - Sync 1 DAGs
[2025-04-27T17:31:54.562+0000] {logging_mixin.py:188} INFO - [2025-04-27T17:31:54.561+0000] {dag.py:3823} INFO - Setting next_dagrun for chethan_test_dag to 2025-04-26 00:00:00+00:00, run_after=2025-04-27 00:00:00+00:00
[2025-04-27T17:31:54.587+0000] {processor.py:183} INFO - Processing /opt/airflow/dags/exampledag.py took 0.208 seconds
[2025-04-27T17:32:25.162+0000] {processor.py:161} INFO - Started process (PID=13487) to work on /opt/airflow/dags/exampledag.py
[2025-04-27T17:32:25.164+0000] {processor.py:830} INFO - Processing file /opt/airflow/dags/exampledag.py for tasks to queue
[2025-04-27T17:32:25.165+0000] {logging_mixin.py:188} INFO - [2025-04-27T17:32:25.164+0000] {dagbag.py:538} INFO - Filling up the DagBag from /opt/airflow/dags/exampledag.py
[2025-04-27T17:32:25.189+0000] {processor.py:840} INFO - DAG(s) 'chethan_test_dag' retrieved from /opt/airflow/dags/exampledag.py
[2025-04-27T17:32:25.211+0000] {logging_mixin.py:188} INFO - [2025-04-27T17:32:25.210+0000] {dag.py:3036} INFO - Sync 1 DAGs
[2025-04-27T17:32:25.229+0000] {logging_mixin.py:188} INFO - [2025-04-27T17:32:25.229+0000] {dag.py:3823} INFO - Setting next_dagrun for chethan_test_dag to 2025-04-26 00:00:00+00:00, run_after=2025-04-27 00:00:00+00:00
[2025-04-27T17:32:25.245+0000] {processor.py:183} INFO - Processing /opt/airflow/dags/exampledag.py took 0.085 seconds
[2025-04-27T17:32:55.758+0000] {processor.py:161} INFO - Started process (PID=13530) to work on /opt/airflow/dags/exampledag.py
[2025-04-27T17:32:55.759+0000] {processor.py:830} INFO - Processing file /opt/airflow/dags/exampledag.py for tasks to queue
[2025-04-27T17:32:55.761+0000] {logging_mixin.py:188} INFO - [2025-04-27T17:32:55.760+0000] {dagbag.py:538} INFO - Filling up the DagBag from /opt/airflow/dags/exampledag.py
[2025-04-27T17:32:55.819+0000] {processor.py:840} INFO - DAG(s) 'chethan_test_dag' retrieved from /opt/airflow/dags/exampledag.py
[2025-04-27T17:32:55.884+0000] {logging_mixin.py:188} INFO - [2025-04-27T17:32:55.883+0000] {dag.py:3036} INFO - Sync 1 DAGs
[2025-04-27T17:32:55.927+0000] {logging_mixin.py:188} INFO - [2025-04-27T17:32:55.926+0000] {dag.py:3823} INFO - Setting next_dagrun for chethan_test_dag to 2025-04-26 00:00:00+00:00, run_after=2025-04-27 00:00:00+00:00
[2025-04-27T17:32:55.981+0000] {processor.py:183} INFO - Processing /opt/airflow/dags/exampledag.py took 0.226 seconds
[2025-04-27T17:33:27.022+0000] {processor.py:161} INFO - Started process (PID=13573) to work on /opt/airflow/dags/exampledag.py
[2025-04-27T17:33:27.023+0000] {processor.py:830} INFO - Processing file /opt/airflow/dags/exampledag.py for tasks to queue
[2025-04-27T17:33:27.024+0000] {logging_mixin.py:188} INFO - [2025-04-27T17:33:27.024+0000] {dagbag.py:538} INFO - Filling up the DagBag from /opt/airflow/dags/exampledag.py
[2025-04-27T17:33:27.048+0000] {processor.py:840} INFO - DAG(s) 'chethan_test_dag' retrieved from /opt/airflow/dags/exampledag.py
[2025-04-27T17:33:27.071+0000] {logging_mixin.py:188} INFO - [2025-04-27T17:33:27.071+0000] {dag.py:3036} INFO - Sync 1 DAGs
[2025-04-27T17:33:27.088+0000] {logging_mixin.py:188} INFO - [2025-04-27T17:33:27.087+0000] {dag.py:3823} INFO - Setting next_dagrun for chethan_test_dag to 2025-04-26 00:00:00+00:00, run_after=2025-04-27 00:00:00+00:00
[2025-04-27T17:33:27.103+0000] {processor.py:183} INFO - Processing /opt/airflow/dags/exampledag.py took 0.083 seconds
[2025-04-27T17:33:57.727+0000] {processor.py:161} INFO - Started process (PID=13616) to work on /opt/airflow/dags/exampledag.py
[2025-04-27T17:33:57.729+0000] {processor.py:830} INFO - Processing file /opt/airflow/dags/exampledag.py for tasks to queue
[2025-04-27T17:33:57.730+0000] {logging_mixin.py:188} INFO - [2025-04-27T17:33:57.729+0000] {dagbag.py:538} INFO - Filling up the DagBag from /opt/airflow/dags/exampledag.py
[2025-04-27T17:33:57.769+0000] {processor.py:840} INFO - DAG(s) 'chethan_test_dag' retrieved from /opt/airflow/dags/exampledag.py
[2025-04-27T17:33:57.803+0000] {logging_mixin.py:188} INFO - [2025-04-27T17:33:57.803+0000] {dag.py:3036} INFO - Sync 1 DAGs
[2025-04-27T17:33:57.832+0000] {logging_mixin.py:188} INFO - [2025-04-27T17:33:57.831+0000] {dag.py:3823} INFO - Setting next_dagrun for chethan_test_dag to 2025-04-26 00:00:00+00:00, run_after=2025-04-27 00:00:00+00:00
[2025-04-27T17:33:57.857+0000] {processor.py:183} INFO - Processing /opt/airflow/dags/exampledag.py took 0.135 seconds
[2025-04-27T17:34:28.272+0000] {processor.py:161} INFO - Started process (PID=13659) to work on /opt/airflow/dags/exampledag.py
[2025-04-27T17:34:28.273+0000] {processor.py:830} INFO - Processing file /opt/airflow/dags/exampledag.py for tasks to queue
[2025-04-27T17:34:28.274+0000] {logging_mixin.py:188} INFO - [2025-04-27T17:34:28.274+0000] {dagbag.py:538} INFO - Filling up the DagBag from /opt/airflow/dags/exampledag.py
[2025-04-27T17:34:28.299+0000] {processor.py:840} INFO - DAG(s) 'chethan_test_dag' retrieved from /opt/airflow/dags/exampledag.py
[2025-04-27T17:34:28.319+0000] {logging_mixin.py:188} INFO - [2025-04-27T17:34:28.318+0000] {dag.py:3036} INFO - Sync 1 DAGs
[2025-04-27T17:34:28.336+0000] {logging_mixin.py:188} INFO - [2025-04-27T17:34:28.335+0000] {dag.py:3823} INFO - Setting next_dagrun for chethan_test_dag to 2025-04-26 00:00:00+00:00, run_after=2025-04-27 00:00:00+00:00
[2025-04-27T17:34:28.353+0000] {processor.py:183} INFO - Processing /opt/airflow/dags/exampledag.py took 0.084 seconds
[2025-04-27T17:35:00.570+0000] {processor.py:161} INFO - Started process (PID=13702) to work on /opt/airflow/dags/exampledag.py
[2025-04-27T17:35:00.571+0000] {processor.py:830} INFO - Processing file /opt/airflow/dags/exampledag.py for tasks to queue
[2025-04-27T17:35:00.571+0000] {logging_mixin.py:188} INFO - [2025-04-27T17:35:00.571+0000] {dagbag.py:538} INFO - Filling up the DagBag from /opt/airflow/dags/exampledag.py
[2025-04-27T17:35:00.598+0000] {processor.py:840} INFO - DAG(s) 'chethan_test_dag' retrieved from /opt/airflow/dags/exampledag.py
[2025-04-27T17:35:00.641+0000] {logging_mixin.py:188} INFO - [2025-04-27T17:35:00.641+0000] {dag.py:3036} INFO - Sync 1 DAGs
[2025-04-27T17:35:00.754+0000] {logging_mixin.py:188} INFO - [2025-04-27T17:35:00.753+0000] {dag.py:3823} INFO - Setting next_dagrun for chethan_test_dag to 2025-04-26 00:00:00+00:00, run_after=2025-04-27 00:00:00+00:00
[2025-04-27T17:35:01.080+0000] {processor.py:183} INFO - Processing /opt/airflow/dags/exampledag.py took 0.513 seconds
[2025-04-27T17:35:31.886+0000] {processor.py:161} INFO - Started process (PID=13751) to work on /opt/airflow/dags/exampledag.py
[2025-04-27T17:35:31.888+0000] {processor.py:830} INFO - Processing file /opt/airflow/dags/exampledag.py for tasks to queue
[2025-04-27T17:35:31.889+0000] {logging_mixin.py:188} INFO - [2025-04-27T17:35:31.889+0000] {dagbag.py:538} INFO - Filling up the DagBag from /opt/airflow/dags/exampledag.py
[2025-04-27T17:35:31.915+0000] {processor.py:840} INFO - DAG(s) 'chethan_test_dag' retrieved from /opt/airflow/dags/exampledag.py
[2025-04-27T17:35:31.935+0000] {logging_mixin.py:188} INFO - [2025-04-27T17:35:31.935+0000] {dag.py:3036} INFO - Sync 1 DAGs
[2025-04-27T17:35:31.950+0000] {logging_mixin.py:188} INFO - [2025-04-27T17:35:31.950+0000] {dag.py:3823} INFO - Setting next_dagrun for chethan_test_dag to 2025-04-26 00:00:00+00:00, run_after=2025-04-27 00:00:00+00:00
[2025-04-27T17:35:31.967+0000] {processor.py:183} INFO - Processing /opt/airflow/dags/exampledag.py took 0.084 seconds
[2025-04-27T17:36:03.051+0000] {processor.py:161} INFO - Started process (PID=13794) to work on /opt/airflow/dags/exampledag.py
[2025-04-27T17:36:03.053+0000] {processor.py:830} INFO - Processing file /opt/airflow/dags/exampledag.py for tasks to queue
[2025-04-27T17:36:03.055+0000] {logging_mixin.py:188} INFO - [2025-04-27T17:36:03.054+0000] {dagbag.py:538} INFO - Filling up the DagBag from /opt/airflow/dags/exampledag.py
[2025-04-27T17:36:03.101+0000] {processor.py:840} INFO - DAG(s) 'chethan_test_dag' retrieved from /opt/airflow/dags/exampledag.py
[2025-04-27T17:36:03.137+0000] {logging_mixin.py:188} INFO - [2025-04-27T17:36:03.136+0000] {dag.py:3036} INFO - Sync 1 DAGs
[2025-04-27T17:36:03.170+0000] {logging_mixin.py:188} INFO - [2025-04-27T17:36:03.169+0000] {dag.py:3823} INFO - Setting next_dagrun for chethan_test_dag to 2025-04-26 00:00:00+00:00, run_after=2025-04-27 00:00:00+00:00
[2025-04-27T17:36:03.203+0000] {processor.py:183} INFO - Processing /opt/airflow/dags/exampledag.py took 0.156 seconds
[2025-04-27T17:36:34.158+0000] {processor.py:161} INFO - Started process (PID=13837) to work on /opt/airflow/dags/exampledag.py
[2025-04-27T17:36:34.159+0000] {processor.py:830} INFO - Processing file /opt/airflow/dags/exampledag.py for tasks to queue
[2025-04-27T17:36:34.160+0000] {logging_mixin.py:188} INFO - [2025-04-27T17:36:34.160+0000] {dagbag.py:538} INFO - Filling up the DagBag from /opt/airflow/dags/exampledag.py
[2025-04-27T17:36:34.183+0000] {processor.py:840} INFO - DAG(s) 'chethan_test_dag' retrieved from /opt/airflow/dags/exampledag.py
[2025-04-27T17:36:34.203+0000] {logging_mixin.py:188} INFO - [2025-04-27T17:36:34.203+0000] {dag.py:3036} INFO - Sync 1 DAGs
[2025-04-27T17:36:34.220+0000] {logging_mixin.py:188} INFO - [2025-04-27T17:36:34.220+0000] {dag.py:3823} INFO - Setting next_dagrun for chethan_test_dag to 2025-04-26 00:00:00+00:00, run_after=2025-04-27 00:00:00+00:00
[2025-04-27T17:36:34.237+0000] {processor.py:183} INFO - Processing /opt/airflow/dags/exampledag.py took 0.081 seconds
[2025-04-27T17:37:05.381+0000] {processor.py:161} INFO - Started process (PID=13880) to work on /opt/airflow/dags/exampledag.py
[2025-04-27T17:37:05.382+0000] {processor.py:830} INFO - Processing file /opt/airflow/dags/exampledag.py for tasks to queue
[2025-04-27T17:37:05.383+0000] {logging_mixin.py:188} INFO - [2025-04-27T17:37:05.383+0000] {dagbag.py:538} INFO - Filling up the DagBag from /opt/airflow/dags/exampledag.py
[2025-04-27T17:37:05.411+0000] {processor.py:840} INFO - DAG(s) 'chethan_test_dag' retrieved from /opt/airflow/dags/exampledag.py
[2025-04-27T17:37:05.431+0000] {logging_mixin.py:188} INFO - [2025-04-27T17:37:05.431+0000] {dag.py:3036} INFO - Sync 1 DAGs
[2025-04-27T17:37:05.448+0000] {logging_mixin.py:188} INFO - [2025-04-27T17:37:05.448+0000] {dag.py:3823} INFO - Setting next_dagrun for chethan_test_dag to 2025-04-26 00:00:00+00:00, run_after=2025-04-27 00:00:00+00:00
[2025-04-27T17:37:05.466+0000] {processor.py:183} INFO - Processing /opt/airflow/dags/exampledag.py took 0.089 seconds
[2025-04-27T17:37:36.284+0000] {processor.py:161} INFO - Started process (PID=13923) to work on /opt/airflow/dags/exampledag.py
[2025-04-27T17:37:36.285+0000] {processor.py:830} INFO - Processing file /opt/airflow/dags/exampledag.py for tasks to queue
[2025-04-27T17:37:36.286+0000] {logging_mixin.py:188} INFO - [2025-04-27T17:37:36.286+0000] {dagbag.py:538} INFO - Filling up the DagBag from /opt/airflow/dags/exampledag.py
[2025-04-27T17:37:36.325+0000] {processor.py:840} INFO - DAG(s) 'chethan_test_dag' retrieved from /opt/airflow/dags/exampledag.py
[2025-04-27T17:37:36.351+0000] {logging_mixin.py:188} INFO - [2025-04-27T17:37:36.351+0000] {dag.py:3036} INFO - Sync 1 DAGs
[2025-04-27T17:37:36.381+0000] {logging_mixin.py:188} INFO - [2025-04-27T17:37:36.380+0000] {dag.py:3823} INFO - Setting next_dagrun for chethan_test_dag to 2025-04-26 00:00:00+00:00, run_after=2025-04-27 00:00:00+00:00
[2025-04-27T17:37:36.411+0000] {processor.py:183} INFO - Processing /opt/airflow/dags/exampledag.py took 0.129 seconds
[2025-04-27T17:38:07.634+0000] {processor.py:161} INFO - Started process (PID=13964) to work on /opt/airflow/dags/exampledag.py
[2025-04-27T17:38:07.636+0000] {processor.py:830} INFO - Processing file /opt/airflow/dags/exampledag.py for tasks to queue
[2025-04-27T17:38:07.638+0000] {logging_mixin.py:188} INFO - [2025-04-27T17:38:07.637+0000] {dagbag.py:538} INFO - Filling up the DagBag from /opt/airflow/dags/exampledag.py
[2025-04-27T17:38:07.671+0000] {processor.py:840} INFO - DAG(s) 'chethan_test_dag' retrieved from /opt/airflow/dags/exampledag.py
[2025-04-27T17:38:07.698+0000] {logging_mixin.py:188} INFO - [2025-04-27T17:38:07.698+0000] {dag.py:3036} INFO - Sync 1 DAGs
[2025-04-27T17:38:07.724+0000] {logging_mixin.py:188} INFO - [2025-04-27T17:38:07.724+0000] {dag.py:3823} INFO - Setting next_dagrun for chethan_test_dag to 2025-04-26 00:00:00+00:00, run_after=2025-04-27 00:00:00+00:00
[2025-04-27T17:38:07.756+0000] {processor.py:183} INFO - Processing /opt/airflow/dags/exampledag.py took 0.126 seconds
[2025-04-27T17:38:38.917+0000] {processor.py:161} INFO - Started process (PID=14009) to work on /opt/airflow/dags/exampledag.py
[2025-04-27T17:38:38.918+0000] {processor.py:830} INFO - Processing file /opt/airflow/dags/exampledag.py for tasks to queue
[2025-04-27T17:38:38.921+0000] {logging_mixin.py:188} INFO - [2025-04-27T17:38:38.920+0000] {dagbag.py:538} INFO - Filling up the DagBag from /opt/airflow/dags/exampledag.py
[2025-04-27T17:38:38.956+0000] {processor.py:840} INFO - DAG(s) 'chethan_test_dag' retrieved from /opt/airflow/dags/exampledag.py
[2025-04-27T17:38:38.990+0000] {logging_mixin.py:188} INFO - [2025-04-27T17:38:38.990+0000] {dag.py:3036} INFO - Sync 1 DAGs
[2025-04-27T17:38:39.014+0000] {logging_mixin.py:188} INFO - [2025-04-27T17:38:39.014+0000] {dag.py:3823} INFO - Setting next_dagrun for chethan_test_dag to 2025-04-26 00:00:00+00:00, run_after=2025-04-27 00:00:00+00:00
[2025-04-27T17:38:39.043+0000] {processor.py:183} INFO - Processing /opt/airflow/dags/exampledag.py took 0.130 seconds
[2025-04-27T17:39:09.986+0000] {processor.py:161} INFO - Started process (PID=14052) to work on /opt/airflow/dags/exampledag.py
[2025-04-27T17:39:09.988+0000] {processor.py:830} INFO - Processing file /opt/airflow/dags/exampledag.py for tasks to queue
[2025-04-27T17:39:09.989+0000] {logging_mixin.py:188} INFO - [2025-04-27T17:39:09.988+0000] {dagbag.py:538} INFO - Filling up the DagBag from /opt/airflow/dags/exampledag.py
[2025-04-27T17:39:10.015+0000] {processor.py:840} INFO - DAG(s) 'chethan_test_dag' retrieved from /opt/airflow/dags/exampledag.py
[2025-04-27T17:39:10.034+0000] {logging_mixin.py:188} INFO - [2025-04-27T17:39:10.034+0000] {dag.py:3036} INFO - Sync 1 DAGs
[2025-04-27T17:39:10.050+0000] {logging_mixin.py:188} INFO - [2025-04-27T17:39:10.050+0000] {dag.py:3823} INFO - Setting next_dagrun for chethan_test_dag to 2025-04-26 00:00:00+00:00, run_after=2025-04-27 00:00:00+00:00
[2025-04-27T17:39:10.066+0000] {processor.py:183} INFO - Processing /opt/airflow/dags/exampledag.py took 0.083 seconds
[2025-04-27T17:39:40.797+0000] {processor.py:161} INFO - Started process (PID=14095) to work on /opt/airflow/dags/exampledag.py
[2025-04-27T17:39:40.798+0000] {processor.py:830} INFO - Processing file /opt/airflow/dags/exampledag.py for tasks to queue
[2025-04-27T17:39:40.798+0000] {logging_mixin.py:188} INFO - [2025-04-27T17:39:40.798+0000] {dagbag.py:538} INFO - Filling up the DagBag from /opt/airflow/dags/exampledag.py
[2025-04-27T17:39:40.823+0000] {processor.py:840} INFO - DAG(s) 'chethan_test_dag' retrieved from /opt/airflow/dags/exampledag.py
[2025-04-27T17:39:40.842+0000] {logging_mixin.py:188} INFO - [2025-04-27T17:39:40.841+0000] {dag.py:3036} INFO - Sync 1 DAGs
[2025-04-27T17:39:40.859+0000] {logging_mixin.py:188} INFO - [2025-04-27T17:39:40.858+0000] {dag.py:3823} INFO - Setting next_dagrun for chethan_test_dag to 2025-04-26 00:00:00+00:00, run_after=2025-04-27 00:00:00+00:00
[2025-04-27T17:39:40.876+0000] {processor.py:183} INFO - Processing /opt/airflow/dags/exampledag.py took 0.082 seconds
[2025-04-27T17:40:12.064+0000] {processor.py:161} INFO - Started process (PID=14138) to work on /opt/airflow/dags/exampledag.py
[2025-04-27T17:40:12.065+0000] {processor.py:830} INFO - Processing file /opt/airflow/dags/exampledag.py for tasks to queue
[2025-04-27T17:40:12.067+0000] {logging_mixin.py:188} INFO - [2025-04-27T17:40:12.066+0000] {dagbag.py:538} INFO - Filling up the DagBag from /opt/airflow/dags/exampledag.py
[2025-04-27T17:40:12.097+0000] {processor.py:840} INFO - DAG(s) 'chethan_test_dag' retrieved from /opt/airflow/dags/exampledag.py
[2025-04-27T17:40:12.131+0000] {logging_mixin.py:188} INFO - [2025-04-27T17:40:12.131+0000] {dag.py:3036} INFO - Sync 1 DAGs
[2025-04-27T17:40:12.155+0000] {logging_mixin.py:188} INFO - [2025-04-27T17:40:12.154+0000] {dag.py:3823} INFO - Setting next_dagrun for chethan_test_dag to 2025-04-26 00:00:00+00:00, run_after=2025-04-27 00:00:00+00:00
[2025-04-27T17:40:12.177+0000] {processor.py:183} INFO - Processing /opt/airflow/dags/exampledag.py took 0.117 seconds
[2025-04-27T17:40:42.512+0000] {processor.py:161} INFO - Started process (PID=14178) to work on /opt/airflow/dags/exampledag.py
[2025-04-27T17:40:42.513+0000] {processor.py:830} INFO - Processing file /opt/airflow/dags/exampledag.py for tasks to queue
[2025-04-27T17:40:42.514+0000] {logging_mixin.py:188} INFO - [2025-04-27T17:40:42.514+0000] {dagbag.py:538} INFO - Filling up the DagBag from /opt/airflow/dags/exampledag.py
[2025-04-27T17:40:42.548+0000] {processor.py:840} INFO - DAG(s) 'chethan_test_dag' retrieved from /opt/airflow/dags/exampledag.py
[2025-04-27T17:40:42.577+0000] {logging_mixin.py:188} INFO - [2025-04-27T17:40:42.576+0000] {dag.py:3036} INFO - Sync 1 DAGs
[2025-04-27T17:40:42.600+0000] {logging_mixin.py:188} INFO - [2025-04-27T17:40:42.599+0000] {dag.py:3823} INFO - Setting next_dagrun for chethan_test_dag to 2025-04-26 00:00:00+00:00, run_after=2025-04-27 00:00:00+00:00
[2025-04-27T17:40:42.622+0000] {processor.py:183} INFO - Processing /opt/airflow/dags/exampledag.py took 0.114 seconds
[2025-04-27T17:41:13.514+0000] {processor.py:161} INFO - Started process (PID=14218) to work on /opt/airflow/dags/exampledag.py
[2025-04-27T17:41:13.515+0000] {processor.py:830} INFO - Processing file /opt/airflow/dags/exampledag.py for tasks to queue
[2025-04-27T17:41:13.522+0000] {logging_mixin.py:188} INFO - [2025-04-27T17:41:13.517+0000] {dagbag.py:538} INFO - Filling up the DagBag from /opt/airflow/dags/exampledag.py
[2025-04-27T17:41:13.561+0000] {processor.py:840} INFO - DAG(s) 'chethan_test_dag' retrieved from /opt/airflow/dags/exampledag.py
[2025-04-27T17:41:13.591+0000] {logging_mixin.py:188} INFO - [2025-04-27T17:41:13.591+0000] {dag.py:3036} INFO - Sync 1 DAGs
[2025-04-27T17:41:13.617+0000] {logging_mixin.py:188} INFO - [2025-04-27T17:41:13.616+0000] {dag.py:3823} INFO - Setting next_dagrun for chethan_test_dag to 2025-04-26 00:00:00+00:00, run_after=2025-04-27 00:00:00+00:00
[2025-04-27T17:41:13.644+0000] {processor.py:183} INFO - Processing /opt/airflow/dags/exampledag.py took 0.134 seconds
[2025-04-27T17:41:44.231+0000] {processor.py:161} INFO - Started process (PID=14261) to work on /opt/airflow/dags/exampledag.py
[2025-04-27T17:41:44.232+0000] {processor.py:830} INFO - Processing file /opt/airflow/dags/exampledag.py for tasks to queue
[2025-04-27T17:41:44.233+0000] {logging_mixin.py:188} INFO - [2025-04-27T17:41:44.232+0000] {dagbag.py:538} INFO - Filling up the DagBag from /opt/airflow/dags/exampledag.py
[2025-04-27T17:41:44.255+0000] {processor.py:840} INFO - DAG(s) 'chethan_test_dag' retrieved from /opt/airflow/dags/exampledag.py
[2025-04-27T17:41:44.278+0000] {logging_mixin.py:188} INFO - [2025-04-27T17:41:44.278+0000] {dag.py:3036} INFO - Sync 1 DAGs
[2025-04-27T17:41:44.304+0000] {logging_mixin.py:188} INFO - [2025-04-27T17:41:44.304+0000] {dag.py:3823} INFO - Setting next_dagrun for chethan_test_dag to 2025-04-26 00:00:00+00:00, run_after=2025-04-27 00:00:00+00:00
[2025-04-27T17:41:44.323+0000] {processor.py:183} INFO - Processing /opt/airflow/dags/exampledag.py took 0.095 seconds
[2025-04-27T17:42:15.035+0000] {processor.py:161} INFO - Started process (PID=14307) to work on /opt/airflow/dags/exampledag.py
[2025-04-27T17:42:15.037+0000] {processor.py:830} INFO - Processing file /opt/airflow/dags/exampledag.py for tasks to queue
[2025-04-27T17:42:15.039+0000] {logging_mixin.py:188} INFO - [2025-04-27T17:42:15.038+0000] {dagbag.py:538} INFO - Filling up the DagBag from /opt/airflow/dags/exampledag.py
[2025-04-27T17:42:15.093+0000] {processor.py:840} INFO - DAG(s) 'chethan_test_dag' retrieved from /opt/airflow/dags/exampledag.py
[2025-04-27T17:42:15.140+0000] {logging_mixin.py:188} INFO - [2025-04-27T17:42:15.139+0000] {dag.py:3036} INFO - Sync 1 DAGs
[2025-04-27T17:42:15.169+0000] {logging_mixin.py:188} INFO - [2025-04-27T17:42:15.169+0000] {dag.py:3823} INFO - Setting next_dagrun for chethan_test_dag to 2025-04-26 00:00:00+00:00, run_after=2025-04-27 00:00:00+00:00
[2025-04-27T17:42:15.206+0000] {processor.py:183} INFO - Processing /opt/airflow/dags/exampledag.py took 0.177 seconds
[2025-04-27T17:42:46.067+0000] {processor.py:161} INFO - Started process (PID=14347) to work on /opt/airflow/dags/exampledag.py
[2025-04-27T17:42:46.069+0000] {processor.py:830} INFO - Processing file /opt/airflow/dags/exampledag.py for tasks to queue
[2025-04-27T17:42:46.070+0000] {logging_mixin.py:188} INFO - [2025-04-27T17:42:46.070+0000] {dagbag.py:538} INFO - Filling up the DagBag from /opt/airflow/dags/exampledag.py
[2025-04-27T17:42:46.107+0000] {processor.py:840} INFO - DAG(s) 'chethan_test_dag' retrieved from /opt/airflow/dags/exampledag.py
[2025-04-27T17:42:46.164+0000] {logging_mixin.py:188} INFO - [2025-04-27T17:42:46.164+0000] {dag.py:3036} INFO - Sync 1 DAGs
[2025-04-27T17:42:46.190+0000] {logging_mixin.py:188} INFO - [2025-04-27T17:42:46.189+0000] {dag.py:3823} INFO - Setting next_dagrun for chethan_test_dag to 2025-04-26 00:00:00+00:00, run_after=2025-04-27 00:00:00+00:00
[2025-04-27T17:42:46.220+0000] {processor.py:183} INFO - Processing /opt/airflow/dags/exampledag.py took 0.157 seconds
[2025-04-27T17:43:16.799+0000] {processor.py:161} INFO - Started process (PID=14390) to work on /opt/airflow/dags/exampledag.py
[2025-04-27T17:43:16.801+0000] {processor.py:830} INFO - Processing file /opt/airflow/dags/exampledag.py for tasks to queue
[2025-04-27T17:43:16.803+0000] {logging_mixin.py:188} INFO - [2025-04-27T17:43:16.802+0000] {dagbag.py:538} INFO - Filling up the DagBag from /opt/airflow/dags/exampledag.py
[2025-04-27T17:43:16.844+0000] {processor.py:840} INFO - DAG(s) 'chethan_test_dag' retrieved from /opt/airflow/dags/exampledag.py
[2025-04-27T17:43:16.911+0000] {logging_mixin.py:188} INFO - [2025-04-27T17:43:16.910+0000] {dag.py:3036} INFO - Sync 1 DAGs
[2025-04-27T17:43:16.946+0000] {logging_mixin.py:188} INFO - [2025-04-27T17:43:16.945+0000] {dag.py:3823} INFO - Setting next_dagrun for chethan_test_dag to 2025-04-26 00:00:00+00:00, run_after=2025-04-27 00:00:00+00:00
[2025-04-27T17:43:16.976+0000] {processor.py:183} INFO - Processing /opt/airflow/dags/exampledag.py took 0.182 seconds
[2025-04-27T17:43:47.291+0000] {processor.py:161} INFO - Started process (PID=14431) to work on /opt/airflow/dags/exampledag.py
[2025-04-27T17:43:47.292+0000] {processor.py:830} INFO - Processing file /opt/airflow/dags/exampledag.py for tasks to queue
[2025-04-27T17:43:47.293+0000] {logging_mixin.py:188} INFO - [2025-04-27T17:43:47.292+0000] {dagbag.py:538} INFO - Filling up the DagBag from /opt/airflow/dags/exampledag.py
[2025-04-27T17:43:47.332+0000] {processor.py:840} INFO - DAG(s) 'chethan_test_dag' retrieved from /opt/airflow/dags/exampledag.py
[2025-04-27T17:43:47.358+0000] {logging_mixin.py:188} INFO - [2025-04-27T17:43:47.357+0000] {dag.py:3036} INFO - Sync 1 DAGs
[2025-04-27T17:43:47.379+0000] {logging_mixin.py:188} INFO - [2025-04-27T17:43:47.378+0000] {dag.py:3823} INFO - Setting next_dagrun for chethan_test_dag to 2025-04-26 00:00:00+00:00, run_after=2025-04-27 00:00:00+00:00
[2025-04-27T17:43:47.540+0000] {processor.py:183} INFO - Processing /opt/airflow/dags/exampledag.py took 0.252 seconds
[2025-04-27T17:44:17.805+0000] {processor.py:161} INFO - Started process (PID=14473) to work on /opt/airflow/dags/exampledag.py
[2025-04-27T17:44:17.806+0000] {processor.py:830} INFO - Processing file /opt/airflow/dags/exampledag.py for tasks to queue
[2025-04-27T17:44:17.807+0000] {logging_mixin.py:188} INFO - [2025-04-27T17:44:17.807+0000] {dagbag.py:538} INFO - Filling up the DagBag from /opt/airflow/dags/exampledag.py
[2025-04-27T17:44:17.834+0000] {processor.py:840} INFO - DAG(s) 'chethan_test_dag' retrieved from /opt/airflow/dags/exampledag.py
[2025-04-27T17:44:17.859+0000] {logging_mixin.py:188} INFO - [2025-04-27T17:44:17.859+0000] {dag.py:3036} INFO - Sync 1 DAGs
[2025-04-27T17:44:17.881+0000] {logging_mixin.py:188} INFO - [2025-04-27T17:44:17.880+0000] {dag.py:3823} INFO - Setting next_dagrun for chethan_test_dag to 2025-04-26 00:00:00+00:00, run_after=2025-04-27 00:00:00+00:00
[2025-04-27T17:44:17.904+0000] {processor.py:183} INFO - Processing /opt/airflow/dags/exampledag.py took 0.101 seconds
[2025-04-27T17:44:48.006+0000] {processor.py:161} INFO - Started process (PID=14510) to work on /opt/airflow/dags/exampledag.py
[2025-04-27T17:44:48.008+0000] {processor.py:830} INFO - Processing file /opt/airflow/dags/exampledag.py for tasks to queue
[2025-04-27T17:44:48.009+0000] {logging_mixin.py:188} INFO - [2025-04-27T17:44:48.009+0000] {dagbag.py:538} INFO - Filling up the DagBag from /opt/airflow/dags/exampledag.py
[2025-04-27T17:44:48.041+0000] {processor.py:840} INFO - DAG(s) 'chethan_test_dag' retrieved from /opt/airflow/dags/exampledag.py
[2025-04-27T17:44:48.069+0000] {logging_mixin.py:188} INFO - [2025-04-27T17:44:48.069+0000] {dag.py:3036} INFO - Sync 1 DAGs
[2025-04-27T17:44:48.094+0000] {logging_mixin.py:188} INFO - [2025-04-27T17:44:48.094+0000] {dag.py:3823} INFO - Setting next_dagrun for chethan_test_dag to 2025-04-26 00:00:00+00:00, run_after=2025-04-27 00:00:00+00:00
[2025-04-27T17:44:48.128+0000] {processor.py:183} INFO - Processing /opt/airflow/dags/exampledag.py took 0.125 seconds
[2025-04-27T17:45:18.337+0000] {processor.py:161} INFO - Started process (PID=14550) to work on /opt/airflow/dags/exampledag.py
[2025-04-27T17:45:18.338+0000] {processor.py:830} INFO - Processing file /opt/airflow/dags/exampledag.py for tasks to queue
[2025-04-27T17:45:18.339+0000] {logging_mixin.py:188} INFO - [2025-04-27T17:45:18.339+0000] {dagbag.py:538} INFO - Filling up the DagBag from /opt/airflow/dags/exampledag.py
[2025-04-27T17:45:18.373+0000] {processor.py:840} INFO - DAG(s) 'chethan_test_dag' retrieved from /opt/airflow/dags/exampledag.py
[2025-04-27T17:45:18.408+0000] {logging_mixin.py:188} INFO - [2025-04-27T17:45:18.408+0000] {dag.py:3036} INFO - Sync 1 DAGs
[2025-04-27T17:45:18.429+0000] {logging_mixin.py:188} INFO - [2025-04-27T17:45:18.429+0000] {dag.py:3823} INFO - Setting next_dagrun for chethan_test_dag to 2025-04-26 00:00:00+00:00, run_after=2025-04-27 00:00:00+00:00
[2025-04-27T17:45:18.450+0000] {processor.py:183} INFO - Processing /opt/airflow/dags/exampledag.py took 0.116 seconds
[2025-04-27T17:45:48.973+0000] {processor.py:161} INFO - Started process (PID=14596) to work on /opt/airflow/dags/exampledag.py
[2025-04-27T17:45:48.974+0000] {processor.py:830} INFO - Processing file /opt/airflow/dags/exampledag.py for tasks to queue
[2025-04-27T17:45:48.974+0000] {logging_mixin.py:188} INFO - [2025-04-27T17:45:48.974+0000] {dagbag.py:538} INFO - Filling up the DagBag from /opt/airflow/dags/exampledag.py
[2025-04-27T17:45:49.000+0000] {processor.py:840} INFO - DAG(s) 'chethan_test_dag' retrieved from /opt/airflow/dags/exampledag.py
[2025-04-27T17:45:49.030+0000] {logging_mixin.py:188} INFO - [2025-04-27T17:45:49.029+0000] {dag.py:3036} INFO - Sync 1 DAGs
[2025-04-27T17:45:49.059+0000] {logging_mixin.py:188} INFO - [2025-04-27T17:45:49.059+0000] {dag.py:3823} INFO - Setting next_dagrun for chethan_test_dag to 2025-04-26 00:00:00+00:00, run_after=2025-04-27 00:00:00+00:00
[2025-04-27T17:45:49.087+0000] {processor.py:183} INFO - Processing /opt/airflow/dags/exampledag.py took 0.117 seconds
[2025-04-27T17:46:20.559+0000] {processor.py:161} INFO - Started process (PID=14648) to work on /opt/airflow/dags/exampledag.py
[2025-04-27T17:46:20.560+0000] {processor.py:830} INFO - Processing file /opt/airflow/dags/exampledag.py for tasks to queue
[2025-04-27T17:46:20.562+0000] {logging_mixin.py:188} INFO - [2025-04-27T17:46:20.561+0000] {dagbag.py:538} INFO - Filling up the DagBag from /opt/airflow/dags/exampledag.py
[2025-04-27T17:46:20.590+0000] {processor.py:840} INFO - DAG(s) 'chethan_test_dag' retrieved from /opt/airflow/dags/exampledag.py
[2025-04-27T17:46:20.613+0000] {logging_mixin.py:188} INFO - [2025-04-27T17:46:20.612+0000] {dag.py:3036} INFO - Sync 1 DAGs
[2025-04-27T17:46:20.632+0000] {logging_mixin.py:188} INFO - [2025-04-27T17:46:20.631+0000] {dag.py:3823} INFO - Setting next_dagrun for chethan_test_dag to 2025-04-26 00:00:00+00:00, run_after=2025-04-27 00:00:00+00:00
[2025-04-27T17:46:20.649+0000] {processor.py:183} INFO - Processing /opt/airflow/dags/exampledag.py took 0.093 seconds
[2025-04-27T17:46:50.914+0000] {processor.py:161} INFO - Started process (PID=14689) to work on /opt/airflow/dags/exampledag.py
[2025-04-27T17:46:50.916+0000] {processor.py:830} INFO - Processing file /opt/airflow/dags/exampledag.py for tasks to queue
[2025-04-27T17:46:50.917+0000] {logging_mixin.py:188} INFO - [2025-04-27T17:46:50.917+0000] {dagbag.py:538} INFO - Filling up the DagBag from /opt/airflow/dags/exampledag.py
[2025-04-27T17:46:50.950+0000] {processor.py:840} INFO - DAG(s) 'chethan_test_dag' retrieved from /opt/airflow/dags/exampledag.py
[2025-04-27T17:46:50.984+0000] {logging_mixin.py:188} INFO - [2025-04-27T17:46:50.984+0000] {dag.py:3036} INFO - Sync 1 DAGs
[2025-04-27T17:46:51.007+0000] {logging_mixin.py:188} INFO - [2025-04-27T17:46:51.006+0000] {dag.py:3823} INFO - Setting next_dagrun for chethan_test_dag to 2025-04-26 00:00:00+00:00, run_after=2025-04-27 00:00:00+00:00
[2025-04-27T17:46:51.030+0000] {processor.py:183} INFO - Processing /opt/airflow/dags/exampledag.py took 0.119 seconds
[2025-04-27T17:47:21.296+0000] {processor.py:161} INFO - Started process (PID=14732) to work on /opt/airflow/dags/exampledag.py
[2025-04-27T17:47:21.297+0000] {processor.py:830} INFO - Processing file /opt/airflow/dags/exampledag.py for tasks to queue
[2025-04-27T17:47:21.298+0000] {logging_mixin.py:188} INFO - [2025-04-27T17:47:21.298+0000] {dagbag.py:538} INFO - Filling up the DagBag from /opt/airflow/dags/exampledag.py
[2025-04-27T17:47:21.328+0000] {processor.py:840} INFO - DAG(s) 'chethan_test_dag' retrieved from /opt/airflow/dags/exampledag.py
[2025-04-27T17:47:21.355+0000] {logging_mixin.py:188} INFO - [2025-04-27T17:47:21.354+0000] {dag.py:3036} INFO - Sync 1 DAGs
[2025-04-27T17:47:21.376+0000] {logging_mixin.py:188} INFO - [2025-04-27T17:47:21.376+0000] {dag.py:3823} INFO - Setting next_dagrun for chethan_test_dag to 2025-04-26 00:00:00+00:00, run_after=2025-04-27 00:00:00+00:00
[2025-04-27T17:47:21.399+0000] {processor.py:183} INFO - Processing /opt/airflow/dags/exampledag.py took 0.107 seconds
[2025-04-27T17:47:51.533+0000] {processor.py:161} INFO - Started process (PID=14768) to work on /opt/airflow/dags/exampledag.py
[2025-04-27T17:47:51.535+0000] {processor.py:830} INFO - Processing file /opt/airflow/dags/exampledag.py for tasks to queue
[2025-04-27T17:47:51.536+0000] {logging_mixin.py:188} INFO - [2025-04-27T17:47:51.536+0000] {dagbag.py:538} INFO - Filling up the DagBag from /opt/airflow/dags/exampledag.py
[2025-04-27T17:47:51.574+0000] {processor.py:840} INFO - DAG(s) 'chethan_test_dag' retrieved from /opt/airflow/dags/exampledag.py
[2025-04-27T17:47:51.608+0000] {logging_mixin.py:188} INFO - [2025-04-27T17:47:51.607+0000] {dag.py:3036} INFO - Sync 1 DAGs
[2025-04-27T17:47:51.648+0000] {logging_mixin.py:188} INFO - [2025-04-27T17:47:51.648+0000] {dag.py:3823} INFO - Setting next_dagrun for chethan_test_dag to 2025-04-26 00:00:00+00:00, run_after=2025-04-27 00:00:00+00:00
[2025-04-27T17:47:51.686+0000] {processor.py:183} INFO - Processing /opt/airflow/dags/exampledag.py took 0.156 seconds
[2025-04-27T17:48:23.465+0000] {processor.py:161} INFO - Started process (PID=14820) to work on /opt/airflow/dags/exampledag.py
[2025-04-27T17:48:23.466+0000] {processor.py:830} INFO - Processing file /opt/airflow/dags/exampledag.py for tasks to queue
[2025-04-27T17:48:23.468+0000] {logging_mixin.py:188} INFO - [2025-04-27T17:48:23.467+0000] {dagbag.py:538} INFO - Filling up the DagBag from /opt/airflow/dags/exampledag.py
[2025-04-27T17:48:23.507+0000] {processor.py:840} INFO - DAG(s) 'chethan_test_dag' retrieved from /opt/airflow/dags/exampledag.py
[2025-04-27T17:48:23.569+0000] {logging_mixin.py:188} INFO - [2025-04-27T17:48:23.568+0000] {dag.py:3036} INFO - Sync 1 DAGs
[2025-04-27T17:48:23.614+0000] {logging_mixin.py:188} INFO - [2025-04-27T17:48:23.613+0000] {dag.py:3823} INFO - Setting next_dagrun for chethan_test_dag to 2025-04-26 00:00:00+00:00, run_after=2025-04-27 00:00:00+00:00
[2025-04-27T17:48:23.647+0000] {processor.py:183} INFO - Processing /opt/airflow/dags/exampledag.py took 0.187 seconds
[2025-04-27T17:48:54.181+0000] {processor.py:161} INFO - Started process (PID=14863) to work on /opt/airflow/dags/exampledag.py
[2025-04-27T17:48:54.182+0000] {processor.py:830} INFO - Processing file /opt/airflow/dags/exampledag.py for tasks to queue
[2025-04-27T17:48:54.184+0000] {logging_mixin.py:188} INFO - [2025-04-27T17:48:54.183+0000] {dagbag.py:538} INFO - Filling up the DagBag from /opt/airflow/dags/exampledag.py
[2025-04-27T17:48:54.219+0000] {processor.py:840} INFO - DAG(s) 'chethan_test_dag' retrieved from /opt/airflow/dags/exampledag.py
[2025-04-27T17:48:54.290+0000] {logging_mixin.py:188} INFO - [2025-04-27T17:48:54.290+0000] {dag.py:3036} INFO - Sync 1 DAGs
[2025-04-27T17:48:54.315+0000] {logging_mixin.py:188} INFO - [2025-04-27T17:48:54.315+0000] {dag.py:3823} INFO - Setting next_dagrun for chethan_test_dag to 2025-04-26 00:00:00+00:00, run_after=2025-04-27 00:00:00+00:00
[2025-04-27T17:48:54.339+0000] {processor.py:183} INFO - Processing /opt/airflow/dags/exampledag.py took 0.161 seconds
[2025-04-27T17:49:24.728+0000] {processor.py:161} INFO - Started process (PID=14906) to work on /opt/airflow/dags/exampledag.py
[2025-04-27T17:49:24.729+0000] {processor.py:830} INFO - Processing file /opt/airflow/dags/exampledag.py for tasks to queue
[2025-04-27T17:49:24.731+0000] {logging_mixin.py:188} INFO - [2025-04-27T17:49:24.730+0000] {dagbag.py:538} INFO - Filling up the DagBag from /opt/airflow/dags/exampledag.py
[2025-04-27T17:49:24.769+0000] {processor.py:840} INFO - DAG(s) 'chethan_test_dag' retrieved from /opt/airflow/dags/exampledag.py
[2025-04-27T17:49:24.791+0000] {logging_mixin.py:188} INFO - [2025-04-27T17:49:24.791+0000] {dag.py:3036} INFO - Sync 1 DAGs
[2025-04-27T17:49:24.813+0000] {logging_mixin.py:188} INFO - [2025-04-27T17:49:24.813+0000] {dag.py:3823} INFO - Setting next_dagrun for chethan_test_dag to 2025-04-26 00:00:00+00:00, run_after=2025-04-27 00:00:00+00:00
[2025-04-27T17:49:24.833+0000] {processor.py:183} INFO - Processing /opt/airflow/dags/exampledag.py took 0.108 seconds
[2025-04-27T17:49:55.338+0000] {processor.py:161} INFO - Started process (PID=14949) to work on /opt/airflow/dags/exampledag.py
[2025-04-27T17:49:55.339+0000] {processor.py:830} INFO - Processing file /opt/airflow/dags/exampledag.py for tasks to queue
[2025-04-27T17:49:55.340+0000] {logging_mixin.py:188} INFO - [2025-04-27T17:49:55.340+0000] {dagbag.py:538} INFO - Filling up the DagBag from /opt/airflow/dags/exampledag.py
[2025-04-27T17:49:55.367+0000] {processor.py:840} INFO - DAG(s) 'chethan_test_dag' retrieved from /opt/airflow/dags/exampledag.py
[2025-04-27T17:49:55.390+0000] {logging_mixin.py:188} INFO - [2025-04-27T17:49:55.389+0000] {dag.py:3036} INFO - Sync 1 DAGs
[2025-04-27T17:49:55.408+0000] {logging_mixin.py:188} INFO - [2025-04-27T17:49:55.407+0000] {dag.py:3823} INFO - Setting next_dagrun for chethan_test_dag to 2025-04-26 00:00:00+00:00, run_after=2025-04-27 00:00:00+00:00
[2025-04-27T17:49:55.428+0000] {processor.py:183} INFO - Processing /opt/airflow/dags/exampledag.py took 0.093 seconds
[2025-04-27T17:50:26.115+0000] {processor.py:161} INFO - Started process (PID=14992) to work on /opt/airflow/dags/exampledag.py
[2025-04-27T17:50:26.116+0000] {processor.py:830} INFO - Processing file /opt/airflow/dags/exampledag.py for tasks to queue
[2025-04-27T17:50:26.119+0000] {logging_mixin.py:188} INFO - [2025-04-27T17:50:26.119+0000] {dagbag.py:538} INFO - Filling up the DagBag from /opt/airflow/dags/exampledag.py
[2025-04-27T17:50:26.169+0000] {processor.py:840} INFO - DAG(s) 'chethan_test_dag' retrieved from /opt/airflow/dags/exampledag.py
[2025-04-27T17:50:26.198+0000] {logging_mixin.py:188} INFO - [2025-04-27T17:50:26.197+0000] {dag.py:3036} INFO - Sync 1 DAGs
[2025-04-27T17:50:26.224+0000] {logging_mixin.py:188} INFO - [2025-04-27T17:50:26.223+0000] {dag.py:3823} INFO - Setting next_dagrun for chethan_test_dag to 2025-04-26 00:00:00+00:00, run_after=2025-04-27 00:00:00+00:00
[2025-04-27T17:50:26.248+0000] {processor.py:183} INFO - Processing /opt/airflow/dags/exampledag.py took 0.136 seconds
[2025-04-27T17:50:57.603+0000] {processor.py:161} INFO - Started process (PID=15035) to work on /opt/airflow/dags/exampledag.py
[2025-04-27T17:50:57.604+0000] {processor.py:830} INFO - Processing file /opt/airflow/dags/exampledag.py for tasks to queue
[2025-04-27T17:50:57.605+0000] {logging_mixin.py:188} INFO - [2025-04-27T17:50:57.605+0000] {dagbag.py:538} INFO - Filling up the DagBag from /opt/airflow/dags/exampledag.py
[2025-04-27T17:50:57.655+0000] {processor.py:840} INFO - DAG(s) 'chethan_test_dag' retrieved from /opt/airflow/dags/exampledag.py
[2025-04-27T17:50:57.693+0000] {logging_mixin.py:188} INFO - [2025-04-27T17:50:57.692+0000] {dag.py:3036} INFO - Sync 1 DAGs
[2025-04-27T17:50:57.768+0000] {logging_mixin.py:188} INFO - [2025-04-27T17:50:57.767+0000] {dag.py:3823} INFO - Setting next_dagrun for chethan_test_dag to 2025-04-26 00:00:00+00:00, run_after=2025-04-27 00:00:00+00:00
[2025-04-27T17:50:57.805+0000] {processor.py:183} INFO - Processing /opt/airflow/dags/exampledag.py took 0.230 seconds
[2025-04-27T17:51:29.036+0000] {processor.py:161} INFO - Started process (PID=15078) to work on /opt/airflow/dags/exampledag.py
[2025-04-27T17:51:29.037+0000] {processor.py:830} INFO - Processing file /opt/airflow/dags/exampledag.py for tasks to queue
[2025-04-27T17:51:29.039+0000] {logging_mixin.py:188} INFO - [2025-04-27T17:51:29.038+0000] {dagbag.py:538} INFO - Filling up the DagBag from /opt/airflow/dags/exampledag.py
[2025-04-27T17:51:29.071+0000] {processor.py:840} INFO - DAG(s) 'chethan_test_dag' retrieved from /opt/airflow/dags/exampledag.py
[2025-04-27T17:51:29.102+0000] {logging_mixin.py:188} INFO - [2025-04-27T17:51:29.101+0000] {dag.py:3036} INFO - Sync 1 DAGs
[2025-04-27T17:51:29.124+0000] {logging_mixin.py:188} INFO - [2025-04-27T17:51:29.124+0000] {dag.py:3823} INFO - Setting next_dagrun for chethan_test_dag to 2025-04-26 00:00:00+00:00, run_after=2025-04-27 00:00:00+00:00
[2025-04-27T17:51:29.145+0000] {processor.py:183} INFO - Processing /opt/airflow/dags/exampledag.py took 0.112 seconds
[2025-04-27T17:52:00.503+0000] {processor.py:161} INFO - Started process (PID=15121) to work on /opt/airflow/dags/exampledag.py
[2025-04-27T17:52:00.504+0000] {processor.py:830} INFO - Processing file /opt/airflow/dags/exampledag.py for tasks to queue
[2025-04-27T17:52:00.506+0000] {logging_mixin.py:188} INFO - [2025-04-27T17:52:00.506+0000] {dagbag.py:538} INFO - Filling up the DagBag from /opt/airflow/dags/exampledag.py
[2025-04-27T17:52:00.546+0000] {processor.py:840} INFO - DAG(s) 'chethan_test_dag' retrieved from /opt/airflow/dags/exampledag.py
[2025-04-27T17:52:00.581+0000] {logging_mixin.py:188} INFO - [2025-04-27T17:52:00.581+0000] {dag.py:3036} INFO - Sync 1 DAGs
[2025-04-27T17:52:00.617+0000] {logging_mixin.py:188} INFO - [2025-04-27T17:52:00.617+0000] {dag.py:3823} INFO - Setting next_dagrun for chethan_test_dag to 2025-04-26 00:00:00+00:00, run_after=2025-04-27 00:00:00+00:00
[2025-04-27T17:52:00.652+0000] {processor.py:183} INFO - Processing /opt/airflow/dags/exampledag.py took 0.155 seconds
[2025-04-27T17:52:32.447+0000] {processor.py:161} INFO - Started process (PID=15164) to work on /opt/airflow/dags/exampledag.py
[2025-04-27T17:52:32.449+0000] {processor.py:830} INFO - Processing file /opt/airflow/dags/exampledag.py for tasks to queue
[2025-04-27T17:52:32.452+0000] {logging_mixin.py:188} INFO - [2025-04-27T17:52:32.451+0000] {dagbag.py:538} INFO - Filling up the DagBag from /opt/airflow/dags/exampledag.py
[2025-04-27T17:52:32.511+0000] {processor.py:840} INFO - DAG(s) 'chethan_test_dag' retrieved from /opt/airflow/dags/exampledag.py
[2025-04-27T17:52:32.571+0000] {logging_mixin.py:188} INFO - [2025-04-27T17:52:32.571+0000] {dag.py:3036} INFO - Sync 1 DAGs
[2025-04-27T17:52:32.614+0000] {logging_mixin.py:188} INFO - [2025-04-27T17:52:32.614+0000] {dag.py:3823} INFO - Setting next_dagrun for chethan_test_dag to 2025-04-26 00:00:00+00:00, run_after=2025-04-27 00:00:00+00:00
[2025-04-27T17:52:32.660+0000] {processor.py:183} INFO - Processing /opt/airflow/dags/exampledag.py took 0.218 seconds
[2025-04-27T17:53:04.723+0000] {processor.py:161} INFO - Started process (PID=15207) to work on /opt/airflow/dags/exampledag.py
[2025-04-27T17:53:04.724+0000] {processor.py:830} INFO - Processing file /opt/airflow/dags/exampledag.py for tasks to queue
[2025-04-27T17:53:04.726+0000] {logging_mixin.py:188} INFO - [2025-04-27T17:53:04.725+0000] {dagbag.py:538} INFO - Filling up the DagBag from /opt/airflow/dags/exampledag.py
[2025-04-27T17:53:04.764+0000] {processor.py:840} INFO - DAG(s) 'chethan_test_dag' retrieved from /opt/airflow/dags/exampledag.py
[2025-04-27T17:53:04.795+0000] {logging_mixin.py:188} INFO - [2025-04-27T17:53:04.794+0000] {dag.py:3036} INFO - Sync 1 DAGs
[2025-04-27T17:53:04.828+0000] {logging_mixin.py:188} INFO - [2025-04-27T17:53:04.828+0000] {dag.py:3823} INFO - Setting next_dagrun for chethan_test_dag to 2025-04-26 00:00:00+00:00, run_after=2025-04-27 00:00:00+00:00
[2025-04-27T17:53:04.881+0000] {processor.py:183} INFO - Processing /opt/airflow/dags/exampledag.py took 0.162 seconds
[2025-04-27T17:53:35.870+0000] {processor.py:161} INFO - Started process (PID=15250) to work on /opt/airflow/dags/exampledag.py
[2025-04-27T17:53:35.871+0000] {processor.py:830} INFO - Processing file /opt/airflow/dags/exampledag.py for tasks to queue
[2025-04-27T17:53:35.873+0000] {logging_mixin.py:188} INFO - [2025-04-27T17:53:35.872+0000] {dagbag.py:538} INFO - Filling up the DagBag from /opt/airflow/dags/exampledag.py
[2025-04-27T17:53:35.929+0000] {processor.py:840} INFO - DAG(s) 'chethan_test_dag' retrieved from /opt/airflow/dags/exampledag.py
[2025-04-27T17:53:35.968+0000] {logging_mixin.py:188} INFO - [2025-04-27T17:53:35.968+0000] {dag.py:3036} INFO - Sync 1 DAGs
[2025-04-27T17:53:35.998+0000] {logging_mixin.py:188} INFO - [2025-04-27T17:53:35.997+0000] {dag.py:3823} INFO - Setting next_dagrun for chethan_test_dag to 2025-04-26 00:00:00+00:00, run_after=2025-04-27 00:00:00+00:00
[2025-04-27T17:53:36.029+0000] {processor.py:183} INFO - Processing /opt/airflow/dags/exampledag.py took 0.163 seconds
[2025-04-27T17:54:07.036+0000] {processor.py:161} INFO - Started process (PID=15293) to work on /opt/airflow/dags/exampledag.py
[2025-04-27T17:54:07.037+0000] {processor.py:830} INFO - Processing file /opt/airflow/dags/exampledag.py for tasks to queue
[2025-04-27T17:54:07.039+0000] {logging_mixin.py:188} INFO - [2025-04-27T17:54:07.038+0000] {dagbag.py:538} INFO - Filling up the DagBag from /opt/airflow/dags/exampledag.py
[2025-04-27T17:54:07.072+0000] {processor.py:840} INFO - DAG(s) 'chethan_test_dag' retrieved from /opt/airflow/dags/exampledag.py
[2025-04-27T17:54:07.100+0000] {logging_mixin.py:188} INFO - [2025-04-27T17:54:07.100+0000] {dag.py:3036} INFO - Sync 1 DAGs
[2025-04-27T17:54:07.126+0000] {logging_mixin.py:188} INFO - [2025-04-27T17:54:07.125+0000] {dag.py:3823} INFO - Setting next_dagrun for chethan_test_dag to 2025-04-26 00:00:00+00:00, run_after=2025-04-27 00:00:00+00:00
[2025-04-27T17:54:07.150+0000] {processor.py:183} INFO - Processing /opt/airflow/dags/exampledag.py took 0.117 seconds
[2025-04-27T17:54:38.924+0000] {processor.py:161} INFO - Started process (PID=15336) to work on /opt/airflow/dags/exampledag.py
[2025-04-27T17:54:38.925+0000] {processor.py:830} INFO - Processing file /opt/airflow/dags/exampledag.py for tasks to queue
[2025-04-27T17:54:38.926+0000] {logging_mixin.py:188} INFO - [2025-04-27T17:54:38.926+0000] {dagbag.py:538} INFO - Filling up the DagBag from /opt/airflow/dags/exampledag.py
[2025-04-27T17:54:38.964+0000] {processor.py:840} INFO - DAG(s) 'chethan_test_dag' retrieved from /opt/airflow/dags/exampledag.py
[2025-04-27T17:54:39.009+0000] {logging_mixin.py:188} INFO - [2025-04-27T17:54:39.009+0000] {dag.py:3036} INFO - Sync 1 DAGs
[2025-04-27T17:54:39.043+0000] {logging_mixin.py:188} INFO - [2025-04-27T17:54:39.042+0000] {dag.py:3823} INFO - Setting next_dagrun for chethan_test_dag to 2025-04-26 00:00:00+00:00, run_after=2025-04-27 00:00:00+00:00
[2025-04-27T17:54:39.083+0000] {processor.py:183} INFO - Processing /opt/airflow/dags/exampledag.py took 0.164 seconds
[2025-04-27T17:55:52.736+0000] {processor.py:161} INFO - Started process (PID=203) to work on /opt/airflow/dags/exampledag.py
[2025-04-27T17:55:52.738+0000] {processor.py:830} INFO - Processing file /opt/airflow/dags/exampledag.py for tasks to queue
[2025-04-27T17:55:52.741+0000] {logging_mixin.py:188} INFO - [2025-04-27T17:55:52.740+0000] {dagbag.py:538} INFO - Filling up the DagBag from /opt/airflow/dags/exampledag.py
[2025-04-27T17:55:52.792+0000] {processor.py:840} INFO - DAG(s) 'chethan_test_dag' retrieved from /opt/airflow/dags/exampledag.py
[2025-04-27T17:55:52.816+0000] {logging_mixin.py:188} INFO - [2025-04-27T17:55:52.815+0000] {dag.py:3036} INFO - Sync 1 DAGs
[2025-04-27T17:55:52.856+0000] {logging_mixin.py:188} INFO - [2025-04-27T17:55:52.856+0000] {dag.py:3823} INFO - Setting next_dagrun for chethan_test_dag to 2025-04-26 00:00:00+00:00, run_after=2025-04-27 00:00:00+00:00
[2025-04-27T17:55:52.898+0000] {processor.py:183} INFO - Processing /opt/airflow/dags/exampledag.py took 0.167 seconds
[2025-04-27T17:56:23.426+0000] {processor.py:161} INFO - Started process (PID=248) to work on /opt/airflow/dags/exampledag.py
[2025-04-27T17:56:23.428+0000] {processor.py:830} INFO - Processing file /opt/airflow/dags/exampledag.py for tasks to queue
[2025-04-27T17:56:23.430+0000] {logging_mixin.py:188} INFO - [2025-04-27T17:56:23.429+0000] {dagbag.py:538} INFO - Filling up the DagBag from /opt/airflow/dags/exampledag.py
[2025-04-27T17:56:23.472+0000] {processor.py:840} INFO - DAG(s) 'chethan_test_dag' retrieved from /opt/airflow/dags/exampledag.py
[2025-04-27T17:56:23.610+0000] {logging_mixin.py:188} INFO - [2025-04-27T17:56:23.609+0000] {dag.py:3036} INFO - Sync 1 DAGs
[2025-04-27T17:56:23.634+0000] {logging_mixin.py:188} INFO - [2025-04-27T17:56:23.634+0000] {dag.py:3823} INFO - Setting next_dagrun for chethan_test_dag to 2025-04-26 00:00:00+00:00, run_after=2025-04-27 00:00:00+00:00
[2025-04-27T17:56:23.665+0000] {processor.py:183} INFO - Processing /opt/airflow/dags/exampledag.py took 0.244 seconds
[2025-04-27T17:56:54.392+0000] {processor.py:161} INFO - Started process (PID=291) to work on /opt/airflow/dags/exampledag.py
[2025-04-27T17:56:54.394+0000] {processor.py:830} INFO - Processing file /opt/airflow/dags/exampledag.py for tasks to queue
[2025-04-27T17:56:54.395+0000] {logging_mixin.py:188} INFO - [2025-04-27T17:56:54.395+0000] {dagbag.py:538} INFO - Filling up the DagBag from /opt/airflow/dags/exampledag.py
[2025-04-27T17:56:54.434+0000] {processor.py:840} INFO - DAG(s) 'chethan_test_dag' retrieved from /opt/airflow/dags/exampledag.py
[2025-04-27T17:56:54.471+0000] {logging_mixin.py:188} INFO - [2025-04-27T17:56:54.471+0000] {dag.py:3036} INFO - Sync 1 DAGs
[2025-04-27T17:56:54.500+0000] {logging_mixin.py:188} INFO - [2025-04-27T17:56:54.500+0000] {dag.py:3823} INFO - Setting next_dagrun for chethan_test_dag to 2025-04-26 00:00:00+00:00, run_after=2025-04-27 00:00:00+00:00
[2025-04-27T17:56:54.527+0000] {processor.py:183} INFO - Processing /opt/airflow/dags/exampledag.py took 0.139 seconds
[2025-04-27T17:57:25.498+0000] {processor.py:161} INFO - Started process (PID=335) to work on /opt/airflow/dags/exampledag.py
[2025-04-27T17:57:25.500+0000] {processor.py:830} INFO - Processing file /opt/airflow/dags/exampledag.py for tasks to queue
[2025-04-27T17:57:25.503+0000] {logging_mixin.py:188} INFO - [2025-04-27T17:57:25.502+0000] {dagbag.py:538} INFO - Filling up the DagBag from /opt/airflow/dags/exampledag.py
[2025-04-27T17:57:25.550+0000] {processor.py:840} INFO - DAG(s) 'chethan_test_dag' retrieved from /opt/airflow/dags/exampledag.py
[2025-04-27T17:57:25.597+0000] {logging_mixin.py:188} INFO - [2025-04-27T17:57:25.596+0000] {dag.py:3036} INFO - Sync 1 DAGs
[2025-04-27T17:57:25.639+0000] {logging_mixin.py:188} INFO - [2025-04-27T17:57:25.639+0000] {dag.py:3823} INFO - Setting next_dagrun for chethan_test_dag to 2025-04-26 00:00:00+00:00, run_after=2025-04-27 00:00:00+00:00
[2025-04-27T17:57:25.693+0000] {processor.py:183} INFO - Processing /opt/airflow/dags/exampledag.py took 0.200 seconds
[2025-04-27T17:57:56.115+0000] {processor.py:161} INFO - Started process (PID=380) to work on /opt/airflow/dags/exampledag.py
[2025-04-27T17:57:56.117+0000] {processor.py:830} INFO - Processing file /opt/airflow/dags/exampledag.py for tasks to queue
[2025-04-27T17:57:56.118+0000] {logging_mixin.py:188} INFO - [2025-04-27T17:57:56.118+0000] {dagbag.py:538} INFO - Filling up the DagBag from /opt/airflow/dags/exampledag.py
[2025-04-27T17:57:56.194+0000] {processor.py:840} INFO - DAG(s) 'chethan_test_dag' retrieved from /opt/airflow/dags/exampledag.py
[2025-04-27T17:57:56.283+0000] {logging_mixin.py:188} INFO - [2025-04-27T17:57:56.281+0000] {dag.py:3036} INFO - Sync 1 DAGs
[2025-04-27T17:57:56.368+0000] {logging_mixin.py:188} INFO - [2025-04-27T17:57:56.368+0000] {dag.py:3823} INFO - Setting next_dagrun for chethan_test_dag to 2025-04-26 00:00:00+00:00, run_after=2025-04-27 00:00:00+00:00
[2025-04-27T17:57:56.422+0000] {processor.py:183} INFO - Processing /opt/airflow/dags/exampledag.py took 0.311 seconds
[2025-04-27T17:58:27.244+0000] {processor.py:161} INFO - Started process (PID=424) to work on /opt/airflow/dags/exampledag.py
[2025-04-27T17:58:27.246+0000] {processor.py:830} INFO - Processing file /opt/airflow/dags/exampledag.py for tasks to queue
[2025-04-27T17:58:27.249+0000] {logging_mixin.py:188} INFO - [2025-04-27T17:58:27.248+0000] {dagbag.py:538} INFO - Filling up the DagBag from /opt/airflow/dags/exampledag.py
[2025-04-27T17:58:27.305+0000] {processor.py:840} INFO - DAG(s) 'chethan_test_dag' retrieved from /opt/airflow/dags/exampledag.py
[2025-04-27T17:58:27.353+0000] {logging_mixin.py:188} INFO - [2025-04-27T17:58:27.352+0000] {dag.py:3036} INFO - Sync 1 DAGs
[2025-04-27T17:58:27.397+0000] {logging_mixin.py:188} INFO - [2025-04-27T17:58:27.397+0000] {dag.py:3823} INFO - Setting next_dagrun for chethan_test_dag to 2025-04-26 00:00:00+00:00, run_after=2025-04-27 00:00:00+00:00
[2025-04-27T17:58:27.438+0000] {processor.py:183} INFO - Processing /opt/airflow/dags/exampledag.py took 0.198 seconds
[2025-04-27T17:58:57.801+0000] {processor.py:161} INFO - Started process (PID=466) to work on /opt/airflow/dags/exampledag.py
[2025-04-27T17:58:57.802+0000] {processor.py:830} INFO - Processing file /opt/airflow/dags/exampledag.py for tasks to queue
[2025-04-27T17:58:57.802+0000] {logging_mixin.py:188} INFO - [2025-04-27T17:58:57.802+0000] {dagbag.py:538} INFO - Filling up the DagBag from /opt/airflow/dags/exampledag.py
[2025-04-27T17:58:57.831+0000] {processor.py:840} INFO - DAG(s) 'chethan_test_dag' retrieved from /opt/airflow/dags/exampledag.py
[2025-04-27T17:58:57.855+0000] {logging_mixin.py:188} INFO - [2025-04-27T17:58:57.855+0000] {dag.py:3036} INFO - Sync 1 DAGs
[2025-04-27T17:58:57.875+0000] {logging_mixin.py:188} INFO - [2025-04-27T17:58:57.875+0000] {dag.py:3823} INFO - Setting next_dagrun for chethan_test_dag to 2025-04-26 00:00:00+00:00, run_after=2025-04-27 00:00:00+00:00
[2025-04-27T17:58:57.897+0000] {processor.py:183} INFO - Processing /opt/airflow/dags/exampledag.py took 0.100 seconds
[2025-04-27T17:59:28.654+0000] {processor.py:161} INFO - Started process (PID=510) to work on /opt/airflow/dags/exampledag.py
[2025-04-27T17:59:28.655+0000] {processor.py:830} INFO - Processing file /opt/airflow/dags/exampledag.py for tasks to queue
[2025-04-27T17:59:28.658+0000] {logging_mixin.py:188} INFO - [2025-04-27T17:59:28.657+0000] {dagbag.py:538} INFO - Filling up the DagBag from /opt/airflow/dags/exampledag.py
[2025-04-27T17:59:28.705+0000] {processor.py:840} INFO - DAG(s) 'chethan_test_dag' retrieved from /opt/airflow/dags/exampledag.py
[2025-04-27T17:59:28.748+0000] {logging_mixin.py:188} INFO - [2025-04-27T17:59:28.748+0000] {dag.py:3036} INFO - Sync 1 DAGs
[2025-04-27T17:59:28.779+0000] {logging_mixin.py:188} INFO - [2025-04-27T17:59:28.778+0000] {dag.py:3823} INFO - Setting next_dagrun for chethan_test_dag to 2025-04-26 00:00:00+00:00, run_after=2025-04-27 00:00:00+00:00
[2025-04-27T17:59:28.803+0000] {processor.py:183} INFO - Processing /opt/airflow/dags/exampledag.py took 0.155 seconds
[2025-04-27T17:59:59.876+0000] {processor.py:161} INFO - Started process (PID=553) to work on /opt/airflow/dags/exampledag.py
[2025-04-27T17:59:59.877+0000] {processor.py:830} INFO - Processing file /opt/airflow/dags/exampledag.py for tasks to queue
[2025-04-27T17:59:59.879+0000] {logging_mixin.py:188} INFO - [2025-04-27T17:59:59.879+0000] {dagbag.py:538} INFO - Filling up the DagBag from /opt/airflow/dags/exampledag.py
[2025-04-27T17:59:59.922+0000] {processor.py:840} INFO - DAG(s) 'chethan_test_dag' retrieved from /opt/airflow/dags/exampledag.py
[2025-04-27T17:59:59.989+0000] {logging_mixin.py:188} INFO - [2025-04-27T17:59:59.988+0000] {dag.py:3036} INFO - Sync 1 DAGs
[2025-04-27T18:00:00.041+0000] {logging_mixin.py:188} INFO - [2025-04-27T18:00:00.040+0000] {dag.py:3823} INFO - Setting next_dagrun for chethan_test_dag to 2025-04-26 00:00:00+00:00, run_after=2025-04-27 00:00:00+00:00
[2025-04-27T18:00:00.079+0000] {processor.py:183} INFO - Processing /opt/airflow/dags/exampledag.py took 0.207 seconds
[2025-04-27T18:00:30.557+0000] {processor.py:161} INFO - Started process (PID=596) to work on /opt/airflow/dags/exampledag.py
[2025-04-27T18:00:30.558+0000] {processor.py:830} INFO - Processing file /opt/airflow/dags/exampledag.py for tasks to queue
[2025-04-27T18:00:30.560+0000] {logging_mixin.py:188} INFO - [2025-04-27T18:00:30.559+0000] {dagbag.py:538} INFO - Filling up the DagBag from /opt/airflow/dags/exampledag.py
[2025-04-27T18:00:30.586+0000] {processor.py:840} INFO - DAG(s) 'chethan_test_dag' retrieved from /opt/airflow/dags/exampledag.py
[2025-04-27T18:00:30.613+0000] {logging_mixin.py:188} INFO - [2025-04-27T18:00:30.613+0000] {dag.py:3036} INFO - Sync 1 DAGs
[2025-04-27T18:00:30.637+0000] {logging_mixin.py:188} INFO - [2025-04-27T18:00:30.637+0000] {dag.py:3823} INFO - Setting next_dagrun for chethan_test_dag to 2025-04-26 00:00:00+00:00, run_after=2025-04-27 00:00:00+00:00
[2025-04-27T18:00:30.666+0000] {processor.py:183} INFO - Processing /opt/airflow/dags/exampledag.py took 0.112 seconds
[2025-04-27T18:01:01.274+0000] {processor.py:161} INFO - Started process (PID=639) to work on /opt/airflow/dags/exampledag.py
[2025-04-27T18:01:01.277+0000] {processor.py:830} INFO - Processing file /opt/airflow/dags/exampledag.py for tasks to queue
[2025-04-27T18:01:01.280+0000] {logging_mixin.py:188} INFO - [2025-04-27T18:01:01.278+0000] {dagbag.py:538} INFO - Filling up the DagBag from /opt/airflow/dags/exampledag.py
[2025-04-27T18:01:01.333+0000] {processor.py:840} INFO - DAG(s) 'chethan_test_dag' retrieved from /opt/airflow/dags/exampledag.py
[2025-04-27T18:01:01.386+0000] {logging_mixin.py:188} INFO - [2025-04-27T18:01:01.386+0000] {dag.py:3036} INFO - Sync 1 DAGs
[2025-04-27T18:01:01.437+0000] {logging_mixin.py:188} INFO - [2025-04-27T18:01:01.436+0000] {dag.py:3823} INFO - Setting next_dagrun for chethan_test_dag to 2025-04-26 00:00:00+00:00, run_after=2025-04-27 00:00:00+00:00
[2025-04-27T18:01:01.479+0000] {processor.py:183} INFO - Processing /opt/airflow/dags/exampledag.py took 0.210 seconds
[2025-04-27T18:01:34.191+0000] {processor.py:161} INFO - Started process (PID=678) to work on /opt/airflow/dags/exampledag.py
[2025-04-27T18:01:34.199+0000] {processor.py:830} INFO - Processing file /opt/airflow/dags/exampledag.py for tasks to queue
[2025-04-27T18:01:34.204+0000] {logging_mixin.py:188} INFO - [2025-04-27T18:01:34.202+0000] {dagbag.py:538} INFO - Filling up the DagBag from /opt/airflow/dags/exampledag.py
[2025-04-27T18:01:34.286+0000] {processor.py:840} INFO - DAG(s) 'chethan_test_dag' retrieved from /opt/airflow/dags/exampledag.py
[2025-04-27T18:01:34.364+0000] {logging_mixin.py:188} INFO - [2025-04-27T18:01:34.363+0000] {dag.py:3036} INFO - Sync 1 DAGs
[2025-04-27T18:01:34.461+0000] {logging_mixin.py:188} INFO - [2025-04-27T18:01:34.460+0000] {dag.py:3823} INFO - Setting next_dagrun for chethan_test_dag to 2025-04-26 00:00:00+00:00, run_after=2025-04-27 00:00:00+00:00
[2025-04-27T18:01:34.529+0000] {processor.py:183} INFO - Processing /opt/airflow/dags/exampledag.py took 0.342 seconds
[2025-04-27T18:02:06.038+0000] {processor.py:161} INFO - Started process (PID=721) to work on /opt/airflow/dags/exampledag.py
[2025-04-27T18:02:06.040+0000] {processor.py:830} INFO - Processing file /opt/airflow/dags/exampledag.py for tasks to queue
[2025-04-27T18:02:06.042+0000] {logging_mixin.py:188} INFO - [2025-04-27T18:02:06.042+0000] {dagbag.py:538} INFO - Filling up the DagBag from /opt/airflow/dags/exampledag.py
[2025-04-27T18:02:06.087+0000] {processor.py:840} INFO - DAG(s) 'chethan_test_dag' retrieved from /opt/airflow/dags/exampledag.py
[2025-04-27T18:02:06.121+0000] {logging_mixin.py:188} INFO - [2025-04-27T18:02:06.121+0000] {dag.py:3036} INFO - Sync 1 DAGs
[2025-04-27T18:02:06.152+0000] {logging_mixin.py:188} INFO - [2025-04-27T18:02:06.152+0000] {dag.py:3823} INFO - Setting next_dagrun for chethan_test_dag to 2025-04-26 00:00:00+00:00, run_after=2025-04-27 00:00:00+00:00
[2025-04-27T18:02:06.183+0000] {processor.py:183} INFO - Processing /opt/airflow/dags/exampledag.py took 0.151 seconds
[2025-04-27T18:02:37.962+0000] {processor.py:161} INFO - Started process (PID=770) to work on /opt/airflow/dags/exampledag.py
[2025-04-27T18:02:37.965+0000] {processor.py:830} INFO - Processing file /opt/airflow/dags/exampledag.py for tasks to queue
[2025-04-27T18:02:37.967+0000] {logging_mixin.py:188} INFO - [2025-04-27T18:02:37.966+0000] {dagbag.py:538} INFO - Filling up the DagBag from /opt/airflow/dags/exampledag.py
[2025-04-27T18:02:38.026+0000] {processor.py:840} INFO - DAG(s) 'chethan_test_dag' retrieved from /opt/airflow/dags/exampledag.py
[2025-04-27T18:02:38.102+0000] {logging_mixin.py:188} INFO - [2025-04-27T18:02:38.101+0000] {dag.py:3036} INFO - Sync 1 DAGs
[2025-04-27T18:02:38.176+0000] {logging_mixin.py:188} INFO - [2025-04-27T18:02:38.175+0000] {dag.py:3823} INFO - Setting next_dagrun for chethan_test_dag to 2025-04-26 00:00:00+00:00, run_after=2025-04-27 00:00:00+00:00
[2025-04-27T18:02:38.212+0000] {processor.py:183} INFO - Processing /opt/airflow/dags/exampledag.py took 0.255 seconds
[2025-04-27T18:03:08.457+0000] {processor.py:161} INFO - Started process (PID=810) to work on /opt/airflow/dags/exampledag.py
[2025-04-27T18:03:08.460+0000] {processor.py:830} INFO - Processing file /opt/airflow/dags/exampledag.py for tasks to queue
[2025-04-27T18:03:08.464+0000] {logging_mixin.py:188} INFO - [2025-04-27T18:03:08.463+0000] {dagbag.py:538} INFO - Filling up the DagBag from /opt/airflow/dags/exampledag.py
[2025-04-27T18:03:08.524+0000] {processor.py:840} INFO - DAG(s) 'chethan_test_dag' retrieved from /opt/airflow/dags/exampledag.py
[2025-04-27T18:03:08.585+0000] {logging_mixin.py:188} INFO - [2025-04-27T18:03:08.585+0000] {dag.py:3036} INFO - Sync 1 DAGs
[2025-04-27T18:03:08.628+0000] {logging_mixin.py:188} INFO - [2025-04-27T18:03:08.627+0000] {dag.py:3823} INFO - Setting next_dagrun for chethan_test_dag to 2025-04-26 00:00:00+00:00, run_after=2025-04-27 00:00:00+00:00
[2025-04-27T18:03:08.670+0000] {processor.py:183} INFO - Processing /opt/airflow/dags/exampledag.py took 0.217 seconds
[2025-04-27T18:03:39.729+0000] {processor.py:161} INFO - Started process (PID=850) to work on /opt/airflow/dags/exampledag.py
[2025-04-27T18:03:39.732+0000] {processor.py:830} INFO - Processing file /opt/airflow/dags/exampledag.py for tasks to queue
[2025-04-27T18:03:39.733+0000] {logging_mixin.py:188} INFO - [2025-04-27T18:03:39.733+0000] {dagbag.py:538} INFO - Filling up the DagBag from /opt/airflow/dags/exampledag.py
[2025-04-27T18:03:39.769+0000] {processor.py:840} INFO - DAG(s) 'chethan_test_dag' retrieved from /opt/airflow/dags/exampledag.py
[2025-04-27T18:03:39.803+0000] {logging_mixin.py:188} INFO - [2025-04-27T18:03:39.803+0000] {dag.py:3036} INFO - Sync 1 DAGs
[2025-04-27T18:03:39.836+0000] {logging_mixin.py:188} INFO - [2025-04-27T18:03:39.836+0000] {dag.py:3823} INFO - Setting next_dagrun for chethan_test_dag to 2025-04-26 00:00:00+00:00, run_after=2025-04-27 00:00:00+00:00
[2025-04-27T18:03:39.878+0000] {processor.py:183} INFO - Processing /opt/airflow/dags/exampledag.py took 0.154 seconds
[2025-04-27T18:04:47.162+0000] {processor.py:161} INFO - Started process (PID=205) to work on /opt/airflow/dags/exampledag.py
[2025-04-27T18:04:47.166+0000] {processor.py:830} INFO - Processing file /opt/airflow/dags/exampledag.py for tasks to queue
[2025-04-27T18:04:47.168+0000] {logging_mixin.py:188} INFO - [2025-04-27T18:04:47.167+0000] {dagbag.py:538} INFO - Filling up the DagBag from /opt/airflow/dags/exampledag.py
[2025-04-27T18:04:47.210+0000] {processor.py:840} INFO - DAG(s) 'chethan_test_dag' retrieved from /opt/airflow/dags/exampledag.py
[2025-04-27T18:04:47.226+0000] {logging_mixin.py:188} INFO - [2025-04-27T18:04:47.226+0000] {dag.py:3036} INFO - Sync 1 DAGs
[2025-04-27T18:04:47.265+0000] {logging_mixin.py:188} INFO - [2025-04-27T18:04:47.264+0000] {dag.py:3823} INFO - Setting next_dagrun for chethan_test_dag to 2025-04-26 00:00:00+00:00, run_after=2025-04-27 00:00:00+00:00
[2025-04-27T18:04:47.306+0000] {processor.py:183} INFO - Processing /opt/airflow/dags/exampledag.py took 0.149 seconds
[2025-04-27T18:05:18.505+0000] {processor.py:161} INFO - Started process (PID=246) to work on /opt/airflow/dags/exampledag.py
[2025-04-27T18:05:18.506+0000] {processor.py:830} INFO - Processing file /opt/airflow/dags/exampledag.py for tasks to queue
[2025-04-27T18:05:18.508+0000] {logging_mixin.py:188} INFO - [2025-04-27T18:05:18.508+0000] {dagbag.py:538} INFO - Filling up the DagBag from /opt/airflow/dags/exampledag.py
[2025-04-27T18:05:18.561+0000] {processor.py:840} INFO - DAG(s) 'chethan_test_dag' retrieved from /opt/airflow/dags/exampledag.py
[2025-04-27T18:05:18.826+0000] {logging_mixin.py:188} INFO - [2025-04-27T18:05:18.825+0000] {dag.py:3036} INFO - Sync 1 DAGs
[2025-04-27T18:05:18.879+0000] {logging_mixin.py:188} INFO - [2025-04-27T18:05:18.879+0000] {dag.py:3823} INFO - Setting next_dagrun for chethan_test_dag to 2025-04-26 00:00:00+00:00, run_after=2025-04-27 00:00:00+00:00
[2025-04-27T18:05:18.938+0000] {processor.py:183} INFO - Processing /opt/airflow/dags/exampledag.py took 0.439 seconds
[2025-04-27T18:05:49.624+0000] {processor.py:161} INFO - Started process (PID=291) to work on /opt/airflow/dags/exampledag.py
[2025-04-27T18:05:49.625+0000] {processor.py:830} INFO - Processing file /opt/airflow/dags/exampledag.py for tasks to queue
[2025-04-27T18:05:49.626+0000] {logging_mixin.py:188} INFO - [2025-04-27T18:05:49.626+0000] {dagbag.py:538} INFO - Filling up the DagBag from /opt/airflow/dags/exampledag.py
[2025-04-27T18:05:49.655+0000] {processor.py:840} INFO - DAG(s) 'chethan_test_dag' retrieved from /opt/airflow/dags/exampledag.py
[2025-04-27T18:05:49.682+0000] {logging_mixin.py:188} INFO - [2025-04-27T18:05:49.682+0000] {dag.py:3036} INFO - Sync 1 DAGs
[2025-04-27T18:05:49.703+0000] {logging_mixin.py:188} INFO - [2025-04-27T18:05:49.703+0000] {dag.py:3823} INFO - Setting next_dagrun for chethan_test_dag to 2025-04-26 00:00:00+00:00, run_after=2025-04-27 00:00:00+00:00
[2025-04-27T18:05:49.723+0000] {processor.py:183} INFO - Processing /opt/airflow/dags/exampledag.py took 0.102 seconds
[2025-04-27T18:06:20.120+0000] {processor.py:161} INFO - Started process (PID=334) to work on /opt/airflow/dags/exampledag.py
[2025-04-27T18:06:20.122+0000] {processor.py:830} INFO - Processing file /opt/airflow/dags/exampledag.py for tasks to queue
[2025-04-27T18:06:20.123+0000] {logging_mixin.py:188} INFO - [2025-04-27T18:06:20.123+0000] {dagbag.py:538} INFO - Filling up the DagBag from /opt/airflow/dags/exampledag.py
[2025-04-27T18:06:20.165+0000] {processor.py:840} INFO - DAG(s) 'chethan_test_dag' retrieved from /opt/airflow/dags/exampledag.py
[2025-04-27T18:06:20.214+0000] {logging_mixin.py:188} INFO - [2025-04-27T18:06:20.213+0000] {dag.py:3036} INFO - Sync 1 DAGs
[2025-04-27T18:06:20.255+0000] {logging_mixin.py:188} INFO - [2025-04-27T18:06:20.255+0000] {dag.py:3823} INFO - Setting next_dagrun for chethan_test_dag to 2025-04-26 00:00:00+00:00, run_after=2025-04-27 00:00:00+00:00
[2025-04-27T18:06:20.291+0000] {processor.py:183} INFO - Processing /opt/airflow/dags/exampledag.py took 0.175 seconds
[2025-04-27T18:06:50.857+0000] {processor.py:161} INFO - Started process (PID=377) to work on /opt/airflow/dags/exampledag.py
[2025-04-27T18:06:50.858+0000] {processor.py:830} INFO - Processing file /opt/airflow/dags/exampledag.py for tasks to queue
[2025-04-27T18:06:50.859+0000] {logging_mixin.py:188} INFO - [2025-04-27T18:06:50.859+0000] {dagbag.py:538} INFO - Filling up the DagBag from /opt/airflow/dags/exampledag.py
[2025-04-27T18:06:50.893+0000] {processor.py:840} INFO - DAG(s) 'chethan_test_dag' retrieved from /opt/airflow/dags/exampledag.py
[2025-04-27T18:06:50.933+0000] {logging_mixin.py:188} INFO - [2025-04-27T18:06:50.933+0000] {dag.py:3036} INFO - Sync 1 DAGs
[2025-04-27T18:06:50.961+0000] {logging_mixin.py:188} INFO - [2025-04-27T18:06:50.961+0000] {dag.py:3823} INFO - Setting next_dagrun for chethan_test_dag to 2025-04-26 00:00:00+00:00, run_after=2025-04-27 00:00:00+00:00
[2025-04-27T18:06:51.000+0000] {processor.py:183} INFO - Processing /opt/airflow/dags/exampledag.py took 0.147 seconds
[2025-04-27T18:07:21.689+0000] {processor.py:161} INFO - Started process (PID=420) to work on /opt/airflow/dags/exampledag.py
[2025-04-27T18:07:21.690+0000] {processor.py:830} INFO - Processing file /opt/airflow/dags/exampledag.py for tasks to queue
[2025-04-27T18:07:21.691+0000] {logging_mixin.py:188} INFO - [2025-04-27T18:07:21.691+0000] {dagbag.py:538} INFO - Filling up the DagBag from /opt/airflow/dags/exampledag.py
[2025-04-27T18:07:21.745+0000] {processor.py:840} INFO - DAG(s) 'chethan_test_dag' retrieved from /opt/airflow/dags/exampledag.py
[2025-04-27T18:07:21.768+0000] {logging_mixin.py:188} INFO - [2025-04-27T18:07:21.768+0000] {dag.py:3036} INFO - Sync 1 DAGs
[2025-04-27T18:07:21.789+0000] {logging_mixin.py:188} INFO - [2025-04-27T18:07:21.789+0000] {dag.py:3823} INFO - Setting next_dagrun for chethan_test_dag to 2025-04-26 00:00:00+00:00, run_after=2025-04-27 00:00:00+00:00
[2025-04-27T18:07:21.810+0000] {processor.py:183} INFO - Processing /opt/airflow/dags/exampledag.py took 0.124 seconds
[2025-04-27T18:07:52.183+0000] {processor.py:161} INFO - Started process (PID=460) to work on /opt/airflow/dags/exampledag.py
[2025-04-27T18:07:52.184+0000] {processor.py:830} INFO - Processing file /opt/airflow/dags/exampledag.py for tasks to queue
[2025-04-27T18:07:52.184+0000] {logging_mixin.py:188} INFO - [2025-04-27T18:07:52.184+0000] {dagbag.py:538} INFO - Filling up the DagBag from /opt/airflow/dags/exampledag.py
[2025-04-27T18:07:52.213+0000] {processor.py:840} INFO - DAG(s) 'chethan_test_dag' retrieved from /opt/airflow/dags/exampledag.py
[2025-04-27T18:07:52.240+0000] {logging_mixin.py:188} INFO - [2025-04-27T18:07:52.240+0000] {dag.py:3036} INFO - Sync 1 DAGs
[2025-04-27T18:07:52.274+0000] {logging_mixin.py:188} INFO - [2025-04-27T18:07:52.273+0000] {dag.py:3823} INFO - Setting next_dagrun for chethan_test_dag to 2025-04-26 00:00:00+00:00, run_after=2025-04-27 00:00:00+00:00
[2025-04-27T18:07:52.302+0000] {processor.py:183} INFO - Processing /opt/airflow/dags/exampledag.py took 0.123 seconds
[2025-04-27T18:08:22.638+0000] {processor.py:161} INFO - Started process (PID=503) to work on /opt/airflow/dags/exampledag.py
[2025-04-27T18:08:22.639+0000] {processor.py:830} INFO - Processing file /opt/airflow/dags/exampledag.py for tasks to queue
[2025-04-27T18:08:22.640+0000] {logging_mixin.py:188} INFO - [2025-04-27T18:08:22.640+0000] {dagbag.py:538} INFO - Filling up the DagBag from /opt/airflow/dags/exampledag.py
[2025-04-27T18:08:22.668+0000] {processor.py:840} INFO - DAG(s) 'chethan_test_dag' retrieved from /opt/airflow/dags/exampledag.py
[2025-04-27T18:08:22.698+0000] {logging_mixin.py:188} INFO - [2025-04-27T18:08:22.698+0000] {dag.py:3036} INFO - Sync 1 DAGs
[2025-04-27T18:08:22.719+0000] {logging_mixin.py:188} INFO - [2025-04-27T18:08:22.719+0000] {dag.py:3823} INFO - Setting next_dagrun for chethan_test_dag to 2025-04-26 00:00:00+00:00, run_after=2025-04-27 00:00:00+00:00
[2025-04-27T18:08:22.744+0000] {processor.py:183} INFO - Processing /opt/airflow/dags/exampledag.py took 0.108 seconds
[2025-04-27T18:08:53.251+0000] {processor.py:161} INFO - Started process (PID=546) to work on /opt/airflow/dags/exampledag.py
[2025-04-27T18:08:53.253+0000] {processor.py:830} INFO - Processing file /opt/airflow/dags/exampledag.py for tasks to queue
[2025-04-27T18:08:53.254+0000] {logging_mixin.py:188} INFO - [2025-04-27T18:08:53.254+0000] {dagbag.py:538} INFO - Filling up the DagBag from /opt/airflow/dags/exampledag.py
[2025-04-27T18:08:53.323+0000] {processor.py:840} INFO - DAG(s) 'chethan_test_dag' retrieved from /opt/airflow/dags/exampledag.py
[2025-04-27T18:08:53.351+0000] {logging_mixin.py:188} INFO - [2025-04-27T18:08:53.351+0000] {dag.py:3036} INFO - Sync 1 DAGs
[2025-04-27T18:08:53.377+0000] {logging_mixin.py:188} INFO - [2025-04-27T18:08:53.377+0000] {dag.py:3823} INFO - Setting next_dagrun for chethan_test_dag to 2025-04-26 00:00:00+00:00, run_after=2025-04-27 00:00:00+00:00
[2025-04-27T18:08:53.400+0000] {processor.py:183} INFO - Processing /opt/airflow/dags/exampledag.py took 0.154 seconds
[2025-04-27T18:09:23.517+0000] {processor.py:161} INFO - Started process (PID=586) to work on /opt/airflow/dags/exampledag.py
[2025-04-27T18:09:23.518+0000] {processor.py:830} INFO - Processing file /opt/airflow/dags/exampledag.py for tasks to queue
[2025-04-27T18:09:23.519+0000] {logging_mixin.py:188} INFO - [2025-04-27T18:09:23.519+0000] {dagbag.py:538} INFO - Filling up the DagBag from /opt/airflow/dags/exampledag.py
[2025-04-27T18:09:23.546+0000] {processor.py:840} INFO - DAG(s) 'chethan_test_dag' retrieved from /opt/airflow/dags/exampledag.py
[2025-04-27T18:09:23.568+0000] {logging_mixin.py:188} INFO - [2025-04-27T18:09:23.568+0000] {dag.py:3036} INFO - Sync 1 DAGs
[2025-04-27T18:09:23.589+0000] {logging_mixin.py:188} INFO - [2025-04-27T18:09:23.589+0000] {dag.py:3823} INFO - Setting next_dagrun for chethan_test_dag to 2025-04-26 00:00:00+00:00, run_after=2025-04-27 00:00:00+00:00
[2025-04-27T18:09:23.611+0000] {processor.py:183} INFO - Processing /opt/airflow/dags/exampledag.py took 0.097 seconds
[2025-04-27T18:09:54.762+0000] {processor.py:161} INFO - Started process (PID=632) to work on /opt/airflow/dags/exampledag.py
[2025-04-27T18:09:54.764+0000] {processor.py:830} INFO - Processing file /opt/airflow/dags/exampledag.py for tasks to queue
[2025-04-27T18:09:54.765+0000] {logging_mixin.py:188} INFO - [2025-04-27T18:09:54.764+0000] {dagbag.py:538} INFO - Filling up the DagBag from /opt/airflow/dags/exampledag.py
[2025-04-27T18:09:54.789+0000] {processor.py:840} INFO - DAG(s) 'chethan_test_dag' retrieved from /opt/airflow/dags/exampledag.py
[2025-04-27T18:09:54.817+0000] {logging_mixin.py:188} INFO - [2025-04-27T18:09:54.817+0000] {dag.py:3036} INFO - Sync 1 DAGs
[2025-04-27T18:09:54.842+0000] {logging_mixin.py:188} INFO - [2025-04-27T18:09:54.842+0000] {dag.py:3823} INFO - Setting next_dagrun for chethan_test_dag to 2025-04-26 00:00:00+00:00, run_after=2025-04-27 00:00:00+00:00
[2025-04-27T18:09:54.866+0000] {processor.py:183} INFO - Processing /opt/airflow/dags/exampledag.py took 0.109 seconds
[2025-04-27T18:10:25.237+0000] {processor.py:161} INFO - Started process (PID=675) to work on /opt/airflow/dags/exampledag.py
[2025-04-27T18:10:25.240+0000] {processor.py:830} INFO - Processing file /opt/airflow/dags/exampledag.py for tasks to queue
[2025-04-27T18:10:25.243+0000] {logging_mixin.py:188} INFO - [2025-04-27T18:10:25.242+0000] {dagbag.py:538} INFO - Filling up the DagBag from /opt/airflow/dags/exampledag.py
[2025-04-27T18:10:25.299+0000] {processor.py:840} INFO - DAG(s) 'chethan_test_dag' retrieved from /opt/airflow/dags/exampledag.py
[2025-04-27T18:10:25.333+0000] {logging_mixin.py:188} INFO - [2025-04-27T18:10:25.333+0000] {dag.py:3036} INFO - Sync 1 DAGs
[2025-04-27T18:10:25.353+0000] {logging_mixin.py:188} INFO - [2025-04-27T18:10:25.353+0000] {dag.py:3823} INFO - Setting next_dagrun for chethan_test_dag to 2025-04-26 00:00:00+00:00, run_after=2025-04-27 00:00:00+00:00
[2025-04-27T18:10:25.370+0000] {processor.py:183} INFO - Processing /opt/airflow/dags/exampledag.py took 0.149 seconds
[2025-04-27T18:10:55.859+0000] {processor.py:161} INFO - Started process (PID=718) to work on /opt/airflow/dags/exampledag.py
[2025-04-27T18:10:55.860+0000] {processor.py:830} INFO - Processing file /opt/airflow/dags/exampledag.py for tasks to queue
[2025-04-27T18:10:55.862+0000] {logging_mixin.py:188} INFO - [2025-04-27T18:10:55.861+0000] {dagbag.py:538} INFO - Filling up the DagBag from /opt/airflow/dags/exampledag.py
[2025-04-27T18:10:55.893+0000] {processor.py:840} INFO - DAG(s) 'chethan_test_dag' retrieved from /opt/airflow/dags/exampledag.py
[2025-04-27T18:10:55.920+0000] {logging_mixin.py:188} INFO - [2025-04-27T18:10:55.920+0000] {dag.py:3036} INFO - Sync 1 DAGs
[2025-04-27T18:10:55.946+0000] {logging_mixin.py:188} INFO - [2025-04-27T18:10:55.946+0000] {dag.py:3823} INFO - Setting next_dagrun for chethan_test_dag to 2025-04-26 00:00:00+00:00, run_after=2025-04-27 00:00:00+00:00
[2025-04-27T18:10:55.969+0000] {processor.py:183} INFO - Processing /opt/airflow/dags/exampledag.py took 0.114 seconds
[2025-04-27T18:11:26.319+0000] {processor.py:161} INFO - Started process (PID=761) to work on /opt/airflow/dags/exampledag.py
[2025-04-27T18:11:26.320+0000] {processor.py:830} INFO - Processing file /opt/airflow/dags/exampledag.py for tasks to queue
[2025-04-27T18:11:26.321+0000] {logging_mixin.py:188} INFO - [2025-04-27T18:11:26.320+0000] {dagbag.py:538} INFO - Filling up the DagBag from /opt/airflow/dags/exampledag.py
[2025-04-27T18:11:26.351+0000] {processor.py:840} INFO - DAG(s) 'chethan_test_dag' retrieved from /opt/airflow/dags/exampledag.py
[2025-04-27T18:11:26.374+0000] {logging_mixin.py:188} INFO - [2025-04-27T18:11:26.374+0000] {dag.py:3036} INFO - Sync 1 DAGs
[2025-04-27T18:11:26.393+0000] {logging_mixin.py:188} INFO - [2025-04-27T18:11:26.392+0000] {dag.py:3823} INFO - Setting next_dagrun for chethan_test_dag to 2025-04-26 00:00:00+00:00, run_after=2025-04-27 00:00:00+00:00
[2025-04-27T18:11:26.413+0000] {processor.py:183} INFO - Processing /opt/airflow/dags/exampledag.py took 0.097 seconds
[2025-04-27T18:11:57.336+0000] {processor.py:161} INFO - Started process (PID=804) to work on /opt/airflow/dags/exampledag.py
[2025-04-27T18:11:57.338+0000] {processor.py:830} INFO - Processing file /opt/airflow/dags/exampledag.py for tasks to queue
[2025-04-27T18:11:57.339+0000] {logging_mixin.py:188} INFO - [2025-04-27T18:11:57.338+0000] {dagbag.py:538} INFO - Filling up the DagBag from /opt/airflow/dags/exampledag.py
[2025-04-27T18:11:57.406+0000] {processor.py:840} INFO - DAG(s) 'chethan_test_dag' retrieved from /opt/airflow/dags/exampledag.py
[2025-04-27T18:11:57.439+0000] {logging_mixin.py:188} INFO - [2025-04-27T18:11:57.439+0000] {dag.py:3036} INFO - Sync 1 DAGs
[2025-04-27T18:11:57.462+0000] {logging_mixin.py:188} INFO - [2025-04-27T18:11:57.462+0000] {dag.py:3823} INFO - Setting next_dagrun for chethan_test_dag to 2025-04-26 00:00:00+00:00, run_after=2025-04-27 00:00:00+00:00
[2025-04-27T18:11:57.482+0000] {processor.py:183} INFO - Processing /opt/airflow/dags/exampledag.py took 0.150 seconds
[2025-04-27T18:12:27.837+0000] {processor.py:161} INFO - Started process (PID=847) to work on /opt/airflow/dags/exampledag.py
[2025-04-27T18:12:27.838+0000] {processor.py:830} INFO - Processing file /opt/airflow/dags/exampledag.py for tasks to queue
[2025-04-27T18:12:27.839+0000] {logging_mixin.py:188} INFO - [2025-04-27T18:12:27.838+0000] {dagbag.py:538} INFO - Filling up the DagBag from /opt/airflow/dags/exampledag.py
[2025-04-27T18:12:27.872+0000] {processor.py:840} INFO - DAG(s) 'chethan_test_dag' retrieved from /opt/airflow/dags/exampledag.py
[2025-04-27T18:12:27.892+0000] {logging_mixin.py:188} INFO - [2025-04-27T18:12:27.892+0000] {dag.py:3036} INFO - Sync 1 DAGs
[2025-04-27T18:12:27.911+0000] {logging_mixin.py:188} INFO - [2025-04-27T18:12:27.910+0000] {dag.py:3823} INFO - Setting next_dagrun for chethan_test_dag to 2025-04-26 00:00:00+00:00, run_after=2025-04-27 00:00:00+00:00
[2025-04-27T18:12:27.927+0000] {processor.py:183} INFO - Processing /opt/airflow/dags/exampledag.py took 0.093 seconds
[2025-04-27T18:12:58.661+0000] {processor.py:161} INFO - Started process (PID=890) to work on /opt/airflow/dags/exampledag.py
[2025-04-27T18:12:58.663+0000] {processor.py:830} INFO - Processing file /opt/airflow/dags/exampledag.py for tasks to queue
[2025-04-27T18:12:58.664+0000] {logging_mixin.py:188} INFO - [2025-04-27T18:12:58.664+0000] {dagbag.py:538} INFO - Filling up the DagBag from /opt/airflow/dags/exampledag.py
[2025-04-27T18:12:58.702+0000] {processor.py:840} INFO - DAG(s) 'chethan_test_dag' retrieved from /opt/airflow/dags/exampledag.py
[2025-04-27T18:12:58.734+0000] {logging_mixin.py:188} INFO - [2025-04-27T18:12:58.734+0000] {dag.py:3036} INFO - Sync 1 DAGs
[2025-04-27T18:12:58.762+0000] {logging_mixin.py:188} INFO - [2025-04-27T18:12:58.762+0000] {dag.py:3823} INFO - Setting next_dagrun for chethan_test_dag to 2025-04-26 00:00:00+00:00, run_after=2025-04-27 00:00:00+00:00
[2025-04-27T18:12:58.801+0000] {processor.py:183} INFO - Processing /opt/airflow/dags/exampledag.py took 0.143 seconds
[2025-04-27T18:13:29.438+0000] {processor.py:161} INFO - Started process (PID=933) to work on /opt/airflow/dags/exampledag.py
[2025-04-27T18:13:29.440+0000] {processor.py:830} INFO - Processing file /opt/airflow/dags/exampledag.py for tasks to queue
[2025-04-27T18:13:29.441+0000] {logging_mixin.py:188} INFO - [2025-04-27T18:13:29.440+0000] {dagbag.py:538} INFO - Filling up the DagBag from /opt/airflow/dags/exampledag.py
[2025-04-27T18:13:29.474+0000] {processor.py:840} INFO - DAG(s) 'chethan_test_dag' retrieved from /opt/airflow/dags/exampledag.py
[2025-04-27T18:13:29.505+0000] {logging_mixin.py:188} INFO - [2025-04-27T18:13:29.505+0000] {dag.py:3036} INFO - Sync 1 DAGs
[2025-04-27T18:13:29.536+0000] {logging_mixin.py:188} INFO - [2025-04-27T18:13:29.535+0000] {dag.py:3823} INFO - Setting next_dagrun for chethan_test_dag to 2025-04-26 00:00:00+00:00, run_after=2025-04-27 00:00:00+00:00
[2025-04-27T18:13:29.564+0000] {processor.py:183} INFO - Processing /opt/airflow/dags/exampledag.py took 0.129 seconds
[2025-04-27T18:14:00.203+0000] {processor.py:161} INFO - Started process (PID=976) to work on /opt/airflow/dags/exampledag.py
[2025-04-27T18:14:00.204+0000] {processor.py:830} INFO - Processing file /opt/airflow/dags/exampledag.py for tasks to queue
[2025-04-27T18:14:00.205+0000] {logging_mixin.py:188} INFO - [2025-04-27T18:14:00.205+0000] {dagbag.py:538} INFO - Filling up the DagBag from /opt/airflow/dags/exampledag.py
[2025-04-27T18:14:00.236+0000] {processor.py:840} INFO - DAG(s) 'chethan_test_dag' retrieved from /opt/airflow/dags/exampledag.py
[2025-04-27T18:14:00.262+0000] {logging_mixin.py:188} INFO - [2025-04-27T18:14:00.262+0000] {dag.py:3036} INFO - Sync 1 DAGs
[2025-04-27T18:14:00.283+0000] {logging_mixin.py:188} INFO - [2025-04-27T18:14:00.283+0000] {dag.py:3823} INFO - Setting next_dagrun for chethan_test_dag to 2025-04-26 00:00:00+00:00, run_after=2025-04-27 00:00:00+00:00
[2025-04-27T18:14:00.306+0000] {processor.py:183} INFO - Processing /opt/airflow/dags/exampledag.py took 0.107 seconds
[2025-04-27T18:14:30.698+0000] {processor.py:161} INFO - Started process (PID=1019) to work on /opt/airflow/dags/exampledag.py
[2025-04-27T18:14:30.700+0000] {processor.py:830} INFO - Processing file /opt/airflow/dags/exampledag.py for tasks to queue
[2025-04-27T18:14:30.701+0000] {logging_mixin.py:188} INFO - [2025-04-27T18:14:30.701+0000] {dagbag.py:538} INFO - Filling up the DagBag from /opt/airflow/dags/exampledag.py
[2025-04-27T18:14:30.729+0000] {processor.py:840} INFO - DAG(s) 'chethan_test_dag' retrieved from /opt/airflow/dags/exampledag.py
[2025-04-27T18:14:30.759+0000] {logging_mixin.py:188} INFO - [2025-04-27T18:14:30.758+0000] {dag.py:3036} INFO - Sync 1 DAGs
[2025-04-27T18:14:30.797+0000] {logging_mixin.py:188} INFO - [2025-04-27T18:14:30.797+0000] {dag.py:3823} INFO - Setting next_dagrun for chethan_test_dag to 2025-04-26 00:00:00+00:00, run_after=2025-04-27 00:00:00+00:00
[2025-04-27T18:14:30.824+0000] {processor.py:183} INFO - Processing /opt/airflow/dags/exampledag.py took 0.128 seconds
[2025-04-27T18:15:01.295+0000] {processor.py:161} INFO - Started process (PID=1062) to work on /opt/airflow/dags/exampledag.py
[2025-04-27T18:15:01.296+0000] {processor.py:830} INFO - Processing file /opt/airflow/dags/exampledag.py for tasks to queue
[2025-04-27T18:15:01.297+0000] {logging_mixin.py:188} INFO - [2025-04-27T18:15:01.297+0000] {dagbag.py:538} INFO - Filling up the DagBag from /opt/airflow/dags/exampledag.py
[2025-04-27T18:15:01.321+0000] {processor.py:840} INFO - DAG(s) 'chethan_test_dag' retrieved from /opt/airflow/dags/exampledag.py
[2025-04-27T18:15:01.351+0000] {logging_mixin.py:188} INFO - [2025-04-27T18:15:01.351+0000] {dag.py:3036} INFO - Sync 1 DAGs
[2025-04-27T18:15:01.374+0000] {logging_mixin.py:188} INFO - [2025-04-27T18:15:01.373+0000] {dag.py:3823} INFO - Setting next_dagrun for chethan_test_dag to 2025-04-26 00:00:00+00:00, run_after=2025-04-27 00:00:00+00:00
[2025-04-27T18:15:01.389+0000] {processor.py:183} INFO - Processing /opt/airflow/dags/exampledag.py took 0.097 seconds
[2025-04-27T18:15:31.686+0000] {processor.py:161} INFO - Started process (PID=1103) to work on /opt/airflow/dags/exampledag.py
[2025-04-27T18:15:31.688+0000] {processor.py:830} INFO - Processing file /opt/airflow/dags/exampledag.py for tasks to queue
[2025-04-27T18:15:31.689+0000] {logging_mixin.py:188} INFO - [2025-04-27T18:15:31.688+0000] {dagbag.py:538} INFO - Filling up the DagBag from /opt/airflow/dags/exampledag.py
[2025-04-27T18:15:31.721+0000] {processor.py:840} INFO - DAG(s) 'chethan_test_dag' retrieved from /opt/airflow/dags/exampledag.py
[2025-04-27T18:15:31.753+0000] {logging_mixin.py:188} INFO - [2025-04-27T18:15:31.753+0000] {dag.py:3036} INFO - Sync 1 DAGs
[2025-04-27T18:15:31.781+0000] {logging_mixin.py:188} INFO - [2025-04-27T18:15:31.780+0000] {dag.py:3823} INFO - Setting next_dagrun for chethan_test_dag to 2025-04-26 00:00:00+00:00, run_after=2025-04-27 00:00:00+00:00
[2025-04-27T18:15:31.811+0000] {processor.py:183} INFO - Processing /opt/airflow/dags/exampledag.py took 0.128 seconds
[2025-04-27T18:16:02.153+0000] {processor.py:161} INFO - Started process (PID=1146) to work on /opt/airflow/dags/exampledag.py
[2025-04-27T18:16:02.155+0000] {processor.py:830} INFO - Processing file /opt/airflow/dags/exampledag.py for tasks to queue
[2025-04-27T18:16:02.156+0000] {logging_mixin.py:188} INFO - [2025-04-27T18:16:02.156+0000] {dagbag.py:538} INFO - Filling up the DagBag from /opt/airflow/dags/exampledag.py
[2025-04-27T18:16:02.186+0000] {processor.py:840} INFO - DAG(s) 'chethan_test_dag' retrieved from /opt/airflow/dags/exampledag.py
[2025-04-27T18:16:02.218+0000] {logging_mixin.py:188} INFO - [2025-04-27T18:16:02.218+0000] {dag.py:3036} INFO - Sync 1 DAGs
[2025-04-27T18:16:02.247+0000] {logging_mixin.py:188} INFO - [2025-04-27T18:16:02.247+0000] {dag.py:3823} INFO - Setting next_dagrun for chethan_test_dag to 2025-04-26 00:00:00+00:00, run_after=2025-04-27 00:00:00+00:00
[2025-04-27T18:16:02.271+0000] {processor.py:183} INFO - Processing /opt/airflow/dags/exampledag.py took 0.124 seconds
[2025-04-27T18:16:32.617+0000] {processor.py:161} INFO - Started process (PID=1189) to work on /opt/airflow/dags/exampledag.py
[2025-04-27T18:16:32.619+0000] {processor.py:830} INFO - Processing file /opt/airflow/dags/exampledag.py for tasks to queue
[2025-04-27T18:16:32.621+0000] {logging_mixin.py:188} INFO - [2025-04-27T18:16:32.620+0000] {dagbag.py:538} INFO - Filling up the DagBag from /opt/airflow/dags/exampledag.py
[2025-04-27T18:16:32.654+0000] {processor.py:840} INFO - DAG(s) 'chethan_test_dag' retrieved from /opt/airflow/dags/exampledag.py
[2025-04-27T18:16:32.680+0000] {logging_mixin.py:188} INFO - [2025-04-27T18:16:32.679+0000] {dag.py:3036} INFO - Sync 1 DAGs
[2025-04-27T18:16:32.703+0000] {logging_mixin.py:188} INFO - [2025-04-27T18:16:32.702+0000] {dag.py:3823} INFO - Setting next_dagrun for chethan_test_dag to 2025-04-26 00:00:00+00:00, run_after=2025-04-27 00:00:00+00:00
[2025-04-27T18:16:32.725+0000] {processor.py:183} INFO - Processing /opt/airflow/dags/exampledag.py took 0.111 seconds
[2025-04-27T18:17:03.113+0000] {processor.py:161} INFO - Started process (PID=1232) to work on /opt/airflow/dags/exampledag.py
[2025-04-27T18:17:03.115+0000] {processor.py:830} INFO - Processing file /opt/airflow/dags/exampledag.py for tasks to queue
[2025-04-27T18:17:03.116+0000] {logging_mixin.py:188} INFO - [2025-04-27T18:17:03.116+0000] {dagbag.py:538} INFO - Filling up the DagBag from /opt/airflow/dags/exampledag.py
[2025-04-27T18:17:03.149+0000] {processor.py:840} INFO - DAG(s) 'chethan_test_dag' retrieved from /opt/airflow/dags/exampledag.py
[2025-04-27T18:17:03.173+0000] {logging_mixin.py:188} INFO - [2025-04-27T18:17:03.173+0000] {dag.py:3036} INFO - Sync 1 DAGs
[2025-04-27T18:17:03.195+0000] {logging_mixin.py:188} INFO - [2025-04-27T18:17:03.195+0000] {dag.py:3823} INFO - Setting next_dagrun for chethan_test_dag to 2025-04-26 00:00:00+00:00, run_after=2025-04-27 00:00:00+00:00
[2025-04-27T18:17:03.218+0000] {processor.py:183} INFO - Processing /opt/airflow/dags/exampledag.py took 0.108 seconds
[2025-04-27T18:17:33.704+0000] {processor.py:161} INFO - Started process (PID=1274) to work on /opt/airflow/dags/exampledag.py
[2025-04-27T18:17:33.705+0000] {processor.py:830} INFO - Processing file /opt/airflow/dags/exampledag.py for tasks to queue
[2025-04-27T18:17:33.705+0000] {logging_mixin.py:188} INFO - [2025-04-27T18:17:33.705+0000] {dagbag.py:538} INFO - Filling up the DagBag from /opt/airflow/dags/exampledag.py
[2025-04-27T18:17:33.728+0000] {processor.py:840} INFO - DAG(s) 'chethan_test_dag' retrieved from /opt/airflow/dags/exampledag.py
[2025-04-27T18:17:33.754+0000] {logging_mixin.py:188} INFO - [2025-04-27T18:17:33.754+0000] {dag.py:3036} INFO - Sync 1 DAGs
[2025-04-27T18:17:33.775+0000] {logging_mixin.py:188} INFO - [2025-04-27T18:17:33.775+0000] {dag.py:3823} INFO - Setting next_dagrun for chethan_test_dag to 2025-04-26 00:00:00+00:00, run_after=2025-04-27 00:00:00+00:00
[2025-04-27T18:17:33.795+0000] {processor.py:183} INFO - Processing /opt/airflow/dags/exampledag.py took 0.094 seconds
[2025-04-27T18:25:11.346+0000] {processor.py:161} INFO - Started process (PID=1326) to work on /opt/airflow/dags/exampledag.py
[2025-04-27T18:25:11.350+0000] {processor.py:830} INFO - Processing file /opt/airflow/dags/exampledag.py for tasks to queue
[2025-04-27T18:25:11.353+0000] {logging_mixin.py:188} INFO - [2025-04-27T18:25:11.351+0000] {dagbag.py:538} INFO - Filling up the DagBag from /opt/airflow/dags/exampledag.py
[2025-04-27T18:25:11.426+0000] {processor.py:840} INFO - DAG(s) 'chethan_test_dag' retrieved from /opt/airflow/dags/exampledag.py
[2025-04-27T18:25:11.491+0000] {logging_mixin.py:188} INFO - [2025-04-27T18:25:11.491+0000] {dag.py:3036} INFO - Sync 1 DAGs
[2025-04-27T18:25:11.552+0000] {logging_mixin.py:188} INFO - [2025-04-27T18:25:11.551+0000] {dag.py:3823} INFO - Setting next_dagrun for chethan_test_dag to 2025-04-26 00:00:00+00:00, run_after=2025-04-27 00:00:00+00:00
[2025-04-27T18:25:11.622+0000] {processor.py:183} INFO - Processing /opt/airflow/dags/exampledag.py took 0.281 seconds
[2025-04-27T18:25:42.190+0000] {processor.py:161} INFO - Started process (PID=1371) to work on /opt/airflow/dags/exampledag.py
[2025-04-27T18:25:42.195+0000] {processor.py:830} INFO - Processing file /opt/airflow/dags/exampledag.py for tasks to queue
[2025-04-27T18:25:42.198+0000] {logging_mixin.py:188} INFO - [2025-04-27T18:25:42.197+0000] {dagbag.py:538} INFO - Filling up the DagBag from /opt/airflow/dags/exampledag.py
[2025-04-27T18:25:42.265+0000] {processor.py:840} INFO - DAG(s) 'chethan_test_dag' retrieved from /opt/airflow/dags/exampledag.py
[2025-04-27T18:25:42.310+0000] {logging_mixin.py:188} INFO - [2025-04-27T18:25:42.310+0000] {dag.py:3036} INFO - Sync 1 DAGs
[2025-04-27T18:25:42.340+0000] {logging_mixin.py:188} INFO - [2025-04-27T18:25:42.340+0000] {dag.py:3823} INFO - Setting next_dagrun for chethan_test_dag to 2025-04-26 00:00:00+00:00, run_after=2025-04-27 00:00:00+00:00
[2025-04-27T18:25:42.363+0000] {processor.py:183} INFO - Processing /opt/airflow/dags/exampledag.py took 0.178 seconds
[2025-04-27T18:26:13.051+0000] {processor.py:161} INFO - Started process (PID=1414) to work on /opt/airflow/dags/exampledag.py
[2025-04-27T18:26:13.052+0000] {processor.py:830} INFO - Processing file /opt/airflow/dags/exampledag.py for tasks to queue
[2025-04-27T18:26:13.053+0000] {logging_mixin.py:188} INFO - [2025-04-27T18:26:13.053+0000] {dagbag.py:538} INFO - Filling up the DagBag from /opt/airflow/dags/exampledag.py
[2025-04-27T18:26:13.084+0000] {processor.py:840} INFO - DAG(s) 'chethan_test_dag' retrieved from /opt/airflow/dags/exampledag.py
[2025-04-27T18:26:13.114+0000] {logging_mixin.py:188} INFO - [2025-04-27T18:26:13.114+0000] {dag.py:3036} INFO - Sync 1 DAGs
[2025-04-27T18:26:13.138+0000] {logging_mixin.py:188} INFO - [2025-04-27T18:26:13.138+0000] {dag.py:3823} INFO - Setting next_dagrun for chethan_test_dag to 2025-04-26 00:00:00+00:00, run_after=2025-04-27 00:00:00+00:00
[2025-04-27T18:26:13.166+0000] {processor.py:183} INFO - Processing /opt/airflow/dags/exampledag.py took 0.119 seconds
[2025-04-27T18:26:44.637+0000] {processor.py:161} INFO - Started process (PID=1457) to work on /opt/airflow/dags/exampledag.py
[2025-04-27T18:26:44.638+0000] {processor.py:830} INFO - Processing file /opt/airflow/dags/exampledag.py for tasks to queue
[2025-04-27T18:26:44.640+0000] {logging_mixin.py:188} INFO - [2025-04-27T18:26:44.639+0000] {dagbag.py:538} INFO - Filling up the DagBag from /opt/airflow/dags/exampledag.py
[2025-04-27T18:26:44.671+0000] {processor.py:840} INFO - DAG(s) 'chethan_test_dag' retrieved from /opt/airflow/dags/exampledag.py
[2025-04-27T18:26:44.705+0000] {logging_mixin.py:188} INFO - [2025-04-27T18:26:44.705+0000] {dag.py:3036} INFO - Sync 1 DAGs
[2025-04-27T18:26:44.731+0000] {logging_mixin.py:188} INFO - [2025-04-27T18:26:44.731+0000] {dag.py:3823} INFO - Setting next_dagrun for chethan_test_dag to 2025-04-26 00:00:00+00:00, run_after=2025-04-27 00:00:00+00:00
[2025-04-27T18:26:44.756+0000] {processor.py:183} INFO - Processing /opt/airflow/dags/exampledag.py took 0.122 seconds
[2025-04-27T18:27:16.104+0000] {processor.py:161} INFO - Started process (PID=1498) to work on /opt/airflow/dags/exampledag.py
[2025-04-27T18:27:16.106+0000] {processor.py:830} INFO - Processing file /opt/airflow/dags/exampledag.py for tasks to queue
[2025-04-27T18:27:16.109+0000] {logging_mixin.py:188} INFO - [2025-04-27T18:27:16.108+0000] {dagbag.py:538} INFO - Filling up the DagBag from /opt/airflow/dags/exampledag.py
[2025-04-27T18:27:16.154+0000] {processor.py:840} INFO - DAG(s) 'chethan_test_dag' retrieved from /opt/airflow/dags/exampledag.py
[2025-04-27T18:27:16.250+0000] {logging_mixin.py:188} INFO - [2025-04-27T18:27:16.250+0000] {dag.py:3036} INFO - Sync 1 DAGs
[2025-04-27T18:27:16.299+0000] {logging_mixin.py:188} INFO - [2025-04-27T18:27:16.299+0000] {dag.py:3823} INFO - Setting next_dagrun for chethan_test_dag to 2025-04-26 00:00:00+00:00, run_after=2025-04-27 00:00:00+00:00
[2025-04-27T18:27:16.336+0000] {processor.py:183} INFO - Processing /opt/airflow/dags/exampledag.py took 0.236 seconds
[2025-04-27T18:27:46.736+0000] {processor.py:161} INFO - Started process (PID=1543) to work on /opt/airflow/dags/exampledag.py
[2025-04-27T18:27:46.738+0000] {processor.py:830} INFO - Processing file /opt/airflow/dags/exampledag.py for tasks to queue
[2025-04-27T18:27:46.741+0000] {logging_mixin.py:188} INFO - [2025-04-27T18:27:46.740+0000] {dagbag.py:538} INFO - Filling up the DagBag from /opt/airflow/dags/exampledag.py
[2025-04-27T18:27:46.780+0000] {processor.py:840} INFO - DAG(s) 'chethan_test_dag' retrieved from /opt/airflow/dags/exampledag.py
[2025-04-27T18:27:46.817+0000] {logging_mixin.py:188} INFO - [2025-04-27T18:27:46.817+0000] {dag.py:3036} INFO - Sync 1 DAGs
[2025-04-27T18:27:46.846+0000] {logging_mixin.py:188} INFO - [2025-04-27T18:27:46.846+0000] {dag.py:3823} INFO - Setting next_dagrun for chethan_test_dag to 2025-04-26 00:00:00+00:00, run_after=2025-04-27 00:00:00+00:00
[2025-04-27T18:27:46.869+0000] {processor.py:183} INFO - Processing /opt/airflow/dags/exampledag.py took 0.136 seconds
[2025-04-27T18:28:17.617+0000] {processor.py:161} INFO - Started process (PID=1584) to work on /opt/airflow/dags/exampledag.py
[2025-04-27T18:28:17.619+0000] {processor.py:830} INFO - Processing file /opt/airflow/dags/exampledag.py for tasks to queue
[2025-04-27T18:28:17.622+0000] {logging_mixin.py:188} INFO - [2025-04-27T18:28:17.621+0000] {dagbag.py:538} INFO - Filling up the DagBag from /opt/airflow/dags/exampledag.py
[2025-04-27T18:28:17.659+0000] {processor.py:840} INFO - DAG(s) 'chethan_test_dag' retrieved from /opt/airflow/dags/exampledag.py
[2025-04-27T18:28:17.694+0000] {logging_mixin.py:188} INFO - [2025-04-27T18:28:17.694+0000] {dag.py:3036} INFO - Sync 1 DAGs
[2025-04-27T18:28:17.736+0000] {logging_mixin.py:188} INFO - [2025-04-27T18:28:17.736+0000] {dag.py:3823} INFO - Setting next_dagrun for chethan_test_dag to 2025-04-26 00:00:00+00:00, run_after=2025-04-27 00:00:00+00:00
[2025-04-27T18:28:17.780+0000] {processor.py:183} INFO - Processing /opt/airflow/dags/exampledag.py took 0.170 seconds
[2025-04-27T18:28:48.003+0000] {processor.py:161} INFO - Started process (PID=1626) to work on /opt/airflow/dags/exampledag.py
[2025-04-27T18:28:48.004+0000] {processor.py:830} INFO - Processing file /opt/airflow/dags/exampledag.py for tasks to queue
[2025-04-27T18:28:48.006+0000] {logging_mixin.py:188} INFO - [2025-04-27T18:28:48.005+0000] {dagbag.py:538} INFO - Filling up the DagBag from /opt/airflow/dags/exampledag.py
[2025-04-27T18:28:48.035+0000] {processor.py:840} INFO - DAG(s) 'chethan_test_dag' retrieved from /opt/airflow/dags/exampledag.py
[2025-04-27T18:28:48.067+0000] {logging_mixin.py:188} INFO - [2025-04-27T18:28:48.067+0000] {dag.py:3036} INFO - Sync 1 DAGs
[2025-04-27T18:28:48.096+0000] {logging_mixin.py:188} INFO - [2025-04-27T18:28:48.096+0000] {dag.py:3823} INFO - Setting next_dagrun for chethan_test_dag to 2025-04-26 00:00:00+00:00, run_after=2025-04-27 00:00:00+00:00
[2025-04-27T18:28:48.130+0000] {processor.py:183} INFO - Processing /opt/airflow/dags/exampledag.py took 0.130 seconds
[2025-04-27T18:29:19.073+0000] {processor.py:161} INFO - Started process (PID=1672) to work on /opt/airflow/dags/exampledag.py
[2025-04-27T18:29:19.075+0000] {processor.py:830} INFO - Processing file /opt/airflow/dags/exampledag.py for tasks to queue
[2025-04-27T18:29:19.076+0000] {logging_mixin.py:188} INFO - [2025-04-27T18:29:19.075+0000] {dagbag.py:538} INFO - Filling up the DagBag from /opt/airflow/dags/exampledag.py
[2025-04-27T18:29:19.111+0000] {processor.py:840} INFO - DAG(s) 'chethan_test_dag' retrieved from /opt/airflow/dags/exampledag.py
[2025-04-27T18:29:19.137+0000] {logging_mixin.py:188} INFO - [2025-04-27T18:29:19.137+0000] {dag.py:3036} INFO - Sync 1 DAGs
[2025-04-27T18:29:19.164+0000] {logging_mixin.py:188} INFO - [2025-04-27T18:29:19.164+0000] {dag.py:3823} INFO - Setting next_dagrun for chethan_test_dag to 2025-04-26 00:00:00+00:00, run_after=2025-04-27 00:00:00+00:00
[2025-04-27T18:29:19.187+0000] {processor.py:183} INFO - Processing /opt/airflow/dags/exampledag.py took 0.117 seconds
[2025-04-27T18:30:07.568+0000] {processor.py:161} INFO - Started process (PID=203) to work on /opt/airflow/dags/exampledag.py
[2025-04-27T18:30:07.570+0000] {processor.py:830} INFO - Processing file /opt/airflow/dags/exampledag.py for tasks to queue
[2025-04-27T18:30:07.572+0000] {logging_mixin.py:188} INFO - [2025-04-27T18:30:07.571+0000] {dagbag.py:538} INFO - Filling up the DagBag from /opt/airflow/dags/exampledag.py
[2025-04-27T18:30:07.614+0000] {processor.py:840} INFO - DAG(s) 'chethan_test_dag' retrieved from /opt/airflow/dags/exampledag.py
[2025-04-27T18:30:07.635+0000] {logging_mixin.py:188} INFO - [2025-04-27T18:30:07.635+0000] {dag.py:3036} INFO - Sync 1 DAGs
[2025-04-27T18:30:07.667+0000] {logging_mixin.py:188} INFO - [2025-04-27T18:30:07.666+0000] {dag.py:3823} INFO - Setting next_dagrun for chethan_test_dag to 2025-04-26 00:00:00+00:00, run_after=2025-04-27 00:00:00+00:00
[2025-04-27T18:30:07.704+0000] {processor.py:183} INFO - Processing /opt/airflow/dags/exampledag.py took 0.142 seconds
[2025-04-27T18:30:39.545+0000] {processor.py:161} INFO - Started process (PID=246) to work on /opt/airflow/dags/exampledag.py
[2025-04-27T18:30:39.547+0000] {processor.py:830} INFO - Processing file /opt/airflow/dags/exampledag.py for tasks to queue
[2025-04-27T18:30:39.548+0000] {logging_mixin.py:188} INFO - [2025-04-27T18:30:39.548+0000] {dagbag.py:538} INFO - Filling up the DagBag from /opt/airflow/dags/exampledag.py
[2025-04-27T18:30:39.586+0000] {processor.py:840} INFO - DAG(s) 'chethan_test_dag' retrieved from /opt/airflow/dags/exampledag.py
[2025-04-27T18:30:39.706+0000] {logging_mixin.py:188} INFO - [2025-04-27T18:30:39.706+0000] {dag.py:3036} INFO - Sync 1 DAGs
[2025-04-27T18:30:39.730+0000] {logging_mixin.py:188} INFO - [2025-04-27T18:30:39.730+0000] {dag.py:3823} INFO - Setting next_dagrun for chethan_test_dag to 2025-04-26 00:00:00+00:00, run_after=2025-04-27 00:00:00+00:00
[2025-04-27T18:30:39.757+0000] {processor.py:183} INFO - Processing /opt/airflow/dags/exampledag.py took 0.216 seconds
[2025-04-27T18:31:10.550+0000] {processor.py:161} INFO - Started process (PID=294) to work on /opt/airflow/dags/exampledag.py
[2025-04-27T18:31:10.551+0000] {processor.py:830} INFO - Processing file /opt/airflow/dags/exampledag.py for tasks to queue
[2025-04-27T18:31:10.553+0000] {logging_mixin.py:188} INFO - [2025-04-27T18:31:10.553+0000] {dagbag.py:538} INFO - Filling up the DagBag from /opt/airflow/dags/exampledag.py
[2025-04-27T18:31:10.582+0000] {processor.py:840} INFO - DAG(s) 'chethan_test_dag' retrieved from /opt/airflow/dags/exampledag.py
[2025-04-27T18:31:10.606+0000] {logging_mixin.py:188} INFO - [2025-04-27T18:31:10.606+0000] {dag.py:3036} INFO - Sync 1 DAGs
[2025-04-27T18:31:10.628+0000] {logging_mixin.py:188} INFO - [2025-04-27T18:31:10.627+0000] {dag.py:3823} INFO - Setting next_dagrun for chethan_test_dag to 2025-04-26 00:00:00+00:00, run_after=2025-04-27 00:00:00+00:00
[2025-04-27T18:31:10.650+0000] {processor.py:183} INFO - Processing /opt/airflow/dags/exampledag.py took 0.103 seconds
[2025-04-27T18:31:41.745+0000] {processor.py:161} INFO - Started process (PID=340) to work on /opt/airflow/dags/exampledag.py
[2025-04-27T18:31:41.748+0000] {processor.py:830} INFO - Processing file /opt/airflow/dags/exampledag.py for tasks to queue
[2025-04-27T18:31:41.751+0000] {logging_mixin.py:188} INFO - [2025-04-27T18:31:41.750+0000] {dagbag.py:538} INFO - Filling up the DagBag from /opt/airflow/dags/exampledag.py
[2025-04-27T18:31:41.801+0000] {processor.py:840} INFO - DAG(s) 'chethan_test_dag' retrieved from /opt/airflow/dags/exampledag.py
[2025-04-27T18:31:41.859+0000] {logging_mixin.py:188} INFO - [2025-04-27T18:31:41.858+0000] {dag.py:3036} INFO - Sync 1 DAGs
[2025-04-27T18:31:41.897+0000] {logging_mixin.py:188} INFO - [2025-04-27T18:31:41.896+0000] {dag.py:3823} INFO - Setting next_dagrun for chethan_test_dag to 2025-04-26 00:00:00+00:00, run_after=2025-04-27 00:00:00+00:00
[2025-04-27T18:31:41.938+0000] {processor.py:183} INFO - Processing /opt/airflow/dags/exampledag.py took 0.201 seconds
[2025-04-27T18:32:12.632+0000] {processor.py:161} INFO - Started process (PID=383) to work on /opt/airflow/dags/exampledag.py
[2025-04-27T18:32:12.634+0000] {processor.py:830} INFO - Processing file /opt/airflow/dags/exampledag.py for tasks to queue
[2025-04-27T18:32:12.636+0000] {logging_mixin.py:188} INFO - [2025-04-27T18:32:12.635+0000] {dagbag.py:538} INFO - Filling up the DagBag from /opt/airflow/dags/exampledag.py
[2025-04-27T18:32:12.665+0000] {processor.py:840} INFO - DAG(s) 'chethan_test_dag' retrieved from /opt/airflow/dags/exampledag.py
[2025-04-27T18:32:12.687+0000] {logging_mixin.py:188} INFO - [2025-04-27T18:32:12.686+0000] {dag.py:3036} INFO - Sync 1 DAGs
[2025-04-27T18:32:12.706+0000] {logging_mixin.py:188} INFO - [2025-04-27T18:32:12.706+0000] {dag.py:3823} INFO - Setting next_dagrun for chethan_test_dag to 2025-04-26 00:00:00+00:00, run_after=2025-04-27 00:00:00+00:00
[2025-04-27T18:32:12.727+0000] {processor.py:183} INFO - Processing /opt/airflow/dags/exampledag.py took 0.097 seconds
[2025-04-27T18:32:43.510+0000] {processor.py:161} INFO - Started process (PID=424) to work on /opt/airflow/dags/exampledag.py
[2025-04-27T18:32:43.512+0000] {processor.py:830} INFO - Processing file /opt/airflow/dags/exampledag.py for tasks to queue
[2025-04-27T18:32:43.513+0000] {logging_mixin.py:188} INFO - [2025-04-27T18:32:43.513+0000] {dagbag.py:538} INFO - Filling up the DagBag from /opt/airflow/dags/exampledag.py
[2025-04-27T18:32:43.547+0000] {processor.py:840} INFO - DAG(s) 'chethan_test_dag' retrieved from /opt/airflow/dags/exampledag.py
[2025-04-27T18:32:43.585+0000] {logging_mixin.py:188} INFO - [2025-04-27T18:32:43.583+0000] {dag.py:3036} INFO - Sync 1 DAGs
[2025-04-27T18:32:43.615+0000] {logging_mixin.py:188} INFO - [2025-04-27T18:32:43.615+0000] {dag.py:3823} INFO - Setting next_dagrun for chethan_test_dag to 2025-04-26 00:00:00+00:00, run_after=2025-04-27 00:00:00+00:00
[2025-04-27T18:32:43.654+0000] {processor.py:183} INFO - Processing /opt/airflow/dags/exampledag.py took 0.150 seconds
[2025-04-27T18:33:14.543+0000] {processor.py:161} INFO - Started process (PID=463) to work on /opt/airflow/dags/exampledag.py
[2025-04-27T18:33:14.545+0000] {processor.py:830} INFO - Processing file /opt/airflow/dags/exampledag.py for tasks to queue
[2025-04-27T18:33:14.547+0000] {logging_mixin.py:188} INFO - [2025-04-27T18:33:14.547+0000] {dagbag.py:538} INFO - Filling up the DagBag from /opt/airflow/dags/exampledag.py
[2025-04-27T18:33:14.603+0000] {processor.py:840} INFO - DAG(s) 'chethan_test_dag' retrieved from /opt/airflow/dags/exampledag.py
[2025-04-27T18:33:14.654+0000] {logging_mixin.py:188} INFO - [2025-04-27T18:33:14.654+0000] {dag.py:3036} INFO - Sync 1 DAGs
[2025-04-27T18:33:14.685+0000] {logging_mixin.py:188} INFO - [2025-04-27T18:33:14.685+0000] {dag.py:3823} INFO - Setting next_dagrun for chethan_test_dag to 2025-04-26 00:00:00+00:00, run_after=2025-04-27 00:00:00+00:00
[2025-04-27T18:33:14.721+0000] {processor.py:183} INFO - Processing /opt/airflow/dags/exampledag.py took 0.182 seconds
[2025-04-27T18:33:45.658+0000] {processor.py:161} INFO - Started process (PID=506) to work on /opt/airflow/dags/exampledag.py
[2025-04-27T18:33:45.659+0000] {processor.py:830} INFO - Processing file /opt/airflow/dags/exampledag.py for tasks to queue
[2025-04-27T18:33:45.660+0000] {logging_mixin.py:188} INFO - [2025-04-27T18:33:45.660+0000] {dagbag.py:538} INFO - Filling up the DagBag from /opt/airflow/dags/exampledag.py
[2025-04-27T18:33:45.699+0000] {processor.py:840} INFO - DAG(s) 'chethan_test_dag' retrieved from /opt/airflow/dags/exampledag.py
[2025-04-27T18:33:45.764+0000] {logging_mixin.py:188} INFO - [2025-04-27T18:33:45.763+0000] {dag.py:3036} INFO - Sync 1 DAGs
[2025-04-27T18:33:45.824+0000] {logging_mixin.py:188} INFO - [2025-04-27T18:33:45.824+0000] {dag.py:3823} INFO - Setting next_dagrun for chethan_test_dag to 2025-04-26 00:00:00+00:00, run_after=2025-04-27 00:00:00+00:00
[2025-04-27T18:33:45.862+0000] {processor.py:183} INFO - Processing /opt/airflow/dags/exampledag.py took 0.208 seconds
[2025-04-27T18:34:16.879+0000] {processor.py:161} INFO - Started process (PID=549) to work on /opt/airflow/dags/exampledag.py
[2025-04-27T18:34:16.880+0000] {processor.py:830} INFO - Processing file /opt/airflow/dags/exampledag.py for tasks to queue
[2025-04-27T18:34:16.881+0000] {logging_mixin.py:188} INFO - [2025-04-27T18:34:16.880+0000] {dagbag.py:538} INFO - Filling up the DagBag from /opt/airflow/dags/exampledag.py
[2025-04-27T18:34:16.912+0000] {processor.py:840} INFO - DAG(s) 'chethan_test_dag' retrieved from /opt/airflow/dags/exampledag.py
[2025-04-27T18:34:16.934+0000] {logging_mixin.py:188} INFO - [2025-04-27T18:34:16.933+0000] {dag.py:3036} INFO - Sync 1 DAGs
[2025-04-27T18:34:16.952+0000] {logging_mixin.py:188} INFO - [2025-04-27T18:34:16.952+0000] {dag.py:3823} INFO - Setting next_dagrun for chethan_test_dag to 2025-04-26 00:00:00+00:00, run_after=2025-04-27 00:00:00+00:00
[2025-04-27T18:34:16.970+0000] {processor.py:183} INFO - Processing /opt/airflow/dags/exampledag.py took 0.095 seconds
[2025-04-27T18:34:47.777+0000] {processor.py:161} INFO - Started process (PID=592) to work on /opt/airflow/dags/exampledag.py
[2025-04-27T18:34:47.780+0000] {processor.py:830} INFO - Processing file /opt/airflow/dags/exampledag.py for tasks to queue
[2025-04-27T18:34:47.783+0000] {logging_mixin.py:188} INFO - [2025-04-27T18:34:47.782+0000] {dagbag.py:538} INFO - Filling up the DagBag from /opt/airflow/dags/exampledag.py
[2025-04-27T18:34:47.824+0000] {processor.py:840} INFO - DAG(s) 'chethan_test_dag' retrieved from /opt/airflow/dags/exampledag.py
[2025-04-27T18:34:47.852+0000] {logging_mixin.py:188} INFO - [2025-04-27T18:34:47.851+0000] {dag.py:3036} INFO - Sync 1 DAGs
[2025-04-27T18:34:47.887+0000] {logging_mixin.py:188} INFO - [2025-04-27T18:34:47.887+0000] {dag.py:3823} INFO - Setting next_dagrun for chethan_test_dag to 2025-04-26 00:00:00+00:00, run_after=2025-04-27 00:00:00+00:00
[2025-04-27T18:34:47.917+0000] {processor.py:183} INFO - Processing /opt/airflow/dags/exampledag.py took 0.145 seconds
[2025-04-27T18:35:18.902+0000] {processor.py:161} INFO - Started process (PID=635) to work on /opt/airflow/dags/exampledag.py
[2025-04-27T18:35:18.904+0000] {processor.py:830} INFO - Processing file /opt/airflow/dags/exampledag.py for tasks to queue
[2025-04-27T18:35:18.906+0000] {logging_mixin.py:188} INFO - [2025-04-27T18:35:18.906+0000] {dagbag.py:538} INFO - Filling up the DagBag from /opt/airflow/dags/exampledag.py
[2025-04-27T18:35:18.941+0000] {processor.py:840} INFO - DAG(s) 'chethan_test_dag' retrieved from /opt/airflow/dags/exampledag.py
[2025-04-27T18:35:18.968+0000] {logging_mixin.py:188} INFO - [2025-04-27T18:35:18.968+0000] {dag.py:3036} INFO - Sync 1 DAGs
[2025-04-27T18:35:18.994+0000] {logging_mixin.py:188} INFO - [2025-04-27T18:35:18.994+0000] {dag.py:3823} INFO - Setting next_dagrun for chethan_test_dag to 2025-04-26 00:00:00+00:00, run_after=2025-04-27 00:00:00+00:00
[2025-04-27T18:35:19.018+0000] {processor.py:183} INFO - Processing /opt/airflow/dags/exampledag.py took 0.121 seconds
[2025-04-27T18:35:49.845+0000] {processor.py:161} INFO - Started process (PID=678) to work on /opt/airflow/dags/exampledag.py
[2025-04-27T18:35:49.850+0000] {processor.py:830} INFO - Processing file /opt/airflow/dags/exampledag.py for tasks to queue
[2025-04-27T18:35:49.852+0000] {logging_mixin.py:188} INFO - [2025-04-27T18:35:49.851+0000] {dagbag.py:538} INFO - Filling up the DagBag from /opt/airflow/dags/exampledag.py
[2025-04-27T18:35:49.887+0000] {processor.py:840} INFO - DAG(s) 'chethan_test_dag' retrieved from /opt/airflow/dags/exampledag.py
[2025-04-27T18:35:49.950+0000] {logging_mixin.py:188} INFO - [2025-04-27T18:35:49.949+0000] {dag.py:3036} INFO - Sync 1 DAGs
[2025-04-27T18:35:49.984+0000] {logging_mixin.py:188} INFO - [2025-04-27T18:35:49.984+0000] {dag.py:3823} INFO - Setting next_dagrun for chethan_test_dag to 2025-04-26 00:00:00+00:00, run_after=2025-04-27 00:00:00+00:00
[2025-04-27T18:35:50.011+0000] {processor.py:183} INFO - Processing /opt/airflow/dags/exampledag.py took 0.172 seconds
[2025-04-27T18:36:20.977+0000] {processor.py:161} INFO - Started process (PID=721) to work on /opt/airflow/dags/exampledag.py
[2025-04-27T18:36:20.978+0000] {processor.py:830} INFO - Processing file /opt/airflow/dags/exampledag.py for tasks to queue
[2025-04-27T18:36:20.980+0000] {logging_mixin.py:188} INFO - [2025-04-27T18:36:20.979+0000] {dagbag.py:538} INFO - Filling up the DagBag from /opt/airflow/dags/exampledag.py
[2025-04-27T18:36:21.013+0000] {processor.py:840} INFO - DAG(s) 'chethan_test_dag' retrieved from /opt/airflow/dags/exampledag.py
[2025-04-27T18:36:21.044+0000] {logging_mixin.py:188} INFO - [2025-04-27T18:36:21.043+0000] {dag.py:3036} INFO - Sync 1 DAGs
[2025-04-27T18:36:21.078+0000] {logging_mixin.py:188} INFO - [2025-04-27T18:36:21.078+0000] {dag.py:3823} INFO - Setting next_dagrun for chethan_test_dag to 2025-04-26 00:00:00+00:00, run_after=2025-04-27 00:00:00+00:00
[2025-04-27T18:36:21.102+0000] {processor.py:183} INFO - Processing /opt/airflow/dags/exampledag.py took 0.127 seconds
[2025-04-27T18:36:52.605+0000] {processor.py:161} INFO - Started process (PID=762) to work on /opt/airflow/dags/exampledag.py
[2025-04-27T18:36:52.615+0000] {processor.py:830} INFO - Processing file /opt/airflow/dags/exampledag.py for tasks to queue
[2025-04-27T18:36:52.619+0000] {logging_mixin.py:188} INFO - [2025-04-27T18:36:52.618+0000] {dagbag.py:538} INFO - Filling up the DagBag from /opt/airflow/dags/exampledag.py
[2025-04-27T18:36:52.703+0000] {processor.py:840} INFO - DAG(s) 'chethan_test_dag' retrieved from /opt/airflow/dags/exampledag.py
[2025-04-27T18:36:52.817+0000] {logging_mixin.py:188} INFO - [2025-04-27T18:36:52.810+0000] {dag.py:3036} INFO - Sync 1 DAGs
[2025-04-27T18:36:52.931+0000] {logging_mixin.py:188} INFO - [2025-04-27T18:36:52.931+0000] {dag.py:3823} INFO - Setting next_dagrun for chethan_test_dag to 2025-04-26 00:00:00+00:00, run_after=2025-04-27 00:00:00+00:00
[2025-04-27T18:36:53.012+0000] {processor.py:183} INFO - Processing /opt/airflow/dags/exampledag.py took 0.432 seconds
[2025-04-27T18:37:23.296+0000] {processor.py:161} INFO - Started process (PID=798) to work on /opt/airflow/dags/exampledag.py
[2025-04-27T18:37:23.298+0000] {processor.py:830} INFO - Processing file /opt/airflow/dags/exampledag.py for tasks to queue
[2025-04-27T18:37:23.301+0000] {logging_mixin.py:188} INFO - [2025-04-27T18:37:23.300+0000] {dagbag.py:538} INFO - Filling up the DagBag from /opt/airflow/dags/exampledag.py
[2025-04-27T18:37:23.360+0000] {processor.py:840} INFO - DAG(s) 'chethan_test_dag' retrieved from /opt/airflow/dags/exampledag.py
[2025-04-27T18:37:23.433+0000] {logging_mixin.py:188} INFO - [2025-04-27T18:37:23.433+0000] {dag.py:3036} INFO - Sync 1 DAGs
[2025-04-27T18:37:23.480+0000] {logging_mixin.py:188} INFO - [2025-04-27T18:37:23.480+0000] {dag.py:3823} INFO - Setting next_dagrun for chethan_test_dag to 2025-04-26 00:00:00+00:00, run_after=2025-04-27 00:00:00+00:00
[2025-04-27T18:37:23.526+0000] {processor.py:183} INFO - Processing /opt/airflow/dags/exampledag.py took 0.236 seconds
[2025-04-27T18:37:54.165+0000] {processor.py:161} INFO - Started process (PID=841) to work on /opt/airflow/dags/exampledag.py
[2025-04-27T18:37:54.166+0000] {processor.py:830} INFO - Processing file /opt/airflow/dags/exampledag.py for tasks to queue
[2025-04-27T18:37:54.168+0000] {logging_mixin.py:188} INFO - [2025-04-27T18:37:54.168+0000] {dagbag.py:538} INFO - Filling up the DagBag from /opt/airflow/dags/exampledag.py
[2025-04-27T18:37:54.227+0000] {processor.py:840} INFO - DAG(s) 'chethan_test_dag' retrieved from /opt/airflow/dags/exampledag.py
[2025-04-27T18:37:54.310+0000] {logging_mixin.py:188} INFO - [2025-04-27T18:37:54.310+0000] {dag.py:3036} INFO - Sync 1 DAGs
[2025-04-27T18:37:54.361+0000] {logging_mixin.py:188} INFO - [2025-04-27T18:37:54.360+0000] {dag.py:3823} INFO - Setting next_dagrun for chethan_test_dag to 2025-04-26 00:00:00+00:00, run_after=2025-04-27 00:00:00+00:00
[2025-04-27T18:37:54.399+0000] {processor.py:183} INFO - Processing /opt/airflow/dags/exampledag.py took 0.246 seconds
[2025-04-27T18:38:24.719+0000] {processor.py:161} INFO - Started process (PID=881) to work on /opt/airflow/dags/exampledag.py
[2025-04-27T18:38:24.721+0000] {processor.py:830} INFO - Processing file /opt/airflow/dags/exampledag.py for tasks to queue
[2025-04-27T18:38:24.724+0000] {logging_mixin.py:188} INFO - [2025-04-27T18:38:24.722+0000] {dagbag.py:538} INFO - Filling up the DagBag from /opt/airflow/dags/exampledag.py
[2025-04-27T18:38:24.766+0000] {processor.py:840} INFO - DAG(s) 'chethan_test_dag' retrieved from /opt/airflow/dags/exampledag.py
[2025-04-27T18:38:24.811+0000] {logging_mixin.py:188} INFO - [2025-04-27T18:38:24.811+0000] {dag.py:3036} INFO - Sync 1 DAGs
[2025-04-27T18:38:24.841+0000] {logging_mixin.py:188} INFO - [2025-04-27T18:38:24.841+0000] {dag.py:3823} INFO - Setting next_dagrun for chethan_test_dag to 2025-04-26 00:00:00+00:00, run_after=2025-04-27 00:00:00+00:00
[2025-04-27T18:38:24.871+0000] {processor.py:183} INFO - Processing /opt/airflow/dags/exampledag.py took 0.160 seconds
[2025-04-27T18:38:55.317+0000] {processor.py:161} INFO - Started process (PID=924) to work on /opt/airflow/dags/exampledag.py
[2025-04-27T18:38:55.319+0000] {processor.py:830} INFO - Processing file /opt/airflow/dags/exampledag.py for tasks to queue
[2025-04-27T18:38:55.321+0000] {logging_mixin.py:188} INFO - [2025-04-27T18:38:55.320+0000] {dagbag.py:538} INFO - Filling up the DagBag from /opt/airflow/dags/exampledag.py
[2025-04-27T18:38:55.392+0000] {processor.py:840} INFO - DAG(s) 'chethan_test_dag' retrieved from /opt/airflow/dags/exampledag.py
[2025-04-27T18:38:55.448+0000] {logging_mixin.py:188} INFO - [2025-04-27T18:38:55.447+0000] {dag.py:3036} INFO - Sync 1 DAGs
[2025-04-27T18:38:55.482+0000] {logging_mixin.py:188} INFO - [2025-04-27T18:38:55.482+0000] {dag.py:3823} INFO - Setting next_dagrun for chethan_test_dag to 2025-04-26 00:00:00+00:00, run_after=2025-04-27 00:00:00+00:00
[2025-04-27T18:38:55.516+0000] {processor.py:183} INFO - Processing /opt/airflow/dags/exampledag.py took 0.204 seconds
[2025-04-27T18:39:58.465+0000] {processor.py:161} INFO - Started process (PID=203) to work on /opt/airflow/dags/exampledag.py
[2025-04-27T18:39:58.467+0000] {processor.py:830} INFO - Processing file /opt/airflow/dags/exampledag.py for tasks to queue
[2025-04-27T18:39:58.470+0000] {logging_mixin.py:188} INFO - [2025-04-27T18:39:58.469+0000] {dagbag.py:538} INFO - Filling up the DagBag from /opt/airflow/dags/exampledag.py
[2025-04-27T18:39:58.513+0000] {processor.py:840} INFO - DAG(s) 'chethan_test_dag' retrieved from /opt/airflow/dags/exampledag.py
[2025-04-27T18:39:58.536+0000] {logging_mixin.py:188} INFO - [2025-04-27T18:39:58.536+0000] {dag.py:3036} INFO - Sync 1 DAGs
[2025-04-27T18:39:58.573+0000] {logging_mixin.py:188} INFO - [2025-04-27T18:39:58.572+0000] {dag.py:3823} INFO - Setting next_dagrun for chethan_test_dag to 2025-04-26 00:00:00+00:00, run_after=2025-04-27 00:00:00+00:00
[2025-04-27T18:39:58.609+0000] {processor.py:183} INFO - Processing /opt/airflow/dags/exampledag.py took 0.148 seconds
[2025-04-27T18:40:29.141+0000] {processor.py:161} INFO - Started process (PID=246) to work on /opt/airflow/dags/exampledag.py
[2025-04-27T18:40:29.142+0000] {processor.py:830} INFO - Processing file /opt/airflow/dags/exampledag.py for tasks to queue
[2025-04-27T18:40:29.144+0000] {logging_mixin.py:188} INFO - [2025-04-27T18:40:29.143+0000] {dagbag.py:538} INFO - Filling up the DagBag from /opt/airflow/dags/exampledag.py
[2025-04-27T18:40:29.181+0000] {processor.py:840} INFO - DAG(s) 'chethan_test_dag' retrieved from /opt/airflow/dags/exampledag.py
[2025-04-27T18:40:29.287+0000] {logging_mixin.py:188} INFO - [2025-04-27T18:40:29.287+0000] {dag.py:3036} INFO - Sync 1 DAGs
[2025-04-27T18:40:29.309+0000] {logging_mixin.py:188} INFO - [2025-04-27T18:40:29.309+0000] {dag.py:3823} INFO - Setting next_dagrun for chethan_test_dag to 2025-04-26 00:00:00+00:00, run_after=2025-04-27 00:00:00+00:00
[2025-04-27T18:40:29.332+0000] {processor.py:183} INFO - Processing /opt/airflow/dags/exampledag.py took 0.195 seconds
[2025-04-27T18:40:59.872+0000] {processor.py:161} INFO - Started process (PID=292) to work on /opt/airflow/dags/exampledag.py
[2025-04-27T18:40:59.873+0000] {processor.py:830} INFO - Processing file /opt/airflow/dags/exampledag.py for tasks to queue
[2025-04-27T18:40:59.874+0000] {logging_mixin.py:188} INFO - [2025-04-27T18:40:59.874+0000] {dagbag.py:538} INFO - Filling up the DagBag from /opt/airflow/dags/exampledag.py
[2025-04-27T18:40:59.907+0000] {processor.py:840} INFO - DAG(s) 'chethan_test_dag' retrieved from /opt/airflow/dags/exampledag.py
[2025-04-27T18:40:59.936+0000] {logging_mixin.py:188} INFO - [2025-04-27T18:40:59.935+0000] {dag.py:3036} INFO - Sync 1 DAGs
[2025-04-27T18:40:59.960+0000] {logging_mixin.py:188} INFO - [2025-04-27T18:40:59.960+0000] {dag.py:3823} INFO - Setting next_dagrun for chethan_test_dag to 2025-04-26 00:00:00+00:00, run_after=2025-04-27 00:00:00+00:00
[2025-04-27T18:40:59.981+0000] {processor.py:183} INFO - Processing /opt/airflow/dags/exampledag.py took 0.112 seconds
[2025-04-27T18:41:30.485+0000] {processor.py:161} INFO - Started process (PID=335) to work on /opt/airflow/dags/exampledag.py
[2025-04-27T18:41:30.487+0000] {processor.py:830} INFO - Processing file /opt/airflow/dags/exampledag.py for tasks to queue
[2025-04-27T18:41:30.489+0000] {logging_mixin.py:188} INFO - [2025-04-27T18:41:30.488+0000] {dagbag.py:538} INFO - Filling up the DagBag from /opt/airflow/dags/exampledag.py
[2025-04-27T18:41:30.525+0000] {processor.py:840} INFO - DAG(s) 'chethan_test_dag' retrieved from /opt/airflow/dags/exampledag.py
[2025-04-27T18:41:30.552+0000] {logging_mixin.py:188} INFO - [2025-04-27T18:41:30.551+0000] {dag.py:3036} INFO - Sync 1 DAGs
[2025-04-27T18:41:30.582+0000] {logging_mixin.py:188} INFO - [2025-04-27T18:41:30.582+0000] {dag.py:3823} INFO - Setting next_dagrun for chethan_test_dag to 2025-04-26 00:00:00+00:00, run_after=2025-04-27 00:00:00+00:00
[2025-04-27T18:41:30.607+0000] {processor.py:183} INFO - Processing /opt/airflow/dags/exampledag.py took 0.127 seconds
[2025-04-27T18:42:00.720+0000] {processor.py:161} INFO - Started process (PID=371) to work on /opt/airflow/dags/exampledag.py
[2025-04-27T18:42:00.721+0000] {processor.py:830} INFO - Processing file /opt/airflow/dags/exampledag.py for tasks to queue
[2025-04-27T18:42:00.723+0000] {logging_mixin.py:188} INFO - [2025-04-27T18:42:00.722+0000] {dagbag.py:538} INFO - Filling up the DagBag from /opt/airflow/dags/exampledag.py
[2025-04-27T18:42:00.760+0000] {processor.py:840} INFO - DAG(s) 'chethan_test_dag' retrieved from /opt/airflow/dags/exampledag.py
[2025-04-27T18:42:00.788+0000] {logging_mixin.py:188} INFO - [2025-04-27T18:42:00.787+0000] {dag.py:3036} INFO - Sync 1 DAGs
[2025-04-27T18:42:00.812+0000] {logging_mixin.py:188} INFO - [2025-04-27T18:42:00.812+0000] {dag.py:3823} INFO - Setting next_dagrun for chethan_test_dag to 2025-04-26 00:00:00+00:00, run_after=2025-04-27 00:00:00+00:00
[2025-04-27T18:42:00.835+0000] {processor.py:183} INFO - Processing /opt/airflow/dags/exampledag.py took 0.118 seconds
[2025-04-27T18:42:31.336+0000] {processor.py:161} INFO - Started process (PID=409) to work on /opt/airflow/dags/exampledag.py
[2025-04-27T18:42:31.339+0000] {processor.py:830} INFO - Processing file /opt/airflow/dags/exampledag.py for tasks to queue
[2025-04-27T18:42:31.341+0000] {logging_mixin.py:188} INFO - [2025-04-27T18:42:31.340+0000] {dagbag.py:538} INFO - Filling up the DagBag from /opt/airflow/dags/exampledag.py
[2025-04-27T18:42:31.395+0000] {processor.py:840} INFO - DAG(s) 'chethan_test_dag' retrieved from /opt/airflow/dags/exampledag.py
[2025-04-27T18:42:31.440+0000] {logging_mixin.py:188} INFO - [2025-04-27T18:42:31.440+0000] {dag.py:3036} INFO - Sync 1 DAGs
[2025-04-27T18:42:31.471+0000] {logging_mixin.py:188} INFO - [2025-04-27T18:42:31.470+0000] {dag.py:3823} INFO - Setting next_dagrun for chethan_test_dag to 2025-04-26 00:00:00+00:00, run_after=2025-04-27 00:00:00+00:00
[2025-04-27T18:42:31.509+0000] {processor.py:183} INFO - Processing /opt/airflow/dags/exampledag.py took 0.183 seconds
[2025-04-27T18:43:02.959+0000] {processor.py:161} INFO - Started process (PID=460) to work on /opt/airflow/dags/exampledag.py
[2025-04-27T18:43:02.960+0000] {processor.py:830} INFO - Processing file /opt/airflow/dags/exampledag.py for tasks to queue
[2025-04-27T18:43:02.962+0000] {logging_mixin.py:188} INFO - [2025-04-27T18:43:02.962+0000] {dagbag.py:538} INFO - Filling up the DagBag from /opt/airflow/dags/exampledag.py
[2025-04-27T18:43:02.992+0000] {processor.py:840} INFO - DAG(s) 'chethan_test_dag' retrieved from /opt/airflow/dags/exampledag.py
[2025-04-27T18:43:03.016+0000] {logging_mixin.py:188} INFO - [2025-04-27T18:43:03.016+0000] {dag.py:3036} INFO - Sync 1 DAGs
[2025-04-27T18:43:03.039+0000] {logging_mixin.py:188} INFO - [2025-04-27T18:43:03.038+0000] {dag.py:3823} INFO - Setting next_dagrun for chethan_test_dag to 2025-04-26 00:00:00+00:00, run_after=2025-04-27 00:00:00+00:00
[2025-04-27T18:43:03.067+0000] {processor.py:183} INFO - Processing /opt/airflow/dags/exampledag.py took 0.111 seconds
[2025-04-27T18:43:34.118+0000] {processor.py:161} INFO - Started process (PID=507) to work on /opt/airflow/dags/exampledag.py
[2025-04-27T18:43:34.120+0000] {processor.py:830} INFO - Processing file /opt/airflow/dags/exampledag.py for tasks to queue
[2025-04-27T18:43:34.122+0000] {logging_mixin.py:188} INFO - [2025-04-27T18:43:34.121+0000] {dagbag.py:538} INFO - Filling up the DagBag from /opt/airflow/dags/exampledag.py
[2025-04-27T18:43:34.156+0000] {processor.py:840} INFO - DAG(s) 'chethan_test_dag' retrieved from /opt/airflow/dags/exampledag.py
[2025-04-27T18:43:34.184+0000] {logging_mixin.py:188} INFO - [2025-04-27T18:43:34.184+0000] {dag.py:3036} INFO - Sync 1 DAGs
[2025-04-27T18:43:34.212+0000] {logging_mixin.py:188} INFO - [2025-04-27T18:43:34.212+0000] {dag.py:3823} INFO - Setting next_dagrun for chethan_test_dag to 2025-04-26 00:00:00+00:00, run_after=2025-04-27 00:00:00+00:00
[2025-04-27T18:43:34.244+0000] {processor.py:183} INFO - Processing /opt/airflow/dags/exampledag.py took 0.131 seconds
[2025-04-27T18:44:04.894+0000] {processor.py:161} INFO - Started process (PID=552) to work on /opt/airflow/dags/exampledag.py
[2025-04-27T18:44:04.895+0000] {processor.py:830} INFO - Processing file /opt/airflow/dags/exampledag.py for tasks to queue
[2025-04-27T18:44:04.896+0000] {logging_mixin.py:188} INFO - [2025-04-27T18:44:04.896+0000] {dagbag.py:538} INFO - Filling up the DagBag from /opt/airflow/dags/exampledag.py
[2025-04-27T18:44:04.959+0000] {processor.py:840} INFO - DAG(s) 'chethan_test_dag' retrieved from /opt/airflow/dags/exampledag.py
[2025-04-27T18:44:05.010+0000] {logging_mixin.py:188} INFO - [2025-04-27T18:44:05.010+0000] {dag.py:3036} INFO - Sync 1 DAGs
[2025-04-27T18:44:05.042+0000] {logging_mixin.py:188} INFO - [2025-04-27T18:44:05.041+0000] {dag.py:3823} INFO - Setting next_dagrun for chethan_test_dag to 2025-04-26 00:00:00+00:00, run_after=2025-04-27 00:00:00+00:00
[2025-04-27T18:44:05.068+0000] {processor.py:183} INFO - Processing /opt/airflow/dags/exampledag.py took 0.178 seconds
[2025-04-27T18:44:36.258+0000] {processor.py:161} INFO - Started process (PID=595) to work on /opt/airflow/dags/exampledag.py
[2025-04-27T18:44:36.260+0000] {processor.py:830} INFO - Processing file /opt/airflow/dags/exampledag.py for tasks to queue
[2025-04-27T18:44:36.263+0000] {logging_mixin.py:188} INFO - [2025-04-27T18:44:36.261+0000] {dagbag.py:538} INFO - Filling up the DagBag from /opt/airflow/dags/exampledag.py
[2025-04-27T18:44:36.312+0000] {processor.py:840} INFO - DAG(s) 'chethan_test_dag' retrieved from /opt/airflow/dags/exampledag.py
[2025-04-27T18:44:36.369+0000] {logging_mixin.py:188} INFO - [2025-04-27T18:44:36.369+0000] {dag.py:3036} INFO - Sync 1 DAGs
[2025-04-27T18:44:36.421+0000] {logging_mixin.py:188} INFO - [2025-04-27T18:44:36.420+0000] {dag.py:3823} INFO - Setting next_dagrun for chethan_test_dag to 2025-04-26 00:00:00+00:00, run_after=2025-04-27 00:00:00+00:00
[2025-04-27T18:44:36.460+0000] {processor.py:183} INFO - Processing /opt/airflow/dags/exampledag.py took 0.208 seconds
[2025-04-27T18:45:07.060+0000] {processor.py:161} INFO - Started process (PID=638) to work on /opt/airflow/dags/exampledag.py
[2025-04-27T18:45:07.061+0000] {processor.py:830} INFO - Processing file /opt/airflow/dags/exampledag.py for tasks to queue
[2025-04-27T18:45:07.062+0000] {logging_mixin.py:188} INFO - [2025-04-27T18:45:07.062+0000] {dagbag.py:538} INFO - Filling up the DagBag from /opt/airflow/dags/exampledag.py
[2025-04-27T18:45:07.102+0000] {processor.py:840} INFO - DAG(s) 'chethan_test_dag' retrieved from /opt/airflow/dags/exampledag.py
[2025-04-27T18:45:07.133+0000] {logging_mixin.py:188} INFO - [2025-04-27T18:45:07.132+0000] {dag.py:3036} INFO - Sync 1 DAGs
[2025-04-27T18:45:07.155+0000] {logging_mixin.py:188} INFO - [2025-04-27T18:45:07.154+0000] {dag.py:3823} INFO - Setting next_dagrun for chethan_test_dag to 2025-04-26 00:00:00+00:00, run_after=2025-04-27 00:00:00+00:00
[2025-04-27T18:45:07.177+0000] {processor.py:183} INFO - Processing /opt/airflow/dags/exampledag.py took 0.120 seconds
[2025-04-27T18:45:37.696+0000] {processor.py:161} INFO - Started process (PID=681) to work on /opt/airflow/dags/exampledag.py
[2025-04-27T18:45:37.697+0000] {processor.py:830} INFO - Processing file /opt/airflow/dags/exampledag.py for tasks to queue
[2025-04-27T18:45:37.698+0000] {logging_mixin.py:188} INFO - [2025-04-27T18:45:37.698+0000] {dagbag.py:538} INFO - Filling up the DagBag from /opt/airflow/dags/exampledag.py
[2025-04-27T18:45:37.721+0000] {processor.py:840} INFO - DAG(s) 'chethan_test_dag' retrieved from /opt/airflow/dags/exampledag.py
[2025-04-27T18:45:37.743+0000] {logging_mixin.py:188} INFO - [2025-04-27T18:45:37.743+0000] {dag.py:3036} INFO - Sync 1 DAGs
[2025-04-27T18:45:37.772+0000] {logging_mixin.py:188} INFO - [2025-04-27T18:45:37.772+0000] {dag.py:3823} INFO - Setting next_dagrun for chethan_test_dag to 2025-04-26 00:00:00+00:00, run_after=2025-04-27 00:00:00+00:00
[2025-04-27T18:45:37.798+0000] {processor.py:183} INFO - Processing /opt/airflow/dags/exampledag.py took 0.106 seconds
[2025-04-27T18:46:08.907+0000] {processor.py:161} INFO - Started process (PID=724) to work on /opt/airflow/dags/exampledag.py
[2025-04-27T18:46:08.908+0000] {processor.py:830} INFO - Processing file /opt/airflow/dags/exampledag.py for tasks to queue
[2025-04-27T18:46:08.909+0000] {logging_mixin.py:188} INFO - [2025-04-27T18:46:08.909+0000] {dagbag.py:538} INFO - Filling up the DagBag from /opt/airflow/dags/exampledag.py
[2025-04-27T18:46:08.942+0000] {processor.py:840} INFO - DAG(s) 'chethan_test_dag' retrieved from /opt/airflow/dags/exampledag.py
[2025-04-27T18:46:08.984+0000] {logging_mixin.py:188} INFO - [2025-04-27T18:46:08.984+0000] {dag.py:3036} INFO - Sync 1 DAGs
[2025-04-27T18:46:09.023+0000] {logging_mixin.py:188} INFO - [2025-04-27T18:46:09.023+0000] {dag.py:3823} INFO - Setting next_dagrun for chethan_test_dag to 2025-04-26 00:00:00+00:00, run_after=2025-04-27 00:00:00+00:00
[2025-04-27T18:46:09.051+0000] {processor.py:183} INFO - Processing /opt/airflow/dags/exampledag.py took 0.148 seconds
[2025-04-27T18:46:39.480+0000] {processor.py:161} INFO - Started process (PID=765) to work on /opt/airflow/dags/exampledag.py
[2025-04-27T18:46:39.482+0000] {processor.py:830} INFO - Processing file /opt/airflow/dags/exampledag.py for tasks to queue
[2025-04-27T18:46:39.484+0000] {logging_mixin.py:188} INFO - [2025-04-27T18:46:39.483+0000] {dagbag.py:538} INFO - Filling up the DagBag from /opt/airflow/dags/exampledag.py
[2025-04-27T18:46:39.526+0000] {processor.py:840} INFO - DAG(s) 'chethan_test_dag' retrieved from /opt/airflow/dags/exampledag.py
[2025-04-27T18:46:39.557+0000] {logging_mixin.py:188} INFO - [2025-04-27T18:46:39.556+0000] {dag.py:3036} INFO - Sync 1 DAGs
[2025-04-27T18:46:39.592+0000] {logging_mixin.py:188} INFO - [2025-04-27T18:46:39.592+0000] {dag.py:3823} INFO - Setting next_dagrun for chethan_test_dag to 2025-04-26 00:00:00+00:00, run_after=2025-04-27 00:00:00+00:00
[2025-04-27T18:46:39.623+0000] {processor.py:183} INFO - Processing /opt/airflow/dags/exampledag.py took 0.146 seconds
[2025-04-27T18:47:10.276+0000] {processor.py:161} INFO - Started process (PID=807) to work on /opt/airflow/dags/exampledag.py
[2025-04-27T18:47:10.277+0000] {processor.py:830} INFO - Processing file /opt/airflow/dags/exampledag.py for tasks to queue
[2025-04-27T18:47:10.279+0000] {logging_mixin.py:188} INFO - [2025-04-27T18:47:10.279+0000] {dagbag.py:538} INFO - Filling up the DagBag from /opt/airflow/dags/exampledag.py
[2025-04-27T18:47:10.335+0000] {processor.py:840} INFO - DAG(s) 'chethan_test_dag' retrieved from /opt/airflow/dags/exampledag.py
[2025-04-27T18:47:10.376+0000] {logging_mixin.py:188} INFO - [2025-04-27T18:47:10.376+0000] {dag.py:3036} INFO - Sync 1 DAGs
[2025-04-27T18:47:10.420+0000] {logging_mixin.py:188} INFO - [2025-04-27T18:47:10.420+0000] {dag.py:3823} INFO - Setting next_dagrun for chethan_test_dag to 2025-04-26 00:00:00+00:00, run_after=2025-04-27 00:00:00+00:00
[2025-04-27T18:47:10.474+0000] {processor.py:183} INFO - Processing /opt/airflow/dags/exampledag.py took 0.202 seconds
[2025-04-27T18:47:40.848+0000] {processor.py:161} INFO - Started process (PID=847) to work on /opt/airflow/dags/exampledag.py
[2025-04-27T18:47:40.850+0000] {processor.py:830} INFO - Processing file /opt/airflow/dags/exampledag.py for tasks to queue
[2025-04-27T18:47:40.851+0000] {logging_mixin.py:188} INFO - [2025-04-27T18:47:40.850+0000] {dagbag.py:538} INFO - Filling up the DagBag from /opt/airflow/dags/exampledag.py
[2025-04-27T18:47:40.880+0000] {processor.py:840} INFO - DAG(s) 'chethan_test_dag' retrieved from /opt/airflow/dags/exampledag.py
[2025-04-27T18:47:40.905+0000] {logging_mixin.py:188} INFO - [2025-04-27T18:47:40.905+0000] {dag.py:3036} INFO - Sync 1 DAGs
[2025-04-27T18:47:40.924+0000] {logging_mixin.py:188} INFO - [2025-04-27T18:47:40.924+0000] {dag.py:3823} INFO - Setting next_dagrun for chethan_test_dag to 2025-04-26 00:00:00+00:00, run_after=2025-04-27 00:00:00+00:00
[2025-04-27T18:47:40.942+0000] {processor.py:183} INFO - Processing /opt/airflow/dags/exampledag.py took 0.097 seconds
[2025-04-27T18:48:11.440+0000] {processor.py:161} INFO - Started process (PID=890) to work on /opt/airflow/dags/exampledag.py
[2025-04-27T18:48:11.442+0000] {processor.py:830} INFO - Processing file /opt/airflow/dags/exampledag.py for tasks to queue
[2025-04-27T18:48:11.443+0000] {logging_mixin.py:188} INFO - [2025-04-27T18:48:11.443+0000] {dagbag.py:538} INFO - Filling up the DagBag from /opt/airflow/dags/exampledag.py
[2025-04-27T18:48:11.492+0000] {processor.py:840} INFO - DAG(s) 'chethan_test_dag' retrieved from /opt/airflow/dags/exampledag.py
[2025-04-27T18:48:11.530+0000] {logging_mixin.py:188} INFO - [2025-04-27T18:48:11.529+0000] {dag.py:3036} INFO - Sync 1 DAGs
[2025-04-27T18:48:11.575+0000] {logging_mixin.py:188} INFO - [2025-04-27T18:48:11.575+0000] {dag.py:3823} INFO - Setting next_dagrun for chethan_test_dag to 2025-04-26 00:00:00+00:00, run_after=2025-04-27 00:00:00+00:00
[2025-04-27T18:48:11.626+0000] {processor.py:183} INFO - Processing /opt/airflow/dags/exampledag.py took 0.189 seconds
[2025-04-27T18:48:43.046+0000] {processor.py:161} INFO - Started process (PID=933) to work on /opt/airflow/dags/exampledag.py
[2025-04-27T18:48:43.048+0000] {processor.py:830} INFO - Processing file /opt/airflow/dags/exampledag.py for tasks to queue
[2025-04-27T18:48:43.049+0000] {logging_mixin.py:188} INFO - [2025-04-27T18:48:43.049+0000] {dagbag.py:538} INFO - Filling up the DagBag from /opt/airflow/dags/exampledag.py
[2025-04-27T18:48:43.083+0000] {processor.py:840} INFO - DAG(s) 'chethan_test_dag' retrieved from /opt/airflow/dags/exampledag.py
[2025-04-27T18:48:43.123+0000] {logging_mixin.py:188} INFO - [2025-04-27T18:48:43.123+0000] {dag.py:3036} INFO - Sync 1 DAGs
[2025-04-27T18:48:43.177+0000] {logging_mixin.py:188} INFO - [2025-04-27T18:48:43.176+0000] {dag.py:3823} INFO - Setting next_dagrun for chethan_test_dag to 2025-04-26 00:00:00+00:00, run_after=2025-04-27 00:00:00+00:00
[2025-04-27T18:48:43.200+0000] {processor.py:183} INFO - Processing /opt/airflow/dags/exampledag.py took 0.158 seconds
[2025-04-27T18:49:13.984+0000] {processor.py:161} INFO - Started process (PID=976) to work on /opt/airflow/dags/exampledag.py
[2025-04-27T18:49:13.985+0000] {processor.py:830} INFO - Processing file /opt/airflow/dags/exampledag.py for tasks to queue
[2025-04-27T18:49:13.986+0000] {logging_mixin.py:188} INFO - [2025-04-27T18:49:13.986+0000] {dagbag.py:538} INFO - Filling up the DagBag from /opt/airflow/dags/exampledag.py
[2025-04-27T18:49:14.014+0000] {processor.py:840} INFO - DAG(s) 'chethan_test_dag' retrieved from /opt/airflow/dags/exampledag.py
[2025-04-27T18:49:14.042+0000] {logging_mixin.py:188} INFO - [2025-04-27T18:49:14.042+0000] {dag.py:3036} INFO - Sync 1 DAGs
[2025-04-27T18:49:14.068+0000] {logging_mixin.py:188} INFO - [2025-04-27T18:49:14.068+0000] {dag.py:3823} INFO - Setting next_dagrun for chethan_test_dag to 2025-04-26 00:00:00+00:00, run_after=2025-04-27 00:00:00+00:00
[2025-04-27T18:49:14.094+0000] {processor.py:183} INFO - Processing /opt/airflow/dags/exampledag.py took 0.113 seconds
[2025-04-27T18:49:44.815+0000] {processor.py:161} INFO - Started process (PID=1019) to work on /opt/airflow/dags/exampledag.py
[2025-04-27T18:49:44.817+0000] {processor.py:830} INFO - Processing file /opt/airflow/dags/exampledag.py for tasks to queue
[2025-04-27T18:49:44.818+0000] {logging_mixin.py:188} INFO - [2025-04-27T18:49:44.817+0000] {dagbag.py:538} INFO - Filling up the DagBag from /opt/airflow/dags/exampledag.py
[2025-04-27T18:49:44.845+0000] {processor.py:840} INFO - DAG(s) 'chethan_test_dag' retrieved from /opt/airflow/dags/exampledag.py
[2025-04-27T18:49:44.881+0000] {logging_mixin.py:188} INFO - [2025-04-27T18:49:44.881+0000] {dag.py:3036} INFO - Sync 1 DAGs
[2025-04-27T18:49:44.905+0000] {logging_mixin.py:188} INFO - [2025-04-27T18:49:44.904+0000] {dag.py:3823} INFO - Setting next_dagrun for chethan_test_dag to 2025-04-26 00:00:00+00:00, run_after=2025-04-27 00:00:00+00:00
[2025-04-27T18:49:44.929+0000] {processor.py:183} INFO - Processing /opt/airflow/dags/exampledag.py took 0.117 seconds
[2025-04-27T18:50:16.076+0000] {processor.py:161} INFO - Started process (PID=1060) to work on /opt/airflow/dags/exampledag.py
[2025-04-27T18:50:16.080+0000] {processor.py:830} INFO - Processing file /opt/airflow/dags/exampledag.py for tasks to queue
[2025-04-27T18:50:16.086+0000] {logging_mixin.py:188} INFO - [2025-04-27T18:50:16.084+0000] {dagbag.py:538} INFO - Filling up the DagBag from /opt/airflow/dags/exampledag.py
[2025-04-27T18:50:16.142+0000] {processor.py:840} INFO - DAG(s) 'chethan_test_dag' retrieved from /opt/airflow/dags/exampledag.py
[2025-04-27T18:50:16.218+0000] {logging_mixin.py:188} INFO - [2025-04-27T18:50:16.218+0000] {dag.py:3036} INFO - Sync 1 DAGs
[2025-04-27T18:50:16.258+0000] {logging_mixin.py:188} INFO - [2025-04-27T18:50:16.257+0000] {dag.py:3823} INFO - Setting next_dagrun for chethan_test_dag to 2025-04-26 00:00:00+00:00, run_after=2025-04-27 00:00:00+00:00
[2025-04-27T18:50:16.296+0000] {processor.py:183} INFO - Processing /opt/airflow/dags/exampledag.py took 0.226 seconds
[2025-04-27T18:50:47.188+0000] {processor.py:161} INFO - Started process (PID=1105) to work on /opt/airflow/dags/exampledag.py
[2025-04-27T18:50:47.190+0000] {processor.py:830} INFO - Processing file /opt/airflow/dags/exampledag.py for tasks to queue
[2025-04-27T18:50:47.192+0000] {logging_mixin.py:188} INFO - [2025-04-27T18:50:47.191+0000] {dagbag.py:538} INFO - Filling up the DagBag from /opt/airflow/dags/exampledag.py
[2025-04-27T18:50:47.227+0000] {processor.py:840} INFO - DAG(s) 'chethan_test_dag' retrieved from /opt/airflow/dags/exampledag.py
[2025-04-27T18:50:47.262+0000] {logging_mixin.py:188} INFO - [2025-04-27T18:50:47.261+0000] {dag.py:3036} INFO - Sync 1 DAGs
[2025-04-27T18:50:47.289+0000] {logging_mixin.py:188} INFO - [2025-04-27T18:50:47.289+0000] {dag.py:3823} INFO - Setting next_dagrun for chethan_test_dag to 2025-04-26 00:00:00+00:00, run_after=2025-04-27 00:00:00+00:00
[2025-04-27T18:50:47.322+0000] {processor.py:183} INFO - Processing /opt/airflow/dags/exampledag.py took 0.138 seconds
[2025-04-27T18:51:17.950+0000] {processor.py:161} INFO - Started process (PID=1148) to work on /opt/airflow/dags/exampledag.py
[2025-04-27T18:51:17.951+0000] {processor.py:830} INFO - Processing file /opt/airflow/dags/exampledag.py for tasks to queue
[2025-04-27T18:51:17.952+0000] {logging_mixin.py:188} INFO - [2025-04-27T18:51:17.952+0000] {dagbag.py:538} INFO - Filling up the DagBag from /opt/airflow/dags/exampledag.py
[2025-04-27T18:51:17.985+0000] {processor.py:840} INFO - DAG(s) 'chethan_test_dag' retrieved from /opt/airflow/dags/exampledag.py
[2025-04-27T18:51:18.061+0000] {logging_mixin.py:188} INFO - [2025-04-27T18:51:18.061+0000] {dag.py:3036} INFO - Sync 1 DAGs
[2025-04-27T18:51:18.101+0000] {logging_mixin.py:188} INFO - [2025-04-27T18:51:18.100+0000] {dag.py:3823} INFO - Setting next_dagrun for chethan_test_dag to 2025-04-26 00:00:00+00:00, run_after=2025-04-27 00:00:00+00:00
[2025-04-27T18:51:18.147+0000] {processor.py:183} INFO - Processing /opt/airflow/dags/exampledag.py took 0.203 seconds
[2025-04-27T18:51:49.149+0000] {processor.py:161} INFO - Started process (PID=1191) to work on /opt/airflow/dags/exampledag.py
[2025-04-27T18:51:49.151+0000] {processor.py:830} INFO - Processing file /opt/airflow/dags/exampledag.py for tasks to queue
[2025-04-27T18:51:49.154+0000] {logging_mixin.py:188} INFO - [2025-04-27T18:51:49.153+0000] {dagbag.py:538} INFO - Filling up the DagBag from /opt/airflow/dags/exampledag.py
[2025-04-27T18:51:49.191+0000] {processor.py:840} INFO - DAG(s) 'chethan_test_dag' retrieved from /opt/airflow/dags/exampledag.py
[2025-04-27T18:51:49.226+0000] {logging_mixin.py:188} INFO - [2025-04-27T18:51:49.226+0000] {dag.py:3036} INFO - Sync 1 DAGs
[2025-04-27T18:51:49.256+0000] {logging_mixin.py:188} INFO - [2025-04-27T18:51:49.255+0000] {dag.py:3823} INFO - Setting next_dagrun for chethan_test_dag to 2025-04-26 00:00:00+00:00, run_after=2025-04-27 00:00:00+00:00
[2025-04-27T18:51:49.284+0000] {processor.py:183} INFO - Processing /opt/airflow/dags/exampledag.py took 0.139 seconds
[2025-04-27T18:52:20.023+0000] {processor.py:161} INFO - Started process (PID=1234) to work on /opt/airflow/dags/exampledag.py
[2025-04-27T18:52:20.025+0000] {processor.py:830} INFO - Processing file /opt/airflow/dags/exampledag.py for tasks to queue
[2025-04-27T18:52:20.028+0000] {logging_mixin.py:188} INFO - [2025-04-27T18:52:20.027+0000] {dagbag.py:538} INFO - Filling up the DagBag from /opt/airflow/dags/exampledag.py
[2025-04-27T18:52:20.126+0000] {processor.py:840} INFO - DAG(s) 'chethan_test_dag' retrieved from /opt/airflow/dags/exampledag.py
[2025-04-27T18:52:20.203+0000] {logging_mixin.py:188} INFO - [2025-04-27T18:52:20.202+0000] {dag.py:3036} INFO - Sync 1 DAGs
[2025-04-27T18:52:20.252+0000] {logging_mixin.py:188} INFO - [2025-04-27T18:52:20.251+0000] {dag.py:3823} INFO - Setting next_dagrun for chethan_test_dag to 2025-04-26 00:00:00+00:00, run_after=2025-04-27 00:00:00+00:00
[2025-04-27T18:52:20.305+0000] {processor.py:183} INFO - Processing /opt/airflow/dags/exampledag.py took 0.285 seconds
[2025-04-27T18:52:51.893+0000] {processor.py:161} INFO - Started process (PID=1283) to work on /opt/airflow/dags/exampledag.py
[2025-04-27T18:52:51.895+0000] {processor.py:830} INFO - Processing file /opt/airflow/dags/exampledag.py for tasks to queue
[2025-04-27T18:52:51.897+0000] {logging_mixin.py:188} INFO - [2025-04-27T18:52:51.896+0000] {dagbag.py:538} INFO - Filling up the DagBag from /opt/airflow/dags/exampledag.py
[2025-04-27T18:52:51.937+0000] {processor.py:840} INFO - DAG(s) 'chethan_test_dag' retrieved from /opt/airflow/dags/exampledag.py
[2025-04-27T18:52:51.977+0000] {logging_mixin.py:188} INFO - [2025-04-27T18:52:51.976+0000] {dag.py:3036} INFO - Sync 1 DAGs
[2025-04-27T18:52:52.027+0000] {logging_mixin.py:188} INFO - [2025-04-27T18:52:52.027+0000] {dag.py:3823} INFO - Setting next_dagrun for chethan_test_dag to 2025-04-26 00:00:00+00:00, run_after=2025-04-27 00:00:00+00:00
[2025-04-27T18:52:52.070+0000] {processor.py:183} INFO - Processing /opt/airflow/dags/exampledag.py took 0.180 seconds
[2025-04-27T18:53:22.512+0000] {processor.py:161} INFO - Started process (PID=1324) to work on /opt/airflow/dags/exampledag.py
[2025-04-27T18:53:22.516+0000] {processor.py:830} INFO - Processing file /opt/airflow/dags/exampledag.py for tasks to queue
[2025-04-27T18:53:22.519+0000] {logging_mixin.py:188} INFO - [2025-04-27T18:53:22.518+0000] {dagbag.py:538} INFO - Filling up the DagBag from /opt/airflow/dags/exampledag.py
[2025-04-27T18:53:22.586+0000] {processor.py:840} INFO - DAG(s) 'chethan_test_dag' retrieved from /opt/airflow/dags/exampledag.py
[2025-04-27T18:53:22.755+0000] {logging_mixin.py:188} INFO - [2025-04-27T18:53:22.754+0000] {dag.py:3036} INFO - Sync 1 DAGs
[2025-04-27T18:53:22.855+0000] {logging_mixin.py:188} INFO - [2025-04-27T18:53:22.855+0000] {dag.py:3823} INFO - Setting next_dagrun for chethan_test_dag to 2025-04-26 00:00:00+00:00, run_after=2025-04-27 00:00:00+00:00
[2025-04-27T18:53:22.925+0000] {processor.py:183} INFO - Processing /opt/airflow/dags/exampledag.py took 0.421 seconds
[2025-04-27T18:53:53.164+0000] {processor.py:161} INFO - Started process (PID=1363) to work on /opt/airflow/dags/exampledag.py
[2025-04-27T18:53:53.166+0000] {processor.py:830} INFO - Processing file /opt/airflow/dags/exampledag.py for tasks to queue
[2025-04-27T18:53:53.167+0000] {logging_mixin.py:188} INFO - [2025-04-27T18:53:53.167+0000] {dagbag.py:538} INFO - Filling up the DagBag from /opt/airflow/dags/exampledag.py
[2025-04-27T18:53:53.201+0000] {processor.py:840} INFO - DAG(s) 'chethan_test_dag' retrieved from /opt/airflow/dags/exampledag.py
[2025-04-27T18:53:53.243+0000] {logging_mixin.py:188} INFO - [2025-04-27T18:53:53.243+0000] {dag.py:3036} INFO - Sync 1 DAGs
[2025-04-27T18:53:53.269+0000] {logging_mixin.py:188} INFO - [2025-04-27T18:53:53.269+0000] {dag.py:3823} INFO - Setting next_dagrun for chethan_test_dag to 2025-04-26 00:00:00+00:00, run_after=2025-04-27 00:00:00+00:00
[2025-04-27T18:53:53.296+0000] {processor.py:183} INFO - Processing /opt/airflow/dags/exampledag.py took 0.135 seconds
[2025-04-27T18:54:24.327+0000] {processor.py:161} INFO - Started process (PID=1406) to work on /opt/airflow/dags/exampledag.py
[2025-04-27T18:54:24.335+0000] {processor.py:830} INFO - Processing file /opt/airflow/dags/exampledag.py for tasks to queue
[2025-04-27T18:54:24.338+0000] {logging_mixin.py:188} INFO - [2025-04-27T18:54:24.337+0000] {dagbag.py:538} INFO - Filling up the DagBag from /opt/airflow/dags/exampledag.py
[2025-04-27T18:54:24.385+0000] {processor.py:840} INFO - DAG(s) 'chethan_test_dag' retrieved from /opt/airflow/dags/exampledag.py
[2025-04-27T18:54:24.419+0000] {logging_mixin.py:188} INFO - [2025-04-27T18:54:24.419+0000] {dag.py:3036} INFO - Sync 1 DAGs
[2025-04-27T18:54:24.447+0000] {logging_mixin.py:188} INFO - [2025-04-27T18:54:24.447+0000] {dag.py:3823} INFO - Setting next_dagrun for chethan_test_dag to 2025-04-26 00:00:00+00:00, run_after=2025-04-27 00:00:00+00:00
[2025-04-27T18:54:24.481+0000] {processor.py:183} INFO - Processing /opt/airflow/dags/exampledag.py took 0.159 seconds
[2025-04-27T18:54:56.347+0000] {processor.py:161} INFO - Started process (PID=1449) to work on /opt/airflow/dags/exampledag.py
[2025-04-27T18:54:56.349+0000] {processor.py:830} INFO - Processing file /opt/airflow/dags/exampledag.py for tasks to queue
[2025-04-27T18:54:56.351+0000] {logging_mixin.py:188} INFO - [2025-04-27T18:54:56.350+0000] {dagbag.py:538} INFO - Filling up the DagBag from /opt/airflow/dags/exampledag.py
[2025-04-27T18:54:56.413+0000] {processor.py:840} INFO - DAG(s) 'chethan_test_dag' retrieved from /opt/airflow/dags/exampledag.py
[2025-04-27T18:54:56.466+0000] {logging_mixin.py:188} INFO - [2025-04-27T18:54:56.465+0000] {dag.py:3036} INFO - Sync 1 DAGs
[2025-04-27T18:54:56.504+0000] {logging_mixin.py:188} INFO - [2025-04-27T18:54:56.504+0000] {dag.py:3823} INFO - Setting next_dagrun for chethan_test_dag to 2025-04-26 00:00:00+00:00, run_after=2025-04-27 00:00:00+00:00
[2025-04-27T18:54:56.541+0000] {processor.py:183} INFO - Processing /opt/airflow/dags/exampledag.py took 0.198 seconds
[2025-04-27T18:55:26.895+0000] {processor.py:161} INFO - Started process (PID=1492) to work on /opt/airflow/dags/exampledag.py
[2025-04-27T18:55:26.896+0000] {processor.py:830} INFO - Processing file /opt/airflow/dags/exampledag.py for tasks to queue
[2025-04-27T18:55:26.898+0000] {logging_mixin.py:188} INFO - [2025-04-27T18:55:26.897+0000] {dagbag.py:538} INFO - Filling up the DagBag from /opt/airflow/dags/exampledag.py
[2025-04-27T18:55:26.929+0000] {processor.py:840} INFO - DAG(s) 'chethan_test_dag' retrieved from /opt/airflow/dags/exampledag.py
[2025-04-27T18:55:26.950+0000] {logging_mixin.py:188} INFO - [2025-04-27T18:55:26.949+0000] {dag.py:3036} INFO - Sync 1 DAGs
[2025-04-27T18:55:26.966+0000] {logging_mixin.py:188} INFO - [2025-04-27T18:55:26.966+0000] {dag.py:3823} INFO - Setting next_dagrun for chethan_test_dag to 2025-04-26 00:00:00+00:00, run_after=2025-04-27 00:00:00+00:00
[2025-04-27T18:55:26.981+0000] {processor.py:183} INFO - Processing /opt/airflow/dags/exampledag.py took 0.089 seconds
[2025-04-27T18:55:57.528+0000] {processor.py:161} INFO - Started process (PID=1535) to work on /opt/airflow/dags/exampledag.py
[2025-04-27T18:55:57.529+0000] {processor.py:830} INFO - Processing file /opt/airflow/dags/exampledag.py for tasks to queue
[2025-04-27T18:55:57.530+0000] {logging_mixin.py:188} INFO - [2025-04-27T18:55:57.530+0000] {dagbag.py:538} INFO - Filling up the DagBag from /opt/airflow/dags/exampledag.py
[2025-04-27T18:55:57.569+0000] {processor.py:840} INFO - DAG(s) 'chethan_test_dag' retrieved from /opt/airflow/dags/exampledag.py
[2025-04-27T18:55:57.590+0000] {logging_mixin.py:188} INFO - [2025-04-27T18:55:57.590+0000] {dag.py:3036} INFO - Sync 1 DAGs
[2025-04-27T18:55:57.607+0000] {logging_mixin.py:188} INFO - [2025-04-27T18:55:57.607+0000] {dag.py:3823} INFO - Setting next_dagrun for chethan_test_dag to 2025-04-26 00:00:00+00:00, run_after=2025-04-27 00:00:00+00:00
[2025-04-27T18:55:57.627+0000] {processor.py:183} INFO - Processing /opt/airflow/dags/exampledag.py took 0.102 seconds
[2025-04-27T18:56:28.255+0000] {processor.py:161} INFO - Started process (PID=1578) to work on /opt/airflow/dags/exampledag.py
[2025-04-27T18:56:28.256+0000] {processor.py:830} INFO - Processing file /opt/airflow/dags/exampledag.py for tasks to queue
[2025-04-27T18:56:28.257+0000] {logging_mixin.py:188} INFO - [2025-04-27T18:56:28.257+0000] {dagbag.py:538} INFO - Filling up the DagBag from /opt/airflow/dags/exampledag.py
[2025-04-27T18:56:28.288+0000] {processor.py:840} INFO - DAG(s) 'chethan_test_dag' retrieved from /opt/airflow/dags/exampledag.py
[2025-04-27T18:56:28.314+0000] {logging_mixin.py:188} INFO - [2025-04-27T18:56:28.314+0000] {dag.py:3036} INFO - Sync 1 DAGs
[2025-04-27T18:56:28.333+0000] {logging_mixin.py:188} INFO - [2025-04-27T18:56:28.333+0000] {dag.py:3823} INFO - Setting next_dagrun for chethan_test_dag to 2025-04-26 00:00:00+00:00, run_after=2025-04-27 00:00:00+00:00
[2025-04-27T18:56:28.352+0000] {processor.py:183} INFO - Processing /opt/airflow/dags/exampledag.py took 0.101 seconds
[2025-04-27T18:56:58.840+0000] {processor.py:161} INFO - Started process (PID=1621) to work on /opt/airflow/dags/exampledag.py
[2025-04-27T18:56:58.842+0000] {processor.py:830} INFO - Processing file /opt/airflow/dags/exampledag.py for tasks to queue
[2025-04-27T18:56:58.843+0000] {logging_mixin.py:188} INFO - [2025-04-27T18:56:58.842+0000] {dagbag.py:538} INFO - Filling up the DagBag from /opt/airflow/dags/exampledag.py
[2025-04-27T18:56:58.870+0000] {processor.py:840} INFO - DAG(s) 'chethan_test_dag' retrieved from /opt/airflow/dags/exampledag.py
[2025-04-27T18:56:58.890+0000] {logging_mixin.py:188} INFO - [2025-04-27T18:56:58.890+0000] {dag.py:3036} INFO - Sync 1 DAGs
[2025-04-27T18:56:58.908+0000] {logging_mixin.py:188} INFO - [2025-04-27T18:56:58.908+0000] {dag.py:3823} INFO - Setting next_dagrun for chethan_test_dag to 2025-04-26 00:00:00+00:00, run_after=2025-04-27 00:00:00+00:00
[2025-04-27T18:56:58.925+0000] {processor.py:183} INFO - Processing /opt/airflow/dags/exampledag.py took 0.087 seconds
[2025-04-27T18:57:29.438+0000] {processor.py:161} INFO - Started process (PID=1664) to work on /opt/airflow/dags/exampledag.py
[2025-04-27T18:57:29.439+0000] {processor.py:830} INFO - Processing file /opt/airflow/dags/exampledag.py for tasks to queue
[2025-04-27T18:57:29.440+0000] {logging_mixin.py:188} INFO - [2025-04-27T18:57:29.440+0000] {dagbag.py:538} INFO - Filling up the DagBag from /opt/airflow/dags/exampledag.py
[2025-04-27T18:57:29.481+0000] {processor.py:840} INFO - DAG(s) 'chethan_test_dag' retrieved from /opt/airflow/dags/exampledag.py
[2025-04-27T18:57:29.502+0000] {logging_mixin.py:188} INFO - [2025-04-27T18:57:29.501+0000] {dag.py:3036} INFO - Sync 1 DAGs
[2025-04-27T18:57:29.572+0000] {logging_mixin.py:188} INFO - [2025-04-27T18:57:29.571+0000] {dag.py:3823} INFO - Setting next_dagrun for chethan_test_dag to 2025-04-26 00:00:00+00:00, run_after=2025-04-27 00:00:00+00:00
[2025-04-27T18:57:29.607+0000] {processor.py:183} INFO - Processing /opt/airflow/dags/exampledag.py took 0.172 seconds
[2025-04-27T18:58:00.232+0000] {processor.py:161} INFO - Started process (PID=1707) to work on /opt/airflow/dags/exampledag.py
[2025-04-27T18:58:00.233+0000] {processor.py:830} INFO - Processing file /opt/airflow/dags/exampledag.py for tasks to queue
[2025-04-27T18:58:00.235+0000] {logging_mixin.py:188} INFO - [2025-04-27T18:58:00.235+0000] {dagbag.py:538} INFO - Filling up the DagBag from /opt/airflow/dags/exampledag.py
[2025-04-27T18:58:00.270+0000] {processor.py:840} INFO - DAG(s) 'chethan_test_dag' retrieved from /opt/airflow/dags/exampledag.py
[2025-04-27T18:58:00.326+0000] {logging_mixin.py:188} INFO - [2025-04-27T18:58:00.325+0000] {dag.py:3036} INFO - Sync 1 DAGs
[2025-04-27T18:58:00.355+0000] {logging_mixin.py:188} INFO - [2025-04-27T18:58:00.355+0000] {dag.py:3823} INFO - Setting next_dagrun for chethan_test_dag to 2025-04-26 00:00:00+00:00, run_after=2025-04-27 00:00:00+00:00
[2025-04-27T18:58:00.375+0000] {processor.py:183} INFO - Processing /opt/airflow/dags/exampledag.py took 0.150 seconds
[2025-04-27T18:58:31.048+0000] {processor.py:161} INFO - Started process (PID=1750) to work on /opt/airflow/dags/exampledag.py
[2025-04-27T18:58:31.049+0000] {processor.py:830} INFO - Processing file /opt/airflow/dags/exampledag.py for tasks to queue
[2025-04-27T18:58:31.050+0000] {logging_mixin.py:188} INFO - [2025-04-27T18:58:31.050+0000] {dagbag.py:538} INFO - Filling up the DagBag from /opt/airflow/dags/exampledag.py
[2025-04-27T18:58:31.106+0000] {processor.py:840} INFO - DAG(s) 'chethan_test_dag' retrieved from /opt/airflow/dags/exampledag.py
[2025-04-27T18:58:31.205+0000] {logging_mixin.py:188} INFO - [2025-04-27T18:58:31.205+0000] {dag.py:3036} INFO - Sync 1 DAGs
[2025-04-27T18:58:31.237+0000] {logging_mixin.py:188} INFO - [2025-04-27T18:58:31.236+0000] {dag.py:3823} INFO - Setting next_dagrun for chethan_test_dag to 2025-04-26 00:00:00+00:00, run_after=2025-04-27 00:00:00+00:00
[2025-04-27T18:58:31.271+0000] {processor.py:183} INFO - Processing /opt/airflow/dags/exampledag.py took 0.227 seconds
[2025-04-27T18:59:02.370+0000] {processor.py:161} INFO - Started process (PID=1793) to work on /opt/airflow/dags/exampledag.py
[2025-04-27T18:59:02.371+0000] {processor.py:830} INFO - Processing file /opt/airflow/dags/exampledag.py for tasks to queue
[2025-04-27T18:59:02.374+0000] {logging_mixin.py:188} INFO - [2025-04-27T18:59:02.373+0000] {dagbag.py:538} INFO - Filling up the DagBag from /opt/airflow/dags/exampledag.py
[2025-04-27T18:59:02.420+0000] {processor.py:840} INFO - DAG(s) 'chethan_test_dag' retrieved from /opt/airflow/dags/exampledag.py
[2025-04-27T18:59:02.532+0000] {logging_mixin.py:188} INFO - [2025-04-27T18:59:02.532+0000] {dag.py:3036} INFO - Sync 1 DAGs
[2025-04-27T18:59:02.568+0000] {logging_mixin.py:188} INFO - [2025-04-27T18:59:02.568+0000] {dag.py:3823} INFO - Setting next_dagrun for chethan_test_dag to 2025-04-26 00:00:00+00:00, run_after=2025-04-27 00:00:00+00:00
[2025-04-27T18:59:02.603+0000] {processor.py:183} INFO - Processing /opt/airflow/dags/exampledag.py took 0.237 seconds
[2025-04-27T18:59:33.819+0000] {processor.py:161} INFO - Started process (PID=1836) to work on /opt/airflow/dags/exampledag.py
[2025-04-27T18:59:33.820+0000] {processor.py:830} INFO - Processing file /opt/airflow/dags/exampledag.py for tasks to queue
[2025-04-27T18:59:33.821+0000] {logging_mixin.py:188} INFO - [2025-04-27T18:59:33.821+0000] {dagbag.py:538} INFO - Filling up the DagBag from /opt/airflow/dags/exampledag.py
[2025-04-27T18:59:33.884+0000] {processor.py:840} INFO - DAG(s) 'chethan_test_dag' retrieved from /opt/airflow/dags/exampledag.py
[2025-04-27T18:59:33.934+0000] {logging_mixin.py:188} INFO - [2025-04-27T18:59:33.933+0000] {dag.py:3036} INFO - Sync 1 DAGs
[2025-04-27T18:59:33.968+0000] {logging_mixin.py:188} INFO - [2025-04-27T18:59:33.968+0000] {dag.py:3823} INFO - Setting next_dagrun for chethan_test_dag to 2025-04-26 00:00:00+00:00, run_after=2025-04-27 00:00:00+00:00
[2025-04-27T18:59:33.996+0000] {processor.py:183} INFO - Processing /opt/airflow/dags/exampledag.py took 0.180 seconds
[2025-04-27T19:00:04.569+0000] {processor.py:161} INFO - Started process (PID=1879) to work on /opt/airflow/dags/exampledag.py
[2025-04-27T19:00:04.571+0000] {processor.py:830} INFO - Processing file /opt/airflow/dags/exampledag.py for tasks to queue
[2025-04-27T19:00:04.573+0000] {logging_mixin.py:188} INFO - [2025-04-27T19:00:04.572+0000] {dagbag.py:538} INFO - Filling up the DagBag from /opt/airflow/dags/exampledag.py
[2025-04-27T19:00:04.618+0000] {processor.py:840} INFO - DAG(s) 'chethan_test_dag' retrieved from /opt/airflow/dags/exampledag.py
[2025-04-27T19:00:04.644+0000] {logging_mixin.py:188} INFO - [2025-04-27T19:00:04.644+0000] {dag.py:3036} INFO - Sync 1 DAGs
[2025-04-27T19:00:04.663+0000] {logging_mixin.py:188} INFO - [2025-04-27T19:00:04.663+0000] {dag.py:3823} INFO - Setting next_dagrun for chethan_test_dag to 2025-04-26 00:00:00+00:00, run_after=2025-04-27 00:00:00+00:00
[2025-04-27T19:00:04.682+0000] {processor.py:183} INFO - Processing /opt/airflow/dags/exampledag.py took 0.116 seconds
[2025-04-27T19:00:35.519+0000] {processor.py:161} INFO - Started process (PID=1922) to work on /opt/airflow/dags/exampledag.py
[2025-04-27T19:00:35.521+0000] {processor.py:830} INFO - Processing file /opt/airflow/dags/exampledag.py for tasks to queue
[2025-04-27T19:00:35.522+0000] {logging_mixin.py:188} INFO - [2025-04-27T19:00:35.522+0000] {dagbag.py:538} INFO - Filling up the DagBag from /opt/airflow/dags/exampledag.py
[2025-04-27T19:00:35.622+0000] {processor.py:840} INFO - DAG(s) 'chethan_test_dag' retrieved from /opt/airflow/dags/exampledag.py
[2025-04-27T19:00:35.652+0000] {logging_mixin.py:188} INFO - [2025-04-27T19:00:35.652+0000] {dag.py:3036} INFO - Sync 1 DAGs
[2025-04-27T19:00:35.670+0000] {logging_mixin.py:188} INFO - [2025-04-27T19:00:35.670+0000] {dag.py:3823} INFO - Setting next_dagrun for chethan_test_dag to 2025-04-26 00:00:00+00:00, run_after=2025-04-27 00:00:00+00:00
[2025-04-27T19:00:35.688+0000] {processor.py:183} INFO - Processing /opt/airflow/dags/exampledag.py took 0.173 seconds
[2025-04-27T19:01:06.218+0000] {processor.py:161} INFO - Started process (PID=1965) to work on /opt/airflow/dags/exampledag.py
[2025-04-27T19:01:06.221+0000] {processor.py:830} INFO - Processing file /opt/airflow/dags/exampledag.py for tasks to queue
[2025-04-27T19:01:06.223+0000] {logging_mixin.py:188} INFO - [2025-04-27T19:01:06.222+0000] {dagbag.py:538} INFO - Filling up the DagBag from /opt/airflow/dags/exampledag.py
[2025-04-27T19:01:06.260+0000] {processor.py:840} INFO - DAG(s) 'chethan_test_dag' retrieved from /opt/airflow/dags/exampledag.py
[2025-04-27T19:01:06.291+0000] {logging_mixin.py:188} INFO - [2025-04-27T19:01:06.291+0000] {dag.py:3036} INFO - Sync 1 DAGs
[2025-04-27T19:01:06.318+0000] {logging_mixin.py:188} INFO - [2025-04-27T19:01:06.318+0000] {dag.py:3823} INFO - Setting next_dagrun for chethan_test_dag to 2025-04-26 00:00:00+00:00, run_after=2025-04-27 00:00:00+00:00
[2025-04-27T19:01:06.346+0000] {processor.py:183} INFO - Processing /opt/airflow/dags/exampledag.py took 0.132 seconds
[2025-04-27T19:01:37.710+0000] {processor.py:161} INFO - Started process (PID=2006) to work on /opt/airflow/dags/exampledag.py
[2025-04-27T19:01:37.712+0000] {processor.py:830} INFO - Processing file /opt/airflow/dags/exampledag.py for tasks to queue
[2025-04-27T19:01:37.715+0000] {logging_mixin.py:188} INFO - [2025-04-27T19:01:37.714+0000] {dagbag.py:538} INFO - Filling up the DagBag from /opt/airflow/dags/exampledag.py
[2025-04-27T19:01:37.760+0000] {processor.py:840} INFO - DAG(s) 'chethan_test_dag' retrieved from /opt/airflow/dags/exampledag.py
[2025-04-27T19:01:37.847+0000] {logging_mixin.py:188} INFO - [2025-04-27T19:01:37.847+0000] {dag.py:3036} INFO - Sync 1 DAGs
[2025-04-27T19:01:37.900+0000] {logging_mixin.py:188} INFO - [2025-04-27T19:01:37.900+0000] {dag.py:3823} INFO - Setting next_dagrun for chethan_test_dag to 2025-04-26 00:00:00+00:00, run_after=2025-04-27 00:00:00+00:00
[2025-04-27T19:01:37.938+0000] {processor.py:183} INFO - Processing /opt/airflow/dags/exampledag.py took 0.258 seconds
[2025-04-27T19:02:08.187+0000] {processor.py:161} INFO - Started process (PID=2048) to work on /opt/airflow/dags/exampledag.py
[2025-04-27T19:02:08.188+0000] {processor.py:830} INFO - Processing file /opt/airflow/dags/exampledag.py for tasks to queue
[2025-04-27T19:02:08.190+0000] {logging_mixin.py:188} INFO - [2025-04-27T19:02:08.190+0000] {dagbag.py:538} INFO - Filling up the DagBag from /opt/airflow/dags/exampledag.py
[2025-04-27T19:02:08.213+0000] {processor.py:840} INFO - DAG(s) 'chethan_test_dag' retrieved from /opt/airflow/dags/exampledag.py
[2025-04-27T19:02:08.239+0000] {logging_mixin.py:188} INFO - [2025-04-27T19:02:08.239+0000] {dag.py:3036} INFO - Sync 1 DAGs
[2025-04-27T19:02:08.260+0000] {logging_mixin.py:188} INFO - [2025-04-27T19:02:08.260+0000] {dag.py:3823} INFO - Setting next_dagrun for chethan_test_dag to 2025-04-26 00:00:00+00:00, run_after=2025-04-27 00:00:00+00:00
[2025-04-27T19:02:08.280+0000] {processor.py:183} INFO - Processing /opt/airflow/dags/exampledag.py took 0.096 seconds
[2025-04-27T19:02:38.480+0000] {processor.py:161} INFO - Started process (PID=2085) to work on /opt/airflow/dags/exampledag.py
[2025-04-27T19:02:38.483+0000] {processor.py:830} INFO - Processing file /opt/airflow/dags/exampledag.py for tasks to queue
[2025-04-27T19:02:38.484+0000] {logging_mixin.py:188} INFO - [2025-04-27T19:02:38.484+0000] {dagbag.py:538} INFO - Filling up the DagBag from /opt/airflow/dags/exampledag.py
[2025-04-27T19:02:38.533+0000] {processor.py:840} INFO - DAG(s) 'chethan_test_dag' retrieved from /opt/airflow/dags/exampledag.py
[2025-04-27T19:02:38.591+0000] {logging_mixin.py:188} INFO - [2025-04-27T19:02:38.590+0000] {dag.py:3036} INFO - Sync 1 DAGs
[2025-04-27T19:02:38.700+0000] {logging_mixin.py:188} INFO - [2025-04-27T19:02:38.700+0000] {dag.py:3823} INFO - Setting next_dagrun for chethan_test_dag to 2025-04-26 00:00:00+00:00, run_after=2025-04-27 00:00:00+00:00
[2025-04-27T19:02:38.840+0000] {processor.py:183} INFO - Processing /opt/airflow/dags/exampledag.py took 0.365 seconds
[2025-04-27T19:03:09.372+0000] {processor.py:161} INFO - Started process (PID=2125) to work on /opt/airflow/dags/exampledag.py
[2025-04-27T19:03:09.375+0000] {processor.py:830} INFO - Processing file /opt/airflow/dags/exampledag.py for tasks to queue
[2025-04-27T19:03:09.384+0000] {logging_mixin.py:188} INFO - [2025-04-27T19:03:09.381+0000] {dagbag.py:538} INFO - Filling up the DagBag from /opt/airflow/dags/exampledag.py
[2025-04-27T19:03:09.477+0000] {processor.py:840} INFO - DAG(s) 'chethan_test_dag' retrieved from /opt/airflow/dags/exampledag.py
[2025-04-27T19:03:09.576+0000] {logging_mixin.py:188} INFO - [2025-04-27T19:03:09.575+0000] {dag.py:3036} INFO - Sync 1 DAGs
[2025-04-27T19:03:09.676+0000] {logging_mixin.py:188} INFO - [2025-04-27T19:03:09.676+0000] {dag.py:3823} INFO - Setting next_dagrun for chethan_test_dag to 2025-04-26 00:00:00+00:00, run_after=2025-04-27 00:00:00+00:00
[2025-04-27T19:03:09.721+0000] {processor.py:183} INFO - Processing /opt/airflow/dags/exampledag.py took 0.370 seconds
[2025-04-27T19:03:40.677+0000] {processor.py:161} INFO - Started process (PID=2168) to work on /opt/airflow/dags/exampledag.py
[2025-04-27T19:03:40.679+0000] {processor.py:830} INFO - Processing file /opt/airflow/dags/exampledag.py for tasks to queue
[2025-04-27T19:03:40.681+0000] {logging_mixin.py:188} INFO - [2025-04-27T19:03:40.681+0000] {dagbag.py:538} INFO - Filling up the DagBag from /opt/airflow/dags/exampledag.py
[2025-04-27T19:03:40.724+0000] {processor.py:840} INFO - DAG(s) 'chethan_test_dag' retrieved from /opt/airflow/dags/exampledag.py
[2025-04-27T19:03:40.781+0000] {logging_mixin.py:188} INFO - [2025-04-27T19:03:40.780+0000] {dag.py:3036} INFO - Sync 1 DAGs
[2025-04-27T19:03:40.822+0000] {logging_mixin.py:188} INFO - [2025-04-27T19:03:40.822+0000] {dag.py:3823} INFO - Setting next_dagrun for chethan_test_dag to 2025-04-26 00:00:00+00:00, run_after=2025-04-27 00:00:00+00:00
[2025-04-27T19:03:40.861+0000] {processor.py:183} INFO - Processing /opt/airflow/dags/exampledag.py took 0.189 seconds
[2025-04-27T19:04:11.026+0000] {processor.py:161} INFO - Started process (PID=2211) to work on /opt/airflow/dags/exampledag.py
[2025-04-27T19:04:11.027+0000] {processor.py:830} INFO - Processing file /opt/airflow/dags/exampledag.py for tasks to queue
[2025-04-27T19:04:11.029+0000] {logging_mixin.py:188} INFO - [2025-04-27T19:04:11.029+0000] {dagbag.py:538} INFO - Filling up the DagBag from /opt/airflow/dags/exampledag.py
[2025-04-27T19:04:11.081+0000] {processor.py:840} INFO - DAG(s) 'chethan_test_dag' retrieved from /opt/airflow/dags/exampledag.py
[2025-04-27T19:04:11.143+0000] {logging_mixin.py:188} INFO - [2025-04-27T19:04:11.142+0000] {dag.py:3036} INFO - Sync 1 DAGs
[2025-04-27T19:04:11.167+0000] {logging_mixin.py:188} INFO - [2025-04-27T19:04:11.167+0000] {dag.py:3823} INFO - Setting next_dagrun for chethan_test_dag to 2025-04-26 00:00:00+00:00, run_after=2025-04-27 00:00:00+00:00
[2025-04-27T19:04:11.195+0000] {processor.py:183} INFO - Processing /opt/airflow/dags/exampledag.py took 0.174 seconds
[2025-04-27T19:04:41.503+0000] {processor.py:161} INFO - Started process (PID=2254) to work on /opt/airflow/dags/exampledag.py
[2025-04-27T19:04:41.504+0000] {processor.py:830} INFO - Processing file /opt/airflow/dags/exampledag.py for tasks to queue
[2025-04-27T19:04:41.507+0000] {logging_mixin.py:188} INFO - [2025-04-27T19:04:41.506+0000] {dagbag.py:538} INFO - Filling up the DagBag from /opt/airflow/dags/exampledag.py
[2025-04-27T19:04:41.543+0000] {processor.py:840} INFO - DAG(s) 'chethan_test_dag' retrieved from /opt/airflow/dags/exampledag.py
[2025-04-27T19:04:41.581+0000] {logging_mixin.py:188} INFO - [2025-04-27T19:04:41.581+0000] {dag.py:3036} INFO - Sync 1 DAGs
[2025-04-27T19:04:41.612+0000] {logging_mixin.py:188} INFO - [2025-04-27T19:04:41.612+0000] {dag.py:3823} INFO - Setting next_dagrun for chethan_test_dag to 2025-04-26 00:00:00+00:00, run_after=2025-04-27 00:00:00+00:00
[2025-04-27T19:04:41.640+0000] {processor.py:183} INFO - Processing /opt/airflow/dags/exampledag.py took 0.142 seconds
[2025-04-27T19:05:12.183+0000] {processor.py:161} INFO - Started process (PID=2297) to work on /opt/airflow/dags/exampledag.py
[2025-04-27T19:05:12.186+0000] {processor.py:830} INFO - Processing file /opt/airflow/dags/exampledag.py for tasks to queue
[2025-04-27T19:05:12.187+0000] {logging_mixin.py:188} INFO - [2025-04-27T19:05:12.187+0000] {dagbag.py:538} INFO - Filling up the DagBag from /opt/airflow/dags/exampledag.py
[2025-04-27T19:05:12.228+0000] {processor.py:840} INFO - DAG(s) 'chethan_test_dag' retrieved from /opt/airflow/dags/exampledag.py
[2025-04-27T19:05:12.272+0000] {logging_mixin.py:188} INFO - [2025-04-27T19:05:12.271+0000] {dag.py:3036} INFO - Sync 1 DAGs
[2025-04-27T19:05:12.300+0000] {logging_mixin.py:188} INFO - [2025-04-27T19:05:12.300+0000] {dag.py:3823} INFO - Setting next_dagrun for chethan_test_dag to 2025-04-26 00:00:00+00:00, run_after=2025-04-27 00:00:00+00:00
[2025-04-27T19:05:12.325+0000] {processor.py:183} INFO - Processing /opt/airflow/dags/exampledag.py took 0.146 seconds
[2025-04-27T19:05:42.410+0000] {processor.py:161} INFO - Started process (PID=2340) to work on /opt/airflow/dags/exampledag.py
[2025-04-27T19:05:42.411+0000] {processor.py:830} INFO - Processing file /opt/airflow/dags/exampledag.py for tasks to queue
[2025-04-27T19:05:42.413+0000] {logging_mixin.py:188} INFO - [2025-04-27T19:05:42.412+0000] {dagbag.py:538} INFO - Filling up the DagBag from /opt/airflow/dags/exampledag.py
[2025-04-27T19:05:42.442+0000] {processor.py:840} INFO - DAG(s) 'chethan_test_dag' retrieved from /opt/airflow/dags/exampledag.py
[2025-04-27T19:05:42.471+0000] {logging_mixin.py:188} INFO - [2025-04-27T19:05:42.470+0000] {dag.py:3036} INFO - Sync 1 DAGs
[2025-04-27T19:05:42.496+0000] {logging_mixin.py:188} INFO - [2025-04-27T19:05:42.496+0000] {dag.py:3823} INFO - Setting next_dagrun for chethan_test_dag to 2025-04-26 00:00:00+00:00, run_after=2025-04-27 00:00:00+00:00
[2025-04-27T19:05:42.526+0000] {processor.py:183} INFO - Processing /opt/airflow/dags/exampledag.py took 0.121 seconds
[2025-04-27T19:06:12.672+0000] {processor.py:161} INFO - Started process (PID=2383) to work on /opt/airflow/dags/exampledag.py
[2025-04-27T19:06:12.673+0000] {processor.py:830} INFO - Processing file /opt/airflow/dags/exampledag.py for tasks to queue
[2025-04-27T19:06:12.675+0000] {logging_mixin.py:188} INFO - [2025-04-27T19:06:12.674+0000] {dagbag.py:538} INFO - Filling up the DagBag from /opt/airflow/dags/exampledag.py
[2025-04-27T19:06:12.714+0000] {processor.py:840} INFO - DAG(s) 'chethan_test_dag' retrieved from /opt/airflow/dags/exampledag.py
[2025-04-27T19:06:12.752+0000] {logging_mixin.py:188} INFO - [2025-04-27T19:06:12.751+0000] {dag.py:3036} INFO - Sync 1 DAGs
[2025-04-27T19:06:12.783+0000] {logging_mixin.py:188} INFO - [2025-04-27T19:06:12.783+0000] {dag.py:3823} INFO - Setting next_dagrun for chethan_test_dag to 2025-04-26 00:00:00+00:00, run_after=2025-04-27 00:00:00+00:00
[2025-04-27T19:06:12.808+0000] {processor.py:183} INFO - Processing /opt/airflow/dags/exampledag.py took 0.140 seconds
[2025-04-27T19:06:42.899+0000] {processor.py:161} INFO - Started process (PID=2426) to work on /opt/airflow/dags/exampledag.py
[2025-04-27T19:06:42.901+0000] {processor.py:830} INFO - Processing file /opt/airflow/dags/exampledag.py for tasks to queue
[2025-04-27T19:06:42.902+0000] {logging_mixin.py:188} INFO - [2025-04-27T19:06:42.902+0000] {dagbag.py:538} INFO - Filling up the DagBag from /opt/airflow/dags/exampledag.py
[2025-04-27T19:06:42.937+0000] {processor.py:840} INFO - DAG(s) 'chethan_test_dag' retrieved from /opt/airflow/dags/exampledag.py
[2025-04-27T19:06:42.977+0000] {logging_mixin.py:188} INFO - [2025-04-27T19:06:42.976+0000] {dag.py:3036} INFO - Sync 1 DAGs
[2025-04-27T19:06:43.005+0000] {logging_mixin.py:188} INFO - [2025-04-27T19:06:43.005+0000] {dag.py:3823} INFO - Setting next_dagrun for chethan_test_dag to 2025-04-26 00:00:00+00:00, run_after=2025-04-27 00:00:00+00:00
[2025-04-27T19:06:43.041+0000] {processor.py:183} INFO - Processing /opt/airflow/dags/exampledag.py took 0.145 seconds
[2025-04-27T19:07:13.440+0000] {processor.py:161} INFO - Started process (PID=2469) to work on /opt/airflow/dags/exampledag.py
[2025-04-27T19:07:13.441+0000] {processor.py:830} INFO - Processing file /opt/airflow/dags/exampledag.py for tasks to queue
[2025-04-27T19:07:13.442+0000] {logging_mixin.py:188} INFO - [2025-04-27T19:07:13.441+0000] {dagbag.py:538} INFO - Filling up the DagBag from /opt/airflow/dags/exampledag.py
[2025-04-27T19:07:13.466+0000] {processor.py:840} INFO - DAG(s) 'chethan_test_dag' retrieved from /opt/airflow/dags/exampledag.py
[2025-04-27T19:07:13.486+0000] {logging_mixin.py:188} INFO - [2025-04-27T19:07:13.486+0000] {dag.py:3036} INFO - Sync 1 DAGs
[2025-04-27T19:07:13.504+0000] {logging_mixin.py:188} INFO - [2025-04-27T19:07:13.504+0000] {dag.py:3823} INFO - Setting next_dagrun for chethan_test_dag to 2025-04-26 00:00:00+00:00, run_after=2025-04-27 00:00:00+00:00
[2025-04-27T19:07:13.521+0000] {processor.py:183} INFO - Processing /opt/airflow/dags/exampledag.py took 0.084 seconds
[2025-04-27T19:07:43.750+0000] {processor.py:161} INFO - Started process (PID=2512) to work on /opt/airflow/dags/exampledag.py
[2025-04-27T19:07:43.751+0000] {processor.py:830} INFO - Processing file /opt/airflow/dags/exampledag.py for tasks to queue
[2025-04-27T19:07:43.752+0000] {logging_mixin.py:188} INFO - [2025-04-27T19:07:43.752+0000] {dagbag.py:538} INFO - Filling up the DagBag from /opt/airflow/dags/exampledag.py
[2025-04-27T19:07:43.779+0000] {processor.py:840} INFO - DAG(s) 'chethan_test_dag' retrieved from /opt/airflow/dags/exampledag.py
[2025-04-27T19:07:43.797+0000] {logging_mixin.py:188} INFO - [2025-04-27T19:07:43.797+0000] {dag.py:3036} INFO - Sync 1 DAGs
[2025-04-27T19:07:43.813+0000] {logging_mixin.py:188} INFO - [2025-04-27T19:07:43.813+0000] {dag.py:3823} INFO - Setting next_dagrun for chethan_test_dag to 2025-04-26 00:00:00+00:00, run_after=2025-04-27 00:00:00+00:00
[2025-04-27T19:07:43.828+0000] {processor.py:183} INFO - Processing /opt/airflow/dags/exampledag.py took 0.081 seconds
[2025-04-27T19:08:14.256+0000] {processor.py:161} INFO - Started process (PID=2555) to work on /opt/airflow/dags/exampledag.py
[2025-04-27T19:08:14.259+0000] {processor.py:830} INFO - Processing file /opt/airflow/dags/exampledag.py for tasks to queue
[2025-04-27T19:08:14.262+0000] {logging_mixin.py:188} INFO - [2025-04-27T19:08:14.260+0000] {dagbag.py:538} INFO - Filling up the DagBag from /opt/airflow/dags/exampledag.py
[2025-04-27T19:08:14.311+0000] {processor.py:840} INFO - DAG(s) 'chethan_test_dag' retrieved from /opt/airflow/dags/exampledag.py
[2025-04-27T19:08:14.359+0000] {logging_mixin.py:188} INFO - [2025-04-27T19:08:14.358+0000] {dag.py:3036} INFO - Sync 1 DAGs
[2025-04-27T19:08:14.397+0000] {logging_mixin.py:188} INFO - [2025-04-27T19:08:14.396+0000] {dag.py:3823} INFO - Setting next_dagrun for chethan_test_dag to 2025-04-26 00:00:00+00:00, run_after=2025-04-27 00:00:00+00:00
[2025-04-27T19:08:14.474+0000] {processor.py:183} INFO - Processing /opt/airflow/dags/exampledag.py took 0.224 seconds
[2025-04-27T19:08:51.103+0000] {processor.py:161} INFO - Started process (PID=205) to work on /opt/airflow/dags/exampledag.py
[2025-04-27T19:08:51.105+0000] {processor.py:830} INFO - Processing file /opt/airflow/dags/exampledag.py for tasks to queue
[2025-04-27T19:08:51.106+0000] {logging_mixin.py:188} INFO - [2025-04-27T19:08:51.106+0000] {dagbag.py:538} INFO - Filling up the DagBag from /opt/airflow/dags/exampledag.py
[2025-04-27T19:08:51.145+0000] {processor.py:840} INFO - DAG(s) 'chethan_test_dag' retrieved from /opt/airflow/dags/exampledag.py
[2025-04-27T19:08:51.167+0000] {logging_mixin.py:188} INFO - [2025-04-27T19:08:51.167+0000] {dag.py:3036} INFO - Sync 1 DAGs
[2025-04-27T19:08:51.197+0000] {logging_mixin.py:188} INFO - [2025-04-27T19:08:51.197+0000] {dag.py:3823} INFO - Setting next_dagrun for chethan_test_dag to 2025-04-26 00:00:00+00:00, run_after=2025-04-27 00:00:00+00:00
[2025-04-27T19:08:51.226+0000] {processor.py:183} INFO - Processing /opt/airflow/dags/exampledag.py took 0.127 seconds
[2025-04-27T19:09:21.802+0000] {processor.py:161} INFO - Started process (PID=246) to work on /opt/airflow/dags/exampledag.py
[2025-04-27T19:09:21.803+0000] {processor.py:830} INFO - Processing file /opt/airflow/dags/exampledag.py for tasks to queue
[2025-04-27T19:09:21.804+0000] {logging_mixin.py:188} INFO - [2025-04-27T19:09:21.804+0000] {dagbag.py:538} INFO - Filling up the DagBag from /opt/airflow/dags/exampledag.py
[2025-04-27T19:09:21.833+0000] {processor.py:840} INFO - DAG(s) 'chethan_test_dag' retrieved from /opt/airflow/dags/exampledag.py
[2025-04-27T19:09:21.942+0000] {logging_mixin.py:188} INFO - [2025-04-27T19:09:21.942+0000] {dag.py:3036} INFO - Sync 1 DAGs
[2025-04-27T19:09:21.967+0000] {logging_mixin.py:188} INFO - [2025-04-27T19:09:21.967+0000] {dag.py:3823} INFO - Setting next_dagrun for chethan_test_dag to 2025-04-26 00:00:00+00:00, run_after=2025-04-27 00:00:00+00:00
[2025-04-27T19:09:21.993+0000] {processor.py:183} INFO - Processing /opt/airflow/dags/exampledag.py took 0.194 seconds
[2025-04-27T19:09:52.461+0000] {processor.py:161} INFO - Started process (PID=289) to work on /opt/airflow/dags/exampledag.py
[2025-04-27T19:09:52.462+0000] {processor.py:830} INFO - Processing file /opt/airflow/dags/exampledag.py for tasks to queue
[2025-04-27T19:09:52.464+0000] {logging_mixin.py:188} INFO - [2025-04-27T19:09:52.464+0000] {dagbag.py:538} INFO - Filling up the DagBag from /opt/airflow/dags/exampledag.py
[2025-04-27T19:09:52.498+0000] {processor.py:840} INFO - DAG(s) 'chethan_test_dag' retrieved from /opt/airflow/dags/exampledag.py
[2025-04-27T19:09:52.520+0000] {logging_mixin.py:188} INFO - [2025-04-27T19:09:52.520+0000] {dag.py:3036} INFO - Sync 1 DAGs
[2025-04-27T19:09:52.542+0000] {logging_mixin.py:188} INFO - [2025-04-27T19:09:52.541+0000] {dag.py:3823} INFO - Setting next_dagrun for chethan_test_dag to 2025-04-26 00:00:00+00:00, run_after=2025-04-27 00:00:00+00:00
[2025-04-27T19:09:52.568+0000] {processor.py:183} INFO - Processing /opt/airflow/dags/exampledag.py took 0.110 seconds
[2025-04-27T19:10:23.124+0000] {processor.py:161} INFO - Started process (PID=332) to work on /opt/airflow/dags/exampledag.py
[2025-04-27T19:10:23.125+0000] {processor.py:830} INFO - Processing file /opt/airflow/dags/exampledag.py for tasks to queue
[2025-04-27T19:10:23.127+0000] {logging_mixin.py:188} INFO - [2025-04-27T19:10:23.127+0000] {dagbag.py:538} INFO - Filling up the DagBag from /opt/airflow/dags/exampledag.py
[2025-04-27T19:10:23.171+0000] {processor.py:840} INFO - DAG(s) 'chethan_test_dag' retrieved from /opt/airflow/dags/exampledag.py
[2025-04-27T19:10:23.219+0000] {logging_mixin.py:188} INFO - [2025-04-27T19:10:23.219+0000] {dag.py:3036} INFO - Sync 1 DAGs
[2025-04-27T19:10:23.260+0000] {logging_mixin.py:188} INFO - [2025-04-27T19:10:23.259+0000] {dag.py:3823} INFO - Setting next_dagrun for chethan_test_dag to 2025-04-26 00:00:00+00:00, run_after=2025-04-27 00:00:00+00:00
[2025-04-27T19:10:23.294+0000] {processor.py:183} INFO - Processing /opt/airflow/dags/exampledag.py took 0.174 seconds
[2025-04-27T19:10:53.818+0000] {processor.py:161} INFO - Started process (PID=375) to work on /opt/airflow/dags/exampledag.py
[2025-04-27T19:10:53.819+0000] {processor.py:830} INFO - Processing file /opt/airflow/dags/exampledag.py for tasks to queue
[2025-04-27T19:10:53.821+0000] {logging_mixin.py:188} INFO - [2025-04-27T19:10:53.820+0000] {dagbag.py:538} INFO - Filling up the DagBag from /opt/airflow/dags/exampledag.py
[2025-04-27T19:10:53.852+0000] {processor.py:840} INFO - DAG(s) 'chethan_test_dag' retrieved from /opt/airflow/dags/exampledag.py
[2025-04-27T19:10:53.878+0000] {logging_mixin.py:188} INFO - [2025-04-27T19:10:53.878+0000] {dag.py:3036} INFO - Sync 1 DAGs
[2025-04-27T19:10:53.898+0000] {logging_mixin.py:188} INFO - [2025-04-27T19:10:53.898+0000] {dag.py:3823} INFO - Setting next_dagrun for chethan_test_dag to 2025-04-26 00:00:00+00:00, run_after=2025-04-27 00:00:00+00:00
[2025-04-27T19:10:53.920+0000] {processor.py:183} INFO - Processing /opt/airflow/dags/exampledag.py took 0.105 seconds
[2025-04-27T19:11:24.558+0000] {processor.py:161} INFO - Started process (PID=420) to work on /opt/airflow/dags/exampledag.py
[2025-04-27T19:11:24.560+0000] {processor.py:830} INFO - Processing file /opt/airflow/dags/exampledag.py for tasks to queue
[2025-04-27T19:11:24.561+0000] {logging_mixin.py:188} INFO - [2025-04-27T19:11:24.560+0000] {dagbag.py:538} INFO - Filling up the DagBag from /opt/airflow/dags/exampledag.py
[2025-04-27T19:11:24.584+0000] {processor.py:840} INFO - DAG(s) 'chethan_test_dag' retrieved from /opt/airflow/dags/exampledag.py
[2025-04-27T19:11:24.609+0000] {logging_mixin.py:188} INFO - [2025-04-27T19:11:24.609+0000] {dag.py:3036} INFO - Sync 1 DAGs
[2025-04-27T19:11:24.633+0000] {logging_mixin.py:188} INFO - [2025-04-27T19:11:24.633+0000] {dag.py:3823} INFO - Setting next_dagrun for chethan_test_dag to 2025-04-26 00:00:00+00:00, run_after=2025-04-27 00:00:00+00:00
[2025-04-27T19:11:24.651+0000] {processor.py:183} INFO - Processing /opt/airflow/dags/exampledag.py took 0.096 seconds
[2025-04-27T19:11:55.009+0000] {processor.py:161} INFO - Started process (PID=461) to work on /opt/airflow/dags/exampledag.py
[2025-04-27T19:11:55.011+0000] {processor.py:830} INFO - Processing file /opt/airflow/dags/exampledag.py for tasks to queue
[2025-04-27T19:11:55.012+0000] {logging_mixin.py:188} INFO - [2025-04-27T19:11:55.012+0000] {dagbag.py:538} INFO - Filling up the DagBag from /opt/airflow/dags/exampledag.py
[2025-04-27T19:11:55.042+0000] {processor.py:840} INFO - DAG(s) 'chethan_test_dag' retrieved from /opt/airflow/dags/exampledag.py
[2025-04-27T19:11:55.069+0000] {logging_mixin.py:188} INFO - [2025-04-27T19:11:55.069+0000] {dag.py:3036} INFO - Sync 1 DAGs
[2025-04-27T19:11:55.090+0000] {logging_mixin.py:188} INFO - [2025-04-27T19:11:55.090+0000] {dag.py:3823} INFO - Setting next_dagrun for chethan_test_dag to 2025-04-26 00:00:00+00:00, run_after=2025-04-27 00:00:00+00:00
[2025-04-27T19:11:55.109+0000] {processor.py:183} INFO - Processing /opt/airflow/dags/exampledag.py took 0.104 seconds
[2025-04-27T19:12:25.600+0000] {processor.py:161} INFO - Started process (PID=504) to work on /opt/airflow/dags/exampledag.py
[2025-04-27T19:12:25.602+0000] {processor.py:830} INFO - Processing file /opt/airflow/dags/exampledag.py for tasks to queue
[2025-04-27T19:12:25.603+0000] {logging_mixin.py:188} INFO - [2025-04-27T19:12:25.602+0000] {dagbag.py:538} INFO - Filling up the DagBag from /opt/airflow/dags/exampledag.py
[2025-04-27T19:12:25.630+0000] {processor.py:840} INFO - DAG(s) 'chethan_test_dag' retrieved from /opt/airflow/dags/exampledag.py
[2025-04-27T19:12:25.655+0000] {logging_mixin.py:188} INFO - [2025-04-27T19:12:25.654+0000] {dag.py:3036} INFO - Sync 1 DAGs
[2025-04-27T19:12:25.679+0000] {logging_mixin.py:188} INFO - [2025-04-27T19:12:25.678+0000] {dag.py:3823} INFO - Setting next_dagrun for chethan_test_dag to 2025-04-26 00:00:00+00:00, run_after=2025-04-27 00:00:00+00:00
[2025-04-27T19:12:25.700+0000] {processor.py:183} INFO - Processing /opt/airflow/dags/exampledag.py took 0.102 seconds
[2025-04-27T19:12:56.199+0000] {processor.py:161} INFO - Started process (PID=547) to work on /opt/airflow/dags/exampledag.py
[2025-04-27T19:12:56.201+0000] {processor.py:830} INFO - Processing file /opt/airflow/dags/exampledag.py for tasks to queue
[2025-04-27T19:12:56.203+0000] {logging_mixin.py:188} INFO - [2025-04-27T19:12:56.202+0000] {dagbag.py:538} INFO - Filling up the DagBag from /opt/airflow/dags/exampledag.py
[2025-04-27T19:12:56.239+0000] {processor.py:840} INFO - DAG(s) 'chethan_test_dag' retrieved from /opt/airflow/dags/exampledag.py
[2025-04-27T19:12:56.266+0000] {logging_mixin.py:188} INFO - [2025-04-27T19:12:56.266+0000] {dag.py:3036} INFO - Sync 1 DAGs
[2025-04-27T19:12:56.290+0000] {logging_mixin.py:188} INFO - [2025-04-27T19:12:56.289+0000] {dag.py:3823} INFO - Setting next_dagrun for chethan_test_dag to 2025-04-26 00:00:00+00:00, run_after=2025-04-27 00:00:00+00:00
[2025-04-27T19:12:56.325+0000] {processor.py:183} INFO - Processing /opt/airflow/dags/exampledag.py took 0.130 seconds
[2025-04-27T19:13:26.794+0000] {processor.py:161} INFO - Started process (PID=590) to work on /opt/airflow/dags/exampledag.py
[2025-04-27T19:13:26.795+0000] {processor.py:830} INFO - Processing file /opt/airflow/dags/exampledag.py for tasks to queue
[2025-04-27T19:13:26.796+0000] {logging_mixin.py:188} INFO - [2025-04-27T19:13:26.796+0000] {dagbag.py:538} INFO - Filling up the DagBag from /opt/airflow/dags/exampledag.py
[2025-04-27T19:13:26.829+0000] {processor.py:840} INFO - DAG(s) 'chethan_test_dag' retrieved from /opt/airflow/dags/exampledag.py
[2025-04-27T19:13:26.855+0000] {logging_mixin.py:188} INFO - [2025-04-27T19:13:26.855+0000] {dag.py:3036} INFO - Sync 1 DAGs
[2025-04-27T19:13:26.880+0000] {logging_mixin.py:188} INFO - [2025-04-27T19:13:26.880+0000] {dag.py:3823} INFO - Setting next_dagrun for chethan_test_dag to 2025-04-26 00:00:00+00:00, run_after=2025-04-27 00:00:00+00:00
[2025-04-27T19:13:26.899+0000] {processor.py:183} INFO - Processing /opt/airflow/dags/exampledag.py took 0.109 seconds
[2025-04-27T19:14:59.817+0000] {processor.py:161} INFO - Started process (PID=635) to work on /opt/airflow/dags/exampledag.py
[2025-04-27T19:14:59.820+0000] {processor.py:830} INFO - Processing file /opt/airflow/dags/exampledag.py for tasks to queue
[2025-04-27T19:14:59.825+0000] {logging_mixin.py:188} INFO - [2025-04-27T19:14:59.822+0000] {dagbag.py:538} INFO - Filling up the DagBag from /opt/airflow/dags/exampledag.py
[2025-04-27T19:14:59.938+0000] {processor.py:840} INFO - DAG(s) 'chethan_test_dag' retrieved from /opt/airflow/dags/exampledag.py
[2025-04-27T19:14:59.996+0000] {logging_mixin.py:188} INFO - [2025-04-27T19:14:59.995+0000] {dag.py:3036} INFO - Sync 1 DAGs
[2025-04-27T19:15:00.051+0000] {logging_mixin.py:188} INFO - [2025-04-27T19:15:00.050+0000] {dag.py:3823} INFO - Setting next_dagrun for chethan_test_dag to 2025-04-26 00:00:00+00:00, run_after=2025-04-27 00:00:00+00:00
[2025-04-27T19:15:00.099+0000] {processor.py:183} INFO - Processing /opt/airflow/dags/exampledag.py took 0.289 seconds
[2025-04-27T19:15:30.961+0000] {processor.py:161} INFO - Started process (PID=680) to work on /opt/airflow/dags/exampledag.py
[2025-04-27T19:15:30.963+0000] {processor.py:830} INFO - Processing file /opt/airflow/dags/exampledag.py for tasks to queue
[2025-04-27T19:15:30.964+0000] {logging_mixin.py:188} INFO - [2025-04-27T19:15:30.964+0000] {dagbag.py:538} INFO - Filling up the DagBag from /opt/airflow/dags/exampledag.py
[2025-04-27T19:15:30.996+0000] {processor.py:840} INFO - DAG(s) 'chethan_test_dag' retrieved from /opt/airflow/dags/exampledag.py
[2025-04-27T19:15:31.019+0000] {logging_mixin.py:188} INFO - [2025-04-27T19:15:31.019+0000] {dag.py:3036} INFO - Sync 1 DAGs
[2025-04-27T19:15:31.037+0000] {logging_mixin.py:188} INFO - [2025-04-27T19:15:31.037+0000] {dag.py:3823} INFO - Setting next_dagrun for chethan_test_dag to 2025-04-26 00:00:00+00:00, run_after=2025-04-27 00:00:00+00:00
[2025-04-27T19:15:31.055+0000] {processor.py:183} INFO - Processing /opt/airflow/dags/exampledag.py took 0.097 seconds
[2025-04-27T19:16:02.168+0000] {processor.py:161} INFO - Started process (PID=726) to work on /opt/airflow/dags/exampledag.py
[2025-04-27T19:16:02.170+0000] {processor.py:830} INFO - Processing file /opt/airflow/dags/exampledag.py for tasks to queue
[2025-04-27T19:16:02.171+0000] {logging_mixin.py:188} INFO - [2025-04-27T19:16:02.171+0000] {dagbag.py:538} INFO - Filling up the DagBag from /opt/airflow/dags/exampledag.py
[2025-04-27T19:16:02.208+0000] {processor.py:840} INFO - DAG(s) 'chethan_test_dag' retrieved from /opt/airflow/dags/exampledag.py
[2025-04-27T19:16:02.245+0000] {logging_mixin.py:188} INFO - [2025-04-27T19:16:02.244+0000] {dag.py:3036} INFO - Sync 1 DAGs
[2025-04-27T19:16:02.271+0000] {logging_mixin.py:188} INFO - [2025-04-27T19:16:02.270+0000] {dag.py:3823} INFO - Setting next_dagrun for chethan_test_dag to 2025-04-26 00:00:00+00:00, run_after=2025-04-27 00:00:00+00:00
[2025-04-27T19:16:02.294+0000] {processor.py:183} INFO - Processing /opt/airflow/dags/exampledag.py took 0.130 seconds
[2025-04-27T19:16:32.863+0000] {processor.py:161} INFO - Started process (PID=769) to work on /opt/airflow/dags/exampledag.py
[2025-04-27T19:16:32.865+0000] {processor.py:830} INFO - Processing file /opt/airflow/dags/exampledag.py for tasks to queue
[2025-04-27T19:16:32.867+0000] {logging_mixin.py:188} INFO - [2025-04-27T19:16:32.866+0000] {dagbag.py:538} INFO - Filling up the DagBag from /opt/airflow/dags/exampledag.py
[2025-04-27T19:16:32.906+0000] {processor.py:840} INFO - DAG(s) 'chethan_test_dag' retrieved from /opt/airflow/dags/exampledag.py
[2025-04-27T19:16:32.939+0000] {logging_mixin.py:188} INFO - [2025-04-27T19:16:32.939+0000] {dag.py:3036} INFO - Sync 1 DAGs
[2025-04-27T19:16:32.973+0000] {logging_mixin.py:188} INFO - [2025-04-27T19:16:32.973+0000] {dag.py:3823} INFO - Setting next_dagrun for chethan_test_dag to 2025-04-26 00:00:00+00:00, run_after=2025-04-27 00:00:00+00:00
[2025-04-27T19:16:33.001+0000] {processor.py:183} INFO - Processing /opt/airflow/dags/exampledag.py took 0.142 seconds
[2025-04-27T19:17:03.874+0000] {processor.py:161} INFO - Started process (PID=810) to work on /opt/airflow/dags/exampledag.py
[2025-04-27T19:17:03.876+0000] {processor.py:830} INFO - Processing file /opt/airflow/dags/exampledag.py for tasks to queue
[2025-04-27T19:17:03.878+0000] {logging_mixin.py:188} INFO - [2025-04-27T19:17:03.877+0000] {dagbag.py:538} INFO - Filling up the DagBag from /opt/airflow/dags/exampledag.py
[2025-04-27T19:17:03.911+0000] {processor.py:840} INFO - DAG(s) 'chethan_test_dag' retrieved from /opt/airflow/dags/exampledag.py
[2025-04-27T19:17:03.948+0000] {logging_mixin.py:188} INFO - [2025-04-27T19:17:03.947+0000] {dag.py:3036} INFO - Sync 1 DAGs
[2025-04-27T19:17:03.971+0000] {logging_mixin.py:188} INFO - [2025-04-27T19:17:03.971+0000] {dag.py:3823} INFO - Setting next_dagrun for chethan_test_dag to 2025-04-26 00:00:00+00:00, run_after=2025-04-27 00:00:00+00:00
[2025-04-27T19:17:03.997+0000] {processor.py:183} INFO - Processing /opt/airflow/dags/exampledag.py took 0.126 seconds
[2025-04-27T19:17:34.146+0000] {processor.py:161} INFO - Started process (PID=852) to work on /opt/airflow/dags/exampledag.py
[2025-04-27T19:17:34.147+0000] {processor.py:830} INFO - Processing file /opt/airflow/dags/exampledag.py for tasks to queue
[2025-04-27T19:17:34.148+0000] {logging_mixin.py:188} INFO - [2025-04-27T19:17:34.147+0000] {dagbag.py:538} INFO - Filling up the DagBag from /opt/airflow/dags/exampledag.py
[2025-04-27T19:17:34.179+0000] {processor.py:840} INFO - DAG(s) 'chethan_test_dag' retrieved from /opt/airflow/dags/exampledag.py
[2025-04-27T19:17:34.204+0000] {logging_mixin.py:188} INFO - [2025-04-27T19:17:34.204+0000] {dag.py:3036} INFO - Sync 1 DAGs
[2025-04-27T19:17:34.225+0000] {logging_mixin.py:188} INFO - [2025-04-27T19:17:34.225+0000] {dag.py:3823} INFO - Setting next_dagrun for chethan_test_dag to 2025-04-26 00:00:00+00:00, run_after=2025-04-27 00:00:00+00:00
[2025-04-27T19:17:34.251+0000] {processor.py:183} INFO - Processing /opt/airflow/dags/exampledag.py took 0.109 seconds
[2025-04-27T19:18:04.362+0000] {processor.py:161} INFO - Started process (PID=889) to work on /opt/airflow/dags/exampledag.py
[2025-04-27T19:18:04.363+0000] {processor.py:830} INFO - Processing file /opt/airflow/dags/exampledag.py for tasks to queue
[2025-04-27T19:18:04.364+0000] {logging_mixin.py:188} INFO - [2025-04-27T19:18:04.364+0000] {dagbag.py:538} INFO - Filling up the DagBag from /opt/airflow/dags/exampledag.py
[2025-04-27T19:18:04.390+0000] {processor.py:840} INFO - DAG(s) 'chethan_test_dag' retrieved from /opt/airflow/dags/exampledag.py
[2025-04-27T19:18:04.413+0000] {logging_mixin.py:188} INFO - [2025-04-27T19:18:04.413+0000] {dag.py:3036} INFO - Sync 1 DAGs
[2025-04-27T19:18:04.437+0000] {logging_mixin.py:188} INFO - [2025-04-27T19:18:04.436+0000] {dag.py:3823} INFO - Setting next_dagrun for chethan_test_dag to 2025-04-26 00:00:00+00:00, run_after=2025-04-27 00:00:00+00:00
[2025-04-27T19:18:04.471+0000] {processor.py:183} INFO - Processing /opt/airflow/dags/exampledag.py took 0.112 seconds
[2025-04-27T19:18:34.876+0000] {processor.py:161} INFO - Started process (PID=929) to work on /opt/airflow/dags/exampledag.py
[2025-04-27T19:18:34.878+0000] {processor.py:830} INFO - Processing file /opt/airflow/dags/exampledag.py for tasks to queue
[2025-04-27T19:18:34.879+0000] {logging_mixin.py:188} INFO - [2025-04-27T19:18:34.879+0000] {dagbag.py:538} INFO - Filling up the DagBag from /opt/airflow/dags/exampledag.py
[2025-04-27T19:18:34.914+0000] {processor.py:840} INFO - DAG(s) 'chethan_test_dag' retrieved from /opt/airflow/dags/exampledag.py
[2025-04-27T19:18:34.946+0000] {logging_mixin.py:188} INFO - [2025-04-27T19:18:34.946+0000] {dag.py:3036} INFO - Sync 1 DAGs
[2025-04-27T19:18:34.977+0000] {logging_mixin.py:188} INFO - [2025-04-27T19:18:34.977+0000] {dag.py:3823} INFO - Setting next_dagrun for chethan_test_dag to 2025-04-26 00:00:00+00:00, run_after=2025-04-27 00:00:00+00:00
[2025-04-27T19:18:35.018+0000] {processor.py:183} INFO - Processing /opt/airflow/dags/exampledag.py took 0.146 seconds
[2025-04-27T19:19:05.422+0000] {processor.py:161} INFO - Started process (PID=972) to work on /opt/airflow/dags/exampledag.py
[2025-04-27T19:19:05.423+0000] {processor.py:830} INFO - Processing file /opt/airflow/dags/exampledag.py for tasks to queue
[2025-04-27T19:19:05.425+0000] {logging_mixin.py:188} INFO - [2025-04-27T19:19:05.424+0000] {dagbag.py:538} INFO - Filling up the DagBag from /opt/airflow/dags/exampledag.py
[2025-04-27T19:19:05.463+0000] {processor.py:840} INFO - DAG(s) 'chethan_test_dag' retrieved from /opt/airflow/dags/exampledag.py
[2025-04-27T19:19:05.494+0000] {logging_mixin.py:188} INFO - [2025-04-27T19:19:05.493+0000] {dag.py:3036} INFO - Sync 1 DAGs
[2025-04-27T19:19:05.516+0000] {logging_mixin.py:188} INFO - [2025-04-27T19:19:05.516+0000] {dag.py:3823} INFO - Setting next_dagrun for chethan_test_dag to 2025-04-26 00:00:00+00:00, run_after=2025-04-27 00:00:00+00:00
[2025-04-27T19:19:05.535+0000] {processor.py:183} INFO - Processing /opt/airflow/dags/exampledag.py took 0.116 seconds
[2025-04-27T19:19:36.564+0000] {processor.py:161} INFO - Started process (PID=1021) to work on /opt/airflow/dags/exampledag.py
[2025-04-27T19:19:36.565+0000] {processor.py:830} INFO - Processing file /opt/airflow/dags/exampledag.py for tasks to queue
[2025-04-27T19:19:36.566+0000] {logging_mixin.py:188} INFO - [2025-04-27T19:19:36.566+0000] {dagbag.py:538} INFO - Filling up the DagBag from /opt/airflow/dags/exampledag.py
[2025-04-27T19:19:36.595+0000] {processor.py:840} INFO - DAG(s) 'chethan_test_dag' retrieved from /opt/airflow/dags/exampledag.py
[2025-04-27T19:19:36.619+0000] {logging_mixin.py:188} INFO - [2025-04-27T19:19:36.619+0000] {dag.py:3036} INFO - Sync 1 DAGs
[2025-04-27T19:19:36.638+0000] {logging_mixin.py:188} INFO - [2025-04-27T19:19:36.638+0000] {dag.py:3823} INFO - Setting next_dagrun for chethan_test_dag to 2025-04-26 00:00:00+00:00, run_after=2025-04-27 00:00:00+00:00
[2025-04-27T19:19:36.654+0000] {processor.py:183} INFO - Processing /opt/airflow/dags/exampledag.py took 0.093 seconds
[2025-04-27T19:20:07.529+0000] {processor.py:161} INFO - Started process (PID=1064) to work on /opt/airflow/dags/exampledag.py
[2025-04-27T19:20:07.530+0000] {processor.py:830} INFO - Processing file /opt/airflow/dags/exampledag.py for tasks to queue
[2025-04-27T19:20:07.532+0000] {logging_mixin.py:188} INFO - [2025-04-27T19:20:07.532+0000] {dagbag.py:538} INFO - Filling up the DagBag from /opt/airflow/dags/exampledag.py
[2025-04-27T19:20:07.567+0000] {processor.py:840} INFO - DAG(s) 'chethan_test_dag' retrieved from /opt/airflow/dags/exampledag.py
[2025-04-27T19:20:07.608+0000] {logging_mixin.py:188} INFO - [2025-04-27T19:20:07.608+0000] {dag.py:3036} INFO - Sync 1 DAGs
[2025-04-27T19:20:07.637+0000] {logging_mixin.py:188} INFO - [2025-04-27T19:20:07.637+0000] {dag.py:3823} INFO - Setting next_dagrun for chethan_test_dag to 2025-04-26 00:00:00+00:00, run_after=2025-04-27 00:00:00+00:00
[2025-04-27T19:20:07.669+0000] {processor.py:183} INFO - Processing /opt/airflow/dags/exampledag.py took 0.146 seconds
[2025-04-27T19:20:38.555+0000] {processor.py:161} INFO - Started process (PID=1113) to work on /opt/airflow/dags/exampledag.py
[2025-04-27T19:20:38.556+0000] {processor.py:830} INFO - Processing file /opt/airflow/dags/exampledag.py for tasks to queue
[2025-04-27T19:20:38.557+0000] {logging_mixin.py:188} INFO - [2025-04-27T19:20:38.557+0000] {dagbag.py:538} INFO - Filling up the DagBag from /opt/airflow/dags/exampledag.py
[2025-04-27T19:20:38.580+0000] {processor.py:840} INFO - DAG(s) 'chethan_test_dag' retrieved from /opt/airflow/dags/exampledag.py
[2025-04-27T19:20:38.599+0000] {logging_mixin.py:188} INFO - [2025-04-27T19:20:38.599+0000] {dag.py:3036} INFO - Sync 1 DAGs
[2025-04-27T19:20:38.615+0000] {logging_mixin.py:188} INFO - [2025-04-27T19:20:38.615+0000] {dag.py:3823} INFO - Setting next_dagrun for chethan_test_dag to 2025-04-26 00:00:00+00:00, run_after=2025-04-27 00:00:00+00:00
[2025-04-27T19:20:38.633+0000] {processor.py:183} INFO - Processing /opt/airflow/dags/exampledag.py took 0.080 seconds
[2025-04-27T19:21:09.646+0000] {processor.py:161} INFO - Started process (PID=1156) to work on /opt/airflow/dags/exampledag.py
[2025-04-27T19:21:09.646+0000] {processor.py:830} INFO - Processing file /opt/airflow/dags/exampledag.py for tasks to queue
[2025-04-27T19:21:09.647+0000] {logging_mixin.py:188} INFO - [2025-04-27T19:21:09.647+0000] {dagbag.py:538} INFO - Filling up the DagBag from /opt/airflow/dags/exampledag.py
[2025-04-27T19:21:09.675+0000] {processor.py:840} INFO - DAG(s) 'chethan_test_dag' retrieved from /opt/airflow/dags/exampledag.py
[2025-04-27T19:21:09.696+0000] {logging_mixin.py:188} INFO - [2025-04-27T19:21:09.696+0000] {dag.py:3036} INFO - Sync 1 DAGs
[2025-04-27T19:21:09.718+0000] {logging_mixin.py:188} INFO - [2025-04-27T19:21:09.718+0000] {dag.py:3823} INFO - Setting next_dagrun for chethan_test_dag to 2025-04-26 00:00:00+00:00, run_after=2025-04-27 00:00:00+00:00
[2025-04-27T19:21:09.736+0000] {processor.py:183} INFO - Processing /opt/airflow/dags/exampledag.py took 0.093 seconds
[2025-04-27T19:41:27.054+0000] {processor.py:161} INFO - Started process (PID=1197) to work on /opt/airflow/dags/exampledag.py
[2025-04-27T19:41:27.057+0000] {processor.py:830} INFO - Processing file /opt/airflow/dags/exampledag.py for tasks to queue
[2025-04-27T19:41:27.059+0000] {logging_mixin.py:188} INFO - [2025-04-27T19:41:27.059+0000] {dagbag.py:538} INFO - Filling up the DagBag from /opt/airflow/dags/exampledag.py
[2025-04-27T19:41:27.109+0000] {processor.py:840} INFO - DAG(s) 'chethan_test_dag' retrieved from /opt/airflow/dags/exampledag.py
[2025-04-27T19:41:27.169+0000] {logging_mixin.py:188} INFO - [2025-04-27T19:41:27.168+0000] {dag.py:3036} INFO - Sync 1 DAGs
[2025-04-27T19:41:27.289+0000] {logging_mixin.py:188} INFO - [2025-04-27T19:41:27.288+0000] {dag.py:3823} INFO - Setting next_dagrun for chethan_test_dag to 2025-04-26 00:00:00+00:00, run_after=2025-04-27 00:00:00+00:00
[2025-04-27T19:41:27.342+0000] {processor.py:183} INFO - Processing /opt/airflow/dags/exampledag.py took 0.292 seconds
[2025-04-27T19:41:57.703+0000] {processor.py:161} INFO - Started process (PID=1239) to work on /opt/airflow/dags/exampledag.py
[2025-04-27T19:41:57.705+0000] {processor.py:830} INFO - Processing file /opt/airflow/dags/exampledag.py for tasks to queue
[2025-04-27T19:41:57.706+0000] {logging_mixin.py:188} INFO - [2025-04-27T19:41:57.706+0000] {dagbag.py:538} INFO - Filling up the DagBag from /opt/airflow/dags/exampledag.py
[2025-04-27T19:41:57.739+0000] {processor.py:840} INFO - DAG(s) 'chethan_test_dag' retrieved from /opt/airflow/dags/exampledag.py
[2025-04-27T19:41:57.772+0000] {logging_mixin.py:188} INFO - [2025-04-27T19:41:57.771+0000] {dag.py:3036} INFO - Sync 1 DAGs
[2025-04-27T19:41:57.798+0000] {logging_mixin.py:188} INFO - [2025-04-27T19:41:57.798+0000] {dag.py:3823} INFO - Setting next_dagrun for chethan_test_dag to 2025-04-26 00:00:00+00:00, run_after=2025-04-27 00:00:00+00:00
[2025-04-27T19:41:57.820+0000] {processor.py:183} INFO - Processing /opt/airflow/dags/exampledag.py took 0.119 seconds
[2025-04-27T19:42:28.033+0000] {processor.py:161} INFO - Started process (PID=1277) to work on /opt/airflow/dags/exampledag.py
[2025-04-27T19:42:28.035+0000] {processor.py:830} INFO - Processing file /opt/airflow/dags/exampledag.py for tasks to queue
[2025-04-27T19:42:28.036+0000] {logging_mixin.py:188} INFO - [2025-04-27T19:42:28.036+0000] {dagbag.py:538} INFO - Filling up the DagBag from /opt/airflow/dags/exampledag.py
[2025-04-27T19:42:28.070+0000] {processor.py:840} INFO - DAG(s) 'chethan_test_dag' retrieved from /opt/airflow/dags/exampledag.py
[2025-04-27T19:42:28.095+0000] {logging_mixin.py:188} INFO - [2025-04-27T19:42:28.095+0000] {dag.py:3036} INFO - Sync 1 DAGs
[2025-04-27T19:42:28.118+0000] {logging_mixin.py:188} INFO - [2025-04-27T19:42:28.118+0000] {dag.py:3823} INFO - Setting next_dagrun for chethan_test_dag to 2025-04-26 00:00:00+00:00, run_after=2025-04-27 00:00:00+00:00
[2025-04-27T19:42:28.145+0000] {processor.py:183} INFO - Processing /opt/airflow/dags/exampledag.py took 0.115 seconds
[2025-04-27T19:42:58.447+0000] {processor.py:161} INFO - Started process (PID=1319) to work on /opt/airflow/dags/exampledag.py
[2025-04-27T19:42:58.449+0000] {processor.py:830} INFO - Processing file /opt/airflow/dags/exampledag.py for tasks to queue
[2025-04-27T19:42:58.450+0000] {logging_mixin.py:188} INFO - [2025-04-27T19:42:58.450+0000] {dagbag.py:538} INFO - Filling up the DagBag from /opt/airflow/dags/exampledag.py
[2025-04-27T19:42:58.486+0000] {processor.py:840} INFO - DAG(s) 'chethan_test_dag' retrieved from /opt/airflow/dags/exampledag.py
[2025-04-27T19:42:58.511+0000] {logging_mixin.py:188} INFO - [2025-04-27T19:42:58.511+0000] {dag.py:3036} INFO - Sync 1 DAGs
[2025-04-27T19:42:58.530+0000] {logging_mixin.py:188} INFO - [2025-04-27T19:42:58.530+0000] {dag.py:3823} INFO - Setting next_dagrun for chethan_test_dag to 2025-04-26 00:00:00+00:00, run_after=2025-04-27 00:00:00+00:00
[2025-04-27T19:42:58.553+0000] {processor.py:183} INFO - Processing /opt/airflow/dags/exampledag.py took 0.108 seconds
[2025-04-27T19:43:29.031+0000] {processor.py:161} INFO - Started process (PID=1357) to work on /opt/airflow/dags/exampledag.py
[2025-04-27T19:43:29.032+0000] {processor.py:830} INFO - Processing file /opt/airflow/dags/exampledag.py for tasks to queue
[2025-04-27T19:43:29.034+0000] {logging_mixin.py:188} INFO - [2025-04-27T19:43:29.033+0000] {dagbag.py:538} INFO - Filling up the DagBag from /opt/airflow/dags/exampledag.py
[2025-04-27T19:43:29.068+0000] {processor.py:840} INFO - DAG(s) 'chethan_test_dag' retrieved from /opt/airflow/dags/exampledag.py
[2025-04-27T19:43:29.095+0000] {logging_mixin.py:188} INFO - [2025-04-27T19:43:29.095+0000] {dag.py:3036} INFO - Sync 1 DAGs
[2025-04-27T19:43:29.121+0000] {logging_mixin.py:188} INFO - [2025-04-27T19:43:29.120+0000] {dag.py:3823} INFO - Setting next_dagrun for chethan_test_dag to 2025-04-26 00:00:00+00:00, run_after=2025-04-27 00:00:00+00:00
[2025-04-27T19:43:29.148+0000] {processor.py:183} INFO - Processing /opt/airflow/dags/exampledag.py took 0.122 seconds
[2025-04-27T19:43:59.288+0000] {processor.py:161} INFO - Started process (PID=1400) to work on /opt/airflow/dags/exampledag.py
[2025-04-27T19:43:59.289+0000] {processor.py:830} INFO - Processing file /opt/airflow/dags/exampledag.py for tasks to queue
[2025-04-27T19:43:59.290+0000] {logging_mixin.py:188} INFO - [2025-04-27T19:43:59.290+0000] {dagbag.py:538} INFO - Filling up the DagBag from /opt/airflow/dags/exampledag.py
[2025-04-27T19:43:59.323+0000] {processor.py:840} INFO - DAG(s) 'chethan_test_dag' retrieved from /opt/airflow/dags/exampledag.py
[2025-04-27T19:43:59.347+0000] {logging_mixin.py:188} INFO - [2025-04-27T19:43:59.346+0000] {dag.py:3036} INFO - Sync 1 DAGs
[2025-04-27T19:43:59.366+0000] {logging_mixin.py:188} INFO - [2025-04-27T19:43:59.366+0000] {dag.py:3823} INFO - Setting next_dagrun for chethan_test_dag to 2025-04-26 00:00:00+00:00, run_after=2025-04-27 00:00:00+00:00
[2025-04-27T19:43:59.387+0000] {processor.py:183} INFO - Processing /opt/airflow/dags/exampledag.py took 0.103 seconds
[2025-04-27T19:44:29.546+0000] {processor.py:161} INFO - Started process (PID=1437) to work on /opt/airflow/dags/exampledag.py
[2025-04-27T19:44:29.547+0000] {processor.py:830} INFO - Processing file /opt/airflow/dags/exampledag.py for tasks to queue
[2025-04-27T19:44:29.548+0000] {logging_mixin.py:188} INFO - [2025-04-27T19:44:29.548+0000] {dagbag.py:538} INFO - Filling up the DagBag from /opt/airflow/dags/exampledag.py
[2025-04-27T19:44:29.573+0000] {processor.py:840} INFO - DAG(s) 'chethan_test_dag' retrieved from /opt/airflow/dags/exampledag.py
[2025-04-27T19:44:29.596+0000] {logging_mixin.py:188} INFO - [2025-04-27T19:44:29.596+0000] {dag.py:3036} INFO - Sync 1 DAGs
[2025-04-27T19:44:29.616+0000] {logging_mixin.py:188} INFO - [2025-04-27T19:44:29.615+0000] {dag.py:3823} INFO - Setting next_dagrun for chethan_test_dag to 2025-04-26 00:00:00+00:00, run_after=2025-04-27 00:00:00+00:00
[2025-04-27T19:44:29.637+0000] {processor.py:183} INFO - Processing /opt/airflow/dags/exampledag.py took 0.093 seconds
[2025-04-27T19:45:00.319+0000] {processor.py:161} INFO - Started process (PID=1488) to work on /opt/airflow/dags/exampledag.py
[2025-04-27T19:45:00.320+0000] {processor.py:830} INFO - Processing file /opt/airflow/dags/exampledag.py for tasks to queue
[2025-04-27T19:45:00.321+0000] {logging_mixin.py:188} INFO - [2025-04-27T19:45:00.320+0000] {dagbag.py:538} INFO - Filling up the DagBag from /opt/airflow/dags/exampledag.py
[2025-04-27T19:45:00.345+0000] {processor.py:840} INFO - DAG(s) 'chethan_test_dag' retrieved from /opt/airflow/dags/exampledag.py
[2025-04-27T19:45:00.366+0000] {logging_mixin.py:188} INFO - [2025-04-27T19:45:00.366+0000] {dag.py:3036} INFO - Sync 1 DAGs
[2025-04-27T19:45:00.384+0000] {logging_mixin.py:188} INFO - [2025-04-27T19:45:00.384+0000] {dag.py:3823} INFO - Setting next_dagrun for chethan_test_dag to 2025-04-26 00:00:00+00:00, run_after=2025-04-27 00:00:00+00:00
[2025-04-27T19:45:00.404+0000] {processor.py:183} INFO - Processing /opt/airflow/dags/exampledag.py took 0.088 seconds
[2025-04-27T19:45:30.923+0000] {processor.py:161} INFO - Started process (PID=1529) to work on /opt/airflow/dags/exampledag.py
[2025-04-27T19:45:30.925+0000] {processor.py:830} INFO - Processing file /opt/airflow/dags/exampledag.py for tasks to queue
[2025-04-27T19:45:30.926+0000] {logging_mixin.py:188} INFO - [2025-04-27T19:45:30.926+0000] {dagbag.py:538} INFO - Filling up the DagBag from /opt/airflow/dags/exampledag.py
[2025-04-27T19:45:30.958+0000] {processor.py:840} INFO - DAG(s) 'chethan_test_dag' retrieved from /opt/airflow/dags/exampledag.py
[2025-04-27T19:45:30.982+0000] {logging_mixin.py:188} INFO - [2025-04-27T19:45:30.982+0000] {dag.py:3036} INFO - Sync 1 DAGs
[2025-04-27T19:45:31.003+0000] {logging_mixin.py:188} INFO - [2025-04-27T19:45:31.003+0000] {dag.py:3823} INFO - Setting next_dagrun for chethan_test_dag to 2025-04-26 00:00:00+00:00, run_after=2025-04-27 00:00:00+00:00
[2025-04-27T19:45:31.023+0000] {processor.py:183} INFO - Processing /opt/airflow/dags/exampledag.py took 0.103 seconds
[2025-04-27T19:46:01.485+0000] {processor.py:161} INFO - Started process (PID=1572) to work on /opt/airflow/dags/exampledag.py
[2025-04-27T19:46:01.486+0000] {processor.py:830} INFO - Processing file /opt/airflow/dags/exampledag.py for tasks to queue
[2025-04-27T19:46:01.488+0000] {logging_mixin.py:188} INFO - [2025-04-27T19:46:01.487+0000] {dagbag.py:538} INFO - Filling up the DagBag from /opt/airflow/dags/exampledag.py
[2025-04-27T19:46:01.519+0000] {processor.py:840} INFO - DAG(s) 'chethan_test_dag' retrieved from /opt/airflow/dags/exampledag.py
[2025-04-27T19:46:01.545+0000] {logging_mixin.py:188} INFO - [2025-04-27T19:46:01.545+0000] {dag.py:3036} INFO - Sync 1 DAGs
[2025-04-27T19:46:01.566+0000] {logging_mixin.py:188} INFO - [2025-04-27T19:46:01.565+0000] {dag.py:3823} INFO - Setting next_dagrun for chethan_test_dag to 2025-04-26 00:00:00+00:00, run_after=2025-04-27 00:00:00+00:00
[2025-04-27T19:46:01.590+0000] {processor.py:183} INFO - Processing /opt/airflow/dags/exampledag.py took 0.109 seconds
[2025-04-27T19:46:32.503+0000] {processor.py:161} INFO - Started process (PID=1615) to work on /opt/airflow/dags/exampledag.py
[2025-04-27T19:46:32.504+0000] {processor.py:830} INFO - Processing file /opt/airflow/dags/exampledag.py for tasks to queue
[2025-04-27T19:46:32.506+0000] {logging_mixin.py:188} INFO - [2025-04-27T19:46:32.505+0000] {dagbag.py:538} INFO - Filling up the DagBag from /opt/airflow/dags/exampledag.py
[2025-04-27T19:46:32.546+0000] {processor.py:840} INFO - DAG(s) 'chethan_test_dag' retrieved from /opt/airflow/dags/exampledag.py
[2025-04-27T19:46:32.575+0000] {logging_mixin.py:188} INFO - [2025-04-27T19:46:32.575+0000] {dag.py:3036} INFO - Sync 1 DAGs
[2025-04-27T19:46:32.603+0000] {logging_mixin.py:188} INFO - [2025-04-27T19:46:32.602+0000] {dag.py:3823} INFO - Setting next_dagrun for chethan_test_dag to 2025-04-26 00:00:00+00:00, run_after=2025-04-27 00:00:00+00:00
[2025-04-27T19:46:32.634+0000] {processor.py:183} INFO - Processing /opt/airflow/dags/exampledag.py took 0.134 seconds
[2025-04-27T19:47:02.906+0000] {processor.py:161} INFO - Started process (PID=1658) to work on /opt/airflow/dags/exampledag.py
[2025-04-27T19:47:02.908+0000] {processor.py:830} INFO - Processing file /opt/airflow/dags/exampledag.py for tasks to queue
[2025-04-27T19:47:02.909+0000] {logging_mixin.py:188} INFO - [2025-04-27T19:47:02.909+0000] {dagbag.py:538} INFO - Filling up the DagBag from /opt/airflow/dags/exampledag.py
[2025-04-27T19:47:02.943+0000] {processor.py:840} INFO - DAG(s) 'chethan_test_dag' retrieved from /opt/airflow/dags/exampledag.py
[2025-04-27T19:47:02.972+0000] {logging_mixin.py:188} INFO - [2025-04-27T19:47:02.972+0000] {dag.py:3036} INFO - Sync 1 DAGs
[2025-04-27T19:47:02.996+0000] {logging_mixin.py:188} INFO - [2025-04-27T19:47:02.996+0000] {dag.py:3823} INFO - Setting next_dagrun for chethan_test_dag to 2025-04-26 00:00:00+00:00, run_after=2025-04-27 00:00:00+00:00
[2025-04-27T19:47:03.017+0000] {processor.py:183} INFO - Processing /opt/airflow/dags/exampledag.py took 0.114 seconds
[2025-04-27T19:47:33.486+0000] {processor.py:161} INFO - Started process (PID=1701) to work on /opt/airflow/dags/exampledag.py
[2025-04-27T19:47:33.488+0000] {processor.py:830} INFO - Processing file /opt/airflow/dags/exampledag.py for tasks to queue
[2025-04-27T19:47:33.489+0000] {logging_mixin.py:188} INFO - [2025-04-27T19:47:33.488+0000] {dagbag.py:538} INFO - Filling up the DagBag from /opt/airflow/dags/exampledag.py
[2025-04-27T19:47:33.518+0000] {processor.py:840} INFO - DAG(s) 'chethan_test_dag' retrieved from /opt/airflow/dags/exampledag.py
[2025-04-27T19:47:33.546+0000] {logging_mixin.py:188} INFO - [2025-04-27T19:47:33.545+0000] {dag.py:3036} INFO - Sync 1 DAGs
[2025-04-27T19:47:33.574+0000] {logging_mixin.py:188} INFO - [2025-04-27T19:47:33.573+0000] {dag.py:3823} INFO - Setting next_dagrun for chethan_test_dag to 2025-04-26 00:00:00+00:00, run_after=2025-04-27 00:00:00+00:00
[2025-04-27T19:47:33.594+0000] {processor.py:183} INFO - Processing /opt/airflow/dags/exampledag.py took 0.110 seconds
[2025-04-27T19:48:04.010+0000] {processor.py:161} INFO - Started process (PID=1744) to work on /opt/airflow/dags/exampledag.py
[2025-04-27T19:48:04.012+0000] {processor.py:830} INFO - Processing file /opt/airflow/dags/exampledag.py for tasks to queue
[2025-04-27T19:48:04.013+0000] {logging_mixin.py:188} INFO - [2025-04-27T19:48:04.013+0000] {dagbag.py:538} INFO - Filling up the DagBag from /opt/airflow/dags/exampledag.py
[2025-04-27T19:48:04.042+0000] {processor.py:840} INFO - DAG(s) 'chethan_test_dag' retrieved from /opt/airflow/dags/exampledag.py
[2025-04-27T19:48:04.061+0000] {logging_mixin.py:188} INFO - [2025-04-27T19:48:04.061+0000] {dag.py:3036} INFO - Sync 1 DAGs
[2025-04-27T19:48:04.081+0000] {logging_mixin.py:188} INFO - [2025-04-27T19:48:04.081+0000] {dag.py:3823} INFO - Setting next_dagrun for chethan_test_dag to 2025-04-26 00:00:00+00:00, run_after=2025-04-27 00:00:00+00:00
[2025-04-27T19:48:04.098+0000] {processor.py:183} INFO - Processing /opt/airflow/dags/exampledag.py took 0.090 seconds
[2025-04-27T19:48:34.235+0000] {processor.py:161} INFO - Started process (PID=1787) to work on /opt/airflow/dags/exampledag.py
[2025-04-27T19:48:34.237+0000] {processor.py:830} INFO - Processing file /opt/airflow/dags/exampledag.py for tasks to queue
[2025-04-27T19:48:34.238+0000] {logging_mixin.py:188} INFO - [2025-04-27T19:48:34.238+0000] {dagbag.py:538} INFO - Filling up the DagBag from /opt/airflow/dags/exampledag.py
[2025-04-27T19:48:34.272+0000] {processor.py:840} INFO - DAG(s) 'chethan_test_dag' retrieved from /opt/airflow/dags/exampledag.py
[2025-04-27T19:48:34.301+0000] {logging_mixin.py:188} INFO - [2025-04-27T19:48:34.301+0000] {dag.py:3036} INFO - Sync 1 DAGs
[2025-04-27T19:48:34.323+0000] {logging_mixin.py:188} INFO - [2025-04-27T19:48:34.323+0000] {dag.py:3823} INFO - Setting next_dagrun for chethan_test_dag to 2025-04-26 00:00:00+00:00, run_after=2025-04-27 00:00:00+00:00
[2025-04-27T19:48:34.355+0000] {processor.py:183} INFO - Processing /opt/airflow/dags/exampledag.py took 0.124 seconds
[2025-04-27T19:49:04.636+0000] {processor.py:161} INFO - Started process (PID=1824) to work on /opt/airflow/dags/exampledag.py
[2025-04-27T19:49:04.637+0000] {processor.py:830} INFO - Processing file /opt/airflow/dags/exampledag.py for tasks to queue
[2025-04-27T19:49:04.638+0000] {logging_mixin.py:188} INFO - [2025-04-27T19:49:04.638+0000] {dagbag.py:538} INFO - Filling up the DagBag from /opt/airflow/dags/exampledag.py
[2025-04-27T19:49:04.666+0000] {processor.py:840} INFO - DAG(s) 'chethan_test_dag' retrieved from /opt/airflow/dags/exampledag.py
[2025-04-27T19:49:04.698+0000] {logging_mixin.py:188} INFO - [2025-04-27T19:49:04.698+0000] {dag.py:3036} INFO - Sync 1 DAGs
[2025-04-27T19:49:04.722+0000] {logging_mixin.py:188} INFO - [2025-04-27T19:49:04.721+0000] {dag.py:3823} INFO - Setting next_dagrun for chethan_test_dag to 2025-04-26 00:00:00+00:00, run_after=2025-04-27 00:00:00+00:00
[2025-04-27T19:49:04.741+0000] {processor.py:183} INFO - Processing /opt/airflow/dags/exampledag.py took 0.110 seconds
[2025-04-27T19:49:35.633+0000] {processor.py:161} INFO - Started process (PID=1873) to work on /opt/airflow/dags/exampledag.py
[2025-04-27T19:49:35.634+0000] {processor.py:830} INFO - Processing file /opt/airflow/dags/exampledag.py for tasks to queue
[2025-04-27T19:49:35.635+0000] {logging_mixin.py:188} INFO - [2025-04-27T19:49:35.635+0000] {dagbag.py:538} INFO - Filling up the DagBag from /opt/airflow/dags/exampledag.py
[2025-04-27T19:49:35.663+0000] {processor.py:840} INFO - DAG(s) 'chethan_test_dag' retrieved from /opt/airflow/dags/exampledag.py
[2025-04-27T19:49:35.689+0000] {logging_mixin.py:188} INFO - [2025-04-27T19:49:35.689+0000] {dag.py:3036} INFO - Sync 1 DAGs
[2025-04-27T19:49:35.713+0000] {logging_mixin.py:188} INFO - [2025-04-27T19:49:35.713+0000] {dag.py:3823} INFO - Setting next_dagrun for chethan_test_dag to 2025-04-26 00:00:00+00:00, run_after=2025-04-27 00:00:00+00:00
[2025-04-27T19:49:35.736+0000] {processor.py:183} INFO - Processing /opt/airflow/dags/exampledag.py took 0.107 seconds
[2025-04-27T19:50:06.152+0000] {processor.py:161} INFO - Started process (PID=1916) to work on /opt/airflow/dags/exampledag.py
[2025-04-27T19:50:06.153+0000] {processor.py:830} INFO - Processing file /opt/airflow/dags/exampledag.py for tasks to queue
[2025-04-27T19:50:06.155+0000] {logging_mixin.py:188} INFO - [2025-04-27T19:50:06.154+0000] {dagbag.py:538} INFO - Filling up the DagBag from /opt/airflow/dags/exampledag.py
[2025-04-27T19:50:06.186+0000] {processor.py:840} INFO - DAG(s) 'chethan_test_dag' retrieved from /opt/airflow/dags/exampledag.py
[2025-04-27T19:50:06.242+0000] {logging_mixin.py:188} INFO - [2025-04-27T19:50:06.242+0000] {dag.py:3036} INFO - Sync 1 DAGs
[2025-04-27T19:50:06.272+0000] {logging_mixin.py:188} INFO - [2025-04-27T19:50:06.271+0000] {dag.py:3823} INFO - Setting next_dagrun for chethan_test_dag to 2025-04-26 00:00:00+00:00, run_after=2025-04-27 00:00:00+00:00
[2025-04-27T19:50:06.292+0000] {processor.py:183} INFO - Processing /opt/airflow/dags/exampledag.py took 0.143 seconds
[2025-04-27T19:50:36.893+0000] {processor.py:161} INFO - Started process (PID=1959) to work on /opt/airflow/dags/exampledag.py
[2025-04-27T19:50:36.895+0000] {processor.py:830} INFO - Processing file /opt/airflow/dags/exampledag.py for tasks to queue
[2025-04-27T19:50:36.898+0000] {logging_mixin.py:188} INFO - [2025-04-27T19:50:36.897+0000] {dagbag.py:538} INFO - Filling up the DagBag from /opt/airflow/dags/exampledag.py
[2025-04-27T19:50:36.943+0000] {processor.py:840} INFO - DAG(s) 'chethan_test_dag' retrieved from /opt/airflow/dags/exampledag.py
[2025-04-27T19:50:37.015+0000] {logging_mixin.py:188} INFO - [2025-04-27T19:50:37.015+0000] {dag.py:3036} INFO - Sync 1 DAGs
[2025-04-27T19:50:37.104+0000] {logging_mixin.py:188} INFO - [2025-04-27T19:50:37.103+0000] {dag.py:3823} INFO - Setting next_dagrun for chethan_test_dag to 2025-04-26 00:00:00+00:00, run_after=2025-04-27 00:00:00+00:00
[2025-04-27T19:50:37.182+0000] {processor.py:183} INFO - Processing /opt/airflow/dags/exampledag.py took 0.293 seconds
[2025-04-27T19:51:08.792+0000] {processor.py:161} INFO - Started process (PID=2010) to work on /opt/airflow/dags/exampledag.py
[2025-04-27T19:51:08.793+0000] {processor.py:830} INFO - Processing file /opt/airflow/dags/exampledag.py for tasks to queue
[2025-04-27T19:51:08.795+0000] {logging_mixin.py:188} INFO - [2025-04-27T19:51:08.794+0000] {dagbag.py:538} INFO - Filling up the DagBag from /opt/airflow/dags/exampledag.py
[2025-04-27T19:51:08.826+0000] {processor.py:840} INFO - DAG(s) 'chethan_test_dag' retrieved from /opt/airflow/dags/exampledag.py
[2025-04-27T19:51:08.852+0000] {logging_mixin.py:188} INFO - [2025-04-27T19:51:08.852+0000] {dag.py:3036} INFO - Sync 1 DAGs
[2025-04-27T19:51:08.874+0000] {logging_mixin.py:188} INFO - [2025-04-27T19:51:08.874+0000] {dag.py:3823} INFO - Setting next_dagrun for chethan_test_dag to 2025-04-26 00:00:00+00:00, run_after=2025-04-27 00:00:00+00:00
[2025-04-27T19:51:08.895+0000] {processor.py:183} INFO - Processing /opt/airflow/dags/exampledag.py took 0.107 seconds
[2025-04-27T19:51:39.789+0000] {processor.py:161} INFO - Started process (PID=2053) to work on /opt/airflow/dags/exampledag.py
[2025-04-27T19:51:39.790+0000] {processor.py:830} INFO - Processing file /opt/airflow/dags/exampledag.py for tasks to queue
[2025-04-27T19:51:39.791+0000] {logging_mixin.py:188} INFO - [2025-04-27T19:51:39.791+0000] {dagbag.py:538} INFO - Filling up the DagBag from /opt/airflow/dags/exampledag.py
[2025-04-27T19:51:39.815+0000] {processor.py:840} INFO - DAG(s) 'chethan_test_dag' retrieved from /opt/airflow/dags/exampledag.py
[2025-04-27T19:51:39.837+0000] {logging_mixin.py:188} INFO - [2025-04-27T19:51:39.837+0000] {dag.py:3036} INFO - Sync 1 DAGs
[2025-04-27T19:51:39.854+0000] {logging_mixin.py:188} INFO - [2025-04-27T19:51:39.854+0000] {dag.py:3823} INFO - Setting next_dagrun for chethan_test_dag to 2025-04-26 00:00:00+00:00, run_after=2025-04-27 00:00:00+00:00
[2025-04-27T19:51:39.872+0000] {processor.py:183} INFO - Processing /opt/airflow/dags/exampledag.py took 0.086 seconds
[2025-04-27T19:52:10.801+0000] {processor.py:161} INFO - Started process (PID=2096) to work on /opt/airflow/dags/exampledag.py
[2025-04-27T19:52:10.804+0000] {processor.py:830} INFO - Processing file /opt/airflow/dags/exampledag.py for tasks to queue
[2025-04-27T19:52:10.806+0000] {logging_mixin.py:188} INFO - [2025-04-27T19:52:10.805+0000] {dagbag.py:538} INFO - Filling up the DagBag from /opt/airflow/dags/exampledag.py
[2025-04-27T19:52:10.868+0000] {processor.py:840} INFO - DAG(s) 'chethan_test_dag' retrieved from /opt/airflow/dags/exampledag.py
[2025-04-27T19:52:10.909+0000] {logging_mixin.py:188} INFO - [2025-04-27T19:52:10.908+0000] {dag.py:3036} INFO - Sync 1 DAGs
[2025-04-27T19:52:10.941+0000] {logging_mixin.py:188} INFO - [2025-04-27T19:52:10.940+0000] {dag.py:3823} INFO - Setting next_dagrun for chethan_test_dag to 2025-04-26 00:00:00+00:00, run_after=2025-04-27 00:00:00+00:00
[2025-04-27T19:52:10.976+0000] {processor.py:183} INFO - Processing /opt/airflow/dags/exampledag.py took 0.188 seconds
[2025-04-27T19:52:41.184+0000] {processor.py:161} INFO - Started process (PID=2136) to work on /opt/airflow/dags/exampledag.py
[2025-04-27T19:52:41.185+0000] {processor.py:830} INFO - Processing file /opt/airflow/dags/exampledag.py for tasks to queue
[2025-04-27T19:52:41.186+0000] {logging_mixin.py:188} INFO - [2025-04-27T19:52:41.186+0000] {dagbag.py:538} INFO - Filling up the DagBag from /opt/airflow/dags/exampledag.py
[2025-04-27T19:52:41.218+0000] {processor.py:840} INFO - DAG(s) 'chethan_test_dag' retrieved from /opt/airflow/dags/exampledag.py
[2025-04-27T19:52:41.244+0000] {logging_mixin.py:188} INFO - [2025-04-27T19:52:41.244+0000] {dag.py:3036} INFO - Sync 1 DAGs
[2025-04-27T19:52:41.265+0000] {logging_mixin.py:188} INFO - [2025-04-27T19:52:41.265+0000] {dag.py:3823} INFO - Setting next_dagrun for chethan_test_dag to 2025-04-26 00:00:00+00:00, run_after=2025-04-27 00:00:00+00:00
[2025-04-27T19:52:41.288+0000] {processor.py:183} INFO - Processing /opt/airflow/dags/exampledag.py took 0.107 seconds
[2025-04-27T19:53:11.421+0000] {processor.py:161} INFO - Started process (PID=2173) to work on /opt/airflow/dags/exampledag.py
[2025-04-27T19:53:11.422+0000] {processor.py:830} INFO - Processing file /opt/airflow/dags/exampledag.py for tasks to queue
[2025-04-27T19:53:11.424+0000] {logging_mixin.py:188} INFO - [2025-04-27T19:53:11.424+0000] {dagbag.py:538} INFO - Filling up the DagBag from /opt/airflow/dags/exampledag.py
[2025-04-27T19:53:11.471+0000] {processor.py:840} INFO - DAG(s) 'chethan_test_dag' retrieved from /opt/airflow/dags/exampledag.py
[2025-04-27T19:53:11.523+0000] {logging_mixin.py:188} INFO - [2025-04-27T19:53:11.522+0000] {dag.py:3036} INFO - Sync 1 DAGs
[2025-04-27T19:53:11.575+0000] {logging_mixin.py:188} INFO - [2025-04-27T19:53:11.574+0000] {dag.py:3823} INFO - Setting next_dagrun for chethan_test_dag to 2025-04-26 00:00:00+00:00, run_after=2025-04-27 00:00:00+00:00
[2025-04-27T19:53:11.612+0000] {processor.py:183} INFO - Processing /opt/airflow/dags/exampledag.py took 0.194 seconds
[2025-04-27T19:53:42.043+0000] {processor.py:161} INFO - Started process (PID=2213) to work on /opt/airflow/dags/exampledag.py
[2025-04-27T19:53:42.045+0000] {processor.py:830} INFO - Processing file /opt/airflow/dags/exampledag.py for tasks to queue
[2025-04-27T19:53:42.046+0000] {logging_mixin.py:188} INFO - [2025-04-27T19:53:42.045+0000] {dagbag.py:538} INFO - Filling up the DagBag from /opt/airflow/dags/exampledag.py
[2025-04-27T19:53:42.068+0000] {processor.py:840} INFO - DAG(s) 'chethan_test_dag' retrieved from /opt/airflow/dags/exampledag.py
[2025-04-27T19:53:42.093+0000] {logging_mixin.py:188} INFO - [2025-04-27T19:53:42.092+0000] {dag.py:3036} INFO - Sync 1 DAGs
[2025-04-27T19:53:42.111+0000] {logging_mixin.py:188} INFO - [2025-04-27T19:53:42.111+0000] {dag.py:3823} INFO - Setting next_dagrun for chethan_test_dag to 2025-04-26 00:00:00+00:00, run_after=2025-04-27 00:00:00+00:00
[2025-04-27T19:53:42.132+0000] {processor.py:183} INFO - Processing /opt/airflow/dags/exampledag.py took 0.093 seconds
[2025-04-27T19:54:12.268+0000] {processor.py:161} INFO - Started process (PID=2256) to work on /opt/airflow/dags/exampledag.py
[2025-04-27T19:54:12.269+0000] {processor.py:830} INFO - Processing file /opt/airflow/dags/exampledag.py for tasks to queue
[2025-04-27T19:54:12.270+0000] {logging_mixin.py:188} INFO - [2025-04-27T19:54:12.270+0000] {dagbag.py:538} INFO - Filling up the DagBag from /opt/airflow/dags/exampledag.py
[2025-04-27T19:54:12.294+0000] {processor.py:840} INFO - DAG(s) 'chethan_test_dag' retrieved from /opt/airflow/dags/exampledag.py
[2025-04-27T19:54:12.314+0000] {logging_mixin.py:188} INFO - [2025-04-27T19:54:12.314+0000] {dag.py:3036} INFO - Sync 1 DAGs
[2025-04-27T19:54:12.331+0000] {logging_mixin.py:188} INFO - [2025-04-27T19:54:12.331+0000] {dag.py:3823} INFO - Setting next_dagrun for chethan_test_dag to 2025-04-26 00:00:00+00:00, run_after=2025-04-27 00:00:00+00:00
[2025-04-27T19:54:12.348+0000] {processor.py:183} INFO - Processing /opt/airflow/dags/exampledag.py took 0.083 seconds
[2025-04-27T19:54:42.606+0000] {processor.py:161} INFO - Started process (PID=2299) to work on /opt/airflow/dags/exampledag.py
[2025-04-27T19:54:42.609+0000] {processor.py:830} INFO - Processing file /opt/airflow/dags/exampledag.py for tasks to queue
[2025-04-27T19:54:42.611+0000] {logging_mixin.py:188} INFO - [2025-04-27T19:54:42.610+0000] {dagbag.py:538} INFO - Filling up the DagBag from /opt/airflow/dags/exampledag.py
[2025-04-27T19:54:42.652+0000] {processor.py:840} INFO - DAG(s) 'chethan_test_dag' retrieved from /opt/airflow/dags/exampledag.py
[2025-04-27T19:54:42.687+0000] {logging_mixin.py:188} INFO - [2025-04-27T19:54:42.687+0000] {dag.py:3036} INFO - Sync 1 DAGs
[2025-04-27T19:54:42.712+0000] {logging_mixin.py:188} INFO - [2025-04-27T19:54:42.711+0000] {dag.py:3823} INFO - Setting next_dagrun for chethan_test_dag to 2025-04-26 00:00:00+00:00, run_after=2025-04-27 00:00:00+00:00
[2025-04-27T19:54:42.732+0000] {processor.py:183} INFO - Processing /opt/airflow/dags/exampledag.py took 0.129 seconds
[2025-04-27T19:55:13.488+0000] {processor.py:161} INFO - Started process (PID=2342) to work on /opt/airflow/dags/exampledag.py
[2025-04-27T19:55:13.491+0000] {processor.py:830} INFO - Processing file /opt/airflow/dags/exampledag.py for tasks to queue
[2025-04-27T19:55:13.496+0000] {logging_mixin.py:188} INFO - [2025-04-27T19:55:13.495+0000] {dagbag.py:538} INFO - Filling up the DagBag from /opt/airflow/dags/exampledag.py
[2025-04-27T19:55:13.583+0000] {processor.py:840} INFO - DAG(s) 'chethan_test_dag' retrieved from /opt/airflow/dags/exampledag.py
[2025-04-27T19:55:13.647+0000] {logging_mixin.py:188} INFO - [2025-04-27T19:55:13.646+0000] {dag.py:3036} INFO - Sync 1 DAGs
[2025-04-27T19:55:13.715+0000] {logging_mixin.py:188} INFO - [2025-04-27T19:55:13.714+0000] {dag.py:3823} INFO - Setting next_dagrun for chethan_test_dag to 2025-04-26 00:00:00+00:00, run_after=2025-04-27 00:00:00+00:00
[2025-04-27T19:55:13.763+0000] {processor.py:183} INFO - Processing /opt/airflow/dags/exampledag.py took 0.281 seconds
[2025-04-27T19:55:43.927+0000] {processor.py:161} INFO - Started process (PID=2385) to work on /opt/airflow/dags/exampledag.py
[2025-04-27T19:55:43.929+0000] {processor.py:830} INFO - Processing file /opt/airflow/dags/exampledag.py for tasks to queue
[2025-04-27T19:55:43.930+0000] {logging_mixin.py:188} INFO - [2025-04-27T19:55:43.930+0000] {dagbag.py:538} INFO - Filling up the DagBag from /opt/airflow/dags/exampledag.py
[2025-04-27T19:55:43.960+0000] {processor.py:840} INFO - DAG(s) 'chethan_test_dag' retrieved from /opt/airflow/dags/exampledag.py
[2025-04-27T19:55:43.997+0000] {logging_mixin.py:188} INFO - [2025-04-27T19:55:43.996+0000] {dag.py:3036} INFO - Sync 1 DAGs
[2025-04-27T19:55:44.020+0000] {logging_mixin.py:188} INFO - [2025-04-27T19:55:44.020+0000] {dag.py:3823} INFO - Setting next_dagrun for chethan_test_dag to 2025-04-26 00:00:00+00:00, run_after=2025-04-27 00:00:00+00:00
[2025-04-27T19:55:44.046+0000] {processor.py:183} INFO - Processing /opt/airflow/dags/exampledag.py took 0.122 seconds
[2025-04-27T19:56:14.677+0000] {processor.py:161} INFO - Started process (PID=2428) to work on /opt/airflow/dags/exampledag.py
[2025-04-27T19:56:14.679+0000] {processor.py:830} INFO - Processing file /opt/airflow/dags/exampledag.py for tasks to queue
[2025-04-27T19:56:14.680+0000] {logging_mixin.py:188} INFO - [2025-04-27T19:56:14.680+0000] {dagbag.py:538} INFO - Filling up the DagBag from /opt/airflow/dags/exampledag.py
[2025-04-27T19:56:14.714+0000] {processor.py:840} INFO - DAG(s) 'chethan_test_dag' retrieved from /opt/airflow/dags/exampledag.py
[2025-04-27T19:56:14.741+0000] {logging_mixin.py:188} INFO - [2025-04-27T19:56:14.741+0000] {dag.py:3036} INFO - Sync 1 DAGs
[2025-04-27T19:56:14.766+0000] {logging_mixin.py:188} INFO - [2025-04-27T19:56:14.765+0000] {dag.py:3823} INFO - Setting next_dagrun for chethan_test_dag to 2025-04-26 00:00:00+00:00, run_after=2025-04-27 00:00:00+00:00
[2025-04-27T19:56:14.787+0000] {processor.py:183} INFO - Processing /opt/airflow/dags/exampledag.py took 0.113 seconds
[2025-04-27T19:56:45.141+0000] {processor.py:161} INFO - Started process (PID=2471) to work on /opt/airflow/dags/exampledag.py
[2025-04-27T19:56:45.147+0000] {processor.py:830} INFO - Processing file /opt/airflow/dags/exampledag.py for tasks to queue
[2025-04-27T19:56:45.149+0000] {logging_mixin.py:188} INFO - [2025-04-27T19:56:45.149+0000] {dagbag.py:538} INFO - Filling up the DagBag from /opt/airflow/dags/exampledag.py
[2025-04-27T19:56:45.209+0000] {processor.py:840} INFO - DAG(s) 'chethan_test_dag' retrieved from /opt/airflow/dags/exampledag.py
[2025-04-27T19:56:45.245+0000] {logging_mixin.py:188} INFO - [2025-04-27T19:56:45.245+0000] {dag.py:3036} INFO - Sync 1 DAGs
[2025-04-27T19:56:45.291+0000] {logging_mixin.py:188} INFO - [2025-04-27T19:56:45.291+0000] {dag.py:3823} INFO - Setting next_dagrun for chethan_test_dag to 2025-04-26 00:00:00+00:00, run_after=2025-04-27 00:00:00+00:00
[2025-04-27T19:56:45.327+0000] {processor.py:183} INFO - Processing /opt/airflow/dags/exampledag.py took 0.189 seconds
[2025-04-27T19:57:15.430+0000] {processor.py:161} INFO - Started process (PID=2514) to work on /opt/airflow/dags/exampledag.py
[2025-04-27T19:57:15.432+0000] {processor.py:830} INFO - Processing file /opt/airflow/dags/exampledag.py for tasks to queue
[2025-04-27T19:57:15.433+0000] {logging_mixin.py:188} INFO - [2025-04-27T19:57:15.432+0000] {dagbag.py:538} INFO - Filling up the DagBag from /opt/airflow/dags/exampledag.py
[2025-04-27T19:57:15.458+0000] {processor.py:840} INFO - DAG(s) 'chethan_test_dag' retrieved from /opt/airflow/dags/exampledag.py
[2025-04-27T19:57:15.486+0000] {logging_mixin.py:188} INFO - [2025-04-27T19:57:15.486+0000] {dag.py:3036} INFO - Sync 1 DAGs
[2025-04-27T19:57:15.509+0000] {logging_mixin.py:188} INFO - [2025-04-27T19:57:15.509+0000] {dag.py:3823} INFO - Setting next_dagrun for chethan_test_dag to 2025-04-26 00:00:00+00:00, run_after=2025-04-27 00:00:00+00:00
[2025-04-27T19:57:15.533+0000] {processor.py:183} INFO - Processing /opt/airflow/dags/exampledag.py took 0.106 seconds
[2025-04-27T19:57:46.318+0000] {processor.py:161} INFO - Started process (PID=2557) to work on /opt/airflow/dags/exampledag.py
[2025-04-27T19:57:46.320+0000] {processor.py:830} INFO - Processing file /opt/airflow/dags/exampledag.py for tasks to queue
[2025-04-27T19:57:46.321+0000] {logging_mixin.py:188} INFO - [2025-04-27T19:57:46.321+0000] {dagbag.py:538} INFO - Filling up the DagBag from /opt/airflow/dags/exampledag.py
[2025-04-27T19:57:46.363+0000] {processor.py:840} INFO - DAG(s) 'chethan_test_dag' retrieved from /opt/airflow/dags/exampledag.py
[2025-04-27T19:57:46.415+0000] {logging_mixin.py:188} INFO - [2025-04-27T19:57:46.415+0000] {dag.py:3036} INFO - Sync 1 DAGs
[2025-04-27T19:57:46.454+0000] {logging_mixin.py:188} INFO - [2025-04-27T19:57:46.454+0000] {dag.py:3823} INFO - Setting next_dagrun for chethan_test_dag to 2025-04-26 00:00:00+00:00, run_after=2025-04-27 00:00:00+00:00
[2025-04-27T19:57:46.490+0000] {processor.py:183} INFO - Processing /opt/airflow/dags/exampledag.py took 0.179 seconds
[2025-04-27T19:58:16.858+0000] {processor.py:161} INFO - Started process (PID=2600) to work on /opt/airflow/dags/exampledag.py
[2025-04-27T19:58:16.860+0000] {processor.py:830} INFO - Processing file /opt/airflow/dags/exampledag.py for tasks to queue
[2025-04-27T19:58:16.861+0000] {logging_mixin.py:188} INFO - [2025-04-27T19:58:16.861+0000] {dagbag.py:538} INFO - Filling up the DagBag from /opt/airflow/dags/exampledag.py
[2025-04-27T19:58:16.893+0000] {processor.py:840} INFO - DAG(s) 'chethan_test_dag' retrieved from /opt/airflow/dags/exampledag.py
[2025-04-27T19:58:16.924+0000] {logging_mixin.py:188} INFO - [2025-04-27T19:58:16.923+0000] {dag.py:3036} INFO - Sync 1 DAGs
[2025-04-27T19:58:16.948+0000] {logging_mixin.py:188} INFO - [2025-04-27T19:58:16.948+0000] {dag.py:3823} INFO - Setting next_dagrun for chethan_test_dag to 2025-04-26 00:00:00+00:00, run_after=2025-04-27 00:00:00+00:00
[2025-04-27T19:58:16.978+0000] {processor.py:183} INFO - Processing /opt/airflow/dags/exampledag.py took 0.123 seconds
[2025-04-27T19:59:14.910+0000] {processor.py:161} INFO - Started process (PID=203) to work on /opt/airflow/dags/exampledag.py
[2025-04-27T19:59:14.912+0000] {processor.py:830} INFO - Processing file /opt/airflow/dags/exampledag.py for tasks to queue
[2025-04-27T19:59:14.918+0000] {logging_mixin.py:188} INFO - [2025-04-27T19:59:14.915+0000] {dagbag.py:538} INFO - Filling up the DagBag from /opt/airflow/dags/exampledag.py
[2025-04-27T19:59:14.993+0000] {processor.py:840} INFO - DAG(s) 'chethan_test_dag' retrieved from /opt/airflow/dags/exampledag.py
[2025-04-27T19:59:15.029+0000] {logging_mixin.py:188} INFO - [2025-04-27T19:59:15.028+0000] {dag.py:3036} INFO - Sync 1 DAGs
[2025-04-27T19:59:15.077+0000] {logging_mixin.py:188} INFO - [2025-04-27T19:59:15.077+0000] {dag.py:3823} INFO - Setting next_dagrun for chethan_test_dag to 2025-04-26 00:00:00+00:00, run_after=2025-04-27 00:00:00+00:00
[2025-04-27T19:59:15.151+0000] {processor.py:183} INFO - Processing /opt/airflow/dags/exampledag.py took 0.247 seconds
[2025-04-27T20:04:15.248+0000] {processor.py:161} INFO - Started process (PID=238) to work on /opt/airflow/dags/exampledag.py
[2025-04-27T20:04:15.261+0000] {processor.py:830} INFO - Processing file /opt/airflow/dags/exampledag.py for tasks to queue
[2025-04-27T20:04:15.265+0000] {logging_mixin.py:188} INFO - [2025-04-27T20:04:15.264+0000] {dagbag.py:538} INFO - Filling up the DagBag from /opt/airflow/dags/exampledag.py
[2025-04-27T20:04:15.459+0000] {processor.py:840} INFO - DAG(s) 'chethan_test_dag' retrieved from /opt/airflow/dags/exampledag.py
[2025-04-27T20:04:15.926+0000] {logging_mixin.py:188} INFO - [2025-04-27T20:04:15.925+0000] {dag.py:3036} INFO - Sync 1 DAGs
[2025-04-27T20:04:16.129+0000] {logging_mixin.py:188} INFO - [2025-04-27T20:04:16.129+0000] {dag.py:3823} INFO - Setting next_dagrun for chethan_test_dag to 2025-04-26 00:00:00+00:00, run_after=2025-04-27 00:00:00+00:00
[2025-04-27T20:04:16.278+0000] {processor.py:183} INFO - Processing /opt/airflow/dags/exampledag.py took 1.033 seconds
[2025-04-27T20:04:46.898+0000] {processor.py:161} INFO - Started process (PID=283) to work on /opt/airflow/dags/exampledag.py
[2025-04-27T20:04:46.901+0000] {processor.py:830} INFO - Processing file /opt/airflow/dags/exampledag.py for tasks to queue
[2025-04-27T20:04:46.904+0000] {logging_mixin.py:188} INFO - [2025-04-27T20:04:46.903+0000] {dagbag.py:538} INFO - Filling up the DagBag from /opt/airflow/dags/exampledag.py
[2025-04-27T20:04:46.995+0000] {processor.py:840} INFO - DAG(s) 'chethan_test_dag' retrieved from /opt/airflow/dags/exampledag.py
[2025-04-27T20:04:47.020+0000] {logging_mixin.py:188} INFO - [2025-04-27T20:04:47.019+0000] {dag.py:3036} INFO - Sync 1 DAGs
[2025-04-27T20:04:47.070+0000] {logging_mixin.py:188} INFO - [2025-04-27T20:04:47.070+0000] {dag.py:3823} INFO - Setting next_dagrun for chethan_test_dag to 2025-04-26 00:00:00+00:00, run_after=2025-04-27 00:00:00+00:00
[2025-04-27T20:04:47.120+0000] {processor.py:183} INFO - Processing /opt/airflow/dags/exampledag.py took 0.235 seconds
[2025-04-27T20:05:17.922+0000] {processor.py:161} INFO - Started process (PID=326) to work on /opt/airflow/dags/exampledag.py
[2025-04-27T20:05:17.924+0000] {processor.py:830} INFO - Processing file /opt/airflow/dags/exampledag.py for tasks to queue
[2025-04-27T20:05:17.925+0000] {logging_mixin.py:188} INFO - [2025-04-27T20:05:17.925+0000] {dagbag.py:538} INFO - Filling up the DagBag from /opt/airflow/dags/exampledag.py
[2025-04-27T20:05:17.989+0000] {processor.py:840} INFO - DAG(s) 'chethan_test_dag' retrieved from /opt/airflow/dags/exampledag.py
[2025-04-27T20:05:18.153+0000] {logging_mixin.py:188} INFO - [2025-04-27T20:05:18.153+0000] {dag.py:3036} INFO - Sync 1 DAGs
[2025-04-27T20:05:18.189+0000] {logging_mixin.py:188} INFO - [2025-04-27T20:05:18.188+0000] {dag.py:3823} INFO - Setting next_dagrun for chethan_test_dag to 2025-04-26 00:00:00+00:00, run_after=2025-04-27 00:00:00+00:00
[2025-04-27T20:05:18.222+0000] {processor.py:183} INFO - Processing /opt/airflow/dags/exampledag.py took 0.302 seconds
[2025-04-27T20:05:48.393+0000] {processor.py:161} INFO - Started process (PID=369) to work on /opt/airflow/dags/exampledag.py
[2025-04-27T20:05:48.394+0000] {processor.py:830} INFO - Processing file /opt/airflow/dags/exampledag.py for tasks to queue
[2025-04-27T20:05:48.396+0000] {logging_mixin.py:188} INFO - [2025-04-27T20:05:48.395+0000] {dagbag.py:538} INFO - Filling up the DagBag from /opt/airflow/dags/exampledag.py
[2025-04-27T20:05:48.429+0000] {processor.py:840} INFO - DAG(s) 'chethan_test_dag' retrieved from /opt/airflow/dags/exampledag.py
[2025-04-27T20:05:48.462+0000] {logging_mixin.py:188} INFO - [2025-04-27T20:05:48.461+0000] {dag.py:3036} INFO - Sync 1 DAGs
[2025-04-27T20:05:48.488+0000] {logging_mixin.py:188} INFO - [2025-04-27T20:05:48.488+0000] {dag.py:3823} INFO - Setting next_dagrun for chethan_test_dag to 2025-04-26 00:00:00+00:00, run_after=2025-04-27 00:00:00+00:00
[2025-04-27T20:05:48.516+0000] {processor.py:183} INFO - Processing /opt/airflow/dags/exampledag.py took 0.126 seconds
[2025-04-27T20:06:18.979+0000] {processor.py:161} INFO - Started process (PID=412) to work on /opt/airflow/dags/exampledag.py
[2025-04-27T20:06:18.980+0000] {processor.py:830} INFO - Processing file /opt/airflow/dags/exampledag.py for tasks to queue
[2025-04-27T20:06:18.982+0000] {logging_mixin.py:188} INFO - [2025-04-27T20:06:18.981+0000] {dagbag.py:538} INFO - Filling up the DagBag from /opt/airflow/dags/exampledag.py
[2025-04-27T20:06:19.012+0000] {processor.py:840} INFO - DAG(s) 'chethan_test_dag' retrieved from /opt/airflow/dags/exampledag.py
[2025-04-27T20:06:19.034+0000] {logging_mixin.py:188} INFO - [2025-04-27T20:06:19.034+0000] {dag.py:3036} INFO - Sync 1 DAGs
[2025-04-27T20:06:19.052+0000] {logging_mixin.py:188} INFO - [2025-04-27T20:06:19.052+0000] {dag.py:3823} INFO - Setting next_dagrun for chethan_test_dag to 2025-04-26 00:00:00+00:00, run_after=2025-04-27 00:00:00+00:00
[2025-04-27T20:06:19.076+0000] {processor.py:183} INFO - Processing /opt/airflow/dags/exampledag.py took 0.100 seconds
[2025-04-27T20:06:49.665+0000] {processor.py:161} INFO - Started process (PID=455) to work on /opt/airflow/dags/exampledag.py
[2025-04-27T20:06:49.666+0000] {processor.py:830} INFO - Processing file /opt/airflow/dags/exampledag.py for tasks to queue
[2025-04-27T20:06:49.667+0000] {logging_mixin.py:188} INFO - [2025-04-27T20:06:49.667+0000] {dagbag.py:538} INFO - Filling up the DagBag from /opt/airflow/dags/exampledag.py
[2025-04-27T20:06:49.703+0000] {processor.py:840} INFO - DAG(s) 'chethan_test_dag' retrieved from /opt/airflow/dags/exampledag.py
[2025-04-27T20:06:49.732+0000] {logging_mixin.py:188} INFO - [2025-04-27T20:06:49.731+0000] {dag.py:3036} INFO - Sync 1 DAGs
[2025-04-27T20:06:49.757+0000] {logging_mixin.py:188} INFO - [2025-04-27T20:06:49.757+0000] {dag.py:3823} INFO - Setting next_dagrun for chethan_test_dag to 2025-04-26 00:00:00+00:00, run_after=2025-04-27 00:00:00+00:00
[2025-04-27T20:06:49.782+0000] {processor.py:183} INFO - Processing /opt/airflow/dags/exampledag.py took 0.120 seconds
[2025-04-27T20:07:20.230+0000] {processor.py:161} INFO - Started process (PID=495) to work on /opt/airflow/dags/exampledag.py
[2025-04-27T20:07:20.231+0000] {processor.py:830} INFO - Processing file /opt/airflow/dags/exampledag.py for tasks to queue
[2025-04-27T20:07:20.233+0000] {logging_mixin.py:188} INFO - [2025-04-27T20:07:20.232+0000] {dagbag.py:538} INFO - Filling up the DagBag from /opt/airflow/dags/exampledag.py
[2025-04-27T20:07:20.271+0000] {processor.py:840} INFO - DAG(s) 'chethan_test_dag' retrieved from /opt/airflow/dags/exampledag.py
[2025-04-27T20:07:20.311+0000] {logging_mixin.py:188} INFO - [2025-04-27T20:07:20.310+0000] {dag.py:3036} INFO - Sync 1 DAGs
[2025-04-27T20:07:20.370+0000] {logging_mixin.py:188} INFO - [2025-04-27T20:07:20.370+0000] {dag.py:3823} INFO - Setting next_dagrun for chethan_test_dag to 2025-04-26 00:00:00+00:00, run_after=2025-04-27 00:00:00+00:00
[2025-04-27T20:07:20.409+0000] {processor.py:183} INFO - Processing /opt/airflow/dags/exampledag.py took 0.183 seconds
[2025-04-27T20:07:50.683+0000] {processor.py:161} INFO - Started process (PID=532) to work on /opt/airflow/dags/exampledag.py
[2025-04-27T20:07:50.685+0000] {processor.py:830} INFO - Processing file /opt/airflow/dags/exampledag.py for tasks to queue
[2025-04-27T20:07:50.686+0000] {logging_mixin.py:188} INFO - [2025-04-27T20:07:50.686+0000] {dagbag.py:538} INFO - Filling up the DagBag from /opt/airflow/dags/exampledag.py
[2025-04-27T20:07:50.719+0000] {processor.py:840} INFO - DAG(s) 'chethan_test_dag' retrieved from /opt/airflow/dags/exampledag.py
[2025-04-27T20:07:50.754+0000] {logging_mixin.py:188} INFO - [2025-04-27T20:07:50.754+0000] {dag.py:3036} INFO - Sync 1 DAGs
[2025-04-27T20:07:50.789+0000] {logging_mixin.py:188} INFO - [2025-04-27T20:07:50.789+0000] {dag.py:3823} INFO - Setting next_dagrun for chethan_test_dag to 2025-04-26 00:00:00+00:00, run_after=2025-04-27 00:00:00+00:00
[2025-04-27T20:07:50.836+0000] {processor.py:183} INFO - Processing /opt/airflow/dags/exampledag.py took 0.156 seconds
[2025-04-27T20:08:20.915+0000] {processor.py:161} INFO - Started process (PID=572) to work on /opt/airflow/dags/exampledag.py
[2025-04-27T20:08:20.916+0000] {processor.py:830} INFO - Processing file /opt/airflow/dags/exampledag.py for tasks to queue
[2025-04-27T20:08:20.917+0000] {logging_mixin.py:188} INFO - [2025-04-27T20:08:20.917+0000] {dagbag.py:538} INFO - Filling up the DagBag from /opt/airflow/dags/exampledag.py
[2025-04-27T20:08:20.947+0000] {processor.py:840} INFO - DAG(s) 'chethan_test_dag' retrieved from /opt/airflow/dags/exampledag.py
[2025-04-27T20:08:20.977+0000] {logging_mixin.py:188} INFO - [2025-04-27T20:08:20.977+0000] {dag.py:3036} INFO - Sync 1 DAGs
[2025-04-27T20:08:21.002+0000] {logging_mixin.py:188} INFO - [2025-04-27T20:08:21.002+0000] {dag.py:3823} INFO - Setting next_dagrun for chethan_test_dag to 2025-04-26 00:00:00+00:00, run_after=2025-04-27 00:00:00+00:00
[2025-04-27T20:08:21.023+0000] {processor.py:183} INFO - Processing /opt/airflow/dags/exampledag.py took 0.112 seconds
[2025-04-27T20:08:51.126+0000] {processor.py:161} INFO - Started process (PID=615) to work on /opt/airflow/dags/exampledag.py
[2025-04-27T20:08:51.127+0000] {processor.py:830} INFO - Processing file /opt/airflow/dags/exampledag.py for tasks to queue
[2025-04-27T20:08:51.129+0000] {logging_mixin.py:188} INFO - [2025-04-27T20:08:51.128+0000] {dagbag.py:538} INFO - Filling up the DagBag from /opt/airflow/dags/exampledag.py
[2025-04-27T20:08:51.166+0000] {processor.py:840} INFO - DAG(s) 'chethan_test_dag' retrieved from /opt/airflow/dags/exampledag.py
[2025-04-27T20:08:51.204+0000] {logging_mixin.py:188} INFO - [2025-04-27T20:08:51.204+0000] {dag.py:3036} INFO - Sync 1 DAGs
[2025-04-27T20:08:51.234+0000] {logging_mixin.py:188} INFO - [2025-04-27T20:08:51.233+0000] {dag.py:3823} INFO - Setting next_dagrun for chethan_test_dag to 2025-04-26 00:00:00+00:00, run_after=2025-04-27 00:00:00+00:00
[2025-04-27T20:08:51.261+0000] {processor.py:183} INFO - Processing /opt/airflow/dags/exampledag.py took 0.140 seconds
[2025-04-27T20:09:21.497+0000] {processor.py:161} INFO - Started process (PID=658) to work on /opt/airflow/dags/exampledag.py
[2025-04-27T20:09:21.499+0000] {processor.py:830} INFO - Processing file /opt/airflow/dags/exampledag.py for tasks to queue
[2025-04-27T20:09:21.501+0000] {logging_mixin.py:188} INFO - [2025-04-27T20:09:21.500+0000] {dagbag.py:538} INFO - Filling up the DagBag from /opt/airflow/dags/exampledag.py
[2025-04-27T20:09:21.654+0000] {processor.py:840} INFO - DAG(s) 'chethan_test_dag' retrieved from /opt/airflow/dags/exampledag.py
[2025-04-27T20:09:21.700+0000] {logging_mixin.py:188} INFO - [2025-04-27T20:09:21.700+0000] {dag.py:3036} INFO - Sync 1 DAGs
[2025-04-27T20:09:21.739+0000] {logging_mixin.py:188} INFO - [2025-04-27T20:09:21.738+0000] {dag.py:3823} INFO - Setting next_dagrun for chethan_test_dag to 2025-04-26 00:00:00+00:00, run_after=2025-04-27 00:00:00+00:00
[2025-04-27T20:09:21.767+0000] {processor.py:183} INFO - Processing /opt/airflow/dags/exampledag.py took 0.276 seconds
[2025-04-27T20:10:27.496+0000] {processor.py:161} INFO - Started process (PID=203) to work on /opt/airflow/dags/exampledag.py
[2025-04-27T20:10:27.497+0000] {processor.py:830} INFO - Processing file /opt/airflow/dags/exampledag.py for tasks to queue
[2025-04-27T20:10:27.500+0000] {logging_mixin.py:188} INFO - [2025-04-27T20:10:27.499+0000] {dagbag.py:538} INFO - Filling up the DagBag from /opt/airflow/dags/exampledag.py
[2025-04-27T20:10:27.569+0000] {processor.py:840} INFO - DAG(s) 'chethan_test_dag' retrieved from /opt/airflow/dags/exampledag.py
[2025-04-27T20:10:27.604+0000] {logging_mixin.py:188} INFO - [2025-04-27T20:10:27.603+0000] {dag.py:3036} INFO - Sync 1 DAGs
[2025-04-27T20:10:27.651+0000] {logging_mixin.py:188} INFO - [2025-04-27T20:10:27.651+0000] {dag.py:3823} INFO - Setting next_dagrun for chethan_test_dag to 2025-04-26 00:00:00+00:00, run_after=2025-04-27 00:00:00+00:00
[2025-04-27T20:10:27.696+0000] {processor.py:183} INFO - Processing /opt/airflow/dags/exampledag.py took 0.214 seconds
[2025-04-27T20:10:59.043+0000] {processor.py:161} INFO - Started process (PID=248) to work on /opt/airflow/dags/exampledag.py
[2025-04-27T20:10:59.046+0000] {processor.py:830} INFO - Processing file /opt/airflow/dags/exampledag.py for tasks to queue
[2025-04-27T20:10:59.049+0000] {logging_mixin.py:188} INFO - [2025-04-27T20:10:59.048+0000] {dagbag.py:538} INFO - Filling up the DagBag from /opt/airflow/dags/exampledag.py
[2025-04-27T20:10:59.102+0000] {processor.py:840} INFO - DAG(s) 'chethan_test_dag' retrieved from /opt/airflow/dags/exampledag.py
[2025-04-27T20:10:59.380+0000] {logging_mixin.py:188} INFO - [2025-04-27T20:10:59.379+0000] {dag.py:3036} INFO - Sync 1 DAGs
[2025-04-27T20:10:59.452+0000] {logging_mixin.py:188} INFO - [2025-04-27T20:10:59.451+0000] {dag.py:3823} INFO - Setting next_dagrun for chethan_test_dag to 2025-04-26 00:00:00+00:00, run_after=2025-04-27 00:00:00+00:00
[2025-04-27T20:10:59.527+0000] {processor.py:183} INFO - Processing /opt/airflow/dags/exampledag.py took 0.491 seconds
[2025-04-27T20:11:29.895+0000] {processor.py:161} INFO - Started process (PID=294) to work on /opt/airflow/dags/exampledag.py
[2025-04-27T20:11:29.897+0000] {processor.py:830} INFO - Processing file /opt/airflow/dags/exampledag.py for tasks to queue
[2025-04-27T20:11:29.899+0000] {logging_mixin.py:188} INFO - [2025-04-27T20:11:29.898+0000] {dagbag.py:538} INFO - Filling up the DagBag from /opt/airflow/dags/exampledag.py
[2025-04-27T20:11:29.932+0000] {processor.py:840} INFO - DAG(s) 'chethan_test_dag' retrieved from /opt/airflow/dags/exampledag.py
[2025-04-27T20:11:29.971+0000] {logging_mixin.py:188} INFO - [2025-04-27T20:11:29.971+0000] {dag.py:3036} INFO - Sync 1 DAGs
[2025-04-27T20:11:30.003+0000] {logging_mixin.py:188} INFO - [2025-04-27T20:11:30.003+0000] {dag.py:3823} INFO - Setting next_dagrun for chethan_test_dag to 2025-04-26 00:00:00+00:00, run_after=2025-04-27 00:00:00+00:00
[2025-04-27T20:11:30.030+0000] {processor.py:183} INFO - Processing /opt/airflow/dags/exampledag.py took 0.138 seconds
[2025-04-27T20:12:04.665+0000] {processor.py:161} INFO - Started process (PID=335) to work on /opt/airflow/dags/exampledag.py
[2025-04-27T20:12:04.668+0000] {processor.py:830} INFO - Processing file /opt/airflow/dags/exampledag.py for tasks to queue
[2025-04-27T20:12:04.676+0000] {logging_mixin.py:188} INFO - [2025-04-27T20:12:04.675+0000] {dagbag.py:538} INFO - Filling up the DagBag from /opt/airflow/dags/exampledag.py
[2025-04-27T20:12:04.811+0000] {processor.py:840} INFO - DAG(s) 'chethan_test_dag' retrieved from /opt/airflow/dags/exampledag.py
[2025-04-27T20:12:04.909+0000] {logging_mixin.py:188} INFO - [2025-04-27T20:12:04.899+0000] {dag.py:3036} INFO - Sync 1 DAGs
[2025-04-27T20:12:05.028+0000] {logging_mixin.py:188} INFO - [2025-04-27T20:12:05.027+0000] {dag.py:3823} INFO - Setting next_dagrun for chethan_test_dag to 2025-04-26 00:00:00+00:00, run_after=2025-04-27 00:00:00+00:00
[2025-04-27T20:12:05.133+0000] {processor.py:183} INFO - Processing /opt/airflow/dags/exampledag.py took 0.484 seconds
[2025-04-27T20:12:35.876+0000] {processor.py:161} INFO - Started process (PID=381) to work on /opt/airflow/dags/exampledag.py
[2025-04-27T20:12:35.878+0000] {processor.py:830} INFO - Processing file /opt/airflow/dags/exampledag.py for tasks to queue
[2025-04-27T20:12:35.879+0000] {logging_mixin.py:188} INFO - [2025-04-27T20:12:35.879+0000] {dagbag.py:538} INFO - Filling up the DagBag from /opt/airflow/dags/exampledag.py
[2025-04-27T20:12:35.920+0000] {processor.py:840} INFO - DAG(s) 'chethan_test_dag' retrieved from /opt/airflow/dags/exampledag.py
[2025-04-27T20:12:35.947+0000] {logging_mixin.py:188} INFO - [2025-04-27T20:12:35.947+0000] {dag.py:3036} INFO - Sync 1 DAGs
[2025-04-27T20:12:35.972+0000] {logging_mixin.py:188} INFO - [2025-04-27T20:12:35.972+0000] {dag.py:3823} INFO - Setting next_dagrun for chethan_test_dag to 2025-04-26 00:00:00+00:00, run_after=2025-04-27 00:00:00+00:00
[2025-04-27T20:12:35.993+0000] {processor.py:183} INFO - Processing /opt/airflow/dags/exampledag.py took 0.120 seconds
[2025-04-27T20:13:06.955+0000] {processor.py:161} INFO - Started process (PID=426) to work on /opt/airflow/dags/exampledag.py
[2025-04-27T20:13:06.957+0000] {processor.py:830} INFO - Processing file /opt/airflow/dags/exampledag.py for tasks to queue
[2025-04-27T20:13:06.959+0000] {logging_mixin.py:188} INFO - [2025-04-27T20:13:06.958+0000] {dagbag.py:538} INFO - Filling up the DagBag from /opt/airflow/dags/exampledag.py
[2025-04-27T20:13:06.993+0000] {processor.py:840} INFO - DAG(s) 'chethan_test_dag' retrieved from /opt/airflow/dags/exampledag.py
[2025-04-27T20:13:07.017+0000] {logging_mixin.py:188} INFO - [2025-04-27T20:13:07.017+0000] {dag.py:3036} INFO - Sync 1 DAGs
[2025-04-27T20:13:07.044+0000] {logging_mixin.py:188} INFO - [2025-04-27T20:13:07.044+0000] {dag.py:3823} INFO - Setting next_dagrun for chethan_test_dag to 2025-04-26 00:00:00+00:00, run_after=2025-04-27 00:00:00+00:00
[2025-04-27T20:13:07.063+0000] {processor.py:183} INFO - Processing /opt/airflow/dags/exampledag.py took 0.111 seconds
[2025-04-27T20:13:37.993+0000] {processor.py:161} INFO - Started process (PID=469) to work on /opt/airflow/dags/exampledag.py
[2025-04-27T20:13:37.996+0000] {processor.py:830} INFO - Processing file /opt/airflow/dags/exampledag.py for tasks to queue
[2025-04-27T20:13:37.997+0000] {logging_mixin.py:188} INFO - [2025-04-27T20:13:37.997+0000] {dagbag.py:538} INFO - Filling up the DagBag from /opt/airflow/dags/exampledag.py
[2025-04-27T20:13:38.052+0000] {processor.py:840} INFO - DAG(s) 'chethan_test_dag' retrieved from /opt/airflow/dags/exampledag.py
[2025-04-27T20:13:38.129+0000] {logging_mixin.py:188} INFO - [2025-04-27T20:13:38.128+0000] {dag.py:3036} INFO - Sync 1 DAGs
[2025-04-27T20:13:38.190+0000] {logging_mixin.py:188} INFO - [2025-04-27T20:13:38.190+0000] {dag.py:3823} INFO - Setting next_dagrun for chethan_test_dag to 2025-04-26 00:00:00+00:00, run_after=2025-04-27 00:00:00+00:00
[2025-04-27T20:13:38.228+0000] {processor.py:183} INFO - Processing /opt/airflow/dags/exampledag.py took 0.239 seconds
[2025-04-27T20:14:09.155+0000] {processor.py:161} INFO - Started process (PID=512) to work on /opt/airflow/dags/exampledag.py
[2025-04-27T20:14:09.157+0000] {processor.py:830} INFO - Processing file /opt/airflow/dags/exampledag.py for tasks to queue
[2025-04-27T20:14:09.158+0000] {logging_mixin.py:188} INFO - [2025-04-27T20:14:09.158+0000] {dagbag.py:538} INFO - Filling up the DagBag from /opt/airflow/dags/exampledag.py
[2025-04-27T20:14:09.198+0000] {processor.py:840} INFO - DAG(s) 'chethan_test_dag' retrieved from /opt/airflow/dags/exampledag.py
[2025-04-27T20:14:09.224+0000] {logging_mixin.py:188} INFO - [2025-04-27T20:14:09.224+0000] {dag.py:3036} INFO - Sync 1 DAGs
[2025-04-27T20:14:09.248+0000] {logging_mixin.py:188} INFO - [2025-04-27T20:14:09.248+0000] {dag.py:3823} INFO - Setting next_dagrun for chethan_test_dag to 2025-04-26 00:00:00+00:00, run_after=2025-04-27 00:00:00+00:00
[2025-04-27T20:14:09.272+0000] {processor.py:183} INFO - Processing /opt/airflow/dags/exampledag.py took 0.120 seconds
[2025-04-27T20:14:39.884+0000] {processor.py:161} INFO - Started process (PID=555) to work on /opt/airflow/dags/exampledag.py
[2025-04-27T20:14:39.886+0000] {processor.py:830} INFO - Processing file /opt/airflow/dags/exampledag.py for tasks to queue
[2025-04-27T20:14:39.888+0000] {logging_mixin.py:188} INFO - [2025-04-27T20:14:39.887+0000] {dagbag.py:538} INFO - Filling up the DagBag from /opt/airflow/dags/exampledag.py
[2025-04-27T20:14:39.920+0000] {processor.py:840} INFO - DAG(s) 'chethan_test_dag' retrieved from /opt/airflow/dags/exampledag.py
[2025-04-27T20:14:39.948+0000] {logging_mixin.py:188} INFO - [2025-04-27T20:14:39.948+0000] {dag.py:3036} INFO - Sync 1 DAGs
[2025-04-27T20:14:39.975+0000] {logging_mixin.py:188} INFO - [2025-04-27T20:14:39.975+0000] {dag.py:3823} INFO - Setting next_dagrun for chethan_test_dag to 2025-04-26 00:00:00+00:00, run_after=2025-04-27 00:00:00+00:00
[2025-04-27T20:14:39.999+0000] {processor.py:183} INFO - Processing /opt/airflow/dags/exampledag.py took 0.118 seconds
[2025-04-27T20:15:10.444+0000] {processor.py:161} INFO - Started process (PID=598) to work on /opt/airflow/dags/exampledag.py
[2025-04-27T20:15:10.446+0000] {processor.py:830} INFO - Processing file /opt/airflow/dags/exampledag.py for tasks to queue
[2025-04-27T20:15:10.450+0000] {logging_mixin.py:188} INFO - [2025-04-27T20:15:10.448+0000] {dagbag.py:538} INFO - Filling up the DagBag from /opt/airflow/dags/exampledag.py
[2025-04-27T20:15:10.497+0000] {processor.py:840} INFO - DAG(s) 'chethan_test_dag' retrieved from /opt/airflow/dags/exampledag.py
[2025-04-27T20:15:10.550+0000] {logging_mixin.py:188} INFO - [2025-04-27T20:15:10.549+0000] {dag.py:3036} INFO - Sync 1 DAGs
[2025-04-27T20:15:10.580+0000] {logging_mixin.py:188} INFO - [2025-04-27T20:15:10.580+0000] {dag.py:3823} INFO - Setting next_dagrun for chethan_test_dag to 2025-04-26 00:00:00+00:00, run_after=2025-04-27 00:00:00+00:00
[2025-04-27T20:15:10.607+0000] {processor.py:183} INFO - Processing /opt/airflow/dags/exampledag.py took 0.169 seconds
[2025-04-27T20:15:40.946+0000] {processor.py:161} INFO - Started process (PID=641) to work on /opt/airflow/dags/exampledag.py
[2025-04-27T20:15:40.947+0000] {processor.py:830} INFO - Processing file /opt/airflow/dags/exampledag.py for tasks to queue
[2025-04-27T20:15:40.948+0000] {logging_mixin.py:188} INFO - [2025-04-27T20:15:40.948+0000] {dagbag.py:538} INFO - Filling up the DagBag from /opt/airflow/dags/exampledag.py
[2025-04-27T20:15:40.976+0000] {processor.py:840} INFO - DAG(s) 'chethan_test_dag' retrieved from /opt/airflow/dags/exampledag.py
[2025-04-27T20:15:40.998+0000] {logging_mixin.py:188} INFO - [2025-04-27T20:15:40.998+0000] {dag.py:3036} INFO - Sync 1 DAGs
[2025-04-27T20:15:41.017+0000] {logging_mixin.py:188} INFO - [2025-04-27T20:15:41.017+0000] {dag.py:3823} INFO - Setting next_dagrun for chethan_test_dag to 2025-04-26 00:00:00+00:00, run_after=2025-04-27 00:00:00+00:00
[2025-04-27T20:15:41.034+0000] {processor.py:183} INFO - Processing /opt/airflow/dags/exampledag.py took 0.091 seconds
[2025-04-27T20:16:11.530+0000] {processor.py:161} INFO - Started process (PID=682) to work on /opt/airflow/dags/exampledag.py
[2025-04-27T20:16:11.532+0000] {processor.py:830} INFO - Processing file /opt/airflow/dags/exampledag.py for tasks to queue
[2025-04-27T20:16:11.534+0000] {logging_mixin.py:188} INFO - [2025-04-27T20:16:11.533+0000] {dagbag.py:538} INFO - Filling up the DagBag from /opt/airflow/dags/exampledag.py
[2025-04-27T20:16:11.574+0000] {processor.py:840} INFO - DAG(s) 'chethan_test_dag' retrieved from /opt/airflow/dags/exampledag.py
[2025-04-27T20:16:11.604+0000] {logging_mixin.py:188} INFO - [2025-04-27T20:16:11.604+0000] {dag.py:3036} INFO - Sync 1 DAGs
[2025-04-27T20:16:11.635+0000] {logging_mixin.py:188} INFO - [2025-04-27T20:16:11.635+0000] {dag.py:3823} INFO - Setting next_dagrun for chethan_test_dag to 2025-04-26 00:00:00+00:00, run_after=2025-04-27 00:00:00+00:00
[2025-04-27T20:16:11.665+0000] {processor.py:183} INFO - Processing /opt/airflow/dags/exampledag.py took 0.138 seconds
[2025-04-27T20:16:41.982+0000] {processor.py:161} INFO - Started process (PID=725) to work on /opt/airflow/dags/exampledag.py
[2025-04-27T20:16:41.983+0000] {processor.py:830} INFO - Processing file /opt/airflow/dags/exampledag.py for tasks to queue
[2025-04-27T20:16:41.985+0000] {logging_mixin.py:188} INFO - [2025-04-27T20:16:41.984+0000] {dagbag.py:538} INFO - Filling up the DagBag from /opt/airflow/dags/exampledag.py
[2025-04-27T20:16:42.017+0000] {processor.py:840} INFO - DAG(s) 'chethan_test_dag' retrieved from /opt/airflow/dags/exampledag.py
[2025-04-27T20:16:42.044+0000] {logging_mixin.py:188} INFO - [2025-04-27T20:16:42.044+0000] {dag.py:3036} INFO - Sync 1 DAGs
[2025-04-27T20:16:42.071+0000] {logging_mixin.py:188} INFO - [2025-04-27T20:16:42.071+0000] {dag.py:3823} INFO - Setting next_dagrun for chethan_test_dag to 2025-04-26 00:00:00+00:00, run_after=2025-04-27 00:00:00+00:00
[2025-04-27T20:16:42.097+0000] {processor.py:183} INFO - Processing /opt/airflow/dags/exampledag.py took 0.118 seconds
[2025-04-27T20:17:12.441+0000] {processor.py:161} INFO - Started process (PID=767) to work on /opt/airflow/dags/exampledag.py
[2025-04-27T20:17:12.442+0000] {processor.py:830} INFO - Processing file /opt/airflow/dags/exampledag.py for tasks to queue
[2025-04-27T20:17:12.443+0000] {logging_mixin.py:188} INFO - [2025-04-27T20:17:12.443+0000] {dagbag.py:538} INFO - Filling up the DagBag from /opt/airflow/dags/exampledag.py
[2025-04-27T20:17:12.471+0000] {processor.py:840} INFO - DAG(s) 'chethan_test_dag' retrieved from /opt/airflow/dags/exampledag.py
[2025-04-27T20:17:12.497+0000] {logging_mixin.py:188} INFO - [2025-04-27T20:17:12.496+0000] {dag.py:3036} INFO - Sync 1 DAGs
[2025-04-27T20:17:12.519+0000] {logging_mixin.py:188} INFO - [2025-04-27T20:17:12.519+0000] {dag.py:3823} INFO - Setting next_dagrun for chethan_test_dag to 2025-04-26 00:00:00+00:00, run_after=2025-04-27 00:00:00+00:00
[2025-04-27T20:17:12.541+0000] {processor.py:183} INFO - Processing /opt/airflow/dags/exampledag.py took 0.103 seconds
[2025-04-27T20:17:42.771+0000] {processor.py:161} INFO - Started process (PID=804) to work on /opt/airflow/dags/exampledag.py
[2025-04-27T20:17:42.772+0000] {processor.py:830} INFO - Processing file /opt/airflow/dags/exampledag.py for tasks to queue
[2025-04-27T20:17:42.773+0000] {logging_mixin.py:188} INFO - [2025-04-27T20:17:42.773+0000] {dagbag.py:538} INFO - Filling up the DagBag from /opt/airflow/dags/exampledag.py
[2025-04-27T20:17:42.804+0000] {processor.py:840} INFO - DAG(s) 'chethan_test_dag' retrieved from /opt/airflow/dags/exampledag.py
[2025-04-27T20:17:42.829+0000] {logging_mixin.py:188} INFO - [2025-04-27T20:17:42.828+0000] {dag.py:3036} INFO - Sync 1 DAGs
[2025-04-27T20:17:42.848+0000] {logging_mixin.py:188} INFO - [2025-04-27T20:17:42.848+0000] {dag.py:3823} INFO - Setting next_dagrun for chethan_test_dag to 2025-04-26 00:00:00+00:00, run_after=2025-04-27 00:00:00+00:00
[2025-04-27T20:17:42.870+0000] {processor.py:183} INFO - Processing /opt/airflow/dags/exampledag.py took 0.102 seconds
[2025-04-27T20:18:13.366+0000] {processor.py:161} INFO - Started process (PID=847) to work on /opt/airflow/dags/exampledag.py
[2025-04-27T20:18:13.367+0000] {processor.py:830} INFO - Processing file /opt/airflow/dags/exampledag.py for tasks to queue
[2025-04-27T20:18:13.368+0000] {logging_mixin.py:188} INFO - [2025-04-27T20:18:13.368+0000] {dagbag.py:538} INFO - Filling up the DagBag from /opt/airflow/dags/exampledag.py
[2025-04-27T20:18:13.393+0000] {processor.py:840} INFO - DAG(s) 'chethan_test_dag' retrieved from /opt/airflow/dags/exampledag.py
[2025-04-27T20:18:13.420+0000] {logging_mixin.py:188} INFO - [2025-04-27T20:18:13.420+0000] {dag.py:3036} INFO - Sync 1 DAGs
[2025-04-27T20:18:13.442+0000] {logging_mixin.py:188} INFO - [2025-04-27T20:18:13.442+0000] {dag.py:3823} INFO - Setting next_dagrun for chethan_test_dag to 2025-04-26 00:00:00+00:00, run_after=2025-04-27 00:00:00+00:00
[2025-04-27T20:18:13.467+0000] {processor.py:183} INFO - Processing /opt/airflow/dags/exampledag.py took 0.104 seconds
[2025-04-27T20:18:44.795+0000] {processor.py:161} INFO - Started process (PID=899) to work on /opt/airflow/dags/exampledag.py
[2025-04-27T20:18:44.797+0000] {processor.py:830} INFO - Processing file /opt/airflow/dags/exampledag.py for tasks to queue
[2025-04-27T20:18:44.800+0000] {logging_mixin.py:188} INFO - [2025-04-27T20:18:44.799+0000] {dagbag.py:538} INFO - Filling up the DagBag from /opt/airflow/dags/exampledag.py
[2025-04-27T20:18:44.865+0000] {processor.py:840} INFO - DAG(s) 'chethan_test_dag' retrieved from /opt/airflow/dags/exampledag.py
[2025-04-27T20:18:44.924+0000] {logging_mixin.py:188} INFO - [2025-04-27T20:18:44.924+0000] {dag.py:3036} INFO - Sync 1 DAGs
[2025-04-27T20:18:44.970+0000] {logging_mixin.py:188} INFO - [2025-04-27T20:18:44.970+0000] {dag.py:3823} INFO - Setting next_dagrun for chethan_test_dag to 2025-04-26 00:00:00+00:00, run_after=2025-04-27 00:00:00+00:00
[2025-04-27T20:18:45.009+0000] {processor.py:183} INFO - Processing /opt/airflow/dags/exampledag.py took 0.218 seconds
[2025-04-27T20:19:15.707+0000] {processor.py:161} INFO - Started process (PID=942) to work on /opt/airflow/dags/exampledag.py
[2025-04-27T20:19:15.709+0000] {processor.py:830} INFO - Processing file /opt/airflow/dags/exampledag.py for tasks to queue
[2025-04-27T20:19:15.710+0000] {logging_mixin.py:188} INFO - [2025-04-27T20:19:15.710+0000] {dagbag.py:538} INFO - Filling up the DagBag from /opt/airflow/dags/exampledag.py
[2025-04-27T20:19:15.745+0000] {processor.py:840} INFO - DAG(s) 'chethan_test_dag' retrieved from /opt/airflow/dags/exampledag.py
[2025-04-27T20:19:15.771+0000] {logging_mixin.py:188} INFO - [2025-04-27T20:19:15.771+0000] {dag.py:3036} INFO - Sync 1 DAGs
[2025-04-27T20:19:15.802+0000] {logging_mixin.py:188} INFO - [2025-04-27T20:19:15.802+0000] {dag.py:3823} INFO - Setting next_dagrun for chethan_test_dag to 2025-04-26 00:00:00+00:00, run_after=2025-04-27 00:00:00+00:00
[2025-04-27T20:19:15.822+0000] {processor.py:183} INFO - Processing /opt/airflow/dags/exampledag.py took 0.117 seconds
[2025-04-27T20:19:46.176+0000] {processor.py:161} INFO - Started process (PID=982) to work on /opt/airflow/dags/exampledag.py
[2025-04-27T20:19:46.178+0000] {processor.py:830} INFO - Processing file /opt/airflow/dags/exampledag.py for tasks to queue
[2025-04-27T20:19:46.179+0000] {logging_mixin.py:188} INFO - [2025-04-27T20:19:46.179+0000] {dagbag.py:538} INFO - Filling up the DagBag from /opt/airflow/dags/exampledag.py
[2025-04-27T20:19:46.212+0000] {processor.py:840} INFO - DAG(s) 'chethan_test_dag' retrieved from /opt/airflow/dags/exampledag.py
[2025-04-27T20:19:46.240+0000] {logging_mixin.py:188} INFO - [2025-04-27T20:19:46.239+0000] {dag.py:3036} INFO - Sync 1 DAGs
[2025-04-27T20:19:46.270+0000] {logging_mixin.py:188} INFO - [2025-04-27T20:19:46.270+0000] {dag.py:3823} INFO - Setting next_dagrun for chethan_test_dag to 2025-04-26 00:00:00+00:00, run_after=2025-04-27 00:00:00+00:00
[2025-04-27T20:19:46.302+0000] {processor.py:183} INFO - Processing /opt/airflow/dags/exampledag.py took 0.129 seconds
[2025-04-27T20:20:16.440+0000] {processor.py:161} INFO - Started process (PID=1019) to work on /opt/airflow/dags/exampledag.py
[2025-04-27T20:20:16.441+0000] {processor.py:830} INFO - Processing file /opt/airflow/dags/exampledag.py for tasks to queue
[2025-04-27T20:20:16.441+0000] {logging_mixin.py:188} INFO - [2025-04-27T20:20:16.441+0000] {dagbag.py:538} INFO - Filling up the DagBag from /opt/airflow/dags/exampledag.py
[2025-04-27T20:20:16.465+0000] {processor.py:840} INFO - DAG(s) 'chethan_test_dag' retrieved from /opt/airflow/dags/exampledag.py
[2025-04-27T20:20:16.492+0000] {logging_mixin.py:188} INFO - [2025-04-27T20:20:16.492+0000] {dag.py:3036} INFO - Sync 1 DAGs
[2025-04-27T20:20:16.510+0000] {logging_mixin.py:188} INFO - [2025-04-27T20:20:16.510+0000] {dag.py:3823} INFO - Setting next_dagrun for chethan_test_dag to 2025-04-26 00:00:00+00:00, run_after=2025-04-27 00:00:00+00:00
[2025-04-27T20:20:16.528+0000] {processor.py:183} INFO - Processing /opt/airflow/dags/exampledag.py took 0.091 seconds
[2025-04-27T20:20:47.109+0000] {processor.py:161} INFO - Started process (PID=1062) to work on /opt/airflow/dags/exampledag.py
[2025-04-27T20:20:47.112+0000] {processor.py:830} INFO - Processing file /opt/airflow/dags/exampledag.py for tasks to queue
[2025-04-27T20:20:47.113+0000] {logging_mixin.py:188} INFO - [2025-04-27T20:20:47.113+0000] {dagbag.py:538} INFO - Filling up the DagBag from /opt/airflow/dags/exampledag.py
[2025-04-27T20:20:47.143+0000] {processor.py:840} INFO - DAG(s) 'chethan_test_dag' retrieved from /opt/airflow/dags/exampledag.py
[2025-04-27T20:20:47.168+0000] {logging_mixin.py:188} INFO - [2025-04-27T20:20:47.168+0000] {dag.py:3036} INFO - Sync 1 DAGs
[2025-04-27T20:20:47.191+0000] {logging_mixin.py:188} INFO - [2025-04-27T20:20:47.191+0000] {dag.py:3823} INFO - Setting next_dagrun for chethan_test_dag to 2025-04-26 00:00:00+00:00, run_after=2025-04-27 00:00:00+00:00
[2025-04-27T20:20:47.213+0000] {processor.py:183} INFO - Processing /opt/airflow/dags/exampledag.py took 0.110 seconds
[2025-04-27T20:21:17.521+0000] {processor.py:161} INFO - Started process (PID=1102) to work on /opt/airflow/dags/exampledag.py
[2025-04-27T20:21:17.523+0000] {processor.py:830} INFO - Processing file /opt/airflow/dags/exampledag.py for tasks to queue
[2025-04-27T20:21:17.523+0000] {logging_mixin.py:188} INFO - [2025-04-27T20:21:17.523+0000] {dagbag.py:538} INFO - Filling up the DagBag from /opt/airflow/dags/exampledag.py
[2025-04-27T20:21:17.549+0000] {processor.py:840} INFO - DAG(s) 'chethan_test_dag' retrieved from /opt/airflow/dags/exampledag.py
[2025-04-27T20:21:17.569+0000] {logging_mixin.py:188} INFO - [2025-04-27T20:21:17.569+0000] {dag.py:3036} INFO - Sync 1 DAGs
[2025-04-27T20:21:17.587+0000] {logging_mixin.py:188} INFO - [2025-04-27T20:21:17.586+0000] {dag.py:3823} INFO - Setting next_dagrun for chethan_test_dag to 2025-04-26 00:00:00+00:00, run_after=2025-04-27 00:00:00+00:00
[2025-04-27T20:21:17.605+0000] {processor.py:183} INFO - Processing /opt/airflow/dags/exampledag.py took 0.086 seconds
[2025-04-27T20:21:48.327+0000] {processor.py:161} INFO - Started process (PID=1148) to work on /opt/airflow/dags/exampledag.py
[2025-04-27T20:21:48.328+0000] {processor.py:830} INFO - Processing file /opt/airflow/dags/exampledag.py for tasks to queue
[2025-04-27T20:21:48.330+0000] {logging_mixin.py:188} INFO - [2025-04-27T20:21:48.329+0000] {dagbag.py:538} INFO - Filling up the DagBag from /opt/airflow/dags/exampledag.py
[2025-04-27T20:21:48.355+0000] {processor.py:840} INFO - DAG(s) 'chethan_test_dag' retrieved from /opt/airflow/dags/exampledag.py
[2025-04-27T20:21:48.383+0000] {logging_mixin.py:188} INFO - [2025-04-27T20:21:48.382+0000] {dag.py:3036} INFO - Sync 1 DAGs
[2025-04-27T20:21:48.403+0000] {logging_mixin.py:188} INFO - [2025-04-27T20:21:48.403+0000] {dag.py:3823} INFO - Setting next_dagrun for chethan_test_dag to 2025-04-26 00:00:00+00:00, run_after=2025-04-27 00:00:00+00:00
[2025-04-27T20:21:48.424+0000] {processor.py:183} INFO - Processing /opt/airflow/dags/exampledag.py took 0.099 seconds
[2025-04-27T20:22:18.670+0000] {processor.py:161} INFO - Started process (PID=1188) to work on /opt/airflow/dags/exampledag.py
[2025-04-27T20:22:18.671+0000] {processor.py:830} INFO - Processing file /opt/airflow/dags/exampledag.py for tasks to queue
[2025-04-27T20:22:18.672+0000] {logging_mixin.py:188} INFO - [2025-04-27T20:22:18.671+0000] {dagbag.py:538} INFO - Filling up the DagBag from /opt/airflow/dags/exampledag.py
[2025-04-27T20:22:18.693+0000] {processor.py:840} INFO - DAG(s) 'chethan_test_dag' retrieved from /opt/airflow/dags/exampledag.py
[2025-04-27T20:22:18.716+0000] {logging_mixin.py:188} INFO - [2025-04-27T20:22:18.716+0000] {dag.py:3036} INFO - Sync 1 DAGs
[2025-04-27T20:22:18.742+0000] {logging_mixin.py:188} INFO - [2025-04-27T20:22:18.742+0000] {dag.py:3823} INFO - Setting next_dagrun for chethan_test_dag to 2025-04-26 00:00:00+00:00, run_after=2025-04-27 00:00:00+00:00
[2025-04-27T20:22:18.760+0000] {processor.py:183} INFO - Processing /opt/airflow/dags/exampledag.py took 0.094 seconds
[2025-04-27T20:22:49.205+0000] {processor.py:161} INFO - Started process (PID=1228) to work on /opt/airflow/dags/exampledag.py
[2025-04-27T20:22:49.206+0000] {processor.py:830} INFO - Processing file /opt/airflow/dags/exampledag.py for tasks to queue
[2025-04-27T20:22:49.207+0000] {logging_mixin.py:188} INFO - [2025-04-27T20:22:49.207+0000] {dagbag.py:538} INFO - Filling up the DagBag from /opt/airflow/dags/exampledag.py
[2025-04-27T20:22:49.233+0000] {processor.py:840} INFO - DAG(s) 'chethan_test_dag' retrieved from /opt/airflow/dags/exampledag.py
[2025-04-27T20:22:49.259+0000] {logging_mixin.py:188} INFO - [2025-04-27T20:22:49.259+0000] {dag.py:3036} INFO - Sync 1 DAGs
[2025-04-27T20:22:49.277+0000] {logging_mixin.py:188} INFO - [2025-04-27T20:22:49.276+0000] {dag.py:3823} INFO - Setting next_dagrun for chethan_test_dag to 2025-04-26 00:00:00+00:00, run_after=2025-04-27 00:00:00+00:00
[2025-04-27T20:22:49.300+0000] {processor.py:183} INFO - Processing /opt/airflow/dags/exampledag.py took 0.097 seconds
[2025-04-27T20:23:19.689+0000] {processor.py:161} INFO - Started process (PID=1271) to work on /opt/airflow/dags/exampledag.py
[2025-04-27T20:23:19.690+0000] {processor.py:830} INFO - Processing file /opt/airflow/dags/exampledag.py for tasks to queue
[2025-04-27T20:23:19.691+0000] {logging_mixin.py:188} INFO - [2025-04-27T20:23:19.690+0000] {dagbag.py:538} INFO - Filling up the DagBag from /opt/airflow/dags/exampledag.py
[2025-04-27T20:23:19.723+0000] {processor.py:840} INFO - DAG(s) 'chethan_test_dag' retrieved from /opt/airflow/dags/exampledag.py
[2025-04-27T20:23:19.754+0000] {logging_mixin.py:188} INFO - [2025-04-27T20:23:19.753+0000] {dag.py:3036} INFO - Sync 1 DAGs
[2025-04-27T20:23:19.785+0000] {logging_mixin.py:188} INFO - [2025-04-27T20:23:19.785+0000] {dag.py:3823} INFO - Setting next_dagrun for chethan_test_dag to 2025-04-26 00:00:00+00:00, run_after=2025-04-27 00:00:00+00:00
[2025-04-27T20:23:19.808+0000] {processor.py:183} INFO - Processing /opt/airflow/dags/exampledag.py took 0.122 seconds
[2025-04-27T20:23:50.297+0000] {processor.py:161} INFO - Started process (PID=1314) to work on /opt/airflow/dags/exampledag.py
[2025-04-27T20:23:50.298+0000] {processor.py:830} INFO - Processing file /opt/airflow/dags/exampledag.py for tasks to queue
[2025-04-27T20:23:50.299+0000] {logging_mixin.py:188} INFO - [2025-04-27T20:23:50.299+0000] {dagbag.py:538} INFO - Filling up the DagBag from /opt/airflow/dags/exampledag.py
[2025-04-27T20:23:50.328+0000] {processor.py:840} INFO - DAG(s) 'chethan_test_dag' retrieved from /opt/airflow/dags/exampledag.py
[2025-04-27T20:23:50.367+0000] {logging_mixin.py:188} INFO - [2025-04-27T20:23:50.367+0000] {dag.py:3036} INFO - Sync 1 DAGs
[2025-04-27T20:23:50.395+0000] {logging_mixin.py:188} INFO - [2025-04-27T20:23:50.394+0000] {dag.py:3823} INFO - Setting next_dagrun for chethan_test_dag to 2025-04-26 00:00:00+00:00, run_after=2025-04-27 00:00:00+00:00
[2025-04-27T20:23:50.419+0000] {processor.py:183} INFO - Processing /opt/airflow/dags/exampledag.py took 0.125 seconds
[2025-04-27T20:28:07.122+0000] {processor.py:161} INFO - Started process (PID=1372) to work on /opt/airflow/dags/exampledag.py
[2025-04-27T20:28:07.127+0000] {processor.py:830} INFO - Processing file /opt/airflow/dags/exampledag.py for tasks to queue
[2025-04-27T20:28:07.130+0000] {logging_mixin.py:188} INFO - [2025-04-27T20:28:07.129+0000] {dagbag.py:538} INFO - Filling up the DagBag from /opt/airflow/dags/exampledag.py
[2025-04-27T20:28:07.226+0000] {processor.py:840} INFO - DAG(s) 'chethan_test_dag' retrieved from /opt/airflow/dags/exampledag.py
[2025-04-27T20:28:07.300+0000] {logging_mixin.py:188} INFO - [2025-04-27T20:28:07.300+0000] {dag.py:3036} INFO - Sync 1 DAGs
[2025-04-27T20:28:07.383+0000] {logging_mixin.py:188} INFO - [2025-04-27T20:28:07.382+0000] {dag.py:3823} INFO - Setting next_dagrun for chethan_test_dag to 2025-04-26 00:00:00+00:00, run_after=2025-04-27 00:00:00+00:00
[2025-04-27T20:28:07.449+0000] {processor.py:183} INFO - Processing /opt/airflow/dags/exampledag.py took 0.339 seconds
[2025-04-27T20:28:37.654+0000] {processor.py:161} INFO - Started process (PID=1411) to work on /opt/airflow/dags/exampledag.py
[2025-04-27T20:28:37.655+0000] {processor.py:830} INFO - Processing file /opt/airflow/dags/exampledag.py for tasks to queue
[2025-04-27T20:28:37.656+0000] {logging_mixin.py:188} INFO - [2025-04-27T20:28:37.656+0000] {dagbag.py:538} INFO - Filling up the DagBag from /opt/airflow/dags/exampledag.py
[2025-04-27T20:28:37.687+0000] {processor.py:840} INFO - DAG(s) 'chethan_test_dag' retrieved from /opt/airflow/dags/exampledag.py
[2025-04-27T20:28:37.719+0000] {logging_mixin.py:188} INFO - [2025-04-27T20:28:37.719+0000] {dag.py:3036} INFO - Sync 1 DAGs
[2025-04-27T20:28:37.751+0000] {logging_mixin.py:188} INFO - [2025-04-27T20:28:37.750+0000] {dag.py:3823} INFO - Setting next_dagrun for chethan_test_dag to 2025-04-26 00:00:00+00:00, run_after=2025-04-27 00:00:00+00:00
[2025-04-27T20:28:37.793+0000] {processor.py:183} INFO - Processing /opt/airflow/dags/exampledag.py took 0.141 seconds
[2025-04-27T20:29:08.602+0000] {processor.py:161} INFO - Started process (PID=1452) to work on /opt/airflow/dags/exampledag.py
[2025-04-27T20:29:08.603+0000] {processor.py:830} INFO - Processing file /opt/airflow/dags/exampledag.py for tasks to queue
[2025-04-27T20:29:08.606+0000] {logging_mixin.py:188} INFO - [2025-04-27T20:29:08.605+0000] {dagbag.py:538} INFO - Filling up the DagBag from /opt/airflow/dags/exampledag.py
[2025-04-27T20:29:08.660+0000] {processor.py:840} INFO - DAG(s) 'chethan_test_dag' retrieved from /opt/airflow/dags/exampledag.py
[2025-04-27T20:29:08.707+0000] {logging_mixin.py:188} INFO - [2025-04-27T20:29:08.707+0000] {dag.py:3036} INFO - Sync 1 DAGs
[2025-04-27T20:29:08.739+0000] {logging_mixin.py:188} INFO - [2025-04-27T20:29:08.739+0000] {dag.py:3823} INFO - Setting next_dagrun for chethan_test_dag to 2025-04-26 00:00:00+00:00, run_after=2025-04-27 00:00:00+00:00
[2025-04-27T20:29:08.774+0000] {processor.py:183} INFO - Processing /opt/airflow/dags/exampledag.py took 0.180 seconds
[2025-04-27T20:29:39.544+0000] {processor.py:161} INFO - Started process (PID=1497) to work on /opt/airflow/dags/exampledag.py
[2025-04-27T20:29:39.545+0000] {processor.py:830} INFO - Processing file /opt/airflow/dags/exampledag.py for tasks to queue
[2025-04-27T20:29:39.547+0000] {logging_mixin.py:188} INFO - [2025-04-27T20:29:39.547+0000] {dagbag.py:538} INFO - Filling up the DagBag from /opt/airflow/dags/exampledag.py
[2025-04-27T20:29:39.591+0000] {processor.py:840} INFO - DAG(s) 'chethan_test_dag' retrieved from /opt/airflow/dags/exampledag.py
[2025-04-27T20:29:39.626+0000] {logging_mixin.py:188} INFO - [2025-04-27T20:29:39.626+0000] {dag.py:3036} INFO - Sync 1 DAGs
[2025-04-27T20:29:39.654+0000] {logging_mixin.py:188} INFO - [2025-04-27T20:29:39.654+0000] {dag.py:3823} INFO - Setting next_dagrun for chethan_test_dag to 2025-04-26 00:00:00+00:00, run_after=2025-04-27 00:00:00+00:00
[2025-04-27T20:29:39.692+0000] {processor.py:183} INFO - Processing /opt/airflow/dags/exampledag.py took 0.152 seconds
[2025-04-27T20:30:11.417+0000] {processor.py:161} INFO - Started process (PID=1546) to work on /opt/airflow/dags/exampledag.py
[2025-04-27T20:30:11.418+0000] {processor.py:830} INFO - Processing file /opt/airflow/dags/exampledag.py for tasks to queue
[2025-04-27T20:30:11.419+0000] {logging_mixin.py:188} INFO - [2025-04-27T20:30:11.419+0000] {dagbag.py:538} INFO - Filling up the DagBag from /opt/airflow/dags/exampledag.py
[2025-04-27T20:30:11.445+0000] {processor.py:840} INFO - DAG(s) 'chethan_test_dag' retrieved from /opt/airflow/dags/exampledag.py
[2025-04-27T20:30:11.467+0000] {logging_mixin.py:188} INFO - [2025-04-27T20:30:11.467+0000] {dag.py:3036} INFO - Sync 1 DAGs
[2025-04-27T20:30:11.485+0000] {logging_mixin.py:188} INFO - [2025-04-27T20:30:11.484+0000] {dag.py:3823} INFO - Setting next_dagrun for chethan_test_dag to 2025-04-26 00:00:00+00:00, run_after=2025-04-27 00:00:00+00:00
[2025-04-27T20:30:11.501+0000] {processor.py:183} INFO - Processing /opt/airflow/dags/exampledag.py took 0.088 seconds
[2025-04-27T20:30:42.609+0000] {processor.py:161} INFO - Started process (PID=1587) to work on /opt/airflow/dags/exampledag.py
[2025-04-27T20:30:42.611+0000] {processor.py:830} INFO - Processing file /opt/airflow/dags/exampledag.py for tasks to queue
[2025-04-27T20:30:42.614+0000] {logging_mixin.py:188} INFO - [2025-04-27T20:30:42.613+0000] {dagbag.py:538} INFO - Filling up the DagBag from /opt/airflow/dags/exampledag.py
[2025-04-27T20:30:42.664+0000] {processor.py:840} INFO - DAG(s) 'chethan_test_dag' retrieved from /opt/airflow/dags/exampledag.py
[2025-04-27T20:30:42.697+0000] {logging_mixin.py:188} INFO - [2025-04-27T20:30:42.696+0000] {dag.py:3036} INFO - Sync 1 DAGs
[2025-04-27T20:30:42.723+0000] {logging_mixin.py:188} INFO - [2025-04-27T20:30:42.722+0000] {dag.py:3823} INFO - Setting next_dagrun for chethan_test_dag to 2025-04-26 00:00:00+00:00, run_after=2025-04-27 00:00:00+00:00
[2025-04-27T20:30:42.748+0000] {processor.py:183} INFO - Processing /opt/airflow/dags/exampledag.py took 0.143 seconds
[2025-04-27T20:31:13.921+0000] {processor.py:161} INFO - Started process (PID=1630) to work on /opt/airflow/dags/exampledag.py
[2025-04-27T20:31:13.923+0000] {processor.py:830} INFO - Processing file /opt/airflow/dags/exampledag.py for tasks to queue
[2025-04-27T20:31:13.925+0000] {logging_mixin.py:188} INFO - [2025-04-27T20:31:13.924+0000] {dagbag.py:538} INFO - Filling up the DagBag from /opt/airflow/dags/exampledag.py
[2025-04-27T20:31:13.957+0000] {processor.py:840} INFO - DAG(s) 'chethan_test_dag' retrieved from /opt/airflow/dags/exampledag.py
[2025-04-27T20:31:13.990+0000] {logging_mixin.py:188} INFO - [2025-04-27T20:31:13.990+0000] {dag.py:3036} INFO - Sync 1 DAGs
[2025-04-27T20:31:14.020+0000] {logging_mixin.py:188} INFO - [2025-04-27T20:31:14.019+0000] {dag.py:3823} INFO - Setting next_dagrun for chethan_test_dag to 2025-04-26 00:00:00+00:00, run_after=2025-04-27 00:00:00+00:00
[2025-04-27T20:31:14.047+0000] {processor.py:183} INFO - Processing /opt/airflow/dags/exampledag.py took 0.129 seconds
[2025-04-27T20:31:44.799+0000] {processor.py:161} INFO - Started process (PID=1672) to work on /opt/airflow/dags/exampledag.py
[2025-04-27T20:31:44.800+0000] {processor.py:830} INFO - Processing file /opt/airflow/dags/exampledag.py for tasks to queue
[2025-04-27T20:31:44.801+0000] {logging_mixin.py:188} INFO - [2025-04-27T20:31:44.801+0000] {dagbag.py:538} INFO - Filling up the DagBag from /opt/airflow/dags/exampledag.py
[2025-04-27T20:31:44.833+0000] {processor.py:840} INFO - DAG(s) 'chethan_test_dag' retrieved from /opt/airflow/dags/exampledag.py
[2025-04-27T20:31:44.860+0000] {logging_mixin.py:188} INFO - [2025-04-27T20:31:44.859+0000] {dag.py:3036} INFO - Sync 1 DAGs
[2025-04-27T20:31:44.883+0000] {logging_mixin.py:188} INFO - [2025-04-27T20:31:44.882+0000] {dag.py:3823} INFO - Setting next_dagrun for chethan_test_dag to 2025-04-26 00:00:00+00:00, run_after=2025-04-27 00:00:00+00:00
[2025-04-27T20:31:44.903+0000] {processor.py:183} INFO - Processing /opt/airflow/dags/exampledag.py took 0.108 seconds
[2025-04-27T20:32:15.368+0000] {processor.py:161} INFO - Started process (PID=1712) to work on /opt/airflow/dags/exampledag.py
[2025-04-27T20:32:15.370+0000] {processor.py:830} INFO - Processing file /opt/airflow/dags/exampledag.py for tasks to queue
[2025-04-27T20:32:15.371+0000] {logging_mixin.py:188} INFO - [2025-04-27T20:32:15.371+0000] {dagbag.py:538} INFO - Filling up the DagBag from /opt/airflow/dags/exampledag.py
[2025-04-27T20:32:15.406+0000] {processor.py:840} INFO - DAG(s) 'chethan_test_dag' retrieved from /opt/airflow/dags/exampledag.py
[2025-04-27T20:32:15.445+0000] {logging_mixin.py:188} INFO - [2025-04-27T20:32:15.444+0000] {dag.py:3036} INFO - Sync 1 DAGs
[2025-04-27T20:32:15.485+0000] {logging_mixin.py:188} INFO - [2025-04-27T20:32:15.484+0000] {dag.py:3823} INFO - Setting next_dagrun for chethan_test_dag to 2025-04-26 00:00:00+00:00, run_after=2025-04-27 00:00:00+00:00
[2025-04-27T20:32:15.519+0000] {processor.py:183} INFO - Processing /opt/airflow/dags/exampledag.py took 0.154 seconds
[2025-04-27T20:32:46.691+0000] {processor.py:161} INFO - Started process (PID=1758) to work on /opt/airflow/dags/exampledag.py
[2025-04-27T20:32:46.693+0000] {processor.py:830} INFO - Processing file /opt/airflow/dags/exampledag.py for tasks to queue
[2025-04-27T20:32:46.695+0000] {logging_mixin.py:188} INFO - [2025-04-27T20:32:46.694+0000] {dagbag.py:538} INFO - Filling up the DagBag from /opt/airflow/dags/exampledag.py
[2025-04-27T20:32:46.732+0000] {processor.py:840} INFO - DAG(s) 'chethan_test_dag' retrieved from /opt/airflow/dags/exampledag.py
[2025-04-27T20:32:46.770+0000] {logging_mixin.py:188} INFO - [2025-04-27T20:32:46.770+0000] {dag.py:3036} INFO - Sync 1 DAGs
[2025-04-27T20:32:46.803+0000] {logging_mixin.py:188} INFO - [2025-04-27T20:32:46.803+0000] {dag.py:3823} INFO - Setting next_dagrun for chethan_test_dag to 2025-04-26 00:00:00+00:00, run_after=2025-04-27 00:00:00+00:00
[2025-04-27T20:32:46.837+0000] {processor.py:183} INFO - Processing /opt/airflow/dags/exampledag.py took 0.150 seconds
[2025-04-27T20:33:17.783+0000] {processor.py:161} INFO - Started process (PID=1798) to work on /opt/airflow/dags/exampledag.py
[2025-04-27T20:33:17.784+0000] {processor.py:830} INFO - Processing file /opt/airflow/dags/exampledag.py for tasks to queue
[2025-04-27T20:33:17.786+0000] {logging_mixin.py:188} INFO - [2025-04-27T20:33:17.785+0000] {dagbag.py:538} INFO - Filling up the DagBag from /opt/airflow/dags/exampledag.py
[2025-04-27T20:33:17.818+0000] {processor.py:840} INFO - DAG(s) 'chethan_test_dag' retrieved from /opt/airflow/dags/exampledag.py
[2025-04-27T20:33:17.847+0000] {logging_mixin.py:188} INFO - [2025-04-27T20:33:17.846+0000] {dag.py:3036} INFO - Sync 1 DAGs
[2025-04-27T20:33:17.874+0000] {logging_mixin.py:188} INFO - [2025-04-27T20:33:17.873+0000] {dag.py:3823} INFO - Setting next_dagrun for chethan_test_dag to 2025-04-26 00:00:00+00:00, run_after=2025-04-27 00:00:00+00:00
[2025-04-27T20:33:17.953+0000] {processor.py:183} INFO - Processing /opt/airflow/dags/exampledag.py took 0.174 seconds
[2025-04-27T20:33:48.883+0000] {processor.py:161} INFO - Started process (PID=1841) to work on /opt/airflow/dags/exampledag.py
[2025-04-27T20:33:48.884+0000] {processor.py:830} INFO - Processing file /opt/airflow/dags/exampledag.py for tasks to queue
[2025-04-27T20:33:48.885+0000] {logging_mixin.py:188} INFO - [2025-04-27T20:33:48.885+0000] {dagbag.py:538} INFO - Filling up the DagBag from /opt/airflow/dags/exampledag.py
[2025-04-27T20:33:48.914+0000] {processor.py:840} INFO - DAG(s) 'chethan_test_dag' retrieved from /opt/airflow/dags/exampledag.py
[2025-04-27T20:33:48.935+0000] {logging_mixin.py:188} INFO - [2025-04-27T20:33:48.934+0000] {dag.py:3036} INFO - Sync 1 DAGs
[2025-04-27T20:33:48.953+0000] {logging_mixin.py:188} INFO - [2025-04-27T20:33:48.953+0000] {dag.py:3823} INFO - Setting next_dagrun for chethan_test_dag to 2025-04-26 00:00:00+00:00, run_after=2025-04-27 00:00:00+00:00
[2025-04-27T20:33:48.971+0000] {processor.py:183} INFO - Processing /opt/airflow/dags/exampledag.py took 0.091 seconds
[2025-04-27T20:34:19.409+0000] {processor.py:161} INFO - Started process (PID=1884) to work on /opt/airflow/dags/exampledag.py
[2025-04-27T20:34:19.411+0000] {processor.py:830} INFO - Processing file /opt/airflow/dags/exampledag.py for tasks to queue
[2025-04-27T20:34:19.414+0000] {logging_mixin.py:188} INFO - [2025-04-27T20:34:19.413+0000] {dagbag.py:538} INFO - Filling up the DagBag from /opt/airflow/dags/exampledag.py
[2025-04-27T20:34:19.456+0000] {processor.py:840} INFO - DAG(s) 'chethan_test_dag' retrieved from /opt/airflow/dags/exampledag.py
[2025-04-27T20:34:19.490+0000] {logging_mixin.py:188} INFO - [2025-04-27T20:34:19.490+0000] {dag.py:3036} INFO - Sync 1 DAGs
[2025-04-27T20:34:19.516+0000] {logging_mixin.py:188} INFO - [2025-04-27T20:34:19.516+0000] {dag.py:3823} INFO - Setting next_dagrun for chethan_test_dag to 2025-04-26 00:00:00+00:00, run_after=2025-04-27 00:00:00+00:00
[2025-04-27T20:34:19.537+0000] {processor.py:183} INFO - Processing /opt/airflow/dags/exampledag.py took 0.133 seconds
[2025-04-27T20:34:50.221+0000] {processor.py:161} INFO - Started process (PID=1927) to work on /opt/airflow/dags/exampledag.py
[2025-04-27T20:34:50.222+0000] {processor.py:830} INFO - Processing file /opt/airflow/dags/exampledag.py for tasks to queue
[2025-04-27T20:34:50.224+0000] {logging_mixin.py:188} INFO - [2025-04-27T20:34:50.223+0000] {dagbag.py:538} INFO - Filling up the DagBag from /opt/airflow/dags/exampledag.py
[2025-04-27T20:34:50.266+0000] {processor.py:840} INFO - DAG(s) 'chethan_test_dag' retrieved from /opt/airflow/dags/exampledag.py
[2025-04-27T20:34:50.302+0000] {logging_mixin.py:188} INFO - [2025-04-27T20:34:50.302+0000] {dag.py:3036} INFO - Sync 1 DAGs
[2025-04-27T20:34:50.334+0000] {logging_mixin.py:188} INFO - [2025-04-27T20:34:50.334+0000] {dag.py:3823} INFO - Setting next_dagrun for chethan_test_dag to 2025-04-26 00:00:00+00:00, run_after=2025-04-27 00:00:00+00:00
[2025-04-27T20:34:50.369+0000] {processor.py:183} INFO - Processing /opt/airflow/dags/exampledag.py took 0.152 seconds
[2025-04-27T20:35:22.248+0000] {processor.py:161} INFO - Started process (PID=1974) to work on /opt/airflow/dags/exampledag.py
[2025-04-27T20:35:22.251+0000] {processor.py:830} INFO - Processing file /opt/airflow/dags/exampledag.py for tasks to queue
[2025-04-27T20:35:22.254+0000] {logging_mixin.py:188} INFO - [2025-04-27T20:35:22.253+0000] {dagbag.py:538} INFO - Filling up the DagBag from /opt/airflow/dags/exampledag.py
[2025-04-27T20:35:22.313+0000] {processor.py:840} INFO - DAG(s) 'chethan_test_dag' retrieved from /opt/airflow/dags/exampledag.py
[2025-04-27T20:35:22.347+0000] {logging_mixin.py:188} INFO - [2025-04-27T20:35:22.346+0000] {dag.py:3036} INFO - Sync 1 DAGs
[2025-04-27T20:35:22.366+0000] {logging_mixin.py:188} INFO - [2025-04-27T20:35:22.366+0000] {dag.py:3823} INFO - Setting next_dagrun for chethan_test_dag to 2025-04-26 00:00:00+00:00, run_after=2025-04-27 00:00:00+00:00
[2025-04-27T20:35:22.385+0000] {processor.py:183} INFO - Processing /opt/airflow/dags/exampledag.py took 0.146 seconds
[2025-04-27T20:35:53.251+0000] {processor.py:161} INFO - Started process (PID=2016) to work on /opt/airflow/dags/exampledag.py
[2025-04-27T20:35:53.252+0000] {processor.py:830} INFO - Processing file /opt/airflow/dags/exampledag.py for tasks to queue
[2025-04-27T20:35:53.253+0000] {logging_mixin.py:188} INFO - [2025-04-27T20:35:53.253+0000] {dagbag.py:538} INFO - Filling up the DagBag from /opt/airflow/dags/exampledag.py
[2025-04-27T20:35:53.293+0000] {processor.py:840} INFO - DAG(s) 'chethan_test_dag' retrieved from /opt/airflow/dags/exampledag.py
[2025-04-27T20:35:53.334+0000] {logging_mixin.py:188} INFO - [2025-04-27T20:35:53.333+0000] {dag.py:3036} INFO - Sync 1 DAGs
[2025-04-27T20:35:53.368+0000] {logging_mixin.py:188} INFO - [2025-04-27T20:35:53.368+0000] {dag.py:3823} INFO - Setting next_dagrun for chethan_test_dag to 2025-04-26 00:00:00+00:00, run_after=2025-04-27 00:00:00+00:00
[2025-04-27T20:35:53.408+0000] {processor.py:183} INFO - Processing /opt/airflow/dags/exampledag.py took 0.162 seconds
[2025-04-27T20:36:24.531+0000] {processor.py:161} INFO - Started process (PID=2062) to work on /opt/airflow/dags/exampledag.py
[2025-04-27T20:36:24.533+0000] {processor.py:830} INFO - Processing file /opt/airflow/dags/exampledag.py for tasks to queue
[2025-04-27T20:36:24.535+0000] {logging_mixin.py:188} INFO - [2025-04-27T20:36:24.534+0000] {dagbag.py:538} INFO - Filling up the DagBag from /opt/airflow/dags/exampledag.py
[2025-04-27T20:36:24.578+0000] {processor.py:840} INFO - DAG(s) 'chethan_test_dag' retrieved from /opt/airflow/dags/exampledag.py
[2025-04-27T20:36:24.618+0000] {logging_mixin.py:188} INFO - [2025-04-27T20:36:24.618+0000] {dag.py:3036} INFO - Sync 1 DAGs
[2025-04-27T20:36:24.645+0000] {logging_mixin.py:188} INFO - [2025-04-27T20:36:24.645+0000] {dag.py:3823} INFO - Setting next_dagrun for chethan_test_dag to 2025-04-26 00:00:00+00:00, run_after=2025-04-27 00:00:00+00:00
[2025-04-27T20:36:24.677+0000] {processor.py:183} INFO - Processing /opt/airflow/dags/exampledag.py took 0.149 seconds
[2025-04-27T20:36:55.445+0000] {processor.py:161} INFO - Started process (PID=2102) to work on /opt/airflow/dags/exampledag.py
[2025-04-27T20:36:55.447+0000] {processor.py:830} INFO - Processing file /opt/airflow/dags/exampledag.py for tasks to queue
[2025-04-27T20:36:55.448+0000] {logging_mixin.py:188} INFO - [2025-04-27T20:36:55.448+0000] {dagbag.py:538} INFO - Filling up the DagBag from /opt/airflow/dags/exampledag.py
[2025-04-27T20:36:55.480+0000] {processor.py:840} INFO - DAG(s) 'chethan_test_dag' retrieved from /opt/airflow/dags/exampledag.py
[2025-04-27T20:36:55.508+0000] {logging_mixin.py:188} INFO - [2025-04-27T20:36:55.507+0000] {dag.py:3036} INFO - Sync 1 DAGs
[2025-04-27T20:36:55.531+0000] {logging_mixin.py:188} INFO - [2025-04-27T20:36:55.531+0000] {dag.py:3823} INFO - Setting next_dagrun for chethan_test_dag to 2025-04-26 00:00:00+00:00, run_after=2025-04-27 00:00:00+00:00
[2025-04-27T20:36:55.556+0000] {processor.py:183} INFO - Processing /opt/airflow/dags/exampledag.py took 0.114 seconds
[2025-04-27T20:37:26.276+0000] {processor.py:161} INFO - Started process (PID=2148) to work on /opt/airflow/dags/exampledag.py
[2025-04-27T20:37:26.278+0000] {processor.py:830} INFO - Processing file /opt/airflow/dags/exampledag.py for tasks to queue
[2025-04-27T20:37:26.279+0000] {logging_mixin.py:188} INFO - [2025-04-27T20:37:26.278+0000] {dagbag.py:538} INFO - Filling up the DagBag from /opt/airflow/dags/exampledag.py
[2025-04-27T20:37:26.305+0000] {processor.py:840} INFO - DAG(s) 'chethan_test_dag' retrieved from /opt/airflow/dags/exampledag.py
[2025-04-27T20:37:26.327+0000] {logging_mixin.py:188} INFO - [2025-04-27T20:37:26.327+0000] {dag.py:3036} INFO - Sync 1 DAGs
[2025-04-27T20:37:26.347+0000] {logging_mixin.py:188} INFO - [2025-04-27T20:37:26.347+0000] {dag.py:3823} INFO - Setting next_dagrun for chethan_test_dag to 2025-04-26 00:00:00+00:00, run_after=2025-04-27 00:00:00+00:00
[2025-04-27T20:37:26.365+0000] {processor.py:183} INFO - Processing /opt/airflow/dags/exampledag.py took 0.092 seconds
[2025-04-27T20:37:57.367+0000] {processor.py:161} INFO - Started process (PID=2189) to work on /opt/airflow/dags/exampledag.py
[2025-04-27T20:37:57.370+0000] {processor.py:830} INFO - Processing file /opt/airflow/dags/exampledag.py for tasks to queue
[2025-04-27T20:37:57.373+0000] {logging_mixin.py:188} INFO - [2025-04-27T20:37:57.372+0000] {dagbag.py:538} INFO - Filling up the DagBag from /opt/airflow/dags/exampledag.py
[2025-04-27T20:37:57.416+0000] {processor.py:840} INFO - DAG(s) 'chethan_test_dag' retrieved from /opt/airflow/dags/exampledag.py
[2025-04-27T20:37:57.452+0000] {logging_mixin.py:188} INFO - [2025-04-27T20:37:57.451+0000] {dag.py:3036} INFO - Sync 1 DAGs
[2025-04-27T20:37:57.483+0000] {logging_mixin.py:188} INFO - [2025-04-27T20:37:57.483+0000] {dag.py:3823} INFO - Setting next_dagrun for chethan_test_dag to 2025-04-26 00:00:00+00:00, run_after=2025-04-27 00:00:00+00:00
[2025-04-27T20:37:57.521+0000] {processor.py:183} INFO - Processing /opt/airflow/dags/exampledag.py took 0.164 seconds
[2025-04-27T20:38:31.225+0000] {processor.py:161} INFO - Started process (PID=2232) to work on /opt/airflow/dags/exampledag.py
[2025-04-27T20:38:31.227+0000] {processor.py:830} INFO - Processing file /opt/airflow/dags/exampledag.py for tasks to queue
[2025-04-27T20:38:31.229+0000] {logging_mixin.py:188} INFO - [2025-04-27T20:38:31.228+0000] {dagbag.py:538} INFO - Filling up the DagBag from /opt/airflow/dags/exampledag.py
[2025-04-27T20:38:31.285+0000] {processor.py:840} INFO - DAG(s) 'chethan_test_dag' retrieved from /opt/airflow/dags/exampledag.py
[2025-04-27T20:38:31.331+0000] {logging_mixin.py:188} INFO - [2025-04-27T20:38:31.331+0000] {dag.py:3036} INFO - Sync 1 DAGs
[2025-04-27T20:38:31.381+0000] {logging_mixin.py:188} INFO - [2025-04-27T20:38:31.381+0000] {dag.py:3823} INFO - Setting next_dagrun for chethan_test_dag to 2025-04-26 00:00:00+00:00, run_after=2025-04-27 00:00:00+00:00
[2025-04-27T20:38:31.432+0000] {processor.py:183} INFO - Processing /opt/airflow/dags/exampledag.py took 0.210 seconds
[2025-04-27T20:39:02.054+0000] {processor.py:161} INFO - Started process (PID=2274) to work on /opt/airflow/dags/exampledag.py
[2025-04-27T20:39:02.055+0000] {processor.py:830} INFO - Processing file /opt/airflow/dags/exampledag.py for tasks to queue
[2025-04-27T20:39:02.057+0000] {logging_mixin.py:188} INFO - [2025-04-27T20:39:02.056+0000] {dagbag.py:538} INFO - Filling up the DagBag from /opt/airflow/dags/exampledag.py
[2025-04-27T20:39:02.092+0000] {processor.py:840} INFO - DAG(s) 'chethan_test_dag' retrieved from /opt/airflow/dags/exampledag.py
[2025-04-27T20:39:02.131+0000] {logging_mixin.py:188} INFO - [2025-04-27T20:39:02.131+0000] {dag.py:3036} INFO - Sync 1 DAGs
[2025-04-27T20:39:02.165+0000] {logging_mixin.py:188} INFO - [2025-04-27T20:39:02.164+0000] {dag.py:3823} INFO - Setting next_dagrun for chethan_test_dag to 2025-04-26 00:00:00+00:00, run_after=2025-04-27 00:00:00+00:00
[2025-04-27T20:39:02.192+0000] {processor.py:183} INFO - Processing /opt/airflow/dags/exampledag.py took 0.141 seconds
[2025-04-27T20:39:33.680+0000] {processor.py:161} INFO - Started process (PID=2318) to work on /opt/airflow/dags/exampledag.py
[2025-04-27T20:39:33.683+0000] {processor.py:830} INFO - Processing file /opt/airflow/dags/exampledag.py for tasks to queue
[2025-04-27T20:39:33.690+0000] {logging_mixin.py:188} INFO - [2025-04-27T20:39:33.689+0000] {dagbag.py:538} INFO - Filling up the DagBag from /opt/airflow/dags/exampledag.py
[2025-04-27T20:39:33.743+0000] {processor.py:840} INFO - DAG(s) 'chethan_test_dag' retrieved from /opt/airflow/dags/exampledag.py
[2025-04-27T20:39:33.791+0000] {logging_mixin.py:188} INFO - [2025-04-27T20:39:33.790+0000] {dag.py:3036} INFO - Sync 1 DAGs
[2025-04-27T20:39:33.825+0000] {logging_mixin.py:188} INFO - [2025-04-27T20:39:33.825+0000] {dag.py:3823} INFO - Setting next_dagrun for chethan_test_dag to 2025-04-26 00:00:00+00:00, run_after=2025-04-27 00:00:00+00:00
[2025-04-27T20:39:33.858+0000] {processor.py:183} INFO - Processing /opt/airflow/dags/exampledag.py took 0.184 seconds
[2025-04-27T20:40:05.282+0000] {processor.py:161} INFO - Started process (PID=2361) to work on /opt/airflow/dags/exampledag.py
[2025-04-27T20:40:05.284+0000] {processor.py:830} INFO - Processing file /opt/airflow/dags/exampledag.py for tasks to queue
[2025-04-27T20:40:05.286+0000] {logging_mixin.py:188} INFO - [2025-04-27T20:40:05.285+0000] {dagbag.py:538} INFO - Filling up the DagBag from /opt/airflow/dags/exampledag.py
[2025-04-27T20:40:05.324+0000] {processor.py:840} INFO - DAG(s) 'chethan_test_dag' retrieved from /opt/airflow/dags/exampledag.py
[2025-04-27T20:40:05.365+0000] {logging_mixin.py:188} INFO - [2025-04-27T20:40:05.365+0000] {dag.py:3036} INFO - Sync 1 DAGs
[2025-04-27T20:40:05.402+0000] {logging_mixin.py:188} INFO - [2025-04-27T20:40:05.402+0000] {dag.py:3823} INFO - Setting next_dagrun for chethan_test_dag to 2025-04-26 00:00:00+00:00, run_after=2025-04-27 00:00:00+00:00
[2025-04-27T20:40:05.437+0000] {processor.py:183} INFO - Processing /opt/airflow/dags/exampledag.py took 0.159 seconds
[2025-04-27T20:40:36.702+0000] {processor.py:161} INFO - Started process (PID=2406) to work on /opt/airflow/dags/exampledag.py
[2025-04-27T20:40:36.704+0000] {processor.py:830} INFO - Processing file /opt/airflow/dags/exampledag.py for tasks to queue
[2025-04-27T20:40:36.705+0000] {logging_mixin.py:188} INFO - [2025-04-27T20:40:36.705+0000] {dagbag.py:538} INFO - Filling up the DagBag from /opt/airflow/dags/exampledag.py
[2025-04-27T20:40:36.744+0000] {processor.py:840} INFO - DAG(s) 'chethan_test_dag' retrieved from /opt/airflow/dags/exampledag.py
[2025-04-27T20:40:36.780+0000] {logging_mixin.py:188} INFO - [2025-04-27T20:40:36.780+0000] {dag.py:3036} INFO - Sync 1 DAGs
[2025-04-27T20:40:36.807+0000] {logging_mixin.py:188} INFO - [2025-04-27T20:40:36.807+0000] {dag.py:3823} INFO - Setting next_dagrun for chethan_test_dag to 2025-04-26 00:00:00+00:00, run_after=2025-04-27 00:00:00+00:00
[2025-04-27T20:40:36.839+0000] {processor.py:183} INFO - Processing /opt/airflow/dags/exampledag.py took 0.142 seconds
[2025-04-27T20:41:07.747+0000] {processor.py:161} INFO - Started process (PID=2447) to work on /opt/airflow/dags/exampledag.py
[2025-04-27T20:41:07.749+0000] {processor.py:830} INFO - Processing file /opt/airflow/dags/exampledag.py for tasks to queue
[2025-04-27T20:41:07.752+0000] {logging_mixin.py:188} INFO - [2025-04-27T20:41:07.751+0000] {dagbag.py:538} INFO - Filling up the DagBag from /opt/airflow/dags/exampledag.py
[2025-04-27T20:41:07.793+0000] {processor.py:840} INFO - DAG(s) 'chethan_test_dag' retrieved from /opt/airflow/dags/exampledag.py
[2025-04-27T20:41:07.824+0000] {logging_mixin.py:188} INFO - [2025-04-27T20:41:07.824+0000] {dag.py:3036} INFO - Sync 1 DAGs
[2025-04-27T20:41:07.850+0000] {logging_mixin.py:188} INFO - [2025-04-27T20:41:07.850+0000] {dag.py:3823} INFO - Setting next_dagrun for chethan_test_dag to 2025-04-26 00:00:00+00:00, run_after=2025-04-27 00:00:00+00:00
[2025-04-27T20:41:07.879+0000] {processor.py:183} INFO - Processing /opt/airflow/dags/exampledag.py took 0.135 seconds
[2025-04-27T20:41:39.374+0000] {processor.py:161} INFO - Started process (PID=2492) to work on /opt/airflow/dags/exampledag.py
[2025-04-27T20:41:39.375+0000] {processor.py:830} INFO - Processing file /opt/airflow/dags/exampledag.py for tasks to queue
[2025-04-27T20:41:39.376+0000] {logging_mixin.py:188} INFO - [2025-04-27T20:41:39.376+0000] {dagbag.py:538} INFO - Filling up the DagBag from /opt/airflow/dags/exampledag.py
[2025-04-27T20:41:39.428+0000] {processor.py:840} INFO - DAG(s) 'chethan_test_dag' retrieved from /opt/airflow/dags/exampledag.py
[2025-04-27T20:41:39.461+0000] {logging_mixin.py:188} INFO - [2025-04-27T20:41:39.461+0000] {dag.py:3036} INFO - Sync 1 DAGs
[2025-04-27T20:41:39.503+0000] {logging_mixin.py:188} INFO - [2025-04-27T20:41:39.503+0000] {dag.py:3823} INFO - Setting next_dagrun for chethan_test_dag to 2025-04-26 00:00:00+00:00, run_after=2025-04-27 00:00:00+00:00
[2025-04-27T20:41:39.540+0000] {processor.py:183} INFO - Processing /opt/airflow/dags/exampledag.py took 0.171 seconds
[2025-04-27T20:42:27.310+0000] {processor.py:161} INFO - Started process (PID=204) to work on /opt/airflow/dags/exampledag.py
[2025-04-27T20:42:27.312+0000] {processor.py:830} INFO - Processing file /opt/airflow/dags/exampledag.py for tasks to queue
[2025-04-27T20:42:27.314+0000] {logging_mixin.py:188} INFO - [2025-04-27T20:42:27.313+0000] {dagbag.py:538} INFO - Filling up the DagBag from /opt/airflow/dags/exampledag.py
[2025-04-27T20:42:27.357+0000] {processor.py:840} INFO - DAG(s) 'chethan_test_dag' retrieved from /opt/airflow/dags/exampledag.py
[2025-04-27T20:42:27.377+0000] {logging_mixin.py:188} INFO - [2025-04-27T20:42:27.377+0000] {dag.py:3036} INFO - Sync 1 DAGs
[2025-04-27T20:42:27.415+0000] {logging_mixin.py:188} INFO - [2025-04-27T20:42:27.415+0000] {dag.py:3823} INFO - Setting next_dagrun for chethan_test_dag to 2025-04-26 00:00:00+00:00, run_after=2025-04-27 00:00:00+00:00
[2025-04-27T20:42:27.452+0000] {processor.py:183} INFO - Processing /opt/airflow/dags/exampledag.py took 0.148 seconds
[2025-04-27T20:43:00.131+0000] {processor.py:161} INFO - Started process (PID=247) to work on /opt/airflow/dags/exampledag.py
[2025-04-27T20:43:00.133+0000] {processor.py:830} INFO - Processing file /opt/airflow/dags/exampledag.py for tasks to queue
[2025-04-27T20:43:00.135+0000] {logging_mixin.py:188} INFO - [2025-04-27T20:43:00.134+0000] {dagbag.py:538} INFO - Filling up the DagBag from /opt/airflow/dags/exampledag.py
[2025-04-27T20:43:00.286+0000] {processor.py:840} INFO - DAG(s) 'chethan_test_dag' retrieved from /opt/airflow/dags/exampledag.py
[2025-04-27T20:43:00.579+0000] {logging_mixin.py:188} INFO - [2025-04-27T20:43:00.578+0000] {dag.py:3036} INFO - Sync 1 DAGs
[2025-04-27T20:43:00.660+0000] {logging_mixin.py:188} INFO - [2025-04-27T20:43:00.659+0000] {dag.py:3823} INFO - Setting next_dagrun for chethan_test_dag to 2025-04-26 00:00:00+00:00, run_after=2025-04-27 00:00:00+00:00
[2025-04-27T20:43:00.742+0000] {processor.py:183} INFO - Processing /opt/airflow/dags/exampledag.py took 0.619 seconds
[2025-04-27T20:43:31.007+0000] {processor.py:161} INFO - Started process (PID=287) to work on /opt/airflow/dags/exampledag.py
[2025-04-27T20:43:31.010+0000] {processor.py:830} INFO - Processing file /opt/airflow/dags/exampledag.py for tasks to queue
[2025-04-27T20:43:31.013+0000] {logging_mixin.py:188} INFO - [2025-04-27T20:43:31.012+0000] {dagbag.py:538} INFO - Filling up the DagBag from /opt/airflow/dags/exampledag.py
[2025-04-27T20:43:31.072+0000] {processor.py:840} INFO - DAG(s) 'chethan_test_dag' retrieved from /opt/airflow/dags/exampledag.py
[2025-04-27T20:43:31.128+0000] {logging_mixin.py:188} INFO - [2025-04-27T20:43:31.127+0000] {dag.py:3036} INFO - Sync 1 DAGs
[2025-04-27T20:43:31.163+0000] {logging_mixin.py:188} INFO - [2025-04-27T20:43:31.162+0000] {dag.py:3823} INFO - Setting next_dagrun for chethan_test_dag to 2025-04-26 00:00:00+00:00, run_after=2025-04-27 00:00:00+00:00
[2025-04-27T20:43:31.191+0000] {processor.py:183} INFO - Processing /opt/airflow/dags/exampledag.py took 0.207 seconds
[2025-04-27T20:44:01.520+0000] {processor.py:161} INFO - Started process (PID=330) to work on /opt/airflow/dags/exampledag.py
[2025-04-27T20:44:01.521+0000] {processor.py:830} INFO - Processing file /opt/airflow/dags/exampledag.py for tasks to queue
[2025-04-27T20:44:01.523+0000] {logging_mixin.py:188} INFO - [2025-04-27T20:44:01.523+0000] {dagbag.py:538} INFO - Filling up the DagBag from /opt/airflow/dags/exampledag.py
[2025-04-27T20:44:01.568+0000] {processor.py:840} INFO - DAG(s) 'chethan_test_dag' retrieved from /opt/airflow/dags/exampledag.py
[2025-04-27T20:44:01.607+0000] {logging_mixin.py:188} INFO - [2025-04-27T20:44:01.607+0000] {dag.py:3036} INFO - Sync 1 DAGs
[2025-04-27T20:44:01.664+0000] {logging_mixin.py:188} INFO - [2025-04-27T20:44:01.663+0000] {dag.py:3823} INFO - Setting next_dagrun for chethan_test_dag to 2025-04-26 00:00:00+00:00, run_after=2025-04-27 00:00:00+00:00
[2025-04-27T20:44:01.715+0000] {processor.py:183} INFO - Processing /opt/airflow/dags/exampledag.py took 0.199 seconds
[2025-04-27T20:44:32.532+0000] {processor.py:161} INFO - Started process (PID=375) to work on /opt/airflow/dags/exampledag.py
[2025-04-27T20:44:32.534+0000] {processor.py:830} INFO - Processing file /opt/airflow/dags/exampledag.py for tasks to queue
[2025-04-27T20:44:32.536+0000] {logging_mixin.py:188} INFO - [2025-04-27T20:44:32.535+0000] {dagbag.py:538} INFO - Filling up the DagBag from /opt/airflow/dags/exampledag.py
[2025-04-27T20:44:32.575+0000] {processor.py:840} INFO - DAG(s) 'chethan_test_dag' retrieved from /opt/airflow/dags/exampledag.py
[2025-04-27T20:44:32.609+0000] {logging_mixin.py:188} INFO - [2025-04-27T20:44:32.608+0000] {dag.py:3036} INFO - Sync 1 DAGs
[2025-04-27T20:44:32.637+0000] {logging_mixin.py:188} INFO - [2025-04-27T20:44:32.637+0000] {dag.py:3823} INFO - Setting next_dagrun for chethan_test_dag to 2025-04-26 00:00:00+00:00, run_after=2025-04-27 00:00:00+00:00
[2025-04-27T20:44:32.665+0000] {processor.py:183} INFO - Processing /opt/airflow/dags/exampledag.py took 0.137 seconds
[2025-04-27T20:45:03.562+0000] {processor.py:161} INFO - Started process (PID=416) to work on /opt/airflow/dags/exampledag.py
[2025-04-27T20:45:03.564+0000] {processor.py:830} INFO - Processing file /opt/airflow/dags/exampledag.py for tasks to queue
[2025-04-27T20:45:03.572+0000] {logging_mixin.py:188} INFO - [2025-04-27T20:45:03.571+0000] {dagbag.py:538} INFO - Filling up the DagBag from /opt/airflow/dags/exampledag.py
[2025-04-27T20:45:03.620+0000] {processor.py:840} INFO - DAG(s) 'chethan_test_dag' retrieved from /opt/airflow/dags/exampledag.py
[2025-04-27T20:45:03.657+0000] {logging_mixin.py:188} INFO - [2025-04-27T20:45:03.657+0000] {dag.py:3036} INFO - Sync 1 DAGs
[2025-04-27T20:45:03.688+0000] {logging_mixin.py:188} INFO - [2025-04-27T20:45:03.688+0000] {dag.py:3823} INFO - Setting next_dagrun for chethan_test_dag to 2025-04-26 00:00:00+00:00, run_after=2025-04-27 00:00:00+00:00
[2025-04-27T20:45:03.725+0000] {processor.py:183} INFO - Processing /opt/airflow/dags/exampledag.py took 0.168 seconds
[2025-04-27T20:45:34.958+0000] {processor.py:161} INFO - Started process (PID=461) to work on /opt/airflow/dags/exampledag.py
[2025-04-27T20:45:34.960+0000] {processor.py:830} INFO - Processing file /opt/airflow/dags/exampledag.py for tasks to queue
[2025-04-27T20:45:34.961+0000] {logging_mixin.py:188} INFO - [2025-04-27T20:45:34.961+0000] {dagbag.py:538} INFO - Filling up the DagBag from /opt/airflow/dags/exampledag.py
[2025-04-27T20:45:35.004+0000] {processor.py:840} INFO - DAG(s) 'chethan_test_dag' retrieved from /opt/airflow/dags/exampledag.py
[2025-04-27T20:45:35.045+0000] {logging_mixin.py:188} INFO - [2025-04-27T20:45:35.045+0000] {dag.py:3036} INFO - Sync 1 DAGs
[2025-04-27T20:45:35.088+0000] {logging_mixin.py:188} INFO - [2025-04-27T20:45:35.088+0000] {dag.py:3823} INFO - Setting next_dagrun for chethan_test_dag to 2025-04-26 00:00:00+00:00, run_after=2025-04-27 00:00:00+00:00
[2025-04-27T20:45:35.118+0000] {processor.py:183} INFO - Processing /opt/airflow/dags/exampledag.py took 0.165 seconds
[2025-04-27T20:46:06.021+0000] {processor.py:161} INFO - Started process (PID=502) to work on /opt/airflow/dags/exampledag.py
[2025-04-27T20:46:06.023+0000] {processor.py:830} INFO - Processing file /opt/airflow/dags/exampledag.py for tasks to queue
[2025-04-27T20:46:06.026+0000] {logging_mixin.py:188} INFO - [2025-04-27T20:46:06.025+0000] {dagbag.py:538} INFO - Filling up the DagBag from /opt/airflow/dags/exampledag.py
[2025-04-27T20:46:06.070+0000] {processor.py:840} INFO - DAG(s) 'chethan_test_dag' retrieved from /opt/airflow/dags/exampledag.py
[2025-04-27T20:46:06.097+0000] {logging_mixin.py:188} INFO - [2025-04-27T20:46:06.097+0000] {dag.py:3036} INFO - Sync 1 DAGs
[2025-04-27T20:46:06.121+0000] {logging_mixin.py:188} INFO - [2025-04-27T20:46:06.121+0000] {dag.py:3823} INFO - Setting next_dagrun for chethan_test_dag to 2025-04-26 00:00:00+00:00, run_after=2025-04-27 00:00:00+00:00
[2025-04-27T20:46:06.153+0000] {processor.py:183} INFO - Processing /opt/airflow/dags/exampledag.py took 0.137 seconds
[2025-04-27T20:46:36.987+0000] {processor.py:161} INFO - Started process (PID=547) to work on /opt/airflow/dags/exampledag.py
[2025-04-27T20:46:36.990+0000] {processor.py:830} INFO - Processing file /opt/airflow/dags/exampledag.py for tasks to queue
[2025-04-27T20:46:36.991+0000] {logging_mixin.py:188} INFO - [2025-04-27T20:46:36.991+0000] {dagbag.py:538} INFO - Filling up the DagBag from /opt/airflow/dags/exampledag.py
[2025-04-27T20:46:37.028+0000] {processor.py:840} INFO - DAG(s) 'chethan_test_dag' retrieved from /opt/airflow/dags/exampledag.py
[2025-04-27T20:46:37.056+0000] {logging_mixin.py:188} INFO - [2025-04-27T20:46:37.056+0000] {dag.py:3036} INFO - Sync 1 DAGs
[2025-04-27T20:46:37.084+0000] {logging_mixin.py:188} INFO - [2025-04-27T20:46:37.084+0000] {dag.py:3823} INFO - Setting next_dagrun for chethan_test_dag to 2025-04-26 00:00:00+00:00, run_after=2025-04-27 00:00:00+00:00
[2025-04-27T20:46:37.110+0000] {processor.py:183} INFO - Processing /opt/airflow/dags/exampledag.py took 0.125 seconds
[2025-04-27T20:47:07.640+0000] {processor.py:161} INFO - Started process (PID=590) to work on /opt/airflow/dags/exampledag.py
[2025-04-27T20:47:07.641+0000] {processor.py:830} INFO - Processing file /opt/airflow/dags/exampledag.py for tasks to queue
[2025-04-27T20:47:07.642+0000] {logging_mixin.py:188} INFO - [2025-04-27T20:47:07.642+0000] {dagbag.py:538} INFO - Filling up the DagBag from /opt/airflow/dags/exampledag.py
[2025-04-27T20:47:07.676+0000] {processor.py:840} INFO - DAG(s) 'chethan_test_dag' retrieved from /opt/airflow/dags/exampledag.py
[2025-04-27T20:47:07.699+0000] {logging_mixin.py:188} INFO - [2025-04-27T20:47:07.699+0000] {dag.py:3036} INFO - Sync 1 DAGs
[2025-04-27T20:47:07.716+0000] {logging_mixin.py:188} INFO - [2025-04-27T20:47:07.716+0000] {dag.py:3823} INFO - Setting next_dagrun for chethan_test_dag to 2025-04-26 00:00:00+00:00, run_after=2025-04-27 00:00:00+00:00
[2025-04-27T20:47:07.736+0000] {processor.py:183} INFO - Processing /opt/airflow/dags/exampledag.py took 0.098 seconds
[2025-04-27T20:47:38.876+0000] {processor.py:161} INFO - Started process (PID=633) to work on /opt/airflow/dags/exampledag.py
[2025-04-27T20:47:38.878+0000] {processor.py:830} INFO - Processing file /opt/airflow/dags/exampledag.py for tasks to queue
[2025-04-27T20:47:38.880+0000] {logging_mixin.py:188} INFO - [2025-04-27T20:47:38.879+0000] {dagbag.py:538} INFO - Filling up the DagBag from /opt/airflow/dags/exampledag.py
[2025-04-27T20:47:38.914+0000] {processor.py:840} INFO - DAG(s) 'chethan_test_dag' retrieved from /opt/airflow/dags/exampledag.py
[2025-04-27T20:47:38.954+0000] {logging_mixin.py:188} INFO - [2025-04-27T20:47:38.954+0000] {dag.py:3036} INFO - Sync 1 DAGs
[2025-04-27T20:47:38.983+0000] {logging_mixin.py:188} INFO - [2025-04-27T20:47:38.983+0000] {dag.py:3823} INFO - Setting next_dagrun for chethan_test_dag to 2025-04-26 00:00:00+00:00, run_after=2025-04-27 00:00:00+00:00
[2025-04-27T20:47:39.013+0000] {processor.py:183} INFO - Processing /opt/airflow/dags/exampledag.py took 0.140 seconds
[2025-04-27T20:48:09.604+0000] {processor.py:161} INFO - Started process (PID=676) to work on /opt/airflow/dags/exampledag.py
[2025-04-27T20:48:09.606+0000] {processor.py:830} INFO - Processing file /opt/airflow/dags/exampledag.py for tasks to queue
[2025-04-27T20:48:09.607+0000] {logging_mixin.py:188} INFO - [2025-04-27T20:48:09.607+0000] {dagbag.py:538} INFO - Filling up the DagBag from /opt/airflow/dags/exampledag.py
[2025-04-27T20:48:09.641+0000] {processor.py:840} INFO - DAG(s) 'chethan_test_dag' retrieved from /opt/airflow/dags/exampledag.py
[2025-04-27T20:48:09.671+0000] {logging_mixin.py:188} INFO - [2025-04-27T20:48:09.671+0000] {dag.py:3036} INFO - Sync 1 DAGs
[2025-04-27T20:48:09.693+0000] {logging_mixin.py:188} INFO - [2025-04-27T20:48:09.693+0000] {dag.py:3823} INFO - Setting next_dagrun for chethan_test_dag to 2025-04-26 00:00:00+00:00, run_after=2025-04-27 00:00:00+00:00
[2025-04-27T20:48:09.721+0000] {processor.py:183} INFO - Processing /opt/airflow/dags/exampledag.py took 0.120 seconds
[2025-04-27T20:48:40.179+0000] {processor.py:161} INFO - Started process (PID=719) to work on /opt/airflow/dags/exampledag.py
[2025-04-27T20:48:40.181+0000] {processor.py:830} INFO - Processing file /opt/airflow/dags/exampledag.py for tasks to queue
[2025-04-27T20:48:40.182+0000] {logging_mixin.py:188} INFO - [2025-04-27T20:48:40.181+0000] {dagbag.py:538} INFO - Filling up the DagBag from /opt/airflow/dags/exampledag.py
[2025-04-27T20:48:40.213+0000] {processor.py:840} INFO - DAG(s) 'chethan_test_dag' retrieved from /opt/airflow/dags/exampledag.py
[2025-04-27T20:48:40.240+0000] {logging_mixin.py:188} INFO - [2025-04-27T20:48:40.239+0000] {dag.py:3036} INFO - Sync 1 DAGs
[2025-04-27T20:48:40.264+0000] {logging_mixin.py:188} INFO - [2025-04-27T20:48:40.264+0000] {dag.py:3823} INFO - Setting next_dagrun for chethan_test_dag to 2025-04-26 00:00:00+00:00, run_after=2025-04-27 00:00:00+00:00
[2025-04-27T20:48:40.287+0000] {processor.py:183} INFO - Processing /opt/airflow/dags/exampledag.py took 0.111 seconds
[2025-04-27T20:49:11.549+0000] {processor.py:161} INFO - Started process (PID=762) to work on /opt/airflow/dags/exampledag.py
[2025-04-27T20:49:11.551+0000] {processor.py:830} INFO - Processing file /opt/airflow/dags/exampledag.py for tasks to queue
[2025-04-27T20:49:11.560+0000] {logging_mixin.py:188} INFO - [2025-04-27T20:49:11.555+0000] {dagbag.py:538} INFO - Filling up the DagBag from /opt/airflow/dags/exampledag.py
[2025-04-27T20:49:11.653+0000] {processor.py:840} INFO - DAG(s) 'chethan_test_dag' retrieved from /opt/airflow/dags/exampledag.py
[2025-04-27T20:49:11.692+0000] {logging_mixin.py:188} INFO - [2025-04-27T20:49:11.691+0000] {dag.py:3036} INFO - Sync 1 DAGs
[2025-04-27T20:49:11.722+0000] {logging_mixin.py:188} INFO - [2025-04-27T20:49:11.721+0000] {dag.py:3823} INFO - Setting next_dagrun for chethan_test_dag to 2025-04-26 00:00:00+00:00, run_after=2025-04-27 00:00:00+00:00
[2025-04-27T20:49:11.750+0000] {processor.py:183} INFO - Processing /opt/airflow/dags/exampledag.py took 0.206 seconds
[2025-04-27T20:49:42.326+0000] {processor.py:161} INFO - Started process (PID=805) to work on /opt/airflow/dags/exampledag.py
[2025-04-27T20:49:42.327+0000] {processor.py:830} INFO - Processing file /opt/airflow/dags/exampledag.py for tasks to queue
[2025-04-27T20:49:42.328+0000] {logging_mixin.py:188} INFO - [2025-04-27T20:49:42.328+0000] {dagbag.py:538} INFO - Filling up the DagBag from /opt/airflow/dags/exampledag.py
[2025-04-27T20:49:42.364+0000] {processor.py:840} INFO - DAG(s) 'chethan_test_dag' retrieved from /opt/airflow/dags/exampledag.py
[2025-04-27T20:49:42.387+0000] {logging_mixin.py:188} INFO - [2025-04-27T20:49:42.387+0000] {dag.py:3036} INFO - Sync 1 DAGs
[2025-04-27T20:49:42.418+0000] {logging_mixin.py:188} INFO - [2025-04-27T20:49:42.418+0000] {dag.py:3823} INFO - Setting next_dagrun for chethan_test_dag to 2025-04-26 00:00:00+00:00, run_after=2025-04-27 00:00:00+00:00
[2025-04-27T20:49:42.451+0000] {processor.py:183} INFO - Processing /opt/airflow/dags/exampledag.py took 0.128 seconds
[2025-04-27T20:50:12.869+0000] {processor.py:161} INFO - Started process (PID=848) to work on /opt/airflow/dags/exampledag.py
[2025-04-27T20:50:12.870+0000] {processor.py:830} INFO - Processing file /opt/airflow/dags/exampledag.py for tasks to queue
[2025-04-27T20:50:12.871+0000] {logging_mixin.py:188} INFO - [2025-04-27T20:50:12.871+0000] {dagbag.py:538} INFO - Filling up the DagBag from /opt/airflow/dags/exampledag.py
[2025-04-27T20:50:12.898+0000] {processor.py:840} INFO - DAG(s) 'chethan_test_dag' retrieved from /opt/airflow/dags/exampledag.py
[2025-04-27T20:50:12.922+0000] {logging_mixin.py:188} INFO - [2025-04-27T20:50:12.921+0000] {dag.py:3036} INFO - Sync 1 DAGs
[2025-04-27T20:50:12.941+0000] {logging_mixin.py:188} INFO - [2025-04-27T20:50:12.940+0000] {dag.py:3823} INFO - Setting next_dagrun for chethan_test_dag to 2025-04-26 00:00:00+00:00, run_after=2025-04-27 00:00:00+00:00
[2025-04-27T20:50:12.960+0000] {processor.py:183} INFO - Processing /opt/airflow/dags/exampledag.py took 0.095 seconds
[2025-04-27T20:50:43.789+0000] {processor.py:161} INFO - Started process (PID=891) to work on /opt/airflow/dags/exampledag.py
[2025-04-27T20:50:43.790+0000] {processor.py:830} INFO - Processing file /opt/airflow/dags/exampledag.py for tasks to queue
[2025-04-27T20:50:43.792+0000] {logging_mixin.py:188} INFO - [2025-04-27T20:50:43.791+0000] {dagbag.py:538} INFO - Filling up the DagBag from /opt/airflow/dags/exampledag.py
[2025-04-27T20:50:43.829+0000] {processor.py:840} INFO - DAG(s) 'chethan_test_dag' retrieved from /opt/airflow/dags/exampledag.py
[2025-04-27T20:50:43.857+0000] {logging_mixin.py:188} INFO - [2025-04-27T20:50:43.856+0000] {dag.py:3036} INFO - Sync 1 DAGs
[2025-04-27T20:50:43.878+0000] {logging_mixin.py:188} INFO - [2025-04-27T20:50:43.878+0000] {dag.py:3823} INFO - Setting next_dagrun for chethan_test_dag to 2025-04-26 00:00:00+00:00, run_after=2025-04-27 00:00:00+00:00
[2025-04-27T20:50:43.901+0000] {processor.py:183} INFO - Processing /opt/airflow/dags/exampledag.py took 0.116 seconds
[2025-04-27T20:51:14.466+0000] {processor.py:161} INFO - Started process (PID=934) to work on /opt/airflow/dags/exampledag.py
[2025-04-27T20:51:14.467+0000] {processor.py:830} INFO - Processing file /opt/airflow/dags/exampledag.py for tasks to queue
[2025-04-27T20:51:14.469+0000] {logging_mixin.py:188} INFO - [2025-04-27T20:51:14.468+0000] {dagbag.py:538} INFO - Filling up the DagBag from /opt/airflow/dags/exampledag.py
[2025-04-27T20:51:14.504+0000] {processor.py:840} INFO - DAG(s) 'chethan_test_dag' retrieved from /opt/airflow/dags/exampledag.py
[2025-04-27T20:51:14.537+0000] {logging_mixin.py:188} INFO - [2025-04-27T20:51:14.536+0000] {dag.py:3036} INFO - Sync 1 DAGs
[2025-04-27T20:51:14.561+0000] {logging_mixin.py:188} INFO - [2025-04-27T20:51:14.561+0000] {dag.py:3823} INFO - Setting next_dagrun for chethan_test_dag to 2025-04-26 00:00:00+00:00, run_after=2025-04-27 00:00:00+00:00
[2025-04-27T20:51:14.584+0000] {processor.py:183} INFO - Processing /opt/airflow/dags/exampledag.py took 0.121 seconds
[2025-04-27T20:51:45.156+0000] {processor.py:161} INFO - Started process (PID=977) to work on /opt/airflow/dags/exampledag.py
[2025-04-27T20:51:45.158+0000] {processor.py:830} INFO - Processing file /opt/airflow/dags/exampledag.py for tasks to queue
[2025-04-27T20:51:45.160+0000] {logging_mixin.py:188} INFO - [2025-04-27T20:51:45.159+0000] {dagbag.py:538} INFO - Filling up the DagBag from /opt/airflow/dags/exampledag.py
[2025-04-27T20:51:45.208+0000] {processor.py:840} INFO - DAG(s) 'chethan_test_dag' retrieved from /opt/airflow/dags/exampledag.py
[2025-04-27T20:51:45.261+0000] {logging_mixin.py:188} INFO - [2025-04-27T20:51:45.260+0000] {dag.py:3036} INFO - Sync 1 DAGs
[2025-04-27T20:51:45.315+0000] {logging_mixin.py:188} INFO - [2025-04-27T20:51:45.315+0000] {dag.py:3823} INFO - Setting next_dagrun for chethan_test_dag to 2025-04-26 00:00:00+00:00, run_after=2025-04-27 00:00:00+00:00
[2025-04-27T20:51:45.364+0000] {processor.py:183} INFO - Processing /opt/airflow/dags/exampledag.py took 0.213 seconds
[2025-04-27T20:52:15.908+0000] {processor.py:161} INFO - Started process (PID=1020) to work on /opt/airflow/dags/exampledag.py
[2025-04-27T20:52:15.909+0000] {processor.py:830} INFO - Processing file /opt/airflow/dags/exampledag.py for tasks to queue
[2025-04-27T20:52:15.910+0000] {logging_mixin.py:188} INFO - [2025-04-27T20:52:15.910+0000] {dagbag.py:538} INFO - Filling up the DagBag from /opt/airflow/dags/exampledag.py
[2025-04-27T20:52:15.944+0000] {processor.py:840} INFO - DAG(s) 'chethan_test_dag' retrieved from /opt/airflow/dags/exampledag.py
[2025-04-27T20:52:15.971+0000] {logging_mixin.py:188} INFO - [2025-04-27T20:52:15.971+0000] {dag.py:3036} INFO - Sync 1 DAGs
[2025-04-27T20:52:15.991+0000] {logging_mixin.py:188} INFO - [2025-04-27T20:52:15.991+0000] {dag.py:3823} INFO - Setting next_dagrun for chethan_test_dag to 2025-04-26 00:00:00+00:00, run_after=2025-04-27 00:00:00+00:00
[2025-04-27T20:52:16.011+0000] {processor.py:183} INFO - Processing /opt/airflow/dags/exampledag.py took 0.106 seconds
[2025-04-27T20:52:46.731+0000] {processor.py:161} INFO - Started process (PID=1063) to work on /opt/airflow/dags/exampledag.py
[2025-04-27T20:52:46.733+0000] {processor.py:830} INFO - Processing file /opt/airflow/dags/exampledag.py for tasks to queue
[2025-04-27T20:52:46.734+0000] {logging_mixin.py:188} INFO - [2025-04-27T20:52:46.734+0000] {dagbag.py:538} INFO - Filling up the DagBag from /opt/airflow/dags/exampledag.py
[2025-04-27T20:52:46.775+0000] {processor.py:840} INFO - DAG(s) 'chethan_test_dag' retrieved from /opt/airflow/dags/exampledag.py
[2025-04-27T20:52:46.808+0000] {logging_mixin.py:188} INFO - [2025-04-27T20:52:46.808+0000] {dag.py:3036} INFO - Sync 1 DAGs
[2025-04-27T20:52:46.834+0000] {logging_mixin.py:188} INFO - [2025-04-27T20:52:46.834+0000] {dag.py:3823} INFO - Setting next_dagrun for chethan_test_dag to 2025-04-26 00:00:00+00:00, run_after=2025-04-27 00:00:00+00:00
[2025-04-27T20:52:46.861+0000] {processor.py:183} INFO - Processing /opt/airflow/dags/exampledag.py took 0.133 seconds
[2025-04-27T20:53:17.411+0000] {processor.py:161} INFO - Started process (PID=1106) to work on /opt/airflow/dags/exampledag.py
[2025-04-27T20:53:17.413+0000] {processor.py:830} INFO - Processing file /opt/airflow/dags/exampledag.py for tasks to queue
[2025-04-27T20:53:17.417+0000] {logging_mixin.py:188} INFO - [2025-04-27T20:53:17.415+0000] {dagbag.py:538} INFO - Filling up the DagBag from /opt/airflow/dags/exampledag.py
[2025-04-27T20:53:17.471+0000] {processor.py:840} INFO - DAG(s) 'chethan_test_dag' retrieved from /opt/airflow/dags/exampledag.py
[2025-04-27T20:53:17.511+0000] {logging_mixin.py:188} INFO - [2025-04-27T20:53:17.511+0000] {dag.py:3036} INFO - Sync 1 DAGs
[2025-04-27T20:53:17.536+0000] {logging_mixin.py:188} INFO - [2025-04-27T20:53:17.535+0000] {dag.py:3823} INFO - Setting next_dagrun for chethan_test_dag to 2025-04-26 00:00:00+00:00, run_after=2025-04-27 00:00:00+00:00
[2025-04-27T20:53:17.567+0000] {processor.py:183} INFO - Processing /opt/airflow/dags/exampledag.py took 0.160 seconds
[2025-04-27T20:53:48.735+0000] {processor.py:161} INFO - Started process (PID=1149) to work on /opt/airflow/dags/exampledag.py
[2025-04-27T20:53:48.738+0000] {processor.py:830} INFO - Processing file /opt/airflow/dags/exampledag.py for tasks to queue
[2025-04-27T20:53:48.741+0000] {logging_mixin.py:188} INFO - [2025-04-27T20:53:48.740+0000] {dagbag.py:538} INFO - Filling up the DagBag from /opt/airflow/dags/exampledag.py
[2025-04-27T20:53:48.800+0000] {processor.py:840} INFO - DAG(s) 'chethan_test_dag' retrieved from /opt/airflow/dags/exampledag.py
[2025-04-27T20:53:48.838+0000] {logging_mixin.py:188} INFO - [2025-04-27T20:53:48.838+0000] {dag.py:3036} INFO - Sync 1 DAGs
[2025-04-27T20:53:48.869+0000] {logging_mixin.py:188} INFO - [2025-04-27T20:53:48.868+0000] {dag.py:3823} INFO - Setting next_dagrun for chethan_test_dag to 2025-04-26 00:00:00+00:00, run_after=2025-04-27 00:00:00+00:00
[2025-04-27T20:53:48.897+0000] {processor.py:183} INFO - Processing /opt/airflow/dags/exampledag.py took 0.169 seconds
[2025-04-27T20:54:19.763+0000] {processor.py:161} INFO - Started process (PID=1192) to work on /opt/airflow/dags/exampledag.py
[2025-04-27T20:54:19.764+0000] {processor.py:830} INFO - Processing file /opt/airflow/dags/exampledag.py for tasks to queue
[2025-04-27T20:54:19.765+0000] {logging_mixin.py:188} INFO - [2025-04-27T20:54:19.765+0000] {dagbag.py:538} INFO - Filling up the DagBag from /opt/airflow/dags/exampledag.py
[2025-04-27T20:54:19.794+0000] {processor.py:840} INFO - DAG(s) 'chethan_test_dag' retrieved from /opt/airflow/dags/exampledag.py
[2025-04-27T20:54:19.815+0000] {logging_mixin.py:188} INFO - [2025-04-27T20:54:19.815+0000] {dag.py:3036} INFO - Sync 1 DAGs
[2025-04-27T20:54:19.837+0000] {logging_mixin.py:188} INFO - [2025-04-27T20:54:19.836+0000] {dag.py:3823} INFO - Setting next_dagrun for chethan_test_dag to 2025-04-26 00:00:00+00:00, run_after=2025-04-27 00:00:00+00:00
[2025-04-27T20:54:19.853+0000] {processor.py:183} INFO - Processing /opt/airflow/dags/exampledag.py took 0.093 seconds
[2025-04-27T20:54:50.814+0000] {processor.py:161} INFO - Started process (PID=1235) to work on /opt/airflow/dags/exampledag.py
[2025-04-27T20:54:50.815+0000] {processor.py:830} INFO - Processing file /opt/airflow/dags/exampledag.py for tasks to queue
[2025-04-27T20:54:50.817+0000] {logging_mixin.py:188} INFO - [2025-04-27T20:54:50.816+0000] {dagbag.py:538} INFO - Filling up the DagBag from /opt/airflow/dags/exampledag.py
[2025-04-27T20:54:50.875+0000] {processor.py:840} INFO - DAG(s) 'chethan_test_dag' retrieved from /opt/airflow/dags/exampledag.py
[2025-04-27T20:54:50.921+0000] {logging_mixin.py:188} INFO - [2025-04-27T20:54:50.921+0000] {dag.py:3036} INFO - Sync 1 DAGs
[2025-04-27T20:54:50.960+0000] {logging_mixin.py:188} INFO - [2025-04-27T20:54:50.960+0000] {dag.py:3823} INFO - Setting next_dagrun for chethan_test_dag to 2025-04-26 00:00:00+00:00, run_after=2025-04-27 00:00:00+00:00
[2025-04-27T20:54:50.998+0000] {processor.py:183} INFO - Processing /opt/airflow/dags/exampledag.py took 0.188 seconds
[2025-04-27T20:55:21.934+0000] {processor.py:161} INFO - Started process (PID=1281) to work on /opt/airflow/dags/exampledag.py
[2025-04-27T20:55:21.936+0000] {processor.py:830} INFO - Processing file /opt/airflow/dags/exampledag.py for tasks to queue
[2025-04-27T20:55:21.938+0000] {logging_mixin.py:188} INFO - [2025-04-27T20:55:21.938+0000] {dagbag.py:538} INFO - Filling up the DagBag from /opt/airflow/dags/exampledag.py
[2025-04-27T20:55:21.993+0000] {processor.py:840} INFO - DAG(s) 'chethan_test_dag' retrieved from /opt/airflow/dags/exampledag.py
[2025-04-27T20:55:22.049+0000] {logging_mixin.py:188} INFO - [2025-04-27T20:55:22.048+0000] {dag.py:3036} INFO - Sync 1 DAGs
[2025-04-27T20:55:22.099+0000] {logging_mixin.py:188} INFO - [2025-04-27T20:55:22.098+0000] {dag.py:3823} INFO - Setting next_dagrun for chethan_test_dag to 2025-04-26 00:00:00+00:00, run_after=2025-04-27 00:00:00+00:00
[2025-04-27T20:55:22.146+0000] {processor.py:183} INFO - Processing /opt/airflow/dags/exampledag.py took 0.222 seconds
[2025-04-27T20:55:52.449+0000] {processor.py:161} INFO - Started process (PID=1321) to work on /opt/airflow/dags/exampledag.py
[2025-04-27T20:55:52.450+0000] {processor.py:830} INFO - Processing file /opt/airflow/dags/exampledag.py for tasks to queue
[2025-04-27T20:55:52.452+0000] {logging_mixin.py:188} INFO - [2025-04-27T20:55:52.452+0000] {dagbag.py:538} INFO - Filling up the DagBag from /opt/airflow/dags/exampledag.py
[2025-04-27T20:55:52.489+0000] {processor.py:840} INFO - DAG(s) 'chethan_test_dag' retrieved from /opt/airflow/dags/exampledag.py
[2025-04-27T20:55:52.517+0000] {logging_mixin.py:188} INFO - [2025-04-27T20:55:52.517+0000] {dag.py:3036} INFO - Sync 1 DAGs
[2025-04-27T20:55:52.540+0000] {logging_mixin.py:188} INFO - [2025-04-27T20:55:52.539+0000] {dag.py:3823} INFO - Setting next_dagrun for chethan_test_dag to 2025-04-26 00:00:00+00:00, run_after=2025-04-27 00:00:00+00:00
[2025-04-27T20:55:52.559+0000] {processor.py:183} INFO - Processing /opt/airflow/dags/exampledag.py took 0.116 seconds
[2025-04-27T20:56:22.897+0000] {processor.py:161} INFO - Started process (PID=1364) to work on /opt/airflow/dags/exampledag.py
[2025-04-27T20:56:22.898+0000] {processor.py:830} INFO - Processing file /opt/airflow/dags/exampledag.py for tasks to queue
[2025-04-27T20:56:22.899+0000] {logging_mixin.py:188} INFO - [2025-04-27T20:56:22.898+0000] {dagbag.py:538} INFO - Filling up the DagBag from /opt/airflow/dags/exampledag.py
[2025-04-27T20:56:22.924+0000] {processor.py:840} INFO - DAG(s) 'chethan_test_dag' retrieved from /opt/airflow/dags/exampledag.py
[2025-04-27T20:56:22.944+0000] {logging_mixin.py:188} INFO - [2025-04-27T20:56:22.944+0000] {dag.py:3036} INFO - Sync 1 DAGs
[2025-04-27T20:56:22.961+0000] {logging_mixin.py:188} INFO - [2025-04-27T20:56:22.961+0000] {dag.py:3823} INFO - Setting next_dagrun for chethan_test_dag to 2025-04-26 00:00:00+00:00, run_after=2025-04-27 00:00:00+00:00
[2025-04-27T20:56:22.977+0000] {processor.py:183} INFO - Processing /opt/airflow/dags/exampledag.py took 0.083 seconds
[2025-04-27T20:56:53.380+0000] {processor.py:161} INFO - Started process (PID=1407) to work on /opt/airflow/dags/exampledag.py
[2025-04-27T20:56:53.381+0000] {processor.py:830} INFO - Processing file /opt/airflow/dags/exampledag.py for tasks to queue
[2025-04-27T20:56:53.382+0000] {logging_mixin.py:188} INFO - [2025-04-27T20:56:53.382+0000] {dagbag.py:538} INFO - Filling up the DagBag from /opt/airflow/dags/exampledag.py
[2025-04-27T20:56:53.413+0000] {processor.py:840} INFO - DAG(s) 'chethan_test_dag' retrieved from /opt/airflow/dags/exampledag.py
[2025-04-27T20:56:53.434+0000] {logging_mixin.py:188} INFO - [2025-04-27T20:56:53.434+0000] {dag.py:3036} INFO - Sync 1 DAGs
[2025-04-27T20:56:53.451+0000] {logging_mixin.py:188} INFO - [2025-04-27T20:56:53.451+0000] {dag.py:3823} INFO - Setting next_dagrun for chethan_test_dag to 2025-04-26 00:00:00+00:00, run_after=2025-04-27 00:00:00+00:00
[2025-04-27T20:56:53.472+0000] {processor.py:183} INFO - Processing /opt/airflow/dags/exampledag.py took 0.094 seconds
[2025-04-27T20:57:24.267+0000] {processor.py:161} INFO - Started process (PID=1450) to work on /opt/airflow/dags/exampledag.py
[2025-04-27T20:57:24.269+0000] {processor.py:830} INFO - Processing file /opt/airflow/dags/exampledag.py for tasks to queue
[2025-04-27T20:57:24.271+0000] {logging_mixin.py:188} INFO - [2025-04-27T20:57:24.270+0000] {dagbag.py:538} INFO - Filling up the DagBag from /opt/airflow/dags/exampledag.py
[2025-04-27T20:57:24.421+0000] {processor.py:840} INFO - DAG(s) 'chethan_test_dag' retrieved from /opt/airflow/dags/exampledag.py
[2025-04-27T20:57:24.499+0000] {logging_mixin.py:188} INFO - [2025-04-27T20:57:24.498+0000] {dag.py:3036} INFO - Sync 1 DAGs
[2025-04-27T20:57:24.546+0000] {logging_mixin.py:188} INFO - [2025-04-27T20:57:24.545+0000] {dag.py:3823} INFO - Setting next_dagrun for chethan_test_dag to 2025-04-26 00:00:00+00:00, run_after=2025-04-27 00:00:00+00:00
[2025-04-27T20:57:24.585+0000] {processor.py:183} INFO - Processing /opt/airflow/dags/exampledag.py took 0.321 seconds
[2025-04-27T20:57:55.495+0000] {processor.py:161} INFO - Started process (PID=1493) to work on /opt/airflow/dags/exampledag.py
[2025-04-27T20:57:55.496+0000] {processor.py:830} INFO - Processing file /opt/airflow/dags/exampledag.py for tasks to queue
[2025-04-27T20:57:55.498+0000] {logging_mixin.py:188} INFO - [2025-04-27T20:57:55.497+0000] {dagbag.py:538} INFO - Filling up the DagBag from /opt/airflow/dags/exampledag.py
[2025-04-27T20:57:55.529+0000] {processor.py:840} INFO - DAG(s) 'chethan_test_dag' retrieved from /opt/airflow/dags/exampledag.py
[2025-04-27T20:57:55.555+0000] {logging_mixin.py:188} INFO - [2025-04-27T20:57:55.555+0000] {dag.py:3036} INFO - Sync 1 DAGs
[2025-04-27T20:57:55.579+0000] {logging_mixin.py:188} INFO - [2025-04-27T20:57:55.579+0000] {dag.py:3823} INFO - Setting next_dagrun for chethan_test_dag to 2025-04-26 00:00:00+00:00, run_after=2025-04-27 00:00:00+00:00
[2025-04-27T20:57:55.603+0000] {processor.py:183} INFO - Processing /opt/airflow/dags/exampledag.py took 0.112 seconds
[2025-04-27T20:58:26.581+0000] {processor.py:161} INFO - Started process (PID=1536) to work on /opt/airflow/dags/exampledag.py
[2025-04-27T20:58:26.582+0000] {processor.py:830} INFO - Processing file /opt/airflow/dags/exampledag.py for tasks to queue
[2025-04-27T20:58:26.584+0000] {logging_mixin.py:188} INFO - [2025-04-27T20:58:26.583+0000] {dagbag.py:538} INFO - Filling up the DagBag from /opt/airflow/dags/exampledag.py
[2025-04-27T20:58:26.613+0000] {processor.py:840} INFO - DAG(s) 'chethan_test_dag' retrieved from /opt/airflow/dags/exampledag.py
[2025-04-27T20:58:26.646+0000] {logging_mixin.py:188} INFO - [2025-04-27T20:58:26.646+0000] {dag.py:3036} INFO - Sync 1 DAGs
[2025-04-27T20:58:26.676+0000] {logging_mixin.py:188} INFO - [2025-04-27T20:58:26.676+0000] {dag.py:3823} INFO - Setting next_dagrun for chethan_test_dag to 2025-04-26 00:00:00+00:00, run_after=2025-04-27 00:00:00+00:00
[2025-04-27T20:58:26.693+0000] {processor.py:183} INFO - Processing /opt/airflow/dags/exampledag.py took 0.114 seconds
[2025-04-27T20:58:57.160+0000] {processor.py:161} INFO - Started process (PID=1579) to work on /opt/airflow/dags/exampledag.py
[2025-04-27T20:58:57.162+0000] {processor.py:830} INFO - Processing file /opt/airflow/dags/exampledag.py for tasks to queue
[2025-04-27T20:58:57.163+0000] {logging_mixin.py:188} INFO - [2025-04-27T20:58:57.163+0000] {dagbag.py:538} INFO - Filling up the DagBag from /opt/airflow/dags/exampledag.py
[2025-04-27T20:58:57.193+0000] {processor.py:840} INFO - DAG(s) 'chethan_test_dag' retrieved from /opt/airflow/dags/exampledag.py
[2025-04-27T20:58:57.213+0000] {logging_mixin.py:188} INFO - [2025-04-27T20:58:57.213+0000] {dag.py:3036} INFO - Sync 1 DAGs
[2025-04-27T20:58:57.230+0000] {logging_mixin.py:188} INFO - [2025-04-27T20:58:57.230+0000] {dag.py:3823} INFO - Setting next_dagrun for chethan_test_dag to 2025-04-26 00:00:00+00:00, run_after=2025-04-27 00:00:00+00:00
[2025-04-27T20:58:57.248+0000] {processor.py:183} INFO - Processing /opt/airflow/dags/exampledag.py took 0.091 seconds
[2025-04-27T20:59:27.588+0000] {processor.py:161} INFO - Started process (PID=1622) to work on /opt/airflow/dags/exampledag.py
[2025-04-27T20:59:27.589+0000] {processor.py:830} INFO - Processing file /opt/airflow/dags/exampledag.py for tasks to queue
[2025-04-27T20:59:27.590+0000] {logging_mixin.py:188} INFO - [2025-04-27T20:59:27.589+0000] {dagbag.py:538} INFO - Filling up the DagBag from /opt/airflow/dags/exampledag.py
[2025-04-27T20:59:27.618+0000] {processor.py:840} INFO - DAG(s) 'chethan_test_dag' retrieved from /opt/airflow/dags/exampledag.py
[2025-04-27T20:59:27.644+0000] {logging_mixin.py:188} INFO - [2025-04-27T20:59:27.643+0000] {dag.py:3036} INFO - Sync 1 DAGs
[2025-04-27T20:59:27.677+0000] {logging_mixin.py:188} INFO - [2025-04-27T20:59:27.677+0000] {dag.py:3823} INFO - Setting next_dagrun for chethan_test_dag to 2025-04-26 00:00:00+00:00, run_after=2025-04-27 00:00:00+00:00
[2025-04-27T20:59:27.705+0000] {processor.py:183} INFO - Processing /opt/airflow/dags/exampledag.py took 0.121 seconds
[2025-04-27T20:59:58.133+0000] {processor.py:161} INFO - Started process (PID=1665) to work on /opt/airflow/dags/exampledag.py
[2025-04-27T20:59:58.135+0000] {processor.py:830} INFO - Processing file /opt/airflow/dags/exampledag.py for tasks to queue
[2025-04-27T20:59:58.136+0000] {logging_mixin.py:188} INFO - [2025-04-27T20:59:58.135+0000] {dagbag.py:538} INFO - Filling up the DagBag from /opt/airflow/dags/exampledag.py
[2025-04-27T20:59:58.165+0000] {processor.py:840} INFO - DAG(s) 'chethan_test_dag' retrieved from /opt/airflow/dags/exampledag.py
[2025-04-27T20:59:58.191+0000] {logging_mixin.py:188} INFO - [2025-04-27T20:59:58.191+0000] {dag.py:3036} INFO - Sync 1 DAGs
[2025-04-27T20:59:58.214+0000] {logging_mixin.py:188} INFO - [2025-04-27T20:59:58.213+0000] {dag.py:3823} INFO - Setting next_dagrun for chethan_test_dag to 2025-04-26 00:00:00+00:00, run_after=2025-04-27 00:00:00+00:00
[2025-04-27T20:59:58.230+0000] {processor.py:183} INFO - Processing /opt/airflow/dags/exampledag.py took 0.102 seconds
[2025-04-27T21:00:28.666+0000] {processor.py:161} INFO - Started process (PID=1708) to work on /opt/airflow/dags/exampledag.py
[2025-04-27T21:00:28.667+0000] {processor.py:830} INFO - Processing file /opt/airflow/dags/exampledag.py for tasks to queue
[2025-04-27T21:00:28.669+0000] {logging_mixin.py:188} INFO - [2025-04-27T21:00:28.668+0000] {dagbag.py:538} INFO - Filling up the DagBag from /opt/airflow/dags/exampledag.py
[2025-04-27T21:00:28.692+0000] {processor.py:840} INFO - DAG(s) 'chethan_test_dag' retrieved from /opt/airflow/dags/exampledag.py
[2025-04-27T21:00:28.711+0000] {logging_mixin.py:188} INFO - [2025-04-27T21:00:28.711+0000] {dag.py:3036} INFO - Sync 1 DAGs
[2025-04-27T21:00:28.731+0000] {logging_mixin.py:188} INFO - [2025-04-27T21:00:28.731+0000] {dag.py:3823} INFO - Setting next_dagrun for chethan_test_dag to 2025-04-26 00:00:00+00:00, run_after=2025-04-27 00:00:00+00:00
[2025-04-27T21:00:28.746+0000] {processor.py:183} INFO - Processing /opt/airflow/dags/exampledag.py took 0.083 seconds
[2025-04-27T21:00:59.129+0000] {processor.py:161} INFO - Started process (PID=1751) to work on /opt/airflow/dags/exampledag.py
[2025-04-27T21:00:59.131+0000] {processor.py:830} INFO - Processing file /opt/airflow/dags/exampledag.py for tasks to queue
[2025-04-27T21:00:59.133+0000] {logging_mixin.py:188} INFO - [2025-04-27T21:00:59.132+0000] {dagbag.py:538} INFO - Filling up the DagBag from /opt/airflow/dags/exampledag.py
[2025-04-27T21:00:59.178+0000] {processor.py:840} INFO - DAG(s) 'chethan_test_dag' retrieved from /opt/airflow/dags/exampledag.py
[2025-04-27T21:00:59.204+0000] {logging_mixin.py:188} INFO - [2025-04-27T21:00:59.204+0000] {dag.py:3036} INFO - Sync 1 DAGs
[2025-04-27T21:00:59.227+0000] {logging_mixin.py:188} INFO - [2025-04-27T21:00:59.227+0000] {dag.py:3823} INFO - Setting next_dagrun for chethan_test_dag to 2025-04-26 00:00:00+00:00, run_after=2025-04-27 00:00:00+00:00
[2025-04-27T21:00:59.251+0000] {processor.py:183} INFO - Processing /opt/airflow/dags/exampledag.py took 0.126 seconds
[2025-04-27T21:01:29.595+0000] {processor.py:161} INFO - Started process (PID=1792) to work on /opt/airflow/dags/exampledag.py
[2025-04-27T21:01:29.598+0000] {processor.py:830} INFO - Processing file /opt/airflow/dags/exampledag.py for tasks to queue
[2025-04-27T21:01:29.600+0000] {logging_mixin.py:188} INFO - [2025-04-27T21:01:29.599+0000] {dagbag.py:538} INFO - Filling up the DagBag from /opt/airflow/dags/exampledag.py
[2025-04-27T21:01:29.628+0000] {processor.py:840} INFO - DAG(s) 'chethan_test_dag' retrieved from /opt/airflow/dags/exampledag.py
[2025-04-27T21:01:29.649+0000] {logging_mixin.py:188} INFO - [2025-04-27T21:01:29.649+0000] {dag.py:3036} INFO - Sync 1 DAGs
[2025-04-27T21:01:29.670+0000] {logging_mixin.py:188} INFO - [2025-04-27T21:01:29.670+0000] {dag.py:3823} INFO - Setting next_dagrun for chethan_test_dag to 2025-04-26 00:00:00+00:00, run_after=2025-04-27 00:00:00+00:00
[2025-04-27T21:01:29.693+0000] {processor.py:183} INFO - Processing /opt/airflow/dags/exampledag.py took 0.101 seconds
[2025-04-27T21:02:00.192+0000] {processor.py:161} INFO - Started process (PID=1837) to work on /opt/airflow/dags/exampledag.py
[2025-04-27T21:02:00.193+0000] {processor.py:830} INFO - Processing file /opt/airflow/dags/exampledag.py for tasks to queue
[2025-04-27T21:02:00.195+0000] {logging_mixin.py:188} INFO - [2025-04-27T21:02:00.194+0000] {dagbag.py:538} INFO - Filling up the DagBag from /opt/airflow/dags/exampledag.py
[2025-04-27T21:02:00.226+0000] {processor.py:840} INFO - DAG(s) 'chethan_test_dag' retrieved from /opt/airflow/dags/exampledag.py
[2025-04-27T21:02:00.248+0000] {logging_mixin.py:188} INFO - [2025-04-27T21:02:00.248+0000] {dag.py:3036} INFO - Sync 1 DAGs
[2025-04-27T21:02:00.265+0000] {logging_mixin.py:188} INFO - [2025-04-27T21:02:00.265+0000] {dag.py:3823} INFO - Setting next_dagrun for chethan_test_dag to 2025-04-26 00:00:00+00:00, run_after=2025-04-27 00:00:00+00:00
[2025-04-27T21:02:00.284+0000] {processor.py:183} INFO - Processing /opt/airflow/dags/exampledag.py took 0.094 seconds
[2025-04-27T21:02:30.779+0000] {processor.py:161} INFO - Started process (PID=1880) to work on /opt/airflow/dags/exampledag.py
[2025-04-27T21:02:30.781+0000] {processor.py:830} INFO - Processing file /opt/airflow/dags/exampledag.py for tasks to queue
[2025-04-27T21:02:30.782+0000] {logging_mixin.py:188} INFO - [2025-04-27T21:02:30.781+0000] {dagbag.py:538} INFO - Filling up the DagBag from /opt/airflow/dags/exampledag.py
[2025-04-27T21:02:30.813+0000] {processor.py:840} INFO - DAG(s) 'chethan_test_dag' retrieved from /opt/airflow/dags/exampledag.py
[2025-04-27T21:02:30.832+0000] {logging_mixin.py:188} INFO - [2025-04-27T21:02:30.832+0000] {dag.py:3036} INFO - Sync 1 DAGs
[2025-04-27T21:02:30.849+0000] {logging_mixin.py:188} INFO - [2025-04-27T21:02:30.849+0000] {dag.py:3823} INFO - Setting next_dagrun for chethan_test_dag to 2025-04-26 00:00:00+00:00, run_after=2025-04-27 00:00:00+00:00
[2025-04-27T21:02:30.867+0000] {processor.py:183} INFO - Processing /opt/airflow/dags/exampledag.py took 0.091 seconds
[2025-04-27T21:03:01.301+0000] {processor.py:161} INFO - Started process (PID=1923) to work on /opt/airflow/dags/exampledag.py
[2025-04-27T21:03:01.303+0000] {processor.py:830} INFO - Processing file /opt/airflow/dags/exampledag.py for tasks to queue
[2025-04-27T21:03:01.304+0000] {logging_mixin.py:188} INFO - [2025-04-27T21:03:01.304+0000] {dagbag.py:538} INFO - Filling up the DagBag from /opt/airflow/dags/exampledag.py
[2025-04-27T21:03:01.338+0000] {processor.py:840} INFO - DAG(s) 'chethan_test_dag' retrieved from /opt/airflow/dags/exampledag.py
[2025-04-27T21:03:01.376+0000] {logging_mixin.py:188} INFO - [2025-04-27T21:03:01.376+0000] {dag.py:3036} INFO - Sync 1 DAGs
[2025-04-27T21:03:01.404+0000] {logging_mixin.py:188} INFO - [2025-04-27T21:03:01.403+0000] {dag.py:3823} INFO - Setting next_dagrun for chethan_test_dag to 2025-04-26 00:00:00+00:00, run_after=2025-04-27 00:00:00+00:00
[2025-04-27T21:03:01.433+0000] {processor.py:183} INFO - Processing /opt/airflow/dags/exampledag.py took 0.136 seconds
[2025-04-27T21:03:31.921+0000] {processor.py:161} INFO - Started process (PID=1966) to work on /opt/airflow/dags/exampledag.py
[2025-04-27T21:03:31.922+0000] {processor.py:830} INFO - Processing file /opt/airflow/dags/exampledag.py for tasks to queue
[2025-04-27T21:03:31.924+0000] {logging_mixin.py:188} INFO - [2025-04-27T21:03:31.923+0000] {dagbag.py:538} INFO - Filling up the DagBag from /opt/airflow/dags/exampledag.py
[2025-04-27T21:03:31.951+0000] {processor.py:840} INFO - DAG(s) 'chethan_test_dag' retrieved from /opt/airflow/dags/exampledag.py
[2025-04-27T21:03:31.973+0000] {logging_mixin.py:188} INFO - [2025-04-27T21:03:31.973+0000] {dag.py:3036} INFO - Sync 1 DAGs
[2025-04-27T21:03:31.990+0000] {logging_mixin.py:188} INFO - [2025-04-27T21:03:31.990+0000] {dag.py:3823} INFO - Setting next_dagrun for chethan_test_dag to 2025-04-26 00:00:00+00:00, run_after=2025-04-27 00:00:00+00:00
[2025-04-27T21:03:32.015+0000] {processor.py:183} INFO - Processing /opt/airflow/dags/exampledag.py took 0.098 seconds
[2025-04-27T21:04:02.328+0000] {processor.py:161} INFO - Started process (PID=2007) to work on /opt/airflow/dags/exampledag.py
[2025-04-27T21:04:02.329+0000] {processor.py:830} INFO - Processing file /opt/airflow/dags/exampledag.py for tasks to queue
[2025-04-27T21:04:02.331+0000] {logging_mixin.py:188} INFO - [2025-04-27T21:04:02.331+0000] {dagbag.py:538} INFO - Filling up the DagBag from /opt/airflow/dags/exampledag.py
[2025-04-27T21:04:02.364+0000] {processor.py:840} INFO - DAG(s) 'chethan_test_dag' retrieved from /opt/airflow/dags/exampledag.py
[2025-04-27T21:04:02.388+0000] {logging_mixin.py:188} INFO - [2025-04-27T21:04:02.388+0000] {dag.py:3036} INFO - Sync 1 DAGs
[2025-04-27T21:04:02.410+0000] {logging_mixin.py:188} INFO - [2025-04-27T21:04:02.410+0000] {dag.py:3823} INFO - Setting next_dagrun for chethan_test_dag to 2025-04-26 00:00:00+00:00, run_after=2025-04-27 00:00:00+00:00
[2025-04-27T21:04:02.431+0000] {processor.py:183} INFO - Processing /opt/airflow/dags/exampledag.py took 0.106 seconds
[2025-04-27T21:04:32.881+0000] {processor.py:161} INFO - Started process (PID=2052) to work on /opt/airflow/dags/exampledag.py
[2025-04-27T21:04:32.883+0000] {processor.py:830} INFO - Processing file /opt/airflow/dags/exampledag.py for tasks to queue
[2025-04-27T21:04:32.884+0000] {logging_mixin.py:188} INFO - [2025-04-27T21:04:32.883+0000] {dagbag.py:538} INFO - Filling up the DagBag from /opt/airflow/dags/exampledag.py
[2025-04-27T21:04:32.910+0000] {processor.py:840} INFO - DAG(s) 'chethan_test_dag' retrieved from /opt/airflow/dags/exampledag.py
[2025-04-27T21:04:32.932+0000] {logging_mixin.py:188} INFO - [2025-04-27T21:04:32.932+0000] {dag.py:3036} INFO - Sync 1 DAGs
[2025-04-27T21:04:32.950+0000] {logging_mixin.py:188} INFO - [2025-04-27T21:04:32.949+0000] {dag.py:3823} INFO - Setting next_dagrun for chethan_test_dag to 2025-04-26 00:00:00+00:00, run_after=2025-04-27 00:00:00+00:00
[2025-04-27T21:04:32.966+0000] {processor.py:183} INFO - Processing /opt/airflow/dags/exampledag.py took 0.089 seconds
[2025-04-27T21:05:03.514+0000] {processor.py:161} INFO - Started process (PID=2095) to work on /opt/airflow/dags/exampledag.py
[2025-04-27T21:05:03.515+0000] {processor.py:830} INFO - Processing file /opt/airflow/dags/exampledag.py for tasks to queue
[2025-04-27T21:05:03.517+0000] {logging_mixin.py:188} INFO - [2025-04-27T21:05:03.517+0000] {dagbag.py:538} INFO - Filling up the DagBag from /opt/airflow/dags/exampledag.py
[2025-04-27T21:05:03.555+0000] {processor.py:840} INFO - DAG(s) 'chethan_test_dag' retrieved from /opt/airflow/dags/exampledag.py
[2025-04-27T21:05:03.586+0000] {logging_mixin.py:188} INFO - [2025-04-27T21:05:03.586+0000] {dag.py:3036} INFO - Sync 1 DAGs
[2025-04-27T21:05:03.617+0000] {logging_mixin.py:188} INFO - [2025-04-27T21:05:03.617+0000] {dag.py:3823} INFO - Setting next_dagrun for chethan_test_dag to 2025-04-26 00:00:00+00:00, run_after=2025-04-27 00:00:00+00:00
[2025-04-27T21:05:03.639+0000] {processor.py:183} INFO - Processing /opt/airflow/dags/exampledag.py took 0.129 seconds
[2025-04-27T21:05:34.066+0000] {processor.py:161} INFO - Started process (PID=2138) to work on /opt/airflow/dags/exampledag.py
[2025-04-27T21:05:34.067+0000] {processor.py:830} INFO - Processing file /opt/airflow/dags/exampledag.py for tasks to queue
[2025-04-27T21:05:34.068+0000] {logging_mixin.py:188} INFO - [2025-04-27T21:05:34.068+0000] {dagbag.py:538} INFO - Filling up the DagBag from /opt/airflow/dags/exampledag.py
[2025-04-27T21:05:34.096+0000] {processor.py:840} INFO - DAG(s) 'chethan_test_dag' retrieved from /opt/airflow/dags/exampledag.py
[2025-04-27T21:05:34.115+0000] {logging_mixin.py:188} INFO - [2025-04-27T21:05:34.115+0000] {dag.py:3036} INFO - Sync 1 DAGs
[2025-04-27T21:05:34.135+0000] {logging_mixin.py:188} INFO - [2025-04-27T21:05:34.134+0000] {dag.py:3823} INFO - Setting next_dagrun for chethan_test_dag to 2025-04-26 00:00:00+00:00, run_after=2025-04-27 00:00:00+00:00
[2025-04-27T21:05:34.151+0000] {processor.py:183} INFO - Processing /opt/airflow/dags/exampledag.py took 0.088 seconds
[2025-04-27T21:06:04.758+0000] {processor.py:161} INFO - Started process (PID=2181) to work on /opt/airflow/dags/exampledag.py
[2025-04-27T21:06:04.759+0000] {processor.py:830} INFO - Processing file /opt/airflow/dags/exampledag.py for tasks to queue
[2025-04-27T21:06:04.761+0000] {logging_mixin.py:188} INFO - [2025-04-27T21:06:04.760+0000] {dagbag.py:538} INFO - Filling up the DagBag from /opt/airflow/dags/exampledag.py
[2025-04-27T21:06:04.799+0000] {processor.py:840} INFO - DAG(s) 'chethan_test_dag' retrieved from /opt/airflow/dags/exampledag.py
[2025-04-27T21:06:04.821+0000] {logging_mixin.py:188} INFO - [2025-04-27T21:06:04.821+0000] {dag.py:3036} INFO - Sync 1 DAGs
[2025-04-27T21:06:04.846+0000] {logging_mixin.py:188} INFO - [2025-04-27T21:06:04.845+0000] {dag.py:3823} INFO - Setting next_dagrun for chethan_test_dag to 2025-04-26 00:00:00+00:00, run_after=2025-04-27 00:00:00+00:00
[2025-04-27T21:06:04.867+0000] {processor.py:183} INFO - Processing /opt/airflow/dags/exampledag.py took 0.112 seconds
[2025-04-27T21:06:35.258+0000] {processor.py:161} INFO - Started process (PID=2224) to work on /opt/airflow/dags/exampledag.py
[2025-04-27T21:06:35.260+0000] {processor.py:830} INFO - Processing file /opt/airflow/dags/exampledag.py for tasks to queue
[2025-04-27T21:06:35.261+0000] {logging_mixin.py:188} INFO - [2025-04-27T21:06:35.261+0000] {dagbag.py:538} INFO - Filling up the DagBag from /opt/airflow/dags/exampledag.py
[2025-04-27T21:06:35.291+0000] {processor.py:840} INFO - DAG(s) 'chethan_test_dag' retrieved from /opt/airflow/dags/exampledag.py
[2025-04-27T21:06:35.312+0000] {logging_mixin.py:188} INFO - [2025-04-27T21:06:35.311+0000] {dag.py:3036} INFO - Sync 1 DAGs
[2025-04-27T21:06:35.327+0000] {logging_mixin.py:188} INFO - [2025-04-27T21:06:35.327+0000] {dag.py:3823} INFO - Setting next_dagrun for chethan_test_dag to 2025-04-26 00:00:00+00:00, run_after=2025-04-27 00:00:00+00:00
[2025-04-27T21:06:35.344+0000] {processor.py:183} INFO - Processing /opt/airflow/dags/exampledag.py took 0.089 seconds
[2025-04-27T21:07:05.782+0000] {processor.py:161} INFO - Started process (PID=2265) to work on /opt/airflow/dags/exampledag.py
[2025-04-27T21:07:05.785+0000] {processor.py:830} INFO - Processing file /opt/airflow/dags/exampledag.py for tasks to queue
[2025-04-27T21:07:05.787+0000] {logging_mixin.py:188} INFO - [2025-04-27T21:07:05.786+0000] {dagbag.py:538} INFO - Filling up the DagBag from /opt/airflow/dags/exampledag.py
[2025-04-27T21:07:05.839+0000] {processor.py:840} INFO - DAG(s) 'chethan_test_dag' retrieved from /opt/airflow/dags/exampledag.py
[2025-04-27T21:07:05.867+0000] {logging_mixin.py:188} INFO - [2025-04-27T21:07:05.867+0000] {dag.py:3036} INFO - Sync 1 DAGs
[2025-04-27T21:07:05.888+0000] {logging_mixin.py:188} INFO - [2025-04-27T21:07:05.888+0000] {dag.py:3823} INFO - Setting next_dagrun for chethan_test_dag to 2025-04-26 00:00:00+00:00, run_after=2025-04-27 00:00:00+00:00
[2025-04-27T21:07:05.907+0000] {processor.py:183} INFO - Processing /opt/airflow/dags/exampledag.py took 0.130 seconds
[2025-04-27T21:07:36.572+0000] {processor.py:161} INFO - Started process (PID=2310) to work on /opt/airflow/dags/exampledag.py
[2025-04-27T21:07:36.573+0000] {processor.py:830} INFO - Processing file /opt/airflow/dags/exampledag.py for tasks to queue
[2025-04-27T21:07:36.574+0000] {logging_mixin.py:188} INFO - [2025-04-27T21:07:36.574+0000] {dagbag.py:538} INFO - Filling up the DagBag from /opt/airflow/dags/exampledag.py
[2025-04-27T21:07:36.609+0000] {processor.py:840} INFO - DAG(s) 'chethan_test_dag' retrieved from /opt/airflow/dags/exampledag.py
[2025-04-27T21:07:36.639+0000] {logging_mixin.py:188} INFO - [2025-04-27T21:07:36.639+0000] {dag.py:3036} INFO - Sync 1 DAGs
[2025-04-27T21:07:36.669+0000] {logging_mixin.py:188} INFO - [2025-04-27T21:07:36.669+0000] {dag.py:3823} INFO - Setting next_dagrun for chethan_test_dag to 2025-04-26 00:00:00+00:00, run_after=2025-04-27 00:00:00+00:00
[2025-04-27T21:07:36.697+0000] {processor.py:183} INFO - Processing /opt/airflow/dags/exampledag.py took 0.128 seconds
[2025-04-27T21:08:07.107+0000] {processor.py:161} INFO - Started process (PID=2353) to work on /opt/airflow/dags/exampledag.py
[2025-04-27T21:08:07.109+0000] {processor.py:830} INFO - Processing file /opt/airflow/dags/exampledag.py for tasks to queue
[2025-04-27T21:08:07.110+0000] {logging_mixin.py:188} INFO - [2025-04-27T21:08:07.109+0000] {dagbag.py:538} INFO - Filling up the DagBag from /opt/airflow/dags/exampledag.py
[2025-04-27T21:08:07.134+0000] {processor.py:840} INFO - DAG(s) 'chethan_test_dag' retrieved from /opt/airflow/dags/exampledag.py
[2025-04-27T21:08:07.157+0000] {logging_mixin.py:188} INFO - [2025-04-27T21:08:07.156+0000] {dag.py:3036} INFO - Sync 1 DAGs
[2025-04-27T21:08:07.175+0000] {logging_mixin.py:188} INFO - [2025-04-27T21:08:07.174+0000] {dag.py:3823} INFO - Setting next_dagrun for chethan_test_dag to 2025-04-26 00:00:00+00:00, run_after=2025-04-27 00:00:00+00:00
[2025-04-27T21:08:07.194+0000] {processor.py:183} INFO - Processing /opt/airflow/dags/exampledag.py took 0.090 seconds
[2025-04-27T21:08:37.515+0000] {processor.py:161} INFO - Started process (PID=2394) to work on /opt/airflow/dags/exampledag.py
[2025-04-27T21:08:37.516+0000] {processor.py:830} INFO - Processing file /opt/airflow/dags/exampledag.py for tasks to queue
[2025-04-27T21:08:37.518+0000] {logging_mixin.py:188} INFO - [2025-04-27T21:08:37.517+0000] {dagbag.py:538} INFO - Filling up the DagBag from /opt/airflow/dags/exampledag.py
[2025-04-27T21:08:37.549+0000] {processor.py:840} INFO - DAG(s) 'chethan_test_dag' retrieved from /opt/airflow/dags/exampledag.py
[2025-04-27T21:08:37.574+0000] {logging_mixin.py:188} INFO - [2025-04-27T21:08:37.574+0000] {dag.py:3036} INFO - Sync 1 DAGs
[2025-04-27T21:08:37.596+0000] {logging_mixin.py:188} INFO - [2025-04-27T21:08:37.596+0000] {dag.py:3823} INFO - Setting next_dagrun for chethan_test_dag to 2025-04-26 00:00:00+00:00, run_after=2025-04-27 00:00:00+00:00
[2025-04-27T21:08:37.613+0000] {processor.py:183} INFO - Processing /opt/airflow/dags/exampledag.py took 0.101 seconds
[2025-04-27T21:09:07.947+0000] {processor.py:161} INFO - Started process (PID=2436) to work on /opt/airflow/dags/exampledag.py
[2025-04-27T21:09:07.948+0000] {processor.py:830} INFO - Processing file /opt/airflow/dags/exampledag.py for tasks to queue
[2025-04-27T21:09:07.950+0000] {logging_mixin.py:188} INFO - [2025-04-27T21:09:07.949+0000] {dagbag.py:538} INFO - Filling up the DagBag from /opt/airflow/dags/exampledag.py
[2025-04-27T21:09:07.971+0000] {processor.py:840} INFO - DAG(s) 'chethan_test_dag' retrieved from /opt/airflow/dags/exampledag.py
[2025-04-27T21:09:07.995+0000] {logging_mixin.py:188} INFO - [2025-04-27T21:09:07.995+0000] {dag.py:3036} INFO - Sync 1 DAGs
[2025-04-27T21:09:08.014+0000] {logging_mixin.py:188} INFO - [2025-04-27T21:09:08.013+0000] {dag.py:3823} INFO - Setting next_dagrun for chethan_test_dag to 2025-04-26 00:00:00+00:00, run_after=2025-04-27 00:00:00+00:00
[2025-04-27T21:09:08.034+0000] {processor.py:183} INFO - Processing /opt/airflow/dags/exampledag.py took 0.089 seconds
[2025-04-27T21:17:36.486+0000] {processor.py:161} INFO - Started process (PID=2487) to work on /opt/airflow/dags/exampledag.py
[2025-04-27T21:17:36.488+0000] {processor.py:830} INFO - Processing file /opt/airflow/dags/exampledag.py for tasks to queue
[2025-04-27T21:17:36.491+0000] {logging_mixin.py:188} INFO - [2025-04-27T21:17:36.491+0000] {dagbag.py:538} INFO - Filling up the DagBag from /opt/airflow/dags/exampledag.py
[2025-04-27T21:17:36.576+0000] {processor.py:840} INFO - DAG(s) 'chethan_test_dag' retrieved from /opt/airflow/dags/exampledag.py
[2025-04-27T21:17:36.620+0000] {logging_mixin.py:188} INFO - [2025-04-27T21:17:36.619+0000] {dag.py:3036} INFO - Sync 1 DAGs
[2025-04-27T21:17:36.672+0000] {logging_mixin.py:188} INFO - [2025-04-27T21:17:36.672+0000] {dag.py:3823} INFO - Setting next_dagrun for chethan_test_dag to 2025-04-26 00:00:00+00:00, run_after=2025-04-27 00:00:00+00:00
[2025-04-27T21:17:36.728+0000] {processor.py:183} INFO - Processing /opt/airflow/dags/exampledag.py took 0.245 seconds
[2025-04-27T21:18:07.170+0000] {processor.py:161} INFO - Started process (PID=2527) to work on /opt/airflow/dags/exampledag.py
[2025-04-27T21:18:07.171+0000] {processor.py:830} INFO - Processing file /opt/airflow/dags/exampledag.py for tasks to queue
[2025-04-27T21:18:07.172+0000] {logging_mixin.py:188} INFO - [2025-04-27T21:18:07.172+0000] {dagbag.py:538} INFO - Filling up the DagBag from /opt/airflow/dags/exampledag.py
[2025-04-27T21:18:07.208+0000] {processor.py:840} INFO - DAG(s) 'chethan_test_dag' retrieved from /opt/airflow/dags/exampledag.py
[2025-04-27T21:18:07.229+0000] {logging_mixin.py:188} INFO - [2025-04-27T21:18:07.229+0000] {dag.py:3036} INFO - Sync 1 DAGs
[2025-04-27T21:18:07.249+0000] {logging_mixin.py:188} INFO - [2025-04-27T21:18:07.248+0000] {dag.py:3823} INFO - Setting next_dagrun for chethan_test_dag to 2025-04-26 00:00:00+00:00, run_after=2025-04-27 00:00:00+00:00
[2025-04-27T21:18:07.265+0000] {processor.py:183} INFO - Processing /opt/airflow/dags/exampledag.py took 0.099 seconds
[2025-04-27T21:18:37.859+0000] {processor.py:161} INFO - Started process (PID=2570) to work on /opt/airflow/dags/exampledag.py
[2025-04-27T21:18:37.861+0000] {processor.py:830} INFO - Processing file /opt/airflow/dags/exampledag.py for tasks to queue
[2025-04-27T21:18:37.862+0000] {logging_mixin.py:188} INFO - [2025-04-27T21:18:37.862+0000] {dagbag.py:538} INFO - Filling up the DagBag from /opt/airflow/dags/exampledag.py
[2025-04-27T21:18:37.895+0000] {processor.py:840} INFO - DAG(s) 'chethan_test_dag' retrieved from /opt/airflow/dags/exampledag.py
[2025-04-27T21:18:37.924+0000] {logging_mixin.py:188} INFO - [2025-04-27T21:18:37.924+0000] {dag.py:3036} INFO - Sync 1 DAGs
[2025-04-27T21:18:37.959+0000] {logging_mixin.py:188} INFO - [2025-04-27T21:18:37.958+0000] {dag.py:3823} INFO - Setting next_dagrun for chethan_test_dag to 2025-04-26 00:00:00+00:00, run_after=2025-04-27 00:00:00+00:00
[2025-04-27T21:18:37.997+0000] {processor.py:183} INFO - Processing /opt/airflow/dags/exampledag.py took 0.141 seconds
[2025-04-27T21:19:08.563+0000] {processor.py:161} INFO - Started process (PID=2613) to work on /opt/airflow/dags/exampledag.py
[2025-04-27T21:19:08.565+0000] {processor.py:830} INFO - Processing file /opt/airflow/dags/exampledag.py for tasks to queue
[2025-04-27T21:19:08.567+0000] {logging_mixin.py:188} INFO - [2025-04-27T21:19:08.566+0000] {dagbag.py:538} INFO - Filling up the DagBag from /opt/airflow/dags/exampledag.py
[2025-04-27T21:19:08.605+0000] {processor.py:840} INFO - DAG(s) 'chethan_test_dag' retrieved from /opt/airflow/dags/exampledag.py
[2025-04-27T21:19:08.635+0000] {logging_mixin.py:188} INFO - [2025-04-27T21:19:08.634+0000] {dag.py:3036} INFO - Sync 1 DAGs
[2025-04-27T21:19:08.670+0000] {logging_mixin.py:188} INFO - [2025-04-27T21:19:08.669+0000] {dag.py:3823} INFO - Setting next_dagrun for chethan_test_dag to 2025-04-26 00:00:00+00:00, run_after=2025-04-27 00:00:00+00:00
[2025-04-27T21:19:08.706+0000] {processor.py:183} INFO - Processing /opt/airflow/dags/exampledag.py took 0.146 seconds
[2025-04-27T21:19:38.980+0000] {processor.py:161} INFO - Started process (PID=2654) to work on /opt/airflow/dags/exampledag.py
[2025-04-27T21:19:38.981+0000] {processor.py:830} INFO - Processing file /opt/airflow/dags/exampledag.py for tasks to queue
[2025-04-27T21:19:38.983+0000] {logging_mixin.py:188} INFO - [2025-04-27T21:19:38.983+0000] {dagbag.py:538} INFO - Filling up the DagBag from /opt/airflow/dags/exampledag.py
[2025-04-27T21:19:39.012+0000] {processor.py:840} INFO - DAG(s) 'chethan_test_dag' retrieved from /opt/airflow/dags/exampledag.py
[2025-04-27T21:19:39.037+0000] {logging_mixin.py:188} INFO - [2025-04-27T21:19:39.037+0000] {dag.py:3036} INFO - Sync 1 DAGs
[2025-04-27T21:19:39.060+0000] {logging_mixin.py:188} INFO - [2025-04-27T21:19:39.059+0000] {dag.py:3823} INFO - Setting next_dagrun for chethan_test_dag to 2025-04-26 00:00:00+00:00, run_after=2025-04-27 00:00:00+00:00
[2025-04-27T21:19:39.080+0000] {processor.py:183} INFO - Processing /opt/airflow/dags/exampledag.py took 0.103 seconds
[2025-04-27T21:20:09.352+0000] {processor.py:161} INFO - Started process (PID=2696) to work on /opt/airflow/dags/exampledag.py
[2025-04-27T21:20:09.353+0000] {processor.py:830} INFO - Processing file /opt/airflow/dags/exampledag.py for tasks to queue
[2025-04-27T21:20:09.354+0000] {logging_mixin.py:188} INFO - [2025-04-27T21:20:09.354+0000] {dagbag.py:538} INFO - Filling up the DagBag from /opt/airflow/dags/exampledag.py
[2025-04-27T21:20:09.377+0000] {processor.py:840} INFO - DAG(s) 'chethan_test_dag' retrieved from /opt/airflow/dags/exampledag.py
[2025-04-27T21:20:09.398+0000] {logging_mixin.py:188} INFO - [2025-04-27T21:20:09.398+0000] {dag.py:3036} INFO - Sync 1 DAGs
[2025-04-27T21:20:09.415+0000] {logging_mixin.py:188} INFO - [2025-04-27T21:20:09.415+0000] {dag.py:3823} INFO - Setting next_dagrun for chethan_test_dag to 2025-04-26 00:00:00+00:00, run_after=2025-04-27 00:00:00+00:00
[2025-04-27T21:20:09.434+0000] {processor.py:183} INFO - Processing /opt/airflow/dags/exampledag.py took 0.084 seconds
[2025-04-27T21:20:39.747+0000] {processor.py:161} INFO - Started process (PID=2739) to work on /opt/airflow/dags/exampledag.py
[2025-04-27T21:20:39.748+0000] {processor.py:830} INFO - Processing file /opt/airflow/dags/exampledag.py for tasks to queue
[2025-04-27T21:20:39.749+0000] {logging_mixin.py:188} INFO - [2025-04-27T21:20:39.748+0000] {dagbag.py:538} INFO - Filling up the DagBag from /opt/airflow/dags/exampledag.py
[2025-04-27T21:20:39.775+0000] {processor.py:840} INFO - DAG(s) 'chethan_test_dag' retrieved from /opt/airflow/dags/exampledag.py
[2025-04-27T21:20:39.798+0000] {logging_mixin.py:188} INFO - [2025-04-27T21:20:39.798+0000] {dag.py:3036} INFO - Sync 1 DAGs
[2025-04-27T21:20:39.816+0000] {logging_mixin.py:188} INFO - [2025-04-27T21:20:39.816+0000] {dag.py:3823} INFO - Setting next_dagrun for chethan_test_dag to 2025-04-26 00:00:00+00:00, run_after=2025-04-27 00:00:00+00:00
[2025-04-27T21:20:39.835+0000] {processor.py:183} INFO - Processing /opt/airflow/dags/exampledag.py took 0.091 seconds
[2025-04-27T21:21:09.914+0000] {processor.py:161} INFO - Started process (PID=2776) to work on /opt/airflow/dags/exampledag.py
[2025-04-27T21:21:09.915+0000] {processor.py:830} INFO - Processing file /opt/airflow/dags/exampledag.py for tasks to queue
[2025-04-27T21:21:09.916+0000] {logging_mixin.py:188} INFO - [2025-04-27T21:21:09.915+0000] {dagbag.py:538} INFO - Filling up the DagBag from /opt/airflow/dags/exampledag.py
[2025-04-27T21:21:09.939+0000] {processor.py:840} INFO - DAG(s) 'chethan_test_dag' retrieved from /opt/airflow/dags/exampledag.py
[2025-04-27T21:21:09.961+0000] {logging_mixin.py:188} INFO - [2025-04-27T21:21:09.960+0000] {dag.py:3036} INFO - Sync 1 DAGs
[2025-04-27T21:21:09.979+0000] {logging_mixin.py:188} INFO - [2025-04-27T21:21:09.978+0000] {dag.py:3823} INFO - Setting next_dagrun for chethan_test_dag to 2025-04-26 00:00:00+00:00, run_after=2025-04-27 00:00:00+00:00
[2025-04-27T21:21:09.998+0000] {processor.py:183} INFO - Processing /opt/airflow/dags/exampledag.py took 0.086 seconds
[2025-04-27T21:21:40.171+0000] {processor.py:161} INFO - Started process (PID=2816) to work on /opt/airflow/dags/exampledag.py
[2025-04-27T21:21:40.172+0000] {processor.py:830} INFO - Processing file /opt/airflow/dags/exampledag.py for tasks to queue
[2025-04-27T21:21:40.173+0000] {logging_mixin.py:188} INFO - [2025-04-27T21:21:40.173+0000] {dagbag.py:538} INFO - Filling up the DagBag from /opt/airflow/dags/exampledag.py
[2025-04-27T21:21:40.197+0000] {processor.py:840} INFO - DAG(s) 'chethan_test_dag' retrieved from /opt/airflow/dags/exampledag.py
[2025-04-27T21:21:40.218+0000] {logging_mixin.py:188} INFO - [2025-04-27T21:21:40.218+0000] {dag.py:3036} INFO - Sync 1 DAGs
[2025-04-27T21:21:40.236+0000] {logging_mixin.py:188} INFO - [2025-04-27T21:21:40.236+0000] {dag.py:3823} INFO - Setting next_dagrun for chethan_test_dag to 2025-04-26 00:00:00+00:00, run_after=2025-04-27 00:00:00+00:00
[2025-04-27T21:21:40.254+0000] {processor.py:183} INFO - Processing /opt/airflow/dags/exampledag.py took 0.088 seconds
[2025-04-27T21:22:10.543+0000] {processor.py:161} INFO - Started process (PID=2859) to work on /opt/airflow/dags/exampledag.py
[2025-04-27T21:22:10.544+0000] {processor.py:830} INFO - Processing file /opt/airflow/dags/exampledag.py for tasks to queue
[2025-04-27T21:22:10.545+0000] {logging_mixin.py:188} INFO - [2025-04-27T21:22:10.544+0000] {dagbag.py:538} INFO - Filling up the DagBag from /opt/airflow/dags/exampledag.py
[2025-04-27T21:22:10.570+0000] {processor.py:840} INFO - DAG(s) 'chethan_test_dag' retrieved from /opt/airflow/dags/exampledag.py
[2025-04-27T21:22:10.591+0000] {logging_mixin.py:188} INFO - [2025-04-27T21:22:10.590+0000] {dag.py:3036} INFO - Sync 1 DAGs
[2025-04-27T21:22:10.609+0000] {logging_mixin.py:188} INFO - [2025-04-27T21:22:10.609+0000] {dag.py:3823} INFO - Setting next_dagrun for chethan_test_dag to 2025-04-26 00:00:00+00:00, run_after=2025-04-27 00:00:00+00:00
[2025-04-27T21:22:10.626+0000] {processor.py:183} INFO - Processing /opt/airflow/dags/exampledag.py took 0.086 seconds
[2025-04-27T21:22:41.444+0000] {processor.py:161} INFO - Started process (PID=2905) to work on /opt/airflow/dags/exampledag.py
[2025-04-27T21:22:41.446+0000] {processor.py:830} INFO - Processing file /opt/airflow/dags/exampledag.py for tasks to queue
[2025-04-27T21:22:41.448+0000] {logging_mixin.py:188} INFO - [2025-04-27T21:22:41.448+0000] {dagbag.py:538} INFO - Filling up the DagBag from /opt/airflow/dags/exampledag.py
[2025-04-27T21:22:41.489+0000] {processor.py:840} INFO - DAG(s) 'chethan_test_dag' retrieved from /opt/airflow/dags/exampledag.py
[2025-04-27T21:22:41.526+0000] {logging_mixin.py:188} INFO - [2025-04-27T21:22:41.526+0000] {dag.py:3036} INFO - Sync 1 DAGs
[2025-04-27T21:22:41.551+0000] {logging_mixin.py:188} INFO - [2025-04-27T21:22:41.551+0000] {dag.py:3823} INFO - Setting next_dagrun for chethan_test_dag to 2025-04-26 00:00:00+00:00, run_after=2025-04-27 00:00:00+00:00
[2025-04-27T21:22:41.574+0000] {processor.py:183} INFO - Processing /opt/airflow/dags/exampledag.py took 0.133 seconds
[2025-04-27T21:23:12.164+0000] {processor.py:161} INFO - Started process (PID=2948) to work on /opt/airflow/dags/exampledag.py
[2025-04-27T21:23:12.164+0000] {processor.py:830} INFO - Processing file /opt/airflow/dags/exampledag.py for tasks to queue
[2025-04-27T21:23:12.165+0000] {logging_mixin.py:188} INFO - [2025-04-27T21:23:12.165+0000] {dagbag.py:538} INFO - Filling up the DagBag from /opt/airflow/dags/exampledag.py
[2025-04-27T21:23:12.188+0000] {processor.py:840} INFO - DAG(s) 'chethan_test_dag' retrieved from /opt/airflow/dags/exampledag.py
[2025-04-27T21:23:12.211+0000] {logging_mixin.py:188} INFO - [2025-04-27T21:23:12.210+0000] {dag.py:3036} INFO - Sync 1 DAGs
[2025-04-27T21:23:12.230+0000] {logging_mixin.py:188} INFO - [2025-04-27T21:23:12.230+0000] {dag.py:3823} INFO - Setting next_dagrun for chethan_test_dag to 2025-04-26 00:00:00+00:00, run_after=2025-04-27 00:00:00+00:00
[2025-04-27T21:23:12.249+0000] {processor.py:183} INFO - Processing /opt/airflow/dags/exampledag.py took 0.088 seconds
[2025-04-27T21:23:42.488+0000] {processor.py:161} INFO - Started process (PID=2988) to work on /opt/airflow/dags/exampledag.py
[2025-04-27T21:23:42.489+0000] {processor.py:830} INFO - Processing file /opt/airflow/dags/exampledag.py for tasks to queue
[2025-04-27T21:23:42.490+0000] {logging_mixin.py:188} INFO - [2025-04-27T21:23:42.490+0000] {dagbag.py:538} INFO - Filling up the DagBag from /opt/airflow/dags/exampledag.py
[2025-04-27T21:23:42.512+0000] {processor.py:840} INFO - DAG(s) 'chethan_test_dag' retrieved from /opt/airflow/dags/exampledag.py
[2025-04-27T21:23:42.531+0000] {logging_mixin.py:188} INFO - [2025-04-27T21:23:42.531+0000] {dag.py:3036} INFO - Sync 1 DAGs
[2025-04-27T21:23:42.548+0000] {logging_mixin.py:188} INFO - [2025-04-27T21:23:42.547+0000] {dag.py:3823} INFO - Setting next_dagrun for chethan_test_dag to 2025-04-26 00:00:00+00:00, run_after=2025-04-27 00:00:00+00:00
[2025-04-27T21:23:42.565+0000] {processor.py:183} INFO - Processing /opt/airflow/dags/exampledag.py took 0.079 seconds
[2025-04-27T21:24:12.900+0000] {processor.py:161} INFO - Started process (PID=3031) to work on /opt/airflow/dags/exampledag.py
[2025-04-27T21:24:12.902+0000] {processor.py:830} INFO - Processing file /opt/airflow/dags/exampledag.py for tasks to queue
[2025-04-27T21:24:12.903+0000] {logging_mixin.py:188} INFO - [2025-04-27T21:24:12.902+0000] {dagbag.py:538} INFO - Filling up the DagBag from /opt/airflow/dags/exampledag.py
[2025-04-27T21:24:12.928+0000] {processor.py:840} INFO - DAG(s) 'chethan_test_dag' retrieved from /opt/airflow/dags/exampledag.py
[2025-04-27T21:24:12.950+0000] {logging_mixin.py:188} INFO - [2025-04-27T21:24:12.949+0000] {dag.py:3036} INFO - Sync 1 DAGs
[2025-04-27T21:24:12.967+0000] {logging_mixin.py:188} INFO - [2025-04-27T21:24:12.966+0000] {dag.py:3823} INFO - Setting next_dagrun for chethan_test_dag to 2025-04-26 00:00:00+00:00, run_after=2025-04-27 00:00:00+00:00
[2025-04-27T21:24:12.983+0000] {processor.py:183} INFO - Processing /opt/airflow/dags/exampledag.py took 0.086 seconds
[2025-04-27T21:24:43.322+0000] {processor.py:161} INFO - Started process (PID=3074) to work on /opt/airflow/dags/exampledag.py
[2025-04-27T21:24:43.323+0000] {processor.py:830} INFO - Processing file /opt/airflow/dags/exampledag.py for tasks to queue
[2025-04-27T21:24:43.324+0000] {logging_mixin.py:188} INFO - [2025-04-27T21:24:43.324+0000] {dagbag.py:538} INFO - Filling up the DagBag from /opt/airflow/dags/exampledag.py
[2025-04-27T21:24:43.368+0000] {processor.py:840} INFO - DAG(s) 'chethan_test_dag' retrieved from /opt/airflow/dags/exampledag.py
[2025-04-27T21:24:43.393+0000] {logging_mixin.py:188} INFO - [2025-04-27T21:24:43.393+0000] {dag.py:3036} INFO - Sync 1 DAGs
[2025-04-27T21:24:43.410+0000] {logging_mixin.py:188} INFO - [2025-04-27T21:24:43.410+0000] {dag.py:3823} INFO - Setting next_dagrun for chethan_test_dag to 2025-04-26 00:00:00+00:00, run_after=2025-04-27 00:00:00+00:00
[2025-04-27T21:24:43.427+0000] {processor.py:183} INFO - Processing /opt/airflow/dags/exampledag.py took 0.109 seconds
[2025-04-27T21:25:16.260+0000] {processor.py:161} INFO - Started process (PID=3120) to work on /opt/airflow/dags/exampledag.py
[2025-04-27T21:25:16.267+0000] {processor.py:830} INFO - Processing file /opt/airflow/dags/exampledag.py for tasks to queue
[2025-04-27T21:25:16.270+0000] {logging_mixin.py:188} INFO - [2025-04-27T21:25:16.269+0000] {dagbag.py:538} INFO - Filling up the DagBag from /opt/airflow/dags/exampledag.py
[2025-04-27T21:25:16.330+0000] {processor.py:840} INFO - DAG(s) 'chethan_test_dag' retrieved from /opt/airflow/dags/exampledag.py
[2025-04-27T21:25:16.393+0000] {logging_mixin.py:188} INFO - [2025-04-27T21:25:16.393+0000] {dag.py:3036} INFO - Sync 1 DAGs
[2025-04-27T21:25:16.453+0000] {logging_mixin.py:188} INFO - [2025-04-27T21:25:16.452+0000] {dag.py:3823} INFO - Setting next_dagrun for chethan_test_dag to 2025-04-26 00:00:00+00:00, run_after=2025-04-27 00:00:00+00:00
[2025-04-27T21:25:16.503+0000] {processor.py:183} INFO - Processing /opt/airflow/dags/exampledag.py took 0.250 seconds
[2025-04-27T21:25:46.813+0000] {processor.py:161} INFO - Started process (PID=3160) to work on /opt/airflow/dags/exampledag.py
[2025-04-27T21:25:46.814+0000] {processor.py:830} INFO - Processing file /opt/airflow/dags/exampledag.py for tasks to queue
[2025-04-27T21:25:46.815+0000] {logging_mixin.py:188} INFO - [2025-04-27T21:25:46.814+0000] {dagbag.py:538} INFO - Filling up the DagBag from /opt/airflow/dags/exampledag.py
[2025-04-27T21:25:46.850+0000] {processor.py:840} INFO - DAG(s) 'chethan_test_dag' retrieved from /opt/airflow/dags/exampledag.py
[2025-04-27T21:25:46.877+0000] {logging_mixin.py:188} INFO - [2025-04-27T21:25:46.877+0000] {dag.py:3036} INFO - Sync 1 DAGs
[2025-04-27T21:25:46.896+0000] {logging_mixin.py:188} INFO - [2025-04-27T21:25:46.896+0000] {dag.py:3823} INFO - Setting next_dagrun for chethan_test_dag to 2025-04-26 00:00:00+00:00, run_after=2025-04-27 00:00:00+00:00
[2025-04-27T21:25:46.916+0000] {processor.py:183} INFO - Processing /opt/airflow/dags/exampledag.py took 0.106 seconds
[2025-04-27T21:26:17.186+0000] {processor.py:161} INFO - Started process (PID=3203) to work on /opt/airflow/dags/exampledag.py
[2025-04-27T21:26:17.188+0000] {processor.py:830} INFO - Processing file /opt/airflow/dags/exampledag.py for tasks to queue
[2025-04-27T21:26:17.190+0000] {logging_mixin.py:188} INFO - [2025-04-27T21:26:17.190+0000] {dagbag.py:538} INFO - Filling up the DagBag from /opt/airflow/dags/exampledag.py
[2025-04-27T21:26:17.219+0000] {processor.py:840} INFO - DAG(s) 'chethan_test_dag' retrieved from /opt/airflow/dags/exampledag.py
[2025-04-27T21:26:17.244+0000] {logging_mixin.py:188} INFO - [2025-04-27T21:26:17.244+0000] {dag.py:3036} INFO - Sync 1 DAGs
[2025-04-27T21:26:17.267+0000] {logging_mixin.py:188} INFO - [2025-04-27T21:26:17.266+0000] {dag.py:3823} INFO - Setting next_dagrun for chethan_test_dag to 2025-04-26 00:00:00+00:00, run_after=2025-04-27 00:00:00+00:00
[2025-04-27T21:26:17.293+0000] {processor.py:183} INFO - Processing /opt/airflow/dags/exampledag.py took 0.109 seconds
[2025-04-27T21:26:47.833+0000] {processor.py:161} INFO - Started process (PID=3246) to work on /opt/airflow/dags/exampledag.py
[2025-04-27T21:26:47.837+0000] {processor.py:830} INFO - Processing file /opt/airflow/dags/exampledag.py for tasks to queue
[2025-04-27T21:26:47.845+0000] {logging_mixin.py:188} INFO - [2025-04-27T21:26:47.841+0000] {dagbag.py:538} INFO - Filling up the DagBag from /opt/airflow/dags/exampledag.py
[2025-04-27T21:26:47.898+0000] {processor.py:840} INFO - DAG(s) 'chethan_test_dag' retrieved from /opt/airflow/dags/exampledag.py
[2025-04-27T21:26:47.927+0000] {logging_mixin.py:188} INFO - [2025-04-27T21:26:47.926+0000] {dag.py:3036} INFO - Sync 1 DAGs
[2025-04-27T21:26:47.950+0000] {logging_mixin.py:188} INFO - [2025-04-27T21:26:47.949+0000] {dag.py:3823} INFO - Setting next_dagrun for chethan_test_dag to 2025-04-26 00:00:00+00:00, run_after=2025-04-27 00:00:00+00:00
[2025-04-27T21:26:47.974+0000] {processor.py:183} INFO - Processing /opt/airflow/dags/exampledag.py took 0.160 seconds
[2025-04-27T21:27:18.302+0000] {processor.py:161} INFO - Started process (PID=3289) to work on /opt/airflow/dags/exampledag.py
[2025-04-27T21:27:18.303+0000] {processor.py:830} INFO - Processing file /opt/airflow/dags/exampledag.py for tasks to queue
[2025-04-27T21:27:18.304+0000] {logging_mixin.py:188} INFO - [2025-04-27T21:27:18.304+0000] {dagbag.py:538} INFO - Filling up the DagBag from /opt/airflow/dags/exampledag.py
[2025-04-27T21:27:18.328+0000] {processor.py:840} INFO - DAG(s) 'chethan_test_dag' retrieved from /opt/airflow/dags/exampledag.py
[2025-04-27T21:27:18.346+0000] {logging_mixin.py:188} INFO - [2025-04-27T21:27:18.346+0000] {dag.py:3036} INFO - Sync 1 DAGs
[2025-04-27T21:27:18.362+0000] {logging_mixin.py:188} INFO - [2025-04-27T21:27:18.361+0000] {dag.py:3823} INFO - Setting next_dagrun for chethan_test_dag to 2025-04-26 00:00:00+00:00, run_after=2025-04-27 00:00:00+00:00
[2025-04-27T21:27:18.378+0000] {processor.py:183} INFO - Processing /opt/airflow/dags/exampledag.py took 0.079 seconds
[2025-04-27T21:27:48.751+0000] {processor.py:161} INFO - Started process (PID=3332) to work on /opt/airflow/dags/exampledag.py
[2025-04-27T21:27:48.752+0000] {processor.py:830} INFO - Processing file /opt/airflow/dags/exampledag.py for tasks to queue
[2025-04-27T21:27:48.753+0000] {logging_mixin.py:188} INFO - [2025-04-27T21:27:48.752+0000] {dagbag.py:538} INFO - Filling up the DagBag from /opt/airflow/dags/exampledag.py
[2025-04-27T21:27:48.769+0000] {processor.py:840} INFO - DAG(s) 'chethan_test_dag' retrieved from /opt/airflow/dags/exampledag.py
[2025-04-27T21:27:48.789+0000] {logging_mixin.py:188} INFO - [2025-04-27T21:27:48.788+0000] {dag.py:3036} INFO - Sync 1 DAGs
[2025-04-27T21:27:48.817+0000] {logging_mixin.py:188} INFO - [2025-04-27T21:27:48.816+0000] {dag.py:3823} INFO - Setting next_dagrun for chethan_test_dag to 2025-04-26 00:00:00+00:00, run_after=2025-04-27 00:00:00+00:00
[2025-04-27T21:27:48.846+0000] {processor.py:183} INFO - Processing /opt/airflow/dags/exampledag.py took 0.097 seconds
[2025-04-27T21:28:19.221+0000] {processor.py:161} INFO - Started process (PID=3375) to work on /opt/airflow/dags/exampledag.py
[2025-04-27T21:28:19.222+0000] {processor.py:830} INFO - Processing file /opt/airflow/dags/exampledag.py for tasks to queue
[2025-04-27T21:28:19.223+0000] {logging_mixin.py:188} INFO - [2025-04-27T21:28:19.223+0000] {dagbag.py:538} INFO - Filling up the DagBag from /opt/airflow/dags/exampledag.py
[2025-04-27T21:28:19.255+0000] {processor.py:840} INFO - DAG(s) 'chethan_test_dag' retrieved from /opt/airflow/dags/exampledag.py
[2025-04-27T21:28:19.273+0000] {logging_mixin.py:188} INFO - [2025-04-27T21:28:19.273+0000] {dag.py:3036} INFO - Sync 1 DAGs
[2025-04-27T21:28:19.290+0000] {logging_mixin.py:188} INFO - [2025-04-27T21:28:19.290+0000] {dag.py:3823} INFO - Setting next_dagrun for chethan_test_dag to 2025-04-26 00:00:00+00:00, run_after=2025-04-27 00:00:00+00:00
[2025-04-27T21:28:19.309+0000] {processor.py:183} INFO - Processing /opt/airflow/dags/exampledag.py took 0.091 seconds
[2025-04-27T21:28:50.170+0000] {processor.py:161} INFO - Started process (PID=3418) to work on /opt/airflow/dags/exampledag.py
[2025-04-27T21:28:50.171+0000] {processor.py:830} INFO - Processing file /opt/airflow/dags/exampledag.py for tasks to queue
[2025-04-27T21:28:50.172+0000] {logging_mixin.py:188} INFO - [2025-04-27T21:28:50.172+0000] {dagbag.py:538} INFO - Filling up the DagBag from /opt/airflow/dags/exampledag.py
[2025-04-27T21:28:50.202+0000] {processor.py:840} INFO - DAG(s) 'chethan_test_dag' retrieved from /opt/airflow/dags/exampledag.py
[2025-04-27T21:28:50.230+0000] {logging_mixin.py:188} INFO - [2025-04-27T21:28:50.229+0000] {dag.py:3036} INFO - Sync 1 DAGs
[2025-04-27T21:28:50.253+0000] {logging_mixin.py:188} INFO - [2025-04-27T21:28:50.252+0000] {dag.py:3823} INFO - Setting next_dagrun for chethan_test_dag to 2025-04-26 00:00:00+00:00, run_after=2025-04-27 00:00:00+00:00
[2025-04-27T21:28:50.276+0000] {processor.py:183} INFO - Processing /opt/airflow/dags/exampledag.py took 0.117 seconds
[2025-04-27T21:29:20.954+0000] {processor.py:161} INFO - Started process (PID=3461) to work on /opt/airflow/dags/exampledag.py
[2025-04-27T21:29:20.956+0000] {processor.py:830} INFO - Processing file /opt/airflow/dags/exampledag.py for tasks to queue
[2025-04-27T21:29:20.957+0000] {logging_mixin.py:188} INFO - [2025-04-27T21:29:20.957+0000] {dagbag.py:538} INFO - Filling up the DagBag from /opt/airflow/dags/exampledag.py
[2025-04-27T21:29:20.990+0000] {processor.py:840} INFO - DAG(s) 'chethan_test_dag' retrieved from /opt/airflow/dags/exampledag.py
[2025-04-27T21:29:21.017+0000] {logging_mixin.py:188} INFO - [2025-04-27T21:29:21.016+0000] {dag.py:3036} INFO - Sync 1 DAGs
[2025-04-27T21:29:21.038+0000] {logging_mixin.py:188} INFO - [2025-04-27T21:29:21.038+0000] {dag.py:3823} INFO - Setting next_dagrun for chethan_test_dag to 2025-04-26 00:00:00+00:00, run_after=2025-04-27 00:00:00+00:00
[2025-04-27T21:29:21.060+0000] {processor.py:183} INFO - Processing /opt/airflow/dags/exampledag.py took 0.109 seconds
[2025-04-27T21:29:51.439+0000] {processor.py:161} INFO - Started process (PID=3504) to work on /opt/airflow/dags/exampledag.py
[2025-04-27T21:29:51.440+0000] {processor.py:830} INFO - Processing file /opt/airflow/dags/exampledag.py for tasks to queue
[2025-04-27T21:29:51.442+0000] {logging_mixin.py:188} INFO - [2025-04-27T21:29:51.441+0000] {dagbag.py:538} INFO - Filling up the DagBag from /opt/airflow/dags/exampledag.py
[2025-04-27T21:29:51.474+0000] {processor.py:840} INFO - DAG(s) 'chethan_test_dag' retrieved from /opt/airflow/dags/exampledag.py
[2025-04-27T21:29:51.502+0000] {logging_mixin.py:188} INFO - [2025-04-27T21:29:51.502+0000] {dag.py:3036} INFO - Sync 1 DAGs
[2025-04-27T21:29:51.529+0000] {logging_mixin.py:188} INFO - [2025-04-27T21:29:51.528+0000] {dag.py:3823} INFO - Setting next_dagrun for chethan_test_dag to 2025-04-26 00:00:00+00:00, run_after=2025-04-27 00:00:00+00:00
[2025-04-27T21:29:51.556+0000] {processor.py:183} INFO - Processing /opt/airflow/dags/exampledag.py took 0.120 seconds
[2025-04-27T21:30:21.692+0000] {processor.py:161} INFO - Started process (PID=3547) to work on /opt/airflow/dags/exampledag.py
[2025-04-27T21:30:21.693+0000] {processor.py:830} INFO - Processing file /opt/airflow/dags/exampledag.py for tasks to queue
[2025-04-27T21:30:21.694+0000] {logging_mixin.py:188} INFO - [2025-04-27T21:30:21.694+0000] {dagbag.py:538} INFO - Filling up the DagBag from /opt/airflow/dags/exampledag.py
[2025-04-27T21:30:21.724+0000] {processor.py:840} INFO - DAG(s) 'chethan_test_dag' retrieved from /opt/airflow/dags/exampledag.py
[2025-04-27T21:30:21.752+0000] {logging_mixin.py:188} INFO - [2025-04-27T21:30:21.752+0000] {dag.py:3036} INFO - Sync 1 DAGs
[2025-04-27T21:30:21.785+0000] {logging_mixin.py:188} INFO - [2025-04-27T21:30:21.785+0000] {dag.py:3823} INFO - Setting next_dagrun for chethan_test_dag to 2025-04-26 00:00:00+00:00, run_after=2025-04-27 00:00:00+00:00
[2025-04-27T21:30:21.813+0000] {processor.py:183} INFO - Processing /opt/airflow/dags/exampledag.py took 0.125 seconds
[2025-04-27T21:30:52.118+0000] {processor.py:161} INFO - Started process (PID=3590) to work on /opt/airflow/dags/exampledag.py
[2025-04-27T21:30:52.119+0000] {processor.py:830} INFO - Processing file /opt/airflow/dags/exampledag.py for tasks to queue
[2025-04-27T21:30:52.122+0000] {logging_mixin.py:188} INFO - [2025-04-27T21:30:52.121+0000] {dagbag.py:538} INFO - Filling up the DagBag from /opt/airflow/dags/exampledag.py
[2025-04-27T21:30:52.150+0000] {processor.py:840} INFO - DAG(s) 'chethan_test_dag' retrieved from /opt/airflow/dags/exampledag.py
[2025-04-27T21:30:52.176+0000] {logging_mixin.py:188} INFO - [2025-04-27T21:30:52.176+0000] {dag.py:3036} INFO - Sync 1 DAGs
[2025-04-27T21:30:52.205+0000] {logging_mixin.py:188} INFO - [2025-04-27T21:30:52.205+0000] {dag.py:3823} INFO - Setting next_dagrun for chethan_test_dag to 2025-04-26 00:00:00+00:00, run_after=2025-04-27 00:00:00+00:00
[2025-04-27T21:30:52.222+0000] {processor.py:183} INFO - Processing /opt/airflow/dags/exampledag.py took 0.108 seconds
[2025-04-27T21:31:22.413+0000] {processor.py:161} INFO - Started process (PID=3633) to work on /opt/airflow/dags/exampledag.py
[2025-04-27T21:31:22.415+0000] {processor.py:830} INFO - Processing file /opt/airflow/dags/exampledag.py for tasks to queue
[2025-04-27T21:31:22.417+0000] {logging_mixin.py:188} INFO - [2025-04-27T21:31:22.416+0000] {dagbag.py:538} INFO - Filling up the DagBag from /opt/airflow/dags/exampledag.py
[2025-04-27T21:31:22.449+0000] {processor.py:840} INFO - DAG(s) 'chethan_test_dag' retrieved from /opt/airflow/dags/exampledag.py
[2025-04-27T21:31:22.479+0000] {logging_mixin.py:188} INFO - [2025-04-27T21:31:22.479+0000] {dag.py:3036} INFO - Sync 1 DAGs
[2025-04-27T21:31:22.506+0000] {logging_mixin.py:188} INFO - [2025-04-27T21:31:22.505+0000] {dag.py:3823} INFO - Setting next_dagrun for chethan_test_dag to 2025-04-26 00:00:00+00:00, run_after=2025-04-27 00:00:00+00:00
[2025-04-27T21:31:22.533+0000] {processor.py:183} INFO - Processing /opt/airflow/dags/exampledag.py took 0.125 seconds
[2025-04-27T21:31:52.861+0000] {processor.py:161} INFO - Started process (PID=3676) to work on /opt/airflow/dags/exampledag.py
[2025-04-27T21:31:52.862+0000] {processor.py:830} INFO - Processing file /opt/airflow/dags/exampledag.py for tasks to queue
[2025-04-27T21:31:52.864+0000] {logging_mixin.py:188} INFO - [2025-04-27T21:31:52.863+0000] {dagbag.py:538} INFO - Filling up the DagBag from /opt/airflow/dags/exampledag.py
[2025-04-27T21:31:52.898+0000] {processor.py:840} INFO - DAG(s) 'chethan_test_dag' retrieved from /opt/airflow/dags/exampledag.py
[2025-04-27T21:31:52.935+0000] {logging_mixin.py:188} INFO - [2025-04-27T21:31:52.935+0000] {dag.py:3036} INFO - Sync 1 DAGs
[2025-04-27T21:31:52.965+0000] {logging_mixin.py:188} INFO - [2025-04-27T21:31:52.964+0000] {dag.py:3823} INFO - Setting next_dagrun for chethan_test_dag to 2025-04-26 00:00:00+00:00, run_after=2025-04-27 00:00:00+00:00
[2025-04-27T21:31:52.990+0000] {processor.py:183} INFO - Processing /opt/airflow/dags/exampledag.py took 0.133 seconds
[2025-04-27T21:32:23.198+0000] {processor.py:161} INFO - Started process (PID=3719) to work on /opt/airflow/dags/exampledag.py
[2025-04-27T21:32:23.199+0000] {processor.py:830} INFO - Processing file /opt/airflow/dags/exampledag.py for tasks to queue
[2025-04-27T21:32:23.200+0000] {logging_mixin.py:188} INFO - [2025-04-27T21:32:23.200+0000] {dagbag.py:538} INFO - Filling up the DagBag from /opt/airflow/dags/exampledag.py
[2025-04-27T21:32:23.224+0000] {processor.py:840} INFO - DAG(s) 'chethan_test_dag' retrieved from /opt/airflow/dags/exampledag.py
[2025-04-27T21:32:23.246+0000] {logging_mixin.py:188} INFO - [2025-04-27T21:32:23.246+0000] {dag.py:3036} INFO - Sync 1 DAGs
[2025-04-27T21:32:23.262+0000] {logging_mixin.py:188} INFO - [2025-04-27T21:32:23.262+0000] {dag.py:3823} INFO - Setting next_dagrun for chethan_test_dag to 2025-04-26 00:00:00+00:00, run_after=2025-04-27 00:00:00+00:00
[2025-04-27T21:32:23.280+0000] {processor.py:183} INFO - Processing /opt/airflow/dags/exampledag.py took 0.085 seconds
[2025-04-27T21:32:53.383+0000] {processor.py:161} INFO - Started process (PID=3762) to work on /opt/airflow/dags/exampledag.py
[2025-04-27T21:32:53.385+0000] {processor.py:830} INFO - Processing file /opt/airflow/dags/exampledag.py for tasks to queue
[2025-04-27T21:32:53.386+0000] {logging_mixin.py:188} INFO - [2025-04-27T21:32:53.386+0000] {dagbag.py:538} INFO - Filling up the DagBag from /opt/airflow/dags/exampledag.py
[2025-04-27T21:32:53.422+0000] {processor.py:840} INFO - DAG(s) 'chethan_test_dag' retrieved from /opt/airflow/dags/exampledag.py
[2025-04-27T21:32:53.444+0000] {logging_mixin.py:188} INFO - [2025-04-27T21:32:53.444+0000] {dag.py:3036} INFO - Sync 1 DAGs
[2025-04-27T21:32:53.461+0000] {logging_mixin.py:188} INFO - [2025-04-27T21:32:53.461+0000] {dag.py:3823} INFO - Setting next_dagrun for chethan_test_dag to 2025-04-26 00:00:00+00:00, run_after=2025-04-27 00:00:00+00:00
[2025-04-27T21:32:53.479+0000] {processor.py:183} INFO - Processing /opt/airflow/dags/exampledag.py took 0.099 seconds
[2025-04-27T21:33:23.554+0000] {processor.py:161} INFO - Started process (PID=3805) to work on /opt/airflow/dags/exampledag.py
[2025-04-27T21:33:23.555+0000] {processor.py:830} INFO - Processing file /opt/airflow/dags/exampledag.py for tasks to queue
[2025-04-27T21:33:23.556+0000] {logging_mixin.py:188} INFO - [2025-04-27T21:33:23.556+0000] {dagbag.py:538} INFO - Filling up the DagBag from /opt/airflow/dags/exampledag.py
[2025-04-27T21:33:23.576+0000] {processor.py:840} INFO - DAG(s) 'chethan_test_dag' retrieved from /opt/airflow/dags/exampledag.py
[2025-04-27T21:33:23.593+0000] {logging_mixin.py:188} INFO - [2025-04-27T21:33:23.593+0000] {dag.py:3036} INFO - Sync 1 DAGs
[2025-04-27T21:33:23.609+0000] {logging_mixin.py:188} INFO - [2025-04-27T21:33:23.609+0000] {dag.py:3823} INFO - Setting next_dagrun for chethan_test_dag to 2025-04-26 00:00:00+00:00, run_after=2025-04-27 00:00:00+00:00
[2025-04-27T21:33:23.625+0000] {processor.py:183} INFO - Processing /opt/airflow/dags/exampledag.py took 0.075 seconds
[2025-04-27T21:33:53.823+0000] {processor.py:161} INFO - Started process (PID=3848) to work on /opt/airflow/dags/exampledag.py
[2025-04-27T21:33:53.824+0000] {processor.py:830} INFO - Processing file /opt/airflow/dags/exampledag.py for tasks to queue
[2025-04-27T21:33:53.824+0000] {logging_mixin.py:188} INFO - [2025-04-27T21:33:53.824+0000] {dagbag.py:538} INFO - Filling up the DagBag from /opt/airflow/dags/exampledag.py
[2025-04-27T21:33:53.849+0000] {processor.py:840} INFO - DAG(s) 'chethan_test_dag' retrieved from /opt/airflow/dags/exampledag.py
[2025-04-27T21:33:53.868+0000] {logging_mixin.py:188} INFO - [2025-04-27T21:33:53.868+0000] {dag.py:3036} INFO - Sync 1 DAGs
[2025-04-27T21:33:53.885+0000] {logging_mixin.py:188} INFO - [2025-04-27T21:33:53.885+0000] {dag.py:3823} INFO - Setting next_dagrun for chethan_test_dag to 2025-04-26 00:00:00+00:00, run_after=2025-04-27 00:00:00+00:00
[2025-04-27T21:33:53.908+0000] {processor.py:183} INFO - Processing /opt/airflow/dags/exampledag.py took 0.087 seconds
[2025-04-27T21:34:24.197+0000] {processor.py:161} INFO - Started process (PID=3891) to work on /opt/airflow/dags/exampledag.py
[2025-04-27T21:34:24.198+0000] {processor.py:830} INFO - Processing file /opt/airflow/dags/exampledag.py for tasks to queue
[2025-04-27T21:34:24.199+0000] {logging_mixin.py:188} INFO - [2025-04-27T21:34:24.199+0000] {dagbag.py:538} INFO - Filling up the DagBag from /opt/airflow/dags/exampledag.py
[2025-04-27T21:34:24.217+0000] {processor.py:840} INFO - DAG(s) 'chethan_test_dag' retrieved from /opt/airflow/dags/exampledag.py
[2025-04-27T21:34:24.238+0000] {logging_mixin.py:188} INFO - [2025-04-27T21:34:24.238+0000] {dag.py:3036} INFO - Sync 1 DAGs
[2025-04-27T21:34:24.255+0000] {logging_mixin.py:188} INFO - [2025-04-27T21:34:24.254+0000] {dag.py:3823} INFO - Setting next_dagrun for chethan_test_dag to 2025-04-26 00:00:00+00:00, run_after=2025-04-27 00:00:00+00:00
[2025-04-27T21:34:24.270+0000] {processor.py:183} INFO - Processing /opt/airflow/dags/exampledag.py took 0.075 seconds
[2025-04-27T21:34:54.487+0000] {processor.py:161} INFO - Started process (PID=3934) to work on /opt/airflow/dags/exampledag.py
[2025-04-27T21:34:54.488+0000] {processor.py:830} INFO - Processing file /opt/airflow/dags/exampledag.py for tasks to queue
[2025-04-27T21:34:54.489+0000] {logging_mixin.py:188} INFO - [2025-04-27T21:34:54.488+0000] {dagbag.py:538} INFO - Filling up the DagBag from /opt/airflow/dags/exampledag.py
[2025-04-27T21:34:54.511+0000] {processor.py:840} INFO - DAG(s) 'chethan_test_dag' retrieved from /opt/airflow/dags/exampledag.py
[2025-04-27T21:34:54.530+0000] {logging_mixin.py:188} INFO - [2025-04-27T21:34:54.530+0000] {dag.py:3036} INFO - Sync 1 DAGs
[2025-04-27T21:34:54.552+0000] {logging_mixin.py:188} INFO - [2025-04-27T21:34:54.552+0000] {dag.py:3823} INFO - Setting next_dagrun for chethan_test_dag to 2025-04-26 00:00:00+00:00, run_after=2025-04-27 00:00:00+00:00
[2025-04-27T21:34:54.576+0000] {processor.py:183} INFO - Processing /opt/airflow/dags/exampledag.py took 0.092 seconds
[2025-04-27T21:35:24.931+0000] {processor.py:161} INFO - Started process (PID=3977) to work on /opt/airflow/dags/exampledag.py
[2025-04-27T21:35:24.932+0000] {processor.py:830} INFO - Processing file /opt/airflow/dags/exampledag.py for tasks to queue
[2025-04-27T21:35:24.933+0000] {logging_mixin.py:188} INFO - [2025-04-27T21:35:24.933+0000] {dagbag.py:538} INFO - Filling up the DagBag from /opt/airflow/dags/exampledag.py
[2025-04-27T21:35:24.961+0000] {processor.py:840} INFO - DAG(s) 'chethan_test_dag' retrieved from /opt/airflow/dags/exampledag.py
[2025-04-27T21:35:25.006+0000] {logging_mixin.py:188} INFO - [2025-04-27T21:35:25.006+0000] {dag.py:3036} INFO - Sync 1 DAGs
[2025-04-27T21:35:25.023+0000] {logging_mixin.py:188} INFO - [2025-04-27T21:35:25.023+0000] {dag.py:3823} INFO - Setting next_dagrun for chethan_test_dag to 2025-04-26 00:00:00+00:00, run_after=2025-04-27 00:00:00+00:00
[2025-04-27T21:35:25.040+0000] {processor.py:183} INFO - Processing /opt/airflow/dags/exampledag.py took 0.111 seconds
[2025-04-27T21:35:55.266+0000] {processor.py:161} INFO - Started process (PID=4020) to work on /opt/airflow/dags/exampledag.py
[2025-04-27T21:35:55.267+0000] {processor.py:830} INFO - Processing file /opt/airflow/dags/exampledag.py for tasks to queue
[2025-04-27T21:35:55.268+0000] {logging_mixin.py:188} INFO - [2025-04-27T21:35:55.268+0000] {dagbag.py:538} INFO - Filling up the DagBag from /opt/airflow/dags/exampledag.py
[2025-04-27T21:35:55.293+0000] {processor.py:840} INFO - DAG(s) 'chethan_test_dag' retrieved from /opt/airflow/dags/exampledag.py
[2025-04-27T21:35:55.313+0000] {logging_mixin.py:188} INFO - [2025-04-27T21:35:55.312+0000] {dag.py:3036} INFO - Sync 1 DAGs
[2025-04-27T21:35:55.331+0000] {logging_mixin.py:188} INFO - [2025-04-27T21:35:55.331+0000] {dag.py:3823} INFO - Setting next_dagrun for chethan_test_dag to 2025-04-26 00:00:00+00:00, run_after=2025-04-27 00:00:00+00:00
[2025-04-27T21:35:55.349+0000] {processor.py:183} INFO - Processing /opt/airflow/dags/exampledag.py took 0.087 seconds
[2025-04-27T21:36:25.629+0000] {processor.py:161} INFO - Started process (PID=4063) to work on /opt/airflow/dags/exampledag.py
[2025-04-27T21:36:25.630+0000] {processor.py:830} INFO - Processing file /opt/airflow/dags/exampledag.py for tasks to queue
[2025-04-27T21:36:25.632+0000] {logging_mixin.py:188} INFO - [2025-04-27T21:36:25.631+0000] {dagbag.py:538} INFO - Filling up the DagBag from /opt/airflow/dags/exampledag.py
[2025-04-27T21:36:25.672+0000] {processor.py:840} INFO - DAG(s) 'chethan_test_dag' retrieved from /opt/airflow/dags/exampledag.py
[2025-04-27T21:36:25.708+0000] {logging_mixin.py:188} INFO - [2025-04-27T21:36:25.708+0000] {dag.py:3036} INFO - Sync 1 DAGs
[2025-04-27T21:36:25.736+0000] {logging_mixin.py:188} INFO - [2025-04-27T21:36:25.736+0000] {dag.py:3823} INFO - Setting next_dagrun for chethan_test_dag to 2025-04-26 00:00:00+00:00, run_after=2025-04-27 00:00:00+00:00
[2025-04-27T21:36:25.761+0000] {processor.py:183} INFO - Processing /opt/airflow/dags/exampledag.py took 0.137 seconds
[2025-04-27T21:36:56.138+0000] {processor.py:161} INFO - Started process (PID=4106) to work on /opt/airflow/dags/exampledag.py
[2025-04-27T21:36:56.139+0000] {processor.py:830} INFO - Processing file /opt/airflow/dags/exampledag.py for tasks to queue
[2025-04-27T21:36:56.141+0000] {logging_mixin.py:188} INFO - [2025-04-27T21:36:56.140+0000] {dagbag.py:538} INFO - Filling up the DagBag from /opt/airflow/dags/exampledag.py
[2025-04-27T21:36:56.168+0000] {processor.py:840} INFO - DAG(s) 'chethan_test_dag' retrieved from /opt/airflow/dags/exampledag.py
[2025-04-27T21:36:56.191+0000] {logging_mixin.py:188} INFO - [2025-04-27T21:36:56.190+0000] {dag.py:3036} INFO - Sync 1 DAGs
[2025-04-27T21:36:56.221+0000] {logging_mixin.py:188} INFO - [2025-04-27T21:36:56.221+0000] {dag.py:3823} INFO - Setting next_dagrun for chethan_test_dag to 2025-04-26 00:00:00+00:00, run_after=2025-04-27 00:00:00+00:00
[2025-04-27T21:36:56.241+0000] {processor.py:183} INFO - Processing /opt/airflow/dags/exampledag.py took 0.106 seconds
[2025-04-27T21:37:26.581+0000] {processor.py:161} INFO - Started process (PID=4149) to work on /opt/airflow/dags/exampledag.py
[2025-04-27T21:37:26.582+0000] {processor.py:830} INFO - Processing file /opt/airflow/dags/exampledag.py for tasks to queue
[2025-04-27T21:37:26.584+0000] {logging_mixin.py:188} INFO - [2025-04-27T21:37:26.583+0000] {dagbag.py:538} INFO - Filling up the DagBag from /opt/airflow/dags/exampledag.py
[2025-04-27T21:37:26.613+0000] {processor.py:840} INFO - DAG(s) 'chethan_test_dag' retrieved from /opt/airflow/dags/exampledag.py
[2025-04-27T21:37:26.638+0000] {logging_mixin.py:188} INFO - [2025-04-27T21:37:26.638+0000] {dag.py:3036} INFO - Sync 1 DAGs
[2025-04-27T21:37:26.658+0000] {logging_mixin.py:188} INFO - [2025-04-27T21:37:26.658+0000] {dag.py:3823} INFO - Setting next_dagrun for chethan_test_dag to 2025-04-26 00:00:00+00:00, run_after=2025-04-27 00:00:00+00:00
[2025-04-27T21:37:26.697+0000] {processor.py:183} INFO - Processing /opt/airflow/dags/exampledag.py took 0.120 seconds
[2025-04-27T21:37:57.096+0000] {processor.py:161} INFO - Started process (PID=4192) to work on /opt/airflow/dags/exampledag.py
[2025-04-27T21:37:57.098+0000] {processor.py:830} INFO - Processing file /opt/airflow/dags/exampledag.py for tasks to queue
[2025-04-27T21:37:57.099+0000] {logging_mixin.py:188} INFO - [2025-04-27T21:37:57.098+0000] {dagbag.py:538} INFO - Filling up the DagBag from /opt/airflow/dags/exampledag.py
[2025-04-27T21:37:57.127+0000] {processor.py:840} INFO - DAG(s) 'chethan_test_dag' retrieved from /opt/airflow/dags/exampledag.py
[2025-04-27T21:37:57.150+0000] {logging_mixin.py:188} INFO - [2025-04-27T21:37:57.150+0000] {dag.py:3036} INFO - Sync 1 DAGs
[2025-04-27T21:37:57.167+0000] {logging_mixin.py:188} INFO - [2025-04-27T21:37:57.167+0000] {dag.py:3823} INFO - Setting next_dagrun for chethan_test_dag to 2025-04-26 00:00:00+00:00, run_after=2025-04-27 00:00:00+00:00
[2025-04-27T21:37:57.183+0000] {processor.py:183} INFO - Processing /opt/airflow/dags/exampledag.py took 0.089 seconds
[2025-04-27T21:38:27.712+0000] {processor.py:161} INFO - Started process (PID=4233) to work on /opt/airflow/dags/exampledag.py
[2025-04-27T21:38:27.721+0000] {processor.py:830} INFO - Processing file /opt/airflow/dags/exampledag.py for tasks to queue
[2025-04-27T21:38:27.735+0000] {logging_mixin.py:188} INFO - [2025-04-27T21:38:27.734+0000] {dagbag.py:538} INFO - Filling up the DagBag from /opt/airflow/dags/exampledag.py
[2025-04-27T21:38:28.643+0000] {processor.py:840} INFO - DAG(s) 'chethan_test_dag' retrieved from /opt/airflow/dags/exampledag.py
[2025-04-27T21:38:28.728+0000] {logging_mixin.py:188} INFO - [2025-04-27T21:38:28.728+0000] {dag.py:3036} INFO - Sync 1 DAGs
[2025-04-27T21:38:28.792+0000] {logging_mixin.py:188} INFO - [2025-04-27T21:38:28.791+0000] {dag.py:3823} INFO - Setting next_dagrun for chethan_test_dag to 2025-04-26 00:00:00+00:00, run_after=2025-04-27 00:00:00+00:00
[2025-04-27T21:38:28.885+0000] {processor.py:183} INFO - Processing /opt/airflow/dags/exampledag.py took 1.179 seconds
[2025-04-27T21:41:12.116+0000] {processor.py:161} INFO - Started process (PID=4278) to work on /opt/airflow/dags/exampledag.py
[2025-04-27T21:41:12.122+0000] {processor.py:830} INFO - Processing file /opt/airflow/dags/exampledag.py for tasks to queue
[2025-04-27T21:41:12.124+0000] {logging_mixin.py:188} INFO - [2025-04-27T21:41:12.123+0000] {dagbag.py:538} INFO - Filling up the DagBag from /opt/airflow/dags/exampledag.py
[2025-04-27T21:41:12.180+0000] {processor.py:840} INFO - DAG(s) 'chethan_test_dag' retrieved from /opt/airflow/dags/exampledag.py
[2025-04-27T21:41:12.249+0000] {logging_mixin.py:188} INFO - [2025-04-27T21:41:12.248+0000] {dag.py:3036} INFO - Sync 1 DAGs
[2025-04-27T21:41:12.321+0000] {logging_mixin.py:188} INFO - [2025-04-27T21:41:12.320+0000] {dag.py:3823} INFO - Setting next_dagrun for chethan_test_dag to 2025-04-26 00:00:00+00:00, run_after=2025-04-27 00:00:00+00:00
[2025-04-27T21:41:12.390+0000] {processor.py:183} INFO - Processing /opt/airflow/dags/exampledag.py took 0.279 seconds
[2025-04-27T21:41:42.848+0000] {processor.py:161} INFO - Started process (PID=4317) to work on /opt/airflow/dags/exampledag.py
[2025-04-27T21:41:42.849+0000] {processor.py:830} INFO - Processing file /opt/airflow/dags/exampledag.py for tasks to queue
[2025-04-27T21:41:42.851+0000] {logging_mixin.py:188} INFO - [2025-04-27T21:41:42.851+0000] {dagbag.py:538} INFO - Filling up the DagBag from /opt/airflow/dags/exampledag.py
[2025-04-27T21:41:42.888+0000] {processor.py:840} INFO - DAG(s) 'chethan_test_dag' retrieved from /opt/airflow/dags/exampledag.py
[2025-04-27T21:41:42.921+0000] {logging_mixin.py:188} INFO - [2025-04-27T21:41:42.921+0000] {dag.py:3036} INFO - Sync 1 DAGs
[2025-04-27T21:41:42.944+0000] {logging_mixin.py:188} INFO - [2025-04-27T21:41:42.944+0000] {dag.py:3823} INFO - Setting next_dagrun for chethan_test_dag to 2025-04-26 00:00:00+00:00, run_after=2025-04-27 00:00:00+00:00
[2025-04-27T21:41:42.964+0000] {processor.py:183} INFO - Processing /opt/airflow/dags/exampledag.py took 0.119 seconds
[2025-04-27T21:42:13.497+0000] {processor.py:161} INFO - Started process (PID=4360) to work on /opt/airflow/dags/exampledag.py
[2025-04-27T21:42:13.502+0000] {processor.py:830} INFO - Processing file /opt/airflow/dags/exampledag.py for tasks to queue
[2025-04-27T21:42:13.509+0000] {logging_mixin.py:188} INFO - [2025-04-27T21:42:13.508+0000] {dagbag.py:538} INFO - Filling up the DagBag from /opt/airflow/dags/exampledag.py
[2025-04-27T21:42:13.580+0000] {processor.py:840} INFO - DAG(s) 'chethan_test_dag' retrieved from /opt/airflow/dags/exampledag.py
[2025-04-27T21:42:13.629+0000] {logging_mixin.py:188} INFO - [2025-04-27T21:42:13.628+0000] {dag.py:3036} INFO - Sync 1 DAGs
[2025-04-27T21:42:13.659+0000] {logging_mixin.py:188} INFO - [2025-04-27T21:42:13.658+0000] {dag.py:3823} INFO - Setting next_dagrun for chethan_test_dag to 2025-04-26 00:00:00+00:00, run_after=2025-04-27 00:00:00+00:00
[2025-04-27T21:42:13.693+0000] {processor.py:183} INFO - Processing /opt/airflow/dags/exampledag.py took 0.206 seconds
[2025-04-27T21:42:44.639+0000] {processor.py:161} INFO - Started process (PID=4403) to work on /opt/airflow/dags/exampledag.py
[2025-04-27T21:42:44.640+0000] {processor.py:830} INFO - Processing file /opt/airflow/dags/exampledag.py for tasks to queue
[2025-04-27T21:42:44.642+0000] {logging_mixin.py:188} INFO - [2025-04-27T21:42:44.641+0000] {dagbag.py:538} INFO - Filling up the DagBag from /opt/airflow/dags/exampledag.py
[2025-04-27T21:42:44.686+0000] {processor.py:840} INFO - DAG(s) 'chethan_test_dag' retrieved from /opt/airflow/dags/exampledag.py
[2025-04-27T21:42:44.732+0000] {logging_mixin.py:188} INFO - [2025-04-27T21:42:44.731+0000] {dag.py:3036} INFO - Sync 1 DAGs
[2025-04-27T21:42:44.771+0000] {logging_mixin.py:188} INFO - [2025-04-27T21:42:44.771+0000] {dag.py:3823} INFO - Setting next_dagrun for chethan_test_dag to 2025-04-26 00:00:00+00:00, run_after=2025-04-27 00:00:00+00:00
[2025-04-27T21:42:44.803+0000] {processor.py:183} INFO - Processing /opt/airflow/dags/exampledag.py took 0.168 seconds
[2025-04-27T21:43:15.936+0000] {processor.py:161} INFO - Started process (PID=4452) to work on /opt/airflow/dags/exampledag.py
[2025-04-27T21:43:15.938+0000] {processor.py:830} INFO - Processing file /opt/airflow/dags/exampledag.py for tasks to queue
[2025-04-27T21:43:15.939+0000] {logging_mixin.py:188} INFO - [2025-04-27T21:43:15.939+0000] {dagbag.py:538} INFO - Filling up the DagBag from /opt/airflow/dags/exampledag.py
[2025-04-27T21:43:15.972+0000] {processor.py:840} INFO - DAG(s) 'chethan_test_dag' retrieved from /opt/airflow/dags/exampledag.py
[2025-04-27T21:43:15.996+0000] {logging_mixin.py:188} INFO - [2025-04-27T21:43:15.996+0000] {dag.py:3036} INFO - Sync 1 DAGs
[2025-04-27T21:43:16.016+0000] {logging_mixin.py:188} INFO - [2025-04-27T21:43:16.015+0000] {dag.py:3823} INFO - Setting next_dagrun for chethan_test_dag to 2025-04-26 00:00:00+00:00, run_after=2025-04-27 00:00:00+00:00
[2025-04-27T21:43:16.038+0000] {processor.py:183} INFO - Processing /opt/airflow/dags/exampledag.py took 0.107 seconds
[2025-04-27T21:43:46.772+0000] {processor.py:161} INFO - Started process (PID=4493) to work on /opt/airflow/dags/exampledag.py
[2025-04-27T21:43:46.773+0000] {processor.py:830} INFO - Processing file /opt/airflow/dags/exampledag.py for tasks to queue
[2025-04-27T21:43:46.776+0000] {logging_mixin.py:188} INFO - [2025-04-27T21:43:46.775+0000] {dagbag.py:538} INFO - Filling up the DagBag from /opt/airflow/dags/exampledag.py
[2025-04-27T21:43:46.836+0000] {processor.py:840} INFO - DAG(s) 'chethan_test_dag' retrieved from /opt/airflow/dags/exampledag.py
[2025-04-27T21:43:46.888+0000] {logging_mixin.py:188} INFO - [2025-04-27T21:43:46.887+0000] {dag.py:3036} INFO - Sync 1 DAGs
[2025-04-27T21:43:46.938+0000] {logging_mixin.py:188} INFO - [2025-04-27T21:43:46.938+0000] {dag.py:3823} INFO - Setting next_dagrun for chethan_test_dag to 2025-04-26 00:00:00+00:00, run_after=2025-04-27 00:00:00+00:00
[2025-04-27T21:43:46.974+0000] {processor.py:183} INFO - Processing /opt/airflow/dags/exampledag.py took 0.207 seconds
[2025-04-27T21:44:17.418+0000] {processor.py:161} INFO - Started process (PID=4535) to work on /opt/airflow/dags/exampledag.py
[2025-04-27T21:44:17.419+0000] {processor.py:830} INFO - Processing file /opt/airflow/dags/exampledag.py for tasks to queue
[2025-04-27T21:44:17.421+0000] {logging_mixin.py:188} INFO - [2025-04-27T21:44:17.420+0000] {dagbag.py:538} INFO - Filling up the DagBag from /opt/airflow/dags/exampledag.py
[2025-04-27T21:44:17.460+0000] {processor.py:840} INFO - DAG(s) 'chethan_test_dag' retrieved from /opt/airflow/dags/exampledag.py
[2025-04-27T21:44:17.504+0000] {logging_mixin.py:188} INFO - [2025-04-27T21:44:17.503+0000] {dag.py:3036} INFO - Sync 1 DAGs
[2025-04-27T21:44:17.535+0000] {logging_mixin.py:188} INFO - [2025-04-27T21:44:17.534+0000] {dag.py:3823} INFO - Setting next_dagrun for chethan_test_dag to 2025-04-26 00:00:00+00:00, run_after=2025-04-27 00:00:00+00:00
[2025-04-27T21:44:17.576+0000] {processor.py:183} INFO - Processing /opt/airflow/dags/exampledag.py took 0.161 seconds
[2025-04-27T21:44:48.513+0000] {processor.py:161} INFO - Started process (PID=4575) to work on /opt/airflow/dags/exampledag.py
[2025-04-27T21:44:48.515+0000] {processor.py:830} INFO - Processing file /opt/airflow/dags/exampledag.py for tasks to queue
[2025-04-27T21:44:48.516+0000] {logging_mixin.py:188} INFO - [2025-04-27T21:44:48.516+0000] {dagbag.py:538} INFO - Filling up the DagBag from /opt/airflow/dags/exampledag.py
[2025-04-27T21:44:48.552+0000] {processor.py:840} INFO - DAG(s) 'chethan_test_dag' retrieved from /opt/airflow/dags/exampledag.py
[2025-04-27T21:44:48.585+0000] {logging_mixin.py:188} INFO - [2025-04-27T21:44:48.585+0000] {dag.py:3036} INFO - Sync 1 DAGs
[2025-04-27T21:44:48.621+0000] {logging_mixin.py:188} INFO - [2025-04-27T21:44:48.621+0000] {dag.py:3823} INFO - Setting next_dagrun for chethan_test_dag to 2025-04-26 00:00:00+00:00, run_after=2025-04-27 00:00:00+00:00
[2025-04-27T21:44:48.654+0000] {processor.py:183} INFO - Processing /opt/airflow/dags/exampledag.py took 0.144 seconds
[2025-04-27T21:45:19.079+0000] {processor.py:161} INFO - Started process (PID=4618) to work on /opt/airflow/dags/exampledag.py
[2025-04-27T21:45:19.081+0000] {processor.py:830} INFO - Processing file /opt/airflow/dags/exampledag.py for tasks to queue
[2025-04-27T21:45:19.083+0000] {logging_mixin.py:188} INFO - [2025-04-27T21:45:19.082+0000] {dagbag.py:538} INFO - Filling up the DagBag from /opt/airflow/dags/exampledag.py
[2025-04-27T21:45:19.114+0000] {processor.py:840} INFO - DAG(s) 'chethan_test_dag' retrieved from /opt/airflow/dags/exampledag.py
[2025-04-27T21:45:19.142+0000] {logging_mixin.py:188} INFO - [2025-04-27T21:45:19.142+0000] {dag.py:3036} INFO - Sync 1 DAGs
[2025-04-27T21:45:19.167+0000] {logging_mixin.py:188} INFO - [2025-04-27T21:45:19.167+0000] {dag.py:3823} INFO - Setting next_dagrun for chethan_test_dag to 2025-04-26 00:00:00+00:00, run_after=2025-04-27 00:00:00+00:00
[2025-04-27T21:45:19.189+0000] {processor.py:183} INFO - Processing /opt/airflow/dags/exampledag.py took 0.113 seconds
[2025-04-27T21:45:49.918+0000] {processor.py:161} INFO - Started process (PID=4661) to work on /opt/airflow/dags/exampledag.py
[2025-04-27T21:45:49.919+0000] {processor.py:830} INFO - Processing file /opt/airflow/dags/exampledag.py for tasks to queue
[2025-04-27T21:45:49.920+0000] {logging_mixin.py:188} INFO - [2025-04-27T21:45:49.920+0000] {dagbag.py:538} INFO - Filling up the DagBag from /opt/airflow/dags/exampledag.py
[2025-04-27T21:45:49.947+0000] {processor.py:840} INFO - DAG(s) 'chethan_test_dag' retrieved from /opt/airflow/dags/exampledag.py
[2025-04-27T21:45:49.967+0000] {logging_mixin.py:188} INFO - [2025-04-27T21:45:49.967+0000] {dag.py:3036} INFO - Sync 1 DAGs
[2025-04-27T21:45:49.984+0000] {logging_mixin.py:188} INFO - [2025-04-27T21:45:49.984+0000] {dag.py:3823} INFO - Setting next_dagrun for chethan_test_dag to 2025-04-26 00:00:00+00:00, run_after=2025-04-27 00:00:00+00:00
[2025-04-27T21:45:50.001+0000] {processor.py:183} INFO - Processing /opt/airflow/dags/exampledag.py took 0.086 seconds
[2025-04-27T21:46:20.839+0000] {processor.py:161} INFO - Started process (PID=4704) to work on /opt/airflow/dags/exampledag.py
[2025-04-27T21:46:20.840+0000] {processor.py:830} INFO - Processing file /opt/airflow/dags/exampledag.py for tasks to queue
[2025-04-27T21:46:20.842+0000] {logging_mixin.py:188} INFO - [2025-04-27T21:46:20.841+0000] {dagbag.py:538} INFO - Filling up the DagBag from /opt/airflow/dags/exampledag.py
[2025-04-27T21:46:20.883+0000] {processor.py:840} INFO - DAG(s) 'chethan_test_dag' retrieved from /opt/airflow/dags/exampledag.py
[2025-04-27T21:46:20.919+0000] {logging_mixin.py:188} INFO - [2025-04-27T21:46:20.919+0000] {dag.py:3036} INFO - Sync 1 DAGs
[2025-04-27T21:46:20.943+0000] {logging_mixin.py:188} INFO - [2025-04-27T21:46:20.943+0000] {dag.py:3823} INFO - Setting next_dagrun for chethan_test_dag to 2025-04-26 00:00:00+00:00, run_after=2025-04-27 00:00:00+00:00
[2025-04-27T21:46:20.967+0000] {processor.py:183} INFO - Processing /opt/airflow/dags/exampledag.py took 0.133 seconds
[2025-04-27T21:46:51.995+0000] {processor.py:161} INFO - Started process (PID=4746) to work on /opt/airflow/dags/exampledag.py
[2025-04-27T21:46:51.996+0000] {processor.py:830} INFO - Processing file /opt/airflow/dags/exampledag.py for tasks to queue
[2025-04-27T21:46:51.998+0000] {logging_mixin.py:188} INFO - [2025-04-27T21:46:51.998+0000] {dagbag.py:538} INFO - Filling up the DagBag from /opt/airflow/dags/exampledag.py
[2025-04-27T21:46:52.037+0000] {processor.py:840} INFO - DAG(s) 'chethan_test_dag' retrieved from /opt/airflow/dags/exampledag.py
[2025-04-27T21:46:52.073+0000] {logging_mixin.py:188} INFO - [2025-04-27T21:46:52.073+0000] {dag.py:3036} INFO - Sync 1 DAGs
[2025-04-27T21:46:52.110+0000] {logging_mixin.py:188} INFO - [2025-04-27T21:46:52.110+0000] {dag.py:3823} INFO - Setting next_dagrun for chethan_test_dag to 2025-04-26 00:00:00+00:00, run_after=2025-04-27 00:00:00+00:00
[2025-04-27T21:46:52.150+0000] {processor.py:183} INFO - Processing /opt/airflow/dags/exampledag.py took 0.159 seconds
[2025-04-27T21:47:23.051+0000] {processor.py:161} INFO - Started process (PID=4796) to work on /opt/airflow/dags/exampledag.py
[2025-04-27T21:47:23.053+0000] {processor.py:830} INFO - Processing file /opt/airflow/dags/exampledag.py for tasks to queue
[2025-04-27T21:47:23.055+0000] {logging_mixin.py:188} INFO - [2025-04-27T21:47:23.054+0000] {dagbag.py:538} INFO - Filling up the DagBag from /opt/airflow/dags/exampledag.py
[2025-04-27T21:47:23.079+0000] {processor.py:840} INFO - DAG(s) 'chethan_test_dag' retrieved from /opt/airflow/dags/exampledag.py
[2025-04-27T21:47:23.099+0000] {logging_mixin.py:188} INFO - [2025-04-27T21:47:23.099+0000] {dag.py:3036} INFO - Sync 1 DAGs
[2025-04-27T21:47:23.120+0000] {logging_mixin.py:188} INFO - [2025-04-27T21:47:23.120+0000] {dag.py:3823} INFO - Setting next_dagrun for chethan_test_dag to 2025-04-26 00:00:00+00:00, run_after=2025-04-27 00:00:00+00:00
[2025-04-27T21:47:23.139+0000] {processor.py:183} INFO - Processing /opt/airflow/dags/exampledag.py took 0.091 seconds
[2025-04-27T21:47:54.297+0000] {processor.py:161} INFO - Started process (PID=4839) to work on /opt/airflow/dags/exampledag.py
[2025-04-27T21:47:54.299+0000] {processor.py:830} INFO - Processing file /opt/airflow/dags/exampledag.py for tasks to queue
[2025-04-27T21:47:54.300+0000] {logging_mixin.py:188} INFO - [2025-04-27T21:47:54.300+0000] {dagbag.py:538} INFO - Filling up the DagBag from /opt/airflow/dags/exampledag.py
[2025-04-27T21:47:54.339+0000] {processor.py:840} INFO - DAG(s) 'chethan_test_dag' retrieved from /opt/airflow/dags/exampledag.py
[2025-04-27T21:47:54.377+0000] {logging_mixin.py:188} INFO - [2025-04-27T21:47:54.376+0000] {dag.py:3036} INFO - Sync 1 DAGs
[2025-04-27T21:47:54.417+0000] {logging_mixin.py:188} INFO - [2025-04-27T21:47:54.416+0000] {dag.py:3823} INFO - Setting next_dagrun for chethan_test_dag to 2025-04-26 00:00:00+00:00, run_after=2025-04-27 00:00:00+00:00
[2025-04-27T21:47:54.464+0000] {processor.py:183} INFO - Processing /opt/airflow/dags/exampledag.py took 0.174 seconds
[2025-04-27T21:48:25.665+0000] {processor.py:161} INFO - Started process (PID=4880) to work on /opt/airflow/dags/exampledag.py
[2025-04-27T21:48:25.667+0000] {processor.py:830} INFO - Processing file /opt/airflow/dags/exampledag.py for tasks to queue
[2025-04-27T21:48:25.669+0000] {logging_mixin.py:188} INFO - [2025-04-27T21:48:25.669+0000] {dagbag.py:538} INFO - Filling up the DagBag from /opt/airflow/dags/exampledag.py
[2025-04-27T21:48:25.740+0000] {processor.py:840} INFO - DAG(s) 'chethan_test_dag' retrieved from /opt/airflow/dags/exampledag.py
[2025-04-27T21:48:25.800+0000] {logging_mixin.py:188} INFO - [2025-04-27T21:48:25.800+0000] {dag.py:3036} INFO - Sync 1 DAGs
[2025-04-27T21:48:25.854+0000] {logging_mixin.py:188} INFO - [2025-04-27T21:48:25.846+0000] {dag.py:3823} INFO - Setting next_dagrun for chethan_test_dag to 2025-04-26 00:00:00+00:00, run_after=2025-04-27 00:00:00+00:00
[2025-04-27T21:48:25.907+0000] {processor.py:183} INFO - Processing /opt/airflow/dags/exampledag.py took 0.250 seconds
[2025-04-27T21:48:56.218+0000] {processor.py:161} INFO - Started process (PID=4923) to work on /opt/airflow/dags/exampledag.py
[2025-04-27T21:48:56.220+0000] {processor.py:830} INFO - Processing file /opt/airflow/dags/exampledag.py for tasks to queue
[2025-04-27T21:48:56.222+0000] {logging_mixin.py:188} INFO - [2025-04-27T21:48:56.221+0000] {dagbag.py:538} INFO - Filling up the DagBag from /opt/airflow/dags/exampledag.py
[2025-04-27T21:48:56.263+0000] {processor.py:840} INFO - DAG(s) 'chethan_test_dag' retrieved from /opt/airflow/dags/exampledag.py
[2025-04-27T21:48:56.311+0000] {logging_mixin.py:188} INFO - [2025-04-27T21:48:56.311+0000] {dag.py:3036} INFO - Sync 1 DAGs
[2025-04-27T21:48:56.354+0000] {logging_mixin.py:188} INFO - [2025-04-27T21:48:56.353+0000] {dag.py:3823} INFO - Setting next_dagrun for chethan_test_dag to 2025-04-26 00:00:00+00:00, run_after=2025-04-27 00:00:00+00:00
[2025-04-27T21:48:56.391+0000] {processor.py:183} INFO - Processing /opt/airflow/dags/exampledag.py took 0.176 seconds
[2025-04-27T21:49:27.532+0000] {processor.py:161} INFO - Started process (PID=4968) to work on /opt/airflow/dags/exampledag.py
[2025-04-27T21:49:27.533+0000] {processor.py:830} INFO - Processing file /opt/airflow/dags/exampledag.py for tasks to queue
[2025-04-27T21:49:27.535+0000] {logging_mixin.py:188} INFO - [2025-04-27T21:49:27.534+0000] {dagbag.py:538} INFO - Filling up the DagBag from /opt/airflow/dags/exampledag.py
[2025-04-27T21:49:27.566+0000] {processor.py:840} INFO - DAG(s) 'chethan_test_dag' retrieved from /opt/airflow/dags/exampledag.py
[2025-04-27T21:49:27.594+0000] {logging_mixin.py:188} INFO - [2025-04-27T21:49:27.593+0000] {dag.py:3036} INFO - Sync 1 DAGs
[2025-04-27T21:49:27.619+0000] {logging_mixin.py:188} INFO - [2025-04-27T21:49:27.619+0000] {dag.py:3823} INFO - Setting next_dagrun for chethan_test_dag to 2025-04-26 00:00:00+00:00, run_after=2025-04-27 00:00:00+00:00
[2025-04-27T21:49:27.643+0000] {processor.py:183} INFO - Processing /opt/airflow/dags/exampledag.py took 0.114 seconds
[2025-04-27T21:49:58.288+0000] {processor.py:161} INFO - Started process (PID=5011) to work on /opt/airflow/dags/exampledag.py
[2025-04-27T21:49:58.290+0000] {processor.py:830} INFO - Processing file /opt/airflow/dags/exampledag.py for tasks to queue
[2025-04-27T21:49:58.292+0000] {logging_mixin.py:188} INFO - [2025-04-27T21:49:58.292+0000] {dagbag.py:538} INFO - Filling up the DagBag from /opt/airflow/dags/exampledag.py
[2025-04-27T21:49:58.330+0000] {processor.py:840} INFO - DAG(s) 'chethan_test_dag' retrieved from /opt/airflow/dags/exampledag.py
[2025-04-27T21:49:58.368+0000] {logging_mixin.py:188} INFO - [2025-04-27T21:49:58.367+0000] {dag.py:3036} INFO - Sync 1 DAGs
[2025-04-27T21:49:58.411+0000] {logging_mixin.py:188} INFO - [2025-04-27T21:49:58.411+0000] {dag.py:3823} INFO - Setting next_dagrun for chethan_test_dag to 2025-04-26 00:00:00+00:00, run_after=2025-04-27 00:00:00+00:00
[2025-04-27T21:49:58.443+0000] {processor.py:183} INFO - Processing /opt/airflow/dags/exampledag.py took 0.159 seconds
[2025-04-27T21:50:29.116+0000] {processor.py:161} INFO - Started process (PID=5054) to work on /opt/airflow/dags/exampledag.py
[2025-04-27T21:50:29.117+0000] {processor.py:830} INFO - Processing file /opt/airflow/dags/exampledag.py for tasks to queue
[2025-04-27T21:50:29.118+0000] {logging_mixin.py:188} INFO - [2025-04-27T21:50:29.117+0000] {dagbag.py:538} INFO - Filling up the DagBag from /opt/airflow/dags/exampledag.py
[2025-04-27T21:50:29.143+0000] {processor.py:840} INFO - DAG(s) 'chethan_test_dag' retrieved from /opt/airflow/dags/exampledag.py
[2025-04-27T21:50:29.164+0000] {logging_mixin.py:188} INFO - [2025-04-27T21:50:29.163+0000] {dag.py:3036} INFO - Sync 1 DAGs
[2025-04-27T21:50:29.184+0000] {logging_mixin.py:188} INFO - [2025-04-27T21:50:29.184+0000] {dag.py:3823} INFO - Setting next_dagrun for chethan_test_dag to 2025-04-26 00:00:00+00:00, run_after=2025-04-27 00:00:00+00:00
[2025-04-27T21:50:29.201+0000] {processor.py:183} INFO - Processing /opt/airflow/dags/exampledag.py took 0.087 seconds
[2025-04-27T21:50:59.626+0000] {processor.py:161} INFO - Started process (PID=5094) to work on /opt/airflow/dags/exampledag.py
[2025-04-27T21:50:59.627+0000] {processor.py:830} INFO - Processing file /opt/airflow/dags/exampledag.py for tasks to queue
[2025-04-27T21:50:59.628+0000] {logging_mixin.py:188} INFO - [2025-04-27T21:50:59.628+0000] {dagbag.py:538} INFO - Filling up the DagBag from /opt/airflow/dags/exampledag.py
[2025-04-27T21:50:59.664+0000] {processor.py:840} INFO - DAG(s) 'chethan_test_dag' retrieved from /opt/airflow/dags/exampledag.py
[2025-04-27T21:50:59.692+0000] {logging_mixin.py:188} INFO - [2025-04-27T21:50:59.692+0000] {dag.py:3036} INFO - Sync 1 DAGs
[2025-04-27T21:50:59.718+0000] {logging_mixin.py:188} INFO - [2025-04-27T21:50:59.718+0000] {dag.py:3823} INFO - Setting next_dagrun for chethan_test_dag to 2025-04-26 00:00:00+00:00, run_after=2025-04-27 00:00:00+00:00
[2025-04-27T21:50:59.743+0000] {processor.py:183} INFO - Processing /opt/airflow/dags/exampledag.py took 0.121 seconds
[2025-04-27T21:51:32.217+0000] {processor.py:161} INFO - Started process (PID=5132) to work on /opt/airflow/dags/exampledag.py
[2025-04-27T21:51:32.219+0000] {processor.py:830} INFO - Processing file /opt/airflow/dags/exampledag.py for tasks to queue
[2025-04-27T21:51:32.221+0000] {logging_mixin.py:188} INFO - [2025-04-27T21:51:32.220+0000] {dagbag.py:538} INFO - Filling up the DagBag from /opt/airflow/dags/exampledag.py
[2025-04-27T21:51:32.280+0000] {processor.py:840} INFO - DAG(s) 'chethan_test_dag' retrieved from /opt/airflow/dags/exampledag.py
[2025-04-27T21:51:32.347+0000] {logging_mixin.py:188} INFO - [2025-04-27T21:51:32.346+0000] {dag.py:3036} INFO - Sync 1 DAGs
[2025-04-27T21:51:32.412+0000] {logging_mixin.py:188} INFO - [2025-04-27T21:51:32.411+0000] {dag.py:3823} INFO - Setting next_dagrun for chethan_test_dag to 2025-04-26 00:00:00+00:00, run_after=2025-04-27 00:00:00+00:00
[2025-04-27T21:51:32.476+0000] {processor.py:183} INFO - Processing /opt/airflow/dags/exampledag.py took 0.267 seconds
[2025-04-27T21:52:05.631+0000] {processor.py:161} INFO - Started process (PID=5177) to work on /opt/airflow/dags/exampledag.py
[2025-04-27T21:52:05.633+0000] {processor.py:830} INFO - Processing file /opt/airflow/dags/exampledag.py for tasks to queue
[2025-04-27T21:52:05.636+0000] {logging_mixin.py:188} INFO - [2025-04-27T21:52:05.636+0000] {dagbag.py:538} INFO - Filling up the DagBag from /opt/airflow/dags/exampledag.py
[2025-04-27T21:52:05.740+0000] {processor.py:840} INFO - DAG(s) 'chethan_test_dag' retrieved from /opt/airflow/dags/exampledag.py
[2025-04-27T21:52:05.802+0000] {logging_mixin.py:188} INFO - [2025-04-27T21:52:05.801+0000] {dag.py:3036} INFO - Sync 1 DAGs
[2025-04-27T21:52:05.885+0000] {logging_mixin.py:188} INFO - [2025-04-27T21:52:05.884+0000] {dag.py:3823} INFO - Setting next_dagrun for chethan_test_dag to 2025-04-26 00:00:00+00:00, run_after=2025-04-27 00:00:00+00:00
[2025-04-27T21:52:05.977+0000] {processor.py:183} INFO - Processing /opt/airflow/dags/exampledag.py took 0.351 seconds
[2025-04-27T21:52:37.872+0000] {processor.py:161} INFO - Started process (PID=5220) to work on /opt/airflow/dags/exampledag.py
[2025-04-27T21:52:37.874+0000] {processor.py:830} INFO - Processing file /opt/airflow/dags/exampledag.py for tasks to queue
[2025-04-27T21:52:37.875+0000] {logging_mixin.py:188} INFO - [2025-04-27T21:52:37.875+0000] {dagbag.py:538} INFO - Filling up the DagBag from /opt/airflow/dags/exampledag.py
[2025-04-27T21:52:37.918+0000] {processor.py:840} INFO - DAG(s) 'chethan_test_dag' retrieved from /opt/airflow/dags/exampledag.py
[2025-04-27T21:52:37.949+0000] {logging_mixin.py:188} INFO - [2025-04-27T21:52:37.949+0000] {dag.py:3036} INFO - Sync 1 DAGs
[2025-04-27T21:52:37.979+0000] {logging_mixin.py:188} INFO - [2025-04-27T21:52:37.979+0000] {dag.py:3823} INFO - Setting next_dagrun for chethan_test_dag to 2025-04-26 00:00:00+00:00, run_after=2025-04-27 00:00:00+00:00
[2025-04-27T21:52:38.004+0000] {processor.py:183} INFO - Processing /opt/airflow/dags/exampledag.py took 0.136 seconds
[2025-04-27T21:53:09.361+0000] {processor.py:161} INFO - Started process (PID=5263) to work on /opt/airflow/dags/exampledag.py
[2025-04-27T21:53:09.363+0000] {processor.py:830} INFO - Processing file /opt/airflow/dags/exampledag.py for tasks to queue
[2025-04-27T21:53:09.364+0000] {logging_mixin.py:188} INFO - [2025-04-27T21:53:09.364+0000] {dagbag.py:538} INFO - Filling up the DagBag from /opt/airflow/dags/exampledag.py
[2025-04-27T21:53:09.419+0000] {processor.py:840} INFO - DAG(s) 'chethan_test_dag' retrieved from /opt/airflow/dags/exampledag.py
[2025-04-27T21:53:09.476+0000] {logging_mixin.py:188} INFO - [2025-04-27T21:53:09.476+0000] {dag.py:3036} INFO - Sync 1 DAGs
[2025-04-27T21:53:09.550+0000] {logging_mixin.py:188} INFO - [2025-04-27T21:53:09.549+0000] {dag.py:3823} INFO - Setting next_dagrun for chethan_test_dag to 2025-04-26 00:00:00+00:00, run_after=2025-04-27 00:00:00+00:00
[2025-04-27T21:53:09.592+0000] {processor.py:183} INFO - Processing /opt/airflow/dags/exampledag.py took 0.237 seconds
[2025-04-27T21:53:40.997+0000] {processor.py:161} INFO - Started process (PID=5306) to work on /opt/airflow/dags/exampledag.py
[2025-04-27T21:53:40.998+0000] {processor.py:830} INFO - Processing file /opt/airflow/dags/exampledag.py for tasks to queue
[2025-04-27T21:53:41.000+0000] {logging_mixin.py:188} INFO - [2025-04-27T21:53:40.999+0000] {dagbag.py:538} INFO - Filling up the DagBag from /opt/airflow/dags/exampledag.py
[2025-04-27T21:53:41.044+0000] {processor.py:840} INFO - DAG(s) 'chethan_test_dag' retrieved from /opt/airflow/dags/exampledag.py
[2025-04-27T21:53:41.078+0000] {logging_mixin.py:188} INFO - [2025-04-27T21:53:41.078+0000] {dag.py:3036} INFO - Sync 1 DAGs
[2025-04-27T21:53:41.117+0000] {logging_mixin.py:188} INFO - [2025-04-27T21:53:41.117+0000] {dag.py:3823} INFO - Setting next_dagrun for chethan_test_dag to 2025-04-26 00:00:00+00:00, run_after=2025-04-27 00:00:00+00:00
[2025-04-27T21:53:41.154+0000] {processor.py:183} INFO - Processing /opt/airflow/dags/exampledag.py took 0.161 seconds
[2025-04-27T21:54:12.194+0000] {processor.py:161} INFO - Started process (PID=5349) to work on /opt/airflow/dags/exampledag.py
[2025-04-27T21:54:12.195+0000] {processor.py:830} INFO - Processing file /opt/airflow/dags/exampledag.py for tasks to queue
[2025-04-27T21:54:12.197+0000] {logging_mixin.py:188} INFO - [2025-04-27T21:54:12.197+0000] {dagbag.py:538} INFO - Filling up the DagBag from /opt/airflow/dags/exampledag.py
[2025-04-27T21:54:12.250+0000] {processor.py:840} INFO - DAG(s) 'chethan_test_dag' retrieved from /opt/airflow/dags/exampledag.py
[2025-04-27T21:54:12.302+0000] {logging_mixin.py:188} INFO - [2025-04-27T21:54:12.301+0000] {dag.py:3036} INFO - Sync 1 DAGs
[2025-04-27T21:54:12.339+0000] {logging_mixin.py:188} INFO - [2025-04-27T21:54:12.338+0000] {dag.py:3823} INFO - Setting next_dagrun for chethan_test_dag to 2025-04-26 00:00:00+00:00, run_after=2025-04-27 00:00:00+00:00
[2025-04-27T21:54:12.382+0000] {processor.py:183} INFO - Processing /opt/airflow/dags/exampledag.py took 0.198 seconds
[2025-04-27T21:54:43.523+0000] {processor.py:161} INFO - Started process (PID=5392) to work on /opt/airflow/dags/exampledag.py
[2025-04-27T21:54:43.525+0000] {processor.py:830} INFO - Processing file /opt/airflow/dags/exampledag.py for tasks to queue
[2025-04-27T21:54:43.526+0000] {logging_mixin.py:188} INFO - [2025-04-27T21:54:43.525+0000] {dagbag.py:538} INFO - Filling up the DagBag from /opt/airflow/dags/exampledag.py
[2025-04-27T21:54:43.554+0000] {processor.py:840} INFO - DAG(s) 'chethan_test_dag' retrieved from /opt/airflow/dags/exampledag.py
[2025-04-27T21:54:43.578+0000] {logging_mixin.py:188} INFO - [2025-04-27T21:54:43.578+0000] {dag.py:3036} INFO - Sync 1 DAGs
[2025-04-27T21:54:43.599+0000] {logging_mixin.py:188} INFO - [2025-04-27T21:54:43.599+0000] {dag.py:3823} INFO - Setting next_dagrun for chethan_test_dag to 2025-04-26 00:00:00+00:00, run_after=2025-04-27 00:00:00+00:00
[2025-04-27T21:54:43.618+0000] {processor.py:183} INFO - Processing /opt/airflow/dags/exampledag.py took 0.098 seconds
[2025-04-27T21:55:14.081+0000] {processor.py:161} INFO - Started process (PID=5435) to work on /opt/airflow/dags/exampledag.py
[2025-04-27T21:55:14.082+0000] {processor.py:830} INFO - Processing file /opt/airflow/dags/exampledag.py for tasks to queue
[2025-04-27T21:55:14.083+0000] {logging_mixin.py:188} INFO - [2025-04-27T21:55:14.083+0000] {dagbag.py:538} INFO - Filling up the DagBag from /opt/airflow/dags/exampledag.py
[2025-04-27T21:55:14.113+0000] {processor.py:840} INFO - DAG(s) 'chethan_test_dag' retrieved from /opt/airflow/dags/exampledag.py
[2025-04-27T21:55:14.138+0000] {logging_mixin.py:188} INFO - [2025-04-27T21:55:14.138+0000] {dag.py:3036} INFO - Sync 1 DAGs
[2025-04-27T21:55:14.158+0000] {logging_mixin.py:188} INFO - [2025-04-27T21:55:14.158+0000] {dag.py:3823} INFO - Setting next_dagrun for chethan_test_dag to 2025-04-26 00:00:00+00:00, run_after=2025-04-27 00:00:00+00:00
[2025-04-27T21:55:14.180+0000] {processor.py:183} INFO - Processing /opt/airflow/dags/exampledag.py took 0.102 seconds
[2025-04-27T21:55:44.593+0000] {processor.py:161} INFO - Started process (PID=5478) to work on /opt/airflow/dags/exampledag.py
[2025-04-27T21:55:44.594+0000] {processor.py:830} INFO - Processing file /opt/airflow/dags/exampledag.py for tasks to queue
[2025-04-27T21:55:44.596+0000] {logging_mixin.py:188} INFO - [2025-04-27T21:55:44.595+0000] {dagbag.py:538} INFO - Filling up the DagBag from /opt/airflow/dags/exampledag.py
[2025-04-27T21:55:44.630+0000] {processor.py:840} INFO - DAG(s) 'chethan_test_dag' retrieved from /opt/airflow/dags/exampledag.py
[2025-04-27T21:55:44.651+0000] {logging_mixin.py:188} INFO - [2025-04-27T21:55:44.651+0000] {dag.py:3036} INFO - Sync 1 DAGs
[2025-04-27T21:55:44.669+0000] {logging_mixin.py:188} INFO - [2025-04-27T21:55:44.669+0000] {dag.py:3823} INFO - Setting next_dagrun for chethan_test_dag to 2025-04-26 00:00:00+00:00, run_after=2025-04-27 00:00:00+00:00
[2025-04-27T21:55:44.687+0000] {processor.py:183} INFO - Processing /opt/airflow/dags/exampledag.py took 0.097 seconds
[2025-04-27T21:56:35.097+0000] {processor.py:161} INFO - Started process (PID=203) to work on /opt/airflow/dags/exampledag.py
[2025-04-27T21:56:35.101+0000] {processor.py:830} INFO - Processing file /opt/airflow/dags/exampledag.py for tasks to queue
[2025-04-27T21:56:35.103+0000] {logging_mixin.py:188} INFO - [2025-04-27T21:56:35.103+0000] {dagbag.py:538} INFO - Filling up the DagBag from /opt/airflow/dags/exampledag.py
[2025-04-27T21:56:35.160+0000] {processor.py:840} INFO - DAG(s) 'chethan_test_dag' retrieved from /opt/airflow/dags/exampledag.py
[2025-04-27T21:56:35.182+0000] {logging_mixin.py:188} INFO - [2025-04-27T21:56:35.182+0000] {dag.py:3036} INFO - Sync 1 DAGs
[2025-04-27T21:56:35.213+0000] {logging_mixin.py:188} INFO - [2025-04-27T21:56:35.213+0000] {dag.py:3823} INFO - Setting next_dagrun for chethan_test_dag to 2025-04-26 00:00:00+00:00, run_after=2025-04-27 00:00:00+00:00
[2025-04-27T21:56:35.242+0000] {processor.py:183} INFO - Processing /opt/airflow/dags/exampledag.py took 0.150 seconds
[2025-04-27T21:57:06.158+0000] {processor.py:161} INFO - Started process (PID=246) to work on /opt/airflow/dags/exampledag.py
[2025-04-27T21:57:06.160+0000] {processor.py:830} INFO - Processing file /opt/airflow/dags/exampledag.py for tasks to queue
[2025-04-27T21:57:06.161+0000] {logging_mixin.py:188} INFO - [2025-04-27T21:57:06.161+0000] {dagbag.py:538} INFO - Filling up the DagBag from /opt/airflow/dags/exampledag.py
[2025-04-27T21:57:06.211+0000] {processor.py:840} INFO - DAG(s) 'chethan_test_dag' retrieved from /opt/airflow/dags/exampledag.py
[2025-04-27T21:57:06.468+0000] {logging_mixin.py:188} INFO - [2025-04-27T21:57:06.467+0000] {dag.py:3036} INFO - Sync 1 DAGs
[2025-04-27T21:57:06.499+0000] {logging_mixin.py:188} INFO - [2025-04-27T21:57:06.499+0000] {dag.py:3823} INFO - Setting next_dagrun for chethan_test_dag to 2025-04-26 00:00:00+00:00, run_after=2025-04-27 00:00:00+00:00
[2025-04-27T21:57:06.532+0000] {processor.py:183} INFO - Processing /opt/airflow/dags/exampledag.py took 0.377 seconds
[2025-04-27T21:57:37.467+0000] {processor.py:161} INFO - Started process (PID=291) to work on /opt/airflow/dags/exampledag.py
[2025-04-27T21:57:37.469+0000] {processor.py:830} INFO - Processing file /opt/airflow/dags/exampledag.py for tasks to queue
[2025-04-27T21:57:37.469+0000] {logging_mixin.py:188} INFO - [2025-04-27T21:57:37.469+0000] {dagbag.py:538} INFO - Filling up the DagBag from /opt/airflow/dags/exampledag.py
[2025-04-27T21:57:37.491+0000] {processor.py:840} INFO - DAG(s) 'chethan_test_dag' retrieved from /opt/airflow/dags/exampledag.py
[2025-04-27T21:57:37.511+0000] {logging_mixin.py:188} INFO - [2025-04-27T21:57:37.510+0000] {dag.py:3036} INFO - Sync 1 DAGs
[2025-04-27T21:57:37.528+0000] {logging_mixin.py:188} INFO - [2025-04-27T21:57:37.528+0000] {dag.py:3823} INFO - Setting next_dagrun for chethan_test_dag to 2025-04-26 00:00:00+00:00, run_after=2025-04-27 00:00:00+00:00
[2025-04-27T21:57:37.549+0000] {processor.py:183} INFO - Processing /opt/airflow/dags/exampledag.py took 0.084 seconds
[2025-04-27T21:58:08.319+0000] {processor.py:161} INFO - Started process (PID=334) to work on /opt/airflow/dags/exampledag.py
[2025-04-27T21:58:08.320+0000] {processor.py:830} INFO - Processing file /opt/airflow/dags/exampledag.py for tasks to queue
[2025-04-27T21:58:08.322+0000] {logging_mixin.py:188} INFO - [2025-04-27T21:58:08.321+0000] {dagbag.py:538} INFO - Filling up the DagBag from /opt/airflow/dags/exampledag.py
[2025-04-27T21:58:08.351+0000] {processor.py:840} INFO - DAG(s) 'chethan_test_dag' retrieved from /opt/airflow/dags/exampledag.py
[2025-04-27T21:58:08.376+0000] {logging_mixin.py:188} INFO - [2025-04-27T21:58:08.376+0000] {dag.py:3036} INFO - Sync 1 DAGs
[2025-04-27T21:58:08.395+0000] {logging_mixin.py:188} INFO - [2025-04-27T21:58:08.395+0000] {dag.py:3823} INFO - Setting next_dagrun for chethan_test_dag to 2025-04-26 00:00:00+00:00, run_after=2025-04-27 00:00:00+00:00
[2025-04-27T21:58:08.413+0000] {processor.py:183} INFO - Processing /opt/airflow/dags/exampledag.py took 0.097 seconds
[2025-04-27T21:58:40.539+0000] {processor.py:161} INFO - Started process (PID=377) to work on /opt/airflow/dags/exampledag.py
[2025-04-27T21:58:40.547+0000] {processor.py:830} INFO - Processing file /opt/airflow/dags/exampledag.py for tasks to queue
[2025-04-27T21:58:40.550+0000] {logging_mixin.py:188} INFO - [2025-04-27T21:58:40.549+0000] {dagbag.py:538} INFO - Filling up the DagBag from /opt/airflow/dags/exampledag.py
[2025-04-27T21:58:40.603+0000] {processor.py:840} INFO - DAG(s) 'chethan_test_dag' retrieved from /opt/airflow/dags/exampledag.py
[2025-04-27T21:58:40.648+0000] {logging_mixin.py:188} INFO - [2025-04-27T21:58:40.647+0000] {dag.py:3036} INFO - Sync 1 DAGs
[2025-04-27T21:58:40.680+0000] {logging_mixin.py:188} INFO - [2025-04-27T21:58:40.680+0000] {dag.py:3823} INFO - Setting next_dagrun for chethan_test_dag to 2025-04-26 00:00:00+00:00, run_after=2025-04-27 00:00:00+00:00
[2025-04-27T21:58:40.712+0000] {processor.py:183} INFO - Processing /opt/airflow/dags/exampledag.py took 0.179 seconds
[2025-04-27T21:59:12.125+0000] {processor.py:161} INFO - Started process (PID=423) to work on /opt/airflow/dags/exampledag.py
[2025-04-27T21:59:12.126+0000] {processor.py:830} INFO - Processing file /opt/airflow/dags/exampledag.py for tasks to queue
[2025-04-27T21:59:12.128+0000] {logging_mixin.py:188} INFO - [2025-04-27T21:59:12.128+0000] {dagbag.py:538} INFO - Filling up the DagBag from /opt/airflow/dags/exampledag.py
[2025-04-27T21:59:12.170+0000] {processor.py:840} INFO - DAG(s) 'chethan_test_dag' retrieved from /opt/airflow/dags/exampledag.py
[2025-04-27T21:59:12.210+0000] {logging_mixin.py:188} INFO - [2025-04-27T21:59:12.210+0000] {dag.py:3036} INFO - Sync 1 DAGs
[2025-04-27T21:59:12.250+0000] {logging_mixin.py:188} INFO - [2025-04-27T21:59:12.249+0000] {dag.py:3823} INFO - Setting next_dagrun for chethan_test_dag to 2025-04-26 00:00:00+00:00, run_after=2025-04-27 00:00:00+00:00
[2025-04-27T21:59:12.294+0000] {processor.py:183} INFO - Processing /opt/airflow/dags/exampledag.py took 0.172 seconds
[2025-04-27T22:35:48.947+0000] {processor.py:161} INFO - Started process (PID=206) to work on /opt/airflow/dags/exampledag.py
[2025-04-27T22:35:48.950+0000] {processor.py:830} INFO - Processing file /opt/airflow/dags/exampledag.py for tasks to queue
[2025-04-27T22:35:48.953+0000] {logging_mixin.py:188} INFO - [2025-04-27T22:35:48.952+0000] {dagbag.py:538} INFO - Filling up the DagBag from /opt/airflow/dags/exampledag.py
[2025-04-27T22:35:49.005+0000] {processor.py:840} INFO - DAG(s) 'chethan_test_dag' retrieved from /opt/airflow/dags/exampledag.py
[2025-04-27T22:35:49.054+0000] {logging_mixin.py:188} INFO - [2025-04-27T22:35:49.054+0000] {dag.py:3036} INFO - Sync 1 DAGs
[2025-04-27T22:35:49.099+0000] {logging_mixin.py:188} INFO - [2025-04-27T22:35:49.099+0000] {dag.py:3823} INFO - Setting next_dagrun for chethan_test_dag to 2025-04-26 00:00:00+00:00, run_after=2025-04-27 00:00:00+00:00
[2025-04-27T22:35:49.147+0000] {processor.py:183} INFO - Processing /opt/airflow/dags/exampledag.py took 0.207 seconds
[2025-04-27T22:36:19.419+0000] {processor.py:161} INFO - Started process (PID=248) to work on /opt/airflow/dags/exampledag.py
[2025-04-27T22:36:19.420+0000] {processor.py:830} INFO - Processing file /opt/airflow/dags/exampledag.py for tasks to queue
[2025-04-27T22:36:19.421+0000] {logging_mixin.py:188} INFO - [2025-04-27T22:36:19.421+0000] {dagbag.py:538} INFO - Filling up the DagBag from /opt/airflow/dags/exampledag.py
[2025-04-27T22:36:19.446+0000] {processor.py:840} INFO - DAG(s) 'chethan_test_dag' retrieved from /opt/airflow/dags/exampledag.py
[2025-04-27T22:36:19.531+0000] {logging_mixin.py:188} INFO - [2025-04-27T22:36:19.531+0000] {dag.py:3036} INFO - Sync 1 DAGs
[2025-04-27T22:36:19.550+0000] {logging_mixin.py:188} INFO - [2025-04-27T22:36:19.550+0000] {dag.py:3823} INFO - Setting next_dagrun for chethan_test_dag to 2025-04-26 00:00:00+00:00, run_after=2025-04-27 00:00:00+00:00
[2025-04-27T22:36:19.582+0000] {processor.py:183} INFO - Processing /opt/airflow/dags/exampledag.py took 0.166 seconds
[2025-04-27T22:36:49.859+0000] {processor.py:161} INFO - Started process (PID=289) to work on /opt/airflow/dags/exampledag.py
[2025-04-27T22:36:49.860+0000] {processor.py:830} INFO - Processing file /opt/airflow/dags/exampledag.py for tasks to queue
[2025-04-27T22:36:49.861+0000] {logging_mixin.py:188} INFO - [2025-04-27T22:36:49.861+0000] {dagbag.py:538} INFO - Filling up the DagBag from /opt/airflow/dags/exampledag.py
[2025-04-27T22:36:49.901+0000] {processor.py:840} INFO - DAG(s) 'chethan_test_dag' retrieved from /opt/airflow/dags/exampledag.py
[2025-04-27T22:36:49.939+0000] {logging_mixin.py:188} INFO - [2025-04-27T22:36:49.939+0000] {dag.py:3036} INFO - Sync 1 DAGs
[2025-04-27T22:36:50.000+0000] {logging_mixin.py:188} INFO - [2025-04-27T22:36:49.999+0000] {dag.py:3823} INFO - Setting next_dagrun for chethan_test_dag to 2025-04-26 00:00:00+00:00, run_after=2025-04-27 00:00:00+00:00
[2025-04-27T22:36:50.046+0000] {processor.py:183} INFO - Processing /opt/airflow/dags/exampledag.py took 0.190 seconds
[2025-04-27T22:37:20.207+0000] {processor.py:161} INFO - Started process (PID=326) to work on /opt/airflow/dags/exampledag.py
[2025-04-27T22:37:20.209+0000] {processor.py:830} INFO - Processing file /opt/airflow/dags/exampledag.py for tasks to queue
[2025-04-27T22:37:20.211+0000] {logging_mixin.py:188} INFO - [2025-04-27T22:37:20.210+0000] {dagbag.py:538} INFO - Filling up the DagBag from /opt/airflow/dags/exampledag.py
[2025-04-27T22:37:20.245+0000] {processor.py:840} INFO - DAG(s) 'chethan_test_dag' retrieved from /opt/airflow/dags/exampledag.py
[2025-04-27T22:37:20.290+0000] {logging_mixin.py:188} INFO - [2025-04-27T22:37:20.290+0000] {dag.py:3036} INFO - Sync 1 DAGs
[2025-04-27T22:37:20.315+0000] {logging_mixin.py:188} INFO - [2025-04-27T22:37:20.315+0000] {dag.py:3823} INFO - Setting next_dagrun for chethan_test_dag to 2025-04-26 00:00:00+00:00, run_after=2025-04-27 00:00:00+00:00
[2025-04-27T22:37:20.341+0000] {processor.py:183} INFO - Processing /opt/airflow/dags/exampledag.py took 0.137 seconds
[2025-04-27T22:37:50.687+0000] {processor.py:161} INFO - Started process (PID=369) to work on /opt/airflow/dags/exampledag.py
[2025-04-27T22:37:50.688+0000] {processor.py:830} INFO - Processing file /opt/airflow/dags/exampledag.py for tasks to queue
[2025-04-27T22:37:50.689+0000] {logging_mixin.py:188} INFO - [2025-04-27T22:37:50.689+0000] {dagbag.py:538} INFO - Filling up the DagBag from /opt/airflow/dags/exampledag.py
[2025-04-27T22:37:50.714+0000] {processor.py:840} INFO - DAG(s) 'chethan_test_dag' retrieved from /opt/airflow/dags/exampledag.py
[2025-04-27T22:37:50.736+0000] {logging_mixin.py:188} INFO - [2025-04-27T22:37:50.736+0000] {dag.py:3036} INFO - Sync 1 DAGs
[2025-04-27T22:37:50.756+0000] {logging_mixin.py:188} INFO - [2025-04-27T22:37:50.755+0000] {dag.py:3823} INFO - Setting next_dagrun for chethan_test_dag to 2025-04-26 00:00:00+00:00, run_after=2025-04-27 00:00:00+00:00
[2025-04-27T22:37:50.775+0000] {processor.py:183} INFO - Processing /opt/airflow/dags/exampledag.py took 0.091 seconds
[2025-04-27T22:38:21.900+0000] {processor.py:161} INFO - Started process (PID=418) to work on /opt/airflow/dags/exampledag.py
[2025-04-27T22:38:21.902+0000] {processor.py:830} INFO - Processing file /opt/airflow/dags/exampledag.py for tasks to queue
[2025-04-27T22:38:21.903+0000] {logging_mixin.py:188} INFO - [2025-04-27T22:38:21.903+0000] {dagbag.py:538} INFO - Filling up the DagBag from /opt/airflow/dags/exampledag.py
[2025-04-27T22:38:21.933+0000] {processor.py:840} INFO - DAG(s) 'chethan_test_dag' retrieved from /opt/airflow/dags/exampledag.py
[2025-04-27T22:38:21.959+0000] {logging_mixin.py:188} INFO - [2025-04-27T22:38:21.958+0000] {dag.py:3036} INFO - Sync 1 DAGs
[2025-04-27T22:38:21.980+0000] {logging_mixin.py:188} INFO - [2025-04-27T22:38:21.979+0000] {dag.py:3823} INFO - Setting next_dagrun for chethan_test_dag to 2025-04-26 00:00:00+00:00, run_after=2025-04-27 00:00:00+00:00
[2025-04-27T22:38:22.001+0000] {processor.py:183} INFO - Processing /opt/airflow/dags/exampledag.py took 0.103 seconds
[2025-04-27T22:38:53.346+0000] {processor.py:161} INFO - Started process (PID=469) to work on /opt/airflow/dags/exampledag.py
[2025-04-27T22:38:53.348+0000] {processor.py:830} INFO - Processing file /opt/airflow/dags/exampledag.py for tasks to queue
[2025-04-27T22:38:53.349+0000] {logging_mixin.py:188} INFO - [2025-04-27T22:38:53.349+0000] {dagbag.py:538} INFO - Filling up the DagBag from /opt/airflow/dags/exampledag.py
[2025-04-27T22:38:53.413+0000] {processor.py:840} INFO - DAG(s) 'chethan_test_dag' retrieved from /opt/airflow/dags/exampledag.py
[2025-04-27T22:38:53.488+0000] {logging_mixin.py:188} INFO - [2025-04-27T22:38:53.487+0000] {dag.py:3036} INFO - Sync 1 DAGs
[2025-04-27T22:38:53.519+0000] {logging_mixin.py:188} INFO - [2025-04-27T22:38:53.519+0000] {dag.py:3823} INFO - Setting next_dagrun for chethan_test_dag to 2025-04-26 00:00:00+00:00, run_after=2025-04-27 00:00:00+00:00
[2025-04-27T22:38:53.546+0000] {processor.py:183} INFO - Processing /opt/airflow/dags/exampledag.py took 0.204 seconds
[2025-04-27T22:39:24.369+0000] {processor.py:161} INFO - Started process (PID=512) to work on /opt/airflow/dags/exampledag.py
[2025-04-27T22:39:24.370+0000] {processor.py:830} INFO - Processing file /opt/airflow/dags/exampledag.py for tasks to queue
[2025-04-27T22:39:24.372+0000] {logging_mixin.py:188} INFO - [2025-04-27T22:39:24.371+0000] {dagbag.py:538} INFO - Filling up the DagBag from /opt/airflow/dags/exampledag.py
[2025-04-27T22:39:24.407+0000] {processor.py:840} INFO - DAG(s) 'chethan_test_dag' retrieved from /opt/airflow/dags/exampledag.py
[2025-04-27T22:39:24.432+0000] {logging_mixin.py:188} INFO - [2025-04-27T22:39:24.431+0000] {dag.py:3036} INFO - Sync 1 DAGs
[2025-04-27T22:39:24.458+0000] {logging_mixin.py:188} INFO - [2025-04-27T22:39:24.458+0000] {dag.py:3823} INFO - Setting next_dagrun for chethan_test_dag to 2025-04-26 00:00:00+00:00, run_after=2025-04-27 00:00:00+00:00
[2025-04-27T22:39:24.481+0000] {processor.py:183} INFO - Processing /opt/airflow/dags/exampledag.py took 0.116 seconds
[2025-04-27T22:39:54.811+0000] {processor.py:161} INFO - Started process (PID=555) to work on /opt/airflow/dags/exampledag.py
[2025-04-27T22:39:54.813+0000] {processor.py:830} INFO - Processing file /opt/airflow/dags/exampledag.py for tasks to queue
[2025-04-27T22:39:54.814+0000] {logging_mixin.py:188} INFO - [2025-04-27T22:39:54.814+0000] {dagbag.py:538} INFO - Filling up the DagBag from /opt/airflow/dags/exampledag.py
[2025-04-27T22:39:54.844+0000] {processor.py:840} INFO - DAG(s) 'chethan_test_dag' retrieved from /opt/airflow/dags/exampledag.py
[2025-04-27T22:39:54.865+0000] {logging_mixin.py:188} INFO - [2025-04-27T22:39:54.865+0000] {dag.py:3036} INFO - Sync 1 DAGs
[2025-04-27T22:39:54.884+0000] {logging_mixin.py:188} INFO - [2025-04-27T22:39:54.884+0000] {dag.py:3823} INFO - Setting next_dagrun for chethan_test_dag to 2025-04-26 00:00:00+00:00, run_after=2025-04-27 00:00:00+00:00
[2025-04-27T22:39:54.901+0000] {processor.py:183} INFO - Processing /opt/airflow/dags/exampledag.py took 0.093 seconds
[2025-04-27T22:40:25.519+0000] {processor.py:161} INFO - Started process (PID=598) to work on /opt/airflow/dags/exampledag.py
[2025-04-27T22:40:25.520+0000] {processor.py:830} INFO - Processing file /opt/airflow/dags/exampledag.py for tasks to queue
[2025-04-27T22:40:25.522+0000] {logging_mixin.py:188} INFO - [2025-04-27T22:40:25.522+0000] {dagbag.py:538} INFO - Filling up the DagBag from /opt/airflow/dags/exampledag.py
[2025-04-27T22:40:25.572+0000] {processor.py:840} INFO - DAG(s) 'chethan_test_dag' retrieved from /opt/airflow/dags/exampledag.py
[2025-04-27T22:40:25.621+0000] {logging_mixin.py:188} INFO - [2025-04-27T22:40:25.621+0000] {dag.py:3036} INFO - Sync 1 DAGs
[2025-04-27T22:40:25.661+0000] {logging_mixin.py:188} INFO - [2025-04-27T22:40:25.661+0000] {dag.py:3823} INFO - Setting next_dagrun for chethan_test_dag to 2025-04-26 00:00:00+00:00, run_after=2025-04-27 00:00:00+00:00
[2025-04-27T22:40:25.703+0000] {processor.py:183} INFO - Processing /opt/airflow/dags/exampledag.py took 0.188 seconds
[2025-04-27T22:40:56.506+0000] {processor.py:161} INFO - Started process (PID=641) to work on /opt/airflow/dags/exampledag.py
[2025-04-27T22:40:56.507+0000] {processor.py:830} INFO - Processing file /opt/airflow/dags/exampledag.py for tasks to queue
[2025-04-27T22:40:56.509+0000] {logging_mixin.py:188} INFO - [2025-04-27T22:40:56.508+0000] {dagbag.py:538} INFO - Filling up the DagBag from /opt/airflow/dags/exampledag.py
[2025-04-27T22:40:56.537+0000] {processor.py:840} INFO - DAG(s) 'chethan_test_dag' retrieved from /opt/airflow/dags/exampledag.py
[2025-04-27T22:40:56.562+0000] {logging_mixin.py:188} INFO - [2025-04-27T22:40:56.562+0000] {dag.py:3036} INFO - Sync 1 DAGs
[2025-04-27T22:40:56.580+0000] {logging_mixin.py:188} INFO - [2025-04-27T22:40:56.580+0000] {dag.py:3823} INFO - Setting next_dagrun for chethan_test_dag to 2025-04-26 00:00:00+00:00, run_after=2025-04-27 00:00:00+00:00
[2025-04-27T22:40:56.599+0000] {processor.py:183} INFO - Processing /opt/airflow/dags/exampledag.py took 0.095 seconds
[2025-04-27T22:41:27.302+0000] {processor.py:161} INFO - Started process (PID=684) to work on /opt/airflow/dags/exampledag.py
[2025-04-27T22:41:27.303+0000] {processor.py:830} INFO - Processing file /opt/airflow/dags/exampledag.py for tasks to queue
[2025-04-27T22:41:27.304+0000] {logging_mixin.py:188} INFO - [2025-04-27T22:41:27.304+0000] {dagbag.py:538} INFO - Filling up the DagBag from /opt/airflow/dags/exampledag.py
[2025-04-27T22:41:27.343+0000] {processor.py:840} INFO - DAG(s) 'chethan_test_dag' retrieved from /opt/airflow/dags/exampledag.py
[2025-04-27T22:41:27.375+0000] {logging_mixin.py:188} INFO - [2025-04-27T22:41:27.375+0000] {dag.py:3036} INFO - Sync 1 DAGs
[2025-04-27T22:41:27.400+0000] {logging_mixin.py:188} INFO - [2025-04-27T22:41:27.400+0000] {dag.py:3823} INFO - Setting next_dagrun for chethan_test_dag to 2025-04-26 00:00:00+00:00, run_after=2025-04-27 00:00:00+00:00
[2025-04-27T22:41:27.418+0000] {processor.py:183} INFO - Processing /opt/airflow/dags/exampledag.py took 0.118 seconds
[2025-04-27T22:41:57.731+0000] {processor.py:161} INFO - Started process (PID=724) to work on /opt/airflow/dags/exampledag.py
[2025-04-27T22:41:57.733+0000] {processor.py:830} INFO - Processing file /opt/airflow/dags/exampledag.py for tasks to queue
[2025-04-27T22:41:57.734+0000] {logging_mixin.py:188} INFO - [2025-04-27T22:41:57.734+0000] {dagbag.py:538} INFO - Filling up the DagBag from /opt/airflow/dags/exampledag.py
[2025-04-27T22:41:57.778+0000] {processor.py:840} INFO - DAG(s) 'chethan_test_dag' retrieved from /opt/airflow/dags/exampledag.py
[2025-04-27T22:41:57.819+0000] {logging_mixin.py:188} INFO - [2025-04-27T22:41:57.819+0000] {dag.py:3036} INFO - Sync 1 DAGs
[2025-04-27T22:41:57.862+0000] {logging_mixin.py:188} INFO - [2025-04-27T22:41:57.862+0000] {dag.py:3823} INFO - Setting next_dagrun for chethan_test_dag to 2025-04-26 00:00:00+00:00, run_after=2025-04-27 00:00:00+00:00
[2025-04-27T22:41:57.917+0000] {processor.py:183} INFO - Processing /opt/airflow/dags/exampledag.py took 0.190 seconds
[2025-04-27T22:42:28.246+0000] {processor.py:161} INFO - Started process (PID=764) to work on /opt/airflow/dags/exampledag.py
[2025-04-27T22:42:28.248+0000] {processor.py:830} INFO - Processing file /opt/airflow/dags/exampledag.py for tasks to queue
[2025-04-27T22:42:28.249+0000] {logging_mixin.py:188} INFO - [2025-04-27T22:42:28.248+0000] {dagbag.py:538} INFO - Filling up the DagBag from /opt/airflow/dags/exampledag.py
[2025-04-27T22:42:28.288+0000] {processor.py:840} INFO - DAG(s) 'chethan_test_dag' retrieved from /opt/airflow/dags/exampledag.py
[2025-04-27T22:42:28.320+0000] {logging_mixin.py:188} INFO - [2025-04-27T22:42:28.320+0000] {dag.py:3036} INFO - Sync 1 DAGs
[2025-04-27T22:42:28.356+0000] {logging_mixin.py:188} INFO - [2025-04-27T22:42:28.355+0000] {dag.py:3823} INFO - Setting next_dagrun for chethan_test_dag to 2025-04-26 00:00:00+00:00, run_after=2025-04-27 00:00:00+00:00
[2025-04-27T22:42:28.384+0000] {processor.py:183} INFO - Processing /opt/airflow/dags/exampledag.py took 0.142 seconds
[2025-04-27T22:42:58.539+0000] {processor.py:161} INFO - Started process (PID=804) to work on /opt/airflow/dags/exampledag.py
[2025-04-27T22:42:58.540+0000] {processor.py:830} INFO - Processing file /opt/airflow/dags/exampledag.py for tasks to queue
[2025-04-27T22:42:58.541+0000] {logging_mixin.py:188} INFO - [2025-04-27T22:42:58.541+0000] {dagbag.py:538} INFO - Filling up the DagBag from /opt/airflow/dags/exampledag.py
[2025-04-27T22:42:58.584+0000] {processor.py:840} INFO - DAG(s) 'chethan_test_dag' retrieved from /opt/airflow/dags/exampledag.py
[2025-04-27T22:42:58.628+0000] {logging_mixin.py:188} INFO - [2025-04-27T22:42:58.627+0000] {dag.py:3036} INFO - Sync 1 DAGs
[2025-04-27T22:42:58.661+0000] {logging_mixin.py:188} INFO - [2025-04-27T22:42:58.661+0000] {dag.py:3823} INFO - Setting next_dagrun for chethan_test_dag to 2025-04-26 00:00:00+00:00, run_after=2025-04-27 00:00:00+00:00
[2025-04-27T22:42:58.701+0000] {processor.py:183} INFO - Processing /opt/airflow/dags/exampledag.py took 0.166 seconds
[2025-04-27T22:43:28.921+0000] {processor.py:161} INFO - Started process (PID=844) to work on /opt/airflow/dags/exampledag.py
[2025-04-27T22:43:28.922+0000] {processor.py:830} INFO - Processing file /opt/airflow/dags/exampledag.py for tasks to queue
[2025-04-27T22:43:28.923+0000] {logging_mixin.py:188} INFO - [2025-04-27T22:43:28.923+0000] {dagbag.py:538} INFO - Filling up the DagBag from /opt/airflow/dags/exampledag.py
[2025-04-27T22:43:28.949+0000] {processor.py:840} INFO - DAG(s) 'chethan_test_dag' retrieved from /opt/airflow/dags/exampledag.py
[2025-04-27T22:43:28.970+0000] {logging_mixin.py:188} INFO - [2025-04-27T22:43:28.969+0000] {dag.py:3036} INFO - Sync 1 DAGs
[2025-04-27T22:43:28.989+0000] {logging_mixin.py:188} INFO - [2025-04-27T22:43:28.988+0000] {dag.py:3823} INFO - Setting next_dagrun for chethan_test_dag to 2025-04-26 00:00:00+00:00, run_after=2025-04-27 00:00:00+00:00
[2025-04-27T22:43:29.008+0000] {processor.py:183} INFO - Processing /opt/airflow/dags/exampledag.py took 0.090 seconds
[2025-04-27T22:43:59.434+0000] {processor.py:161} INFO - Started process (PID=887) to work on /opt/airflow/dags/exampledag.py
[2025-04-27T22:43:59.435+0000] {processor.py:830} INFO - Processing file /opt/airflow/dags/exampledag.py for tasks to queue
[2025-04-27T22:43:59.437+0000] {logging_mixin.py:188} INFO - [2025-04-27T22:43:59.436+0000] {dagbag.py:538} INFO - Filling up the DagBag from /opt/airflow/dags/exampledag.py
[2025-04-27T22:43:59.461+0000] {processor.py:840} INFO - DAG(s) 'chethan_test_dag' retrieved from /opt/airflow/dags/exampledag.py
[2025-04-27T22:43:59.483+0000] {logging_mixin.py:188} INFO - [2025-04-27T22:43:59.483+0000] {dag.py:3036} INFO - Sync 1 DAGs
[2025-04-27T22:43:59.501+0000] {logging_mixin.py:188} INFO - [2025-04-27T22:43:59.501+0000] {dag.py:3823} INFO - Setting next_dagrun for chethan_test_dag to 2025-04-26 00:00:00+00:00, run_after=2025-04-27 00:00:00+00:00
[2025-04-27T22:43:59.519+0000] {processor.py:183} INFO - Processing /opt/airflow/dags/exampledag.py took 0.088 seconds
[2025-04-27T22:44:30.411+0000] {processor.py:161} INFO - Started process (PID=933) to work on /opt/airflow/dags/exampledag.py
[2025-04-27T22:44:30.412+0000] {processor.py:830} INFO - Processing file /opt/airflow/dags/exampledag.py for tasks to queue
[2025-04-27T22:44:30.413+0000] {logging_mixin.py:188} INFO - [2025-04-27T22:44:30.413+0000] {dagbag.py:538} INFO - Filling up the DagBag from /opt/airflow/dags/exampledag.py
[2025-04-27T22:44:30.438+0000] {processor.py:840} INFO - DAG(s) 'chethan_test_dag' retrieved from /opt/airflow/dags/exampledag.py
[2025-04-27T22:44:30.470+0000] {logging_mixin.py:188} INFO - [2025-04-27T22:44:30.470+0000] {dag.py:3036} INFO - Sync 1 DAGs
[2025-04-27T22:44:30.495+0000] {logging_mixin.py:188} INFO - [2025-04-27T22:44:30.495+0000] {dag.py:3823} INFO - Setting next_dagrun for chethan_test_dag to 2025-04-26 00:00:00+00:00, run_after=2025-04-27 00:00:00+00:00
[2025-04-27T22:44:30.528+0000] {processor.py:183} INFO - Processing /opt/airflow/dags/exampledag.py took 0.119 seconds
[2025-04-27T22:45:00.833+0000] {processor.py:161} INFO - Started process (PID=973) to work on /opt/airflow/dags/exampledag.py
[2025-04-27T22:45:00.834+0000] {processor.py:830} INFO - Processing file /opt/airflow/dags/exampledag.py for tasks to queue
[2025-04-27T22:45:00.835+0000] {logging_mixin.py:188} INFO - [2025-04-27T22:45:00.835+0000] {dagbag.py:538} INFO - Filling up the DagBag from /opt/airflow/dags/exampledag.py
[2025-04-27T22:45:00.868+0000] {processor.py:840} INFO - DAG(s) 'chethan_test_dag' retrieved from /opt/airflow/dags/exampledag.py
[2025-04-27T22:45:00.891+0000] {logging_mixin.py:188} INFO - [2025-04-27T22:45:00.891+0000] {dag.py:3036} INFO - Sync 1 DAGs
[2025-04-27T22:45:00.909+0000] {logging_mixin.py:188} INFO - [2025-04-27T22:45:00.909+0000] {dag.py:3823} INFO - Setting next_dagrun for chethan_test_dag to 2025-04-26 00:00:00+00:00, run_after=2025-04-27 00:00:00+00:00
[2025-04-27T22:45:00.929+0000] {processor.py:183} INFO - Processing /opt/airflow/dags/exampledag.py took 0.100 seconds
[2025-04-27T22:45:31.495+0000] {processor.py:161} INFO - Started process (PID=1019) to work on /opt/airflow/dags/exampledag.py
[2025-04-27T22:45:31.496+0000] {processor.py:830} INFO - Processing file /opt/airflow/dags/exampledag.py for tasks to queue
[2025-04-27T22:45:31.498+0000] {logging_mixin.py:188} INFO - [2025-04-27T22:45:31.497+0000] {dagbag.py:538} INFO - Filling up the DagBag from /opt/airflow/dags/exampledag.py
[2025-04-27T22:45:31.552+0000] {processor.py:840} INFO - DAG(s) 'chethan_test_dag' retrieved from /opt/airflow/dags/exampledag.py
[2025-04-27T22:45:31.598+0000] {logging_mixin.py:188} INFO - [2025-04-27T22:45:31.598+0000] {dag.py:3036} INFO - Sync 1 DAGs
[2025-04-27T22:45:31.630+0000] {logging_mixin.py:188} INFO - [2025-04-27T22:45:31.630+0000] {dag.py:3823} INFO - Setting next_dagrun for chethan_test_dag to 2025-04-26 00:00:00+00:00, run_after=2025-04-27 00:00:00+00:00
[2025-04-27T22:45:31.657+0000] {processor.py:183} INFO - Processing /opt/airflow/dags/exampledag.py took 0.167 seconds
[2025-04-27T22:46:02.350+0000] {processor.py:161} INFO - Started process (PID=1062) to work on /opt/airflow/dags/exampledag.py
[2025-04-27T22:46:02.351+0000] {processor.py:830} INFO - Processing file /opt/airflow/dags/exampledag.py for tasks to queue
[2025-04-27T22:46:02.352+0000] {logging_mixin.py:188} INFO - [2025-04-27T22:46:02.352+0000] {dagbag.py:538} INFO - Filling up the DagBag from /opt/airflow/dags/exampledag.py
[2025-04-27T22:46:02.381+0000] {processor.py:840} INFO - DAG(s) 'chethan_test_dag' retrieved from /opt/airflow/dags/exampledag.py
[2025-04-27T22:46:02.405+0000] {logging_mixin.py:188} INFO - [2025-04-27T22:46:02.404+0000] {dag.py:3036} INFO - Sync 1 DAGs
[2025-04-27T22:46:02.425+0000] {logging_mixin.py:188} INFO - [2025-04-27T22:46:02.425+0000] {dag.py:3823} INFO - Setting next_dagrun for chethan_test_dag to 2025-04-26 00:00:00+00:00, run_after=2025-04-27 00:00:00+00:00
[2025-04-27T22:46:02.446+0000] {processor.py:183} INFO - Processing /opt/airflow/dags/exampledag.py took 0.100 seconds
[2025-04-27T22:46:32.954+0000] {processor.py:161} INFO - Started process (PID=1105) to work on /opt/airflow/dags/exampledag.py
[2025-04-27T22:46:32.955+0000] {processor.py:830} INFO - Processing file /opt/airflow/dags/exampledag.py for tasks to queue
[2025-04-27T22:46:32.957+0000] {logging_mixin.py:188} INFO - [2025-04-27T22:46:32.956+0000] {dagbag.py:538} INFO - Filling up the DagBag from /opt/airflow/dags/exampledag.py
[2025-04-27T22:46:32.998+0000] {processor.py:840} INFO - DAG(s) 'chethan_test_dag' retrieved from /opt/airflow/dags/exampledag.py
[2025-04-27T22:46:33.028+0000] {logging_mixin.py:188} INFO - [2025-04-27T22:46:33.028+0000] {dag.py:3036} INFO - Sync 1 DAGs
[2025-04-27T22:46:33.052+0000] {logging_mixin.py:188} INFO - [2025-04-27T22:46:33.051+0000] {dag.py:3823} INFO - Setting next_dagrun for chethan_test_dag to 2025-04-26 00:00:00+00:00, run_after=2025-04-27 00:00:00+00:00
[2025-04-27T22:46:33.080+0000] {processor.py:183} INFO - Processing /opt/airflow/dags/exampledag.py took 0.130 seconds
[2025-04-27T22:47:03.782+0000] {processor.py:161} INFO - Started process (PID=1148) to work on /opt/airflow/dags/exampledag.py
[2025-04-27T22:47:03.784+0000] {processor.py:830} INFO - Processing file /opt/airflow/dags/exampledag.py for tasks to queue
[2025-04-27T22:47:03.785+0000] {logging_mixin.py:188} INFO - [2025-04-27T22:47:03.785+0000] {dagbag.py:538} INFO - Filling up the DagBag from /opt/airflow/dags/exampledag.py
[2025-04-27T22:47:03.827+0000] {processor.py:840} INFO - DAG(s) 'chethan_test_dag' retrieved from /opt/airflow/dags/exampledag.py
[2025-04-27T22:47:03.861+0000] {logging_mixin.py:188} INFO - [2025-04-27T22:47:03.861+0000] {dag.py:3036} INFO - Sync 1 DAGs
[2025-04-27T22:47:03.888+0000] {logging_mixin.py:188} INFO - [2025-04-27T22:47:03.888+0000] {dag.py:3823} INFO - Setting next_dagrun for chethan_test_dag to 2025-04-26 00:00:00+00:00, run_after=2025-04-27 00:00:00+00:00
[2025-04-27T22:47:03.917+0000] {processor.py:183} INFO - Processing /opt/airflow/dags/exampledag.py took 0.139 seconds
[2025-04-27T22:47:34.418+0000] {processor.py:161} INFO - Started process (PID=1191) to work on /opt/airflow/dags/exampledag.py
[2025-04-27T22:47:34.419+0000] {processor.py:830} INFO - Processing file /opt/airflow/dags/exampledag.py for tasks to queue
[2025-04-27T22:47:34.420+0000] {logging_mixin.py:188} INFO - [2025-04-27T22:47:34.420+0000] {dagbag.py:538} INFO - Filling up the DagBag from /opt/airflow/dags/exampledag.py
[2025-04-27T22:47:34.448+0000] {processor.py:840} INFO - DAG(s) 'chethan_test_dag' retrieved from /opt/airflow/dags/exampledag.py
[2025-04-27T22:47:34.475+0000] {logging_mixin.py:188} INFO - [2025-04-27T22:47:34.474+0000] {dag.py:3036} INFO - Sync 1 DAGs
[2025-04-27T22:47:34.503+0000] {logging_mixin.py:188} INFO - [2025-04-27T22:47:34.503+0000] {dag.py:3823} INFO - Setting next_dagrun for chethan_test_dag to 2025-04-26 00:00:00+00:00, run_after=2025-04-27 00:00:00+00:00
[2025-04-27T22:47:34.534+0000] {processor.py:183} INFO - Processing /opt/airflow/dags/exampledag.py took 0.119 seconds
[2025-04-27T22:48:05.163+0000] {processor.py:161} INFO - Started process (PID=1234) to work on /opt/airflow/dags/exampledag.py
[2025-04-27T22:48:05.164+0000] {processor.py:830} INFO - Processing file /opt/airflow/dags/exampledag.py for tasks to queue
[2025-04-27T22:48:05.166+0000] {logging_mixin.py:188} INFO - [2025-04-27T22:48:05.166+0000] {dagbag.py:538} INFO - Filling up the DagBag from /opt/airflow/dags/exampledag.py
[2025-04-27T22:48:05.200+0000] {processor.py:840} INFO - DAG(s) 'chethan_test_dag' retrieved from /opt/airflow/dags/exampledag.py
[2025-04-27T22:48:05.233+0000] {logging_mixin.py:188} INFO - [2025-04-27T22:48:05.233+0000] {dag.py:3036} INFO - Sync 1 DAGs
[2025-04-27T22:48:05.262+0000] {logging_mixin.py:188} INFO - [2025-04-27T22:48:05.261+0000] {dag.py:3823} INFO - Setting next_dagrun for chethan_test_dag to 2025-04-26 00:00:00+00:00, run_after=2025-04-27 00:00:00+00:00
[2025-04-27T22:48:05.293+0000] {processor.py:183} INFO - Processing /opt/airflow/dags/exampledag.py took 0.134 seconds
[2025-04-27T22:48:35.556+0000] {processor.py:161} INFO - Started process (PID=1274) to work on /opt/airflow/dags/exampledag.py
[2025-04-27T22:48:35.557+0000] {processor.py:830} INFO - Processing file /opt/airflow/dags/exampledag.py for tasks to queue
[2025-04-27T22:48:35.558+0000] {logging_mixin.py:188} INFO - [2025-04-27T22:48:35.558+0000] {dagbag.py:538} INFO - Filling up the DagBag from /opt/airflow/dags/exampledag.py
[2025-04-27T22:48:35.601+0000] {processor.py:840} INFO - DAG(s) 'chethan_test_dag' retrieved from /opt/airflow/dags/exampledag.py
[2025-04-27T22:48:35.640+0000] {logging_mixin.py:188} INFO - [2025-04-27T22:48:35.640+0000] {dag.py:3036} INFO - Sync 1 DAGs
[2025-04-27T22:48:35.666+0000] {logging_mixin.py:188} INFO - [2025-04-27T22:48:35.666+0000] {dag.py:3823} INFO - Setting next_dagrun for chethan_test_dag to 2025-04-26 00:00:00+00:00, run_after=2025-04-27 00:00:00+00:00
[2025-04-27T22:48:35.690+0000] {processor.py:183} INFO - Processing /opt/airflow/dags/exampledag.py took 0.137 seconds
[2025-04-27T22:49:06.039+0000] {processor.py:161} INFO - Started process (PID=1317) to work on /opt/airflow/dags/exampledag.py
[2025-04-27T22:49:06.040+0000] {processor.py:830} INFO - Processing file /opt/airflow/dags/exampledag.py for tasks to queue
[2025-04-27T22:49:06.041+0000] {logging_mixin.py:188} INFO - [2025-04-27T22:49:06.041+0000] {dagbag.py:538} INFO - Filling up the DagBag from /opt/airflow/dags/exampledag.py
[2025-04-27T22:49:06.086+0000] {processor.py:840} INFO - DAG(s) 'chethan_test_dag' retrieved from /opt/airflow/dags/exampledag.py
[2025-04-27T22:49:06.107+0000] {logging_mixin.py:188} INFO - [2025-04-27T22:49:06.107+0000] {dag.py:3036} INFO - Sync 1 DAGs
[2025-04-27T22:49:06.127+0000] {logging_mixin.py:188} INFO - [2025-04-27T22:49:06.127+0000] {dag.py:3823} INFO - Setting next_dagrun for chethan_test_dag to 2025-04-26 00:00:00+00:00, run_after=2025-04-27 00:00:00+00:00
[2025-04-27T22:49:06.144+0000] {processor.py:183} INFO - Processing /opt/airflow/dags/exampledag.py took 0.107 seconds
[2025-04-27T22:49:36.326+0000] {processor.py:161} INFO - Started process (PID=1360) to work on /opt/airflow/dags/exampledag.py
[2025-04-27T22:49:36.327+0000] {processor.py:830} INFO - Processing file /opt/airflow/dags/exampledag.py for tasks to queue
[2025-04-27T22:49:36.328+0000] {logging_mixin.py:188} INFO - [2025-04-27T22:49:36.328+0000] {dagbag.py:538} INFO - Filling up the DagBag from /opt/airflow/dags/exampledag.py
[2025-04-27T22:49:36.355+0000] {processor.py:840} INFO - DAG(s) 'chethan_test_dag' retrieved from /opt/airflow/dags/exampledag.py
[2025-04-27T22:49:36.376+0000] {logging_mixin.py:188} INFO - [2025-04-27T22:49:36.376+0000] {dag.py:3036} INFO - Sync 1 DAGs
[2025-04-27T22:49:36.395+0000] {logging_mixin.py:188} INFO - [2025-04-27T22:49:36.394+0000] {dag.py:3823} INFO - Setting next_dagrun for chethan_test_dag to 2025-04-26 00:00:00+00:00, run_after=2025-04-27 00:00:00+00:00
[2025-04-27T22:49:36.414+0000] {processor.py:183} INFO - Processing /opt/airflow/dags/exampledag.py took 0.090 seconds
[2025-04-27T22:50:06.889+0000] {processor.py:161} INFO - Started process (PID=1403) to work on /opt/airflow/dags/exampledag.py
[2025-04-27T22:50:06.891+0000] {processor.py:830} INFO - Processing file /opt/airflow/dags/exampledag.py for tasks to queue
[2025-04-27T22:50:06.892+0000] {logging_mixin.py:188} INFO - [2025-04-27T22:50:06.891+0000] {dagbag.py:538} INFO - Filling up the DagBag from /opt/airflow/dags/exampledag.py
[2025-04-27T22:50:06.916+0000] {processor.py:840} INFO - DAG(s) 'chethan_test_dag' retrieved from /opt/airflow/dags/exampledag.py
[2025-04-27T22:50:06.934+0000] {logging_mixin.py:188} INFO - [2025-04-27T22:50:06.934+0000] {dag.py:3036} INFO - Sync 1 DAGs
[2025-04-27T22:50:06.953+0000] {logging_mixin.py:188} INFO - [2025-04-27T22:50:06.953+0000] {dag.py:3823} INFO - Setting next_dagrun for chethan_test_dag to 2025-04-26 00:00:00+00:00, run_after=2025-04-27 00:00:00+00:00
[2025-04-27T22:50:06.974+0000] {processor.py:183} INFO - Processing /opt/airflow/dags/exampledag.py took 0.088 seconds
[2025-04-27T22:50:37.307+0000] {processor.py:161} INFO - Started process (PID=1446) to work on /opt/airflow/dags/exampledag.py
[2025-04-27T22:50:37.308+0000] {processor.py:830} INFO - Processing file /opt/airflow/dags/exampledag.py for tasks to queue
[2025-04-27T22:50:37.309+0000] {logging_mixin.py:188} INFO - [2025-04-27T22:50:37.309+0000] {dagbag.py:538} INFO - Filling up the DagBag from /opt/airflow/dags/exampledag.py
[2025-04-27T22:50:37.336+0000] {processor.py:840} INFO - DAG(s) 'chethan_test_dag' retrieved from /opt/airflow/dags/exampledag.py
[2025-04-27T22:50:37.354+0000] {logging_mixin.py:188} INFO - [2025-04-27T22:50:37.354+0000] {dag.py:3036} INFO - Sync 1 DAGs
[2025-04-27T22:50:37.371+0000] {logging_mixin.py:188} INFO - [2025-04-27T22:50:37.370+0000] {dag.py:3823} INFO - Setting next_dagrun for chethan_test_dag to 2025-04-26 00:00:00+00:00, run_after=2025-04-27 00:00:00+00:00
[2025-04-27T22:50:37.390+0000] {processor.py:183} INFO - Processing /opt/airflow/dags/exampledag.py took 0.085 seconds
[2025-04-27T22:51:07.577+0000] {processor.py:161} INFO - Started process (PID=1489) to work on /opt/airflow/dags/exampledag.py
[2025-04-27T22:51:07.579+0000] {processor.py:830} INFO - Processing file /opt/airflow/dags/exampledag.py for tasks to queue
[2025-04-27T22:51:07.580+0000] {logging_mixin.py:188} INFO - [2025-04-27T22:51:07.580+0000] {dagbag.py:538} INFO - Filling up the DagBag from /opt/airflow/dags/exampledag.py
[2025-04-27T22:51:07.612+0000] {processor.py:840} INFO - DAG(s) 'chethan_test_dag' retrieved from /opt/airflow/dags/exampledag.py
[2025-04-27T22:51:07.637+0000] {logging_mixin.py:188} INFO - [2025-04-27T22:51:07.637+0000] {dag.py:3036} INFO - Sync 1 DAGs
[2025-04-27T22:51:07.657+0000] {logging_mixin.py:188} INFO - [2025-04-27T22:51:07.657+0000] {dag.py:3823} INFO - Setting next_dagrun for chethan_test_dag to 2025-04-26 00:00:00+00:00, run_after=2025-04-27 00:00:00+00:00
[2025-04-27T22:51:07.678+0000] {processor.py:183} INFO - Processing /opt/airflow/dags/exampledag.py took 0.104 seconds
[2025-04-27T22:51:37.787+0000] {processor.py:161} INFO - Started process (PID=1529) to work on /opt/airflow/dags/exampledag.py
[2025-04-27T22:51:37.788+0000] {processor.py:830} INFO - Processing file /opt/airflow/dags/exampledag.py for tasks to queue
[2025-04-27T22:51:37.789+0000] {logging_mixin.py:188} INFO - [2025-04-27T22:51:37.789+0000] {dagbag.py:538} INFO - Filling up the DagBag from /opt/airflow/dags/exampledag.py
[2025-04-27T22:51:37.824+0000] {processor.py:840} INFO - DAG(s) 'chethan_test_dag' retrieved from /opt/airflow/dags/exampledag.py
[2025-04-27T22:51:37.857+0000] {logging_mixin.py:188} INFO - [2025-04-27T22:51:37.857+0000] {dag.py:3036} INFO - Sync 1 DAGs
[2025-04-27T22:51:37.887+0000] {logging_mixin.py:188} INFO - [2025-04-27T22:51:37.887+0000] {dag.py:3823} INFO - Setting next_dagrun for chethan_test_dag to 2025-04-26 00:00:00+00:00, run_after=2025-04-27 00:00:00+00:00
[2025-04-27T22:51:37.915+0000] {processor.py:183} INFO - Processing /opt/airflow/dags/exampledag.py took 0.132 seconds
[2025-04-27T22:52:08.198+0000] {processor.py:161} INFO - Started process (PID=1569) to work on /opt/airflow/dags/exampledag.py
[2025-04-27T22:52:08.199+0000] {processor.py:830} INFO - Processing file /opt/airflow/dags/exampledag.py for tasks to queue
[2025-04-27T22:52:08.200+0000] {logging_mixin.py:188} INFO - [2025-04-27T22:52:08.200+0000] {dagbag.py:538} INFO - Filling up the DagBag from /opt/airflow/dags/exampledag.py
[2025-04-27T22:52:08.231+0000] {processor.py:840} INFO - DAG(s) 'chethan_test_dag' retrieved from /opt/airflow/dags/exampledag.py
[2025-04-27T22:52:08.259+0000] {logging_mixin.py:188} INFO - [2025-04-27T22:52:08.259+0000] {dag.py:3036} INFO - Sync 1 DAGs
[2025-04-27T22:52:08.286+0000] {logging_mixin.py:188} INFO - [2025-04-27T22:52:08.286+0000] {dag.py:3823} INFO - Setting next_dagrun for chethan_test_dag to 2025-04-26 00:00:00+00:00, run_after=2025-04-27 00:00:00+00:00
[2025-04-27T22:52:08.317+0000] {processor.py:183} INFO - Processing /opt/airflow/dags/exampledag.py took 0.122 seconds
[2025-04-27T22:52:38.567+0000] {processor.py:161} INFO - Started process (PID=1612) to work on /opt/airflow/dags/exampledag.py
[2025-04-27T22:52:38.568+0000] {processor.py:830} INFO - Processing file /opt/airflow/dags/exampledag.py for tasks to queue
[2025-04-27T22:52:38.569+0000] {logging_mixin.py:188} INFO - [2025-04-27T22:52:38.569+0000] {dagbag.py:538} INFO - Filling up the DagBag from /opt/airflow/dags/exampledag.py
[2025-04-27T22:52:38.603+0000] {processor.py:840} INFO - DAG(s) 'chethan_test_dag' retrieved from /opt/airflow/dags/exampledag.py
[2025-04-27T22:52:38.635+0000] {logging_mixin.py:188} INFO - [2025-04-27T22:52:38.635+0000] {dag.py:3036} INFO - Sync 1 DAGs
[2025-04-27T22:52:38.662+0000] {logging_mixin.py:188} INFO - [2025-04-27T22:52:38.661+0000] {dag.py:3823} INFO - Setting next_dagrun for chethan_test_dag to 2025-04-26 00:00:00+00:00, run_after=2025-04-27 00:00:00+00:00
[2025-04-27T22:52:38.688+0000] {processor.py:183} INFO - Processing /opt/airflow/dags/exampledag.py took 0.124 seconds
[2025-04-27T22:53:09.159+0000] {processor.py:161} INFO - Started process (PID=1655) to work on /opt/airflow/dags/exampledag.py
[2025-04-27T22:53:09.160+0000] {processor.py:830} INFO - Processing file /opt/airflow/dags/exampledag.py for tasks to queue
[2025-04-27T22:53:09.161+0000] {logging_mixin.py:188} INFO - [2025-04-27T22:53:09.161+0000] {dagbag.py:538} INFO - Filling up the DagBag from /opt/airflow/dags/exampledag.py
[2025-04-27T22:53:09.205+0000] {processor.py:840} INFO - DAG(s) 'chethan_test_dag' retrieved from /opt/airflow/dags/exampledag.py
[2025-04-27T22:53:09.232+0000] {logging_mixin.py:188} INFO - [2025-04-27T22:53:09.232+0000] {dag.py:3036} INFO - Sync 1 DAGs
[2025-04-27T22:53:09.262+0000] {logging_mixin.py:188} INFO - [2025-04-27T22:53:09.262+0000] {dag.py:3823} INFO - Setting next_dagrun for chethan_test_dag to 2025-04-26 00:00:00+00:00, run_after=2025-04-27 00:00:00+00:00
[2025-04-27T22:53:09.284+0000] {processor.py:183} INFO - Processing /opt/airflow/dags/exampledag.py took 0.129 seconds
[2025-04-27T22:53:39.387+0000] {processor.py:161} INFO - Started process (PID=1698) to work on /opt/airflow/dags/exampledag.py
[2025-04-27T22:53:39.388+0000] {processor.py:830} INFO - Processing file /opt/airflow/dags/exampledag.py for tasks to queue
[2025-04-27T22:53:39.389+0000] {logging_mixin.py:188} INFO - [2025-04-27T22:53:39.389+0000] {dagbag.py:538} INFO - Filling up the DagBag from /opt/airflow/dags/exampledag.py
[2025-04-27T22:53:39.453+0000] {processor.py:840} INFO - DAG(s) 'chethan_test_dag' retrieved from /opt/airflow/dags/exampledag.py
[2025-04-27T22:53:39.471+0000] {logging_mixin.py:188} INFO - [2025-04-27T22:53:39.471+0000] {dag.py:3036} INFO - Sync 1 DAGs
[2025-04-27T22:53:39.487+0000] {logging_mixin.py:188} INFO - [2025-04-27T22:53:39.487+0000] {dag.py:3823} INFO - Setting next_dagrun for chethan_test_dag to 2025-04-26 00:00:00+00:00, run_after=2025-04-27 00:00:00+00:00
[2025-04-27T22:53:39.502+0000] {processor.py:183} INFO - Processing /opt/airflow/dags/exampledag.py took 0.117 seconds
[2025-04-27T22:54:10.045+0000] {processor.py:161} INFO - Started process (PID=1741) to work on /opt/airflow/dags/exampledag.py
[2025-04-27T22:54:10.046+0000] {processor.py:830} INFO - Processing file /opt/airflow/dags/exampledag.py for tasks to queue
[2025-04-27T22:54:10.047+0000] {logging_mixin.py:188} INFO - [2025-04-27T22:54:10.046+0000] {dagbag.py:538} INFO - Filling up the DagBag from /opt/airflow/dags/exampledag.py
[2025-04-27T22:54:10.074+0000] {processor.py:840} INFO - DAG(s) 'chethan_test_dag' retrieved from /opt/airflow/dags/exampledag.py
[2025-04-27T22:54:10.093+0000] {logging_mixin.py:188} INFO - [2025-04-27T22:54:10.093+0000] {dag.py:3036} INFO - Sync 1 DAGs
[2025-04-27T22:54:10.110+0000] {logging_mixin.py:188} INFO - [2025-04-27T22:54:10.109+0000] {dag.py:3823} INFO - Setting next_dagrun for chethan_test_dag to 2025-04-26 00:00:00+00:00, run_after=2025-04-27 00:00:00+00:00
[2025-04-27T22:54:10.125+0000] {processor.py:183} INFO - Processing /opt/airflow/dags/exampledag.py took 0.083 seconds
[2025-04-27T22:54:40.740+0000] {processor.py:161} INFO - Started process (PID=1784) to work on /opt/airflow/dags/exampledag.py
[2025-04-27T22:54:40.742+0000] {processor.py:830} INFO - Processing file /opt/airflow/dags/exampledag.py for tasks to queue
[2025-04-27T22:54:40.743+0000] {logging_mixin.py:188} INFO - [2025-04-27T22:54:40.743+0000] {dagbag.py:538} INFO - Filling up the DagBag from /opt/airflow/dags/exampledag.py
[2025-04-27T22:54:40.769+0000] {processor.py:840} INFO - DAG(s) 'chethan_test_dag' retrieved from /opt/airflow/dags/exampledag.py
[2025-04-27T22:54:40.790+0000] {logging_mixin.py:188} INFO - [2025-04-27T22:54:40.790+0000] {dag.py:3036} INFO - Sync 1 DAGs
[2025-04-27T22:54:40.812+0000] {logging_mixin.py:188} INFO - [2025-04-27T22:54:40.812+0000] {dag.py:3823} INFO - Setting next_dagrun for chethan_test_dag to 2025-04-26 00:00:00+00:00, run_after=2025-04-27 00:00:00+00:00
[2025-04-27T22:54:40.828+0000] {processor.py:183} INFO - Processing /opt/airflow/dags/exampledag.py took 0.091 seconds
[2025-04-27T22:55:11.251+0000] {processor.py:161} INFO - Started process (PID=1827) to work on /opt/airflow/dags/exampledag.py
[2025-04-27T22:55:11.257+0000] {processor.py:830} INFO - Processing file /opt/airflow/dags/exampledag.py for tasks to queue
[2025-04-27T22:55:11.258+0000] {logging_mixin.py:188} INFO - [2025-04-27T22:55:11.258+0000] {dagbag.py:538} INFO - Filling up the DagBag from /opt/airflow/dags/exampledag.py
[2025-04-27T22:55:11.287+0000] {processor.py:840} INFO - DAG(s) 'chethan_test_dag' retrieved from /opt/airflow/dags/exampledag.py
[2025-04-27T22:55:11.305+0000] {logging_mixin.py:188} INFO - [2025-04-27T22:55:11.305+0000] {dag.py:3036} INFO - Sync 1 DAGs
[2025-04-27T22:55:11.321+0000] {logging_mixin.py:188} INFO - [2025-04-27T22:55:11.321+0000] {dag.py:3823} INFO - Setting next_dagrun for chethan_test_dag to 2025-04-26 00:00:00+00:00, run_after=2025-04-27 00:00:00+00:00
[2025-04-27T22:55:11.337+0000] {processor.py:183} INFO - Processing /opt/airflow/dags/exampledag.py took 0.089 seconds
[2025-04-27T22:55:41.480+0000] {processor.py:161} INFO - Started process (PID=1870) to work on /opt/airflow/dags/exampledag.py
[2025-04-27T22:55:41.482+0000] {processor.py:830} INFO - Processing file /opt/airflow/dags/exampledag.py for tasks to queue
[2025-04-27T22:55:41.484+0000] {logging_mixin.py:188} INFO - [2025-04-27T22:55:41.483+0000] {dagbag.py:538} INFO - Filling up the DagBag from /opt/airflow/dags/exampledag.py
[2025-04-27T22:55:41.525+0000] {processor.py:840} INFO - DAG(s) 'chethan_test_dag' retrieved from /opt/airflow/dags/exampledag.py
[2025-04-27T22:55:41.545+0000] {logging_mixin.py:188} INFO - [2025-04-27T22:55:41.545+0000] {dag.py:3036} INFO - Sync 1 DAGs
[2025-04-27T22:55:41.572+0000] {logging_mixin.py:188} INFO - [2025-04-27T22:55:41.572+0000] {dag.py:3823} INFO - Setting next_dagrun for chethan_test_dag to 2025-04-26 00:00:00+00:00, run_after=2025-04-27 00:00:00+00:00
[2025-04-27T22:55:41.607+0000] {processor.py:183} INFO - Processing /opt/airflow/dags/exampledag.py took 0.131 seconds
[2025-04-27T22:56:12.068+0000] {processor.py:161} INFO - Started process (PID=1913) to work on /opt/airflow/dags/exampledag.py
[2025-04-27T22:56:12.069+0000] {processor.py:830} INFO - Processing file /opt/airflow/dags/exampledag.py for tasks to queue
[2025-04-27T22:56:12.070+0000] {logging_mixin.py:188} INFO - [2025-04-27T22:56:12.070+0000] {dagbag.py:538} INFO - Filling up the DagBag from /opt/airflow/dags/exampledag.py
[2025-04-27T22:56:12.099+0000] {processor.py:840} INFO - DAG(s) 'chethan_test_dag' retrieved from /opt/airflow/dags/exampledag.py
[2025-04-27T22:56:12.119+0000] {logging_mixin.py:188} INFO - [2025-04-27T22:56:12.118+0000] {dag.py:3036} INFO - Sync 1 DAGs
[2025-04-27T22:56:12.138+0000] {logging_mixin.py:188} INFO - [2025-04-27T22:56:12.138+0000] {dag.py:3823} INFO - Setting next_dagrun for chethan_test_dag to 2025-04-26 00:00:00+00:00, run_after=2025-04-27 00:00:00+00:00
[2025-04-27T22:56:12.156+0000] {processor.py:183} INFO - Processing /opt/airflow/dags/exampledag.py took 0.091 seconds
[2025-04-27T22:56:42.798+0000] {processor.py:161} INFO - Started process (PID=1956) to work on /opt/airflow/dags/exampledag.py
[2025-04-27T22:56:42.809+0000] {processor.py:830} INFO - Processing file /opt/airflow/dags/exampledag.py for tasks to queue
[2025-04-27T22:56:42.814+0000] {logging_mixin.py:188} INFO - [2025-04-27T22:56:42.813+0000] {dagbag.py:538} INFO - Filling up the DagBag from /opt/airflow/dags/exampledag.py
[2025-04-27T22:56:43.037+0000] {processor.py:840} INFO - DAG(s) 'chethan_test_dag' retrieved from /opt/airflow/dags/exampledag.py
[2025-04-27T22:56:43.104+0000] {logging_mixin.py:188} INFO - [2025-04-27T22:56:43.103+0000] {dag.py:3036} INFO - Sync 1 DAGs
[2025-04-27T22:56:43.174+0000] {logging_mixin.py:188} INFO - [2025-04-27T22:56:43.173+0000] {dag.py:3823} INFO - Setting next_dagrun for chethan_test_dag to 2025-04-26 00:00:00+00:00, run_after=2025-04-27 00:00:00+00:00
[2025-04-27T22:56:43.258+0000] {processor.py:183} INFO - Processing /opt/airflow/dags/exampledag.py took 0.466 seconds
[2025-04-27T23:11:28.346+0000] {processor.py:161} INFO - Started process (PID=1999) to work on /opt/airflow/dags/exampledag.py
[2025-04-27T23:11:28.347+0000] {processor.py:830} INFO - Processing file /opt/airflow/dags/exampledag.py for tasks to queue
[2025-04-27T23:11:28.349+0000] {logging_mixin.py:188} INFO - [2025-04-27T23:11:28.348+0000] {dagbag.py:538} INFO - Filling up the DagBag from /opt/airflow/dags/exampledag.py
[2025-04-27T23:11:28.391+0000] {processor.py:840} INFO - DAG(s) 'chethan_test_dag' retrieved from /opt/airflow/dags/exampledag.py
[2025-04-27T23:11:28.424+0000] {logging_mixin.py:188} INFO - [2025-04-27T23:11:28.424+0000] {dag.py:3036} INFO - Sync 1 DAGs
[2025-04-27T23:11:28.459+0000] {logging_mixin.py:188} INFO - [2025-04-27T23:11:28.459+0000] {dag.py:3823} INFO - Setting next_dagrun for chethan_test_dag to 2025-04-26 00:00:00+00:00, run_after=2025-04-27 00:00:00+00:00
[2025-04-27T23:11:28.490+0000] {processor.py:183} INFO - Processing /opt/airflow/dags/exampledag.py took 0.147 seconds
[2025-04-27T23:11:59.190+0000] {processor.py:161} INFO - Started process (PID=2042) to work on /opt/airflow/dags/exampledag.py
[2025-04-27T23:11:59.192+0000] {processor.py:830} INFO - Processing file /opt/airflow/dags/exampledag.py for tasks to queue
[2025-04-27T23:11:59.193+0000] {logging_mixin.py:188} INFO - [2025-04-27T23:11:59.193+0000] {dagbag.py:538} INFO - Filling up the DagBag from /opt/airflow/dags/exampledag.py
[2025-04-27T23:11:59.231+0000] {processor.py:840} INFO - DAG(s) 'chethan_test_dag' retrieved from /opt/airflow/dags/exampledag.py
[2025-04-27T23:11:59.261+0000] {logging_mixin.py:188} INFO - [2025-04-27T23:11:59.261+0000] {dag.py:3036} INFO - Sync 1 DAGs
[2025-04-27T23:11:59.285+0000] {logging_mixin.py:188} INFO - [2025-04-27T23:11:59.285+0000] {dag.py:3823} INFO - Setting next_dagrun for chethan_test_dag to 2025-04-26 00:00:00+00:00, run_after=2025-04-27 00:00:00+00:00
[2025-04-27T23:11:59.309+0000] {processor.py:183} INFO - Processing /opt/airflow/dags/exampledag.py took 0.122 seconds
[2025-04-27T23:12:29.855+0000] {processor.py:161} INFO - Started process (PID=2085) to work on /opt/airflow/dags/exampledag.py
[2025-04-27T23:12:29.857+0000] {processor.py:830} INFO - Processing file /opt/airflow/dags/exampledag.py for tasks to queue
[2025-04-27T23:12:29.860+0000] {logging_mixin.py:188} INFO - [2025-04-27T23:12:29.860+0000] {dagbag.py:538} INFO - Filling up the DagBag from /opt/airflow/dags/exampledag.py
[2025-04-27T23:12:29.918+0000] {processor.py:840} INFO - DAG(s) 'chethan_test_dag' retrieved from /opt/airflow/dags/exampledag.py
[2025-04-27T23:12:29.977+0000] {logging_mixin.py:188} INFO - [2025-04-27T23:12:29.977+0000] {dag.py:3036} INFO - Sync 1 DAGs
[2025-04-27T23:12:30.027+0000] {logging_mixin.py:188} INFO - [2025-04-27T23:12:30.026+0000] {dag.py:3823} INFO - Setting next_dagrun for chethan_test_dag to 2025-04-26 00:00:00+00:00, run_after=2025-04-27 00:00:00+00:00
[2025-04-27T23:12:30.055+0000] {processor.py:183} INFO - Processing /opt/airflow/dags/exampledag.py took 0.207 seconds
[2025-04-27T23:17:04.952+0000] {processor.py:161} INFO - Started process (PID=203) to work on /opt/airflow/dags/exampledag.py
[2025-04-27T23:17:04.954+0000] {processor.py:830} INFO - Processing file /opt/airflow/dags/exampledag.py for tasks to queue
[2025-04-27T23:17:04.956+0000] {logging_mixin.py:188} INFO - [2025-04-27T23:17:04.955+0000] {dagbag.py:538} INFO - Filling up the DagBag from /opt/airflow/dags/exampledag.py
[2025-04-27T23:17:04.993+0000] {processor.py:840} INFO - DAG(s) 'chethan_test_dag' retrieved from /opt/airflow/dags/exampledag.py
[2025-04-27T23:17:05.013+0000] {logging_mixin.py:188} INFO - [2025-04-27T23:17:05.013+0000] {dag.py:3036} INFO - Sync 1 DAGs
[2025-04-27T23:17:05.056+0000] {logging_mixin.py:188} INFO - [2025-04-27T23:17:05.055+0000] {dag.py:3823} INFO - Setting next_dagrun for chethan_test_dag to 2025-04-26 00:00:00+00:00, run_after=2025-04-27 00:00:00+00:00
[2025-04-27T23:17:05.087+0000] {processor.py:183} INFO - Processing /opt/airflow/dags/exampledag.py took 0.139 seconds
[2025-04-27T23:17:36.232+0000] {processor.py:161} INFO - Started process (PID=246) to work on /opt/airflow/dags/exampledag.py
[2025-04-27T23:17:36.233+0000] {processor.py:830} INFO - Processing file /opt/airflow/dags/exampledag.py for tasks to queue
[2025-04-27T23:17:36.235+0000] {logging_mixin.py:188} INFO - [2025-04-27T23:17:36.235+0000] {dagbag.py:538} INFO - Filling up the DagBag from /opt/airflow/dags/exampledag.py
[2025-04-27T23:17:36.280+0000] {processor.py:840} INFO - DAG(s) 'chethan_test_dag' retrieved from /opt/airflow/dags/exampledag.py
[2025-04-27T23:17:36.482+0000] {logging_mixin.py:188} INFO - [2025-04-27T23:17:36.481+0000] {dag.py:3036} INFO - Sync 1 DAGs
[2025-04-27T23:17:36.519+0000] {logging_mixin.py:188} INFO - [2025-04-27T23:17:36.519+0000] {dag.py:3823} INFO - Setting next_dagrun for chethan_test_dag to 2025-04-26 00:00:00+00:00, run_after=2025-04-27 00:00:00+00:00
[2025-04-27T23:17:36.556+0000] {processor.py:183} INFO - Processing /opt/airflow/dags/exampledag.py took 0.328 seconds
[2025-04-27T23:18:07.283+0000] {processor.py:161} INFO - Started process (PID=294) to work on /opt/airflow/dags/exampledag.py
[2025-04-27T23:18:07.284+0000] {processor.py:830} INFO - Processing file /opt/airflow/dags/exampledag.py for tasks to queue
[2025-04-27T23:18:07.286+0000] {logging_mixin.py:188} INFO - [2025-04-27T23:18:07.285+0000] {dagbag.py:538} INFO - Filling up the DagBag from /opt/airflow/dags/exampledag.py
[2025-04-27T23:18:07.317+0000] {processor.py:840} INFO - DAG(s) 'chethan_test_dag' retrieved from /opt/airflow/dags/exampledag.py
[2025-04-27T23:18:07.339+0000] {logging_mixin.py:188} INFO - [2025-04-27T23:18:07.339+0000] {dag.py:3036} INFO - Sync 1 DAGs
[2025-04-27T23:18:07.358+0000] {logging_mixin.py:188} INFO - [2025-04-27T23:18:07.357+0000] {dag.py:3823} INFO - Setting next_dagrun for chethan_test_dag to 2025-04-26 00:00:00+00:00, run_after=2025-04-27 00:00:00+00:00
[2025-04-27T23:18:07.375+0000] {processor.py:183} INFO - Processing /opt/airflow/dags/exampledag.py took 0.094 seconds
[2025-04-27T23:18:38.054+0000] {processor.py:161} INFO - Started process (PID=337) to work on /opt/airflow/dags/exampledag.py
[2025-04-27T23:18:38.055+0000] {processor.py:830} INFO - Processing file /opt/airflow/dags/exampledag.py for tasks to queue
[2025-04-27T23:18:38.057+0000] {logging_mixin.py:188} INFO - [2025-04-27T23:18:38.056+0000] {dagbag.py:538} INFO - Filling up the DagBag from /opt/airflow/dags/exampledag.py
[2025-04-27T23:18:38.096+0000] {processor.py:840} INFO - DAG(s) 'chethan_test_dag' retrieved from /opt/airflow/dags/exampledag.py
[2025-04-27T23:18:38.124+0000] {logging_mixin.py:188} INFO - [2025-04-27T23:18:38.123+0000] {dag.py:3036} INFO - Sync 1 DAGs
[2025-04-27T23:18:38.145+0000] {logging_mixin.py:188} INFO - [2025-04-27T23:18:38.145+0000] {dag.py:3823} INFO - Setting next_dagrun for chethan_test_dag to 2025-04-26 00:00:00+00:00, run_after=2025-04-27 00:00:00+00:00
[2025-04-27T23:18:38.166+0000] {processor.py:183} INFO - Processing /opt/airflow/dags/exampledag.py took 0.116 seconds
[2025-04-27T23:19:08.632+0000] {processor.py:161} INFO - Started process (PID=380) to work on /opt/airflow/dags/exampledag.py
[2025-04-27T23:19:08.633+0000] {processor.py:830} INFO - Processing file /opt/airflow/dags/exampledag.py for tasks to queue
[2025-04-27T23:19:08.634+0000] {logging_mixin.py:188} INFO - [2025-04-27T23:19:08.634+0000] {dagbag.py:538} INFO - Filling up the DagBag from /opt/airflow/dags/exampledag.py
[2025-04-27T23:19:08.659+0000] {processor.py:840} INFO - DAG(s) 'chethan_test_dag' retrieved from /opt/airflow/dags/exampledag.py
[2025-04-27T23:19:08.678+0000] {logging_mixin.py:188} INFO - [2025-04-27T23:19:08.678+0000] {dag.py:3036} INFO - Sync 1 DAGs
[2025-04-27T23:19:08.695+0000] {logging_mixin.py:188} INFO - [2025-04-27T23:19:08.695+0000] {dag.py:3823} INFO - Setting next_dagrun for chethan_test_dag to 2025-04-26 00:00:00+00:00, run_after=2025-04-27 00:00:00+00:00
[2025-04-27T23:19:08.713+0000] {processor.py:183} INFO - Processing /opt/airflow/dags/exampledag.py took 0.083 seconds
[2025-04-27T23:19:39.371+0000] {processor.py:161} INFO - Started process (PID=423) to work on /opt/airflow/dags/exampledag.py
[2025-04-27T23:19:39.372+0000] {processor.py:830} INFO - Processing file /opt/airflow/dags/exampledag.py for tasks to queue
[2025-04-27T23:19:39.374+0000] {logging_mixin.py:188} INFO - [2025-04-27T23:19:39.373+0000] {dagbag.py:538} INFO - Filling up the DagBag from /opt/airflow/dags/exampledag.py
[2025-04-27T23:19:39.396+0000] {processor.py:840} INFO - DAG(s) 'chethan_test_dag' retrieved from /opt/airflow/dags/exampledag.py
[2025-04-27T23:19:39.414+0000] {logging_mixin.py:188} INFO - [2025-04-27T23:19:39.414+0000] {dag.py:3036} INFO - Sync 1 DAGs
[2025-04-27T23:19:39.431+0000] {logging_mixin.py:188} INFO - [2025-04-27T23:19:39.431+0000] {dag.py:3823} INFO - Setting next_dagrun for chethan_test_dag to 2025-04-26 00:00:00+00:00, run_after=2025-04-27 00:00:00+00:00
[2025-04-27T23:19:39.449+0000] {processor.py:183} INFO - Processing /opt/airflow/dags/exampledag.py took 0.080 seconds
[2025-04-27T23:20:10.113+0000] {processor.py:161} INFO - Started process (PID=469) to work on /opt/airflow/dags/exampledag.py
[2025-04-27T23:20:10.114+0000] {processor.py:830} INFO - Processing file /opt/airflow/dags/exampledag.py for tasks to queue
[2025-04-27T23:20:10.115+0000] {logging_mixin.py:188} INFO - [2025-04-27T23:20:10.114+0000] {dagbag.py:538} INFO - Filling up the DagBag from /opt/airflow/dags/exampledag.py
[2025-04-27T23:20:10.139+0000] {processor.py:840} INFO - DAG(s) 'chethan_test_dag' retrieved from /opt/airflow/dags/exampledag.py
[2025-04-27T23:20:10.158+0000] {logging_mixin.py:188} INFO - [2025-04-27T23:20:10.158+0000] {dag.py:3036} INFO - Sync 1 DAGs
[2025-04-27T23:20:10.175+0000] {logging_mixin.py:188} INFO - [2025-04-27T23:20:10.175+0000] {dag.py:3823} INFO - Setting next_dagrun for chethan_test_dag to 2025-04-26 00:00:00+00:00, run_after=2025-04-27 00:00:00+00:00
[2025-04-27T23:20:10.194+0000] {processor.py:183} INFO - Processing /opt/airflow/dags/exampledag.py took 0.084 seconds
[2025-04-27T23:20:40.951+0000] {processor.py:161} INFO - Started process (PID=512) to work on /opt/airflow/dags/exampledag.py
[2025-04-27T23:20:40.953+0000] {processor.py:830} INFO - Processing file /opt/airflow/dags/exampledag.py for tasks to queue
[2025-04-27T23:20:40.953+0000] {logging_mixin.py:188} INFO - [2025-04-27T23:20:40.953+0000] {dagbag.py:538} INFO - Filling up the DagBag from /opt/airflow/dags/exampledag.py
[2025-04-27T23:20:40.983+0000] {processor.py:840} INFO - DAG(s) 'chethan_test_dag' retrieved from /opt/airflow/dags/exampledag.py
[2025-04-27T23:20:41.004+0000] {logging_mixin.py:188} INFO - [2025-04-27T23:20:41.004+0000] {dag.py:3036} INFO - Sync 1 DAGs
[2025-04-27T23:20:41.022+0000] {logging_mixin.py:188} INFO - [2025-04-27T23:20:41.022+0000] {dag.py:3823} INFO - Setting next_dagrun for chethan_test_dag to 2025-04-26 00:00:00+00:00, run_after=2025-04-27 00:00:00+00:00
[2025-04-27T23:20:41.038+0000] {processor.py:183} INFO - Processing /opt/airflow/dags/exampledag.py took 0.089 seconds
[2025-04-27T23:21:11.873+0000] {processor.py:161} INFO - Started process (PID=555) to work on /opt/airflow/dags/exampledag.py
[2025-04-27T23:21:11.874+0000] {processor.py:830} INFO - Processing file /opt/airflow/dags/exampledag.py for tasks to queue
[2025-04-27T23:21:11.876+0000] {logging_mixin.py:188} INFO - [2025-04-27T23:21:11.875+0000] {dagbag.py:538} INFO - Filling up the DagBag from /opt/airflow/dags/exampledag.py
[2025-04-27T23:21:11.926+0000] {processor.py:840} INFO - DAG(s) 'chethan_test_dag' retrieved from /opt/airflow/dags/exampledag.py
[2025-04-27T23:21:11.956+0000] {logging_mixin.py:188} INFO - [2025-04-27T23:21:11.955+0000] {dag.py:3036} INFO - Sync 1 DAGs
[2025-04-27T23:21:11.985+0000] {logging_mixin.py:188} INFO - [2025-04-27T23:21:11.985+0000] {dag.py:3823} INFO - Setting next_dagrun for chethan_test_dag to 2025-04-26 00:00:00+00:00, run_after=2025-04-27 00:00:00+00:00
[2025-04-27T23:21:12.003+0000] {processor.py:183} INFO - Processing /opt/airflow/dags/exampledag.py took 0.134 seconds
[2025-04-27T23:21:42.568+0000] {processor.py:161} INFO - Started process (PID=598) to work on /opt/airflow/dags/exampledag.py
[2025-04-27T23:21:42.569+0000] {processor.py:830} INFO - Processing file /opt/airflow/dags/exampledag.py for tasks to queue
[2025-04-27T23:21:42.571+0000] {logging_mixin.py:188} INFO - [2025-04-27T23:21:42.570+0000] {dagbag.py:538} INFO - Filling up the DagBag from /opt/airflow/dags/exampledag.py
[2025-04-27T23:21:42.612+0000] {processor.py:840} INFO - DAG(s) 'chethan_test_dag' retrieved from /opt/airflow/dags/exampledag.py
[2025-04-27T23:21:42.636+0000] {logging_mixin.py:188} INFO - [2025-04-27T23:21:42.636+0000] {dag.py:3036} INFO - Sync 1 DAGs
[2025-04-27T23:21:42.656+0000] {logging_mixin.py:188} INFO - [2025-04-27T23:21:42.656+0000] {dag.py:3823} INFO - Setting next_dagrun for chethan_test_dag to 2025-04-26 00:00:00+00:00, run_after=2025-04-27 00:00:00+00:00
[2025-04-27T23:21:42.676+0000] {processor.py:183} INFO - Processing /opt/airflow/dags/exampledag.py took 0.110 seconds
[2025-04-27T23:22:13.546+0000] {processor.py:161} INFO - Started process (PID=641) to work on /opt/airflow/dags/exampledag.py
[2025-04-27T23:22:13.547+0000] {processor.py:830} INFO - Processing file /opt/airflow/dags/exampledag.py for tasks to queue
[2025-04-27T23:22:13.548+0000] {logging_mixin.py:188} INFO - [2025-04-27T23:22:13.548+0000] {dagbag.py:538} INFO - Filling up the DagBag from /opt/airflow/dags/exampledag.py
[2025-04-27T23:22:13.577+0000] {processor.py:840} INFO - DAG(s) 'chethan_test_dag' retrieved from /opt/airflow/dags/exampledag.py
[2025-04-27T23:22:13.598+0000] {logging_mixin.py:188} INFO - [2025-04-27T23:22:13.597+0000] {dag.py:3036} INFO - Sync 1 DAGs
[2025-04-27T23:22:13.616+0000] {logging_mixin.py:188} INFO - [2025-04-27T23:22:13.616+0000] {dag.py:3823} INFO - Setting next_dagrun for chethan_test_dag to 2025-04-26 00:00:00+00:00, run_after=2025-04-27 00:00:00+00:00
[2025-04-27T23:22:13.647+0000] {processor.py:183} INFO - Processing /opt/airflow/dags/exampledag.py took 0.105 seconds
[2025-04-27T23:22:44.314+0000] {processor.py:161} INFO - Started process (PID=684) to work on /opt/airflow/dags/exampledag.py
[2025-04-27T23:22:44.315+0000] {processor.py:830} INFO - Processing file /opt/airflow/dags/exampledag.py for tasks to queue
[2025-04-27T23:22:44.316+0000] {logging_mixin.py:188} INFO - [2025-04-27T23:22:44.316+0000] {dagbag.py:538} INFO - Filling up the DagBag from /opt/airflow/dags/exampledag.py
[2025-04-27T23:22:44.352+0000] {processor.py:840} INFO - DAG(s) 'chethan_test_dag' retrieved from /opt/airflow/dags/exampledag.py
[2025-04-27T23:22:44.378+0000] {logging_mixin.py:188} INFO - [2025-04-27T23:22:44.378+0000] {dag.py:3036} INFO - Sync 1 DAGs
[2025-04-27T23:22:44.403+0000] {logging_mixin.py:188} INFO - [2025-04-27T23:22:44.402+0000] {dag.py:3823} INFO - Setting next_dagrun for chethan_test_dag to 2025-04-26 00:00:00+00:00, run_after=2025-04-27 00:00:00+00:00
[2025-04-27T23:22:44.435+0000] {processor.py:183} INFO - Processing /opt/airflow/dags/exampledag.py took 0.125 seconds
[2025-04-27T23:23:15.491+0000] {processor.py:161} INFO - Started process (PID=725) to work on /opt/airflow/dags/exampledag.py
[2025-04-27T23:23:15.492+0000] {processor.py:830} INFO - Processing file /opt/airflow/dags/exampledag.py for tasks to queue
[2025-04-27T23:23:15.494+0000] {logging_mixin.py:188} INFO - [2025-04-27T23:23:15.493+0000] {dagbag.py:538} INFO - Filling up the DagBag from /opt/airflow/dags/exampledag.py
[2025-04-27T23:23:15.529+0000] {processor.py:840} INFO - DAG(s) 'chethan_test_dag' retrieved from /opt/airflow/dags/exampledag.py
[2025-04-27T23:23:15.569+0000] {logging_mixin.py:188} INFO - [2025-04-27T23:23:15.569+0000] {dag.py:3036} INFO - Sync 1 DAGs
[2025-04-27T23:23:15.613+0000] {logging_mixin.py:188} INFO - [2025-04-27T23:23:15.612+0000] {dag.py:3823} INFO - Setting next_dagrun for chethan_test_dag to 2025-04-26 00:00:00+00:00, run_after=2025-04-27 00:00:00+00:00
[2025-04-27T23:23:15.643+0000] {processor.py:183} INFO - Processing /opt/airflow/dags/exampledag.py took 0.156 seconds
[2025-04-27T23:23:46.331+0000] {processor.py:161} INFO - Started process (PID=770) to work on /opt/airflow/dags/exampledag.py
[2025-04-27T23:23:46.334+0000] {processor.py:830} INFO - Processing file /opt/airflow/dags/exampledag.py for tasks to queue
[2025-04-27T23:23:46.337+0000] {logging_mixin.py:188} INFO - [2025-04-27T23:23:46.336+0000] {dagbag.py:538} INFO - Filling up the DagBag from /opt/airflow/dags/exampledag.py
[2025-04-27T23:23:46.389+0000] {processor.py:840} INFO - DAG(s) 'chethan_test_dag' retrieved from /opt/airflow/dags/exampledag.py
[2025-04-27T23:23:46.422+0000] {logging_mixin.py:188} INFO - [2025-04-27T23:23:46.422+0000] {dag.py:3036} INFO - Sync 1 DAGs
[2025-04-27T23:23:46.447+0000] {logging_mixin.py:188} INFO - [2025-04-27T23:23:46.446+0000] {dag.py:3823} INFO - Setting next_dagrun for chethan_test_dag to 2025-04-26 00:00:00+00:00, run_after=2025-04-27 00:00:00+00:00
[2025-04-27T23:23:46.469+0000] {processor.py:183} INFO - Processing /opt/airflow/dags/exampledag.py took 0.141 seconds
[2025-04-27T23:24:16.859+0000] {processor.py:161} INFO - Started process (PID=813) to work on /opt/airflow/dags/exampledag.py
[2025-04-27T23:24:16.861+0000] {processor.py:830} INFO - Processing file /opt/airflow/dags/exampledag.py for tasks to queue
[2025-04-27T23:24:16.862+0000] {logging_mixin.py:188} INFO - [2025-04-27T23:24:16.862+0000] {dagbag.py:538} INFO - Filling up the DagBag from /opt/airflow/dags/exampledag.py
[2025-04-27T23:24:16.905+0000] {processor.py:840} INFO - DAG(s) 'chethan_test_dag' retrieved from /opt/airflow/dags/exampledag.py
[2025-04-27T23:24:16.943+0000] {logging_mixin.py:188} INFO - [2025-04-27T23:24:16.943+0000] {dag.py:3036} INFO - Sync 1 DAGs
[2025-04-27T23:24:16.969+0000] {logging_mixin.py:188} INFO - [2025-04-27T23:24:16.969+0000] {dag.py:3823} INFO - Setting next_dagrun for chethan_test_dag to 2025-04-26 00:00:00+00:00, run_after=2025-04-27 00:00:00+00:00
[2025-04-27T23:24:17.000+0000] {processor.py:183} INFO - Processing /opt/airflow/dags/exampledag.py took 0.144 seconds
[2025-04-27T23:24:47.619+0000] {processor.py:161} INFO - Started process (PID=856) to work on /opt/airflow/dags/exampledag.py
[2025-04-27T23:24:47.620+0000] {processor.py:830} INFO - Processing file /opt/airflow/dags/exampledag.py for tasks to queue
[2025-04-27T23:24:47.621+0000] {logging_mixin.py:188} INFO - [2025-04-27T23:24:47.621+0000] {dagbag.py:538} INFO - Filling up the DagBag from /opt/airflow/dags/exampledag.py
[2025-04-27T23:24:47.642+0000] {processor.py:840} INFO - DAG(s) 'chethan_test_dag' retrieved from /opt/airflow/dags/exampledag.py
[2025-04-27T23:24:47.660+0000] {logging_mixin.py:188} INFO - [2025-04-27T23:24:47.660+0000] {dag.py:3036} INFO - Sync 1 DAGs
[2025-04-27T23:24:47.677+0000] {logging_mixin.py:188} INFO - [2025-04-27T23:24:47.676+0000] {dag.py:3823} INFO - Setting next_dagrun for chethan_test_dag to 2025-04-26 00:00:00+00:00, run_after=2025-04-27 00:00:00+00:00
[2025-04-27T23:24:47.692+0000] {processor.py:183} INFO - Processing /opt/airflow/dags/exampledag.py took 0.077 seconds
[2025-04-27T23:25:17.782+0000] {processor.py:161} INFO - Started process (PID=896) to work on /opt/airflow/dags/exampledag.py
[2025-04-27T23:25:17.783+0000] {processor.py:830} INFO - Processing file /opt/airflow/dags/exampledag.py for tasks to queue
[2025-04-27T23:25:17.784+0000] {logging_mixin.py:188} INFO - [2025-04-27T23:25:17.784+0000] {dagbag.py:538} INFO - Filling up the DagBag from /opt/airflow/dags/exampledag.py
[2025-04-27T23:25:17.810+0000] {processor.py:840} INFO - DAG(s) 'chethan_test_dag' retrieved from /opt/airflow/dags/exampledag.py
[2025-04-27T23:25:17.834+0000] {logging_mixin.py:188} INFO - [2025-04-27T23:25:17.834+0000] {dag.py:3036} INFO - Sync 1 DAGs
[2025-04-27T23:25:17.855+0000] {logging_mixin.py:188} INFO - [2025-04-27T23:25:17.855+0000] {dag.py:3823} INFO - Setting next_dagrun for chethan_test_dag to 2025-04-26 00:00:00+00:00, run_after=2025-04-27 00:00:00+00:00
[2025-04-27T23:25:17.881+0000] {processor.py:183} INFO - Processing /opt/airflow/dags/exampledag.py took 0.102 seconds
[2025-04-27T23:25:49.379+0000] {processor.py:161} INFO - Started process (PID=942) to work on /opt/airflow/dags/exampledag.py
[2025-04-27T23:25:49.380+0000] {processor.py:830} INFO - Processing file /opt/airflow/dags/exampledag.py for tasks to queue
[2025-04-27T23:25:49.381+0000] {logging_mixin.py:188} INFO - [2025-04-27T23:25:49.380+0000] {dagbag.py:538} INFO - Filling up the DagBag from /opt/airflow/dags/exampledag.py
[2025-04-27T23:25:49.411+0000] {processor.py:840} INFO - DAG(s) 'chethan_test_dag' retrieved from /opt/airflow/dags/exampledag.py
[2025-04-27T23:25:49.428+0000] {logging_mixin.py:188} INFO - [2025-04-27T23:25:49.428+0000] {dag.py:3036} INFO - Sync 1 DAGs
[2025-04-27T23:25:49.444+0000] {logging_mixin.py:188} INFO - [2025-04-27T23:25:49.444+0000] {dag.py:3823} INFO - Setting next_dagrun for chethan_test_dag to 2025-04-26 00:00:00+00:00, run_after=2025-04-27 00:00:00+00:00
[2025-04-27T23:25:49.462+0000] {processor.py:183} INFO - Processing /opt/airflow/dags/exampledag.py took 0.086 seconds
[2025-04-27T23:26:20.294+0000] {processor.py:161} INFO - Started process (PID=985) to work on /opt/airflow/dags/exampledag.py
[2025-04-27T23:26:20.295+0000] {processor.py:830} INFO - Processing file /opt/airflow/dags/exampledag.py for tasks to queue
[2025-04-27T23:26:20.296+0000] {logging_mixin.py:188} INFO - [2025-04-27T23:26:20.295+0000] {dagbag.py:538} INFO - Filling up the DagBag from /opt/airflow/dags/exampledag.py
[2025-04-27T23:26:20.319+0000] {processor.py:840} INFO - DAG(s) 'chethan_test_dag' retrieved from /opt/airflow/dags/exampledag.py
[2025-04-27T23:26:20.340+0000] {logging_mixin.py:188} INFO - [2025-04-27T23:26:20.339+0000] {dag.py:3036} INFO - Sync 1 DAGs
[2025-04-27T23:26:20.357+0000] {logging_mixin.py:188} INFO - [2025-04-27T23:26:20.357+0000] {dag.py:3823} INFO - Setting next_dagrun for chethan_test_dag to 2025-04-26 00:00:00+00:00, run_after=2025-04-27 00:00:00+00:00
[2025-04-27T23:26:20.372+0000] {processor.py:183} INFO - Processing /opt/airflow/dags/exampledag.py took 0.082 seconds
[2025-04-27T23:26:51.236+0000] {processor.py:161} INFO - Started process (PID=1028) to work on /opt/airflow/dags/exampledag.py
[2025-04-27T23:26:51.237+0000] {processor.py:830} INFO - Processing file /opt/airflow/dags/exampledag.py for tasks to queue
[2025-04-27T23:26:51.239+0000] {logging_mixin.py:188} INFO - [2025-04-27T23:26:51.239+0000] {dagbag.py:538} INFO - Filling up the DagBag from /opt/airflow/dags/exampledag.py
[2025-04-27T23:26:51.283+0000] {processor.py:840} INFO - DAG(s) 'chethan_test_dag' retrieved from /opt/airflow/dags/exampledag.py
[2025-04-27T23:26:51.333+0000] {logging_mixin.py:188} INFO - [2025-04-27T23:26:51.332+0000] {dag.py:3036} INFO - Sync 1 DAGs
[2025-04-27T23:26:51.372+0000] {logging_mixin.py:188} INFO - [2025-04-27T23:26:51.372+0000] {dag.py:3823} INFO - Setting next_dagrun for chethan_test_dag to 2025-04-26 00:00:00+00:00, run_after=2025-04-27 00:00:00+00:00
[2025-04-27T23:26:51.423+0000] {processor.py:183} INFO - Processing /opt/airflow/dags/exampledag.py took 0.190 seconds
[2025-04-27T23:27:22.256+0000] {processor.py:161} INFO - Started process (PID=1071) to work on /opt/airflow/dags/exampledag.py
[2025-04-27T23:27:22.258+0000] {processor.py:830} INFO - Processing file /opt/airflow/dags/exampledag.py for tasks to queue
[2025-04-27T23:27:22.260+0000] {logging_mixin.py:188} INFO - [2025-04-27T23:27:22.259+0000] {dagbag.py:538} INFO - Filling up the DagBag from /opt/airflow/dags/exampledag.py
[2025-04-27T23:27:22.296+0000] {processor.py:840} INFO - DAG(s) 'chethan_test_dag' retrieved from /opt/airflow/dags/exampledag.py
[2025-04-27T23:27:22.316+0000] {logging_mixin.py:188} INFO - [2025-04-27T23:27:22.316+0000] {dag.py:3036} INFO - Sync 1 DAGs
[2025-04-27T23:27:22.333+0000] {logging_mixin.py:188} INFO - [2025-04-27T23:27:22.333+0000] {dag.py:3823} INFO - Setting next_dagrun for chethan_test_dag to 2025-04-26 00:00:00+00:00, run_after=2025-04-27 00:00:00+00:00
[2025-04-27T23:27:22.352+0000] {processor.py:183} INFO - Processing /opt/airflow/dags/exampledag.py took 0.099 seconds
[2025-04-27T23:27:52.982+0000] {processor.py:161} INFO - Started process (PID=1114) to work on /opt/airflow/dags/exampledag.py
[2025-04-27T23:27:52.983+0000] {processor.py:830} INFO - Processing file /opt/airflow/dags/exampledag.py for tasks to queue
[2025-04-27T23:27:52.985+0000] {logging_mixin.py:188} INFO - [2025-04-27T23:27:52.984+0000] {dagbag.py:538} INFO - Filling up the DagBag from /opt/airflow/dags/exampledag.py
[2025-04-27T23:27:53.013+0000] {processor.py:840} INFO - DAG(s) 'chethan_test_dag' retrieved from /opt/airflow/dags/exampledag.py
[2025-04-27T23:27:53.031+0000] {logging_mixin.py:188} INFO - [2025-04-27T23:27:53.031+0000] {dag.py:3036} INFO - Sync 1 DAGs
[2025-04-27T23:27:53.048+0000] {logging_mixin.py:188} INFO - [2025-04-27T23:27:53.048+0000] {dag.py:3823} INFO - Setting next_dagrun for chethan_test_dag to 2025-04-26 00:00:00+00:00, run_after=2025-04-27 00:00:00+00:00
[2025-04-27T23:27:53.064+0000] {processor.py:183} INFO - Processing /opt/airflow/dags/exampledag.py took 0.085 seconds
[2025-04-27T23:28:23.559+0000] {processor.py:161} INFO - Started process (PID=1154) to work on /opt/airflow/dags/exampledag.py
[2025-04-27T23:28:23.560+0000] {processor.py:830} INFO - Processing file /opt/airflow/dags/exampledag.py for tasks to queue
[2025-04-27T23:28:23.562+0000] {logging_mixin.py:188} INFO - [2025-04-27T23:28:23.562+0000] {dagbag.py:538} INFO - Filling up the DagBag from /opt/airflow/dags/exampledag.py
[2025-04-27T23:28:23.601+0000] {processor.py:840} INFO - DAG(s) 'chethan_test_dag' retrieved from /opt/airflow/dags/exampledag.py
[2025-04-27T23:28:23.631+0000] {logging_mixin.py:188} INFO - [2025-04-27T23:28:23.630+0000] {dag.py:3036} INFO - Sync 1 DAGs
[2025-04-27T23:28:23.653+0000] {logging_mixin.py:188} INFO - [2025-04-27T23:28:23.652+0000] {dag.py:3823} INFO - Setting next_dagrun for chethan_test_dag to 2025-04-26 00:00:00+00:00, run_after=2025-04-27 00:00:00+00:00
[2025-04-27T23:28:23.677+0000] {processor.py:183} INFO - Processing /opt/airflow/dags/exampledag.py took 0.122 seconds
[2025-04-27T23:28:55.280+0000] {processor.py:161} INFO - Started process (PID=1200) to work on /opt/airflow/dags/exampledag.py
[2025-04-27T23:28:55.281+0000] {processor.py:830} INFO - Processing file /opt/airflow/dags/exampledag.py for tasks to queue
[2025-04-27T23:28:55.282+0000] {logging_mixin.py:188} INFO - [2025-04-27T23:28:55.282+0000] {dagbag.py:538} INFO - Filling up the DagBag from /opt/airflow/dags/exampledag.py
[2025-04-27T23:28:55.307+0000] {processor.py:840} INFO - DAG(s) 'chethan_test_dag' retrieved from /opt/airflow/dags/exampledag.py
[2025-04-27T23:28:55.331+0000] {logging_mixin.py:188} INFO - [2025-04-27T23:28:55.331+0000] {dag.py:3036} INFO - Sync 1 DAGs
[2025-04-27T23:28:55.355+0000] {logging_mixin.py:188} INFO - [2025-04-27T23:28:55.354+0000] {dag.py:3823} INFO - Setting next_dagrun for chethan_test_dag to 2025-04-26 00:00:00+00:00, run_after=2025-04-27 00:00:00+00:00
[2025-04-27T23:28:55.377+0000] {processor.py:183} INFO - Processing /opt/airflow/dags/exampledag.py took 0.100 seconds
[2025-04-27T23:29:25.842+0000] {processor.py:161} INFO - Started process (PID=1243) to work on /opt/airflow/dags/exampledag.py
[2025-04-27T23:29:25.843+0000] {processor.py:830} INFO - Processing file /opt/airflow/dags/exampledag.py for tasks to queue
[2025-04-27T23:29:25.844+0000] {logging_mixin.py:188} INFO - [2025-04-27T23:29:25.844+0000] {dagbag.py:538} INFO - Filling up the DagBag from /opt/airflow/dags/exampledag.py
[2025-04-27T23:29:25.870+0000] {processor.py:840} INFO - DAG(s) 'chethan_test_dag' retrieved from /opt/airflow/dags/exampledag.py
[2025-04-27T23:29:25.889+0000] {logging_mixin.py:188} INFO - [2025-04-27T23:29:25.889+0000] {dag.py:3036} INFO - Sync 1 DAGs
[2025-04-27T23:29:25.906+0000] {logging_mixin.py:188} INFO - [2025-04-27T23:29:25.906+0000] {dag.py:3823} INFO - Setting next_dagrun for chethan_test_dag to 2025-04-26 00:00:00+00:00, run_after=2025-04-27 00:00:00+00:00
[2025-04-27T23:29:25.922+0000] {processor.py:183} INFO - Processing /opt/airflow/dags/exampledag.py took 0.083 seconds
[2025-04-27T23:29:56.252+0000] {processor.py:161} INFO - Started process (PID=1286) to work on /opt/airflow/dags/exampledag.py
[2025-04-27T23:29:56.253+0000] {processor.py:830} INFO - Processing file /opt/airflow/dags/exampledag.py for tasks to queue
[2025-04-27T23:29:56.254+0000] {logging_mixin.py:188} INFO - [2025-04-27T23:29:56.254+0000] {dagbag.py:538} INFO - Filling up the DagBag from /opt/airflow/dags/exampledag.py
[2025-04-27T23:29:56.280+0000] {processor.py:840} INFO - DAG(s) 'chethan_test_dag' retrieved from /opt/airflow/dags/exampledag.py
[2025-04-27T23:29:56.300+0000] {logging_mixin.py:188} INFO - [2025-04-27T23:29:56.300+0000] {dag.py:3036} INFO - Sync 1 DAGs
[2025-04-27T23:29:56.316+0000] {logging_mixin.py:188} INFO - [2025-04-27T23:29:56.316+0000] {dag.py:3823} INFO - Setting next_dagrun for chethan_test_dag to 2025-04-26 00:00:00+00:00, run_after=2025-04-27 00:00:00+00:00
[2025-04-27T23:29:56.333+0000] {processor.py:183} INFO - Processing /opt/airflow/dags/exampledag.py took 0.084 seconds
[2025-04-27T23:30:27.039+0000] {processor.py:161} INFO - Started process (PID=1329) to work on /opt/airflow/dags/exampledag.py
[2025-04-27T23:30:27.040+0000] {processor.py:830} INFO - Processing file /opt/airflow/dags/exampledag.py for tasks to queue
[2025-04-27T23:30:27.041+0000] {logging_mixin.py:188} INFO - [2025-04-27T23:30:27.040+0000] {dagbag.py:538} INFO - Filling up the DagBag from /opt/airflow/dags/exampledag.py
[2025-04-27T23:30:27.079+0000] {processor.py:840} INFO - DAG(s) 'chethan_test_dag' retrieved from /opt/airflow/dags/exampledag.py
[2025-04-27T23:30:27.100+0000] {logging_mixin.py:188} INFO - [2025-04-27T23:30:27.100+0000] {dag.py:3036} INFO - Sync 1 DAGs
[2025-04-27T23:30:27.119+0000] {logging_mixin.py:188} INFO - [2025-04-27T23:30:27.119+0000] {dag.py:3823} INFO - Setting next_dagrun for chethan_test_dag to 2025-04-26 00:00:00+00:00, run_after=2025-04-27 00:00:00+00:00
[2025-04-27T23:30:27.135+0000] {processor.py:183} INFO - Processing /opt/airflow/dags/exampledag.py took 0.099 seconds
[2025-04-27T23:30:57.749+0000] {processor.py:161} INFO - Started process (PID=1372) to work on /opt/airflow/dags/exampledag.py
[2025-04-27T23:30:57.750+0000] {processor.py:830} INFO - Processing file /opt/airflow/dags/exampledag.py for tasks to queue
[2025-04-27T23:30:57.751+0000] {logging_mixin.py:188} INFO - [2025-04-27T23:30:57.751+0000] {dagbag.py:538} INFO - Filling up the DagBag from /opt/airflow/dags/exampledag.py
[2025-04-27T23:30:57.775+0000] {processor.py:840} INFO - DAG(s) 'chethan_test_dag' retrieved from /opt/airflow/dags/exampledag.py
[2025-04-27T23:30:57.797+0000] {logging_mixin.py:188} INFO - [2025-04-27T23:30:57.797+0000] {dag.py:3036} INFO - Sync 1 DAGs
[2025-04-27T23:30:57.814+0000] {logging_mixin.py:188} INFO - [2025-04-27T23:30:57.814+0000] {dag.py:3823} INFO - Setting next_dagrun for chethan_test_dag to 2025-04-26 00:00:00+00:00, run_after=2025-04-27 00:00:00+00:00
[2025-04-27T23:30:57.831+0000] {processor.py:183} INFO - Processing /opt/airflow/dags/exampledag.py took 0.086 seconds
[2025-04-27T23:31:28.643+0000] {processor.py:161} INFO - Started process (PID=1415) to work on /opt/airflow/dags/exampledag.py
[2025-04-27T23:31:28.644+0000] {processor.py:830} INFO - Processing file /opt/airflow/dags/exampledag.py for tasks to queue
[2025-04-27T23:31:28.645+0000] {logging_mixin.py:188} INFO - [2025-04-27T23:31:28.645+0000] {dagbag.py:538} INFO - Filling up the DagBag from /opt/airflow/dags/exampledag.py
[2025-04-27T23:31:28.674+0000] {processor.py:840} INFO - DAG(s) 'chethan_test_dag' retrieved from /opt/airflow/dags/exampledag.py
[2025-04-27T23:31:28.694+0000] {logging_mixin.py:188} INFO - [2025-04-27T23:31:28.694+0000] {dag.py:3036} INFO - Sync 1 DAGs
[2025-04-27T23:31:28.711+0000] {logging_mixin.py:188} INFO - [2025-04-27T23:31:28.711+0000] {dag.py:3823} INFO - Setting next_dagrun for chethan_test_dag to 2025-04-26 00:00:00+00:00, run_after=2025-04-27 00:00:00+00:00
[2025-04-27T23:31:28.728+0000] {processor.py:183} INFO - Processing /opt/airflow/dags/exampledag.py took 0.088 seconds
[2025-04-27T23:31:59.227+0000] {processor.py:161} INFO - Started process (PID=1458) to work on /opt/airflow/dags/exampledag.py
[2025-04-27T23:31:59.228+0000] {processor.py:830} INFO - Processing file /opt/airflow/dags/exampledag.py for tasks to queue
[2025-04-27T23:31:59.229+0000] {logging_mixin.py:188} INFO - [2025-04-27T23:31:59.229+0000] {dagbag.py:538} INFO - Filling up the DagBag from /opt/airflow/dags/exampledag.py
[2025-04-27T23:31:59.256+0000] {processor.py:840} INFO - DAG(s) 'chethan_test_dag' retrieved from /opt/airflow/dags/exampledag.py
[2025-04-27T23:31:59.276+0000] {logging_mixin.py:188} INFO - [2025-04-27T23:31:59.275+0000] {dag.py:3036} INFO - Sync 1 DAGs
[2025-04-27T23:31:59.294+0000] {logging_mixin.py:188} INFO - [2025-04-27T23:31:59.294+0000] {dag.py:3823} INFO - Setting next_dagrun for chethan_test_dag to 2025-04-26 00:00:00+00:00, run_after=2025-04-27 00:00:00+00:00
[2025-04-27T23:31:59.309+0000] {processor.py:183} INFO - Processing /opt/airflow/dags/exampledag.py took 0.085 seconds
[2025-04-27T23:32:29.936+0000] {processor.py:161} INFO - Started process (PID=1501) to work on /opt/airflow/dags/exampledag.py
[2025-04-27T23:32:29.938+0000] {processor.py:830} INFO - Processing file /opt/airflow/dags/exampledag.py for tasks to queue
[2025-04-27T23:32:29.940+0000] {logging_mixin.py:188} INFO - [2025-04-27T23:32:29.939+0000] {dagbag.py:538} INFO - Filling up the DagBag from /opt/airflow/dags/exampledag.py
[2025-04-27T23:32:29.964+0000] {processor.py:840} INFO - DAG(s) 'chethan_test_dag' retrieved from /opt/airflow/dags/exampledag.py
[2025-04-27T23:32:29.991+0000] {logging_mixin.py:188} INFO - [2025-04-27T23:32:29.991+0000] {dag.py:3036} INFO - Sync 1 DAGs
[2025-04-27T23:32:30.017+0000] {logging_mixin.py:188} INFO - [2025-04-27T23:32:30.016+0000] {dag.py:3823} INFO - Setting next_dagrun for chethan_test_dag to 2025-04-26 00:00:00+00:00, run_after=2025-04-27 00:00:00+00:00
[2025-04-27T23:32:30.039+0000] {processor.py:183} INFO - Processing /opt/airflow/dags/exampledag.py took 0.106 seconds
[2025-04-27T23:33:00.609+0000] {processor.py:161} INFO - Started process (PID=1544) to work on /opt/airflow/dags/exampledag.py
[2025-04-27T23:33:00.610+0000] {processor.py:830} INFO - Processing file /opt/airflow/dags/exampledag.py for tasks to queue
[2025-04-27T23:33:00.612+0000] {logging_mixin.py:188} INFO - [2025-04-27T23:33:00.612+0000] {dagbag.py:538} INFO - Filling up the DagBag from /opt/airflow/dags/exampledag.py
[2025-04-27T23:33:00.640+0000] {processor.py:840} INFO - DAG(s) 'chethan_test_dag' retrieved from /opt/airflow/dags/exampledag.py
[2025-04-27T23:33:00.671+0000] {logging_mixin.py:188} INFO - [2025-04-27T23:33:00.671+0000] {dag.py:3036} INFO - Sync 1 DAGs
[2025-04-27T23:33:00.692+0000] {logging_mixin.py:188} INFO - [2025-04-27T23:33:00.691+0000] {dag.py:3823} INFO - Setting next_dagrun for chethan_test_dag to 2025-04-26 00:00:00+00:00, run_after=2025-04-27 00:00:00+00:00
[2025-04-27T23:33:00.712+0000] {processor.py:183} INFO - Processing /opt/airflow/dags/exampledag.py took 0.106 seconds
[2025-04-27T23:33:31.202+0000] {processor.py:161} INFO - Started process (PID=1587) to work on /opt/airflow/dags/exampledag.py
[2025-04-27T23:33:31.203+0000] {processor.py:830} INFO - Processing file /opt/airflow/dags/exampledag.py for tasks to queue
[2025-04-27T23:33:31.204+0000] {logging_mixin.py:188} INFO - [2025-04-27T23:33:31.203+0000] {dagbag.py:538} INFO - Filling up the DagBag from /opt/airflow/dags/exampledag.py
[2025-04-27T23:33:31.229+0000] {processor.py:840} INFO - DAG(s) 'chethan_test_dag' retrieved from /opt/airflow/dags/exampledag.py
[2025-04-27T23:33:31.253+0000] {logging_mixin.py:188} INFO - [2025-04-27T23:33:31.253+0000] {dag.py:3036} INFO - Sync 1 DAGs
[2025-04-27T23:33:31.273+0000] {logging_mixin.py:188} INFO - [2025-04-27T23:33:31.273+0000] {dag.py:3823} INFO - Setting next_dagrun for chethan_test_dag to 2025-04-26 00:00:00+00:00, run_after=2025-04-27 00:00:00+00:00
[2025-04-27T23:33:31.294+0000] {processor.py:183} INFO - Processing /opt/airflow/dags/exampledag.py took 0.094 seconds
[2025-04-27T23:34:01.962+0000] {processor.py:161} INFO - Started process (PID=1630) to work on /opt/airflow/dags/exampledag.py
[2025-04-27T23:34:01.963+0000] {processor.py:830} INFO - Processing file /opt/airflow/dags/exampledag.py for tasks to queue
[2025-04-27T23:34:01.965+0000] {logging_mixin.py:188} INFO - [2025-04-27T23:34:01.965+0000] {dagbag.py:538} INFO - Filling up the DagBag from /opt/airflow/dags/exampledag.py
[2025-04-27T23:34:02.003+0000] {processor.py:840} INFO - DAG(s) 'chethan_test_dag' retrieved from /opt/airflow/dags/exampledag.py
[2025-04-27T23:34:02.037+0000] {logging_mixin.py:188} INFO - [2025-04-27T23:34:02.037+0000] {dag.py:3036} INFO - Sync 1 DAGs
[2025-04-27T23:34:02.067+0000] {logging_mixin.py:188} INFO - [2025-04-27T23:34:02.067+0000] {dag.py:3823} INFO - Setting next_dagrun for chethan_test_dag to 2025-04-26 00:00:00+00:00, run_after=2025-04-27 00:00:00+00:00
[2025-04-27T23:34:02.109+0000] {processor.py:183} INFO - Processing /opt/airflow/dags/exampledag.py took 0.152 seconds
[2025-04-27T23:34:32.997+0000] {processor.py:161} INFO - Started process (PID=1671) to work on /opt/airflow/dags/exampledag.py
[2025-04-27T23:34:32.999+0000] {processor.py:830} INFO - Processing file /opt/airflow/dags/exampledag.py for tasks to queue
[2025-04-27T23:34:33.000+0000] {logging_mixin.py:188} INFO - [2025-04-27T23:34:33.000+0000] {dagbag.py:538} INFO - Filling up the DagBag from /opt/airflow/dags/exampledag.py
[2025-04-27T23:34:33.039+0000] {processor.py:840} INFO - DAG(s) 'chethan_test_dag' retrieved from /opt/airflow/dags/exampledag.py
[2025-04-27T23:34:33.072+0000] {logging_mixin.py:188} INFO - [2025-04-27T23:34:33.072+0000] {dag.py:3036} INFO - Sync 1 DAGs
[2025-04-27T23:34:33.101+0000] {logging_mixin.py:188} INFO - [2025-04-27T23:34:33.101+0000] {dag.py:3823} INFO - Setting next_dagrun for chethan_test_dag to 2025-04-26 00:00:00+00:00, run_after=2025-04-27 00:00:00+00:00
[2025-04-27T23:34:33.138+0000] {processor.py:183} INFO - Processing /opt/airflow/dags/exampledag.py took 0.148 seconds
[2025-04-27T23:35:03.814+0000] {processor.py:161} INFO - Started process (PID=1716) to work on /opt/airflow/dags/exampledag.py
[2025-04-27T23:35:03.815+0000] {processor.py:830} INFO - Processing file /opt/airflow/dags/exampledag.py for tasks to queue
[2025-04-27T23:35:03.816+0000] {logging_mixin.py:188} INFO - [2025-04-27T23:35:03.816+0000] {dagbag.py:538} INFO - Filling up the DagBag from /opt/airflow/dags/exampledag.py
[2025-04-27T23:35:03.852+0000] {processor.py:840} INFO - DAG(s) 'chethan_test_dag' retrieved from /opt/airflow/dags/exampledag.py
[2025-04-27T23:35:03.880+0000] {logging_mixin.py:188} INFO - [2025-04-27T23:35:03.880+0000] {dag.py:3036} INFO - Sync 1 DAGs
[2025-04-27T23:35:03.904+0000] {logging_mixin.py:188} INFO - [2025-04-27T23:35:03.903+0000] {dag.py:3823} INFO - Setting next_dagrun for chethan_test_dag to 2025-04-26 00:00:00+00:00, run_after=2025-04-27 00:00:00+00:00
[2025-04-27T23:35:03.931+0000] {processor.py:183} INFO - Processing /opt/airflow/dags/exampledag.py took 0.123 seconds
[2025-04-27T23:35:34.435+0000] {processor.py:161} INFO - Started process (PID=1759) to work on /opt/airflow/dags/exampledag.py
[2025-04-27T23:35:34.438+0000] {processor.py:830} INFO - Processing file /opt/airflow/dags/exampledag.py for tasks to queue
[2025-04-27T23:35:34.439+0000] {logging_mixin.py:188} INFO - [2025-04-27T23:35:34.439+0000] {dagbag.py:538} INFO - Filling up the DagBag from /opt/airflow/dags/exampledag.py
[2025-04-27T23:35:34.464+0000] {processor.py:840} INFO - DAG(s) 'chethan_test_dag' retrieved from /opt/airflow/dags/exampledag.py
[2025-04-27T23:35:34.485+0000] {logging_mixin.py:188} INFO - [2025-04-27T23:35:34.485+0000] {dag.py:3036} INFO - Sync 1 DAGs
[2025-04-27T23:35:34.502+0000] {logging_mixin.py:188} INFO - [2025-04-27T23:35:34.502+0000] {dag.py:3823} INFO - Setting next_dagrun for chethan_test_dag to 2025-04-26 00:00:00+00:00, run_after=2025-04-27 00:00:00+00:00
[2025-04-27T23:35:34.518+0000] {processor.py:183} INFO - Processing /opt/airflow/dags/exampledag.py took 0.087 seconds
[2025-04-27T23:36:05.383+0000] {processor.py:161} INFO - Started process (PID=1802) to work on /opt/airflow/dags/exampledag.py
[2025-04-27T23:36:05.385+0000] {processor.py:830} INFO - Processing file /opt/airflow/dags/exampledag.py for tasks to queue
[2025-04-27T23:36:05.387+0000] {logging_mixin.py:188} INFO - [2025-04-27T23:36:05.386+0000] {dagbag.py:538} INFO - Filling up the DagBag from /opt/airflow/dags/exampledag.py
[2025-04-27T23:36:05.424+0000] {processor.py:840} INFO - DAG(s) 'chethan_test_dag' retrieved from /opt/airflow/dags/exampledag.py
[2025-04-27T23:36:05.457+0000] {logging_mixin.py:188} INFO - [2025-04-27T23:36:05.457+0000] {dag.py:3036} INFO - Sync 1 DAGs
[2025-04-27T23:36:05.488+0000] {logging_mixin.py:188} INFO - [2025-04-27T23:36:05.487+0000] {dag.py:3823} INFO - Setting next_dagrun for chethan_test_dag to 2025-04-26 00:00:00+00:00, run_after=2025-04-27 00:00:00+00:00
[2025-04-27T23:36:05.519+0000] {processor.py:183} INFO - Processing /opt/airflow/dags/exampledag.py took 0.139 seconds
[2025-04-27T23:36:35.889+0000] {processor.py:161} INFO - Started process (PID=1845) to work on /opt/airflow/dags/exampledag.py
[2025-04-27T23:36:35.890+0000] {processor.py:830} INFO - Processing file /opt/airflow/dags/exampledag.py for tasks to queue
[2025-04-27T23:36:35.891+0000] {logging_mixin.py:188} INFO - [2025-04-27T23:36:35.891+0000] {dagbag.py:538} INFO - Filling up the DagBag from /opt/airflow/dags/exampledag.py
[2025-04-27T23:36:35.913+0000] {processor.py:840} INFO - DAG(s) 'chethan_test_dag' retrieved from /opt/airflow/dags/exampledag.py
[2025-04-27T23:36:35.933+0000] {logging_mixin.py:188} INFO - [2025-04-27T23:36:35.932+0000] {dag.py:3036} INFO - Sync 1 DAGs
[2025-04-27T23:36:35.949+0000] {logging_mixin.py:188} INFO - [2025-04-27T23:36:35.948+0000] {dag.py:3823} INFO - Setting next_dagrun for chethan_test_dag to 2025-04-26 00:00:00+00:00, run_after=2025-04-27 00:00:00+00:00
[2025-04-27T23:36:35.964+0000] {processor.py:183} INFO - Processing /opt/airflow/dags/exampledag.py took 0.079 seconds
[2025-04-27T23:37:06.394+0000] {processor.py:161} INFO - Started process (PID=1886) to work on /opt/airflow/dags/exampledag.py
[2025-04-27T23:37:06.395+0000] {processor.py:830} INFO - Processing file /opt/airflow/dags/exampledag.py for tasks to queue
[2025-04-27T23:37:06.396+0000] {logging_mixin.py:188} INFO - [2025-04-27T23:37:06.396+0000] {dagbag.py:538} INFO - Filling up the DagBag from /opt/airflow/dags/exampledag.py
[2025-04-27T23:37:06.422+0000] {processor.py:840} INFO - DAG(s) 'chethan_test_dag' retrieved from /opt/airflow/dags/exampledag.py
[2025-04-27T23:37:06.446+0000] {logging_mixin.py:188} INFO - [2025-04-27T23:37:06.446+0000] {dag.py:3036} INFO - Sync 1 DAGs
[2025-04-27T23:37:06.468+0000] {logging_mixin.py:188} INFO - [2025-04-27T23:37:06.467+0000] {dag.py:3823} INFO - Setting next_dagrun for chethan_test_dag to 2025-04-26 00:00:00+00:00, run_after=2025-04-27 00:00:00+00:00
[2025-04-27T23:37:06.490+0000] {processor.py:183} INFO - Processing /opt/airflow/dags/exampledag.py took 0.099 seconds
[2025-04-27T23:37:36.839+0000] {processor.py:161} INFO - Started process (PID=1925) to work on /opt/airflow/dags/exampledag.py
[2025-04-27T23:37:36.840+0000] {processor.py:830} INFO - Processing file /opt/airflow/dags/exampledag.py for tasks to queue
[2025-04-27T23:37:36.842+0000] {logging_mixin.py:188} INFO - [2025-04-27T23:37:36.841+0000] {dagbag.py:538} INFO - Filling up the DagBag from /opt/airflow/dags/exampledag.py
[2025-04-27T23:37:36.871+0000] {processor.py:840} INFO - DAG(s) 'chethan_test_dag' retrieved from /opt/airflow/dags/exampledag.py
[2025-04-27T23:37:36.895+0000] {logging_mixin.py:188} INFO - [2025-04-27T23:37:36.895+0000] {dag.py:3036} INFO - Sync 1 DAGs
[2025-04-27T23:37:36.917+0000] {logging_mixin.py:188} INFO - [2025-04-27T23:37:36.916+0000] {dag.py:3823} INFO - Setting next_dagrun for chethan_test_dag to 2025-04-26 00:00:00+00:00, run_after=2025-04-27 00:00:00+00:00
[2025-04-27T23:37:36.936+0000] {processor.py:183} INFO - Processing /opt/airflow/dags/exampledag.py took 0.100 seconds
[2025-04-27T23:38:08.448+0000] {processor.py:161} INFO - Started process (PID=1974) to work on /opt/airflow/dags/exampledag.py
[2025-04-27T23:38:08.449+0000] {processor.py:830} INFO - Processing file /opt/airflow/dags/exampledag.py for tasks to queue
[2025-04-27T23:38:08.450+0000] {logging_mixin.py:188} INFO - [2025-04-27T23:38:08.450+0000] {dagbag.py:538} INFO - Filling up the DagBag from /opt/airflow/dags/exampledag.py
[2025-04-27T23:38:08.480+0000] {processor.py:840} INFO - DAG(s) 'chethan_test_dag' retrieved from /opt/airflow/dags/exampledag.py
[2025-04-27T23:38:08.501+0000] {logging_mixin.py:188} INFO - [2025-04-27T23:38:08.501+0000] {dag.py:3036} INFO - Sync 1 DAGs
[2025-04-27T23:38:08.521+0000] {logging_mixin.py:188} INFO - [2025-04-27T23:38:08.520+0000] {dag.py:3823} INFO - Setting next_dagrun for chethan_test_dag to 2025-04-26 00:00:00+00:00, run_after=2025-04-27 00:00:00+00:00
[2025-04-27T23:38:08.537+0000] {processor.py:183} INFO - Processing /opt/airflow/dags/exampledag.py took 0.092 seconds
