[2025-04-27T00:00:22.865+0000] {processor.py:161} INFO - Started process (PID=1790) to work on /opt/airflow/dags/transform_orders_dag.py
[2025-04-27T00:00:22.867+0000] {processor.py:830} INFO - Processing file /opt/airflow/dags/transform_orders_dag.py for tasks to queue
[2025-04-27T00:00:22.868+0000] {logging_mixin.py:188} INFO - [2025-04-27T00:00:22.868+0000] {dagbag.py:538} INFO - Filling up the DagBag from /opt/airflow/dags/transform_orders_dag.py
[2025-04-27T00:00:23.162+0000] {processor.py:840} INFO - DAG(s) 'clean_orders_csv_dag' retrieved from /opt/airflow/dags/transform_orders_dag.py
[2025-04-27T00:00:23.201+0000] {logging_mixin.py:188} INFO - [2025-04-27T00:00:23.200+0000] {dag.py:3036} INFO - Sync 1 DAGs
[2025-04-27T00:00:23.229+0000] {logging_mixin.py:188} INFO - [2025-04-27T00:00:23.229+0000] {dag.py:3823} INFO - Setting next_dagrun for clean_orders_csv_dag to None, run_after=None
[2025-04-27T00:00:23.269+0000] {processor.py:183} INFO - Processing /opt/airflow/dags/transform_orders_dag.py took 0.407 seconds
[2025-04-27T00:00:53.718+0000] {processor.py:161} INFO - Started process (PID=1841) to work on /opt/airflow/dags/transform_orders_dag.py
[2025-04-27T00:00:53.720+0000] {processor.py:830} INFO - Processing file /opt/airflow/dags/transform_orders_dag.py for tasks to queue
[2025-04-27T00:00:53.721+0000] {logging_mixin.py:188} INFO - [2025-04-27T00:00:53.721+0000] {dagbag.py:538} INFO - Filling up the DagBag from /opt/airflow/dags/transform_orders_dag.py
[2025-04-27T00:00:54.157+0000] {processor.py:840} INFO - DAG(s) 'clean_orders_csv_dag' retrieved from /opt/airflow/dags/transform_orders_dag.py
[2025-04-27T00:00:54.275+0000] {logging_mixin.py:188} INFO - [2025-04-27T00:00:54.274+0000] {dag.py:3036} INFO - Sync 1 DAGs
[2025-04-27T00:00:54.292+0000] {logging_mixin.py:188} INFO - [2025-04-27T00:00:54.292+0000] {dag.py:3823} INFO - Setting next_dagrun for clean_orders_csv_dag to None, run_after=None
[2025-04-27T00:00:54.321+0000] {processor.py:183} INFO - Processing /opt/airflow/dags/transform_orders_dag.py took 0.607 seconds
[2025-04-27T00:01:24.692+0000] {processor.py:161} INFO - Started process (PID=1884) to work on /opt/airflow/dags/transform_orders_dag.py
[2025-04-27T00:01:24.694+0000] {processor.py:830} INFO - Processing file /opt/airflow/dags/transform_orders_dag.py for tasks to queue
[2025-04-27T00:01:24.695+0000] {logging_mixin.py:188} INFO - [2025-04-27T00:01:24.695+0000] {dagbag.py:538} INFO - Filling up the DagBag from /opt/airflow/dags/transform_orders_dag.py
[2025-04-27T00:01:25.004+0000] {processor.py:840} INFO - DAG(s) 'clean_orders_csv_dag' retrieved from /opt/airflow/dags/transform_orders_dag.py
[2025-04-27T00:01:25.024+0000] {logging_mixin.py:188} INFO - [2025-04-27T00:01:25.024+0000] {dag.py:3036} INFO - Sync 1 DAGs
[2025-04-27T00:01:25.036+0000] {logging_mixin.py:188} INFO - [2025-04-27T00:01:25.036+0000] {dag.py:3823} INFO - Setting next_dagrun for clean_orders_csv_dag to None, run_after=None
[2025-04-27T00:01:25.082+0000] {processor.py:183} INFO - Processing /opt/airflow/dags/transform_orders_dag.py took 0.392 seconds
[2025-04-27T00:01:55.185+0000] {processor.py:161} INFO - Started process (PID=1927) to work on /opt/airflow/dags/transform_orders_dag.py
[2025-04-27T00:01:55.186+0000] {processor.py:830} INFO - Processing file /opt/airflow/dags/transform_orders_dag.py for tasks to queue
[2025-04-27T00:01:55.188+0000] {logging_mixin.py:188} INFO - [2025-04-27T00:01:55.188+0000] {dagbag.py:538} INFO - Filling up the DagBag from /opt/airflow/dags/transform_orders_dag.py
[2025-04-27T00:01:55.510+0000] {processor.py:840} INFO - DAG(s) 'clean_orders_csv_dag' retrieved from /opt/airflow/dags/transform_orders_dag.py
[2025-04-27T00:01:55.529+0000] {logging_mixin.py:188} INFO - [2025-04-27T00:01:55.529+0000] {dag.py:3036} INFO - Sync 1 DAGs
[2025-04-27T00:01:55.539+0000] {logging_mixin.py:188} INFO - [2025-04-27T00:01:55.538+0000] {dag.py:3823} INFO - Setting next_dagrun for clean_orders_csv_dag to None, run_after=None
[2025-04-27T00:01:55.559+0000] {processor.py:183} INFO - Processing /opt/airflow/dags/transform_orders_dag.py took 0.378 seconds
[2025-04-27T00:02:26.263+0000] {processor.py:161} INFO - Started process (PID=1970) to work on /opt/airflow/dags/transform_orders_dag.py
[2025-04-27T00:02:26.265+0000] {processor.py:830} INFO - Processing file /opt/airflow/dags/transform_orders_dag.py for tasks to queue
[2025-04-27T00:02:26.268+0000] {logging_mixin.py:188} INFO - [2025-04-27T00:02:26.267+0000] {dagbag.py:538} INFO - Filling up the DagBag from /opt/airflow/dags/transform_orders_dag.py
[2025-04-27T00:02:26.625+0000] {processor.py:840} INFO - DAG(s) 'clean_orders_csv_dag' retrieved from /opt/airflow/dags/transform_orders_dag.py
[2025-04-27T00:02:26.655+0000] {logging_mixin.py:188} INFO - [2025-04-27T00:02:26.654+0000] {dag.py:3036} INFO - Sync 1 DAGs
[2025-04-27T00:02:26.669+0000] {logging_mixin.py:188} INFO - [2025-04-27T00:02:26.669+0000] {dag.py:3823} INFO - Setting next_dagrun for clean_orders_csv_dag to None, run_after=None
[2025-04-27T00:02:26.698+0000] {processor.py:183} INFO - Processing /opt/airflow/dags/transform_orders_dag.py took 0.438 seconds
[2025-04-27T00:02:57.209+0000] {processor.py:161} INFO - Started process (PID=2013) to work on /opt/airflow/dags/transform_orders_dag.py
[2025-04-27T00:02:57.210+0000] {processor.py:830} INFO - Processing file /opt/airflow/dags/transform_orders_dag.py for tasks to queue
[2025-04-27T00:02:57.211+0000] {logging_mixin.py:188} INFO - [2025-04-27T00:02:57.211+0000] {dagbag.py:538} INFO - Filling up the DagBag from /opt/airflow/dags/transform_orders_dag.py
[2025-04-27T00:02:57.440+0000] {processor.py:840} INFO - DAG(s) 'clean_orders_csv_dag' retrieved from /opt/airflow/dags/transform_orders_dag.py
[2025-04-27T00:02:57.462+0000] {logging_mixin.py:188} INFO - [2025-04-27T00:02:57.462+0000] {dag.py:3036} INFO - Sync 1 DAGs
[2025-04-27T00:02:57.471+0000] {logging_mixin.py:188} INFO - [2025-04-27T00:02:57.470+0000] {dag.py:3823} INFO - Setting next_dagrun for clean_orders_csv_dag to None, run_after=None
[2025-04-27T00:02:57.485+0000] {processor.py:183} INFO - Processing /opt/airflow/dags/transform_orders_dag.py took 0.279 seconds
[2025-04-27T00:03:28.233+0000] {processor.py:161} INFO - Started process (PID=2056) to work on /opt/airflow/dags/transform_orders_dag.py
[2025-04-27T00:03:28.234+0000] {processor.py:830} INFO - Processing file /opt/airflow/dags/transform_orders_dag.py for tasks to queue
[2025-04-27T00:03:28.234+0000] {logging_mixin.py:188} INFO - [2025-04-27T00:03:28.234+0000] {dagbag.py:538} INFO - Filling up the DagBag from /opt/airflow/dags/transform_orders_dag.py
[2025-04-27T00:03:28.450+0000] {processor.py:840} INFO - DAG(s) 'clean_orders_csv_dag' retrieved from /opt/airflow/dags/transform_orders_dag.py
[2025-04-27T00:03:28.470+0000] {logging_mixin.py:188} INFO - [2025-04-27T00:03:28.469+0000] {dag.py:3036} INFO - Sync 1 DAGs
[2025-04-27T00:03:28.479+0000] {logging_mixin.py:188} INFO - [2025-04-27T00:03:28.479+0000] {dag.py:3823} INFO - Setting next_dagrun for clean_orders_csv_dag to None, run_after=None
[2025-04-27T00:03:28.498+0000] {processor.py:183} INFO - Processing /opt/airflow/dags/transform_orders_dag.py took 0.268 seconds
[2025-04-27T00:03:59.285+0000] {processor.py:161} INFO - Started process (PID=2099) to work on /opt/airflow/dags/transform_orders_dag.py
[2025-04-27T00:03:59.286+0000] {processor.py:830} INFO - Processing file /opt/airflow/dags/transform_orders_dag.py for tasks to queue
[2025-04-27T00:03:59.287+0000] {logging_mixin.py:188} INFO - [2025-04-27T00:03:59.287+0000] {dagbag.py:538} INFO - Filling up the DagBag from /opt/airflow/dags/transform_orders_dag.py
[2025-04-27T00:03:59.545+0000] {processor.py:840} INFO - DAG(s) 'clean_orders_csv_dag' retrieved from /opt/airflow/dags/transform_orders_dag.py
[2025-04-27T00:03:59.567+0000] {logging_mixin.py:188} INFO - [2025-04-27T00:03:59.566+0000] {dag.py:3036} INFO - Sync 1 DAGs
[2025-04-27T00:03:59.577+0000] {logging_mixin.py:188} INFO - [2025-04-27T00:03:59.577+0000] {dag.py:3823} INFO - Setting next_dagrun for clean_orders_csv_dag to None, run_after=None
[2025-04-27T00:03:59.602+0000] {processor.py:183} INFO - Processing /opt/airflow/dags/transform_orders_dag.py took 0.319 seconds
[2025-04-27T00:04:29.821+0000] {processor.py:161} INFO - Started process (PID=2142) to work on /opt/airflow/dags/transform_orders_dag.py
[2025-04-27T00:04:29.822+0000] {processor.py:830} INFO - Processing file /opt/airflow/dags/transform_orders_dag.py for tasks to queue
[2025-04-27T00:04:29.823+0000] {logging_mixin.py:188} INFO - [2025-04-27T00:04:29.823+0000] {dagbag.py:538} INFO - Filling up the DagBag from /opt/airflow/dags/transform_orders_dag.py
[2025-04-27T00:04:30.056+0000] {processor.py:840} INFO - DAG(s) 'clean_orders_csv_dag' retrieved from /opt/airflow/dags/transform_orders_dag.py
[2025-04-27T00:04:30.076+0000] {logging_mixin.py:188} INFO - [2025-04-27T00:04:30.076+0000] {dag.py:3036} INFO - Sync 1 DAGs
[2025-04-27T00:04:30.084+0000] {logging_mixin.py:188} INFO - [2025-04-27T00:04:30.084+0000] {dag.py:3823} INFO - Setting next_dagrun for clean_orders_csv_dag to None, run_after=None
[2025-04-27T00:04:30.101+0000] {processor.py:183} INFO - Processing /opt/airflow/dags/transform_orders_dag.py took 0.283 seconds
[2025-04-27T00:05:00.321+0000] {processor.py:161} INFO - Started process (PID=2185) to work on /opt/airflow/dags/transform_orders_dag.py
[2025-04-27T00:05:00.322+0000] {processor.py:830} INFO - Processing file /opt/airflow/dags/transform_orders_dag.py for tasks to queue
[2025-04-27T00:05:00.323+0000] {logging_mixin.py:188} INFO - [2025-04-27T00:05:00.323+0000] {dagbag.py:538} INFO - Filling up the DagBag from /opt/airflow/dags/transform_orders_dag.py
[2025-04-27T00:05:00.553+0000] {processor.py:840} INFO - DAG(s) 'clean_orders_csv_dag' retrieved from /opt/airflow/dags/transform_orders_dag.py
[2025-04-27T00:05:00.572+0000] {logging_mixin.py:188} INFO - [2025-04-27T00:05:00.572+0000] {dag.py:3036} INFO - Sync 1 DAGs
[2025-04-27T00:05:00.581+0000] {logging_mixin.py:188} INFO - [2025-04-27T00:05:00.581+0000] {dag.py:3823} INFO - Setting next_dagrun for clean_orders_csv_dag to None, run_after=None
[2025-04-27T00:05:00.603+0000] {processor.py:183} INFO - Processing /opt/airflow/dags/transform_orders_dag.py took 0.285 seconds
[2025-04-27T00:05:31.527+0000] {processor.py:161} INFO - Started process (PID=2228) to work on /opt/airflow/dags/transform_orders_dag.py
[2025-04-27T00:05:31.528+0000] {processor.py:830} INFO - Processing file /opt/airflow/dags/transform_orders_dag.py for tasks to queue
[2025-04-27T00:05:31.529+0000] {logging_mixin.py:188} INFO - [2025-04-27T00:05:31.529+0000] {dagbag.py:538} INFO - Filling up the DagBag from /opt/airflow/dags/transform_orders_dag.py
[2025-04-27T00:05:31.763+0000] {processor.py:840} INFO - DAG(s) 'clean_orders_csv_dag' retrieved from /opt/airflow/dags/transform_orders_dag.py
[2025-04-27T00:05:31.783+0000] {logging_mixin.py:188} INFO - [2025-04-27T00:05:31.783+0000] {dag.py:3036} INFO - Sync 1 DAGs
[2025-04-27T00:05:31.792+0000] {logging_mixin.py:188} INFO - [2025-04-27T00:05:31.792+0000] {dag.py:3823} INFO - Setting next_dagrun for clean_orders_csv_dag to None, run_after=None
[2025-04-27T00:05:31.808+0000] {processor.py:183} INFO - Processing /opt/airflow/dags/transform_orders_dag.py took 0.284 seconds
[2025-04-27T00:06:01.882+0000] {processor.py:161} INFO - Started process (PID=2271) to work on /opt/airflow/dags/transform_orders_dag.py
[2025-04-27T00:06:01.882+0000] {processor.py:830} INFO - Processing file /opt/airflow/dags/transform_orders_dag.py for tasks to queue
[2025-04-27T00:06:01.883+0000] {logging_mixin.py:188} INFO - [2025-04-27T00:06:01.883+0000] {dagbag.py:538} INFO - Filling up the DagBag from /opt/airflow/dags/transform_orders_dag.py
[2025-04-27T00:06:02.100+0000] {processor.py:840} INFO - DAG(s) 'clean_orders_csv_dag' retrieved from /opt/airflow/dags/transform_orders_dag.py
[2025-04-27T00:06:02.120+0000] {logging_mixin.py:188} INFO - [2025-04-27T00:06:02.120+0000] {dag.py:3036} INFO - Sync 1 DAGs
[2025-04-27T00:06:02.131+0000] {logging_mixin.py:188} INFO - [2025-04-27T00:06:02.130+0000] {dag.py:3823} INFO - Setting next_dagrun for clean_orders_csv_dag to None, run_after=None
[2025-04-27T00:06:02.148+0000] {processor.py:183} INFO - Processing /opt/airflow/dags/transform_orders_dag.py took 0.268 seconds
[2025-04-27T00:06:32.285+0000] {processor.py:161} INFO - Started process (PID=2314) to work on /opt/airflow/dags/transform_orders_dag.py
[2025-04-27T00:06:32.286+0000] {processor.py:830} INFO - Processing file /opt/airflow/dags/transform_orders_dag.py for tasks to queue
[2025-04-27T00:06:32.287+0000] {logging_mixin.py:188} INFO - [2025-04-27T00:06:32.287+0000] {dagbag.py:538} INFO - Filling up the DagBag from /opt/airflow/dags/transform_orders_dag.py
[2025-04-27T00:06:32.506+0000] {processor.py:840} INFO - DAG(s) 'clean_orders_csv_dag' retrieved from /opt/airflow/dags/transform_orders_dag.py
[2025-04-27T00:06:32.524+0000] {logging_mixin.py:188} INFO - [2025-04-27T00:06:32.524+0000] {dag.py:3036} INFO - Sync 1 DAGs
[2025-04-27T00:06:32.533+0000] {logging_mixin.py:188} INFO - [2025-04-27T00:06:32.533+0000] {dag.py:3823} INFO - Setting next_dagrun for clean_orders_csv_dag to None, run_after=None
[2025-04-27T00:06:32.549+0000] {processor.py:183} INFO - Processing /opt/airflow/dags/transform_orders_dag.py took 0.266 seconds
[2025-04-27T00:07:02.617+0000] {processor.py:161} INFO - Started process (PID=2357) to work on /opt/airflow/dags/transform_orders_dag.py
[2025-04-27T00:07:02.618+0000] {processor.py:830} INFO - Processing file /opt/airflow/dags/transform_orders_dag.py for tasks to queue
[2025-04-27T00:07:02.618+0000] {logging_mixin.py:188} INFO - [2025-04-27T00:07:02.618+0000] {dagbag.py:538} INFO - Filling up the DagBag from /opt/airflow/dags/transform_orders_dag.py
[2025-04-27T00:07:02.838+0000] {processor.py:840} INFO - DAG(s) 'clean_orders_csv_dag' retrieved from /opt/airflow/dags/transform_orders_dag.py
[2025-04-27T00:07:02.857+0000] {logging_mixin.py:188} INFO - [2025-04-27T00:07:02.856+0000] {dag.py:3036} INFO - Sync 1 DAGs
[2025-04-27T00:07:02.864+0000] {logging_mixin.py:188} INFO - [2025-04-27T00:07:02.864+0000] {dag.py:3823} INFO - Setting next_dagrun for clean_orders_csv_dag to None, run_after=None
[2025-04-27T00:07:02.879+0000] {processor.py:183} INFO - Processing /opt/airflow/dags/transform_orders_dag.py took 0.265 seconds
[2025-04-27T00:07:33.855+0000] {processor.py:161} INFO - Started process (PID=2400) to work on /opt/airflow/dags/transform_orders_dag.py
[2025-04-27T00:07:33.856+0000] {processor.py:830} INFO - Processing file /opt/airflow/dags/transform_orders_dag.py for tasks to queue
[2025-04-27T00:07:33.856+0000] {logging_mixin.py:188} INFO - [2025-04-27T00:07:33.856+0000] {dagbag.py:538} INFO - Filling up the DagBag from /opt/airflow/dags/transform_orders_dag.py
[2025-04-27T00:07:34.093+0000] {processor.py:840} INFO - DAG(s) 'clean_orders_csv_dag' retrieved from /opt/airflow/dags/transform_orders_dag.py
[2025-04-27T00:07:34.112+0000] {logging_mixin.py:188} INFO - [2025-04-27T00:07:34.112+0000] {dag.py:3036} INFO - Sync 1 DAGs
[2025-04-27T00:07:34.121+0000] {logging_mixin.py:188} INFO - [2025-04-27T00:07:34.121+0000] {dag.py:3823} INFO - Setting next_dagrun for clean_orders_csv_dag to None, run_after=None
[2025-04-27T00:07:34.139+0000] {processor.py:183} INFO - Processing /opt/airflow/dags/transform_orders_dag.py took 0.286 seconds
[2025-04-27T00:08:05.098+0000] {processor.py:161} INFO - Started process (PID=2443) to work on /opt/airflow/dags/transform_orders_dag.py
[2025-04-27T00:08:05.098+0000] {processor.py:830} INFO - Processing file /opt/airflow/dags/transform_orders_dag.py for tasks to queue
[2025-04-27T00:08:05.099+0000] {logging_mixin.py:188} INFO - [2025-04-27T00:08:05.099+0000] {dagbag.py:538} INFO - Filling up the DagBag from /opt/airflow/dags/transform_orders_dag.py
[2025-04-27T00:08:05.394+0000] {processor.py:840} INFO - DAG(s) 'clean_orders_csv_dag' retrieved from /opt/airflow/dags/transform_orders_dag.py
[2025-04-27T00:08:05.413+0000] {logging_mixin.py:188} INFO - [2025-04-27T00:08:05.412+0000] {dag.py:3036} INFO - Sync 1 DAGs
[2025-04-27T00:08:05.423+0000] {logging_mixin.py:188} INFO - [2025-04-27T00:08:05.422+0000] {dag.py:3823} INFO - Setting next_dagrun for clean_orders_csv_dag to None, run_after=None
[2025-04-27T00:08:05.440+0000] {processor.py:183} INFO - Processing /opt/airflow/dags/transform_orders_dag.py took 0.344 seconds
[2025-04-27T00:08:36.413+0000] {processor.py:161} INFO - Started process (PID=2486) to work on /opt/airflow/dags/transform_orders_dag.py
[2025-04-27T00:08:36.414+0000] {processor.py:830} INFO - Processing file /opt/airflow/dags/transform_orders_dag.py for tasks to queue
[2025-04-27T00:08:36.415+0000] {logging_mixin.py:188} INFO - [2025-04-27T00:08:36.415+0000] {dagbag.py:538} INFO - Filling up the DagBag from /opt/airflow/dags/transform_orders_dag.py
[2025-04-27T00:08:36.719+0000] {processor.py:840} INFO - DAG(s) 'clean_orders_csv_dag' retrieved from /opt/airflow/dags/transform_orders_dag.py
[2025-04-27T00:08:36.744+0000] {logging_mixin.py:188} INFO - [2025-04-27T00:08:36.743+0000] {dag.py:3036} INFO - Sync 1 DAGs
[2025-04-27T00:08:36.755+0000] {logging_mixin.py:188} INFO - [2025-04-27T00:08:36.755+0000] {dag.py:3823} INFO - Setting next_dagrun for clean_orders_csv_dag to None, run_after=None
[2025-04-27T00:08:36.777+0000] {processor.py:183} INFO - Processing /opt/airflow/dags/transform_orders_dag.py took 0.365 seconds
[2025-04-27T00:09:07.687+0000] {processor.py:161} INFO - Started process (PID=2529) to work on /opt/airflow/dags/transform_orders_dag.py
[2025-04-27T00:09:07.688+0000] {processor.py:830} INFO - Processing file /opt/airflow/dags/transform_orders_dag.py for tasks to queue
[2025-04-27T00:09:07.688+0000] {logging_mixin.py:188} INFO - [2025-04-27T00:09:07.688+0000] {dagbag.py:538} INFO - Filling up the DagBag from /opt/airflow/dags/transform_orders_dag.py
[2025-04-27T00:09:07.953+0000] {processor.py:840} INFO - DAG(s) 'clean_orders_csv_dag' retrieved from /opt/airflow/dags/transform_orders_dag.py
[2025-04-27T00:09:07.971+0000] {logging_mixin.py:188} INFO - [2025-04-27T00:09:07.971+0000] {dag.py:3036} INFO - Sync 1 DAGs
[2025-04-27T00:09:07.980+0000] {logging_mixin.py:188} INFO - [2025-04-27T00:09:07.980+0000] {dag.py:3823} INFO - Setting next_dagrun for clean_orders_csv_dag to None, run_after=None
[2025-04-27T00:09:07.999+0000] {processor.py:183} INFO - Processing /opt/airflow/dags/transform_orders_dag.py took 0.314 seconds
[2025-04-27T00:09:38.922+0000] {processor.py:161} INFO - Started process (PID=2572) to work on /opt/airflow/dags/transform_orders_dag.py
[2025-04-27T00:09:38.923+0000] {processor.py:830} INFO - Processing file /opt/airflow/dags/transform_orders_dag.py for tasks to queue
[2025-04-27T00:09:38.924+0000] {logging_mixin.py:188} INFO - [2025-04-27T00:09:38.924+0000] {dagbag.py:538} INFO - Filling up the DagBag from /opt/airflow/dags/transform_orders_dag.py
[2025-04-27T00:09:39.177+0000] {processor.py:840} INFO - DAG(s) 'clean_orders_csv_dag' retrieved from /opt/airflow/dags/transform_orders_dag.py
[2025-04-27T00:09:39.199+0000] {logging_mixin.py:188} INFO - [2025-04-27T00:09:39.199+0000] {dag.py:3036} INFO - Sync 1 DAGs
[2025-04-27T00:09:39.209+0000] {logging_mixin.py:188} INFO - [2025-04-27T00:09:39.209+0000] {dag.py:3823} INFO - Setting next_dagrun for clean_orders_csv_dag to None, run_after=None
[2025-04-27T00:09:39.231+0000] {processor.py:183} INFO - Processing /opt/airflow/dags/transform_orders_dag.py took 0.312 seconds
[2025-04-27T00:10:10.106+0000] {processor.py:161} INFO - Started process (PID=2615) to work on /opt/airflow/dags/transform_orders_dag.py
[2025-04-27T00:10:10.108+0000] {processor.py:830} INFO - Processing file /opt/airflow/dags/transform_orders_dag.py for tasks to queue
[2025-04-27T00:10:10.110+0000] {logging_mixin.py:188} INFO - [2025-04-27T00:10:10.109+0000] {dagbag.py:538} INFO - Filling up the DagBag from /opt/airflow/dags/transform_orders_dag.py
[2025-04-27T00:10:10.341+0000] {processor.py:840} INFO - DAG(s) 'clean_orders_csv_dag' retrieved from /opt/airflow/dags/transform_orders_dag.py
[2025-04-27T00:10:10.360+0000] {logging_mixin.py:188} INFO - [2025-04-27T00:10:10.359+0000] {dag.py:3036} INFO - Sync 1 DAGs
[2025-04-27T00:10:10.368+0000] {logging_mixin.py:188} INFO - [2025-04-27T00:10:10.368+0000] {dag.py:3823} INFO - Setting next_dagrun for clean_orders_csv_dag to None, run_after=None
[2025-04-27T00:10:10.387+0000] {processor.py:183} INFO - Processing /opt/airflow/dags/transform_orders_dag.py took 0.286 seconds
[2025-04-27T00:10:40.765+0000] {processor.py:161} INFO - Started process (PID=2661) to work on /opt/airflow/dags/transform_orders_dag.py
[2025-04-27T00:10:40.766+0000] {processor.py:830} INFO - Processing file /opt/airflow/dags/transform_orders_dag.py for tasks to queue
[2025-04-27T00:10:40.768+0000] {logging_mixin.py:188} INFO - [2025-04-27T00:10:40.767+0000] {dagbag.py:538} INFO - Filling up the DagBag from /opt/airflow/dags/transform_orders_dag.py
[2025-04-27T00:10:40.992+0000] {processor.py:840} INFO - DAG(s) 'clean_orders_csv_dag' retrieved from /opt/airflow/dags/transform_orders_dag.py
[2025-04-27T00:10:41.017+0000] {logging_mixin.py:188} INFO - [2025-04-27T00:10:41.017+0000] {dag.py:3036} INFO - Sync 1 DAGs
[2025-04-27T00:10:41.029+0000] {logging_mixin.py:188} INFO - [2025-04-27T00:10:41.029+0000] {dag.py:3823} INFO - Setting next_dagrun for clean_orders_csv_dag to None, run_after=None
[2025-04-27T00:10:41.047+0000] {processor.py:183} INFO - Processing /opt/airflow/dags/transform_orders_dag.py took 0.284 seconds
[2025-04-27T00:11:11.286+0000] {processor.py:161} INFO - Started process (PID=2704) to work on /opt/airflow/dags/transform_orders_dag.py
[2025-04-27T00:11:11.287+0000] {processor.py:830} INFO - Processing file /opt/airflow/dags/transform_orders_dag.py for tasks to queue
[2025-04-27T00:11:11.288+0000] {logging_mixin.py:188} INFO - [2025-04-27T00:11:11.288+0000] {dagbag.py:538} INFO - Filling up the DagBag from /opt/airflow/dags/transform_orders_dag.py
[2025-04-27T00:11:11.506+0000] {processor.py:840} INFO - DAG(s) 'clean_orders_csv_dag' retrieved from /opt/airflow/dags/transform_orders_dag.py
[2025-04-27T00:11:11.527+0000] {logging_mixin.py:188} INFO - [2025-04-27T00:11:11.527+0000] {dag.py:3036} INFO - Sync 1 DAGs
[2025-04-27T00:11:11.537+0000] {logging_mixin.py:188} INFO - [2025-04-27T00:11:11.537+0000] {dag.py:3823} INFO - Setting next_dagrun for clean_orders_csv_dag to None, run_after=None
[2025-04-27T00:11:11.559+0000] {processor.py:183} INFO - Processing /opt/airflow/dags/transform_orders_dag.py took 0.275 seconds
[2025-04-27T00:11:42.154+0000] {processor.py:161} INFO - Started process (PID=2744) to work on /opt/airflow/dags/transform_orders_dag.py
[2025-04-27T00:11:42.156+0000] {processor.py:830} INFO - Processing file /opt/airflow/dags/transform_orders_dag.py for tasks to queue
[2025-04-27T00:11:42.158+0000] {logging_mixin.py:188} INFO - [2025-04-27T00:11:42.157+0000] {dagbag.py:538} INFO - Filling up the DagBag from /opt/airflow/dags/transform_orders_dag.py
[2025-04-27T00:11:42.412+0000] {processor.py:840} INFO - DAG(s) 'clean_orders_csv_dag' retrieved from /opt/airflow/dags/transform_orders_dag.py
[2025-04-27T00:11:42.436+0000] {logging_mixin.py:188} INFO - [2025-04-27T00:11:42.435+0000] {dag.py:3036} INFO - Sync 1 DAGs
[2025-04-27T00:11:42.445+0000] {logging_mixin.py:188} INFO - [2025-04-27T00:11:42.445+0000] {dag.py:3823} INFO - Setting next_dagrun for clean_orders_csv_dag to None, run_after=None
[2025-04-27T00:11:42.464+0000] {processor.py:183} INFO - Processing /opt/airflow/dags/transform_orders_dag.py took 0.312 seconds
[2025-04-27T00:12:12.552+0000] {processor.py:161} INFO - Started process (PID=2787) to work on /opt/airflow/dags/transform_orders_dag.py
[2025-04-27T00:12:12.553+0000] {processor.py:830} INFO - Processing file /opt/airflow/dags/transform_orders_dag.py for tasks to queue
[2025-04-27T00:12:12.554+0000] {logging_mixin.py:188} INFO - [2025-04-27T00:12:12.553+0000] {dagbag.py:538} INFO - Filling up the DagBag from /opt/airflow/dags/transform_orders_dag.py
[2025-04-27T00:12:12.791+0000] {processor.py:840} INFO - DAG(s) 'clean_orders_csv_dag' retrieved from /opt/airflow/dags/transform_orders_dag.py
[2025-04-27T00:12:12.810+0000] {logging_mixin.py:188} INFO - [2025-04-27T00:12:12.810+0000] {dag.py:3036} INFO - Sync 1 DAGs
[2025-04-27T00:12:12.821+0000] {logging_mixin.py:188} INFO - [2025-04-27T00:12:12.821+0000] {dag.py:3823} INFO - Setting next_dagrun for clean_orders_csv_dag to None, run_after=None
[2025-04-27T00:12:12.839+0000] {processor.py:183} INFO - Processing /opt/airflow/dags/transform_orders_dag.py took 0.290 seconds
[2025-04-27T00:12:43.079+0000] {processor.py:161} INFO - Started process (PID=2831) to work on /opt/airflow/dags/transform_orders_dag.py
[2025-04-27T00:12:43.080+0000] {processor.py:830} INFO - Processing file /opt/airflow/dags/transform_orders_dag.py for tasks to queue
[2025-04-27T00:12:43.081+0000] {logging_mixin.py:188} INFO - [2025-04-27T00:12:43.081+0000] {dagbag.py:538} INFO - Filling up the DagBag from /opt/airflow/dags/transform_orders_dag.py
[2025-04-27T00:12:43.385+0000] {processor.py:840} INFO - DAG(s) 'clean_orders_csv_dag' retrieved from /opt/airflow/dags/transform_orders_dag.py
[2025-04-27T00:12:43.406+0000] {logging_mixin.py:188} INFO - [2025-04-27T00:12:43.405+0000] {dag.py:3036} INFO - Sync 1 DAGs
[2025-04-27T00:12:43.415+0000] {logging_mixin.py:188} INFO - [2025-04-27T00:12:43.414+0000] {dag.py:3823} INFO - Setting next_dagrun for clean_orders_csv_dag to None, run_after=None
[2025-04-27T00:12:43.439+0000] {processor.py:183} INFO - Processing /opt/airflow/dags/transform_orders_dag.py took 0.362 seconds
[2025-04-27T00:13:13.629+0000] {processor.py:161} INFO - Started process (PID=2873) to work on /opt/airflow/dags/transform_orders_dag.py
[2025-04-27T00:13:13.630+0000] {processor.py:830} INFO - Processing file /opt/airflow/dags/transform_orders_dag.py for tasks to queue
[2025-04-27T00:13:13.631+0000] {logging_mixin.py:188} INFO - [2025-04-27T00:13:13.631+0000] {dagbag.py:538} INFO - Filling up the DagBag from /opt/airflow/dags/transform_orders_dag.py
[2025-04-27T00:13:13.923+0000] {processor.py:840} INFO - DAG(s) 'clean_orders_csv_dag' retrieved from /opt/airflow/dags/transform_orders_dag.py
[2025-04-27T00:13:13.948+0000] {logging_mixin.py:188} INFO - [2025-04-27T00:13:13.947+0000] {dag.py:3036} INFO - Sync 1 DAGs
[2025-04-27T00:13:13.960+0000] {logging_mixin.py:188} INFO - [2025-04-27T00:13:13.960+0000] {dag.py:3823} INFO - Setting next_dagrun for clean_orders_csv_dag to None, run_after=None
[2025-04-27T00:13:13.984+0000] {processor.py:183} INFO - Processing /opt/airflow/dags/transform_orders_dag.py took 0.358 seconds
[2025-04-27T00:13:44.932+0000] {processor.py:161} INFO - Started process (PID=2916) to work on /opt/airflow/dags/transform_orders_dag.py
[2025-04-27T00:13:44.934+0000] {processor.py:830} INFO - Processing file /opt/airflow/dags/transform_orders_dag.py for tasks to queue
[2025-04-27T00:13:44.936+0000] {logging_mixin.py:188} INFO - [2025-04-27T00:13:44.935+0000] {dagbag.py:538} INFO - Filling up the DagBag from /opt/airflow/dags/transform_orders_dag.py
[2025-04-27T00:13:45.244+0000] {processor.py:840} INFO - DAG(s) 'clean_orders_csv_dag' retrieved from /opt/airflow/dags/transform_orders_dag.py
[2025-04-27T00:13:45.266+0000] {logging_mixin.py:188} INFO - [2025-04-27T00:13:45.266+0000] {dag.py:3036} INFO - Sync 1 DAGs
[2025-04-27T00:13:45.277+0000] {logging_mixin.py:188} INFO - [2025-04-27T00:13:45.277+0000] {dag.py:3823} INFO - Setting next_dagrun for clean_orders_csv_dag to None, run_after=None
[2025-04-27T00:13:45.300+0000] {processor.py:183} INFO - Processing /opt/airflow/dags/transform_orders_dag.py took 0.373 seconds
[2025-04-27T00:14:16.310+0000] {processor.py:161} INFO - Started process (PID=2959) to work on /opt/airflow/dags/transform_orders_dag.py
[2025-04-27T00:14:16.311+0000] {processor.py:830} INFO - Processing file /opt/airflow/dags/transform_orders_dag.py for tasks to queue
[2025-04-27T00:14:16.312+0000] {logging_mixin.py:188} INFO - [2025-04-27T00:14:16.311+0000] {dagbag.py:538} INFO - Filling up the DagBag from /opt/airflow/dags/transform_orders_dag.py
[2025-04-27T00:14:16.583+0000] {processor.py:840} INFO - DAG(s) 'clean_orders_csv_dag' retrieved from /opt/airflow/dags/transform_orders_dag.py
[2025-04-27T00:14:16.605+0000] {logging_mixin.py:188} INFO - [2025-04-27T00:14:16.604+0000] {dag.py:3036} INFO - Sync 1 DAGs
[2025-04-27T00:14:16.615+0000] {logging_mixin.py:188} INFO - [2025-04-27T00:14:16.614+0000] {dag.py:3823} INFO - Setting next_dagrun for clean_orders_csv_dag to None, run_after=None
[2025-04-27T00:14:16.635+0000] {processor.py:183} INFO - Processing /opt/airflow/dags/transform_orders_dag.py took 0.328 seconds
[2025-04-27T00:14:47.502+0000] {processor.py:161} INFO - Started process (PID=3002) to work on /opt/airflow/dags/transform_orders_dag.py
[2025-04-27T00:14:47.506+0000] {processor.py:830} INFO - Processing file /opt/airflow/dags/transform_orders_dag.py for tasks to queue
[2025-04-27T00:14:47.508+0000] {logging_mixin.py:188} INFO - [2025-04-27T00:14:47.507+0000] {dagbag.py:538} INFO - Filling up the DagBag from /opt/airflow/dags/transform_orders_dag.py
[2025-04-27T00:14:48.395+0000] {processor.py:840} INFO - DAG(s) 'clean_orders_csv_dag' retrieved from /opt/airflow/dags/transform_orders_dag.py
[2025-04-27T00:14:48.474+0000] {logging_mixin.py:188} INFO - [2025-04-27T00:14:48.474+0000] {dag.py:3036} INFO - Sync 1 DAGs
[2025-04-27T00:14:48.497+0000] {logging_mixin.py:188} INFO - [2025-04-27T00:14:48.496+0000] {dag.py:3823} INFO - Setting next_dagrun for clean_orders_csv_dag to None, run_after=None
[2025-04-27T00:14:48.540+0000] {processor.py:183} INFO - Processing /opt/airflow/dags/transform_orders_dag.py took 1.042 seconds
[2025-04-27T00:15:18.861+0000] {processor.py:161} INFO - Started process (PID=3051) to work on /opt/airflow/dags/transform_orders_dag.py
[2025-04-27T00:15:18.862+0000] {processor.py:830} INFO - Processing file /opt/airflow/dags/transform_orders_dag.py for tasks to queue
[2025-04-27T00:15:18.863+0000] {logging_mixin.py:188} INFO - [2025-04-27T00:15:18.862+0000] {dagbag.py:538} INFO - Filling up the DagBag from /opt/airflow/dags/transform_orders_dag.py
[2025-04-27T00:15:19.143+0000] {processor.py:840} INFO - DAG(s) 'clean_orders_csv_dag' retrieved from /opt/airflow/dags/transform_orders_dag.py
[2025-04-27T00:15:19.168+0000] {logging_mixin.py:188} INFO - [2025-04-27T00:15:19.168+0000] {dag.py:3036} INFO - Sync 1 DAGs
[2025-04-27T00:15:19.181+0000] {logging_mixin.py:188} INFO - [2025-04-27T00:15:19.181+0000] {dag.py:3823} INFO - Setting next_dagrun for clean_orders_csv_dag to None, run_after=None
[2025-04-27T00:15:19.204+0000] {processor.py:183} INFO - Processing /opt/airflow/dags/transform_orders_dag.py took 0.346 seconds
[2025-04-27T00:15:50.097+0000] {processor.py:161} INFO - Started process (PID=3094) to work on /opt/airflow/dags/transform_orders_dag.py
[2025-04-27T00:15:50.098+0000] {processor.py:830} INFO - Processing file /opt/airflow/dags/transform_orders_dag.py for tasks to queue
[2025-04-27T00:15:50.099+0000] {logging_mixin.py:188} INFO - [2025-04-27T00:15:50.098+0000] {dagbag.py:538} INFO - Filling up the DagBag from /opt/airflow/dags/transform_orders_dag.py
[2025-04-27T00:15:50.455+0000] {processor.py:840} INFO - DAG(s) 'clean_orders_csv_dag' retrieved from /opt/airflow/dags/transform_orders_dag.py
[2025-04-27T00:15:50.481+0000] {logging_mixin.py:188} INFO - [2025-04-27T00:15:50.481+0000] {dag.py:3036} INFO - Sync 1 DAGs
[2025-04-27T00:15:50.494+0000] {logging_mixin.py:188} INFO - [2025-04-27T00:15:50.494+0000] {dag.py:3823} INFO - Setting next_dagrun for clean_orders_csv_dag to None, run_after=None
[2025-04-27T00:15:50.521+0000] {processor.py:183} INFO - Processing /opt/airflow/dags/transform_orders_dag.py took 0.426 seconds
[2025-04-27T00:16:20.707+0000] {processor.py:161} INFO - Started process (PID=3137) to work on /opt/airflow/dags/transform_orders_dag.py
[2025-04-27T00:16:20.708+0000] {processor.py:830} INFO - Processing file /opt/airflow/dags/transform_orders_dag.py for tasks to queue
[2025-04-27T00:16:20.709+0000] {logging_mixin.py:188} INFO - [2025-04-27T00:16:20.708+0000] {dagbag.py:538} INFO - Filling up the DagBag from /opt/airflow/dags/transform_orders_dag.py
[2025-04-27T00:16:21.030+0000] {processor.py:840} INFO - DAG(s) 'clean_orders_csv_dag' retrieved from /opt/airflow/dags/transform_orders_dag.py
[2025-04-27T00:16:21.063+0000] {logging_mixin.py:188} INFO - [2025-04-27T00:16:21.062+0000] {dag.py:3036} INFO - Sync 1 DAGs
[2025-04-27T00:16:21.081+0000] {logging_mixin.py:188} INFO - [2025-04-27T00:16:21.081+0000] {dag.py:3823} INFO - Setting next_dagrun for clean_orders_csv_dag to None, run_after=None
[2025-04-27T00:16:21.133+0000] {processor.py:183} INFO - Processing /opt/airflow/dags/transform_orders_dag.py took 0.429 seconds
[2025-04-27T00:16:51.708+0000] {processor.py:161} INFO - Started process (PID=3183) to work on /opt/airflow/dags/transform_orders_dag.py
[2025-04-27T00:16:51.709+0000] {processor.py:830} INFO - Processing file /opt/airflow/dags/transform_orders_dag.py for tasks to queue
[2025-04-27T00:16:51.710+0000] {logging_mixin.py:188} INFO - [2025-04-27T00:16:51.710+0000] {dagbag.py:538} INFO - Filling up the DagBag from /opt/airflow/dags/transform_orders_dag.py
[2025-04-27T00:16:52.124+0000] {processor.py:840} INFO - DAG(s) 'clean_orders_csv_dag' retrieved from /opt/airflow/dags/transform_orders_dag.py
[2025-04-27T00:16:52.164+0000] {logging_mixin.py:188} INFO - [2025-04-27T00:16:52.164+0000] {dag.py:3036} INFO - Sync 1 DAGs
[2025-04-27T00:16:52.179+0000] {logging_mixin.py:188} INFO - [2025-04-27T00:16:52.179+0000] {dag.py:3823} INFO - Setting next_dagrun for clean_orders_csv_dag to None, run_after=None
[2025-04-27T00:16:52.228+0000] {processor.py:183} INFO - Processing /opt/airflow/dags/transform_orders_dag.py took 0.523 seconds
[2025-04-27T00:17:22.311+0000] {processor.py:161} INFO - Started process (PID=3224) to work on /opt/airflow/dags/transform_orders_dag.py
[2025-04-27T00:17:22.312+0000] {processor.py:830} INFO - Processing file /opt/airflow/dags/transform_orders_dag.py for tasks to queue
[2025-04-27T00:17:22.314+0000] {logging_mixin.py:188} INFO - [2025-04-27T00:17:22.314+0000] {dagbag.py:538} INFO - Filling up the DagBag from /opt/airflow/dags/transform_orders_dag.py
[2025-04-27T00:17:22.576+0000] {processor.py:840} INFO - DAG(s) 'clean_orders_csv_dag' retrieved from /opt/airflow/dags/transform_orders_dag.py
[2025-04-27T00:17:22.599+0000] {logging_mixin.py:188} INFO - [2025-04-27T00:17:22.599+0000] {dag.py:3036} INFO - Sync 1 DAGs
[2025-04-27T00:17:22.610+0000] {logging_mixin.py:188} INFO - [2025-04-27T00:17:22.609+0000] {dag.py:3823} INFO - Setting next_dagrun for clean_orders_csv_dag to None, run_after=None
[2025-04-27T00:17:22.633+0000] {processor.py:183} INFO - Processing /opt/airflow/dags/transform_orders_dag.py took 0.326 seconds
[2025-04-27T00:17:52.888+0000] {processor.py:161} INFO - Started process (PID=3269) to work on /opt/airflow/dags/transform_orders_dag.py
[2025-04-27T00:17:52.889+0000] {processor.py:830} INFO - Processing file /opt/airflow/dags/transform_orders_dag.py for tasks to queue
[2025-04-27T00:17:52.890+0000] {logging_mixin.py:188} INFO - [2025-04-27T00:17:52.890+0000] {dagbag.py:538} INFO - Filling up the DagBag from /opt/airflow/dags/transform_orders_dag.py
[2025-04-27T00:17:53.135+0000] {processor.py:840} INFO - DAG(s) 'clean_orders_csv_dag' retrieved from /opt/airflow/dags/transform_orders_dag.py
[2025-04-27T00:17:53.157+0000] {logging_mixin.py:188} INFO - [2025-04-27T00:17:53.157+0000] {dag.py:3036} INFO - Sync 1 DAGs
[2025-04-27T00:17:53.169+0000] {logging_mixin.py:188} INFO - [2025-04-27T00:17:53.169+0000] {dag.py:3823} INFO - Setting next_dagrun for clean_orders_csv_dag to None, run_after=None
[2025-04-27T00:17:53.193+0000] {processor.py:183} INFO - Processing /opt/airflow/dags/transform_orders_dag.py took 0.307 seconds
[2025-04-27T00:18:23.784+0000] {processor.py:161} INFO - Started process (PID=3309) to work on /opt/airflow/dags/transform_orders_dag.py
[2025-04-27T00:18:23.785+0000] {processor.py:830} INFO - Processing file /opt/airflow/dags/transform_orders_dag.py for tasks to queue
[2025-04-27T00:18:23.786+0000] {logging_mixin.py:188} INFO - [2025-04-27T00:18:23.786+0000] {dagbag.py:538} INFO - Filling up the DagBag from /opt/airflow/dags/transform_orders_dag.py
[2025-04-27T00:18:24.051+0000] {processor.py:840} INFO - DAG(s) 'clean_orders_csv_dag' retrieved from /opt/airflow/dags/transform_orders_dag.py
[2025-04-27T00:18:24.070+0000] {logging_mixin.py:188} INFO - [2025-04-27T00:18:24.069+0000] {dag.py:3036} INFO - Sync 1 DAGs
[2025-04-27T00:18:24.079+0000] {logging_mixin.py:188} INFO - [2025-04-27T00:18:24.078+0000] {dag.py:3823} INFO - Setting next_dagrun for clean_orders_csv_dag to None, run_after=None
[2025-04-27T00:18:24.097+0000] {processor.py:183} INFO - Processing /opt/airflow/dags/transform_orders_dag.py took 0.314 seconds
[2025-04-27T00:18:55.015+0000] {processor.py:161} INFO - Started process (PID=3352) to work on /opt/airflow/dags/transform_orders_dag.py
[2025-04-27T00:18:55.017+0000] {processor.py:830} INFO - Processing file /opt/airflow/dags/transform_orders_dag.py for tasks to queue
[2025-04-27T00:18:55.018+0000] {logging_mixin.py:188} INFO - [2025-04-27T00:18:55.018+0000] {dagbag.py:538} INFO - Filling up the DagBag from /opt/airflow/dags/transform_orders_dag.py
[2025-04-27T00:18:55.499+0000] {processor.py:840} INFO - DAG(s) 'clean_orders_csv_dag' retrieved from /opt/airflow/dags/transform_orders_dag.py
[2025-04-27T00:18:55.520+0000] {logging_mixin.py:188} INFO - [2025-04-27T00:18:55.520+0000] {dag.py:3036} INFO - Sync 1 DAGs
[2025-04-27T00:18:55.532+0000] {logging_mixin.py:188} INFO - [2025-04-27T00:18:55.532+0000] {dag.py:3823} INFO - Setting next_dagrun for clean_orders_csv_dag to None, run_after=None
[2025-04-27T00:18:55.551+0000] {processor.py:183} INFO - Processing /opt/airflow/dags/transform_orders_dag.py took 0.540 seconds
[2025-04-27T00:19:40.301+0000] {processor.py:161} INFO - Started process (PID=191) to work on /opt/airflow/dags/transform_orders_dag.py
[2025-04-27T00:19:40.303+0000] {processor.py:830} INFO - Processing file /opt/airflow/dags/transform_orders_dag.py for tasks to queue
[2025-04-27T00:19:40.305+0000] {logging_mixin.py:188} INFO - [2025-04-27T00:19:40.304+0000] {dagbag.py:538} INFO - Filling up the DagBag from /opt/airflow/dags/transform_orders_dag.py
[2025-04-27T00:19:40.798+0000] {processor.py:840} INFO - DAG(s) 'clean_orders_csv_dag' retrieved from /opt/airflow/dags/transform_orders_dag.py
[2025-04-27T00:19:40.816+0000] {logging_mixin.py:188} INFO - [2025-04-27T00:19:40.815+0000] {dag.py:3036} INFO - Sync 1 DAGs
[2025-04-27T00:19:40.833+0000] {logging_mixin.py:188} INFO - [2025-04-27T00:19:40.833+0000] {dag.py:3823} INFO - Setting next_dagrun for clean_orders_csv_dag to None, run_after=None
[2025-04-27T00:19:40.873+0000] {processor.py:183} INFO - Processing /opt/airflow/dags/transform_orders_dag.py took 0.575 seconds
[2025-04-27T00:20:11.058+0000] {processor.py:161} INFO - Started process (PID=234) to work on /opt/airflow/dags/transform_orders_dag.py
[2025-04-27T00:20:11.060+0000] {processor.py:830} INFO - Processing file /opt/airflow/dags/transform_orders_dag.py for tasks to queue
[2025-04-27T00:20:11.062+0000] {logging_mixin.py:188} INFO - [2025-04-27T00:20:11.062+0000] {dagbag.py:538} INFO - Filling up the DagBag from /opt/airflow/dags/transform_orders_dag.py
[2025-04-27T00:20:11.438+0000] {processor.py:840} INFO - DAG(s) 'clean_orders_csv_dag' retrieved from /opt/airflow/dags/transform_orders_dag.py
[2025-04-27T00:20:11.570+0000] {logging_mixin.py:188} INFO - [2025-04-27T00:20:11.569+0000] {dag.py:3036} INFO - Sync 1 DAGs
[2025-04-27T00:20:11.583+0000] {logging_mixin.py:188} INFO - [2025-04-27T00:20:11.583+0000] {dag.py:3823} INFO - Setting next_dagrun for clean_orders_csv_dag to None, run_after=None
[2025-04-27T00:20:11.608+0000] {processor.py:183} INFO - Processing /opt/airflow/dags/transform_orders_dag.py took 0.555 seconds
[2025-04-27T00:20:41.859+0000] {processor.py:161} INFO - Started process (PID=279) to work on /opt/airflow/dags/transform_orders_dag.py
[2025-04-27T00:20:41.860+0000] {processor.py:830} INFO - Processing file /opt/airflow/dags/transform_orders_dag.py for tasks to queue
[2025-04-27T00:20:41.861+0000] {logging_mixin.py:188} INFO - [2025-04-27T00:20:41.861+0000] {dagbag.py:538} INFO - Filling up the DagBag from /opt/airflow/dags/transform_orders_dag.py
[2025-04-27T00:20:42.095+0000] {processor.py:840} INFO - DAG(s) 'clean_orders_csv_dag' retrieved from /opt/airflow/dags/transform_orders_dag.py
[2025-04-27T00:20:42.114+0000] {logging_mixin.py:188} INFO - [2025-04-27T00:20:42.113+0000] {dag.py:3036} INFO - Sync 1 DAGs
[2025-04-27T00:20:42.122+0000] {logging_mixin.py:188} INFO - [2025-04-27T00:20:42.122+0000] {dag.py:3823} INFO - Setting next_dagrun for clean_orders_csv_dag to None, run_after=None
[2025-04-27T00:20:42.136+0000] {processor.py:183} INFO - Processing /opt/airflow/dags/transform_orders_dag.py took 0.279 seconds
[2025-04-27T00:21:12.239+0000] {processor.py:161} INFO - Started process (PID=320) to work on /opt/airflow/dags/transform_orders_dag.py
[2025-04-27T00:21:12.240+0000] {processor.py:830} INFO - Processing file /opt/airflow/dags/transform_orders_dag.py for tasks to queue
[2025-04-27T00:21:12.242+0000] {logging_mixin.py:188} INFO - [2025-04-27T00:21:12.241+0000] {dagbag.py:538} INFO - Filling up the DagBag from /opt/airflow/dags/transform_orders_dag.py
[2025-04-27T00:21:12.527+0000] {processor.py:840} INFO - DAG(s) 'clean_orders_csv_dag' retrieved from /opt/airflow/dags/transform_orders_dag.py
[2025-04-27T00:21:12.545+0000] {logging_mixin.py:188} INFO - [2025-04-27T00:21:12.545+0000] {dag.py:3036} INFO - Sync 1 DAGs
[2025-04-27T00:21:12.553+0000] {logging_mixin.py:188} INFO - [2025-04-27T00:21:12.553+0000] {dag.py:3823} INFO - Setting next_dagrun for clean_orders_csv_dag to None, run_after=None
[2025-04-27T00:21:12.570+0000] {processor.py:183} INFO - Processing /opt/airflow/dags/transform_orders_dag.py took 0.334 seconds
[2025-04-27T00:21:42.781+0000] {processor.py:161} INFO - Started process (PID=366) to work on /opt/airflow/dags/transform_orders_dag.py
[2025-04-27T00:21:42.782+0000] {processor.py:830} INFO - Processing file /opt/airflow/dags/transform_orders_dag.py for tasks to queue
[2025-04-27T00:21:42.784+0000] {logging_mixin.py:188} INFO - [2025-04-27T00:21:42.783+0000] {dagbag.py:538} INFO - Filling up the DagBag from /opt/airflow/dags/transform_orders_dag.py
[2025-04-27T00:21:43.453+0000] {processor.py:840} INFO - DAG(s) 'clean_orders_csv_dag' retrieved from /opt/airflow/dags/transform_orders_dag.py
[2025-04-27T00:21:43.481+0000] {logging_mixin.py:188} INFO - [2025-04-27T00:21:43.480+0000] {dag.py:3036} INFO - Sync 1 DAGs
[2025-04-27T00:21:43.499+0000] {logging_mixin.py:188} INFO - [2025-04-27T00:21:43.499+0000] {dag.py:3823} INFO - Setting next_dagrun for clean_orders_csv_dag to None, run_after=None
[2025-04-27T00:21:43.523+0000] {processor.py:183} INFO - Processing /opt/airflow/dags/transform_orders_dag.py took 0.744 seconds
[2025-04-27T00:22:13.781+0000] {processor.py:161} INFO - Started process (PID=409) to work on /opt/airflow/dags/transform_orders_dag.py
[2025-04-27T00:22:13.782+0000] {processor.py:830} INFO - Processing file /opt/airflow/dags/transform_orders_dag.py for tasks to queue
[2025-04-27T00:22:13.784+0000] {logging_mixin.py:188} INFO - [2025-04-27T00:22:13.783+0000] {dagbag.py:538} INFO - Filling up the DagBag from /opt/airflow/dags/transform_orders_dag.py
[2025-04-27T00:22:14.055+0000] {processor.py:840} INFO - DAG(s) 'clean_orders_csv_dag' retrieved from /opt/airflow/dags/transform_orders_dag.py
[2025-04-27T00:22:14.076+0000] {logging_mixin.py:188} INFO - [2025-04-27T00:22:14.076+0000] {dag.py:3036} INFO - Sync 1 DAGs
[2025-04-27T00:22:14.087+0000] {logging_mixin.py:188} INFO - [2025-04-27T00:22:14.087+0000] {dag.py:3823} INFO - Setting next_dagrun for clean_orders_csv_dag to None, run_after=None
[2025-04-27T00:22:14.109+0000] {processor.py:183} INFO - Processing /opt/airflow/dags/transform_orders_dag.py took 0.333 seconds
[2025-04-27T00:22:44.299+0000] {processor.py:161} INFO - Started process (PID=452) to work on /opt/airflow/dags/transform_orders_dag.py
[2025-04-27T00:22:44.300+0000] {processor.py:830} INFO - Processing file /opt/airflow/dags/transform_orders_dag.py for tasks to queue
[2025-04-27T00:22:44.301+0000] {logging_mixin.py:188} INFO - [2025-04-27T00:22:44.301+0000] {dagbag.py:538} INFO - Filling up the DagBag from /opt/airflow/dags/transform_orders_dag.py
[2025-04-27T00:22:44.600+0000] {processor.py:840} INFO - DAG(s) 'clean_orders_csv_dag' retrieved from /opt/airflow/dags/transform_orders_dag.py
[2025-04-27T00:22:44.623+0000] {logging_mixin.py:188} INFO - [2025-04-27T00:22:44.623+0000] {dag.py:3036} INFO - Sync 1 DAGs
[2025-04-27T00:22:44.633+0000] {logging_mixin.py:188} INFO - [2025-04-27T00:22:44.633+0000] {dag.py:3823} INFO - Setting next_dagrun for clean_orders_csv_dag to None, run_after=None
[2025-04-27T00:22:44.651+0000] {processor.py:183} INFO - Processing /opt/airflow/dags/transform_orders_dag.py took 0.355 seconds
[2025-04-27T00:23:14.952+0000] {processor.py:161} INFO - Started process (PID=497) to work on /opt/airflow/dags/transform_orders_dag.py
[2025-04-27T00:23:14.954+0000] {processor.py:830} INFO - Processing file /opt/airflow/dags/transform_orders_dag.py for tasks to queue
[2025-04-27T00:23:14.955+0000] {logging_mixin.py:188} INFO - [2025-04-27T00:23:14.954+0000] {dagbag.py:538} INFO - Filling up the DagBag from /opt/airflow/dags/transform_orders_dag.py
[2025-04-27T00:23:15.348+0000] {processor.py:840} INFO - DAG(s) 'clean_orders_csv_dag' retrieved from /opt/airflow/dags/transform_orders_dag.py
[2025-04-27T00:23:15.384+0000] {logging_mixin.py:188} INFO - [2025-04-27T00:23:15.383+0000] {dag.py:3036} INFO - Sync 1 DAGs
[2025-04-27T00:23:15.399+0000] {logging_mixin.py:188} INFO - [2025-04-27T00:23:15.399+0000] {dag.py:3823} INFO - Setting next_dagrun for clean_orders_csv_dag to None, run_after=None
[2025-04-27T00:23:15.423+0000] {processor.py:183} INFO - Processing /opt/airflow/dags/transform_orders_dag.py took 0.474 seconds
[2025-04-27T00:23:45.604+0000] {processor.py:161} INFO - Started process (PID=540) to work on /opt/airflow/dags/transform_orders_dag.py
[2025-04-27T00:23:45.605+0000] {processor.py:830} INFO - Processing file /opt/airflow/dags/transform_orders_dag.py for tasks to queue
[2025-04-27T00:23:45.606+0000] {logging_mixin.py:188} INFO - [2025-04-27T00:23:45.606+0000] {dagbag.py:538} INFO - Filling up the DagBag from /opt/airflow/dags/transform_orders_dag.py
[2025-04-27T00:23:45.867+0000] {processor.py:840} INFO - DAG(s) 'clean_orders_csv_dag' retrieved from /opt/airflow/dags/transform_orders_dag.py
[2025-04-27T00:23:45.892+0000] {logging_mixin.py:188} INFO - [2025-04-27T00:23:45.891+0000] {dag.py:3036} INFO - Sync 1 DAGs
[2025-04-27T00:23:45.902+0000] {logging_mixin.py:188} INFO - [2025-04-27T00:23:45.902+0000] {dag.py:3823} INFO - Setting next_dagrun for clean_orders_csv_dag to None, run_after=None
[2025-04-27T00:23:45.924+0000] {processor.py:183} INFO - Processing /opt/airflow/dags/transform_orders_dag.py took 0.322 seconds
[2025-04-27T00:24:35.126+0000] {processor.py:161} INFO - Started process (PID=191) to work on /opt/airflow/dags/transform_orders_dag.py
[2025-04-27T00:24:35.127+0000] {processor.py:830} INFO - Processing file /opt/airflow/dags/transform_orders_dag.py for tasks to queue
[2025-04-27T00:24:35.129+0000] {logging_mixin.py:188} INFO - [2025-04-27T00:24:35.128+0000] {dagbag.py:538} INFO - Filling up the DagBag from /opt/airflow/dags/transform_orders_dag.py
[2025-04-27T00:24:35.804+0000] {processor.py:840} INFO - DAG(s) 'clean_orders_csv_dag' retrieved from /opt/airflow/dags/transform_orders_dag.py
[2025-04-27T00:24:35.831+0000] {logging_mixin.py:188} INFO - [2025-04-27T00:24:35.830+0000] {dag.py:3036} INFO - Sync 1 DAGs
[2025-04-27T00:24:35.858+0000] {logging_mixin.py:188} INFO - [2025-04-27T00:24:35.858+0000] {dag.py:3823} INFO - Setting next_dagrun for clean_orders_csv_dag to None, run_after=None
[2025-04-27T00:24:35.896+0000] {processor.py:183} INFO - Processing /opt/airflow/dags/transform_orders_dag.py took 0.777 seconds
[2025-04-27T00:25:06.240+0000] {processor.py:161} INFO - Started process (PID=234) to work on /opt/airflow/dags/transform_orders_dag.py
[2025-04-27T00:25:06.241+0000] {processor.py:830} INFO - Processing file /opt/airflow/dags/transform_orders_dag.py for tasks to queue
[2025-04-27T00:25:06.242+0000] {logging_mixin.py:188} INFO - [2025-04-27T00:25:06.242+0000] {dagbag.py:538} INFO - Filling up the DagBag from /opt/airflow/dags/transform_orders_dag.py
[2025-04-27T00:25:06.565+0000] {processor.py:840} INFO - DAG(s) 'clean_orders_csv_dag' retrieved from /opt/airflow/dags/transform_orders_dag.py
[2025-04-27T00:25:06.693+0000] {logging_mixin.py:188} INFO - [2025-04-27T00:25:06.692+0000] {dag.py:3036} INFO - Sync 1 DAGs
[2025-04-27T00:25:06.708+0000] {logging_mixin.py:188} INFO - [2025-04-27T00:25:06.708+0000] {dag.py:3823} INFO - Setting next_dagrun for clean_orders_csv_dag to None, run_after=None
[2025-04-27T00:25:06.736+0000] {processor.py:183} INFO - Processing /opt/airflow/dags/transform_orders_dag.py took 0.500 seconds
[2025-04-27T00:25:36.818+0000] {processor.py:161} INFO - Started process (PID=277) to work on /opt/airflow/dags/transform_orders_dag.py
[2025-04-27T00:25:36.819+0000] {processor.py:830} INFO - Processing file /opt/airflow/dags/transform_orders_dag.py for tasks to queue
[2025-04-27T00:25:36.820+0000] {logging_mixin.py:188} INFO - [2025-04-27T00:25:36.820+0000] {dagbag.py:538} INFO - Filling up the DagBag from /opt/airflow/dags/transform_orders_dag.py
[2025-04-27T00:25:37.138+0000] {processor.py:840} INFO - DAG(s) 'clean_orders_csv_dag' retrieved from /opt/airflow/dags/transform_orders_dag.py
[2025-04-27T00:25:37.162+0000] {logging_mixin.py:188} INFO - [2025-04-27T00:25:37.162+0000] {dag.py:3036} INFO - Sync 1 DAGs
[2025-04-27T00:25:37.173+0000] {logging_mixin.py:188} INFO - [2025-04-27T00:25:37.173+0000] {dag.py:3823} INFO - Setting next_dagrun for clean_orders_csv_dag to None, run_after=None
[2025-04-27T00:25:37.193+0000] {processor.py:183} INFO - Processing /opt/airflow/dags/transform_orders_dag.py took 0.377 seconds
[2025-04-27T00:26:07.365+0000] {processor.py:161} INFO - Started process (PID=320) to work on /opt/airflow/dags/transform_orders_dag.py
[2025-04-27T00:26:07.367+0000] {processor.py:830} INFO - Processing file /opt/airflow/dags/transform_orders_dag.py for tasks to queue
[2025-04-27T00:26:07.369+0000] {logging_mixin.py:188} INFO - [2025-04-27T00:26:07.368+0000] {dagbag.py:538} INFO - Filling up the DagBag from /opt/airflow/dags/transform_orders_dag.py
[2025-04-27T00:26:07.691+0000] {processor.py:840} INFO - DAG(s) 'clean_orders_csv_dag' retrieved from /opt/airflow/dags/transform_orders_dag.py
[2025-04-27T00:26:07.717+0000] {logging_mixin.py:188} INFO - [2025-04-27T00:26:07.717+0000] {dag.py:3036} INFO - Sync 1 DAGs
[2025-04-27T00:26:07.729+0000] {logging_mixin.py:188} INFO - [2025-04-27T00:26:07.728+0000] {dag.py:3823} INFO - Setting next_dagrun for clean_orders_csv_dag to None, run_after=None
[2025-04-27T00:26:07.752+0000] {processor.py:183} INFO - Processing /opt/airflow/dags/transform_orders_dag.py took 0.390 seconds
[2025-04-27T00:26:37.992+0000] {processor.py:161} INFO - Started process (PID=363) to work on /opt/airflow/dags/transform_orders_dag.py
[2025-04-27T00:26:37.994+0000] {processor.py:830} INFO - Processing file /opt/airflow/dags/transform_orders_dag.py for tasks to queue
[2025-04-27T00:26:37.995+0000] {logging_mixin.py:188} INFO - [2025-04-27T00:26:37.995+0000] {dagbag.py:538} INFO - Filling up the DagBag from /opt/airflow/dags/transform_orders_dag.py
[2025-04-27T00:26:38.317+0000] {processor.py:840} INFO - DAG(s) 'clean_orders_csv_dag' retrieved from /opt/airflow/dags/transform_orders_dag.py
[2025-04-27T00:26:38.341+0000] {logging_mixin.py:188} INFO - [2025-04-27T00:26:38.340+0000] {dag.py:3036} INFO - Sync 1 DAGs
[2025-04-27T00:26:38.353+0000] {logging_mixin.py:188} INFO - [2025-04-27T00:26:38.353+0000] {dag.py:3823} INFO - Setting next_dagrun for clean_orders_csv_dag to None, run_after=None
[2025-04-27T00:26:38.379+0000] {processor.py:183} INFO - Processing /opt/airflow/dags/transform_orders_dag.py took 0.390 seconds
[2025-04-27T00:27:08.528+0000] {processor.py:161} INFO - Started process (PID=408) to work on /opt/airflow/dags/transform_orders_dag.py
[2025-04-27T00:27:08.529+0000] {processor.py:830} INFO - Processing file /opt/airflow/dags/transform_orders_dag.py for tasks to queue
[2025-04-27T00:27:08.530+0000] {logging_mixin.py:188} INFO - [2025-04-27T00:27:08.530+0000] {dagbag.py:538} INFO - Filling up the DagBag from /opt/airflow/dags/transform_orders_dag.py
[2025-04-27T00:27:08.869+0000] {processor.py:840} INFO - DAG(s) 'clean_orders_csv_dag' retrieved from /opt/airflow/dags/transform_orders_dag.py
[2025-04-27T00:27:08.895+0000] {logging_mixin.py:188} INFO - [2025-04-27T00:27:08.894+0000] {dag.py:3036} INFO - Sync 1 DAGs
[2025-04-27T00:27:08.910+0000] {logging_mixin.py:188} INFO - [2025-04-27T00:27:08.910+0000] {dag.py:3823} INFO - Setting next_dagrun for clean_orders_csv_dag to None, run_after=None
[2025-04-27T00:27:08.939+0000] {processor.py:183} INFO - Processing /opt/airflow/dags/transform_orders_dag.py took 0.413 seconds
[2025-04-27T00:27:39.348+0000] {processor.py:161} INFO - Started process (PID=459) to work on /opt/airflow/dags/transform_orders_dag.py
[2025-04-27T00:27:39.350+0000] {processor.py:830} INFO - Processing file /opt/airflow/dags/transform_orders_dag.py for tasks to queue
[2025-04-27T00:27:39.351+0000] {logging_mixin.py:188} INFO - [2025-04-27T00:27:39.351+0000] {dagbag.py:538} INFO - Filling up the DagBag from /opt/airflow/dags/transform_orders_dag.py
[2025-04-27T00:27:39.623+0000] {processor.py:840} INFO - DAG(s) 'clean_orders_csv_dag' retrieved from /opt/airflow/dags/transform_orders_dag.py
[2025-04-27T00:27:39.642+0000] {logging_mixin.py:188} INFO - [2025-04-27T00:27:39.642+0000] {dag.py:3036} INFO - Sync 1 DAGs
[2025-04-27T00:27:39.653+0000] {logging_mixin.py:188} INFO - [2025-04-27T00:27:39.653+0000] {dag.py:3823} INFO - Setting next_dagrun for clean_orders_csv_dag to None, run_after=None
[2025-04-27T00:27:39.669+0000] {processor.py:183} INFO - Processing /opt/airflow/dags/transform_orders_dag.py took 0.323 seconds
[2025-04-27T00:28:10.043+0000] {processor.py:161} INFO - Started process (PID=503) to work on /opt/airflow/dags/transform_orders_dag.py
[2025-04-27T00:28:10.045+0000] {processor.py:830} INFO - Processing file /opt/airflow/dags/transform_orders_dag.py for tasks to queue
[2025-04-27T00:28:10.047+0000] {logging_mixin.py:188} INFO - [2025-04-27T00:28:10.045+0000] {dagbag.py:538} INFO - Filling up the DagBag from /opt/airflow/dags/transform_orders_dag.py
[2025-04-27T00:28:10.360+0000] {processor.py:840} INFO - DAG(s) 'clean_orders_csv_dag' retrieved from /opt/airflow/dags/transform_orders_dag.py
[2025-04-27T00:28:10.386+0000] {logging_mixin.py:188} INFO - [2025-04-27T00:28:10.386+0000] {dag.py:3036} INFO - Sync 1 DAGs
[2025-04-27T00:28:10.396+0000] {logging_mixin.py:188} INFO - [2025-04-27T00:28:10.396+0000] {dag.py:3823} INFO - Setting next_dagrun for clean_orders_csv_dag to None, run_after=None
[2025-04-27T00:28:10.424+0000] {processor.py:183} INFO - Processing /opt/airflow/dags/transform_orders_dag.py took 0.383 seconds
[2025-04-27T00:28:40.512+0000] {processor.py:161} INFO - Started process (PID=548) to work on /opt/airflow/dags/transform_orders_dag.py
[2025-04-27T00:28:40.513+0000] {processor.py:830} INFO - Processing file /opt/airflow/dags/transform_orders_dag.py for tasks to queue
[2025-04-27T00:28:40.514+0000] {logging_mixin.py:188} INFO - [2025-04-27T00:28:40.514+0000] {dagbag.py:538} INFO - Filling up the DagBag from /opt/airflow/dags/transform_orders_dag.py
[2025-04-27T00:28:40.749+0000] {processor.py:840} INFO - DAG(s) 'clean_orders_csv_dag' retrieved from /opt/airflow/dags/transform_orders_dag.py
[2025-04-27T00:28:40.766+0000] {logging_mixin.py:188} INFO - [2025-04-27T00:28:40.766+0000] {dag.py:3036} INFO - Sync 1 DAGs
[2025-04-27T00:28:40.775+0000] {logging_mixin.py:188} INFO - [2025-04-27T00:28:40.774+0000] {dag.py:3823} INFO - Setting next_dagrun for clean_orders_csv_dag to None, run_after=None
[2025-04-27T00:28:40.794+0000] {processor.py:183} INFO - Processing /opt/airflow/dags/transform_orders_dag.py took 0.286 seconds
[2025-04-27T00:29:11.457+0000] {processor.py:161} INFO - Started process (PID=591) to work on /opt/airflow/dags/transform_orders_dag.py
[2025-04-27T00:29:11.459+0000] {processor.py:830} INFO - Processing file /opt/airflow/dags/transform_orders_dag.py for tasks to queue
[2025-04-27T00:29:11.460+0000] {logging_mixin.py:188} INFO - [2025-04-27T00:29:11.460+0000] {dagbag.py:538} INFO - Filling up the DagBag from /opt/airflow/dags/transform_orders_dag.py
[2025-04-27T00:29:11.746+0000] {processor.py:840} INFO - DAG(s) 'clean_orders_csv_dag' retrieved from /opt/airflow/dags/transform_orders_dag.py
[2025-04-27T00:29:11.773+0000] {logging_mixin.py:188} INFO - [2025-04-27T00:29:11.773+0000] {dag.py:3036} INFO - Sync 1 DAGs
[2025-04-27T00:29:11.786+0000] {logging_mixin.py:188} INFO - [2025-04-27T00:29:11.785+0000] {dag.py:3823} INFO - Setting next_dagrun for clean_orders_csv_dag to None, run_after=None
[2025-04-27T00:29:11.807+0000] {processor.py:183} INFO - Processing /opt/airflow/dags/transform_orders_dag.py took 0.353 seconds
[2025-04-27T00:29:42.727+0000] {processor.py:161} INFO - Started process (PID=634) to work on /opt/airflow/dags/transform_orders_dag.py
[2025-04-27T00:29:42.728+0000] {processor.py:830} INFO - Processing file /opt/airflow/dags/transform_orders_dag.py for tasks to queue
[2025-04-27T00:29:42.729+0000] {logging_mixin.py:188} INFO - [2025-04-27T00:29:42.729+0000] {dagbag.py:538} INFO - Filling up the DagBag from /opt/airflow/dags/transform_orders_dag.py
[2025-04-27T00:29:42.989+0000] {processor.py:840} INFO - DAG(s) 'clean_orders_csv_dag' retrieved from /opt/airflow/dags/transform_orders_dag.py
[2025-04-27T00:29:43.010+0000] {logging_mixin.py:188} INFO - [2025-04-27T00:29:43.010+0000] {dag.py:3036} INFO - Sync 1 DAGs
[2025-04-27T00:29:43.020+0000] {logging_mixin.py:188} INFO - [2025-04-27T00:29:43.019+0000] {dag.py:3823} INFO - Setting next_dagrun for clean_orders_csv_dag to None, run_after=None
[2025-04-27T00:29:43.036+0000] {processor.py:183} INFO - Processing /opt/airflow/dags/transform_orders_dag.py took 0.311 seconds
[2025-04-27T00:30:13.307+0000] {processor.py:161} INFO - Started process (PID=677) to work on /opt/airflow/dags/transform_orders_dag.py
[2025-04-27T00:30:13.308+0000] {processor.py:830} INFO - Processing file /opt/airflow/dags/transform_orders_dag.py for tasks to queue
[2025-04-27T00:30:13.309+0000] {logging_mixin.py:188} INFO - [2025-04-27T00:30:13.309+0000] {dagbag.py:538} INFO - Filling up the DagBag from /opt/airflow/dags/transform_orders_dag.py
[2025-04-27T00:30:13.570+0000] {processor.py:840} INFO - DAG(s) 'clean_orders_csv_dag' retrieved from /opt/airflow/dags/transform_orders_dag.py
[2025-04-27T00:30:13.589+0000] {logging_mixin.py:188} INFO - [2025-04-27T00:30:13.588+0000] {dag.py:3036} INFO - Sync 1 DAGs
[2025-04-27T00:30:13.598+0000] {logging_mixin.py:188} INFO - [2025-04-27T00:30:13.598+0000] {dag.py:3823} INFO - Setting next_dagrun for clean_orders_csv_dag to None, run_after=None
[2025-04-27T00:30:13.613+0000] {processor.py:183} INFO - Processing /opt/airflow/dags/transform_orders_dag.py took 0.309 seconds
[2025-04-27T00:30:43.774+0000] {processor.py:161} INFO - Started process (PID=720) to work on /opt/airflow/dags/transform_orders_dag.py
[2025-04-27T00:30:43.775+0000] {processor.py:830} INFO - Processing file /opt/airflow/dags/transform_orders_dag.py for tasks to queue
[2025-04-27T00:30:43.776+0000] {logging_mixin.py:188} INFO - [2025-04-27T00:30:43.776+0000] {dagbag.py:538} INFO - Filling up the DagBag from /opt/airflow/dags/transform_orders_dag.py
[2025-04-27T00:30:43.986+0000] {processor.py:840} INFO - DAG(s) 'clean_orders_csv_dag' retrieved from /opt/airflow/dags/transform_orders_dag.py
[2025-04-27T00:30:44.003+0000] {logging_mixin.py:188} INFO - [2025-04-27T00:30:44.002+0000] {dag.py:3036} INFO - Sync 1 DAGs
[2025-04-27T00:30:44.012+0000] {logging_mixin.py:188} INFO - [2025-04-27T00:30:44.011+0000] {dag.py:3823} INFO - Setting next_dagrun for clean_orders_csv_dag to None, run_after=None
[2025-04-27T00:30:44.026+0000] {processor.py:183} INFO - Processing /opt/airflow/dags/transform_orders_dag.py took 0.255 seconds
[2025-04-27T00:31:14.618+0000] {processor.py:161} INFO - Started process (PID=756) to work on /opt/airflow/dags/transform_orders_dag.py
[2025-04-27T00:31:14.620+0000] {processor.py:830} INFO - Processing file /opt/airflow/dags/transform_orders_dag.py for tasks to queue
[2025-04-27T00:31:14.622+0000] {logging_mixin.py:188} INFO - [2025-04-27T00:31:14.621+0000] {dagbag.py:538} INFO - Filling up the DagBag from /opt/airflow/dags/transform_orders_dag.py
[2025-04-27T00:31:15.032+0000] {processor.py:840} INFO - DAG(s) 'clean_orders_csv_dag' retrieved from /opt/airflow/dags/transform_orders_dag.py
[2025-04-27T00:31:15.075+0000] {logging_mixin.py:188} INFO - [2025-04-27T00:31:15.074+0000] {dag.py:3036} INFO - Sync 1 DAGs
[2025-04-27T00:31:15.093+0000] {logging_mixin.py:188} INFO - [2025-04-27T00:31:15.093+0000] {dag.py:3823} INFO - Setting next_dagrun for clean_orders_csv_dag to None, run_after=None
[2025-04-27T00:31:15.126+0000] {processor.py:183} INFO - Processing /opt/airflow/dags/transform_orders_dag.py took 0.512 seconds
[2025-04-27T00:31:45.642+0000] {processor.py:161} INFO - Started process (PID=806) to work on /opt/airflow/dags/transform_orders_dag.py
[2025-04-27T00:31:45.643+0000] {processor.py:830} INFO - Processing file /opt/airflow/dags/transform_orders_dag.py for tasks to queue
[2025-04-27T00:31:45.644+0000] {logging_mixin.py:188} INFO - [2025-04-27T00:31:45.644+0000] {dagbag.py:538} INFO - Filling up the DagBag from /opt/airflow/dags/transform_orders_dag.py
[2025-04-27T00:31:45.871+0000] {processor.py:840} INFO - DAG(s) 'clean_orders_csv_dag' retrieved from /opt/airflow/dags/transform_orders_dag.py
[2025-04-27T00:31:45.891+0000] {logging_mixin.py:188} INFO - [2025-04-27T00:31:45.890+0000] {dag.py:3036} INFO - Sync 1 DAGs
[2025-04-27T00:31:45.900+0000] {logging_mixin.py:188} INFO - [2025-04-27T00:31:45.900+0000] {dag.py:3823} INFO - Setting next_dagrun for clean_orders_csv_dag to None, run_after=None
[2025-04-27T00:31:45.917+0000] {processor.py:183} INFO - Processing /opt/airflow/dags/transform_orders_dag.py took 0.277 seconds
[2025-04-27T00:32:16.014+0000] {processor.py:161} INFO - Started process (PID=849) to work on /opt/airflow/dags/transform_orders_dag.py
[2025-04-27T00:32:16.015+0000] {processor.py:830} INFO - Processing file /opt/airflow/dags/transform_orders_dag.py for tasks to queue
[2025-04-27T00:32:16.016+0000] {logging_mixin.py:188} INFO - [2025-04-27T00:32:16.015+0000] {dagbag.py:538} INFO - Filling up the DagBag from /opt/airflow/dags/transform_orders_dag.py
[2025-04-27T00:32:16.239+0000] {processor.py:840} INFO - DAG(s) 'clean_orders_csv_dag' retrieved from /opt/airflow/dags/transform_orders_dag.py
[2025-04-27T00:32:16.255+0000] {logging_mixin.py:188} INFO - [2025-04-27T00:32:16.255+0000] {dag.py:3036} INFO - Sync 1 DAGs
[2025-04-27T00:32:16.265+0000] {logging_mixin.py:188} INFO - [2025-04-27T00:32:16.265+0000] {dag.py:3823} INFO - Setting next_dagrun for clean_orders_csv_dag to None, run_after=None
[2025-04-27T00:32:16.281+0000] {processor.py:183} INFO - Processing /opt/airflow/dags/transform_orders_dag.py took 0.270 seconds
[2025-04-27T00:32:46.361+0000] {processor.py:161} INFO - Started process (PID=890) to work on /opt/airflow/dags/transform_orders_dag.py
[2025-04-27T00:32:46.362+0000] {processor.py:830} INFO - Processing file /opt/airflow/dags/transform_orders_dag.py for tasks to queue
[2025-04-27T00:32:46.364+0000] {logging_mixin.py:188} INFO - [2025-04-27T00:32:46.363+0000] {dagbag.py:538} INFO - Filling up the DagBag from /opt/airflow/dags/transform_orders_dag.py
[2025-04-27T00:32:46.697+0000] {processor.py:840} INFO - DAG(s) 'clean_orders_csv_dag' retrieved from /opt/airflow/dags/transform_orders_dag.py
[2025-04-27T00:32:46.738+0000] {logging_mixin.py:188} INFO - [2025-04-27T00:32:46.737+0000] {dag.py:3036} INFO - Sync 1 DAGs
[2025-04-27T00:32:46.763+0000] {logging_mixin.py:188} INFO - [2025-04-27T00:32:46.763+0000] {dag.py:3823} INFO - Setting next_dagrun for clean_orders_csv_dag to None, run_after=None
[2025-04-27T00:32:46.799+0000] {processor.py:183} INFO - Processing /opt/airflow/dags/transform_orders_dag.py took 0.440 seconds
[2025-04-27T00:33:16.936+0000] {processor.py:161} INFO - Started process (PID=935) to work on /opt/airflow/dags/transform_orders_dag.py
[2025-04-27T00:33:16.937+0000] {processor.py:830} INFO - Processing file /opt/airflow/dags/transform_orders_dag.py for tasks to queue
[2025-04-27T00:33:16.938+0000] {logging_mixin.py:188} INFO - [2025-04-27T00:33:16.938+0000] {dagbag.py:538} INFO - Filling up the DagBag from /opt/airflow/dags/transform_orders_dag.py
[2025-04-27T00:33:17.193+0000] {processor.py:840} INFO - DAG(s) 'clean_orders_csv_dag' retrieved from /opt/airflow/dags/transform_orders_dag.py
[2025-04-27T00:33:17.216+0000] {logging_mixin.py:188} INFO - [2025-04-27T00:33:17.216+0000] {dag.py:3036} INFO - Sync 1 DAGs
[2025-04-27T00:33:17.226+0000] {logging_mixin.py:188} INFO - [2025-04-27T00:33:17.226+0000] {dag.py:3823} INFO - Setting next_dagrun for clean_orders_csv_dag to None, run_after=None
[2025-04-27T00:33:17.244+0000] {processor.py:183} INFO - Processing /opt/airflow/dags/transform_orders_dag.py took 0.310 seconds
[2025-04-27T00:33:47.503+0000] {processor.py:161} INFO - Started process (PID=978) to work on /opt/airflow/dags/transform_orders_dag.py
[2025-04-27T00:33:47.504+0000] {processor.py:830} INFO - Processing file /opt/airflow/dags/transform_orders_dag.py for tasks to queue
[2025-04-27T00:33:47.505+0000] {logging_mixin.py:188} INFO - [2025-04-27T00:33:47.505+0000] {dagbag.py:538} INFO - Filling up the DagBag from /opt/airflow/dags/transform_orders_dag.py
[2025-04-27T00:33:47.713+0000] {processor.py:840} INFO - DAG(s) 'clean_orders_csv_dag' retrieved from /opt/airflow/dags/transform_orders_dag.py
[2025-04-27T00:33:47.731+0000] {logging_mixin.py:188} INFO - [2025-04-27T00:33:47.730+0000] {dag.py:3036} INFO - Sync 1 DAGs
[2025-04-27T00:33:47.740+0000] {logging_mixin.py:188} INFO - [2025-04-27T00:33:47.740+0000] {dag.py:3823} INFO - Setting next_dagrun for clean_orders_csv_dag to None, run_after=None
[2025-04-27T00:33:47.757+0000] {processor.py:183} INFO - Processing /opt/airflow/dags/transform_orders_dag.py took 0.257 seconds
[2025-04-27T00:34:17.944+0000] {processor.py:161} INFO - Started process (PID=1021) to work on /opt/airflow/dags/transform_orders_dag.py
[2025-04-27T00:34:17.945+0000] {processor.py:830} INFO - Processing file /opt/airflow/dags/transform_orders_dag.py for tasks to queue
[2025-04-27T00:34:17.946+0000] {logging_mixin.py:188} INFO - [2025-04-27T00:34:17.946+0000] {dagbag.py:538} INFO - Filling up the DagBag from /opt/airflow/dags/transform_orders_dag.py
[2025-04-27T00:34:18.179+0000] {processor.py:840} INFO - DAG(s) 'clean_orders_csv_dag' retrieved from /opt/airflow/dags/transform_orders_dag.py
[2025-04-27T00:34:18.202+0000] {logging_mixin.py:188} INFO - [2025-04-27T00:34:18.201+0000] {dag.py:3036} INFO - Sync 1 DAGs
[2025-04-27T00:34:18.211+0000] {logging_mixin.py:188} INFO - [2025-04-27T00:34:18.211+0000] {dag.py:3823} INFO - Setting next_dagrun for clean_orders_csv_dag to None, run_after=None
[2025-04-27T00:34:18.225+0000] {processor.py:183} INFO - Processing /opt/airflow/dags/transform_orders_dag.py took 0.283 seconds
[2025-04-27T00:34:48.646+0000] {processor.py:161} INFO - Started process (PID=1062) to work on /opt/airflow/dags/transform_orders_dag.py
[2025-04-27T00:34:48.648+0000] {processor.py:830} INFO - Processing file /opt/airflow/dags/transform_orders_dag.py for tasks to queue
[2025-04-27T00:34:48.649+0000] {logging_mixin.py:188} INFO - [2025-04-27T00:34:48.648+0000] {dagbag.py:538} INFO - Filling up the DagBag from /opt/airflow/dags/transform_orders_dag.py
[2025-04-27T00:34:48.888+0000] {processor.py:840} INFO - DAG(s) 'clean_orders_csv_dag' retrieved from /opt/airflow/dags/transform_orders_dag.py
[2025-04-27T00:34:48.912+0000] {logging_mixin.py:188} INFO - [2025-04-27T00:34:48.912+0000] {dag.py:3036} INFO - Sync 1 DAGs
[2025-04-27T00:34:48.921+0000] {logging_mixin.py:188} INFO - [2025-04-27T00:34:48.921+0000] {dag.py:3823} INFO - Setting next_dagrun for clean_orders_csv_dag to None, run_after=None
[2025-04-27T00:34:48.942+0000] {processor.py:183} INFO - Processing /opt/airflow/dags/transform_orders_dag.py took 0.300 seconds
[2025-04-27T00:35:19.098+0000] {processor.py:161} INFO - Started process (PID=1107) to work on /opt/airflow/dags/transform_orders_dag.py
[2025-04-27T00:35:19.099+0000] {processor.py:830} INFO - Processing file /opt/airflow/dags/transform_orders_dag.py for tasks to queue
[2025-04-27T00:35:19.100+0000] {logging_mixin.py:188} INFO - [2025-04-27T00:35:19.100+0000] {dagbag.py:538} INFO - Filling up the DagBag from /opt/airflow/dags/transform_orders_dag.py
[2025-04-27T00:35:19.405+0000] {processor.py:840} INFO - DAG(s) 'clean_orders_csv_dag' retrieved from /opt/airflow/dags/transform_orders_dag.py
[2025-04-27T00:35:19.435+0000] {logging_mixin.py:188} INFO - [2025-04-27T00:35:19.434+0000] {dag.py:3036} INFO - Sync 1 DAGs
[2025-04-27T00:35:19.454+0000] {logging_mixin.py:188} INFO - [2025-04-27T00:35:19.454+0000] {dag.py:3823} INFO - Setting next_dagrun for clean_orders_csv_dag to None, run_after=None
[2025-04-27T00:35:19.584+0000] {processor.py:183} INFO - Processing /opt/airflow/dags/transform_orders_dag.py took 0.489 seconds
[2025-04-27T00:35:50.425+0000] {processor.py:161} INFO - Started process (PID=1150) to work on /opt/airflow/dags/transform_orders_dag.py
[2025-04-27T00:35:50.428+0000] {processor.py:830} INFO - Processing file /opt/airflow/dags/transform_orders_dag.py for tasks to queue
[2025-04-27T00:35:50.432+0000] {logging_mixin.py:188} INFO - [2025-04-27T00:35:50.431+0000] {dagbag.py:538} INFO - Filling up the DagBag from /opt/airflow/dags/transform_orders_dag.py
[2025-04-27T00:35:50.677+0000] {processor.py:840} INFO - DAG(s) 'clean_orders_csv_dag' retrieved from /opt/airflow/dags/transform_orders_dag.py
[2025-04-27T00:35:50.705+0000] {logging_mixin.py:188} INFO - [2025-04-27T00:35:50.704+0000] {dag.py:3036} INFO - Sync 1 DAGs
[2025-04-27T00:35:50.719+0000] {logging_mixin.py:188} INFO - [2025-04-27T00:35:50.719+0000] {dag.py:3823} INFO - Setting next_dagrun for clean_orders_csv_dag to None, run_after=None
[2025-04-27T00:35:50.743+0000] {processor.py:183} INFO - Processing /opt/airflow/dags/transform_orders_dag.py took 0.321 seconds
[2025-04-27T00:36:20.840+0000] {processor.py:161} INFO - Started process (PID=1193) to work on /opt/airflow/dags/transform_orders_dag.py
[2025-04-27T00:36:20.842+0000] {processor.py:830} INFO - Processing file /opt/airflow/dags/transform_orders_dag.py for tasks to queue
[2025-04-27T00:36:20.844+0000] {logging_mixin.py:188} INFO - [2025-04-27T00:36:20.843+0000] {dagbag.py:538} INFO - Filling up the DagBag from /opt/airflow/dags/transform_orders_dag.py
[2025-04-27T00:36:21.367+0000] {processor.py:840} INFO - DAG(s) 'clean_orders_csv_dag' retrieved from /opt/airflow/dags/transform_orders_dag.py
[2025-04-27T00:36:21.444+0000] {logging_mixin.py:188} INFO - [2025-04-27T00:36:21.443+0000] {dag.py:3036} INFO - Sync 1 DAGs
[2025-04-27T00:36:21.464+0000] {logging_mixin.py:188} INFO - [2025-04-27T00:36:21.464+0000] {dag.py:3823} INFO - Setting next_dagrun for clean_orders_csv_dag to None, run_after=None
[2025-04-27T00:36:21.498+0000] {processor.py:183} INFO - Processing /opt/airflow/dags/transform_orders_dag.py took 0.662 seconds
[2025-04-27T00:37:32.539+0000] {processor.py:161} INFO - Started process (PID=191) to work on /opt/airflow/dags/transform_orders_dag.py
[2025-04-27T00:37:32.580+0000] {processor.py:830} INFO - Processing file /opt/airflow/dags/transform_orders_dag.py for tasks to queue
[2025-04-27T00:37:32.596+0000] {logging_mixin.py:188} INFO - [2025-04-27T00:37:32.595+0000] {dagbag.py:538} INFO - Filling up the DagBag from /opt/airflow/dags/transform_orders_dag.py
[2025-04-27T00:37:33.822+0000] {processor.py:840} INFO - DAG(s) 'clean_orders_csv_dag' retrieved from /opt/airflow/dags/transform_orders_dag.py
[2025-04-27T00:37:33.883+0000] {logging_mixin.py:188} INFO - [2025-04-27T00:37:33.882+0000] {dag.py:3036} INFO - Sync 1 DAGs
[2025-04-27T00:37:33.970+0000] {logging_mixin.py:188} INFO - [2025-04-27T00:37:33.970+0000] {dag.py:3823} INFO - Setting next_dagrun for clean_orders_csv_dag to None, run_after=None
[2025-04-27T00:37:34.068+0000] {processor.py:183} INFO - Processing /opt/airflow/dags/transform_orders_dag.py took 1.549 seconds
[2025-04-27T00:38:04.639+0000] {processor.py:161} INFO - Started process (PID=233) to work on /opt/airflow/dags/transform_orders_dag.py
[2025-04-27T00:38:04.641+0000] {processor.py:830} INFO - Processing file /opt/airflow/dags/transform_orders_dag.py for tasks to queue
[2025-04-27T00:38:04.643+0000] {logging_mixin.py:188} INFO - [2025-04-27T00:38:04.642+0000] {dagbag.py:538} INFO - Filling up the DagBag from /opt/airflow/dags/transform_orders_dag.py
[2025-04-27T00:38:05.264+0000] {processor.py:840} INFO - DAG(s) 'clean_orders_csv_dag' retrieved from /opt/airflow/dags/transform_orders_dag.py
[2025-04-27T00:38:05.424+0000] {logging_mixin.py:188} INFO - [2025-04-27T00:38:05.423+0000] {dag.py:3036} INFO - Sync 1 DAGs
[2025-04-27T00:38:05.438+0000] {logging_mixin.py:188} INFO - [2025-04-27T00:38:05.438+0000] {dag.py:3823} INFO - Setting next_dagrun for clean_orders_csv_dag to None, run_after=None
[2025-04-27T00:38:05.471+0000] {processor.py:183} INFO - Processing /opt/airflow/dags/transform_orders_dag.py took 0.838 seconds
[2025-04-27T00:38:36.293+0000] {processor.py:161} INFO - Started process (PID=276) to work on /opt/airflow/dags/transform_orders_dag.py
[2025-04-27T00:38:36.294+0000] {processor.py:830} INFO - Processing file /opt/airflow/dags/transform_orders_dag.py for tasks to queue
[2025-04-27T00:38:36.294+0000] {logging_mixin.py:188} INFO - [2025-04-27T00:38:36.294+0000] {dagbag.py:538} INFO - Filling up the DagBag from /opt/airflow/dags/transform_orders_dag.py
[2025-04-27T00:38:36.567+0000] {processor.py:840} INFO - DAG(s) 'clean_orders_csv_dag' retrieved from /opt/airflow/dags/transform_orders_dag.py
[2025-04-27T00:38:36.600+0000] {logging_mixin.py:188} INFO - [2025-04-27T00:38:36.599+0000] {dag.py:3036} INFO - Sync 1 DAGs
[2025-04-27T00:38:36.614+0000] {logging_mixin.py:188} INFO - [2025-04-27T00:38:36.614+0000] {dag.py:3823} INFO - Setting next_dagrun for clean_orders_csv_dag to None, run_after=None
[2025-04-27T00:38:36.635+0000] {processor.py:183} INFO - Processing /opt/airflow/dags/transform_orders_dag.py took 0.344 seconds
[2025-04-27T00:39:06.829+0000] {processor.py:161} INFO - Started process (PID=319) to work on /opt/airflow/dags/transform_orders_dag.py
[2025-04-27T00:39:06.830+0000] {processor.py:830} INFO - Processing file /opt/airflow/dags/transform_orders_dag.py for tasks to queue
[2025-04-27T00:39:06.831+0000] {logging_mixin.py:188} INFO - [2025-04-27T00:39:06.831+0000] {dagbag.py:538} INFO - Filling up the DagBag from /opt/airflow/dags/transform_orders_dag.py
[2025-04-27T00:39:07.164+0000] {processor.py:840} INFO - DAG(s) 'clean_orders_csv_dag' retrieved from /opt/airflow/dags/transform_orders_dag.py
[2025-04-27T00:39:07.188+0000] {logging_mixin.py:188} INFO - [2025-04-27T00:39:07.187+0000] {dag.py:3036} INFO - Sync 1 DAGs
[2025-04-27T00:39:07.198+0000] {logging_mixin.py:188} INFO - [2025-04-27T00:39:07.198+0000] {dag.py:3823} INFO - Setting next_dagrun for clean_orders_csv_dag to None, run_after=None
[2025-04-27T00:39:07.218+0000] {processor.py:183} INFO - Processing /opt/airflow/dags/transform_orders_dag.py took 0.392 seconds
[2025-04-27T00:39:37.499+0000] {processor.py:161} INFO - Started process (PID=362) to work on /opt/airflow/dags/transform_orders_dag.py
[2025-04-27T00:39:37.500+0000] {processor.py:830} INFO - Processing file /opt/airflow/dags/transform_orders_dag.py for tasks to queue
[2025-04-27T00:39:37.501+0000] {logging_mixin.py:188} INFO - [2025-04-27T00:39:37.501+0000] {dagbag.py:538} INFO - Filling up the DagBag from /opt/airflow/dags/transform_orders_dag.py
[2025-04-27T00:39:37.895+0000] {processor.py:840} INFO - DAG(s) 'clean_orders_csv_dag' retrieved from /opt/airflow/dags/transform_orders_dag.py
[2025-04-27T00:39:37.926+0000] {logging_mixin.py:188} INFO - [2025-04-27T00:39:37.926+0000] {dag.py:3036} INFO - Sync 1 DAGs
[2025-04-27T00:39:37.942+0000] {logging_mixin.py:188} INFO - [2025-04-27T00:39:37.942+0000] {dag.py:3823} INFO - Setting next_dagrun for clean_orders_csv_dag to None, run_after=None
[2025-04-27T00:39:37.969+0000] {processor.py:183} INFO - Processing /opt/airflow/dags/transform_orders_dag.py took 0.473 seconds
[2025-04-27T00:40:08.149+0000] {processor.py:161} INFO - Started process (PID=405) to work on /opt/airflow/dags/transform_orders_dag.py
[2025-04-27T00:40:08.150+0000] {processor.py:830} INFO - Processing file /opt/airflow/dags/transform_orders_dag.py for tasks to queue
[2025-04-27T00:40:08.151+0000] {logging_mixin.py:188} INFO - [2025-04-27T00:40:08.150+0000] {dagbag.py:538} INFO - Filling up the DagBag from /opt/airflow/dags/transform_orders_dag.py
[2025-04-27T00:40:08.484+0000] {processor.py:840} INFO - DAG(s) 'clean_orders_csv_dag' retrieved from /opt/airflow/dags/transform_orders_dag.py
[2025-04-27T00:40:08.517+0000] {logging_mixin.py:188} INFO - [2025-04-27T00:40:08.517+0000] {dag.py:3036} INFO - Sync 1 DAGs
[2025-04-27T00:40:08.534+0000] {logging_mixin.py:188} INFO - [2025-04-27T00:40:08.534+0000] {dag.py:3823} INFO - Setting next_dagrun for clean_orders_csv_dag to None, run_after=None
[2025-04-27T00:40:08.561+0000] {processor.py:183} INFO - Processing /opt/airflow/dags/transform_orders_dag.py took 0.414 seconds
[2025-04-27T00:40:38.836+0000] {processor.py:161} INFO - Started process (PID=448) to work on /opt/airflow/dags/transform_orders_dag.py
[2025-04-27T00:40:38.838+0000] {processor.py:830} INFO - Processing file /opt/airflow/dags/transform_orders_dag.py for tasks to queue
[2025-04-27T00:40:38.839+0000] {logging_mixin.py:188} INFO - [2025-04-27T00:40:38.839+0000] {dagbag.py:538} INFO - Filling up the DagBag from /opt/airflow/dags/transform_orders_dag.py
[2025-04-27T00:40:39.155+0000] {processor.py:840} INFO - DAG(s) 'clean_orders_csv_dag' retrieved from /opt/airflow/dags/transform_orders_dag.py
[2025-04-27T00:40:39.180+0000] {logging_mixin.py:188} INFO - [2025-04-27T00:40:39.179+0000] {dag.py:3036} INFO - Sync 1 DAGs
[2025-04-27T00:40:39.193+0000] {logging_mixin.py:188} INFO - [2025-04-27T00:40:39.193+0000] {dag.py:3823} INFO - Setting next_dagrun for clean_orders_csv_dag to None, run_after=None
[2025-04-27T00:40:39.217+0000] {processor.py:183} INFO - Processing /opt/airflow/dags/transform_orders_dag.py took 0.384 seconds
[2025-04-27T00:41:09.360+0000] {processor.py:161} INFO - Started process (PID=491) to work on /opt/airflow/dags/transform_orders_dag.py
[2025-04-27T00:41:09.361+0000] {processor.py:830} INFO - Processing file /opt/airflow/dags/transform_orders_dag.py for tasks to queue
[2025-04-27T00:41:09.362+0000] {logging_mixin.py:188} INFO - [2025-04-27T00:41:09.362+0000] {dagbag.py:538} INFO - Filling up the DagBag from /opt/airflow/dags/transform_orders_dag.py
[2025-04-27T00:41:09.648+0000] {processor.py:840} INFO - DAG(s) 'clean_orders_csv_dag' retrieved from /opt/airflow/dags/transform_orders_dag.py
[2025-04-27T00:41:09.676+0000] {logging_mixin.py:188} INFO - [2025-04-27T00:41:09.675+0000] {dag.py:3036} INFO - Sync 1 DAGs
[2025-04-27T00:41:09.689+0000] {logging_mixin.py:188} INFO - [2025-04-27T00:41:09.689+0000] {dag.py:3823} INFO - Setting next_dagrun for clean_orders_csv_dag to None, run_after=None
[2025-04-27T00:41:09.713+0000] {processor.py:183} INFO - Processing /opt/airflow/dags/transform_orders_dag.py took 0.356 seconds
[2025-04-27T00:41:39.916+0000] {processor.py:161} INFO - Started process (PID=534) to work on /opt/airflow/dags/transform_orders_dag.py
[2025-04-27T00:41:39.919+0000] {processor.py:830} INFO - Processing file /opt/airflow/dags/transform_orders_dag.py for tasks to queue
[2025-04-27T00:41:39.922+0000] {logging_mixin.py:188} INFO - [2025-04-27T00:41:39.921+0000] {dagbag.py:538} INFO - Filling up the DagBag from /opt/airflow/dags/transform_orders_dag.py
[2025-04-27T00:41:40.210+0000] {processor.py:840} INFO - DAG(s) 'clean_orders_csv_dag' retrieved from /opt/airflow/dags/transform_orders_dag.py
[2025-04-27T00:41:40.234+0000] {logging_mixin.py:188} INFO - [2025-04-27T00:41:40.234+0000] {dag.py:3036} INFO - Sync 1 DAGs
[2025-04-27T00:41:40.245+0000] {logging_mixin.py:188} INFO - [2025-04-27T00:41:40.245+0000] {dag.py:3823} INFO - Setting next_dagrun for clean_orders_csv_dag to None, run_after=None
[2025-04-27T00:41:40.270+0000] {processor.py:183} INFO - Processing /opt/airflow/dags/transform_orders_dag.py took 0.360 seconds
[2025-04-27T00:42:10.556+0000] {processor.py:161} INFO - Started process (PID=577) to work on /opt/airflow/dags/transform_orders_dag.py
[2025-04-27T00:42:10.557+0000] {processor.py:830} INFO - Processing file /opt/airflow/dags/transform_orders_dag.py for tasks to queue
[2025-04-27T00:42:10.558+0000] {logging_mixin.py:188} INFO - [2025-04-27T00:42:10.558+0000] {dagbag.py:538} INFO - Filling up the DagBag from /opt/airflow/dags/transform_orders_dag.py
[2025-04-27T00:42:10.876+0000] {processor.py:840} INFO - DAG(s) 'clean_orders_csv_dag' retrieved from /opt/airflow/dags/transform_orders_dag.py
[2025-04-27T00:42:10.900+0000] {logging_mixin.py:188} INFO - [2025-04-27T00:42:10.900+0000] {dag.py:3036} INFO - Sync 1 DAGs
[2025-04-27T00:42:10.911+0000] {logging_mixin.py:188} INFO - [2025-04-27T00:42:10.911+0000] {dag.py:3823} INFO - Setting next_dagrun for clean_orders_csv_dag to None, run_after=None
[2025-04-27T00:42:10.931+0000] {processor.py:183} INFO - Processing /opt/airflow/dags/transform_orders_dag.py took 0.378 seconds
[2025-04-27T00:42:41.806+0000] {processor.py:161} INFO - Started process (PID=620) to work on /opt/airflow/dags/transform_orders_dag.py
[2025-04-27T00:42:41.807+0000] {processor.py:830} INFO - Processing file /opt/airflow/dags/transform_orders_dag.py for tasks to queue
[2025-04-27T00:42:41.808+0000] {logging_mixin.py:188} INFO - [2025-04-27T00:42:41.808+0000] {dagbag.py:538} INFO - Filling up the DagBag from /opt/airflow/dags/transform_orders_dag.py
[2025-04-27T00:42:42.128+0000] {processor.py:840} INFO - DAG(s) 'clean_orders_csv_dag' retrieved from /opt/airflow/dags/transform_orders_dag.py
[2025-04-27T00:42:42.165+0000] {logging_mixin.py:188} INFO - [2025-04-27T00:42:42.164+0000] {dag.py:3036} INFO - Sync 1 DAGs
[2025-04-27T00:42:42.187+0000] {logging_mixin.py:188} INFO - [2025-04-27T00:42:42.187+0000] {dag.py:3823} INFO - Setting next_dagrun for clean_orders_csv_dag to None, run_after=None
[2025-04-27T00:42:42.221+0000] {processor.py:183} INFO - Processing /opt/airflow/dags/transform_orders_dag.py took 0.418 seconds
[2025-04-27T00:43:12.694+0000] {processor.py:161} INFO - Started process (PID=663) to work on /opt/airflow/dags/transform_orders_dag.py
[2025-04-27T00:43:12.695+0000] {processor.py:830} INFO - Processing file /opt/airflow/dags/transform_orders_dag.py for tasks to queue
[2025-04-27T00:43:12.696+0000] {logging_mixin.py:188} INFO - [2025-04-27T00:43:12.696+0000] {dagbag.py:538} INFO - Filling up the DagBag from /opt/airflow/dags/transform_orders_dag.py
[2025-04-27T00:43:13.208+0000] {processor.py:840} INFO - DAG(s) 'clean_orders_csv_dag' retrieved from /opt/airflow/dags/transform_orders_dag.py
[2025-04-27T00:43:13.245+0000] {logging_mixin.py:188} INFO - [2025-04-27T00:43:13.245+0000] {dag.py:3036} INFO - Sync 1 DAGs
[2025-04-27T00:43:13.269+0000] {logging_mixin.py:188} INFO - [2025-04-27T00:43:13.268+0000] {dag.py:3823} INFO - Setting next_dagrun for clean_orders_csv_dag to None, run_after=None
[2025-04-27T00:43:13.311+0000] {processor.py:183} INFO - Processing /opt/airflow/dags/transform_orders_dag.py took 0.620 seconds
[2025-04-27T00:43:43.556+0000] {processor.py:161} INFO - Started process (PID=706) to work on /opt/airflow/dags/transform_orders_dag.py
[2025-04-27T00:43:43.557+0000] {processor.py:830} INFO - Processing file /opt/airflow/dags/transform_orders_dag.py for tasks to queue
[2025-04-27T00:43:43.559+0000] {logging_mixin.py:188} INFO - [2025-04-27T00:43:43.558+0000] {dagbag.py:538} INFO - Filling up the DagBag from /opt/airflow/dags/transform_orders_dag.py
[2025-04-27T00:43:43.871+0000] {processor.py:840} INFO - DAG(s) 'clean_orders_csv_dag' retrieved from /opt/airflow/dags/transform_orders_dag.py
[2025-04-27T00:43:43.896+0000] {logging_mixin.py:188} INFO - [2025-04-27T00:43:43.896+0000] {dag.py:3036} INFO - Sync 1 DAGs
[2025-04-27T00:43:43.910+0000] {logging_mixin.py:188} INFO - [2025-04-27T00:43:43.910+0000] {dag.py:3823} INFO - Setting next_dagrun for clean_orders_csv_dag to None, run_after=None
[2025-04-27T00:43:43.933+0000] {processor.py:183} INFO - Processing /opt/airflow/dags/transform_orders_dag.py took 0.380 seconds
[2025-04-27T00:44:14.719+0000] {processor.py:161} INFO - Started process (PID=749) to work on /opt/airflow/dags/transform_orders_dag.py
[2025-04-27T00:44:14.720+0000] {processor.py:830} INFO - Processing file /opt/airflow/dags/transform_orders_dag.py for tasks to queue
[2025-04-27T00:44:14.722+0000] {logging_mixin.py:188} INFO - [2025-04-27T00:44:14.721+0000] {dagbag.py:538} INFO - Filling up the DagBag from /opt/airflow/dags/transform_orders_dag.py
[2025-04-27T00:44:15.050+0000] {processor.py:840} INFO - DAG(s) 'clean_orders_csv_dag' retrieved from /opt/airflow/dags/transform_orders_dag.py
[2025-04-27T00:44:15.086+0000] {logging_mixin.py:188} INFO - [2025-04-27T00:44:15.086+0000] {dag.py:3036} INFO - Sync 1 DAGs
[2025-04-27T00:44:15.106+0000] {logging_mixin.py:188} INFO - [2025-04-27T00:44:15.106+0000] {dag.py:3823} INFO - Setting next_dagrun for clean_orders_csv_dag to None, run_after=None
[2025-04-27T00:44:15.143+0000] {processor.py:183} INFO - Processing /opt/airflow/dags/transform_orders_dag.py took 0.428 seconds
[2025-04-27T00:44:45.428+0000] {processor.py:161} INFO - Started process (PID=792) to work on /opt/airflow/dags/transform_orders_dag.py
[2025-04-27T00:44:45.430+0000] {processor.py:830} INFO - Processing file /opt/airflow/dags/transform_orders_dag.py for tasks to queue
[2025-04-27T00:44:45.432+0000] {logging_mixin.py:188} INFO - [2025-04-27T00:44:45.431+0000] {dagbag.py:538} INFO - Filling up the DagBag from /opt/airflow/dags/transform_orders_dag.py
[2025-04-27T00:44:46.092+0000] {processor.py:840} INFO - DAG(s) 'clean_orders_csv_dag' retrieved from /opt/airflow/dags/transform_orders_dag.py
[2025-04-27T00:44:46.146+0000] {logging_mixin.py:188} INFO - [2025-04-27T00:44:46.146+0000] {dag.py:3036} INFO - Sync 1 DAGs
[2025-04-27T00:44:46.174+0000] {logging_mixin.py:188} INFO - [2025-04-27T00:44:46.174+0000] {dag.py:3823} INFO - Setting next_dagrun for clean_orders_csv_dag to None, run_after=None
[2025-04-27T00:44:46.218+0000] {processor.py:183} INFO - Processing /opt/airflow/dags/transform_orders_dag.py took 0.793 seconds
[2025-04-27T00:45:16.810+0000] {processor.py:161} INFO - Started process (PID=835) to work on /opt/airflow/dags/transform_orders_dag.py
[2025-04-27T00:45:16.810+0000] {processor.py:830} INFO - Processing file /opt/airflow/dags/transform_orders_dag.py for tasks to queue
[2025-04-27T00:45:16.811+0000] {logging_mixin.py:188} INFO - [2025-04-27T00:45:16.811+0000] {dagbag.py:538} INFO - Filling up the DagBag from /opt/airflow/dags/transform_orders_dag.py
[2025-04-27T00:45:17.089+0000] {processor.py:840} INFO - DAG(s) 'clean_orders_csv_dag' retrieved from /opt/airflow/dags/transform_orders_dag.py
[2025-04-27T00:45:17.116+0000] {logging_mixin.py:188} INFO - [2025-04-27T00:45:17.116+0000] {dag.py:3036} INFO - Sync 1 DAGs
[2025-04-27T00:45:17.127+0000] {logging_mixin.py:188} INFO - [2025-04-27T00:45:17.127+0000] {dag.py:3823} INFO - Setting next_dagrun for clean_orders_csv_dag to None, run_after=None
[2025-04-27T00:45:17.147+0000] {processor.py:183} INFO - Processing /opt/airflow/dags/transform_orders_dag.py took 0.340 seconds
[2025-04-27T00:45:47.374+0000] {processor.py:161} INFO - Started process (PID=878) to work on /opt/airflow/dags/transform_orders_dag.py
[2025-04-27T00:45:47.376+0000] {processor.py:830} INFO - Processing file /opt/airflow/dags/transform_orders_dag.py for tasks to queue
[2025-04-27T00:45:47.376+0000] {logging_mixin.py:188} INFO - [2025-04-27T00:45:47.376+0000] {dagbag.py:538} INFO - Filling up the DagBag from /opt/airflow/dags/transform_orders_dag.py
[2025-04-27T00:45:47.715+0000] {processor.py:840} INFO - DAG(s) 'clean_orders_csv_dag' retrieved from /opt/airflow/dags/transform_orders_dag.py
[2025-04-27T00:45:47.756+0000] {logging_mixin.py:188} INFO - [2025-04-27T00:45:47.756+0000] {dag.py:3036} INFO - Sync 1 DAGs
[2025-04-27T00:45:47.775+0000] {logging_mixin.py:188} INFO - [2025-04-27T00:45:47.775+0000] {dag.py:3823} INFO - Setting next_dagrun for clean_orders_csv_dag to None, run_after=None
[2025-04-27T00:45:47.809+0000] {processor.py:183} INFO - Processing /opt/airflow/dags/transform_orders_dag.py took 0.437 seconds
[2025-04-27T00:46:18.079+0000] {processor.py:161} INFO - Started process (PID=921) to work on /opt/airflow/dags/transform_orders_dag.py
[2025-04-27T00:46:18.084+0000] {processor.py:830} INFO - Processing file /opt/airflow/dags/transform_orders_dag.py for tasks to queue
[2025-04-27T00:46:18.086+0000] {logging_mixin.py:188} INFO - [2025-04-27T00:46:18.085+0000] {dagbag.py:538} INFO - Filling up the DagBag from /opt/airflow/dags/transform_orders_dag.py
[2025-04-27T00:46:19.102+0000] {processor.py:840} INFO - DAG(s) 'clean_orders_csv_dag' retrieved from /opt/airflow/dags/transform_orders_dag.py
[2025-04-27T00:46:19.206+0000] {logging_mixin.py:188} INFO - [2025-04-27T00:46:19.206+0000] {dag.py:3036} INFO - Sync 1 DAGs
[2025-04-27T00:46:19.257+0000] {logging_mixin.py:188} INFO - [2025-04-27T00:46:19.257+0000] {dag.py:3823} INFO - Setting next_dagrun for clean_orders_csv_dag to None, run_after=None
[2025-04-27T00:46:19.322+0000] {processor.py:183} INFO - Processing /opt/airflow/dags/transform_orders_dag.py took 1.247 seconds
[2025-04-27T00:46:49.519+0000] {processor.py:161} INFO - Started process (PID=964) to work on /opt/airflow/dags/transform_orders_dag.py
[2025-04-27T00:46:49.520+0000] {processor.py:830} INFO - Processing file /opt/airflow/dags/transform_orders_dag.py for tasks to queue
[2025-04-27T00:46:49.521+0000] {logging_mixin.py:188} INFO - [2025-04-27T00:46:49.521+0000] {dagbag.py:538} INFO - Filling up the DagBag from /opt/airflow/dags/transform_orders_dag.py
[2025-04-27T00:46:49.901+0000] {processor.py:840} INFO - DAG(s) 'clean_orders_csv_dag' retrieved from /opt/airflow/dags/transform_orders_dag.py
[2025-04-27T00:46:49.938+0000] {logging_mixin.py:188} INFO - [2025-04-27T00:46:49.937+0000] {dag.py:3036} INFO - Sync 1 DAGs
[2025-04-27T00:46:49.958+0000] {logging_mixin.py:188} INFO - [2025-04-27T00:46:49.958+0000] {dag.py:3823} INFO - Setting next_dagrun for clean_orders_csv_dag to None, run_after=None
[2025-04-27T00:46:49.991+0000] {processor.py:183} INFO - Processing /opt/airflow/dags/transform_orders_dag.py took 0.475 seconds
[2025-04-27T00:47:20.783+0000] {processor.py:161} INFO - Started process (PID=1007) to work on /opt/airflow/dags/transform_orders_dag.py
[2025-04-27T00:47:20.787+0000] {processor.py:830} INFO - Processing file /opt/airflow/dags/transform_orders_dag.py for tasks to queue
[2025-04-27T00:47:20.789+0000] {logging_mixin.py:188} INFO - [2025-04-27T00:47:20.788+0000] {dagbag.py:538} INFO - Filling up the DagBag from /opt/airflow/dags/transform_orders_dag.py
[2025-04-27T00:47:21.760+0000] {processor.py:840} INFO - DAG(s) 'clean_orders_csv_dag' retrieved from /opt/airflow/dags/transform_orders_dag.py
[2025-04-27T00:47:21.833+0000] {logging_mixin.py:188} INFO - [2025-04-27T00:47:21.832+0000] {dag.py:3036} INFO - Sync 1 DAGs
[2025-04-27T00:47:21.905+0000] {logging_mixin.py:188} INFO - [2025-04-27T00:47:21.905+0000] {dag.py:3823} INFO - Setting next_dagrun for clean_orders_csv_dag to None, run_after=None
[2025-04-27T00:47:21.938+0000] {processor.py:183} INFO - Processing /opt/airflow/dags/transform_orders_dag.py took 1.178 seconds
[2025-04-27T00:47:52.101+0000] {processor.py:161} INFO - Started process (PID=1050) to work on /opt/airflow/dags/transform_orders_dag.py
[2025-04-27T00:47:52.105+0000] {processor.py:830} INFO - Processing file /opt/airflow/dags/transform_orders_dag.py for tasks to queue
[2025-04-27T00:47:52.107+0000] {logging_mixin.py:188} INFO - [2025-04-27T00:47:52.106+0000] {dagbag.py:538} INFO - Filling up the DagBag from /opt/airflow/dags/transform_orders_dag.py
[2025-04-27T00:47:53.210+0000] {processor.py:840} INFO - DAG(s) 'clean_orders_csv_dag' retrieved from /opt/airflow/dags/transform_orders_dag.py
[2025-04-27T00:47:53.307+0000] {logging_mixin.py:188} INFO - [2025-04-27T00:47:53.306+0000] {dag.py:3036} INFO - Sync 1 DAGs
[2025-04-27T00:47:53.354+0000] {logging_mixin.py:188} INFO - [2025-04-27T00:47:53.354+0000] {dag.py:3823} INFO - Setting next_dagrun for clean_orders_csv_dag to None, run_after=None
[2025-04-27T00:47:53.396+0000] {processor.py:183} INFO - Processing /opt/airflow/dags/transform_orders_dag.py took 1.312 seconds
[2025-04-27T00:48:23.926+0000] {processor.py:161} INFO - Started process (PID=1093) to work on /opt/airflow/dags/transform_orders_dag.py
[2025-04-27T00:48:23.929+0000] {processor.py:830} INFO - Processing file /opt/airflow/dags/transform_orders_dag.py for tasks to queue
[2025-04-27T00:48:23.932+0000] {logging_mixin.py:188} INFO - [2025-04-27T00:48:23.930+0000] {dagbag.py:538} INFO - Filling up the DagBag from /opt/airflow/dags/transform_orders_dag.py
[2025-04-27T00:48:24.444+0000] {processor.py:840} INFO - DAG(s) 'clean_orders_csv_dag' retrieved from /opt/airflow/dags/transform_orders_dag.py
[2025-04-27T00:48:24.479+0000] {logging_mixin.py:188} INFO - [2025-04-27T00:48:24.479+0000] {dag.py:3036} INFO - Sync 1 DAGs
[2025-04-27T00:48:24.498+0000] {logging_mixin.py:188} INFO - [2025-04-27T00:48:24.497+0000] {dag.py:3823} INFO - Setting next_dagrun for clean_orders_csv_dag to None, run_after=None
[2025-04-27T00:48:24.523+0000] {processor.py:183} INFO - Processing /opt/airflow/dags/transform_orders_dag.py took 0.601 seconds
[2025-04-27T00:48:55.084+0000] {processor.py:161} INFO - Started process (PID=1136) to work on /opt/airflow/dags/transform_orders_dag.py
[2025-04-27T00:48:55.089+0000] {processor.py:830} INFO - Processing file /opt/airflow/dags/transform_orders_dag.py for tasks to queue
[2025-04-27T00:48:55.092+0000] {logging_mixin.py:188} INFO - [2025-04-27T00:48:55.090+0000] {dagbag.py:538} INFO - Filling up the DagBag from /opt/airflow/dags/transform_orders_dag.py
[2025-04-27T00:48:55.791+0000] {processor.py:840} INFO - DAG(s) 'clean_orders_csv_dag' retrieved from /opt/airflow/dags/transform_orders_dag.py
[2025-04-27T00:48:55.873+0000] {logging_mixin.py:188} INFO - [2025-04-27T00:48:55.873+0000] {dag.py:3036} INFO - Sync 1 DAGs
[2025-04-27T00:48:55.937+0000] {logging_mixin.py:188} INFO - [2025-04-27T00:48:55.937+0000] {dag.py:3823} INFO - Setting next_dagrun for clean_orders_csv_dag to None, run_after=None
[2025-04-27T00:48:56.134+0000] {processor.py:183} INFO - Processing /opt/airflow/dags/transform_orders_dag.py took 1.065 seconds
[2025-04-27T00:49:26.312+0000] {processor.py:161} INFO - Started process (PID=1179) to work on /opt/airflow/dags/transform_orders_dag.py
[2025-04-27T00:49:26.313+0000] {processor.py:830} INFO - Processing file /opt/airflow/dags/transform_orders_dag.py for tasks to queue
[2025-04-27T00:49:26.314+0000] {logging_mixin.py:188} INFO - [2025-04-27T00:49:26.314+0000] {dagbag.py:538} INFO - Filling up the DagBag from /opt/airflow/dags/transform_orders_dag.py
[2025-04-27T00:49:26.617+0000] {processor.py:840} INFO - DAG(s) 'clean_orders_csv_dag' retrieved from /opt/airflow/dags/transform_orders_dag.py
[2025-04-27T00:49:26.654+0000] {logging_mixin.py:188} INFO - [2025-04-27T00:49:26.653+0000] {dag.py:3036} INFO - Sync 1 DAGs
[2025-04-27T00:49:26.667+0000] {logging_mixin.py:188} INFO - [2025-04-27T00:49:26.666+0000] {dag.py:3823} INFO - Setting next_dagrun for clean_orders_csv_dag to None, run_after=None
[2025-04-27T00:49:26.699+0000] {processor.py:183} INFO - Processing /opt/airflow/dags/transform_orders_dag.py took 0.390 seconds
[2025-04-27T00:50:34.846+0000] {processor.py:161} INFO - Started process (PID=191) to work on /opt/airflow/dags/transform_orders_dag.py
[2025-04-27T00:50:34.850+0000] {processor.py:830} INFO - Processing file /opt/airflow/dags/transform_orders_dag.py for tasks to queue
[2025-04-27T00:50:34.852+0000] {logging_mixin.py:188} INFO - [2025-04-27T00:50:34.851+0000] {dagbag.py:538} INFO - Filling up the DagBag from /opt/airflow/dags/transform_orders_dag.py
[2025-04-27T00:50:35.972+0000] {processor.py:840} INFO - DAG(s) 'clean_orders_csv_dag' retrieved from /opt/airflow/dags/transform_orders_dag.py
[2025-04-27T00:50:36.000+0000] {logging_mixin.py:188} INFO - [2025-04-27T00:50:35.998+0000] {dag.py:3036} INFO - Sync 1 DAGs
[2025-04-27T00:50:36.027+0000] {logging_mixin.py:188} INFO - [2025-04-27T00:50:36.027+0000] {dag.py:3823} INFO - Setting next_dagrun for clean_orders_csv_dag to None, run_after=None
[2025-04-27T00:50:36.061+0000] {processor.py:183} INFO - Processing /opt/airflow/dags/transform_orders_dag.py took 1.219 seconds
[2025-04-27T00:51:07.016+0000] {processor.py:161} INFO - Started process (PID=233) to work on /opt/airflow/dags/transform_orders_dag.py
[2025-04-27T00:51:07.017+0000] {processor.py:830} INFO - Processing file /opt/airflow/dags/transform_orders_dag.py for tasks to queue
[2025-04-27T00:51:07.018+0000] {logging_mixin.py:188} INFO - [2025-04-27T00:51:07.018+0000] {dagbag.py:538} INFO - Filling up the DagBag from /opt/airflow/dags/transform_orders_dag.py
[2025-04-27T00:51:07.719+0000] {processor.py:840} INFO - DAG(s) 'clean_orders_csv_dag' retrieved from /opt/airflow/dags/transform_orders_dag.py
[2025-04-27T00:51:07.934+0000] {logging_mixin.py:188} INFO - [2025-04-27T00:51:07.933+0000] {dag.py:3036} INFO - Sync 1 DAGs
[2025-04-27T00:51:07.954+0000] {logging_mixin.py:188} INFO - [2025-04-27T00:51:07.953+0000] {dag.py:3823} INFO - Setting next_dagrun for clean_orders_csv_dag to None, run_after=None
[2025-04-27T00:51:08.001+0000] {processor.py:183} INFO - Processing /opt/airflow/dags/transform_orders_dag.py took 0.989 seconds
[2025-04-27T00:51:38.483+0000] {processor.py:161} INFO - Started process (PID=276) to work on /opt/airflow/dags/transform_orders_dag.py
[2025-04-27T00:51:38.484+0000] {processor.py:830} INFO - Processing file /opt/airflow/dags/transform_orders_dag.py for tasks to queue
[2025-04-27T00:51:38.485+0000] {logging_mixin.py:188} INFO - [2025-04-27T00:51:38.485+0000] {dagbag.py:538} INFO - Filling up the DagBag from /opt/airflow/dags/transform_orders_dag.py
[2025-04-27T00:51:39.008+0000] {processor.py:840} INFO - DAG(s) 'clean_orders_csv_dag' retrieved from /opt/airflow/dags/transform_orders_dag.py
[2025-04-27T00:51:39.045+0000] {logging_mixin.py:188} INFO - [2025-04-27T00:51:39.045+0000] {dag.py:3036} INFO - Sync 1 DAGs
[2025-04-27T00:51:39.069+0000] {logging_mixin.py:188} INFO - [2025-04-27T00:51:39.068+0000] {dag.py:3823} INFO - Setting next_dagrun for clean_orders_csv_dag to None, run_after=None
[2025-04-27T00:51:39.104+0000] {processor.py:183} INFO - Processing /opt/airflow/dags/transform_orders_dag.py took 0.625 seconds
[2025-04-27T00:52:10.065+0000] {processor.py:161} INFO - Started process (PID=319) to work on /opt/airflow/dags/transform_orders_dag.py
[2025-04-27T00:52:10.068+0000] {processor.py:830} INFO - Processing file /opt/airflow/dags/transform_orders_dag.py for tasks to queue
[2025-04-27T00:52:10.073+0000] {logging_mixin.py:188} INFO - [2025-04-27T00:52:10.072+0000] {dagbag.py:538} INFO - Filling up the DagBag from /opt/airflow/dags/transform_orders_dag.py
[2025-04-27T00:52:11.170+0000] {processor.py:840} INFO - DAG(s) 'clean_orders_csv_dag' retrieved from /opt/airflow/dags/transform_orders_dag.py
[2025-04-27T00:52:11.239+0000] {logging_mixin.py:188} INFO - [2025-04-27T00:52:11.238+0000] {dag.py:3036} INFO - Sync 1 DAGs
[2025-04-27T00:52:11.282+0000] {logging_mixin.py:188} INFO - [2025-04-27T00:52:11.281+0000] {dag.py:3823} INFO - Setting next_dagrun for clean_orders_csv_dag to None, run_after=None
[2025-04-27T00:52:11.350+0000] {processor.py:183} INFO - Processing /opt/airflow/dags/transform_orders_dag.py took 1.299 seconds
[2025-04-27T00:52:41.644+0000] {processor.py:161} INFO - Started process (PID=362) to work on /opt/airflow/dags/transform_orders_dag.py
[2025-04-27T00:52:41.651+0000] {processor.py:830} INFO - Processing file /opt/airflow/dags/transform_orders_dag.py for tasks to queue
[2025-04-27T00:52:41.671+0000] {logging_mixin.py:188} INFO - [2025-04-27T00:52:41.659+0000] {dagbag.py:538} INFO - Filling up the DagBag from /opt/airflow/dags/transform_orders_dag.py
[2025-04-27T00:52:42.509+0000] {processor.py:840} INFO - DAG(s) 'clean_orders_csv_dag' retrieved from /opt/airflow/dags/transform_orders_dag.py
[2025-04-27T00:52:42.578+0000] {logging_mixin.py:188} INFO - [2025-04-27T00:52:42.577+0000] {dag.py:3036} INFO - Sync 1 DAGs
[2025-04-27T00:52:42.611+0000] {logging_mixin.py:188} INFO - [2025-04-27T00:52:42.610+0000] {dag.py:3823} INFO - Setting next_dagrun for clean_orders_csv_dag to None, run_after=None
[2025-04-27T00:52:42.670+0000] {processor.py:183} INFO - Processing /opt/airflow/dags/transform_orders_dag.py took 1.029 seconds
[2025-04-27T00:53:12.827+0000] {processor.py:161} INFO - Started process (PID=405) to work on /opt/airflow/dags/transform_orders_dag.py
[2025-04-27T00:53:12.828+0000] {processor.py:830} INFO - Processing file /opt/airflow/dags/transform_orders_dag.py for tasks to queue
[2025-04-27T00:53:12.829+0000] {logging_mixin.py:188} INFO - [2025-04-27T00:53:12.829+0000] {dagbag.py:538} INFO - Filling up the DagBag from /opt/airflow/dags/transform_orders_dag.py
[2025-04-27T00:53:13.379+0000] {processor.py:840} INFO - DAG(s) 'clean_orders_csv_dag' retrieved from /opt/airflow/dags/transform_orders_dag.py
[2025-04-27T00:53:13.422+0000] {logging_mixin.py:188} INFO - [2025-04-27T00:53:13.422+0000] {dag.py:3036} INFO - Sync 1 DAGs
[2025-04-27T00:53:13.439+0000] {logging_mixin.py:188} INFO - [2025-04-27T00:53:13.439+0000] {dag.py:3823} INFO - Setting next_dagrun for clean_orders_csv_dag to None, run_after=None
[2025-04-27T00:53:13.467+0000] {processor.py:183} INFO - Processing /opt/airflow/dags/transform_orders_dag.py took 0.643 seconds
[2025-04-27T00:53:44.364+0000] {processor.py:161} INFO - Started process (PID=448) to work on /opt/airflow/dags/transform_orders_dag.py
[2025-04-27T00:53:44.367+0000] {processor.py:830} INFO - Processing file /opt/airflow/dags/transform_orders_dag.py for tasks to queue
[2025-04-27T00:53:44.370+0000] {logging_mixin.py:188} INFO - [2025-04-27T00:53:44.369+0000] {dagbag.py:538} INFO - Filling up the DagBag from /opt/airflow/dags/transform_orders_dag.py
[2025-04-27T00:53:44.955+0000] {processor.py:840} INFO - DAG(s) 'clean_orders_csv_dag' retrieved from /opt/airflow/dags/transform_orders_dag.py
[2025-04-27T00:53:45.006+0000] {logging_mixin.py:188} INFO - [2025-04-27T00:53:45.006+0000] {dag.py:3036} INFO - Sync 1 DAGs
[2025-04-27T00:53:45.038+0000] {logging_mixin.py:188} INFO - [2025-04-27T00:53:45.038+0000] {dag.py:3823} INFO - Setting next_dagrun for clean_orders_csv_dag to None, run_after=None
[2025-04-27T00:53:45.094+0000] {processor.py:183} INFO - Processing /opt/airflow/dags/transform_orders_dag.py took 0.736 seconds
[2025-04-27T00:54:15.803+0000] {processor.py:161} INFO - Started process (PID=491) to work on /opt/airflow/dags/transform_orders_dag.py
[2025-04-27T00:54:15.805+0000] {processor.py:830} INFO - Processing file /opt/airflow/dags/transform_orders_dag.py for tasks to queue
[2025-04-27T00:54:15.806+0000] {logging_mixin.py:188} INFO - [2025-04-27T00:54:15.805+0000] {dagbag.py:538} INFO - Filling up the DagBag from /opt/airflow/dags/transform_orders_dag.py
[2025-04-27T00:54:16.417+0000] {processor.py:840} INFO - DAG(s) 'clean_orders_csv_dag' retrieved from /opt/airflow/dags/transform_orders_dag.py
[2025-04-27T00:54:16.477+0000] {logging_mixin.py:188} INFO - [2025-04-27T00:54:16.476+0000] {dag.py:3036} INFO - Sync 1 DAGs
[2025-04-27T00:54:16.559+0000] {logging_mixin.py:188} INFO - [2025-04-27T00:54:16.559+0000] {dag.py:3823} INFO - Setting next_dagrun for clean_orders_csv_dag to None, run_after=None
[2025-04-27T00:54:16.591+0000] {processor.py:183} INFO - Processing /opt/airflow/dags/transform_orders_dag.py took 0.791 seconds
[2025-04-27T00:54:47.263+0000] {processor.py:161} INFO - Started process (PID=534) to work on /opt/airflow/dags/transform_orders_dag.py
[2025-04-27T00:54:47.265+0000] {processor.py:830} INFO - Processing file /opt/airflow/dags/transform_orders_dag.py for tasks to queue
[2025-04-27T00:54:47.266+0000] {logging_mixin.py:188} INFO - [2025-04-27T00:54:47.265+0000] {dagbag.py:538} INFO - Filling up the DagBag from /opt/airflow/dags/transform_orders_dag.py
[2025-04-27T00:54:47.756+0000] {processor.py:840} INFO - DAG(s) 'clean_orders_csv_dag' retrieved from /opt/airflow/dags/transform_orders_dag.py
[2025-04-27T00:54:47.799+0000] {logging_mixin.py:188} INFO - [2025-04-27T00:54:47.799+0000] {dag.py:3036} INFO - Sync 1 DAGs
[2025-04-27T00:54:47.819+0000] {logging_mixin.py:188} INFO - [2025-04-27T00:54:47.818+0000] {dag.py:3823} INFO - Setting next_dagrun for clean_orders_csv_dag to None, run_after=None
[2025-04-27T00:54:47.844+0000] {processor.py:183} INFO - Processing /opt/airflow/dags/transform_orders_dag.py took 0.587 seconds
[2025-04-27T00:55:19.215+0000] {processor.py:161} INFO - Started process (PID=577) to work on /opt/airflow/dags/transform_orders_dag.py
[2025-04-27T00:55:19.218+0000] {processor.py:830} INFO - Processing file /opt/airflow/dags/transform_orders_dag.py for tasks to queue
[2025-04-27T00:55:19.220+0000] {logging_mixin.py:188} INFO - [2025-04-27T00:55:19.219+0000] {dagbag.py:538} INFO - Filling up the DagBag from /opt/airflow/dags/transform_orders_dag.py
[2025-04-27T00:55:22.316+0000] {processor.py:840} INFO - DAG(s) 'clean_orders_csv_dag' retrieved from /opt/airflow/dags/transform_orders_dag.py
[2025-04-27T00:55:22.387+0000] {logging_mixin.py:188} INFO - [2025-04-27T00:55:22.387+0000] {dag.py:3036} INFO - Sync 1 DAGs
[2025-04-27T00:55:22.417+0000] {logging_mixin.py:188} INFO - [2025-04-27T00:55:22.416+0000] {dag.py:3823} INFO - Setting next_dagrun for clean_orders_csv_dag to None, run_after=None
[2025-04-27T00:55:22.472+0000] {processor.py:183} INFO - Processing /opt/airflow/dags/transform_orders_dag.py took 3.272 seconds
[2025-04-27T00:56:33.971+0000] {processor.py:161} INFO - Started process (PID=191) to work on /opt/airflow/dags/transform_orders_dag.py
[2025-04-27T00:56:33.974+0000] {processor.py:830} INFO - Processing file /opt/airflow/dags/transform_orders_dag.py for tasks to queue
[2025-04-27T00:56:33.977+0000] {logging_mixin.py:188} INFO - [2025-04-27T00:56:33.976+0000] {dagbag.py:538} INFO - Filling up the DagBag from /opt/airflow/dags/transform_orders_dag.py
[2025-04-27T00:56:35.120+0000] {processor.py:840} INFO - DAG(s) 'clean_orders_csv_dag' retrieved from /opt/airflow/dags/transform_orders_dag.py
[2025-04-27T00:56:35.153+0000] {logging_mixin.py:188} INFO - [2025-04-27T00:56:35.152+0000] {dag.py:3036} INFO - Sync 1 DAGs
[2025-04-27T00:56:35.181+0000] {logging_mixin.py:188} INFO - [2025-04-27T00:56:35.181+0000] {dag.py:3823} INFO - Setting next_dagrun for clean_orders_csv_dag to None, run_after=None
[2025-04-27T00:56:35.254+0000] {processor.py:183} INFO - Processing /opt/airflow/dags/transform_orders_dag.py took 1.297 seconds
[2025-04-27T00:57:05.631+0000] {processor.py:161} INFO - Started process (PID=236) to work on /opt/airflow/dags/transform_orders_dag.py
[2025-04-27T00:57:05.632+0000] {processor.py:830} INFO - Processing file /opt/airflow/dags/transform_orders_dag.py for tasks to queue
[2025-04-27T00:57:05.633+0000] {logging_mixin.py:188} INFO - [2025-04-27T00:57:05.633+0000] {dagbag.py:538} INFO - Filling up the DagBag from /opt/airflow/dags/transform_orders_dag.py
[2025-04-27T00:57:05.974+0000] {processor.py:840} INFO - DAG(s) 'clean_orders_csv_dag' retrieved from /opt/airflow/dags/transform_orders_dag.py
[2025-04-27T00:57:06.083+0000] {logging_mixin.py:188} INFO - [2025-04-27T00:57:06.083+0000] {dag.py:3036} INFO - Sync 1 DAGs
[2025-04-27T00:57:06.092+0000] {logging_mixin.py:188} INFO - [2025-04-27T00:57:06.092+0000] {dag.py:3823} INFO - Setting next_dagrun for clean_orders_csv_dag to None, run_after=None
[2025-04-27T00:57:06.110+0000] {processor.py:183} INFO - Processing /opt/airflow/dags/transform_orders_dag.py took 0.483 seconds
[2025-04-27T00:57:36.596+0000] {processor.py:161} INFO - Started process (PID=279) to work on /opt/airflow/dags/transform_orders_dag.py
[2025-04-27T00:57:36.597+0000] {processor.py:830} INFO - Processing file /opt/airflow/dags/transform_orders_dag.py for tasks to queue
[2025-04-27T00:57:36.599+0000] {logging_mixin.py:188} INFO - [2025-04-27T00:57:36.598+0000] {dagbag.py:538} INFO - Filling up the DagBag from /opt/airflow/dags/transform_orders_dag.py
[2025-04-27T00:57:37.027+0000] {processor.py:840} INFO - DAG(s) 'clean_orders_csv_dag' retrieved from /opt/airflow/dags/transform_orders_dag.py
[2025-04-27T00:57:37.069+0000] {logging_mixin.py:188} INFO - [2025-04-27T00:57:37.069+0000] {dag.py:3036} INFO - Sync 1 DAGs
[2025-04-27T00:57:37.089+0000] {logging_mixin.py:188} INFO - [2025-04-27T00:57:37.089+0000] {dag.py:3823} INFO - Setting next_dagrun for clean_orders_csv_dag to None, run_after=None
[2025-04-27T00:57:37.116+0000] {processor.py:183} INFO - Processing /opt/airflow/dags/transform_orders_dag.py took 0.526 seconds
[2025-04-27T00:58:07.501+0000] {processor.py:161} INFO - Started process (PID=323) to work on /opt/airflow/dags/transform_orders_dag.py
[2025-04-27T00:58:07.502+0000] {processor.py:830} INFO - Processing file /opt/airflow/dags/transform_orders_dag.py for tasks to queue
[2025-04-27T00:58:07.504+0000] {logging_mixin.py:188} INFO - [2025-04-27T00:58:07.504+0000] {dagbag.py:538} INFO - Filling up the DagBag from /opt/airflow/dags/transform_orders_dag.py
[2025-04-27T00:58:08.536+0000] {processor.py:840} INFO - DAG(s) 'clean_orders_csv_dag' retrieved from /opt/airflow/dags/transform_orders_dag.py
[2025-04-27T00:58:08.616+0000] {logging_mixin.py:188} INFO - [2025-04-27T00:58:08.615+0000] {dag.py:3036} INFO - Sync 1 DAGs
[2025-04-27T00:58:08.655+0000] {logging_mixin.py:188} INFO - [2025-04-27T00:58:08.655+0000] {dag.py:3823} INFO - Setting next_dagrun for clean_orders_csv_dag to None, run_after=None
[2025-04-27T00:58:08.690+0000] {processor.py:183} INFO - Processing /opt/airflow/dags/transform_orders_dag.py took 1.194 seconds
[2025-04-27T00:58:39.457+0000] {processor.py:161} INFO - Started process (PID=366) to work on /opt/airflow/dags/transform_orders_dag.py
[2025-04-27T00:58:39.465+0000] {processor.py:830} INFO - Processing file /opt/airflow/dags/transform_orders_dag.py for tasks to queue
[2025-04-27T00:58:39.470+0000] {logging_mixin.py:188} INFO - [2025-04-27T00:58:39.469+0000] {dagbag.py:538} INFO - Filling up the DagBag from /opt/airflow/dags/transform_orders_dag.py
[2025-04-27T00:58:40.166+0000] {processor.py:840} INFO - DAG(s) 'clean_orders_csv_dag' retrieved from /opt/airflow/dags/transform_orders_dag.py
[2025-04-27T00:58:40.246+0000] {logging_mixin.py:188} INFO - [2025-04-27T00:58:40.245+0000] {dag.py:3036} INFO - Sync 1 DAGs
[2025-04-27T00:58:40.309+0000] {logging_mixin.py:188} INFO - [2025-04-27T00:58:40.309+0000] {dag.py:3823} INFO - Setting next_dagrun for clean_orders_csv_dag to None, run_after=None
[2025-04-27T00:58:40.376+0000] {processor.py:183} INFO - Processing /opt/airflow/dags/transform_orders_dag.py took 0.937 seconds
[2025-04-27T00:59:10.507+0000] {processor.py:161} INFO - Started process (PID=411) to work on /opt/airflow/dags/transform_orders_dag.py
[2025-04-27T00:59:10.508+0000] {processor.py:830} INFO - Processing file /opt/airflow/dags/transform_orders_dag.py for tasks to queue
[2025-04-27T00:59:10.509+0000] {logging_mixin.py:188} INFO - [2025-04-27T00:59:10.509+0000] {dagbag.py:538} INFO - Filling up the DagBag from /opt/airflow/dags/transform_orders_dag.py
[2025-04-27T00:59:10.910+0000] {processor.py:840} INFO - DAG(s) 'clean_orders_csv_dag' retrieved from /opt/airflow/dags/transform_orders_dag.py
[2025-04-27T00:59:10.939+0000] {logging_mixin.py:188} INFO - [2025-04-27T00:59:10.938+0000] {dag.py:3036} INFO - Sync 1 DAGs
[2025-04-27T00:59:10.968+0000] {logging_mixin.py:188} INFO - [2025-04-27T00:59:10.968+0000] {dag.py:3823} INFO - Setting next_dagrun for clean_orders_csv_dag to None, run_after=None
[2025-04-27T00:59:11.011+0000] {processor.py:183} INFO - Processing /opt/airflow/dags/transform_orders_dag.py took 0.509 seconds
[2025-04-27T00:59:41.362+0000] {processor.py:161} INFO - Started process (PID=451) to work on /opt/airflow/dags/transform_orders_dag.py
[2025-04-27T00:59:41.364+0000] {processor.py:830} INFO - Processing file /opt/airflow/dags/transform_orders_dag.py for tasks to queue
[2025-04-27T00:59:41.367+0000] {logging_mixin.py:188} INFO - [2025-04-27T00:59:41.365+0000] {dagbag.py:538} INFO - Filling up the DagBag from /opt/airflow/dags/transform_orders_dag.py
[2025-04-27T00:59:42.064+0000] {processor.py:840} INFO - DAG(s) 'clean_orders_csv_dag' retrieved from /opt/airflow/dags/transform_orders_dag.py
[2025-04-27T00:59:42.155+0000] {logging_mixin.py:188} INFO - [2025-04-27T00:59:42.154+0000] {dag.py:3036} INFO - Sync 1 DAGs
[2025-04-27T00:59:42.182+0000] {logging_mixin.py:188} INFO - [2025-04-27T00:59:42.182+0000] {dag.py:3823} INFO - Setting next_dagrun for clean_orders_csv_dag to None, run_after=None
[2025-04-27T00:59:42.237+0000] {processor.py:183} INFO - Processing /opt/airflow/dags/transform_orders_dag.py took 0.881 seconds
[2025-04-27T01:00:12.590+0000] {processor.py:161} INFO - Started process (PID=497) to work on /opt/airflow/dags/transform_orders_dag.py
[2025-04-27T01:00:12.592+0000] {processor.py:830} INFO - Processing file /opt/airflow/dags/transform_orders_dag.py for tasks to queue
[2025-04-27T01:00:12.593+0000] {logging_mixin.py:188} INFO - [2025-04-27T01:00:12.593+0000] {dagbag.py:538} INFO - Filling up the DagBag from /opt/airflow/dags/transform_orders_dag.py
[2025-04-27T01:00:13.239+0000] {processor.py:840} INFO - DAG(s) 'clean_orders_csv_dag' retrieved from /opt/airflow/dags/transform_orders_dag.py
[2025-04-27T01:00:13.297+0000] {logging_mixin.py:188} INFO - [2025-04-27T01:00:13.297+0000] {dag.py:3036} INFO - Sync 1 DAGs
[2025-04-27T01:00:13.336+0000] {logging_mixin.py:188} INFO - [2025-04-27T01:00:13.335+0000] {dag.py:3823} INFO - Setting next_dagrun for clean_orders_csv_dag to None, run_after=None
[2025-04-27T01:00:13.381+0000] {processor.py:183} INFO - Processing /opt/airflow/dags/transform_orders_dag.py took 0.794 seconds
[2025-04-27T01:00:43.707+0000] {processor.py:161} INFO - Started process (PID=540) to work on /opt/airflow/dags/transform_orders_dag.py
[2025-04-27T01:00:43.709+0000] {processor.py:830} INFO - Processing file /opt/airflow/dags/transform_orders_dag.py for tasks to queue
[2025-04-27T01:00:43.711+0000] {logging_mixin.py:188} INFO - [2025-04-27T01:00:43.710+0000] {dagbag.py:538} INFO - Filling up the DagBag from /opt/airflow/dags/transform_orders_dag.py
[2025-04-27T01:00:44.227+0000] {processor.py:840} INFO - DAG(s) 'clean_orders_csv_dag' retrieved from /opt/airflow/dags/transform_orders_dag.py
[2025-04-27T01:00:44.266+0000] {logging_mixin.py:188} INFO - [2025-04-27T01:00:44.265+0000] {dag.py:3036} INFO - Sync 1 DAGs
[2025-04-27T01:00:44.291+0000] {logging_mixin.py:188} INFO - [2025-04-27T01:00:44.291+0000] {dag.py:3823} INFO - Setting next_dagrun for clean_orders_csv_dag to None, run_after=None
[2025-04-27T01:00:44.327+0000] {processor.py:183} INFO - Processing /opt/airflow/dags/transform_orders_dag.py took 0.624 seconds
[2025-04-27T01:01:14.469+0000] {processor.py:161} INFO - Started process (PID=583) to work on /opt/airflow/dags/transform_orders_dag.py
[2025-04-27T01:01:14.470+0000] {processor.py:830} INFO - Processing file /opt/airflow/dags/transform_orders_dag.py for tasks to queue
[2025-04-27T01:01:14.472+0000] {logging_mixin.py:188} INFO - [2025-04-27T01:01:14.471+0000] {dagbag.py:538} INFO - Filling up the DagBag from /opt/airflow/dags/transform_orders_dag.py
[2025-04-27T01:01:14.845+0000] {processor.py:840} INFO - DAG(s) 'clean_orders_csv_dag' retrieved from /opt/airflow/dags/transform_orders_dag.py
[2025-04-27T01:01:14.888+0000] {logging_mixin.py:188} INFO - [2025-04-27T01:01:14.888+0000] {dag.py:3036} INFO - Sync 1 DAGs
[2025-04-27T01:01:14.905+0000] {logging_mixin.py:188} INFO - [2025-04-27T01:01:14.905+0000] {dag.py:3823} INFO - Setting next_dagrun for clean_orders_csv_dag to None, run_after=None
[2025-04-27T01:01:14.931+0000] {processor.py:183} INFO - Processing /opt/airflow/dags/transform_orders_dag.py took 0.466 seconds
[2025-04-27T01:01:45.473+0000] {processor.py:161} INFO - Started process (PID=626) to work on /opt/airflow/dags/transform_orders_dag.py
[2025-04-27T01:01:45.474+0000] {processor.py:830} INFO - Processing file /opt/airflow/dags/transform_orders_dag.py for tasks to queue
[2025-04-27T01:01:45.475+0000] {logging_mixin.py:188} INFO - [2025-04-27T01:01:45.475+0000] {dagbag.py:538} INFO - Filling up the DagBag from /opt/airflow/dags/transform_orders_dag.py
[2025-04-27T01:01:45.769+0000] {processor.py:840} INFO - DAG(s) 'clean_orders_csv_dag' retrieved from /opt/airflow/dags/transform_orders_dag.py
[2025-04-27T01:01:45.795+0000] {logging_mixin.py:188} INFO - [2025-04-27T01:01:45.795+0000] {dag.py:3036} INFO - Sync 1 DAGs
[2025-04-27T01:01:45.809+0000] {logging_mixin.py:188} INFO - [2025-04-27T01:01:45.809+0000] {dag.py:3823} INFO - Setting next_dagrun for clean_orders_csv_dag to None, run_after=None
[2025-04-27T01:01:45.829+0000] {processor.py:183} INFO - Processing /opt/airflow/dags/transform_orders_dag.py took 0.358 seconds
[2025-04-27T01:02:16.081+0000] {processor.py:161} INFO - Started process (PID=669) to work on /opt/airflow/dags/transform_orders_dag.py
[2025-04-27T01:02:16.082+0000] {processor.py:830} INFO - Processing file /opt/airflow/dags/transform_orders_dag.py for tasks to queue
[2025-04-27T01:02:16.083+0000] {logging_mixin.py:188} INFO - [2025-04-27T01:02:16.083+0000] {dagbag.py:538} INFO - Filling up the DagBag from /opt/airflow/dags/transform_orders_dag.py
[2025-04-27T01:02:16.403+0000] {processor.py:840} INFO - DAG(s) 'clean_orders_csv_dag' retrieved from /opt/airflow/dags/transform_orders_dag.py
[2025-04-27T01:02:16.425+0000] {logging_mixin.py:188} INFO - [2025-04-27T01:02:16.425+0000] {dag.py:3036} INFO - Sync 1 DAGs
[2025-04-27T01:02:16.439+0000] {logging_mixin.py:188} INFO - [2025-04-27T01:02:16.439+0000] {dag.py:3823} INFO - Setting next_dagrun for clean_orders_csv_dag to None, run_after=None
[2025-04-27T01:02:16.473+0000] {processor.py:183} INFO - Processing /opt/airflow/dags/transform_orders_dag.py took 0.394 seconds
[2025-04-27T01:02:46.720+0000] {processor.py:161} INFO - Started process (PID=712) to work on /opt/airflow/dags/transform_orders_dag.py
[2025-04-27T01:02:46.723+0000] {processor.py:830} INFO - Processing file /opt/airflow/dags/transform_orders_dag.py for tasks to queue
[2025-04-27T01:02:46.732+0000] {logging_mixin.py:188} INFO - [2025-04-27T01:02:46.724+0000] {dagbag.py:538} INFO - Filling up the DagBag from /opt/airflow/dags/transform_orders_dag.py
[2025-04-27T01:02:47.292+0000] {processor.py:840} INFO - DAG(s) 'clean_orders_csv_dag' retrieved from /opt/airflow/dags/transform_orders_dag.py
[2025-04-27T01:02:47.322+0000] {logging_mixin.py:188} INFO - [2025-04-27T01:02:47.321+0000] {dag.py:3036} INFO - Sync 1 DAGs
[2025-04-27T01:02:47.337+0000] {logging_mixin.py:188} INFO - [2025-04-27T01:02:47.337+0000] {dag.py:3823} INFO - Setting next_dagrun for clean_orders_csv_dag to None, run_after=None
[2025-04-27T01:02:47.363+0000] {processor.py:183} INFO - Processing /opt/airflow/dags/transform_orders_dag.py took 0.654 seconds
[2025-04-27T01:03:17.522+0000] {processor.py:161} INFO - Started process (PID=755) to work on /opt/airflow/dags/transform_orders_dag.py
[2025-04-27T01:03:17.523+0000] {processor.py:830} INFO - Processing file /opt/airflow/dags/transform_orders_dag.py for tasks to queue
[2025-04-27T01:03:17.524+0000] {logging_mixin.py:188} INFO - [2025-04-27T01:03:17.524+0000] {dagbag.py:538} INFO - Filling up the DagBag from /opt/airflow/dags/transform_orders_dag.py
[2025-04-27T01:03:17.890+0000] {processor.py:840} INFO - DAG(s) 'clean_orders_csv_dag' retrieved from /opt/airflow/dags/transform_orders_dag.py
[2025-04-27T01:03:17.941+0000] {logging_mixin.py:188} INFO - [2025-04-27T01:03:17.940+0000] {dag.py:3036} INFO - Sync 1 DAGs
[2025-04-27T01:03:17.960+0000] {logging_mixin.py:188} INFO - [2025-04-27T01:03:17.960+0000] {dag.py:3823} INFO - Setting next_dagrun for clean_orders_csv_dag to None, run_after=None
[2025-04-27T01:03:17.991+0000] {processor.py:183} INFO - Processing /opt/airflow/dags/transform_orders_dag.py took 0.472 seconds
[2025-04-27T01:03:48.320+0000] {processor.py:161} INFO - Started process (PID=798) to work on /opt/airflow/dags/transform_orders_dag.py
[2025-04-27T01:03:48.321+0000] {processor.py:830} INFO - Processing file /opt/airflow/dags/transform_orders_dag.py for tasks to queue
[2025-04-27T01:03:48.323+0000] {logging_mixin.py:188} INFO - [2025-04-27T01:03:48.322+0000] {dagbag.py:538} INFO - Filling up the DagBag from /opt/airflow/dags/transform_orders_dag.py
[2025-04-27T01:03:48.610+0000] {processor.py:840} INFO - DAG(s) 'clean_orders_csv_dag' retrieved from /opt/airflow/dags/transform_orders_dag.py
[2025-04-27T01:03:48.635+0000] {logging_mixin.py:188} INFO - [2025-04-27T01:03:48.634+0000] {dag.py:3036} INFO - Sync 1 DAGs
[2025-04-27T01:03:48.645+0000] {logging_mixin.py:188} INFO - [2025-04-27T01:03:48.644+0000] {dag.py:3823} INFO - Setting next_dagrun for clean_orders_csv_dag to None, run_after=None
[2025-04-27T01:03:48.664+0000] {processor.py:183} INFO - Processing /opt/airflow/dags/transform_orders_dag.py took 0.347 seconds
[2025-04-27T01:04:18.758+0000] {processor.py:161} INFO - Started process (PID=841) to work on /opt/airflow/dags/transform_orders_dag.py
[2025-04-27T01:04:18.759+0000] {processor.py:830} INFO - Processing file /opt/airflow/dags/transform_orders_dag.py for tasks to queue
[2025-04-27T01:04:18.760+0000] {logging_mixin.py:188} INFO - [2025-04-27T01:04:18.759+0000] {dagbag.py:538} INFO - Filling up the DagBag from /opt/airflow/dags/transform_orders_dag.py
[2025-04-27T01:04:19.084+0000] {processor.py:840} INFO - DAG(s) 'clean_orders_csv_dag' retrieved from /opt/airflow/dags/transform_orders_dag.py
[2025-04-27T01:04:19.148+0000] {logging_mixin.py:188} INFO - [2025-04-27T01:04:19.148+0000] {dag.py:3036} INFO - Sync 1 DAGs
[2025-04-27T01:04:19.176+0000] {logging_mixin.py:188} INFO - [2025-04-27T01:04:19.176+0000] {dag.py:3823} INFO - Setting next_dagrun for clean_orders_csv_dag to None, run_after=None
[2025-04-27T01:04:19.206+0000] {processor.py:183} INFO - Processing /opt/airflow/dags/transform_orders_dag.py took 0.451 seconds
[2025-04-27T01:04:49.416+0000] {processor.py:161} INFO - Started process (PID=884) to work on /opt/airflow/dags/transform_orders_dag.py
[2025-04-27T01:04:49.418+0000] {processor.py:830} INFO - Processing file /opt/airflow/dags/transform_orders_dag.py for tasks to queue
[2025-04-27T01:04:49.420+0000] {logging_mixin.py:188} INFO - [2025-04-27T01:04:49.420+0000] {dagbag.py:538} INFO - Filling up the DagBag from /opt/airflow/dags/transform_orders_dag.py
[2025-04-27T01:04:49.712+0000] {processor.py:840} INFO - DAG(s) 'clean_orders_csv_dag' retrieved from /opt/airflow/dags/transform_orders_dag.py
[2025-04-27T01:04:49.735+0000] {logging_mixin.py:188} INFO - [2025-04-27T01:04:49.735+0000] {dag.py:3036} INFO - Sync 1 DAGs
[2025-04-27T01:04:49.746+0000] {logging_mixin.py:188} INFO - [2025-04-27T01:04:49.745+0000] {dag.py:3823} INFO - Setting next_dagrun for clean_orders_csv_dag to None, run_after=None
[2025-04-27T01:04:49.766+0000] {processor.py:183} INFO - Processing /opt/airflow/dags/transform_orders_dag.py took 0.353 seconds
[2025-04-27T01:05:19.983+0000] {processor.py:161} INFO - Started process (PID=927) to work on /opt/airflow/dags/transform_orders_dag.py
[2025-04-27T01:05:19.984+0000] {processor.py:830} INFO - Processing file /opt/airflow/dags/transform_orders_dag.py for tasks to queue
[2025-04-27T01:05:19.985+0000] {logging_mixin.py:188} INFO - [2025-04-27T01:05:19.985+0000] {dagbag.py:538} INFO - Filling up the DagBag from /opt/airflow/dags/transform_orders_dag.py
[2025-04-27T01:05:20.277+0000] {processor.py:840} INFO - DAG(s) 'clean_orders_csv_dag' retrieved from /opt/airflow/dags/transform_orders_dag.py
[2025-04-27T01:05:20.301+0000] {logging_mixin.py:188} INFO - [2025-04-27T01:05:20.300+0000] {dag.py:3036} INFO - Sync 1 DAGs
[2025-04-27T01:05:20.324+0000] {logging_mixin.py:188} INFO - [2025-04-27T01:05:20.324+0000] {dag.py:3823} INFO - Setting next_dagrun for clean_orders_csv_dag to None, run_after=None
[2025-04-27T01:05:20.366+0000] {processor.py:183} INFO - Processing /opt/airflow/dags/transform_orders_dag.py took 0.386 seconds
[2025-04-27T01:05:50.485+0000] {processor.py:161} INFO - Started process (PID=970) to work on /opt/airflow/dags/transform_orders_dag.py
[2025-04-27T01:05:50.486+0000] {processor.py:830} INFO - Processing file /opt/airflow/dags/transform_orders_dag.py for tasks to queue
[2025-04-27T01:05:50.487+0000] {logging_mixin.py:188} INFO - [2025-04-27T01:05:50.487+0000] {dagbag.py:538} INFO - Filling up the DagBag from /opt/airflow/dags/transform_orders_dag.py
[2025-04-27T01:05:50.749+0000] {processor.py:840} INFO - DAG(s) 'clean_orders_csv_dag' retrieved from /opt/airflow/dags/transform_orders_dag.py
[2025-04-27T01:05:50.778+0000] {logging_mixin.py:188} INFO - [2025-04-27T01:05:50.777+0000] {dag.py:3036} INFO - Sync 1 DAGs
[2025-04-27T01:05:50.790+0000] {logging_mixin.py:188} INFO - [2025-04-27T01:05:50.790+0000] {dag.py:3823} INFO - Setting next_dagrun for clean_orders_csv_dag to None, run_after=None
[2025-04-27T01:05:50.814+0000] {processor.py:183} INFO - Processing /opt/airflow/dags/transform_orders_dag.py took 0.332 seconds
[2025-04-27T01:06:20.943+0000] {processor.py:161} INFO - Started process (PID=1013) to work on /opt/airflow/dags/transform_orders_dag.py
[2025-04-27T01:06:20.944+0000] {processor.py:830} INFO - Processing file /opt/airflow/dags/transform_orders_dag.py for tasks to queue
[2025-04-27T01:06:20.945+0000] {logging_mixin.py:188} INFO - [2025-04-27T01:06:20.945+0000] {dagbag.py:538} INFO - Filling up the DagBag from /opt/airflow/dags/transform_orders_dag.py
[2025-04-27T01:06:21.227+0000] {processor.py:840} INFO - DAG(s) 'clean_orders_csv_dag' retrieved from /opt/airflow/dags/transform_orders_dag.py
[2025-04-27T01:06:21.248+0000] {logging_mixin.py:188} INFO - [2025-04-27T01:06:21.248+0000] {dag.py:3036} INFO - Sync 1 DAGs
[2025-04-27T01:06:21.259+0000] {logging_mixin.py:188} INFO - [2025-04-27T01:06:21.258+0000] {dag.py:3823} INFO - Setting next_dagrun for clean_orders_csv_dag to None, run_after=None
[2025-04-27T01:06:21.277+0000] {processor.py:183} INFO - Processing /opt/airflow/dags/transform_orders_dag.py took 0.336 seconds
[2025-04-27T01:06:51.572+0000] {processor.py:161} INFO - Started process (PID=1056) to work on /opt/airflow/dags/transform_orders_dag.py
[2025-04-27T01:06:51.573+0000] {processor.py:830} INFO - Processing file /opt/airflow/dags/transform_orders_dag.py for tasks to queue
[2025-04-27T01:06:51.574+0000] {logging_mixin.py:188} INFO - [2025-04-27T01:06:51.574+0000] {dagbag.py:538} INFO - Filling up the DagBag from /opt/airflow/dags/transform_orders_dag.py
[2025-04-27T01:06:51.859+0000] {processor.py:840} INFO - DAG(s) 'clean_orders_csv_dag' retrieved from /opt/airflow/dags/transform_orders_dag.py
[2025-04-27T01:06:51.917+0000] {logging_mixin.py:188} INFO - [2025-04-27T01:06:51.916+0000] {dag.py:3036} INFO - Sync 1 DAGs
[2025-04-27T01:06:51.941+0000] {logging_mixin.py:188} INFO - [2025-04-27T01:06:51.941+0000] {dag.py:3823} INFO - Setting next_dagrun for clean_orders_csv_dag to None, run_after=None
[2025-04-27T01:06:51.971+0000] {processor.py:183} INFO - Processing /opt/airflow/dags/transform_orders_dag.py took 0.402 seconds
[2025-04-27T01:07:22.157+0000] {processor.py:161} INFO - Started process (PID=1099) to work on /opt/airflow/dags/transform_orders_dag.py
[2025-04-27T01:07:22.158+0000] {processor.py:830} INFO - Processing file /opt/airflow/dags/transform_orders_dag.py for tasks to queue
[2025-04-27T01:07:22.159+0000] {logging_mixin.py:188} INFO - [2025-04-27T01:07:22.159+0000] {dagbag.py:538} INFO - Filling up the DagBag from /opt/airflow/dags/transform_orders_dag.py
[2025-04-27T01:07:22.423+0000] {processor.py:840} INFO - DAG(s) 'clean_orders_csv_dag' retrieved from /opt/airflow/dags/transform_orders_dag.py
[2025-04-27T01:07:22.474+0000] {logging_mixin.py:188} INFO - [2025-04-27T01:07:22.474+0000] {dag.py:3036} INFO - Sync 1 DAGs
[2025-04-27T01:07:22.493+0000] {logging_mixin.py:188} INFO - [2025-04-27T01:07:22.493+0000] {dag.py:3823} INFO - Setting next_dagrun for clean_orders_csv_dag to None, run_after=None
[2025-04-27T01:07:22.521+0000] {processor.py:183} INFO - Processing /opt/airflow/dags/transform_orders_dag.py took 0.366 seconds
[2025-04-27T01:07:52.598+0000] {processor.py:161} INFO - Started process (PID=1139) to work on /opt/airflow/dags/transform_orders_dag.py
[2025-04-27T01:07:52.599+0000] {processor.py:830} INFO - Processing file /opt/airflow/dags/transform_orders_dag.py for tasks to queue
[2025-04-27T01:07:52.600+0000] {logging_mixin.py:188} INFO - [2025-04-27T01:07:52.599+0000] {dagbag.py:538} INFO - Filling up the DagBag from /opt/airflow/dags/transform_orders_dag.py
[2025-04-27T01:07:52.859+0000] {processor.py:840} INFO - DAG(s) 'clean_orders_csv_dag' retrieved from /opt/airflow/dags/transform_orders_dag.py
[2025-04-27T01:07:52.881+0000] {logging_mixin.py:188} INFO - [2025-04-27T01:07:52.881+0000] {dag.py:3036} INFO - Sync 1 DAGs
[2025-04-27T01:07:52.894+0000] {logging_mixin.py:188} INFO - [2025-04-27T01:07:52.894+0000] {dag.py:3823} INFO - Setting next_dagrun for clean_orders_csv_dag to None, run_after=None
[2025-04-27T01:07:52.925+0000] {processor.py:183} INFO - Processing /opt/airflow/dags/transform_orders_dag.py took 0.330 seconds
[2025-04-27T01:08:23.080+0000] {processor.py:161} INFO - Started process (PID=1182) to work on /opt/airflow/dags/transform_orders_dag.py
[2025-04-27T01:08:23.082+0000] {processor.py:830} INFO - Processing file /opt/airflow/dags/transform_orders_dag.py for tasks to queue
[2025-04-27T01:08:23.083+0000] {logging_mixin.py:188} INFO - [2025-04-27T01:08:23.083+0000] {dagbag.py:538} INFO - Filling up the DagBag from /opt/airflow/dags/transform_orders_dag.py
[2025-04-27T01:08:23.353+0000] {processor.py:840} INFO - DAG(s) 'clean_orders_csv_dag' retrieved from /opt/airflow/dags/transform_orders_dag.py
[2025-04-27T01:08:23.377+0000] {logging_mixin.py:188} INFO - [2025-04-27T01:08:23.376+0000] {dag.py:3036} INFO - Sync 1 DAGs
[2025-04-27T01:08:23.388+0000] {logging_mixin.py:188} INFO - [2025-04-27T01:08:23.388+0000] {dag.py:3823} INFO - Setting next_dagrun for clean_orders_csv_dag to None, run_after=None
[2025-04-27T01:08:23.414+0000] {processor.py:183} INFO - Processing /opt/airflow/dags/transform_orders_dag.py took 0.337 seconds
[2025-04-27T01:08:53.597+0000] {processor.py:161} INFO - Started process (PID=1225) to work on /opt/airflow/dags/transform_orders_dag.py
[2025-04-27T01:08:53.599+0000] {processor.py:830} INFO - Processing file /opt/airflow/dags/transform_orders_dag.py for tasks to queue
[2025-04-27T01:08:53.600+0000] {logging_mixin.py:188} INFO - [2025-04-27T01:08:53.600+0000] {dagbag.py:538} INFO - Filling up the DagBag from /opt/airflow/dags/transform_orders_dag.py
[2025-04-27T01:08:53.911+0000] {processor.py:840} INFO - DAG(s) 'clean_orders_csv_dag' retrieved from /opt/airflow/dags/transform_orders_dag.py
[2025-04-27T01:08:53.940+0000] {logging_mixin.py:188} INFO - [2025-04-27T01:08:53.940+0000] {dag.py:3036} INFO - Sync 1 DAGs
[2025-04-27T01:08:53.954+0000] {logging_mixin.py:188} INFO - [2025-04-27T01:08:53.954+0000] {dag.py:3823} INFO - Setting next_dagrun for clean_orders_csv_dag to None, run_after=None
[2025-04-27T01:08:53.993+0000] {processor.py:183} INFO - Processing /opt/airflow/dags/transform_orders_dag.py took 0.398 seconds
[2025-04-27T01:09:24.120+0000] {processor.py:161} INFO - Started process (PID=1268) to work on /opt/airflow/dags/transform_orders_dag.py
[2025-04-27T01:09:24.121+0000] {processor.py:830} INFO - Processing file /opt/airflow/dags/transform_orders_dag.py for tasks to queue
[2025-04-27T01:09:24.123+0000] {logging_mixin.py:188} INFO - [2025-04-27T01:09:24.122+0000] {dagbag.py:538} INFO - Filling up the DagBag from /opt/airflow/dags/transform_orders_dag.py
[2025-04-27T01:09:24.425+0000] {processor.py:840} INFO - DAG(s) 'clean_orders_csv_dag' retrieved from /opt/airflow/dags/transform_orders_dag.py
[2025-04-27T01:09:24.455+0000] {logging_mixin.py:188} INFO - [2025-04-27T01:09:24.454+0000] {dag.py:3036} INFO - Sync 1 DAGs
[2025-04-27T01:09:24.473+0000] {logging_mixin.py:188} INFO - [2025-04-27T01:09:24.473+0000] {dag.py:3823} INFO - Setting next_dagrun for clean_orders_csv_dag to None, run_after=None
[2025-04-27T01:09:24.499+0000] {processor.py:183} INFO - Processing /opt/airflow/dags/transform_orders_dag.py took 0.382 seconds
[2025-04-27T01:09:54.673+0000] {processor.py:161} INFO - Started process (PID=1316) to work on /opt/airflow/dags/transform_orders_dag.py
[2025-04-27T01:09:54.675+0000] {processor.py:830} INFO - Processing file /opt/airflow/dags/transform_orders_dag.py for tasks to queue
[2025-04-27T01:09:54.676+0000] {logging_mixin.py:188} INFO - [2025-04-27T01:09:54.675+0000] {dagbag.py:538} INFO - Filling up the DagBag from /opt/airflow/dags/transform_orders_dag.py
[2025-04-27T01:09:55.018+0000] {processor.py:840} INFO - DAG(s) 'clean_orders_csv_dag' retrieved from /opt/airflow/dags/transform_orders_dag.py
[2025-04-27T01:09:55.039+0000] {logging_mixin.py:188} INFO - [2025-04-27T01:09:55.039+0000] {dag.py:3036} INFO - Sync 1 DAGs
[2025-04-27T01:09:55.052+0000] {logging_mixin.py:188} INFO - [2025-04-27T01:09:55.052+0000] {dag.py:3823} INFO - Setting next_dagrun for clean_orders_csv_dag to None, run_after=None
[2025-04-27T01:09:55.070+0000] {processor.py:183} INFO - Processing /opt/airflow/dags/transform_orders_dag.py took 0.399 seconds
[2025-04-27T01:10:25.933+0000] {processor.py:161} INFO - Started process (PID=1362) to work on /opt/airflow/dags/transform_orders_dag.py
[2025-04-27T01:10:25.934+0000] {processor.py:830} INFO - Processing file /opt/airflow/dags/transform_orders_dag.py for tasks to queue
[2025-04-27T01:10:25.935+0000] {logging_mixin.py:188} INFO - [2025-04-27T01:10:25.935+0000] {dagbag.py:538} INFO - Filling up the DagBag from /opt/airflow/dags/transform_orders_dag.py
[2025-04-27T01:10:26.267+0000] {processor.py:840} INFO - DAG(s) 'clean_orders_csv_dag' retrieved from /opt/airflow/dags/transform_orders_dag.py
[2025-04-27T01:10:26.298+0000] {logging_mixin.py:188} INFO - [2025-04-27T01:10:26.297+0000] {dag.py:3036} INFO - Sync 1 DAGs
[2025-04-27T01:10:26.314+0000] {logging_mixin.py:188} INFO - [2025-04-27T01:10:26.313+0000] {dag.py:3823} INFO - Setting next_dagrun for clean_orders_csv_dag to None, run_after=None
[2025-04-27T01:10:26.343+0000] {processor.py:183} INFO - Processing /opt/airflow/dags/transform_orders_dag.py took 0.415 seconds
[2025-04-27T01:10:56.815+0000] {processor.py:161} INFO - Started process (PID=1408) to work on /opt/airflow/dags/transform_orders_dag.py
[2025-04-27T01:10:56.816+0000] {processor.py:830} INFO - Processing file /opt/airflow/dags/transform_orders_dag.py for tasks to queue
[2025-04-27T01:10:56.817+0000] {logging_mixin.py:188} INFO - [2025-04-27T01:10:56.817+0000] {dagbag.py:538} INFO - Filling up the DagBag from /opt/airflow/dags/transform_orders_dag.py
[2025-04-27T01:10:57.143+0000] {processor.py:840} INFO - DAG(s) 'clean_orders_csv_dag' retrieved from /opt/airflow/dags/transform_orders_dag.py
[2025-04-27T01:10:57.167+0000] {logging_mixin.py:188} INFO - [2025-04-27T01:10:57.166+0000] {dag.py:3036} INFO - Sync 1 DAGs
[2025-04-27T01:10:57.177+0000] {logging_mixin.py:188} INFO - [2025-04-27T01:10:57.176+0000] {dag.py:3823} INFO - Setting next_dagrun for clean_orders_csv_dag to None, run_after=None
[2025-04-27T01:10:57.192+0000] {processor.py:183} INFO - Processing /opt/airflow/dags/transform_orders_dag.py took 0.379 seconds
[2025-04-27T01:11:27.429+0000] {processor.py:161} INFO - Started process (PID=1451) to work on /opt/airflow/dags/transform_orders_dag.py
[2025-04-27T01:11:27.430+0000] {processor.py:830} INFO - Processing file /opt/airflow/dags/transform_orders_dag.py for tasks to queue
[2025-04-27T01:11:27.431+0000] {logging_mixin.py:188} INFO - [2025-04-27T01:11:27.431+0000] {dagbag.py:538} INFO - Filling up the DagBag from /opt/airflow/dags/transform_orders_dag.py
[2025-04-27T01:11:27.729+0000] {processor.py:840} INFO - DAG(s) 'clean_orders_csv_dag' retrieved from /opt/airflow/dags/transform_orders_dag.py
[2025-04-27T01:11:27.752+0000] {logging_mixin.py:188} INFO - [2025-04-27T01:11:27.752+0000] {dag.py:3036} INFO - Sync 1 DAGs
[2025-04-27T01:11:27.765+0000] {logging_mixin.py:188} INFO - [2025-04-27T01:11:27.765+0000] {dag.py:3823} INFO - Setting next_dagrun for clean_orders_csv_dag to None, run_after=None
[2025-04-27T01:11:27.783+0000] {processor.py:183} INFO - Processing /opt/airflow/dags/transform_orders_dag.py took 0.358 seconds
[2025-04-27T01:11:58.064+0000] {processor.py:161} INFO - Started process (PID=1491) to work on /opt/airflow/dags/transform_orders_dag.py
[2025-04-27T01:11:58.065+0000] {processor.py:830} INFO - Processing file /opt/airflow/dags/transform_orders_dag.py for tasks to queue
[2025-04-27T01:11:58.066+0000] {logging_mixin.py:188} INFO - [2025-04-27T01:11:58.066+0000] {dagbag.py:538} INFO - Filling up the DagBag from /opt/airflow/dags/transform_orders_dag.py
[2025-04-27T01:11:58.562+0000] {processor.py:840} INFO - DAG(s) 'clean_orders_csv_dag' retrieved from /opt/airflow/dags/transform_orders_dag.py
[2025-04-27T01:11:58.606+0000] {logging_mixin.py:188} INFO - [2025-04-27T01:11:58.605+0000] {dag.py:3036} INFO - Sync 1 DAGs
[2025-04-27T01:11:58.648+0000] {logging_mixin.py:188} INFO - [2025-04-27T01:11:58.648+0000] {dag.py:3823} INFO - Setting next_dagrun for clean_orders_csv_dag to None, run_after=None
[2025-04-27T01:11:58.697+0000] {processor.py:183} INFO - Processing /opt/airflow/dags/transform_orders_dag.py took 0.636 seconds
[2025-04-27T01:12:29.222+0000] {processor.py:161} INFO - Started process (PID=1534) to work on /opt/airflow/dags/transform_orders_dag.py
[2025-04-27T01:12:29.223+0000] {processor.py:830} INFO - Processing file /opt/airflow/dags/transform_orders_dag.py for tasks to queue
[2025-04-27T01:12:29.225+0000] {logging_mixin.py:188} INFO - [2025-04-27T01:12:29.224+0000] {dagbag.py:538} INFO - Filling up the DagBag from /opt/airflow/dags/transform_orders_dag.py
[2025-04-27T01:12:29.634+0000] {processor.py:840} INFO - DAG(s) 'clean_orders_csv_dag' retrieved from /opt/airflow/dags/transform_orders_dag.py
[2025-04-27T01:12:29.663+0000] {logging_mixin.py:188} INFO - [2025-04-27T01:12:29.663+0000] {dag.py:3036} INFO - Sync 1 DAGs
[2025-04-27T01:12:29.683+0000] {logging_mixin.py:188} INFO - [2025-04-27T01:12:29.683+0000] {dag.py:3823} INFO - Setting next_dagrun for clean_orders_csv_dag to None, run_after=None
[2025-04-27T01:12:29.748+0000] {processor.py:183} INFO - Processing /opt/airflow/dags/transform_orders_dag.py took 0.529 seconds
[2025-04-27T01:13:00.383+0000] {processor.py:161} INFO - Started process (PID=1577) to work on /opt/airflow/dags/transform_orders_dag.py
[2025-04-27T01:13:00.384+0000] {processor.py:830} INFO - Processing file /opt/airflow/dags/transform_orders_dag.py for tasks to queue
[2025-04-27T01:13:00.385+0000] {logging_mixin.py:188} INFO - [2025-04-27T01:13:00.385+0000] {dagbag.py:538} INFO - Filling up the DagBag from /opt/airflow/dags/transform_orders_dag.py
[2025-04-27T01:13:00.706+0000] {processor.py:840} INFO - DAG(s) 'clean_orders_csv_dag' retrieved from /opt/airflow/dags/transform_orders_dag.py
[2025-04-27T01:13:00.739+0000] {logging_mixin.py:188} INFO - [2025-04-27T01:13:00.738+0000] {dag.py:3036} INFO - Sync 1 DAGs
[2025-04-27T01:13:00.766+0000] {logging_mixin.py:188} INFO - [2025-04-27T01:13:00.766+0000] {dag.py:3823} INFO - Setting next_dagrun for clean_orders_csv_dag to None, run_after=None
[2025-04-27T01:13:00.964+0000] {processor.py:183} INFO - Processing /opt/airflow/dags/transform_orders_dag.py took 0.585 seconds
[2025-04-27T01:13:31.678+0000] {processor.py:161} INFO - Started process (PID=1620) to work on /opt/airflow/dags/transform_orders_dag.py
[2025-04-27T01:13:31.679+0000] {processor.py:830} INFO - Processing file /opt/airflow/dags/transform_orders_dag.py for tasks to queue
[2025-04-27T01:13:31.680+0000] {logging_mixin.py:188} INFO - [2025-04-27T01:13:31.680+0000] {dagbag.py:538} INFO - Filling up the DagBag from /opt/airflow/dags/transform_orders_dag.py
[2025-04-27T01:13:31.996+0000] {processor.py:840} INFO - DAG(s) 'clean_orders_csv_dag' retrieved from /opt/airflow/dags/transform_orders_dag.py
[2025-04-27T01:13:32.020+0000] {logging_mixin.py:188} INFO - [2025-04-27T01:13:32.019+0000] {dag.py:3036} INFO - Sync 1 DAGs
[2025-04-27T01:13:32.033+0000] {logging_mixin.py:188} INFO - [2025-04-27T01:13:32.033+0000] {dag.py:3823} INFO - Setting next_dagrun for clean_orders_csv_dag to None, run_after=None
[2025-04-27T01:13:32.053+0000] {processor.py:183} INFO - Processing /opt/airflow/dags/transform_orders_dag.py took 0.379 seconds
[2025-04-27T01:14:02.426+0000] {processor.py:161} INFO - Started process (PID=1663) to work on /opt/airflow/dags/transform_orders_dag.py
[2025-04-27T01:14:02.427+0000] {processor.py:830} INFO - Processing file /opt/airflow/dags/transform_orders_dag.py for tasks to queue
[2025-04-27T01:14:02.429+0000] {logging_mixin.py:188} INFO - [2025-04-27T01:14:02.428+0000] {dagbag.py:538} INFO - Filling up the DagBag from /opt/airflow/dags/transform_orders_dag.py
[2025-04-27T01:14:02.806+0000] {processor.py:840} INFO - DAG(s) 'clean_orders_csv_dag' retrieved from /opt/airflow/dags/transform_orders_dag.py
[2025-04-27T01:14:02.840+0000] {logging_mixin.py:188} INFO - [2025-04-27T01:14:02.840+0000] {dag.py:3036} INFO - Sync 1 DAGs
[2025-04-27T01:14:02.855+0000] {logging_mixin.py:188} INFO - [2025-04-27T01:14:02.855+0000] {dag.py:3823} INFO - Setting next_dagrun for clean_orders_csv_dag to None, run_after=None
[2025-04-27T01:14:02.896+0000] {processor.py:183} INFO - Processing /opt/airflow/dags/transform_orders_dag.py took 0.472 seconds
[2025-04-27T01:14:33.378+0000] {processor.py:161} INFO - Started process (PID=1706) to work on /opt/airflow/dags/transform_orders_dag.py
[2025-04-27T01:14:33.378+0000] {processor.py:830} INFO - Processing file /opt/airflow/dags/transform_orders_dag.py for tasks to queue
[2025-04-27T01:14:33.381+0000] {logging_mixin.py:188} INFO - [2025-04-27T01:14:33.380+0000] {dagbag.py:538} INFO - Filling up the DagBag from /opt/airflow/dags/transform_orders_dag.py
[2025-04-27T01:14:33.681+0000] {processor.py:840} INFO - DAG(s) 'clean_orders_csv_dag' retrieved from /opt/airflow/dags/transform_orders_dag.py
[2025-04-27T01:14:33.702+0000] {logging_mixin.py:188} INFO - [2025-04-27T01:14:33.701+0000] {dag.py:3036} INFO - Sync 1 DAGs
[2025-04-27T01:14:33.714+0000] {logging_mixin.py:188} INFO - [2025-04-27T01:14:33.714+0000] {dag.py:3823} INFO - Setting next_dagrun for clean_orders_csv_dag to None, run_after=None
[2025-04-27T01:14:33.741+0000] {processor.py:183} INFO - Processing /opt/airflow/dags/transform_orders_dag.py took 0.366 seconds
[2025-04-27T01:21:51.162+0000] {processor.py:161} INFO - Started process (PID=1749) to work on /opt/airflow/dags/transform_orders_dag.py
[2025-04-27T01:21:51.203+0000] {processor.py:830} INFO - Processing file /opt/airflow/dags/transform_orders_dag.py for tasks to queue
[2025-04-27T01:21:51.263+0000] {logging_mixin.py:188} INFO - [2025-04-27T01:21:51.260+0000] {dagbag.py:538} INFO - Filling up the DagBag from /opt/airflow/dags/transform_orders_dag.py
[2025-04-27T01:21:56.213+0000] {processor.py:840} INFO - DAG(s) 'clean_orders_csv_dag' retrieved from /opt/airflow/dags/transform_orders_dag.py
[2025-04-27T01:21:56.286+0000] {logging_mixin.py:188} INFO - [2025-04-27T01:21:56.285+0000] {dag.py:3036} INFO - Sync 1 DAGs
[2025-04-27T01:21:56.335+0000] {logging_mixin.py:188} INFO - [2025-04-27T01:21:56.335+0000] {dag.py:3823} INFO - Setting next_dagrun for clean_orders_csv_dag to None, run_after=None
[2025-04-27T01:21:56.507+0000] {processor.py:183} INFO - Processing /opt/airflow/dags/transform_orders_dag.py took 5.397 seconds
[2025-04-27T01:22:30.417+0000] {processor.py:161} INFO - Started process (PID=1794) to work on /opt/airflow/dags/transform_orders_dag.py
[2025-04-27T01:22:30.418+0000] {processor.py:830} INFO - Processing file /opt/airflow/dags/transform_orders_dag.py for tasks to queue
[2025-04-27T01:22:30.420+0000] {logging_mixin.py:188} INFO - [2025-04-27T01:22:30.419+0000] {dagbag.py:538} INFO - Filling up the DagBag from /opt/airflow/dags/transform_orders_dag.py
[2025-04-27T01:22:30.889+0000] {processor.py:840} INFO - DAG(s) 'clean_orders_csv_dag' retrieved from /opt/airflow/dags/transform_orders_dag.py
[2025-04-27T01:22:30.923+0000] {logging_mixin.py:188} INFO - [2025-04-27T01:22:30.923+0000] {dag.py:3036} INFO - Sync 1 DAGs
[2025-04-27T01:22:30.943+0000] {logging_mixin.py:188} INFO - [2025-04-27T01:22:30.941+0000] {dag.py:3823} INFO - Setting next_dagrun for clean_orders_csv_dag to None, run_after=None
[2025-04-27T01:22:30.987+0000] {processor.py:183} INFO - Processing /opt/airflow/dags/transform_orders_dag.py took 0.573 seconds
[2025-04-27T01:23:01.136+0000] {processor.py:161} INFO - Started process (PID=1837) to work on /opt/airflow/dags/transform_orders_dag.py
[2025-04-27T01:23:01.137+0000] {processor.py:830} INFO - Processing file /opt/airflow/dags/transform_orders_dag.py for tasks to queue
[2025-04-27T01:23:01.138+0000] {logging_mixin.py:188} INFO - [2025-04-27T01:23:01.137+0000] {dagbag.py:538} INFO - Filling up the DagBag from /opt/airflow/dags/transform_orders_dag.py
[2025-04-27T01:23:01.823+0000] {processor.py:840} INFO - DAG(s) 'clean_orders_csv_dag' retrieved from /opt/airflow/dags/transform_orders_dag.py
[2025-04-27T01:23:01.861+0000] {logging_mixin.py:188} INFO - [2025-04-27T01:23:01.860+0000] {dag.py:3036} INFO - Sync 1 DAGs
[2025-04-27T01:23:01.885+0000] {logging_mixin.py:188} INFO - [2025-04-27T01:23:01.885+0000] {dag.py:3823} INFO - Setting next_dagrun for clean_orders_csv_dag to None, run_after=None
[2025-04-27T01:23:01.956+0000] {processor.py:183} INFO - Processing /opt/airflow/dags/transform_orders_dag.py took 0.824 seconds
[2025-04-27T01:23:32.163+0000] {processor.py:161} INFO - Started process (PID=1877) to work on /opt/airflow/dags/transform_orders_dag.py
[2025-04-27T01:23:32.164+0000] {processor.py:830} INFO - Processing file /opt/airflow/dags/transform_orders_dag.py for tasks to queue
[2025-04-27T01:23:32.165+0000] {logging_mixin.py:188} INFO - [2025-04-27T01:23:32.165+0000] {dagbag.py:538} INFO - Filling up the DagBag from /opt/airflow/dags/transform_orders_dag.py
[2025-04-27T01:23:32.476+0000] {processor.py:840} INFO - DAG(s) 'clean_orders_csv_dag' retrieved from /opt/airflow/dags/transform_orders_dag.py
[2025-04-27T01:23:32.500+0000] {logging_mixin.py:188} INFO - [2025-04-27T01:23:32.500+0000] {dag.py:3036} INFO - Sync 1 DAGs
[2025-04-27T01:23:32.512+0000] {logging_mixin.py:188} INFO - [2025-04-27T01:23:32.512+0000] {dag.py:3823} INFO - Setting next_dagrun for clean_orders_csv_dag to None, run_after=None
[2025-04-27T01:23:32.536+0000] {processor.py:183} INFO - Processing /opt/airflow/dags/transform_orders_dag.py took 0.377 seconds
[2025-04-27T01:24:02.800+0000] {processor.py:161} INFO - Started process (PID=1920) to work on /opt/airflow/dags/transform_orders_dag.py
[2025-04-27T01:24:02.801+0000] {processor.py:830} INFO - Processing file /opt/airflow/dags/transform_orders_dag.py for tasks to queue
[2025-04-27T01:24:02.802+0000] {logging_mixin.py:188} INFO - [2025-04-27T01:24:02.802+0000] {dagbag.py:538} INFO - Filling up the DagBag from /opt/airflow/dags/transform_orders_dag.py
[2025-04-27T01:24:03.126+0000] {processor.py:840} INFO - DAG(s) 'clean_orders_csv_dag' retrieved from /opt/airflow/dags/transform_orders_dag.py
[2025-04-27T01:24:03.149+0000] {logging_mixin.py:188} INFO - [2025-04-27T01:24:03.149+0000] {dag.py:3036} INFO - Sync 1 DAGs
[2025-04-27T01:24:03.161+0000] {logging_mixin.py:188} INFO - [2025-04-27T01:24:03.161+0000] {dag.py:3823} INFO - Setting next_dagrun for clean_orders_csv_dag to None, run_after=None
[2025-04-27T01:24:03.179+0000] {processor.py:183} INFO - Processing /opt/airflow/dags/transform_orders_dag.py took 0.382 seconds
[2025-04-27T01:24:34.033+0000] {processor.py:161} INFO - Started process (PID=1963) to work on /opt/airflow/dags/transform_orders_dag.py
[2025-04-27T01:24:34.035+0000] {processor.py:830} INFO - Processing file /opt/airflow/dags/transform_orders_dag.py for tasks to queue
[2025-04-27T01:24:34.036+0000] {logging_mixin.py:188} INFO - [2025-04-27T01:24:34.036+0000] {dagbag.py:538} INFO - Filling up the DagBag from /opt/airflow/dags/transform_orders_dag.py
[2025-04-27T01:24:34.480+0000] {processor.py:840} INFO - DAG(s) 'clean_orders_csv_dag' retrieved from /opt/airflow/dags/transform_orders_dag.py
[2025-04-27T01:24:34.500+0000] {logging_mixin.py:188} INFO - [2025-04-27T01:24:34.500+0000] {dag.py:3036} INFO - Sync 1 DAGs
[2025-04-27T01:24:34.512+0000] {logging_mixin.py:188} INFO - [2025-04-27T01:24:34.512+0000] {dag.py:3823} INFO - Setting next_dagrun for clean_orders_csv_dag to None, run_after=None
[2025-04-27T01:24:34.537+0000] {processor.py:183} INFO - Processing /opt/airflow/dags/transform_orders_dag.py took 0.507 seconds
[2025-04-27T01:25:05.014+0000] {processor.py:161} INFO - Started process (PID=2006) to work on /opt/airflow/dags/transform_orders_dag.py
[2025-04-27T01:25:05.015+0000] {processor.py:830} INFO - Processing file /opt/airflow/dags/transform_orders_dag.py for tasks to queue
[2025-04-27T01:25:05.017+0000] {logging_mixin.py:188} INFO - [2025-04-27T01:25:05.016+0000] {dagbag.py:538} INFO - Filling up the DagBag from /opt/airflow/dags/transform_orders_dag.py
[2025-04-27T01:25:05.539+0000] {processor.py:840} INFO - DAG(s) 'clean_orders_csv_dag' retrieved from /opt/airflow/dags/transform_orders_dag.py
[2025-04-27T01:25:05.599+0000] {logging_mixin.py:188} INFO - [2025-04-27T01:25:05.598+0000] {dag.py:3036} INFO - Sync 1 DAGs
[2025-04-27T01:25:05.635+0000] {logging_mixin.py:188} INFO - [2025-04-27T01:25:05.635+0000] {dag.py:3823} INFO - Setting next_dagrun for clean_orders_csv_dag to None, run_after=None
[2025-04-27T01:25:05.701+0000] {processor.py:183} INFO - Processing /opt/airflow/dags/transform_orders_dag.py took 0.691 seconds
[2025-04-27T01:25:35.837+0000] {processor.py:161} INFO - Started process (PID=2052) to work on /opt/airflow/dags/transform_orders_dag.py
[2025-04-27T01:25:35.840+0000] {processor.py:830} INFO - Processing file /opt/airflow/dags/transform_orders_dag.py for tasks to queue
[2025-04-27T01:25:35.842+0000] {logging_mixin.py:188} INFO - [2025-04-27T01:25:35.841+0000] {dagbag.py:538} INFO - Filling up the DagBag from /opt/airflow/dags/transform_orders_dag.py
[2025-04-27T01:25:36.219+0000] {processor.py:840} INFO - DAG(s) 'clean_orders_csv_dag' retrieved from /opt/airflow/dags/transform_orders_dag.py
[2025-04-27T01:25:36.250+0000] {logging_mixin.py:188} INFO - [2025-04-27T01:25:36.249+0000] {dag.py:3036} INFO - Sync 1 DAGs
[2025-04-27T01:25:36.268+0000] {logging_mixin.py:188} INFO - [2025-04-27T01:25:36.268+0000] {dag.py:3823} INFO - Setting next_dagrun for clean_orders_csv_dag to None, run_after=None
[2025-04-27T01:25:36.297+0000] {processor.py:183} INFO - Processing /opt/airflow/dags/transform_orders_dag.py took 0.464 seconds
[2025-04-27T01:26:06.421+0000] {processor.py:161} INFO - Started process (PID=2102) to work on /opt/airflow/dags/transform_orders_dag.py
[2025-04-27T01:26:06.422+0000] {processor.py:830} INFO - Processing file /opt/airflow/dags/transform_orders_dag.py for tasks to queue
[2025-04-27T01:26:06.424+0000] {logging_mixin.py:188} INFO - [2025-04-27T01:26:06.424+0000] {dagbag.py:538} INFO - Filling up the DagBag from /opt/airflow/dags/transform_orders_dag.py
[2025-04-27T01:26:06.732+0000] {processor.py:840} INFO - DAG(s) 'clean_orders_csv_dag' retrieved from /opt/airflow/dags/transform_orders_dag.py
[2025-04-27T01:26:06.752+0000] {logging_mixin.py:188} INFO - [2025-04-27T01:26:06.752+0000] {dag.py:3036} INFO - Sync 1 DAGs
[2025-04-27T01:26:06.764+0000] {logging_mixin.py:188} INFO - [2025-04-27T01:26:06.764+0000] {dag.py:3823} INFO - Setting next_dagrun for clean_orders_csv_dag to None, run_after=None
[2025-04-27T01:26:06.784+0000] {processor.py:183} INFO - Processing /opt/airflow/dags/transform_orders_dag.py took 0.367 seconds
[2025-04-27T01:26:37.998+0000] {processor.py:161} INFO - Started process (PID=2148) to work on /opt/airflow/dags/transform_orders_dag.py
[2025-04-27T01:26:37.999+0000] {processor.py:830} INFO - Processing file /opt/airflow/dags/transform_orders_dag.py for tasks to queue
[2025-04-27T01:26:38.000+0000] {logging_mixin.py:188} INFO - [2025-04-27T01:26:38.000+0000] {dagbag.py:538} INFO - Filling up the DagBag from /opt/airflow/dags/transform_orders_dag.py
[2025-04-27T01:26:38.463+0000] {processor.py:840} INFO - DAG(s) 'clean_orders_csv_dag' retrieved from /opt/airflow/dags/transform_orders_dag.py
[2025-04-27T01:26:38.484+0000] {logging_mixin.py:188} INFO - [2025-04-27T01:26:38.484+0000] {dag.py:3036} INFO - Sync 1 DAGs
[2025-04-27T01:26:38.497+0000] {logging_mixin.py:188} INFO - [2025-04-27T01:26:38.497+0000] {dag.py:3823} INFO - Setting next_dagrun for clean_orders_csv_dag to None, run_after=None
[2025-04-27T01:26:38.517+0000] {processor.py:183} INFO - Processing /opt/airflow/dags/transform_orders_dag.py took 0.522 seconds
[2025-04-27T01:27:08.950+0000] {processor.py:161} INFO - Started process (PID=2196) to work on /opt/airflow/dags/transform_orders_dag.py
[2025-04-27T01:27:08.951+0000] {processor.py:830} INFO - Processing file /opt/airflow/dags/transform_orders_dag.py for tasks to queue
[2025-04-27T01:27:08.952+0000] {logging_mixin.py:188} INFO - [2025-04-27T01:27:08.951+0000] {dagbag.py:538} INFO - Filling up the DagBag from /opt/airflow/dags/transform_orders_dag.py
[2025-04-27T01:27:09.390+0000] {processor.py:840} INFO - DAG(s) 'clean_orders_csv_dag' retrieved from /opt/airflow/dags/transform_orders_dag.py
[2025-04-27T01:27:09.429+0000] {logging_mixin.py:188} INFO - [2025-04-27T01:27:09.429+0000] {dag.py:3036} INFO - Sync 1 DAGs
[2025-04-27T01:27:09.447+0000] {logging_mixin.py:188} INFO - [2025-04-27T01:27:09.447+0000] {dag.py:3823} INFO - Setting next_dagrun for clean_orders_csv_dag to None, run_after=None
[2025-04-27T01:27:09.484+0000] {processor.py:183} INFO - Processing /opt/airflow/dags/transform_orders_dag.py took 0.538 seconds
[2025-04-27T01:27:40.015+0000] {processor.py:161} INFO - Started process (PID=2239) to work on /opt/airflow/dags/transform_orders_dag.py
[2025-04-27T01:27:40.016+0000] {processor.py:830} INFO - Processing file /opt/airflow/dags/transform_orders_dag.py for tasks to queue
[2025-04-27T01:27:40.017+0000] {logging_mixin.py:188} INFO - [2025-04-27T01:27:40.016+0000] {dagbag.py:538} INFO - Filling up the DagBag from /opt/airflow/dags/transform_orders_dag.py
[2025-04-27T01:27:40.354+0000] {processor.py:840} INFO - DAG(s) 'clean_orders_csv_dag' retrieved from /opt/airflow/dags/transform_orders_dag.py
[2025-04-27T01:27:40.390+0000] {logging_mixin.py:188} INFO - [2025-04-27T01:27:40.389+0000] {dag.py:3036} INFO - Sync 1 DAGs
[2025-04-27T01:27:40.401+0000] {logging_mixin.py:188} INFO - [2025-04-27T01:27:40.401+0000] {dag.py:3823} INFO - Setting next_dagrun for clean_orders_csv_dag to None, run_after=None
[2025-04-27T01:27:40.422+0000] {processor.py:183} INFO - Processing /opt/airflow/dags/transform_orders_dag.py took 0.411 seconds
[2025-04-27T01:28:10.482+0000] {processor.py:161} INFO - Started process (PID=2282) to work on /opt/airflow/dags/transform_orders_dag.py
[2025-04-27T01:28:10.483+0000] {processor.py:830} INFO - Processing file /opt/airflow/dags/transform_orders_dag.py for tasks to queue
[2025-04-27T01:28:10.485+0000] {logging_mixin.py:188} INFO - [2025-04-27T01:28:10.484+0000] {dagbag.py:538} INFO - Filling up the DagBag from /opt/airflow/dags/transform_orders_dag.py
[2025-04-27T01:28:10.785+0000] {processor.py:840} INFO - DAG(s) 'clean_orders_csv_dag' retrieved from /opt/airflow/dags/transform_orders_dag.py
[2025-04-27T01:28:10.808+0000] {logging_mixin.py:188} INFO - [2025-04-27T01:28:10.807+0000] {dag.py:3036} INFO - Sync 1 DAGs
[2025-04-27T01:28:10.819+0000] {logging_mixin.py:188} INFO - [2025-04-27T01:28:10.818+0000] {dag.py:3823} INFO - Setting next_dagrun for clean_orders_csv_dag to None, run_after=None
[2025-04-27T01:28:10.840+0000] {processor.py:183} INFO - Processing /opt/airflow/dags/transform_orders_dag.py took 0.362 seconds
[2025-04-27T01:28:41.503+0000] {processor.py:161} INFO - Started process (PID=2325) to work on /opt/airflow/dags/transform_orders_dag.py
[2025-04-27T01:28:41.505+0000] {processor.py:830} INFO - Processing file /opt/airflow/dags/transform_orders_dag.py for tasks to queue
[2025-04-27T01:28:41.507+0000] {logging_mixin.py:188} INFO - [2025-04-27T01:28:41.506+0000] {dagbag.py:538} INFO - Filling up the DagBag from /opt/airflow/dags/transform_orders_dag.py
[2025-04-27T01:28:41.958+0000] {processor.py:840} INFO - DAG(s) 'clean_orders_csv_dag' retrieved from /opt/airflow/dags/transform_orders_dag.py
[2025-04-27T01:28:41.999+0000] {logging_mixin.py:188} INFO - [2025-04-27T01:28:41.998+0000] {dag.py:3036} INFO - Sync 1 DAGs
[2025-04-27T01:28:42.018+0000] {logging_mixin.py:188} INFO - [2025-04-27T01:28:42.018+0000] {dag.py:3823} INFO - Setting next_dagrun for clean_orders_csv_dag to None, run_after=None
[2025-04-27T01:28:42.053+0000] {processor.py:183} INFO - Processing /opt/airflow/dags/transform_orders_dag.py took 0.553 seconds
[2025-04-27T01:29:12.687+0000] {processor.py:161} INFO - Started process (PID=2368) to work on /opt/airflow/dags/transform_orders_dag.py
[2025-04-27T01:29:12.688+0000] {processor.py:830} INFO - Processing file /opt/airflow/dags/transform_orders_dag.py for tasks to queue
[2025-04-27T01:29:12.689+0000] {logging_mixin.py:188} INFO - [2025-04-27T01:29:12.689+0000] {dagbag.py:538} INFO - Filling up the DagBag from /opt/airflow/dags/transform_orders_dag.py
[2025-04-27T01:29:13.088+0000] {processor.py:840} INFO - DAG(s) 'clean_orders_csv_dag' retrieved from /opt/airflow/dags/transform_orders_dag.py
[2025-04-27T01:29:13.120+0000] {logging_mixin.py:188} INFO - [2025-04-27T01:29:13.116+0000] {dag.py:3036} INFO - Sync 1 DAGs
[2025-04-27T01:29:13.136+0000] {logging_mixin.py:188} INFO - [2025-04-27T01:29:13.136+0000] {dag.py:3823} INFO - Setting next_dagrun for clean_orders_csv_dag to None, run_after=None
[2025-04-27T01:29:13.170+0000] {processor.py:183} INFO - Processing /opt/airflow/dags/transform_orders_dag.py took 0.486 seconds
[2025-04-27T01:29:43.299+0000] {processor.py:161} INFO - Started process (PID=2411) to work on /opt/airflow/dags/transform_orders_dag.py
[2025-04-27T01:29:43.300+0000] {processor.py:830} INFO - Processing file /opt/airflow/dags/transform_orders_dag.py for tasks to queue
[2025-04-27T01:29:43.301+0000] {logging_mixin.py:188} INFO - [2025-04-27T01:29:43.300+0000] {dagbag.py:538} INFO - Filling up the DagBag from /opt/airflow/dags/transform_orders_dag.py
[2025-04-27T01:29:43.642+0000] {processor.py:840} INFO - DAG(s) 'clean_orders_csv_dag' retrieved from /opt/airflow/dags/transform_orders_dag.py
[2025-04-27T01:29:43.662+0000] {logging_mixin.py:188} INFO - [2025-04-27T01:29:43.662+0000] {dag.py:3036} INFO - Sync 1 DAGs
[2025-04-27T01:29:43.677+0000] {logging_mixin.py:188} INFO - [2025-04-27T01:29:43.677+0000] {dag.py:3823} INFO - Setting next_dagrun for clean_orders_csv_dag to None, run_after=None
[2025-04-27T01:29:43.699+0000] {processor.py:183} INFO - Processing /opt/airflow/dags/transform_orders_dag.py took 0.404 seconds
[2025-04-27T01:30:13.807+0000] {processor.py:161} INFO - Started process (PID=2454) to work on /opt/airflow/dags/transform_orders_dag.py
[2025-04-27T01:30:13.808+0000] {processor.py:830} INFO - Processing file /opt/airflow/dags/transform_orders_dag.py for tasks to queue
[2025-04-27T01:30:13.809+0000] {logging_mixin.py:188} INFO - [2025-04-27T01:30:13.809+0000] {dagbag.py:538} INFO - Filling up the DagBag from /opt/airflow/dags/transform_orders_dag.py
[2025-04-27T01:30:14.158+0000] {processor.py:840} INFO - DAG(s) 'clean_orders_csv_dag' retrieved from /opt/airflow/dags/transform_orders_dag.py
[2025-04-27T01:30:14.179+0000] {logging_mixin.py:188} INFO - [2025-04-27T01:30:14.179+0000] {dag.py:3036} INFO - Sync 1 DAGs
[2025-04-27T01:30:14.191+0000] {logging_mixin.py:188} INFO - [2025-04-27T01:30:14.191+0000] {dag.py:3823} INFO - Setting next_dagrun for clean_orders_csv_dag to None, run_after=None
[2025-04-27T01:30:14.210+0000] {processor.py:183} INFO - Processing /opt/airflow/dags/transform_orders_dag.py took 0.408 seconds
[2025-04-27T01:30:44.448+0000] {processor.py:161} INFO - Started process (PID=2499) to work on /opt/airflow/dags/transform_orders_dag.py
[2025-04-27T01:30:44.449+0000] {processor.py:830} INFO - Processing file /opt/airflow/dags/transform_orders_dag.py for tasks to queue
[2025-04-27T01:30:44.450+0000] {logging_mixin.py:188} INFO - [2025-04-27T01:30:44.449+0000] {dagbag.py:538} INFO - Filling up the DagBag from /opt/airflow/dags/transform_orders_dag.py
[2025-04-27T01:30:44.847+0000] {processor.py:840} INFO - DAG(s) 'clean_orders_csv_dag' retrieved from /opt/airflow/dags/transform_orders_dag.py
[2025-04-27T01:30:44.891+0000] {logging_mixin.py:188} INFO - [2025-04-27T01:30:44.891+0000] {dag.py:3036} INFO - Sync 1 DAGs
[2025-04-27T01:30:44.971+0000] {logging_mixin.py:188} INFO - [2025-04-27T01:30:44.970+0000] {dag.py:3823} INFO - Setting next_dagrun for clean_orders_csv_dag to None, run_after=None
[2025-04-27T01:30:44.998+0000] {processor.py:183} INFO - Processing /opt/airflow/dags/transform_orders_dag.py took 0.554 seconds
[2025-04-27T01:31:16.010+0000] {processor.py:161} INFO - Started process (PID=2547) to work on /opt/airflow/dags/transform_orders_dag.py
[2025-04-27T01:31:16.011+0000] {processor.py:830} INFO - Processing file /opt/airflow/dags/transform_orders_dag.py for tasks to queue
[2025-04-27T01:31:16.013+0000] {logging_mixin.py:188} INFO - [2025-04-27T01:31:16.012+0000] {dagbag.py:538} INFO - Filling up the DagBag from /opt/airflow/dags/transform_orders_dag.py
[2025-04-27T01:31:16.286+0000] {processor.py:840} INFO - DAG(s) 'clean_orders_csv_dag' retrieved from /opt/airflow/dags/transform_orders_dag.py
[2025-04-27T01:31:16.308+0000] {logging_mixin.py:188} INFO - [2025-04-27T01:31:16.307+0000] {dag.py:3036} INFO - Sync 1 DAGs
[2025-04-27T01:31:16.319+0000] {logging_mixin.py:188} INFO - [2025-04-27T01:31:16.319+0000] {dag.py:3823} INFO - Setting next_dagrun for clean_orders_csv_dag to None, run_after=None
[2025-04-27T01:31:16.336+0000] {processor.py:183} INFO - Processing /opt/airflow/dags/transform_orders_dag.py took 0.328 seconds
[2025-04-27T01:31:46.480+0000] {processor.py:161} INFO - Started process (PID=2590) to work on /opt/airflow/dags/transform_orders_dag.py
[2025-04-27T01:31:46.481+0000] {processor.py:830} INFO - Processing file /opt/airflow/dags/transform_orders_dag.py for tasks to queue
[2025-04-27T01:31:46.483+0000] {logging_mixin.py:188} INFO - [2025-04-27T01:31:46.482+0000] {dagbag.py:538} INFO - Filling up the DagBag from /opt/airflow/dags/transform_orders_dag.py
[2025-04-27T01:31:46.771+0000] {processor.py:840} INFO - DAG(s) 'clean_orders_csv_dag' retrieved from /opt/airflow/dags/transform_orders_dag.py
[2025-04-27T01:31:46.792+0000] {logging_mixin.py:188} INFO - [2025-04-27T01:31:46.792+0000] {dag.py:3036} INFO - Sync 1 DAGs
[2025-04-27T01:31:46.805+0000] {logging_mixin.py:188} INFO - [2025-04-27T01:31:46.804+0000] {dag.py:3823} INFO - Setting next_dagrun for clean_orders_csv_dag to None, run_after=None
[2025-04-27T01:31:46.826+0000] {processor.py:183} INFO - Processing /opt/airflow/dags/transform_orders_dag.py took 0.350 seconds
[2025-04-27T01:32:16.945+0000] {processor.py:161} INFO - Started process (PID=2633) to work on /opt/airflow/dags/transform_orders_dag.py
[2025-04-27T01:32:16.946+0000] {processor.py:830} INFO - Processing file /opt/airflow/dags/transform_orders_dag.py for tasks to queue
[2025-04-27T01:32:16.947+0000] {logging_mixin.py:188} INFO - [2025-04-27T01:32:16.947+0000] {dagbag.py:538} INFO - Filling up the DagBag from /opt/airflow/dags/transform_orders_dag.py
[2025-04-27T01:32:17.239+0000] {processor.py:840} INFO - DAG(s) 'clean_orders_csv_dag' retrieved from /opt/airflow/dags/transform_orders_dag.py
[2025-04-27T01:32:17.273+0000] {logging_mixin.py:188} INFO - [2025-04-27T01:32:17.273+0000] {dag.py:3036} INFO - Sync 1 DAGs
[2025-04-27T01:32:17.287+0000] {logging_mixin.py:188} INFO - [2025-04-27T01:32:17.287+0000] {dag.py:3823} INFO - Setting next_dagrun for clean_orders_csv_dag to None, run_after=None
[2025-04-27T01:32:17.308+0000] {processor.py:183} INFO - Processing /opt/airflow/dags/transform_orders_dag.py took 0.366 seconds
[2025-04-27T01:32:49.584+0000] {processor.py:161} INFO - Started process (PID=2676) to work on /opt/airflow/dags/transform_orders_dag.py
[2025-04-27T01:32:49.586+0000] {processor.py:830} INFO - Processing file /opt/airflow/dags/transform_orders_dag.py for tasks to queue
[2025-04-27T01:32:49.587+0000] {logging_mixin.py:188} INFO - [2025-04-27T01:32:49.587+0000] {dagbag.py:538} INFO - Filling up the DagBag from /opt/airflow/dags/transform_orders_dag.py
[2025-04-27T01:32:50.328+0000] {processor.py:840} INFO - DAG(s) 'clean_orders_csv_dag' retrieved from /opt/airflow/dags/transform_orders_dag.py
[2025-04-27T01:32:50.419+0000] {logging_mixin.py:188} INFO - [2025-04-27T01:32:50.418+0000] {dag.py:3036} INFO - Sync 1 DAGs
[2025-04-27T01:32:50.443+0000] {logging_mixin.py:188} INFO - [2025-04-27T01:32:50.443+0000] {dag.py:3823} INFO - Setting next_dagrun for clean_orders_csv_dag to None, run_after=None
[2025-04-27T01:32:50.469+0000] {processor.py:183} INFO - Processing /opt/airflow/dags/transform_orders_dag.py took 0.890 seconds
[2025-04-27T09:13:46.622+0000] {processor.py:161} INFO - Started process (PID=2720) to work on /opt/airflow/dags/transform_orders_dag.py
[2025-04-27T09:13:46.625+0000] {processor.py:830} INFO - Processing file /opt/airflow/dags/transform_orders_dag.py for tasks to queue
[2025-04-27T09:13:46.627+0000] {logging_mixin.py:188} INFO - [2025-04-27T09:13:46.627+0000] {dagbag.py:538} INFO - Filling up the DagBag from /opt/airflow/dags/transform_orders_dag.py
[2025-04-27T09:13:47.434+0000] {processor.py:840} INFO - DAG(s) 'clean_orders_csv_dag' retrieved from /opt/airflow/dags/transform_orders_dag.py
[2025-04-27T09:13:47.488+0000] {logging_mixin.py:188} INFO - [2025-04-27T09:13:47.487+0000] {dag.py:3036} INFO - Sync 1 DAGs
[2025-04-27T09:13:47.524+0000] {logging_mixin.py:188} INFO - [2025-04-27T09:13:47.524+0000] {dag.py:3823} INFO - Setting next_dagrun for clean_orders_csv_dag to None, run_after=None
[2025-04-27T09:13:47.579+0000] {processor.py:183} INFO - Processing /opt/airflow/dags/transform_orders_dag.py took 0.962 seconds
[2025-04-27T13:24:56.022+0000] {processor.py:161} INFO - Started process (PID=2763) to work on /opt/airflow/dags/transform_orders_dag.py
[2025-04-27T13:24:56.024+0000] {processor.py:830} INFO - Processing file /opt/airflow/dags/transform_orders_dag.py for tasks to queue
[2025-04-27T13:24:56.025+0000] {logging_mixin.py:188} INFO - [2025-04-27T13:24:56.025+0000] {dagbag.py:538} INFO - Filling up the DagBag from /opt/airflow/dags/transform_orders_dag.py
[2025-04-27T13:24:56.492+0000] {processor.py:840} INFO - DAG(s) 'clean_orders_csv_dag' retrieved from /opt/airflow/dags/transform_orders_dag.py
[2025-04-27T13:24:56.530+0000] {logging_mixin.py:188} INFO - [2025-04-27T13:24:56.529+0000] {dag.py:3036} INFO - Sync 1 DAGs
[2025-04-27T13:24:56.549+0000] {logging_mixin.py:188} INFO - [2025-04-27T13:24:56.549+0000] {dag.py:3823} INFO - Setting next_dagrun for clean_orders_csv_dag to None, run_after=None
[2025-04-27T13:24:56.578+0000] {processor.py:183} INFO - Processing /opt/airflow/dags/transform_orders_dag.py took 0.561 seconds
[2025-04-27T13:25:27.012+0000] {processor.py:161} INFO - Started process (PID=2808) to work on /opt/airflow/dags/transform_orders_dag.py
[2025-04-27T13:25:27.013+0000] {processor.py:830} INFO - Processing file /opt/airflow/dags/transform_orders_dag.py for tasks to queue
[2025-04-27T13:25:27.015+0000] {logging_mixin.py:188} INFO - [2025-04-27T13:25:27.015+0000] {dagbag.py:538} INFO - Filling up the DagBag from /opt/airflow/dags/transform_orders_dag.py
[2025-04-27T13:25:27.385+0000] {processor.py:840} INFO - DAG(s) 'clean_orders_csv_dag' retrieved from /opt/airflow/dags/transform_orders_dag.py
[2025-04-27T13:25:27.411+0000] {logging_mixin.py:188} INFO - [2025-04-27T13:25:27.411+0000] {dag.py:3036} INFO - Sync 1 DAGs
[2025-04-27T13:25:27.422+0000] {logging_mixin.py:188} INFO - [2025-04-27T13:25:27.421+0000] {dag.py:3823} INFO - Setting next_dagrun for clean_orders_csv_dag to None, run_after=None
[2025-04-27T13:25:27.444+0000] {processor.py:183} INFO - Processing /opt/airflow/dags/transform_orders_dag.py took 0.437 seconds
[2025-04-27T13:25:57.670+0000] {processor.py:161} INFO - Started process (PID=2856) to work on /opt/airflow/dags/transform_orders_dag.py
[2025-04-27T13:25:57.671+0000] {processor.py:830} INFO - Processing file /opt/airflow/dags/transform_orders_dag.py for tasks to queue
[2025-04-27T13:25:57.672+0000] {logging_mixin.py:188} INFO - [2025-04-27T13:25:57.671+0000] {dagbag.py:538} INFO - Filling up the DagBag from /opt/airflow/dags/transform_orders_dag.py
[2025-04-27T13:25:57.954+0000] {processor.py:840} INFO - DAG(s) 'clean_orders_csv_dag' retrieved from /opt/airflow/dags/transform_orders_dag.py
[2025-04-27T13:25:57.983+0000] {logging_mixin.py:188} INFO - [2025-04-27T13:25:57.982+0000] {dag.py:3036} INFO - Sync 1 DAGs
[2025-04-27T13:25:57.995+0000] {logging_mixin.py:188} INFO - [2025-04-27T13:25:57.995+0000] {dag.py:3823} INFO - Setting next_dagrun for clean_orders_csv_dag to None, run_after=None
[2025-04-27T13:25:58.028+0000] {processor.py:183} INFO - Processing /opt/airflow/dags/transform_orders_dag.py took 0.361 seconds
[2025-04-27T13:26:28.280+0000] {processor.py:161} INFO - Started process (PID=2891) to work on /opt/airflow/dags/transform_orders_dag.py
[2025-04-27T13:26:28.281+0000] {processor.py:830} INFO - Processing file /opt/airflow/dags/transform_orders_dag.py for tasks to queue
[2025-04-27T13:26:28.282+0000] {logging_mixin.py:188} INFO - [2025-04-27T13:26:28.282+0000] {dagbag.py:538} INFO - Filling up the DagBag from /opt/airflow/dags/transform_orders_dag.py
[2025-04-27T13:26:28.513+0000] {processor.py:840} INFO - DAG(s) 'clean_orders_csv_dag' retrieved from /opt/airflow/dags/transform_orders_dag.py
[2025-04-27T13:26:28.538+0000] {logging_mixin.py:188} INFO - [2025-04-27T13:26:28.537+0000] {dag.py:3036} INFO - Sync 1 DAGs
[2025-04-27T13:26:28.550+0000] {logging_mixin.py:188} INFO - [2025-04-27T13:26:28.550+0000] {dag.py:3823} INFO - Setting next_dagrun for clean_orders_csv_dag to None, run_after=None
[2025-04-27T13:26:28.572+0000] {processor.py:183} INFO - Processing /opt/airflow/dags/transform_orders_dag.py took 0.295 seconds
[2025-04-27T13:26:59.004+0000] {processor.py:161} INFO - Started process (PID=2934) to work on /opt/airflow/dags/transform_orders_dag.py
[2025-04-27T13:26:59.005+0000] {processor.py:830} INFO - Processing file /opt/airflow/dags/transform_orders_dag.py for tasks to queue
[2025-04-27T13:26:59.007+0000] {logging_mixin.py:188} INFO - [2025-04-27T13:26:59.006+0000] {dagbag.py:538} INFO - Filling up the DagBag from /opt/airflow/dags/transform_orders_dag.py
[2025-04-27T13:26:59.294+0000] {processor.py:840} INFO - DAG(s) 'clean_orders_csv_dag' retrieved from /opt/airflow/dags/transform_orders_dag.py
[2025-04-27T13:26:59.318+0000] {logging_mixin.py:188} INFO - [2025-04-27T13:26:59.318+0000] {dag.py:3036} INFO - Sync 1 DAGs
[2025-04-27T13:26:59.330+0000] {logging_mixin.py:188} INFO - [2025-04-27T13:26:59.330+0000] {dag.py:3823} INFO - Setting next_dagrun for clean_orders_csv_dag to None, run_after=None
[2025-04-27T13:26:59.349+0000] {processor.py:183} INFO - Processing /opt/airflow/dags/transform_orders_dag.py took 0.347 seconds
[2025-04-27T13:27:29.546+0000] {processor.py:161} INFO - Started process (PID=2977) to work on /opt/airflow/dags/transform_orders_dag.py
[2025-04-27T13:27:29.547+0000] {processor.py:830} INFO - Processing file /opt/airflow/dags/transform_orders_dag.py for tasks to queue
[2025-04-27T13:27:29.549+0000] {logging_mixin.py:188} INFO - [2025-04-27T13:27:29.548+0000] {dagbag.py:538} INFO - Filling up the DagBag from /opt/airflow/dags/transform_orders_dag.py
[2025-04-27T13:27:29.960+0000] {processor.py:840} INFO - DAG(s) 'clean_orders_csv_dag' retrieved from /opt/airflow/dags/transform_orders_dag.py
[2025-04-27T13:27:29.997+0000] {logging_mixin.py:188} INFO - [2025-04-27T13:27:29.996+0000] {dag.py:3036} INFO - Sync 1 DAGs
[2025-04-27T13:27:30.019+0000] {logging_mixin.py:188} INFO - [2025-04-27T13:27:30.018+0000] {dag.py:3823} INFO - Setting next_dagrun for clean_orders_csv_dag to None, run_after=None
[2025-04-27T13:27:30.059+0000] {processor.py:183} INFO - Processing /opt/airflow/dags/transform_orders_dag.py took 0.515 seconds
[2025-04-27T13:28:00.932+0000] {processor.py:161} INFO - Started process (PID=3020) to work on /opt/airflow/dags/transform_orders_dag.py
[2025-04-27T13:28:00.933+0000] {processor.py:830} INFO - Processing file /opt/airflow/dags/transform_orders_dag.py for tasks to queue
[2025-04-27T13:28:00.934+0000] {logging_mixin.py:188} INFO - [2025-04-27T13:28:00.934+0000] {dagbag.py:538} INFO - Filling up the DagBag from /opt/airflow/dags/transform_orders_dag.py
[2025-04-27T13:28:01.309+0000] {processor.py:840} INFO - DAG(s) 'clean_orders_csv_dag' retrieved from /opt/airflow/dags/transform_orders_dag.py
[2025-04-27T13:28:01.337+0000] {logging_mixin.py:188} INFO - [2025-04-27T13:28:01.337+0000] {dag.py:3036} INFO - Sync 1 DAGs
[2025-04-27T13:28:01.350+0000] {logging_mixin.py:188} INFO - [2025-04-27T13:28:01.350+0000] {dag.py:3823} INFO - Setting next_dagrun for clean_orders_csv_dag to None, run_after=None
[2025-04-27T13:28:01.381+0000] {processor.py:183} INFO - Processing /opt/airflow/dags/transform_orders_dag.py took 0.453 seconds
[2025-04-27T13:28:31.523+0000] {processor.py:161} INFO - Started process (PID=3064) to work on /opt/airflow/dags/transform_orders_dag.py
[2025-04-27T13:28:31.524+0000] {processor.py:830} INFO - Processing file /opt/airflow/dags/transform_orders_dag.py for tasks to queue
[2025-04-27T13:28:31.526+0000] {logging_mixin.py:188} INFO - [2025-04-27T13:28:31.526+0000] {dagbag.py:538} INFO - Filling up the DagBag from /opt/airflow/dags/transform_orders_dag.py
[2025-04-27T13:28:31.877+0000] {processor.py:840} INFO - DAG(s) 'clean_orders_csv_dag' retrieved from /opt/airflow/dags/transform_orders_dag.py
[2025-04-27T13:28:31.919+0000] {logging_mixin.py:188} INFO - [2025-04-27T13:28:31.919+0000] {dag.py:3036} INFO - Sync 1 DAGs
[2025-04-27T13:28:31.934+0000] {logging_mixin.py:188} INFO - [2025-04-27T13:28:31.933+0000] {dag.py:3823} INFO - Setting next_dagrun for clean_orders_csv_dag to None, run_after=None
[2025-04-27T13:28:31.972+0000] {processor.py:183} INFO - Processing /opt/airflow/dags/transform_orders_dag.py took 0.452 seconds
[2025-04-27T13:29:02.817+0000] {processor.py:161} INFO - Started process (PID=3106) to work on /opt/airflow/dags/transform_orders_dag.py
[2025-04-27T13:29:02.819+0000] {processor.py:830} INFO - Processing file /opt/airflow/dags/transform_orders_dag.py for tasks to queue
[2025-04-27T13:29:02.820+0000] {logging_mixin.py:188} INFO - [2025-04-27T13:29:02.820+0000] {dagbag.py:538} INFO - Filling up the DagBag from /opt/airflow/dags/transform_orders_dag.py
[2025-04-27T13:29:03.164+0000] {processor.py:840} INFO - DAG(s) 'clean_orders_csv_dag' retrieved from /opt/airflow/dags/transform_orders_dag.py
[2025-04-27T13:29:03.189+0000] {logging_mixin.py:188} INFO - [2025-04-27T13:29:03.188+0000] {dag.py:3036} INFO - Sync 1 DAGs
[2025-04-27T13:29:03.199+0000] {logging_mixin.py:188} INFO - [2025-04-27T13:29:03.199+0000] {dag.py:3823} INFO - Setting next_dagrun for clean_orders_csv_dag to None, run_after=None
[2025-04-27T13:29:03.218+0000] {processor.py:183} INFO - Processing /opt/airflow/dags/transform_orders_dag.py took 0.406 seconds
[2025-04-27T13:29:33.696+0000] {processor.py:161} INFO - Started process (PID=3152) to work on /opt/airflow/dags/transform_orders_dag.py
[2025-04-27T13:29:33.697+0000] {processor.py:830} INFO - Processing file /opt/airflow/dags/transform_orders_dag.py for tasks to queue
[2025-04-27T13:29:33.698+0000] {logging_mixin.py:188} INFO - [2025-04-27T13:29:33.698+0000] {dagbag.py:538} INFO - Filling up the DagBag from /opt/airflow/dags/transform_orders_dag.py
[2025-04-27T13:29:33.957+0000] {processor.py:840} INFO - DAG(s) 'clean_orders_csv_dag' retrieved from /opt/airflow/dags/transform_orders_dag.py
[2025-04-27T13:29:33.983+0000] {logging_mixin.py:188} INFO - [2025-04-27T13:29:33.983+0000] {dag.py:3036} INFO - Sync 1 DAGs
[2025-04-27T13:29:34.000+0000] {logging_mixin.py:188} INFO - [2025-04-27T13:29:33.999+0000] {dag.py:3823} INFO - Setting next_dagrun for clean_orders_csv_dag to None, run_after=None
[2025-04-27T13:29:34.031+0000] {processor.py:183} INFO - Processing /opt/airflow/dags/transform_orders_dag.py took 0.337 seconds
[2025-04-27T13:30:04.216+0000] {processor.py:161} INFO - Started process (PID=3195) to work on /opt/airflow/dags/transform_orders_dag.py
[2025-04-27T13:30:04.217+0000] {processor.py:830} INFO - Processing file /opt/airflow/dags/transform_orders_dag.py for tasks to queue
[2025-04-27T13:30:04.218+0000] {logging_mixin.py:188} INFO - [2025-04-27T13:30:04.218+0000] {dagbag.py:538} INFO - Filling up the DagBag from /opt/airflow/dags/transform_orders_dag.py
[2025-04-27T13:30:04.465+0000] {processor.py:840} INFO - DAG(s) 'clean_orders_csv_dag' retrieved from /opt/airflow/dags/transform_orders_dag.py
[2025-04-27T13:30:04.486+0000] {logging_mixin.py:188} INFO - [2025-04-27T13:30:04.486+0000] {dag.py:3036} INFO - Sync 1 DAGs
[2025-04-27T13:30:04.498+0000] {logging_mixin.py:188} INFO - [2025-04-27T13:30:04.497+0000] {dag.py:3823} INFO - Setting next_dagrun for clean_orders_csv_dag to None, run_after=None
[2025-04-27T13:30:04.518+0000] {processor.py:183} INFO - Processing /opt/airflow/dags/transform_orders_dag.py took 0.305 seconds
[2025-04-27T13:30:34.830+0000] {processor.py:161} INFO - Started process (PID=3238) to work on /opt/airflow/dags/transform_orders_dag.py
[2025-04-27T13:30:34.831+0000] {processor.py:830} INFO - Processing file /opt/airflow/dags/transform_orders_dag.py for tasks to queue
[2025-04-27T13:30:34.832+0000] {logging_mixin.py:188} INFO - [2025-04-27T13:30:34.832+0000] {dagbag.py:538} INFO - Filling up the DagBag from /opt/airflow/dags/transform_orders_dag.py
[2025-04-27T13:30:35.133+0000] {processor.py:840} INFO - DAG(s) 'clean_orders_csv_dag' retrieved from /opt/airflow/dags/transform_orders_dag.py
[2025-04-27T13:30:35.154+0000] {logging_mixin.py:188} INFO - [2025-04-27T13:30:35.154+0000] {dag.py:3036} INFO - Sync 1 DAGs
[2025-04-27T13:30:35.164+0000] {logging_mixin.py:188} INFO - [2025-04-27T13:30:35.163+0000] {dag.py:3823} INFO - Setting next_dagrun for clean_orders_csv_dag to None, run_after=None
[2025-04-27T13:30:35.185+0000] {processor.py:183} INFO - Processing /opt/airflow/dags/transform_orders_dag.py took 0.357 seconds
[2025-04-27T13:31:05.465+0000] {processor.py:161} INFO - Started process (PID=3281) to work on /opt/airflow/dags/transform_orders_dag.py
[2025-04-27T13:31:05.466+0000] {processor.py:830} INFO - Processing file /opt/airflow/dags/transform_orders_dag.py for tasks to queue
[2025-04-27T13:31:05.467+0000] {logging_mixin.py:188} INFO - [2025-04-27T13:31:05.466+0000] {dagbag.py:538} INFO - Filling up the DagBag from /opt/airflow/dags/transform_orders_dag.py
[2025-04-27T13:31:05.699+0000] {processor.py:840} INFO - DAG(s) 'clean_orders_csv_dag' retrieved from /opt/airflow/dags/transform_orders_dag.py
[2025-04-27T13:31:05.719+0000] {logging_mixin.py:188} INFO - [2025-04-27T13:31:05.718+0000] {dag.py:3036} INFO - Sync 1 DAGs
[2025-04-27T13:31:05.728+0000] {logging_mixin.py:188} INFO - [2025-04-27T13:31:05.728+0000] {dag.py:3823} INFO - Setting next_dagrun for clean_orders_csv_dag to None, run_after=None
[2025-04-27T13:31:05.746+0000] {processor.py:183} INFO - Processing /opt/airflow/dags/transform_orders_dag.py took 0.284 seconds
[2025-04-27T13:31:36.034+0000] {processor.py:161} INFO - Started process (PID=3324) to work on /opt/airflow/dags/transform_orders_dag.py
[2025-04-27T13:31:36.035+0000] {processor.py:830} INFO - Processing file /opt/airflow/dags/transform_orders_dag.py for tasks to queue
[2025-04-27T13:31:36.036+0000] {logging_mixin.py:188} INFO - [2025-04-27T13:31:36.036+0000] {dagbag.py:538} INFO - Filling up the DagBag from /opt/airflow/dags/transform_orders_dag.py
[2025-04-27T13:31:36.259+0000] {processor.py:840} INFO - DAG(s) 'clean_orders_csv_dag' retrieved from /opt/airflow/dags/transform_orders_dag.py
[2025-04-27T13:31:36.282+0000] {logging_mixin.py:188} INFO - [2025-04-27T13:31:36.282+0000] {dag.py:3036} INFO - Sync 1 DAGs
[2025-04-27T13:31:36.294+0000] {logging_mixin.py:188} INFO - [2025-04-27T13:31:36.294+0000] {dag.py:3823} INFO - Setting next_dagrun for clean_orders_csv_dag to None, run_after=None
[2025-04-27T13:31:36.315+0000] {processor.py:183} INFO - Processing /opt/airflow/dags/transform_orders_dag.py took 0.283 seconds
[2025-04-27T13:32:06.401+0000] {processor.py:161} INFO - Started process (PID=3364) to work on /opt/airflow/dags/transform_orders_dag.py
[2025-04-27T13:32:06.403+0000] {processor.py:830} INFO - Processing file /opt/airflow/dags/transform_orders_dag.py for tasks to queue
[2025-04-27T13:32:06.404+0000] {logging_mixin.py:188} INFO - [2025-04-27T13:32:06.404+0000] {dagbag.py:538} INFO - Filling up the DagBag from /opt/airflow/dags/transform_orders_dag.py
[2025-04-27T13:32:06.637+0000] {processor.py:840} INFO - DAG(s) 'clean_orders_csv_dag' retrieved from /opt/airflow/dags/transform_orders_dag.py
[2025-04-27T13:32:06.657+0000] {logging_mixin.py:188} INFO - [2025-04-27T13:32:06.656+0000] {dag.py:3036} INFO - Sync 1 DAGs
[2025-04-27T13:32:06.666+0000] {logging_mixin.py:188} INFO - [2025-04-27T13:32:06.666+0000] {dag.py:3823} INFO - Setting next_dagrun for clean_orders_csv_dag to None, run_after=None
[2025-04-27T13:32:06.684+0000] {processor.py:183} INFO - Processing /opt/airflow/dags/transform_orders_dag.py took 0.285 seconds
[2025-04-27T13:32:36.798+0000] {processor.py:161} INFO - Started process (PID=3407) to work on /opt/airflow/dags/transform_orders_dag.py
[2025-04-27T13:32:36.799+0000] {processor.py:830} INFO - Processing file /opt/airflow/dags/transform_orders_dag.py for tasks to queue
[2025-04-27T13:32:36.800+0000] {logging_mixin.py:188} INFO - [2025-04-27T13:32:36.800+0000] {dagbag.py:538} INFO - Filling up the DagBag from /opt/airflow/dags/transform_orders_dag.py
[2025-04-27T13:32:37.076+0000] {processor.py:840} INFO - DAG(s) 'clean_orders_csv_dag' retrieved from /opt/airflow/dags/transform_orders_dag.py
[2025-04-27T13:32:37.098+0000] {logging_mixin.py:188} INFO - [2025-04-27T13:32:37.098+0000] {dag.py:3036} INFO - Sync 1 DAGs
[2025-04-27T13:32:37.109+0000] {logging_mixin.py:188} INFO - [2025-04-27T13:32:37.109+0000] {dag.py:3823} INFO - Setting next_dagrun for clean_orders_csv_dag to None, run_after=None
[2025-04-27T13:32:37.127+0000] {processor.py:183} INFO - Processing /opt/airflow/dags/transform_orders_dag.py took 0.331 seconds
[2025-04-27T13:33:07.450+0000] {processor.py:161} INFO - Started process (PID=3450) to work on /opt/airflow/dags/transform_orders_dag.py
[2025-04-27T13:33:07.451+0000] {processor.py:830} INFO - Processing file /opt/airflow/dags/transform_orders_dag.py for tasks to queue
[2025-04-27T13:33:07.453+0000] {logging_mixin.py:188} INFO - [2025-04-27T13:33:07.452+0000] {dagbag.py:538} INFO - Filling up the DagBag from /opt/airflow/dags/transform_orders_dag.py
[2025-04-27T13:33:07.673+0000] {processor.py:840} INFO - DAG(s) 'clean_orders_csv_dag' retrieved from /opt/airflow/dags/transform_orders_dag.py
[2025-04-27T13:33:07.703+0000] {logging_mixin.py:188} INFO - [2025-04-27T13:33:07.703+0000] {dag.py:3036} INFO - Sync 1 DAGs
[2025-04-27T13:33:07.719+0000] {logging_mixin.py:188} INFO - [2025-04-27T13:33:07.719+0000] {dag.py:3823} INFO - Setting next_dagrun for clean_orders_csv_dag to None, run_after=None
[2025-04-27T13:33:07.738+0000] {processor.py:183} INFO - Processing /opt/airflow/dags/transform_orders_dag.py took 0.290 seconds
[2025-04-27T13:33:38.000+0000] {processor.py:161} INFO - Started process (PID=3493) to work on /opt/airflow/dags/transform_orders_dag.py
[2025-04-27T13:33:38.001+0000] {processor.py:830} INFO - Processing file /opt/airflow/dags/transform_orders_dag.py for tasks to queue
[2025-04-27T13:33:38.002+0000] {logging_mixin.py:188} INFO - [2025-04-27T13:33:38.002+0000] {dagbag.py:538} INFO - Filling up the DagBag from /opt/airflow/dags/transform_orders_dag.py
[2025-04-27T13:33:38.214+0000] {processor.py:840} INFO - DAG(s) 'clean_orders_csv_dag' retrieved from /opt/airflow/dags/transform_orders_dag.py
[2025-04-27T13:33:38.238+0000] {logging_mixin.py:188} INFO - [2025-04-27T13:33:38.238+0000] {dag.py:3036} INFO - Sync 1 DAGs
[2025-04-27T13:33:38.248+0000] {logging_mixin.py:188} INFO - [2025-04-27T13:33:38.247+0000] {dag.py:3823} INFO - Setting next_dagrun for clean_orders_csv_dag to None, run_after=None
[2025-04-27T13:33:38.267+0000] {processor.py:183} INFO - Processing /opt/airflow/dags/transform_orders_dag.py took 0.269 seconds
[2025-04-27T13:34:08.411+0000] {processor.py:161} INFO - Started process (PID=3536) to work on /opt/airflow/dags/transform_orders_dag.py
[2025-04-27T13:34:08.412+0000] {processor.py:830} INFO - Processing file /opt/airflow/dags/transform_orders_dag.py for tasks to queue
[2025-04-27T13:34:08.413+0000] {logging_mixin.py:188} INFO - [2025-04-27T13:34:08.413+0000] {dagbag.py:538} INFO - Filling up the DagBag from /opt/airflow/dags/transform_orders_dag.py
[2025-04-27T13:34:08.629+0000] {processor.py:840} INFO - DAG(s) 'clean_orders_csv_dag' retrieved from /opt/airflow/dags/transform_orders_dag.py
[2025-04-27T13:34:08.647+0000] {logging_mixin.py:188} INFO - [2025-04-27T13:34:08.647+0000] {dag.py:3036} INFO - Sync 1 DAGs
[2025-04-27T13:34:08.657+0000] {logging_mixin.py:188} INFO - [2025-04-27T13:34:08.657+0000] {dag.py:3823} INFO - Setting next_dagrun for clean_orders_csv_dag to None, run_after=None
[2025-04-27T13:34:08.676+0000] {processor.py:183} INFO - Processing /opt/airflow/dags/transform_orders_dag.py took 0.267 seconds
[2025-04-27T13:34:38.984+0000] {processor.py:161} INFO - Started process (PID=3579) to work on /opt/airflow/dags/transform_orders_dag.py
[2025-04-27T13:34:38.986+0000] {processor.py:830} INFO - Processing file /opt/airflow/dags/transform_orders_dag.py for tasks to queue
[2025-04-27T13:34:38.986+0000] {logging_mixin.py:188} INFO - [2025-04-27T13:34:38.986+0000] {dagbag.py:538} INFO - Filling up the DagBag from /opt/airflow/dags/transform_orders_dag.py
[2025-04-27T13:34:39.220+0000] {processor.py:840} INFO - DAG(s) 'clean_orders_csv_dag' retrieved from /opt/airflow/dags/transform_orders_dag.py
[2025-04-27T13:34:39.241+0000] {logging_mixin.py:188} INFO - [2025-04-27T13:34:39.240+0000] {dag.py:3036} INFO - Sync 1 DAGs
[2025-04-27T13:34:39.250+0000] {logging_mixin.py:188} INFO - [2025-04-27T13:34:39.250+0000] {dag.py:3823} INFO - Setting next_dagrun for clean_orders_csv_dag to None, run_after=None
[2025-04-27T13:34:39.267+0000] {processor.py:183} INFO - Processing /opt/airflow/dags/transform_orders_dag.py took 0.286 seconds
[2025-04-27T13:35:09.812+0000] {processor.py:161} INFO - Started process (PID=3622) to work on /opt/airflow/dags/transform_orders_dag.py
[2025-04-27T13:35:09.814+0000] {processor.py:830} INFO - Processing file /opt/airflow/dags/transform_orders_dag.py for tasks to queue
[2025-04-27T13:35:09.816+0000] {logging_mixin.py:188} INFO - [2025-04-27T13:35:09.815+0000] {dagbag.py:538} INFO - Filling up the DagBag from /opt/airflow/dags/transform_orders_dag.py
[2025-04-27T13:35:10.066+0000] {processor.py:840} INFO - DAG(s) 'clean_orders_csv_dag' retrieved from /opt/airflow/dags/transform_orders_dag.py
[2025-04-27T13:35:10.092+0000] {logging_mixin.py:188} INFO - [2025-04-27T13:35:10.092+0000] {dag.py:3036} INFO - Sync 1 DAGs
[2025-04-27T13:35:10.107+0000] {logging_mixin.py:188} INFO - [2025-04-27T13:35:10.107+0000] {dag.py:3823} INFO - Setting next_dagrun for clean_orders_csv_dag to None, run_after=None
[2025-04-27T13:35:10.137+0000] {processor.py:183} INFO - Processing /opt/airflow/dags/transform_orders_dag.py took 0.329 seconds
[2025-04-27T13:35:40.606+0000] {processor.py:161} INFO - Started process (PID=3665) to work on /opt/airflow/dags/transform_orders_dag.py
[2025-04-27T13:35:40.607+0000] {processor.py:830} INFO - Processing file /opt/airflow/dags/transform_orders_dag.py for tasks to queue
[2025-04-27T13:35:40.608+0000] {logging_mixin.py:188} INFO - [2025-04-27T13:35:40.608+0000] {dagbag.py:538} INFO - Filling up the DagBag from /opt/airflow/dags/transform_orders_dag.py
[2025-04-27T13:35:40.885+0000] {processor.py:840} INFO - DAG(s) 'clean_orders_csv_dag' retrieved from /opt/airflow/dags/transform_orders_dag.py
[2025-04-27T13:35:40.908+0000] {logging_mixin.py:188} INFO - [2025-04-27T13:35:40.907+0000] {dag.py:3036} INFO - Sync 1 DAGs
[2025-04-27T13:35:40.920+0000] {logging_mixin.py:188} INFO - [2025-04-27T13:35:40.919+0000] {dag.py:3823} INFO - Setting next_dagrun for clean_orders_csv_dag to None, run_after=None
[2025-04-27T13:35:40.943+0000] {processor.py:183} INFO - Processing /opt/airflow/dags/transform_orders_dag.py took 0.340 seconds
[2025-04-27T13:42:14.285+0000] {processor.py:161} INFO - Started process (PID=3710) to work on /opt/airflow/dags/transform_orders_dag.py
[2025-04-27T13:42:14.289+0000] {processor.py:830} INFO - Processing file /opt/airflow/dags/transform_orders_dag.py for tasks to queue
[2025-04-27T13:42:14.292+0000] {logging_mixin.py:188} INFO - [2025-04-27T13:42:14.291+0000] {dagbag.py:538} INFO - Filling up the DagBag from /opt/airflow/dags/transform_orders_dag.py
[2025-04-27T13:42:15.342+0000] {processor.py:840} INFO - DAG(s) 'clean_orders_csv_dag' retrieved from /opt/airflow/dags/transform_orders_dag.py
[2025-04-27T13:42:15.408+0000] {logging_mixin.py:188} INFO - [2025-04-27T13:42:15.406+0000] {dag.py:3036} INFO - Sync 1 DAGs
[2025-04-27T13:42:15.450+0000] {logging_mixin.py:188} INFO - [2025-04-27T13:42:15.449+0000] {dag.py:3823} INFO - Setting next_dagrun for clean_orders_csv_dag to None, run_after=None
[2025-04-27T13:42:15.513+0000] {processor.py:183} INFO - Processing /opt/airflow/dags/transform_orders_dag.py took 1.236 seconds
[2025-04-27T13:42:45.779+0000] {processor.py:161} INFO - Started process (PID=3752) to work on /opt/airflow/dags/transform_orders_dag.py
[2025-04-27T13:42:45.780+0000] {processor.py:830} INFO - Processing file /opt/airflow/dags/transform_orders_dag.py for tasks to queue
[2025-04-27T13:42:45.781+0000] {logging_mixin.py:188} INFO - [2025-04-27T13:42:45.780+0000] {dagbag.py:538} INFO - Filling up the DagBag from /opt/airflow/dags/transform_orders_dag.py
[2025-04-27T13:42:46.022+0000] {processor.py:840} INFO - DAG(s) 'clean_orders_csv_dag' retrieved from /opt/airflow/dags/transform_orders_dag.py
[2025-04-27T13:42:46.054+0000] {logging_mixin.py:188} INFO - [2025-04-27T13:42:46.054+0000] {dag.py:3036} INFO - Sync 1 DAGs
[2025-04-27T13:42:46.064+0000] {logging_mixin.py:188} INFO - [2025-04-27T13:42:46.064+0000] {dag.py:3823} INFO - Setting next_dagrun for clean_orders_csv_dag to None, run_after=None
[2025-04-27T13:42:46.083+0000] {processor.py:183} INFO - Processing /opt/airflow/dags/transform_orders_dag.py took 0.307 seconds
[2025-04-27T13:43:17.119+0000] {processor.py:161} INFO - Started process (PID=3795) to work on /opt/airflow/dags/transform_orders_dag.py
[2025-04-27T13:43:17.121+0000] {processor.py:830} INFO - Processing file /opt/airflow/dags/transform_orders_dag.py for tasks to queue
[2025-04-27T13:43:17.123+0000] {logging_mixin.py:188} INFO - [2025-04-27T13:43:17.122+0000] {dagbag.py:538} INFO - Filling up the DagBag from /opt/airflow/dags/transform_orders_dag.py
[2025-04-27T13:43:17.363+0000] {processor.py:840} INFO - DAG(s) 'clean_orders_csv_dag' retrieved from /opt/airflow/dags/transform_orders_dag.py
[2025-04-27T13:43:17.384+0000] {logging_mixin.py:188} INFO - [2025-04-27T13:43:17.383+0000] {dag.py:3036} INFO - Sync 1 DAGs
[2025-04-27T13:43:17.393+0000] {logging_mixin.py:188} INFO - [2025-04-27T13:43:17.393+0000] {dag.py:3823} INFO - Setting next_dagrun for clean_orders_csv_dag to None, run_after=None
[2025-04-27T13:43:17.414+0000] {processor.py:183} INFO - Processing /opt/airflow/dags/transform_orders_dag.py took 0.299 seconds
[2025-04-27T13:43:47.793+0000] {processor.py:161} INFO - Started process (PID=3838) to work on /opt/airflow/dags/transform_orders_dag.py
[2025-04-27T13:43:47.794+0000] {processor.py:830} INFO - Processing file /opt/airflow/dags/transform_orders_dag.py for tasks to queue
[2025-04-27T13:43:47.795+0000] {logging_mixin.py:188} INFO - [2025-04-27T13:43:47.794+0000] {dagbag.py:538} INFO - Filling up the DagBag from /opt/airflow/dags/transform_orders_dag.py
[2025-04-27T13:43:48.005+0000] {processor.py:840} INFO - DAG(s) 'clean_orders_csv_dag' retrieved from /opt/airflow/dags/transform_orders_dag.py
[2025-04-27T13:43:48.028+0000] {logging_mixin.py:188} INFO - [2025-04-27T13:43:48.027+0000] {dag.py:3036} INFO - Sync 1 DAGs
[2025-04-27T13:43:48.040+0000] {logging_mixin.py:188} INFO - [2025-04-27T13:43:48.040+0000] {dag.py:3823} INFO - Setting next_dagrun for clean_orders_csv_dag to None, run_after=None
[2025-04-27T13:43:48.057+0000] {processor.py:183} INFO - Processing /opt/airflow/dags/transform_orders_dag.py took 0.267 seconds
[2025-04-27T13:44:18.344+0000] {processor.py:161} INFO - Started process (PID=3881) to work on /opt/airflow/dags/transform_orders_dag.py
[2025-04-27T13:44:18.345+0000] {processor.py:830} INFO - Processing file /opt/airflow/dags/transform_orders_dag.py for tasks to queue
[2025-04-27T13:44:18.346+0000] {logging_mixin.py:188} INFO - [2025-04-27T13:44:18.345+0000] {dagbag.py:538} INFO - Filling up the DagBag from /opt/airflow/dags/transform_orders_dag.py
[2025-04-27T13:44:18.593+0000] {processor.py:840} INFO - DAG(s) 'clean_orders_csv_dag' retrieved from /opt/airflow/dags/transform_orders_dag.py
[2025-04-27T13:44:18.620+0000] {logging_mixin.py:188} INFO - [2025-04-27T13:44:18.619+0000] {dag.py:3036} INFO - Sync 1 DAGs
[2025-04-27T13:44:18.630+0000] {logging_mixin.py:188} INFO - [2025-04-27T13:44:18.630+0000] {dag.py:3823} INFO - Setting next_dagrun for clean_orders_csv_dag to None, run_after=None
[2025-04-27T13:44:18.650+0000] {processor.py:183} INFO - Processing /opt/airflow/dags/transform_orders_dag.py took 0.308 seconds
[2025-04-27T13:44:48.942+0000] {processor.py:161} INFO - Started process (PID=3924) to work on /opt/airflow/dags/transform_orders_dag.py
[2025-04-27T13:44:48.943+0000] {processor.py:830} INFO - Processing file /opt/airflow/dags/transform_orders_dag.py for tasks to queue
[2025-04-27T13:44:48.944+0000] {logging_mixin.py:188} INFO - [2025-04-27T13:44:48.944+0000] {dagbag.py:538} INFO - Filling up the DagBag from /opt/airflow/dags/transform_orders_dag.py
[2025-04-27T13:44:49.177+0000] {processor.py:840} INFO - DAG(s) 'clean_orders_csv_dag' retrieved from /opt/airflow/dags/transform_orders_dag.py
[2025-04-27T13:44:49.201+0000] {logging_mixin.py:188} INFO - [2025-04-27T13:44:49.201+0000] {dag.py:3036} INFO - Sync 1 DAGs
[2025-04-27T13:44:49.212+0000] {logging_mixin.py:188} INFO - [2025-04-27T13:44:49.212+0000] {dag.py:3823} INFO - Setting next_dagrun for clean_orders_csv_dag to None, run_after=None
[2025-04-27T13:44:49.237+0000] {processor.py:183} INFO - Processing /opt/airflow/dags/transform_orders_dag.py took 0.298 seconds
[2025-04-27T13:45:19.466+0000] {processor.py:161} INFO - Started process (PID=3967) to work on /opt/airflow/dags/transform_orders_dag.py
[2025-04-27T13:45:19.467+0000] {processor.py:830} INFO - Processing file /opt/airflow/dags/transform_orders_dag.py for tasks to queue
[2025-04-27T13:45:19.468+0000] {logging_mixin.py:188} INFO - [2025-04-27T13:45:19.468+0000] {dagbag.py:538} INFO - Filling up the DagBag from /opt/airflow/dags/transform_orders_dag.py
[2025-04-27T13:45:19.712+0000] {processor.py:840} INFO - DAG(s) 'clean_orders_csv_dag' retrieved from /opt/airflow/dags/transform_orders_dag.py
[2025-04-27T13:45:19.743+0000] {logging_mixin.py:188} INFO - [2025-04-27T13:45:19.742+0000] {dag.py:3036} INFO - Sync 1 DAGs
[2025-04-27T13:45:19.761+0000] {logging_mixin.py:188} INFO - [2025-04-27T13:45:19.761+0000] {dag.py:3823} INFO - Setting next_dagrun for clean_orders_csv_dag to None, run_after=None
[2025-04-27T13:45:19.786+0000] {processor.py:183} INFO - Processing /opt/airflow/dags/transform_orders_dag.py took 0.322 seconds
[2025-04-27T13:45:50.120+0000] {processor.py:161} INFO - Started process (PID=4010) to work on /opt/airflow/dags/transform_orders_dag.py
[2025-04-27T13:45:50.121+0000] {processor.py:830} INFO - Processing file /opt/airflow/dags/transform_orders_dag.py for tasks to queue
[2025-04-27T13:45:50.122+0000] {logging_mixin.py:188} INFO - [2025-04-27T13:45:50.122+0000] {dagbag.py:538} INFO - Filling up the DagBag from /opt/airflow/dags/transform_orders_dag.py
[2025-04-27T13:45:50.342+0000] {processor.py:840} INFO - DAG(s) 'clean_orders_csv_dag' retrieved from /opt/airflow/dags/transform_orders_dag.py
[2025-04-27T13:45:50.364+0000] {logging_mixin.py:188} INFO - [2025-04-27T13:45:50.363+0000] {dag.py:3036} INFO - Sync 1 DAGs
[2025-04-27T13:45:50.374+0000] {logging_mixin.py:188} INFO - [2025-04-27T13:45:50.374+0000] {dag.py:3823} INFO - Setting next_dagrun for clean_orders_csv_dag to None, run_after=None
[2025-04-27T13:45:50.391+0000] {processor.py:183} INFO - Processing /opt/airflow/dags/transform_orders_dag.py took 0.273 seconds
[2025-04-27T13:46:20.611+0000] {processor.py:161} INFO - Started process (PID=4053) to work on /opt/airflow/dags/transform_orders_dag.py
[2025-04-27T13:46:20.612+0000] {processor.py:830} INFO - Processing file /opt/airflow/dags/transform_orders_dag.py for tasks to queue
[2025-04-27T13:46:20.614+0000] {logging_mixin.py:188} INFO - [2025-04-27T13:46:20.613+0000] {dagbag.py:538} INFO - Filling up the DagBag from /opt/airflow/dags/transform_orders_dag.py
[2025-04-27T13:46:20.846+0000] {processor.py:840} INFO - DAG(s) 'clean_orders_csv_dag' retrieved from /opt/airflow/dags/transform_orders_dag.py
[2025-04-27T13:46:20.866+0000] {logging_mixin.py:188} INFO - [2025-04-27T13:46:20.865+0000] {dag.py:3036} INFO - Sync 1 DAGs
[2025-04-27T13:46:20.964+0000] {logging_mixin.py:188} INFO - [2025-04-27T13:46:20.963+0000] {dag.py:3823} INFO - Setting next_dagrun for clean_orders_csv_dag to None, run_after=None
[2025-04-27T13:46:21.033+0000] {processor.py:183} INFO - Processing /opt/airflow/dags/transform_orders_dag.py took 0.425 seconds
[2025-04-27T13:46:51.191+0000] {processor.py:161} INFO - Started process (PID=4096) to work on /opt/airflow/dags/transform_orders_dag.py
[2025-04-27T13:46:51.192+0000] {processor.py:830} INFO - Processing file /opt/airflow/dags/transform_orders_dag.py for tasks to queue
[2025-04-27T13:46:51.193+0000] {logging_mixin.py:188} INFO - [2025-04-27T13:46:51.192+0000] {dagbag.py:538} INFO - Filling up the DagBag from /opt/airflow/dags/transform_orders_dag.py
[2025-04-27T13:46:51.424+0000] {processor.py:840} INFO - DAG(s) 'clean_orders_csv_dag' retrieved from /opt/airflow/dags/transform_orders_dag.py
[2025-04-27T13:46:51.448+0000] {logging_mixin.py:188} INFO - [2025-04-27T13:46:51.447+0000] {dag.py:3036} INFO - Sync 1 DAGs
[2025-04-27T13:46:51.459+0000] {logging_mixin.py:188} INFO - [2025-04-27T13:46:51.459+0000] {dag.py:3823} INFO - Setting next_dagrun for clean_orders_csv_dag to None, run_after=None
[2025-04-27T13:46:51.479+0000] {processor.py:183} INFO - Processing /opt/airflow/dags/transform_orders_dag.py took 0.291 seconds
[2025-04-27T13:47:21.611+0000] {processor.py:161} INFO - Started process (PID=4139) to work on /opt/airflow/dags/transform_orders_dag.py
[2025-04-27T13:47:21.611+0000] {processor.py:830} INFO - Processing file /opt/airflow/dags/transform_orders_dag.py for tasks to queue
[2025-04-27T13:47:21.612+0000] {logging_mixin.py:188} INFO - [2025-04-27T13:47:21.612+0000] {dagbag.py:538} INFO - Filling up the DagBag from /opt/airflow/dags/transform_orders_dag.py
[2025-04-27T13:47:21.857+0000] {processor.py:840} INFO - DAG(s) 'clean_orders_csv_dag' retrieved from /opt/airflow/dags/transform_orders_dag.py
[2025-04-27T13:47:21.894+0000] {logging_mixin.py:188} INFO - [2025-04-27T13:47:21.894+0000] {dag.py:3036} INFO - Sync 1 DAGs
[2025-04-27T13:47:21.932+0000] {logging_mixin.py:188} INFO - [2025-04-27T13:47:21.932+0000] {dag.py:3823} INFO - Setting next_dagrun for clean_orders_csv_dag to None, run_after=None
[2025-04-27T13:47:22.270+0000] {processor.py:183} INFO - Processing /opt/airflow/dags/transform_orders_dag.py took 0.662 seconds
[2025-04-27T13:51:09.760+0000] {processor.py:161} INFO - Started process (PID=4183) to work on /opt/airflow/dags/transform_orders_dag.py
[2025-04-27T13:51:09.761+0000] {processor.py:830} INFO - Processing file /opt/airflow/dags/transform_orders_dag.py for tasks to queue
[2025-04-27T13:51:09.763+0000] {logging_mixin.py:188} INFO - [2025-04-27T13:51:09.762+0000] {dagbag.py:538} INFO - Filling up the DagBag from /opt/airflow/dags/transform_orders_dag.py
[2025-04-27T13:51:10.192+0000] {processor.py:840} INFO - DAG(s) 'clean_orders_csv_dag' retrieved from /opt/airflow/dags/transform_orders_dag.py
[2025-04-27T13:51:10.225+0000] {logging_mixin.py:188} INFO - [2025-04-27T13:51:10.225+0000] {dag.py:3036} INFO - Sync 1 DAGs
[2025-04-27T13:51:10.243+0000] {logging_mixin.py:188} INFO - [2025-04-27T13:51:10.242+0000] {dag.py:3823} INFO - Setting next_dagrun for clean_orders_csv_dag to None, run_after=None
[2025-04-27T13:51:10.277+0000] {processor.py:183} INFO - Processing /opt/airflow/dags/transform_orders_dag.py took 0.522 seconds
[2025-04-27T13:51:40.673+0000] {processor.py:161} INFO - Started process (PID=4226) to work on /opt/airflow/dags/transform_orders_dag.py
[2025-04-27T13:51:40.675+0000] {processor.py:830} INFO - Processing file /opt/airflow/dags/transform_orders_dag.py for tasks to queue
[2025-04-27T13:51:40.676+0000] {logging_mixin.py:188} INFO - [2025-04-27T13:51:40.675+0000] {dagbag.py:538} INFO - Filling up the DagBag from /opt/airflow/dags/transform_orders_dag.py
[2025-04-27T13:51:41.015+0000] {processor.py:840} INFO - DAG(s) 'clean_orders_csv_dag' retrieved from /opt/airflow/dags/transform_orders_dag.py
[2025-04-27T13:51:41.044+0000] {logging_mixin.py:188} INFO - [2025-04-27T13:51:41.044+0000] {dag.py:3036} INFO - Sync 1 DAGs
[2025-04-27T13:51:41.091+0000] {logging_mixin.py:188} INFO - [2025-04-27T13:51:41.091+0000] {dag.py:3823} INFO - Setting next_dagrun for clean_orders_csv_dag to None, run_after=None
[2025-04-27T13:51:41.121+0000] {processor.py:183} INFO - Processing /opt/airflow/dags/transform_orders_dag.py took 0.450 seconds
[2025-04-27T13:52:11.925+0000] {processor.py:161} INFO - Started process (PID=4271) to work on /opt/airflow/dags/transform_orders_dag.py
[2025-04-27T13:52:11.926+0000] {processor.py:830} INFO - Processing file /opt/airflow/dags/transform_orders_dag.py for tasks to queue
[2025-04-27T13:52:11.927+0000] {logging_mixin.py:188} INFO - [2025-04-27T13:52:11.927+0000] {dagbag.py:538} INFO - Filling up the DagBag from /opt/airflow/dags/transform_orders_dag.py
[2025-04-27T13:52:12.176+0000] {processor.py:840} INFO - DAG(s) 'clean_orders_csv_dag' retrieved from /opt/airflow/dags/transform_orders_dag.py
[2025-04-27T13:52:12.199+0000] {logging_mixin.py:188} INFO - [2025-04-27T13:52:12.199+0000] {dag.py:3036} INFO - Sync 1 DAGs
[2025-04-27T13:52:12.211+0000] {logging_mixin.py:188} INFO - [2025-04-27T13:52:12.210+0000] {dag.py:3823} INFO - Setting next_dagrun for clean_orders_csv_dag to None, run_after=None
[2025-04-27T13:52:12.231+0000] {processor.py:183} INFO - Processing /opt/airflow/dags/transform_orders_dag.py took 0.308 seconds
[2025-04-27T13:52:42.299+0000] {processor.py:161} INFO - Started process (PID=4312) to work on /opt/airflow/dags/transform_orders_dag.py
[2025-04-27T13:52:42.300+0000] {processor.py:830} INFO - Processing file /opt/airflow/dags/transform_orders_dag.py for tasks to queue
[2025-04-27T13:52:42.301+0000] {logging_mixin.py:188} INFO - [2025-04-27T13:52:42.301+0000] {dagbag.py:538} INFO - Filling up the DagBag from /opt/airflow/dags/transform_orders_dag.py
[2025-04-27T13:52:42.547+0000] {processor.py:840} INFO - DAG(s) 'clean_orders_csv_dag' retrieved from /opt/airflow/dags/transform_orders_dag.py
[2025-04-27T13:52:42.569+0000] {logging_mixin.py:188} INFO - [2025-04-27T13:52:42.569+0000] {dag.py:3036} INFO - Sync 1 DAGs
[2025-04-27T13:52:42.579+0000] {logging_mixin.py:188} INFO - [2025-04-27T13:52:42.579+0000] {dag.py:3823} INFO - Setting next_dagrun for clean_orders_csv_dag to None, run_after=None
[2025-04-27T13:52:42.597+0000] {processor.py:183} INFO - Processing /opt/airflow/dags/transform_orders_dag.py took 0.301 seconds
[2025-04-27T13:53:12.913+0000] {processor.py:161} INFO - Started process (PID=4355) to work on /opt/airflow/dags/transform_orders_dag.py
[2025-04-27T13:53:12.916+0000] {processor.py:830} INFO - Processing file /opt/airflow/dags/transform_orders_dag.py for tasks to queue
[2025-04-27T13:53:12.917+0000] {logging_mixin.py:188} INFO - [2025-04-27T13:53:12.917+0000] {dagbag.py:538} INFO - Filling up the DagBag from /opt/airflow/dags/transform_orders_dag.py
[2025-04-27T13:53:13.248+0000] {processor.py:840} INFO - DAG(s) 'clean_orders_csv_dag' retrieved from /opt/airflow/dags/transform_orders_dag.py
[2025-04-27T13:53:13.269+0000] {logging_mixin.py:188} INFO - [2025-04-27T13:53:13.269+0000] {dag.py:3036} INFO - Sync 1 DAGs
[2025-04-27T13:53:13.279+0000] {logging_mixin.py:188} INFO - [2025-04-27T13:53:13.279+0000] {dag.py:3823} INFO - Setting next_dagrun for clean_orders_csv_dag to None, run_after=None
[2025-04-27T13:53:13.299+0000] {processor.py:183} INFO - Processing /opt/airflow/dags/transform_orders_dag.py took 0.393 seconds
[2025-04-27T13:53:43.472+0000] {processor.py:161} INFO - Started process (PID=4400) to work on /opt/airflow/dags/transform_orders_dag.py
[2025-04-27T13:53:43.473+0000] {processor.py:830} INFO - Processing file /opt/airflow/dags/transform_orders_dag.py for tasks to queue
[2025-04-27T13:53:43.474+0000] {logging_mixin.py:188} INFO - [2025-04-27T13:53:43.473+0000] {dagbag.py:538} INFO - Filling up the DagBag from /opt/airflow/dags/transform_orders_dag.py
[2025-04-27T13:53:43.771+0000] {processor.py:840} INFO - DAG(s) 'clean_orders_csv_dag' retrieved from /opt/airflow/dags/transform_orders_dag.py
[2025-04-27T13:53:43.793+0000] {logging_mixin.py:188} INFO - [2025-04-27T13:53:43.793+0000] {dag.py:3036} INFO - Sync 1 DAGs
[2025-04-27T13:53:43.806+0000] {logging_mixin.py:188} INFO - [2025-04-27T13:53:43.806+0000] {dag.py:3823} INFO - Setting next_dagrun for clean_orders_csv_dag to None, run_after=None
[2025-04-27T13:53:43.827+0000] {processor.py:183} INFO - Processing /opt/airflow/dags/transform_orders_dag.py took 0.358 seconds
[2025-04-27T13:54:14.060+0000] {processor.py:161} INFO - Started process (PID=4441) to work on /opt/airflow/dags/transform_orders_dag.py
[2025-04-27T13:54:14.061+0000] {processor.py:830} INFO - Processing file /opt/airflow/dags/transform_orders_dag.py for tasks to queue
[2025-04-27T13:54:14.062+0000] {logging_mixin.py:188} INFO - [2025-04-27T13:54:14.062+0000] {dagbag.py:538} INFO - Filling up the DagBag from /opt/airflow/dags/transform_orders_dag.py
[2025-04-27T13:54:14.403+0000] {processor.py:840} INFO - DAG(s) 'clean_orders_csv_dag' retrieved from /opt/airflow/dags/transform_orders_dag.py
[2025-04-27T13:54:14.435+0000] {logging_mixin.py:188} INFO - [2025-04-27T13:54:14.434+0000] {dag.py:3036} INFO - Sync 1 DAGs
[2025-04-27T13:54:14.448+0000] {logging_mixin.py:188} INFO - [2025-04-27T13:54:14.448+0000] {dag.py:3823} INFO - Setting next_dagrun for clean_orders_csv_dag to None, run_after=None
[2025-04-27T13:54:14.478+0000] {processor.py:183} INFO - Processing /opt/airflow/dags/transform_orders_dag.py took 0.422 seconds
[2025-04-27T13:54:44.635+0000] {processor.py:161} INFO - Started process (PID=4491) to work on /opt/airflow/dags/transform_orders_dag.py
[2025-04-27T13:54:44.636+0000] {processor.py:830} INFO - Processing file /opt/airflow/dags/transform_orders_dag.py for tasks to queue
[2025-04-27T13:54:44.638+0000] {logging_mixin.py:188} INFO - [2025-04-27T13:54:44.637+0000] {dagbag.py:538} INFO - Filling up the DagBag from /opt/airflow/dags/transform_orders_dag.py
[2025-04-27T13:54:44.872+0000] {processor.py:840} INFO - DAG(s) 'clean_orders_csv_dag' retrieved from /opt/airflow/dags/transform_orders_dag.py
[2025-04-27T13:54:44.896+0000] {logging_mixin.py:188} INFO - [2025-04-27T13:54:44.895+0000] {dag.py:3036} INFO - Sync 1 DAGs
[2025-04-27T13:54:44.905+0000] {logging_mixin.py:188} INFO - [2025-04-27T13:54:44.905+0000] {dag.py:3823} INFO - Setting next_dagrun for clean_orders_csv_dag to None, run_after=None
[2025-04-27T13:54:44.919+0000] {processor.py:183} INFO - Processing /opt/airflow/dags/transform_orders_dag.py took 0.287 seconds
[2025-04-27T13:55:15.001+0000] {processor.py:161} INFO - Started process (PID=4532) to work on /opt/airflow/dags/transform_orders_dag.py
[2025-04-27T13:55:15.002+0000] {processor.py:830} INFO - Processing file /opt/airflow/dags/transform_orders_dag.py for tasks to queue
[2025-04-27T13:55:15.003+0000] {logging_mixin.py:188} INFO - [2025-04-27T13:55:15.003+0000] {dagbag.py:538} INFO - Filling up the DagBag from /opt/airflow/dags/transform_orders_dag.py
[2025-04-27T13:55:15.243+0000] {processor.py:840} INFO - DAG(s) 'clean_orders_csv_dag' retrieved from /opt/airflow/dags/transform_orders_dag.py
[2025-04-27T13:55:15.266+0000] {logging_mixin.py:188} INFO - [2025-04-27T13:55:15.265+0000] {dag.py:3036} INFO - Sync 1 DAGs
[2025-04-27T13:55:15.278+0000] {logging_mixin.py:188} INFO - [2025-04-27T13:55:15.278+0000] {dag.py:3823} INFO - Setting next_dagrun for clean_orders_csv_dag to None, run_after=None
[2025-04-27T13:55:15.298+0000] {processor.py:183} INFO - Processing /opt/airflow/dags/transform_orders_dag.py took 0.300 seconds
[2025-04-27T13:55:45.446+0000] {processor.py:161} INFO - Started process (PID=4577) to work on /opt/airflow/dags/transform_orders_dag.py
[2025-04-27T13:55:45.447+0000] {processor.py:830} INFO - Processing file /opt/airflow/dags/transform_orders_dag.py for tasks to queue
[2025-04-27T13:55:45.448+0000] {logging_mixin.py:188} INFO - [2025-04-27T13:55:45.447+0000] {dagbag.py:538} INFO - Filling up the DagBag from /opt/airflow/dags/transform_orders_dag.py
[2025-04-27T13:55:45.654+0000] {processor.py:840} INFO - DAG(s) 'clean_orders_csv_dag' retrieved from /opt/airflow/dags/transform_orders_dag.py
[2025-04-27T13:55:45.673+0000] {logging_mixin.py:188} INFO - [2025-04-27T13:55:45.673+0000] {dag.py:3036} INFO - Sync 1 DAGs
[2025-04-27T13:55:45.683+0000] {logging_mixin.py:188} INFO - [2025-04-27T13:55:45.683+0000] {dag.py:3823} INFO - Setting next_dagrun for clean_orders_csv_dag to None, run_after=None
[2025-04-27T13:55:45.698+0000] {processor.py:183} INFO - Processing /opt/airflow/dags/transform_orders_dag.py took 0.255 seconds
[2025-04-27T13:56:15.818+0000] {processor.py:161} INFO - Started process (PID=4620) to work on /opt/airflow/dags/transform_orders_dag.py
[2025-04-27T13:56:15.819+0000] {processor.py:830} INFO - Processing file /opt/airflow/dags/transform_orders_dag.py for tasks to queue
[2025-04-27T13:56:15.820+0000] {logging_mixin.py:188} INFO - [2025-04-27T13:56:15.819+0000] {dagbag.py:538} INFO - Filling up the DagBag from /opt/airflow/dags/transform_orders_dag.py
[2025-04-27T13:56:16.041+0000] {processor.py:840} INFO - DAG(s) 'clean_orders_csv_dag' retrieved from /opt/airflow/dags/transform_orders_dag.py
[2025-04-27T13:56:16.060+0000] {logging_mixin.py:188} INFO - [2025-04-27T13:56:16.060+0000] {dag.py:3036} INFO - Sync 1 DAGs
[2025-04-27T13:56:16.070+0000] {logging_mixin.py:188} INFO - [2025-04-27T13:56:16.069+0000] {dag.py:3823} INFO - Setting next_dagrun for clean_orders_csv_dag to None, run_after=None
[2025-04-27T13:56:16.087+0000] {processor.py:183} INFO - Processing /opt/airflow/dags/transform_orders_dag.py took 0.272 seconds
[2025-04-27T13:56:46.202+0000] {processor.py:161} INFO - Started process (PID=4661) to work on /opt/airflow/dags/transform_orders_dag.py
[2025-04-27T13:56:46.203+0000] {processor.py:830} INFO - Processing file /opt/airflow/dags/transform_orders_dag.py for tasks to queue
[2025-04-27T13:56:46.204+0000] {logging_mixin.py:188} INFO - [2025-04-27T13:56:46.204+0000] {dagbag.py:538} INFO - Filling up the DagBag from /opt/airflow/dags/transform_orders_dag.py
[2025-04-27T13:56:46.465+0000] {processor.py:840} INFO - DAG(s) 'clean_orders_csv_dag' retrieved from /opt/airflow/dags/transform_orders_dag.py
[2025-04-27T13:56:46.483+0000] {logging_mixin.py:188} INFO - [2025-04-27T13:56:46.482+0000] {dag.py:3036} INFO - Sync 1 DAGs
[2025-04-27T13:56:46.493+0000] {logging_mixin.py:188} INFO - [2025-04-27T13:56:46.493+0000] {dag.py:3823} INFO - Setting next_dagrun for clean_orders_csv_dag to None, run_after=None
[2025-04-27T13:56:46.507+0000] {processor.py:183} INFO - Processing /opt/airflow/dags/transform_orders_dag.py took 0.308 seconds
[2025-04-27T13:57:16.597+0000] {processor.py:161} INFO - Started process (PID=4699) to work on /opt/airflow/dags/transform_orders_dag.py
[2025-04-27T13:57:16.599+0000] {processor.py:830} INFO - Processing file /opt/airflow/dags/transform_orders_dag.py for tasks to queue
[2025-04-27T13:57:16.600+0000] {logging_mixin.py:188} INFO - [2025-04-27T13:57:16.599+0000] {dagbag.py:538} INFO - Filling up the DagBag from /opt/airflow/dags/transform_orders_dag.py
[2025-04-27T13:57:16.879+0000] {processor.py:840} INFO - DAG(s) 'clean_orders_csv_dag' retrieved from /opt/airflow/dags/transform_orders_dag.py
[2025-04-27T13:57:16.907+0000] {logging_mixin.py:188} INFO - [2025-04-27T13:57:16.906+0000] {dag.py:3036} INFO - Sync 1 DAGs
[2025-04-27T13:57:16.918+0000] {logging_mixin.py:188} INFO - [2025-04-27T13:57:16.918+0000] {dag.py:3823} INFO - Setting next_dagrun for clean_orders_csv_dag to None, run_after=None
[2025-04-27T13:57:16.936+0000] {processor.py:183} INFO - Processing /opt/airflow/dags/transform_orders_dag.py took 0.342 seconds
[2025-04-27T13:57:47.100+0000] {processor.py:161} INFO - Started process (PID=4747) to work on /opt/airflow/dags/transform_orders_dag.py
[2025-04-27T13:57:47.102+0000] {processor.py:830} INFO - Processing file /opt/airflow/dags/transform_orders_dag.py for tasks to queue
[2025-04-27T13:57:47.103+0000] {logging_mixin.py:188} INFO - [2025-04-27T13:57:47.103+0000] {dagbag.py:538} INFO - Filling up the DagBag from /opt/airflow/dags/transform_orders_dag.py
[2025-04-27T13:57:47.390+0000] {processor.py:840} INFO - DAG(s) 'clean_orders_csv_dag' retrieved from /opt/airflow/dags/transform_orders_dag.py
[2025-04-27T13:57:47.408+0000] {logging_mixin.py:188} INFO - [2025-04-27T13:57:47.408+0000] {dag.py:3036} INFO - Sync 1 DAGs
[2025-04-27T13:57:47.417+0000] {logging_mixin.py:188} INFO - [2025-04-27T13:57:47.417+0000] {dag.py:3823} INFO - Setting next_dagrun for clean_orders_csv_dag to None, run_after=None
[2025-04-27T13:57:47.438+0000] {processor.py:183} INFO - Processing /opt/airflow/dags/transform_orders_dag.py took 0.349 seconds
[2025-04-27T13:58:17.819+0000] {processor.py:161} INFO - Started process (PID=4792) to work on /opt/airflow/dags/transform_orders_dag.py
[2025-04-27T13:58:17.821+0000] {processor.py:830} INFO - Processing file /opt/airflow/dags/transform_orders_dag.py for tasks to queue
[2025-04-27T13:58:17.822+0000] {logging_mixin.py:188} INFO - [2025-04-27T13:58:17.822+0000] {dagbag.py:538} INFO - Filling up the DagBag from /opt/airflow/dags/transform_orders_dag.py
[2025-04-27T13:58:18.153+0000] {processor.py:840} INFO - DAG(s) 'clean_orders_csv_dag' retrieved from /opt/airflow/dags/transform_orders_dag.py
[2025-04-27T13:58:18.183+0000] {logging_mixin.py:188} INFO - [2025-04-27T13:58:18.183+0000] {dag.py:3036} INFO - Sync 1 DAGs
[2025-04-27T13:58:18.199+0000] {logging_mixin.py:188} INFO - [2025-04-27T13:58:18.199+0000] {dag.py:3823} INFO - Setting next_dagrun for clean_orders_csv_dag to None, run_after=None
[2025-04-27T13:58:18.230+0000] {processor.py:183} INFO - Processing /opt/airflow/dags/transform_orders_dag.py took 0.414 seconds
[2025-04-27T13:58:48.482+0000] {processor.py:161} INFO - Started process (PID=4835) to work on /opt/airflow/dags/transform_orders_dag.py
[2025-04-27T13:58:48.484+0000] {processor.py:830} INFO - Processing file /opt/airflow/dags/transform_orders_dag.py for tasks to queue
[2025-04-27T13:58:48.485+0000] {logging_mixin.py:188} INFO - [2025-04-27T13:58:48.485+0000] {dagbag.py:538} INFO - Filling up the DagBag from /opt/airflow/dags/transform_orders_dag.py
[2025-04-27T13:58:48.784+0000] {processor.py:840} INFO - DAG(s) 'clean_orders_csv_dag' retrieved from /opt/airflow/dags/transform_orders_dag.py
[2025-04-27T13:58:48.809+0000] {logging_mixin.py:188} INFO - [2025-04-27T13:58:48.809+0000] {dag.py:3036} INFO - Sync 1 DAGs
[2025-04-27T13:58:48.819+0000] {logging_mixin.py:188} INFO - [2025-04-27T13:58:48.819+0000] {dag.py:3823} INFO - Setting next_dagrun for clean_orders_csv_dag to None, run_after=None
[2025-04-27T13:58:48.840+0000] {processor.py:183} INFO - Processing /opt/airflow/dags/transform_orders_dag.py took 0.361 seconds
[2025-04-27T13:59:19.122+0000] {processor.py:161} INFO - Started process (PID=4878) to work on /opt/airflow/dags/transform_orders_dag.py
[2025-04-27T13:59:19.123+0000] {processor.py:830} INFO - Processing file /opt/airflow/dags/transform_orders_dag.py for tasks to queue
[2025-04-27T13:59:19.125+0000] {logging_mixin.py:188} INFO - [2025-04-27T13:59:19.125+0000] {dagbag.py:538} INFO - Filling up the DagBag from /opt/airflow/dags/transform_orders_dag.py
[2025-04-27T13:59:19.366+0000] {processor.py:840} INFO - DAG(s) 'clean_orders_csv_dag' retrieved from /opt/airflow/dags/transform_orders_dag.py
[2025-04-27T13:59:19.385+0000] {logging_mixin.py:188} INFO - [2025-04-27T13:59:19.385+0000] {dag.py:3036} INFO - Sync 1 DAGs
[2025-04-27T13:59:19.396+0000] {logging_mixin.py:188} INFO - [2025-04-27T13:59:19.396+0000] {dag.py:3823} INFO - Setting next_dagrun for clean_orders_csv_dag to None, run_after=None
[2025-04-27T13:59:19.411+0000] {processor.py:183} INFO - Processing /opt/airflow/dags/transform_orders_dag.py took 0.292 seconds
[2025-04-27T13:59:49.763+0000] {processor.py:161} INFO - Started process (PID=4919) to work on /opt/airflow/dags/transform_orders_dag.py
[2025-04-27T13:59:49.764+0000] {processor.py:830} INFO - Processing file /opt/airflow/dags/transform_orders_dag.py for tasks to queue
[2025-04-27T13:59:49.766+0000] {logging_mixin.py:188} INFO - [2025-04-27T13:59:49.766+0000] {dagbag.py:538} INFO - Filling up the DagBag from /opt/airflow/dags/transform_orders_dag.py
[2025-04-27T13:59:50.051+0000] {processor.py:840} INFO - DAG(s) 'clean_orders_csv_dag' retrieved from /opt/airflow/dags/transform_orders_dag.py
[2025-04-27T13:59:50.079+0000] {logging_mixin.py:188} INFO - [2025-04-27T13:59:50.078+0000] {dag.py:3036} INFO - Sync 1 DAGs
[2025-04-27T13:59:50.092+0000] {logging_mixin.py:188} INFO - [2025-04-27T13:59:50.092+0000] {dag.py:3823} INFO - Setting next_dagrun for clean_orders_csv_dag to None, run_after=None
[2025-04-27T13:59:50.116+0000] {processor.py:183} INFO - Processing /opt/airflow/dags/transform_orders_dag.py took 0.357 seconds
[2025-04-27T14:00:20.247+0000] {processor.py:161} INFO - Started process (PID=4962) to work on /opt/airflow/dags/transform_orders_dag.py
[2025-04-27T14:00:20.249+0000] {processor.py:830} INFO - Processing file /opt/airflow/dags/transform_orders_dag.py for tasks to queue
[2025-04-27T14:00:20.251+0000] {logging_mixin.py:188} INFO - [2025-04-27T14:00:20.250+0000] {dagbag.py:538} INFO - Filling up the DagBag from /opt/airflow/dags/transform_orders_dag.py
[2025-04-27T14:00:20.608+0000] {processor.py:840} INFO - DAG(s) 'clean_orders_csv_dag' retrieved from /opt/airflow/dags/transform_orders_dag.py
[2025-04-27T14:00:20.631+0000] {logging_mixin.py:188} INFO - [2025-04-27T14:00:20.630+0000] {dag.py:3036} INFO - Sync 1 DAGs
[2025-04-27T14:00:20.643+0000] {logging_mixin.py:188} INFO - [2025-04-27T14:00:20.643+0000] {dag.py:3823} INFO - Setting next_dagrun for clean_orders_csv_dag to None, run_after=None
[2025-04-27T14:00:20.662+0000] {processor.py:183} INFO - Processing /opt/airflow/dags/transform_orders_dag.py took 0.418 seconds
[2025-04-27T14:00:50.948+0000] {processor.py:161} INFO - Started process (PID=5007) to work on /opt/airflow/dags/transform_orders_dag.py
[2025-04-27T14:00:50.949+0000] {processor.py:830} INFO - Processing file /opt/airflow/dags/transform_orders_dag.py for tasks to queue
[2025-04-27T14:00:50.950+0000] {logging_mixin.py:188} INFO - [2025-04-27T14:00:50.950+0000] {dagbag.py:538} INFO - Filling up the DagBag from /opt/airflow/dags/transform_orders_dag.py
[2025-04-27T14:00:51.363+0000] {processor.py:840} INFO - DAG(s) 'clean_orders_csv_dag' retrieved from /opt/airflow/dags/transform_orders_dag.py
[2025-04-27T14:00:51.390+0000] {logging_mixin.py:188} INFO - [2025-04-27T14:00:51.390+0000] {dag.py:3036} INFO - Sync 1 DAGs
[2025-04-27T14:00:51.403+0000] {logging_mixin.py:188} INFO - [2025-04-27T14:00:51.403+0000] {dag.py:3823} INFO - Setting next_dagrun for clean_orders_csv_dag to None, run_after=None
[2025-04-27T14:00:51.427+0000] {processor.py:183} INFO - Processing /opt/airflow/dags/transform_orders_dag.py took 0.483 seconds
[2025-04-27T14:01:22.135+0000] {processor.py:161} INFO - Started process (PID=5050) to work on /opt/airflow/dags/transform_orders_dag.py
[2025-04-27T14:01:22.136+0000] {processor.py:830} INFO - Processing file /opt/airflow/dags/transform_orders_dag.py for tasks to queue
[2025-04-27T14:01:22.137+0000] {logging_mixin.py:188} INFO - [2025-04-27T14:01:22.137+0000] {dagbag.py:538} INFO - Filling up the DagBag from /opt/airflow/dags/transform_orders_dag.py
[2025-04-27T14:01:22.419+0000] {processor.py:840} INFO - DAG(s) 'clean_orders_csv_dag' retrieved from /opt/airflow/dags/transform_orders_dag.py
[2025-04-27T14:01:22.454+0000] {logging_mixin.py:188} INFO - [2025-04-27T14:01:22.454+0000] {dag.py:3036} INFO - Sync 1 DAGs
[2025-04-27T14:01:22.468+0000] {logging_mixin.py:188} INFO - [2025-04-27T14:01:22.468+0000] {dag.py:3823} INFO - Setting next_dagrun for clean_orders_csv_dag to None, run_after=None
[2025-04-27T14:01:22.494+0000] {processor.py:183} INFO - Processing /opt/airflow/dags/transform_orders_dag.py took 0.361 seconds
[2025-04-27T14:01:52.802+0000] {processor.py:161} INFO - Started process (PID=5093) to work on /opt/airflow/dags/transform_orders_dag.py
[2025-04-27T14:01:52.807+0000] {processor.py:830} INFO - Processing file /opt/airflow/dags/transform_orders_dag.py for tasks to queue
[2025-04-27T14:01:52.810+0000] {logging_mixin.py:188} INFO - [2025-04-27T14:01:52.809+0000] {dagbag.py:538} INFO - Filling up the DagBag from /opt/airflow/dags/transform_orders_dag.py
[2025-04-27T14:01:53.034+0000] {processor.py:840} INFO - DAG(s) 'clean_orders_csv_dag' retrieved from /opt/airflow/dags/transform_orders_dag.py
[2025-04-27T14:01:53.053+0000] {logging_mixin.py:188} INFO - [2025-04-27T14:01:53.052+0000] {dag.py:3036} INFO - Sync 1 DAGs
[2025-04-27T14:01:53.065+0000] {logging_mixin.py:188} INFO - [2025-04-27T14:01:53.065+0000] {dag.py:3823} INFO - Setting next_dagrun for clean_orders_csv_dag to None, run_after=None
[2025-04-27T14:01:53.090+0000] {processor.py:183} INFO - Processing /opt/airflow/dags/transform_orders_dag.py took 0.294 seconds
[2025-04-27T14:02:23.590+0000] {processor.py:161} INFO - Started process (PID=5136) to work on /opt/airflow/dags/transform_orders_dag.py
[2025-04-27T14:02:23.591+0000] {processor.py:830} INFO - Processing file /opt/airflow/dags/transform_orders_dag.py for tasks to queue
[2025-04-27T14:02:23.592+0000] {logging_mixin.py:188} INFO - [2025-04-27T14:02:23.592+0000] {dagbag.py:538} INFO - Filling up the DagBag from /opt/airflow/dags/transform_orders_dag.py
[2025-04-27T14:02:23.879+0000] {processor.py:840} INFO - DAG(s) 'clean_orders_csv_dag' retrieved from /opt/airflow/dags/transform_orders_dag.py
[2025-04-27T14:02:23.944+0000] {logging_mixin.py:188} INFO - [2025-04-27T14:02:23.943+0000] {dag.py:3036} INFO - Sync 1 DAGs
[2025-04-27T14:02:23.974+0000] {logging_mixin.py:188} INFO - [2025-04-27T14:02:23.973+0000] {dag.py:3823} INFO - Setting next_dagrun for clean_orders_csv_dag to None, run_after=None
[2025-04-27T14:02:24.003+0000] {processor.py:183} INFO - Processing /opt/airflow/dags/transform_orders_dag.py took 0.417 seconds
[2025-04-27T14:02:54.890+0000] {processor.py:161} INFO - Started process (PID=5179) to work on /opt/airflow/dags/transform_orders_dag.py
[2025-04-27T14:02:54.891+0000] {processor.py:830} INFO - Processing file /opt/airflow/dags/transform_orders_dag.py for tasks to queue
[2025-04-27T14:02:54.892+0000] {logging_mixin.py:188} INFO - [2025-04-27T14:02:54.892+0000] {dagbag.py:538} INFO - Filling up the DagBag from /opt/airflow/dags/transform_orders_dag.py
[2025-04-27T14:02:55.150+0000] {processor.py:840} INFO - DAG(s) 'clean_orders_csv_dag' retrieved from /opt/airflow/dags/transform_orders_dag.py
[2025-04-27T14:02:55.174+0000] {logging_mixin.py:188} INFO - [2025-04-27T14:02:55.174+0000] {dag.py:3036} INFO - Sync 1 DAGs
[2025-04-27T14:02:55.185+0000] {logging_mixin.py:188} INFO - [2025-04-27T14:02:55.185+0000] {dag.py:3823} INFO - Setting next_dagrun for clean_orders_csv_dag to None, run_after=None
[2025-04-27T14:02:55.207+0000] {processor.py:183} INFO - Processing /opt/airflow/dags/transform_orders_dag.py took 0.321 seconds
[2025-04-27T14:03:25.436+0000] {processor.py:161} INFO - Started process (PID=5222) to work on /opt/airflow/dags/transform_orders_dag.py
[2025-04-27T14:03:25.437+0000] {processor.py:830} INFO - Processing file /opt/airflow/dags/transform_orders_dag.py for tasks to queue
[2025-04-27T14:03:25.439+0000] {logging_mixin.py:188} INFO - [2025-04-27T14:03:25.438+0000] {dagbag.py:538} INFO - Filling up the DagBag from /opt/airflow/dags/transform_orders_dag.py
[2025-04-27T14:03:25.664+0000] {processor.py:840} INFO - DAG(s) 'clean_orders_csv_dag' retrieved from /opt/airflow/dags/transform_orders_dag.py
[2025-04-27T14:03:25.688+0000] {logging_mixin.py:188} INFO - [2025-04-27T14:03:25.687+0000] {dag.py:3036} INFO - Sync 1 DAGs
[2025-04-27T14:03:25.701+0000] {logging_mixin.py:188} INFO - [2025-04-27T14:03:25.701+0000] {dag.py:3823} INFO - Setting next_dagrun for clean_orders_csv_dag to None, run_after=None
[2025-04-27T14:03:25.758+0000] {processor.py:183} INFO - Processing /opt/airflow/dags/transform_orders_dag.py took 0.324 seconds
[2025-04-27T14:03:55.877+0000] {processor.py:161} INFO - Started process (PID=5265) to work on /opt/airflow/dags/transform_orders_dag.py
[2025-04-27T14:03:55.878+0000] {processor.py:830} INFO - Processing file /opt/airflow/dags/transform_orders_dag.py for tasks to queue
[2025-04-27T14:03:55.879+0000] {logging_mixin.py:188} INFO - [2025-04-27T14:03:55.879+0000] {dagbag.py:538} INFO - Filling up the DagBag from /opt/airflow/dags/transform_orders_dag.py
[2025-04-27T14:03:56.100+0000] {processor.py:840} INFO - DAG(s) 'clean_orders_csv_dag' retrieved from /opt/airflow/dags/transform_orders_dag.py
[2025-04-27T14:03:56.119+0000] {logging_mixin.py:188} INFO - [2025-04-27T14:03:56.119+0000] {dag.py:3036} INFO - Sync 1 DAGs
[2025-04-27T14:03:56.130+0000] {logging_mixin.py:188} INFO - [2025-04-27T14:03:56.130+0000] {dag.py:3823} INFO - Setting next_dagrun for clean_orders_csv_dag to None, run_after=None
[2025-04-27T14:03:56.145+0000] {processor.py:183} INFO - Processing /opt/airflow/dags/transform_orders_dag.py took 0.270 seconds
[2025-04-27T14:04:26.386+0000] {processor.py:161} INFO - Started process (PID=5308) to work on /opt/airflow/dags/transform_orders_dag.py
[2025-04-27T14:04:26.387+0000] {processor.py:830} INFO - Processing file /opt/airflow/dags/transform_orders_dag.py for tasks to queue
[2025-04-27T14:04:26.388+0000] {logging_mixin.py:188} INFO - [2025-04-27T14:04:26.388+0000] {dagbag.py:538} INFO - Filling up the DagBag from /opt/airflow/dags/transform_orders_dag.py
[2025-04-27T14:04:26.595+0000] {processor.py:840} INFO - DAG(s) 'clean_orders_csv_dag' retrieved from /opt/airflow/dags/transform_orders_dag.py
[2025-04-27T14:04:26.613+0000] {logging_mixin.py:188} INFO - [2025-04-27T14:04:26.613+0000] {dag.py:3036} INFO - Sync 1 DAGs
[2025-04-27T14:04:26.623+0000] {logging_mixin.py:188} INFO - [2025-04-27T14:04:26.623+0000] {dag.py:3823} INFO - Setting next_dagrun for clean_orders_csv_dag to None, run_after=None
[2025-04-27T14:04:26.639+0000] {processor.py:183} INFO - Processing /opt/airflow/dags/transform_orders_dag.py took 0.256 seconds
[2025-04-27T14:04:56.774+0000] {processor.py:161} INFO - Started process (PID=5351) to work on /opt/airflow/dags/transform_orders_dag.py
[2025-04-27T14:04:56.775+0000] {processor.py:830} INFO - Processing file /opt/airflow/dags/transform_orders_dag.py for tasks to queue
[2025-04-27T14:04:56.777+0000] {logging_mixin.py:188} INFO - [2025-04-27T14:04:56.776+0000] {dagbag.py:538} INFO - Filling up the DagBag from /opt/airflow/dags/transform_orders_dag.py
[2025-04-27T14:04:56.997+0000] {processor.py:840} INFO - DAG(s) 'clean_orders_csv_dag' retrieved from /opt/airflow/dags/transform_orders_dag.py
[2025-04-27T14:04:57.015+0000] {logging_mixin.py:188} INFO - [2025-04-27T14:04:57.015+0000] {dag.py:3036} INFO - Sync 1 DAGs
[2025-04-27T14:04:57.026+0000] {logging_mixin.py:188} INFO - [2025-04-27T14:04:57.026+0000] {dag.py:3823} INFO - Setting next_dagrun for clean_orders_csv_dag to None, run_after=None
[2025-04-27T14:04:57.047+0000] {processor.py:183} INFO - Processing /opt/airflow/dags/transform_orders_dag.py took 0.275 seconds
[2025-04-27T14:05:27.325+0000] {processor.py:161} INFO - Started process (PID=5394) to work on /opt/airflow/dags/transform_orders_dag.py
[2025-04-27T14:05:27.326+0000] {processor.py:830} INFO - Processing file /opt/airflow/dags/transform_orders_dag.py for tasks to queue
[2025-04-27T14:05:27.327+0000] {logging_mixin.py:188} INFO - [2025-04-27T14:05:27.327+0000] {dagbag.py:538} INFO - Filling up the DagBag from /opt/airflow/dags/transform_orders_dag.py
[2025-04-27T14:05:27.548+0000] {processor.py:840} INFO - DAG(s) 'clean_orders_csv_dag' retrieved from /opt/airflow/dags/transform_orders_dag.py
[2025-04-27T14:05:27.568+0000] {logging_mixin.py:188} INFO - [2025-04-27T14:05:27.568+0000] {dag.py:3036} INFO - Sync 1 DAGs
[2025-04-27T14:05:27.578+0000] {logging_mixin.py:188} INFO - [2025-04-27T14:05:27.578+0000] {dag.py:3823} INFO - Setting next_dagrun for clean_orders_csv_dag to None, run_after=None
[2025-04-27T14:05:27.594+0000] {processor.py:183} INFO - Processing /opt/airflow/dags/transform_orders_dag.py took 0.272 seconds
[2025-04-27T14:05:57.731+0000] {processor.py:161} INFO - Started process (PID=5437) to work on /opt/airflow/dags/transform_orders_dag.py
[2025-04-27T14:05:57.732+0000] {processor.py:830} INFO - Processing file /opt/airflow/dags/transform_orders_dag.py for tasks to queue
[2025-04-27T14:05:57.733+0000] {logging_mixin.py:188} INFO - [2025-04-27T14:05:57.733+0000] {dagbag.py:538} INFO - Filling up the DagBag from /opt/airflow/dags/transform_orders_dag.py
[2025-04-27T14:05:57.974+0000] {processor.py:840} INFO - DAG(s) 'clean_orders_csv_dag' retrieved from /opt/airflow/dags/transform_orders_dag.py
[2025-04-27T14:05:57.995+0000] {logging_mixin.py:188} INFO - [2025-04-27T14:05:57.995+0000] {dag.py:3036} INFO - Sync 1 DAGs
[2025-04-27T14:05:58.007+0000] {logging_mixin.py:188} INFO - [2025-04-27T14:05:58.006+0000] {dag.py:3823} INFO - Setting next_dagrun for clean_orders_csv_dag to None, run_after=None
[2025-04-27T14:05:58.028+0000] {processor.py:183} INFO - Processing /opt/airflow/dags/transform_orders_dag.py took 0.300 seconds
[2025-04-27T14:06:28.188+0000] {processor.py:161} INFO - Started process (PID=5480) to work on /opt/airflow/dags/transform_orders_dag.py
[2025-04-27T14:06:28.190+0000] {processor.py:830} INFO - Processing file /opt/airflow/dags/transform_orders_dag.py for tasks to queue
[2025-04-27T14:06:28.191+0000] {logging_mixin.py:188} INFO - [2025-04-27T14:06:28.190+0000] {dagbag.py:538} INFO - Filling up the DagBag from /opt/airflow/dags/transform_orders_dag.py
[2025-04-27T14:06:28.532+0000] {processor.py:840} INFO - DAG(s) 'clean_orders_csv_dag' retrieved from /opt/airflow/dags/transform_orders_dag.py
[2025-04-27T14:06:28.571+0000] {logging_mixin.py:188} INFO - [2025-04-27T14:06:28.570+0000] {dag.py:3036} INFO - Sync 1 DAGs
[2025-04-27T14:06:28.590+0000] {logging_mixin.py:188} INFO - [2025-04-27T14:06:28.589+0000] {dag.py:3823} INFO - Setting next_dagrun for clean_orders_csv_dag to None, run_after=None
[2025-04-27T14:06:28.626+0000] {processor.py:183} INFO - Processing /opt/airflow/dags/transform_orders_dag.py took 0.442 seconds
[2025-04-27T14:06:58.865+0000] {processor.py:161} INFO - Started process (PID=5523) to work on /opt/airflow/dags/transform_orders_dag.py
[2025-04-27T14:06:58.870+0000] {processor.py:830} INFO - Processing file /opt/airflow/dags/transform_orders_dag.py for tasks to queue
[2025-04-27T14:06:58.873+0000] {logging_mixin.py:188} INFO - [2025-04-27T14:06:58.872+0000] {dagbag.py:538} INFO - Filling up the DagBag from /opt/airflow/dags/transform_orders_dag.py
[2025-04-27T14:06:59.228+0000] {processor.py:840} INFO - DAG(s) 'clean_orders_csv_dag' retrieved from /opt/airflow/dags/transform_orders_dag.py
[2025-04-27T14:06:59.258+0000] {logging_mixin.py:188} INFO - [2025-04-27T14:06:59.258+0000] {dag.py:3036} INFO - Sync 1 DAGs
[2025-04-27T14:06:59.269+0000] {logging_mixin.py:188} INFO - [2025-04-27T14:06:59.269+0000] {dag.py:3823} INFO - Setting next_dagrun for clean_orders_csv_dag to None, run_after=None
[2025-04-27T14:06:59.296+0000] {processor.py:183} INFO - Processing /opt/airflow/dags/transform_orders_dag.py took 0.443 seconds
[2025-04-27T14:07:29.955+0000] {processor.py:161} INFO - Started process (PID=5566) to work on /opt/airflow/dags/transform_orders_dag.py
[2025-04-27T14:07:29.956+0000] {processor.py:830} INFO - Processing file /opt/airflow/dags/transform_orders_dag.py for tasks to queue
[2025-04-27T14:07:29.958+0000] {logging_mixin.py:188} INFO - [2025-04-27T14:07:29.958+0000] {dagbag.py:538} INFO - Filling up the DagBag from /opt/airflow/dags/transform_orders_dag.py
[2025-04-27T14:07:30.270+0000] {processor.py:840} INFO - DAG(s) 'clean_orders_csv_dag' retrieved from /opt/airflow/dags/transform_orders_dag.py
[2025-04-27T14:07:30.301+0000] {logging_mixin.py:188} INFO - [2025-04-27T14:07:30.301+0000] {dag.py:3036} INFO - Sync 1 DAGs
[2025-04-27T14:07:30.320+0000] {logging_mixin.py:188} INFO - [2025-04-27T14:07:30.320+0000] {dag.py:3823} INFO - Setting next_dagrun for clean_orders_csv_dag to None, run_after=None
[2025-04-27T14:07:30.349+0000] {processor.py:183} INFO - Processing /opt/airflow/dags/transform_orders_dag.py took 0.397 seconds
[2025-04-27T14:08:00.598+0000] {processor.py:161} INFO - Started process (PID=5609) to work on /opt/airflow/dags/transform_orders_dag.py
[2025-04-27T14:08:00.600+0000] {processor.py:830} INFO - Processing file /opt/airflow/dags/transform_orders_dag.py for tasks to queue
[2025-04-27T14:08:00.601+0000] {logging_mixin.py:188} INFO - [2025-04-27T14:08:00.600+0000] {dagbag.py:538} INFO - Filling up the DagBag from /opt/airflow/dags/transform_orders_dag.py
[2025-04-27T14:08:00.908+0000] {processor.py:840} INFO - DAG(s) 'clean_orders_csv_dag' retrieved from /opt/airflow/dags/transform_orders_dag.py
[2025-04-27T14:08:00.928+0000] {logging_mixin.py:188} INFO - [2025-04-27T14:08:00.928+0000] {dag.py:3036} INFO - Sync 1 DAGs
[2025-04-27T14:08:00.942+0000] {logging_mixin.py:188} INFO - [2025-04-27T14:08:00.942+0000] {dag.py:3823} INFO - Setting next_dagrun for clean_orders_csv_dag to None, run_after=None
[2025-04-27T14:08:00.959+0000] {processor.py:183} INFO - Processing /opt/airflow/dags/transform_orders_dag.py took 0.364 seconds
[2025-04-27T14:08:31.127+0000] {processor.py:161} INFO - Started process (PID=5652) to work on /opt/airflow/dags/transform_orders_dag.py
[2025-04-27T14:08:31.128+0000] {processor.py:830} INFO - Processing file /opt/airflow/dags/transform_orders_dag.py for tasks to queue
[2025-04-27T14:08:31.129+0000] {logging_mixin.py:188} INFO - [2025-04-27T14:08:31.128+0000] {dagbag.py:538} INFO - Filling up the DagBag from /opt/airflow/dags/transform_orders_dag.py
[2025-04-27T14:08:31.403+0000] {processor.py:840} INFO - DAG(s) 'clean_orders_csv_dag' retrieved from /opt/airflow/dags/transform_orders_dag.py
[2025-04-27T14:08:31.423+0000] {logging_mixin.py:188} INFO - [2025-04-27T14:08:31.423+0000] {dag.py:3036} INFO - Sync 1 DAGs
[2025-04-27T14:08:31.434+0000] {logging_mixin.py:188} INFO - [2025-04-27T14:08:31.433+0000] {dag.py:3823} INFO - Setting next_dagrun for clean_orders_csv_dag to None, run_after=None
[2025-04-27T14:08:31.456+0000] {processor.py:183} INFO - Processing /opt/airflow/dags/transform_orders_dag.py took 0.332 seconds
[2025-04-27T14:09:01.691+0000] {processor.py:161} INFO - Started process (PID=5695) to work on /opt/airflow/dags/transform_orders_dag.py
[2025-04-27T14:09:01.692+0000] {processor.py:830} INFO - Processing file /opt/airflow/dags/transform_orders_dag.py for tasks to queue
[2025-04-27T14:09:01.693+0000] {logging_mixin.py:188} INFO - [2025-04-27T14:09:01.693+0000] {dagbag.py:538} INFO - Filling up the DagBag from /opt/airflow/dags/transform_orders_dag.py
[2025-04-27T14:09:01.963+0000] {processor.py:840} INFO - DAG(s) 'clean_orders_csv_dag' retrieved from /opt/airflow/dags/transform_orders_dag.py
[2025-04-27T14:09:01.982+0000] {logging_mixin.py:188} INFO - [2025-04-27T14:09:01.982+0000] {dag.py:3036} INFO - Sync 1 DAGs
[2025-04-27T14:09:01.991+0000] {logging_mixin.py:188} INFO - [2025-04-27T14:09:01.991+0000] {dag.py:3823} INFO - Setting next_dagrun for clean_orders_csv_dag to None, run_after=None
[2025-04-27T14:09:02.009+0000] {processor.py:183} INFO - Processing /opt/airflow/dags/transform_orders_dag.py took 0.323 seconds
[2025-04-27T14:09:32.305+0000] {processor.py:161} INFO - Started process (PID=5738) to work on /opt/airflow/dags/transform_orders_dag.py
[2025-04-27T14:09:32.306+0000] {processor.py:830} INFO - Processing file /opt/airflow/dags/transform_orders_dag.py for tasks to queue
[2025-04-27T14:09:32.307+0000] {logging_mixin.py:188} INFO - [2025-04-27T14:09:32.307+0000] {dagbag.py:538} INFO - Filling up the DagBag from /opt/airflow/dags/transform_orders_dag.py
[2025-04-27T14:09:32.545+0000] {processor.py:840} INFO - DAG(s) 'clean_orders_csv_dag' retrieved from /opt/airflow/dags/transform_orders_dag.py
[2025-04-27T14:09:32.565+0000] {logging_mixin.py:188} INFO - [2025-04-27T14:09:32.565+0000] {dag.py:3036} INFO - Sync 1 DAGs
[2025-04-27T14:09:32.575+0000] {logging_mixin.py:188} INFO - [2025-04-27T14:09:32.575+0000] {dag.py:3823} INFO - Setting next_dagrun for clean_orders_csv_dag to None, run_after=None
[2025-04-27T14:09:32.594+0000] {processor.py:183} INFO - Processing /opt/airflow/dags/transform_orders_dag.py took 0.293 seconds
[2025-04-27T14:10:02.815+0000] {processor.py:161} INFO - Started process (PID=5781) to work on /opt/airflow/dags/transform_orders_dag.py
[2025-04-27T14:10:02.818+0000] {processor.py:830} INFO - Processing file /opt/airflow/dags/transform_orders_dag.py for tasks to queue
[2025-04-27T14:10:02.821+0000] {logging_mixin.py:188} INFO - [2025-04-27T14:10:02.820+0000] {dagbag.py:538} INFO - Filling up the DagBag from /opt/airflow/dags/transform_orders_dag.py
[2025-04-27T14:10:03.120+0000] {processor.py:840} INFO - DAG(s) 'clean_orders_csv_dag' retrieved from /opt/airflow/dags/transform_orders_dag.py
[2025-04-27T14:10:03.139+0000] {logging_mixin.py:188} INFO - [2025-04-27T14:10:03.139+0000] {dag.py:3036} INFO - Sync 1 DAGs
[2025-04-27T14:10:03.149+0000] {logging_mixin.py:188} INFO - [2025-04-27T14:10:03.148+0000] {dag.py:3823} INFO - Setting next_dagrun for clean_orders_csv_dag to None, run_after=None
[2025-04-27T14:10:03.165+0000] {processor.py:183} INFO - Processing /opt/airflow/dags/transform_orders_dag.py took 0.355 seconds
[2025-04-27T14:10:33.588+0000] {processor.py:161} INFO - Started process (PID=5824) to work on /opt/airflow/dags/transform_orders_dag.py
[2025-04-27T14:10:33.589+0000] {processor.py:830} INFO - Processing file /opt/airflow/dags/transform_orders_dag.py for tasks to queue
[2025-04-27T14:10:33.590+0000] {logging_mixin.py:188} INFO - [2025-04-27T14:10:33.589+0000] {dagbag.py:538} INFO - Filling up the DagBag from /opt/airflow/dags/transform_orders_dag.py
[2025-04-27T14:10:33.825+0000] {processor.py:840} INFO - DAG(s) 'clean_orders_csv_dag' retrieved from /opt/airflow/dags/transform_orders_dag.py
[2025-04-27T14:10:33.845+0000] {logging_mixin.py:188} INFO - [2025-04-27T14:10:33.845+0000] {dag.py:3036} INFO - Sync 1 DAGs
[2025-04-27T14:10:33.856+0000] {logging_mixin.py:188} INFO - [2025-04-27T14:10:33.856+0000] {dag.py:3823} INFO - Setting next_dagrun for clean_orders_csv_dag to None, run_after=None
[2025-04-27T14:10:33.874+0000] {processor.py:183} INFO - Processing /opt/airflow/dags/transform_orders_dag.py took 0.288 seconds
[2025-04-27T14:11:04.186+0000] {processor.py:161} INFO - Started process (PID=5867) to work on /opt/airflow/dags/transform_orders_dag.py
[2025-04-27T14:11:04.187+0000] {processor.py:830} INFO - Processing file /opt/airflow/dags/transform_orders_dag.py for tasks to queue
[2025-04-27T14:11:04.188+0000] {logging_mixin.py:188} INFO - [2025-04-27T14:11:04.188+0000] {dagbag.py:538} INFO - Filling up the DagBag from /opt/airflow/dags/transform_orders_dag.py
[2025-04-27T14:11:04.399+0000] {processor.py:840} INFO - DAG(s) 'clean_orders_csv_dag' retrieved from /opt/airflow/dags/transform_orders_dag.py
[2025-04-27T14:11:04.418+0000] {logging_mixin.py:188} INFO - [2025-04-27T14:11:04.418+0000] {dag.py:3036} INFO - Sync 1 DAGs
[2025-04-27T14:11:04.427+0000] {logging_mixin.py:188} INFO - [2025-04-27T14:11:04.427+0000] {dag.py:3823} INFO - Setting next_dagrun for clean_orders_csv_dag to None, run_after=None
[2025-04-27T14:11:04.444+0000] {processor.py:183} INFO - Processing /opt/airflow/dags/transform_orders_dag.py took 0.260 seconds
[2025-04-27T14:11:34.692+0000] {processor.py:161} INFO - Started process (PID=5910) to work on /opt/airflow/dags/transform_orders_dag.py
[2025-04-27T14:11:34.693+0000] {processor.py:830} INFO - Processing file /opt/airflow/dags/transform_orders_dag.py for tasks to queue
[2025-04-27T14:11:34.694+0000] {logging_mixin.py:188} INFO - [2025-04-27T14:11:34.694+0000] {dagbag.py:538} INFO - Filling up the DagBag from /opt/airflow/dags/transform_orders_dag.py
[2025-04-27T14:11:34.969+0000] {processor.py:840} INFO - DAG(s) 'clean_orders_csv_dag' retrieved from /opt/airflow/dags/transform_orders_dag.py
[2025-04-27T14:11:35.000+0000] {logging_mixin.py:188} INFO - [2025-04-27T14:11:34.999+0000] {dag.py:3036} INFO - Sync 1 DAGs
[2025-04-27T14:11:35.014+0000] {logging_mixin.py:188} INFO - [2025-04-27T14:11:35.014+0000] {dag.py:3823} INFO - Setting next_dagrun for clean_orders_csv_dag to None, run_after=None
[2025-04-27T14:11:35.038+0000] {processor.py:183} INFO - Processing /opt/airflow/dags/transform_orders_dag.py took 0.347 seconds
[2025-04-27T14:12:05.200+0000] {processor.py:161} INFO - Started process (PID=5953) to work on /opt/airflow/dags/transform_orders_dag.py
[2025-04-27T14:12:05.202+0000] {processor.py:830} INFO - Processing file /opt/airflow/dags/transform_orders_dag.py for tasks to queue
[2025-04-27T14:12:05.202+0000] {logging_mixin.py:188} INFO - [2025-04-27T14:12:05.202+0000] {dagbag.py:538} INFO - Filling up the DagBag from /opt/airflow/dags/transform_orders_dag.py
[2025-04-27T14:12:05.418+0000] {processor.py:840} INFO - DAG(s) 'clean_orders_csv_dag' retrieved from /opt/airflow/dags/transform_orders_dag.py
[2025-04-27T14:12:05.437+0000] {logging_mixin.py:188} INFO - [2025-04-27T14:12:05.437+0000] {dag.py:3036} INFO - Sync 1 DAGs
[2025-04-27T14:12:05.448+0000] {logging_mixin.py:188} INFO - [2025-04-27T14:12:05.447+0000] {dag.py:3823} INFO - Setting next_dagrun for clean_orders_csv_dag to None, run_after=None
[2025-04-27T14:12:05.463+0000] {processor.py:183} INFO - Processing /opt/airflow/dags/transform_orders_dag.py took 0.265 seconds
[2025-04-27T14:12:35.888+0000] {processor.py:161} INFO - Started process (PID=5996) to work on /opt/airflow/dags/transform_orders_dag.py
[2025-04-27T14:12:35.890+0000] {processor.py:830} INFO - Processing file /opt/airflow/dags/transform_orders_dag.py for tasks to queue
[2025-04-27T14:12:35.892+0000] {logging_mixin.py:188} INFO - [2025-04-27T14:12:35.891+0000] {dagbag.py:538} INFO - Filling up the DagBag from /opt/airflow/dags/transform_orders_dag.py
[2025-04-27T14:12:36.130+0000] {processor.py:840} INFO - DAG(s) 'clean_orders_csv_dag' retrieved from /opt/airflow/dags/transform_orders_dag.py
[2025-04-27T14:12:36.149+0000] {logging_mixin.py:188} INFO - [2025-04-27T14:12:36.149+0000] {dag.py:3036} INFO - Sync 1 DAGs
[2025-04-27T14:12:36.158+0000] {logging_mixin.py:188} INFO - [2025-04-27T14:12:36.158+0000] {dag.py:3823} INFO - Setting next_dagrun for clean_orders_csv_dag to None, run_after=None
[2025-04-27T14:12:36.174+0000] {processor.py:183} INFO - Processing /opt/airflow/dags/transform_orders_dag.py took 0.288 seconds
[2025-04-27T14:13:06.280+0000] {processor.py:161} INFO - Started process (PID=6039) to work on /opt/airflow/dags/transform_orders_dag.py
[2025-04-27T14:13:06.281+0000] {processor.py:830} INFO - Processing file /opt/airflow/dags/transform_orders_dag.py for tasks to queue
[2025-04-27T14:13:06.282+0000] {logging_mixin.py:188} INFO - [2025-04-27T14:13:06.282+0000] {dagbag.py:538} INFO - Filling up the DagBag from /opt/airflow/dags/transform_orders_dag.py
[2025-04-27T14:13:06.510+0000] {processor.py:840} INFO - DAG(s) 'clean_orders_csv_dag' retrieved from /opt/airflow/dags/transform_orders_dag.py
[2025-04-27T14:13:06.530+0000] {logging_mixin.py:188} INFO - [2025-04-27T14:13:06.530+0000] {dag.py:3036} INFO - Sync 1 DAGs
[2025-04-27T14:13:06.543+0000] {logging_mixin.py:188} INFO - [2025-04-27T14:13:06.543+0000] {dag.py:3823} INFO - Setting next_dagrun for clean_orders_csv_dag to None, run_after=None
[2025-04-27T14:13:06.562+0000] {processor.py:183} INFO - Processing /opt/airflow/dags/transform_orders_dag.py took 0.287 seconds
[2025-04-27T14:13:36.654+0000] {processor.py:161} INFO - Started process (PID=6082) to work on /opt/airflow/dags/transform_orders_dag.py
[2025-04-27T14:13:36.656+0000] {processor.py:830} INFO - Processing file /opt/airflow/dags/transform_orders_dag.py for tasks to queue
[2025-04-27T14:13:36.658+0000] {logging_mixin.py:188} INFO - [2025-04-27T14:13:36.657+0000] {dagbag.py:538} INFO - Filling up the DagBag from /opt/airflow/dags/transform_orders_dag.py
[2025-04-27T14:13:36.947+0000] {processor.py:840} INFO - DAG(s) 'clean_orders_csv_dag' retrieved from /opt/airflow/dags/transform_orders_dag.py
[2025-04-27T14:13:36.975+0000] {logging_mixin.py:188} INFO - [2025-04-27T14:13:36.975+0000] {dag.py:3036} INFO - Sync 1 DAGs
[2025-04-27T14:13:36.988+0000] {logging_mixin.py:188} INFO - [2025-04-27T14:13:36.988+0000] {dag.py:3823} INFO - Setting next_dagrun for clean_orders_csv_dag to None, run_after=None
[2025-04-27T14:13:37.007+0000] {processor.py:183} INFO - Processing /opt/airflow/dags/transform_orders_dag.py took 0.355 seconds
[2025-04-27T14:14:07.222+0000] {processor.py:161} INFO - Started process (PID=6125) to work on /opt/airflow/dags/transform_orders_dag.py
[2025-04-27T14:14:07.223+0000] {processor.py:830} INFO - Processing file /opt/airflow/dags/transform_orders_dag.py for tasks to queue
[2025-04-27T14:14:07.224+0000] {logging_mixin.py:188} INFO - [2025-04-27T14:14:07.224+0000] {dagbag.py:538} INFO - Filling up the DagBag from /opt/airflow/dags/transform_orders_dag.py
[2025-04-27T14:14:07.457+0000] {processor.py:840} INFO - DAG(s) 'clean_orders_csv_dag' retrieved from /opt/airflow/dags/transform_orders_dag.py
[2025-04-27T14:14:07.479+0000] {logging_mixin.py:188} INFO - [2025-04-27T14:14:07.479+0000] {dag.py:3036} INFO - Sync 1 DAGs
[2025-04-27T14:14:07.489+0000] {logging_mixin.py:188} INFO - [2025-04-27T14:14:07.489+0000] {dag.py:3823} INFO - Setting next_dagrun for clean_orders_csv_dag to None, run_after=None
[2025-04-27T14:14:07.506+0000] {processor.py:183} INFO - Processing /opt/airflow/dags/transform_orders_dag.py took 0.287 seconds
[2025-04-27T14:14:37.599+0000] {processor.py:161} INFO - Started process (PID=6168) to work on /opt/airflow/dags/transform_orders_dag.py
[2025-04-27T14:14:37.600+0000] {processor.py:830} INFO - Processing file /opt/airflow/dags/transform_orders_dag.py for tasks to queue
[2025-04-27T14:14:37.601+0000] {logging_mixin.py:188} INFO - [2025-04-27T14:14:37.601+0000] {dagbag.py:538} INFO - Filling up the DagBag from /opt/airflow/dags/transform_orders_dag.py
[2025-04-27T14:14:37.830+0000] {processor.py:840} INFO - DAG(s) 'clean_orders_csv_dag' retrieved from /opt/airflow/dags/transform_orders_dag.py
[2025-04-27T14:14:37.849+0000] {logging_mixin.py:188} INFO - [2025-04-27T14:14:37.849+0000] {dag.py:3036} INFO - Sync 1 DAGs
[2025-04-27T14:14:37.862+0000] {logging_mixin.py:188} INFO - [2025-04-27T14:14:37.862+0000] {dag.py:3823} INFO - Setting next_dagrun for clean_orders_csv_dag to None, run_after=None
[2025-04-27T14:14:37.882+0000] {processor.py:183} INFO - Processing /opt/airflow/dags/transform_orders_dag.py took 0.287 seconds
[2025-04-27T14:15:07.999+0000] {processor.py:161} INFO - Started process (PID=6211) to work on /opt/airflow/dags/transform_orders_dag.py
[2025-04-27T14:15:08.000+0000] {processor.py:830} INFO - Processing file /opt/airflow/dags/transform_orders_dag.py for tasks to queue
[2025-04-27T14:15:08.000+0000] {logging_mixin.py:188} INFO - [2025-04-27T14:15:08.000+0000] {dagbag.py:538} INFO - Filling up the DagBag from /opt/airflow/dags/transform_orders_dag.py
[2025-04-27T14:15:08.217+0000] {processor.py:840} INFO - DAG(s) 'clean_orders_csv_dag' retrieved from /opt/airflow/dags/transform_orders_dag.py
[2025-04-27T14:15:08.237+0000] {logging_mixin.py:188} INFO - [2025-04-27T14:15:08.236+0000] {dag.py:3036} INFO - Sync 1 DAGs
[2025-04-27T14:15:08.248+0000] {logging_mixin.py:188} INFO - [2025-04-27T14:15:08.248+0000] {dag.py:3823} INFO - Setting next_dagrun for clean_orders_csv_dag to None, run_after=None
[2025-04-27T14:15:08.268+0000] {processor.py:183} INFO - Processing /opt/airflow/dags/transform_orders_dag.py took 0.273 seconds
[2025-04-27T14:15:38.389+0000] {processor.py:161} INFO - Started process (PID=6254) to work on /opt/airflow/dags/transform_orders_dag.py
[2025-04-27T14:15:38.391+0000] {processor.py:830} INFO - Processing file /opt/airflow/dags/transform_orders_dag.py for tasks to queue
[2025-04-27T14:15:38.392+0000] {logging_mixin.py:188} INFO - [2025-04-27T14:15:38.391+0000] {dagbag.py:538} INFO - Filling up the DagBag from /opt/airflow/dags/transform_orders_dag.py
[2025-04-27T14:15:38.776+0000] {processor.py:840} INFO - DAG(s) 'clean_orders_csv_dag' retrieved from /opt/airflow/dags/transform_orders_dag.py
[2025-04-27T14:15:38.808+0000] {logging_mixin.py:188} INFO - [2025-04-27T14:15:38.807+0000] {dag.py:3036} INFO - Sync 1 DAGs
[2025-04-27T14:15:38.824+0000] {logging_mixin.py:188} INFO - [2025-04-27T14:15:38.824+0000] {dag.py:3823} INFO - Setting next_dagrun for clean_orders_csv_dag to None, run_after=None
[2025-04-27T14:15:38.851+0000] {processor.py:183} INFO - Processing /opt/airflow/dags/transform_orders_dag.py took 0.465 seconds
[2025-04-27T14:16:09.247+0000] {processor.py:161} INFO - Started process (PID=6297) to work on /opt/airflow/dags/transform_orders_dag.py
[2025-04-27T14:16:09.249+0000] {processor.py:830} INFO - Processing file /opt/airflow/dags/transform_orders_dag.py for tasks to queue
[2025-04-27T14:16:09.251+0000] {logging_mixin.py:188} INFO - [2025-04-27T14:16:09.250+0000] {dagbag.py:538} INFO - Filling up the DagBag from /opt/airflow/dags/transform_orders_dag.py
[2025-04-27T14:16:09.514+0000] {processor.py:840} INFO - DAG(s) 'clean_orders_csv_dag' retrieved from /opt/airflow/dags/transform_orders_dag.py
[2025-04-27T14:16:09.533+0000] {logging_mixin.py:188} INFO - [2025-04-27T14:16:09.533+0000] {dag.py:3036} INFO - Sync 1 DAGs
[2025-04-27T14:16:09.544+0000] {logging_mixin.py:188} INFO - [2025-04-27T14:16:09.544+0000] {dag.py:3823} INFO - Setting next_dagrun for clean_orders_csv_dag to None, run_after=None
[2025-04-27T14:16:09.559+0000] {processor.py:183} INFO - Processing /opt/airflow/dags/transform_orders_dag.py took 0.316 seconds
[2025-04-27T14:16:40.008+0000] {processor.py:161} INFO - Started process (PID=6337) to work on /opt/airflow/dags/transform_orders_dag.py
[2025-04-27T14:16:40.009+0000] {processor.py:830} INFO - Processing file /opt/airflow/dags/transform_orders_dag.py for tasks to queue
[2025-04-27T14:16:40.010+0000] {logging_mixin.py:188} INFO - [2025-04-27T14:16:40.009+0000] {dagbag.py:538} INFO - Filling up the DagBag from /opt/airflow/dags/transform_orders_dag.py
[2025-04-27T14:16:40.266+0000] {processor.py:840} INFO - DAG(s) 'clean_orders_csv_dag' retrieved from /opt/airflow/dags/transform_orders_dag.py
[2025-04-27T14:16:40.295+0000] {logging_mixin.py:188} INFO - [2025-04-27T14:16:40.295+0000] {dag.py:3036} INFO - Sync 1 DAGs
[2025-04-27T14:16:40.311+0000] {logging_mixin.py:188} INFO - [2025-04-27T14:16:40.310+0000] {dag.py:3823} INFO - Setting next_dagrun for clean_orders_csv_dag to None, run_after=None
[2025-04-27T14:16:40.333+0000] {processor.py:183} INFO - Processing /opt/airflow/dags/transform_orders_dag.py took 0.328 seconds
[2025-04-27T14:17:10.528+0000] {processor.py:161} INFO - Started process (PID=6380) to work on /opt/airflow/dags/transform_orders_dag.py
[2025-04-27T14:17:10.530+0000] {processor.py:830} INFO - Processing file /opt/airflow/dags/transform_orders_dag.py for tasks to queue
[2025-04-27T14:17:10.531+0000] {logging_mixin.py:188} INFO - [2025-04-27T14:17:10.531+0000] {dagbag.py:538} INFO - Filling up the DagBag from /opt/airflow/dags/transform_orders_dag.py
[2025-04-27T14:17:10.926+0000] {processor.py:840} INFO - DAG(s) 'clean_orders_csv_dag' retrieved from /opt/airflow/dags/transform_orders_dag.py
[2025-04-27T14:17:10.960+0000] {logging_mixin.py:188} INFO - [2025-04-27T14:17:10.960+0000] {dag.py:3036} INFO - Sync 1 DAGs
[2025-04-27T14:17:10.974+0000] {logging_mixin.py:188} INFO - [2025-04-27T14:17:10.974+0000] {dag.py:3823} INFO - Setting next_dagrun for clean_orders_csv_dag to None, run_after=None
[2025-04-27T14:17:11.000+0000] {processor.py:183} INFO - Processing /opt/airflow/dags/transform_orders_dag.py took 0.475 seconds
[2025-04-27T14:17:41.113+0000] {processor.py:161} INFO - Started process (PID=6423) to work on /opt/airflow/dags/transform_orders_dag.py
[2025-04-27T14:17:41.114+0000] {processor.py:830} INFO - Processing file /opt/airflow/dags/transform_orders_dag.py for tasks to queue
[2025-04-27T14:17:41.115+0000] {logging_mixin.py:188} INFO - [2025-04-27T14:17:41.115+0000] {dagbag.py:538} INFO - Filling up the DagBag from /opt/airflow/dags/transform_orders_dag.py
[2025-04-27T14:17:41.371+0000] {processor.py:840} INFO - DAG(s) 'clean_orders_csv_dag' retrieved from /opt/airflow/dags/transform_orders_dag.py
[2025-04-27T14:17:41.395+0000] {logging_mixin.py:188} INFO - [2025-04-27T14:17:41.395+0000] {dag.py:3036} INFO - Sync 1 DAGs
[2025-04-27T14:17:41.415+0000] {logging_mixin.py:188} INFO - [2025-04-27T14:17:41.415+0000] {dag.py:3823} INFO - Setting next_dagrun for clean_orders_csv_dag to None, run_after=None
[2025-04-27T14:17:41.447+0000] {processor.py:183} INFO - Processing /opt/airflow/dags/transform_orders_dag.py took 0.337 seconds
[2025-04-27T14:18:12.339+0000] {processor.py:161} INFO - Started process (PID=6466) to work on /opt/airflow/dags/transform_orders_dag.py
[2025-04-27T14:18:12.340+0000] {processor.py:830} INFO - Processing file /opt/airflow/dags/transform_orders_dag.py for tasks to queue
[2025-04-27T14:18:12.341+0000] {logging_mixin.py:188} INFO - [2025-04-27T14:18:12.341+0000] {dagbag.py:538} INFO - Filling up the DagBag from /opt/airflow/dags/transform_orders_dag.py
[2025-04-27T14:18:12.599+0000] {processor.py:840} INFO - DAG(s) 'clean_orders_csv_dag' retrieved from /opt/airflow/dags/transform_orders_dag.py
[2025-04-27T14:18:12.627+0000] {logging_mixin.py:188} INFO - [2025-04-27T14:18:12.627+0000] {dag.py:3036} INFO - Sync 1 DAGs
[2025-04-27T14:18:12.642+0000] {logging_mixin.py:188} INFO - [2025-04-27T14:18:12.642+0000] {dag.py:3823} INFO - Setting next_dagrun for clean_orders_csv_dag to None, run_after=None
[2025-04-27T14:18:12.669+0000] {processor.py:183} INFO - Processing /opt/airflow/dags/transform_orders_dag.py took 0.333 seconds
[2025-04-27T14:18:43.689+0000] {processor.py:161} INFO - Started process (PID=6509) to work on /opt/airflow/dags/transform_orders_dag.py
[2025-04-27T14:18:43.690+0000] {processor.py:830} INFO - Processing file /opt/airflow/dags/transform_orders_dag.py for tasks to queue
[2025-04-27T14:18:43.691+0000] {logging_mixin.py:188} INFO - [2025-04-27T14:18:43.691+0000] {dagbag.py:538} INFO - Filling up the DagBag from /opt/airflow/dags/transform_orders_dag.py
[2025-04-27T14:18:44.045+0000] {processor.py:840} INFO - DAG(s) 'clean_orders_csv_dag' retrieved from /opt/airflow/dags/transform_orders_dag.py
[2025-04-27T14:18:44.082+0000] {logging_mixin.py:188} INFO - [2025-04-27T14:18:44.082+0000] {dag.py:3036} INFO - Sync 1 DAGs
[2025-04-27T14:18:44.098+0000] {logging_mixin.py:188} INFO - [2025-04-27T14:18:44.097+0000] {dag.py:3823} INFO - Setting next_dagrun for clean_orders_csv_dag to None, run_after=None
[2025-04-27T14:18:44.130+0000] {processor.py:183} INFO - Processing /opt/airflow/dags/transform_orders_dag.py took 0.444 seconds
[2025-04-27T14:19:14.559+0000] {processor.py:161} INFO - Started process (PID=6552) to work on /opt/airflow/dags/transform_orders_dag.py
[2025-04-27T14:19:14.560+0000] {processor.py:830} INFO - Processing file /opt/airflow/dags/transform_orders_dag.py for tasks to queue
[2025-04-27T14:19:14.561+0000] {logging_mixin.py:188} INFO - [2025-04-27T14:19:14.561+0000] {dagbag.py:538} INFO - Filling up the DagBag from /opt/airflow/dags/transform_orders_dag.py
[2025-04-27T14:19:14.903+0000] {processor.py:840} INFO - DAG(s) 'clean_orders_csv_dag' retrieved from /opt/airflow/dags/transform_orders_dag.py
[2025-04-27T14:19:14.943+0000] {logging_mixin.py:188} INFO - [2025-04-27T14:19:14.943+0000] {dag.py:3036} INFO - Sync 1 DAGs
[2025-04-27T14:19:14.960+0000] {logging_mixin.py:188} INFO - [2025-04-27T14:19:14.960+0000] {dag.py:3823} INFO - Setting next_dagrun for clean_orders_csv_dag to None, run_after=None
[2025-04-27T14:19:14.985+0000] {processor.py:183} INFO - Processing /opt/airflow/dags/transform_orders_dag.py took 0.429 seconds
[2025-04-27T14:19:45.927+0000] {processor.py:161} INFO - Started process (PID=6595) to work on /opt/airflow/dags/transform_orders_dag.py
[2025-04-27T14:19:45.928+0000] {processor.py:830} INFO - Processing file /opt/airflow/dags/transform_orders_dag.py for tasks to queue
[2025-04-27T14:19:45.929+0000] {logging_mixin.py:188} INFO - [2025-04-27T14:19:45.929+0000] {dagbag.py:538} INFO - Filling up the DagBag from /opt/airflow/dags/transform_orders_dag.py
[2025-04-27T14:19:46.165+0000] {processor.py:840} INFO - DAG(s) 'clean_orders_csv_dag' retrieved from /opt/airflow/dags/transform_orders_dag.py
[2025-04-27T14:19:46.189+0000] {logging_mixin.py:188} INFO - [2025-04-27T14:19:46.189+0000] {dag.py:3036} INFO - Sync 1 DAGs
[2025-04-27T14:19:46.202+0000] {logging_mixin.py:188} INFO - [2025-04-27T14:19:46.202+0000] {dag.py:3823} INFO - Setting next_dagrun for clean_orders_csv_dag to None, run_after=None
[2025-04-27T14:19:46.223+0000] {processor.py:183} INFO - Processing /opt/airflow/dags/transform_orders_dag.py took 0.299 seconds
[2025-04-27T14:20:16.357+0000] {processor.py:161} INFO - Started process (PID=6638) to work on /opt/airflow/dags/transform_orders_dag.py
[2025-04-27T14:20:16.358+0000] {processor.py:830} INFO - Processing file /opt/airflow/dags/transform_orders_dag.py for tasks to queue
[2025-04-27T14:20:16.359+0000] {logging_mixin.py:188} INFO - [2025-04-27T14:20:16.358+0000] {dagbag.py:538} INFO - Filling up the DagBag from /opt/airflow/dags/transform_orders_dag.py
[2025-04-27T14:20:16.612+0000] {processor.py:840} INFO - DAG(s) 'clean_orders_csv_dag' retrieved from /opt/airflow/dags/transform_orders_dag.py
[2025-04-27T14:20:16.637+0000] {logging_mixin.py:188} INFO - [2025-04-27T14:20:16.636+0000] {dag.py:3036} INFO - Sync 1 DAGs
[2025-04-27T14:20:16.648+0000] {logging_mixin.py:188} INFO - [2025-04-27T14:20:16.648+0000] {dag.py:3823} INFO - Setting next_dagrun for clean_orders_csv_dag to None, run_after=None
[2025-04-27T14:20:16.668+0000] {processor.py:183} INFO - Processing /opt/airflow/dags/transform_orders_dag.py took 0.314 seconds
[2025-04-27T14:20:46.733+0000] {processor.py:161} INFO - Started process (PID=6678) to work on /opt/airflow/dags/transform_orders_dag.py
[2025-04-27T14:20:46.734+0000] {processor.py:830} INFO - Processing file /opt/airflow/dags/transform_orders_dag.py for tasks to queue
[2025-04-27T14:20:46.735+0000] {logging_mixin.py:188} INFO - [2025-04-27T14:20:46.735+0000] {dagbag.py:538} INFO - Filling up the DagBag from /opt/airflow/dags/transform_orders_dag.py
[2025-04-27T14:20:46.957+0000] {processor.py:840} INFO - DAG(s) 'clean_orders_csv_dag' retrieved from /opt/airflow/dags/transform_orders_dag.py
[2025-04-27T14:20:46.980+0000] {logging_mixin.py:188} INFO - [2025-04-27T14:20:46.979+0000] {dag.py:3036} INFO - Sync 1 DAGs
[2025-04-27T14:20:46.990+0000] {logging_mixin.py:188} INFO - [2025-04-27T14:20:46.990+0000] {dag.py:3823} INFO - Setting next_dagrun for clean_orders_csv_dag to None, run_after=None
[2025-04-27T14:20:47.008+0000] {processor.py:183} INFO - Processing /opt/airflow/dags/transform_orders_dag.py took 0.278 seconds
[2025-04-27T14:21:17.210+0000] {processor.py:161} INFO - Started process (PID=6721) to work on /opt/airflow/dags/transform_orders_dag.py
[2025-04-27T14:21:17.211+0000] {processor.py:830} INFO - Processing file /opt/airflow/dags/transform_orders_dag.py for tasks to queue
[2025-04-27T14:21:17.211+0000] {logging_mixin.py:188} INFO - [2025-04-27T14:21:17.211+0000] {dagbag.py:538} INFO - Filling up the DagBag from /opt/airflow/dags/transform_orders_dag.py
[2025-04-27T14:21:17.426+0000] {processor.py:840} INFO - DAG(s) 'clean_orders_csv_dag' retrieved from /opt/airflow/dags/transform_orders_dag.py
[2025-04-27T14:21:17.445+0000] {logging_mixin.py:188} INFO - [2025-04-27T14:21:17.445+0000] {dag.py:3036} INFO - Sync 1 DAGs
[2025-04-27T14:21:17.455+0000] {logging_mixin.py:188} INFO - [2025-04-27T14:21:17.455+0000] {dag.py:3823} INFO - Setting next_dagrun for clean_orders_csv_dag to None, run_after=None
[2025-04-27T14:21:17.469+0000] {processor.py:183} INFO - Processing /opt/airflow/dags/transform_orders_dag.py took 0.262 seconds
[2025-04-27T14:21:48.043+0000] {processor.py:161} INFO - Started process (PID=6767) to work on /opt/airflow/dags/transform_orders_dag.py
[2025-04-27T14:21:48.044+0000] {processor.py:830} INFO - Processing file /opt/airflow/dags/transform_orders_dag.py for tasks to queue
[2025-04-27T14:21:48.045+0000] {logging_mixin.py:188} INFO - [2025-04-27T14:21:48.045+0000] {dagbag.py:538} INFO - Filling up the DagBag from /opt/airflow/dags/transform_orders_dag.py
[2025-04-27T14:21:48.373+0000] {processor.py:840} INFO - DAG(s) 'clean_orders_csv_dag' retrieved from /opt/airflow/dags/transform_orders_dag.py
[2025-04-27T14:21:48.407+0000] {logging_mixin.py:188} INFO - [2025-04-27T14:21:48.406+0000] {dag.py:3036} INFO - Sync 1 DAGs
[2025-04-27T14:21:48.426+0000] {logging_mixin.py:188} INFO - [2025-04-27T14:21:48.426+0000] {dag.py:3823} INFO - Setting next_dagrun for clean_orders_csv_dag to None, run_after=None
[2025-04-27T14:21:48.459+0000] {processor.py:183} INFO - Processing /opt/airflow/dags/transform_orders_dag.py took 0.418 seconds
[2025-04-27T14:22:18.790+0000] {processor.py:161} INFO - Started process (PID=6810) to work on /opt/airflow/dags/transform_orders_dag.py
[2025-04-27T14:22:18.792+0000] {processor.py:830} INFO - Processing file /opt/airflow/dags/transform_orders_dag.py for tasks to queue
[2025-04-27T14:22:18.797+0000] {logging_mixin.py:188} INFO - [2025-04-27T14:22:18.795+0000] {dagbag.py:538} INFO - Filling up the DagBag from /opt/airflow/dags/transform_orders_dag.py
[2025-04-27T14:22:19.207+0000] {processor.py:840} INFO - DAG(s) 'clean_orders_csv_dag' retrieved from /opt/airflow/dags/transform_orders_dag.py
[2025-04-27T14:22:19.247+0000] {logging_mixin.py:188} INFO - [2025-04-27T14:22:19.247+0000] {dag.py:3036} INFO - Sync 1 DAGs
[2025-04-27T14:22:19.264+0000] {logging_mixin.py:188} INFO - [2025-04-27T14:22:19.264+0000] {dag.py:3823} INFO - Setting next_dagrun for clean_orders_csv_dag to None, run_after=None
[2025-04-27T14:22:19.299+0000] {processor.py:183} INFO - Processing /opt/airflow/dags/transform_orders_dag.py took 0.515 seconds
[2025-04-27T14:22:49.680+0000] {processor.py:161} INFO - Started process (PID=6853) to work on /opt/airflow/dags/transform_orders_dag.py
[2025-04-27T14:22:49.681+0000] {processor.py:830} INFO - Processing file /opt/airflow/dags/transform_orders_dag.py for tasks to queue
[2025-04-27T14:22:49.682+0000] {logging_mixin.py:188} INFO - [2025-04-27T14:22:49.681+0000] {dagbag.py:538} INFO - Filling up the DagBag from /opt/airflow/dags/transform_orders_dag.py
[2025-04-27T14:22:49.970+0000] {processor.py:840} INFO - DAG(s) 'clean_orders_csv_dag' retrieved from /opt/airflow/dags/transform_orders_dag.py
[2025-04-27T14:22:50.000+0000] {logging_mixin.py:188} INFO - [2025-04-27T14:22:49.999+0000] {dag.py:3036} INFO - Sync 1 DAGs
[2025-04-27T14:22:50.012+0000] {logging_mixin.py:188} INFO - [2025-04-27T14:22:50.012+0000] {dag.py:3823} INFO - Setting next_dagrun for clean_orders_csv_dag to None, run_after=None
[2025-04-27T14:22:50.034+0000] {processor.py:183} INFO - Processing /opt/airflow/dags/transform_orders_dag.py took 0.357 seconds
[2025-04-27T14:23:20.126+0000] {processor.py:161} INFO - Started process (PID=6896) to work on /opt/airflow/dags/transform_orders_dag.py
[2025-04-27T14:23:20.127+0000] {processor.py:830} INFO - Processing file /opt/airflow/dags/transform_orders_dag.py for tasks to queue
[2025-04-27T14:23:20.128+0000] {logging_mixin.py:188} INFO - [2025-04-27T14:23:20.128+0000] {dagbag.py:538} INFO - Filling up the DagBag from /opt/airflow/dags/transform_orders_dag.py
[2025-04-27T14:23:20.422+0000] {processor.py:840} INFO - DAG(s) 'clean_orders_csv_dag' retrieved from /opt/airflow/dags/transform_orders_dag.py
[2025-04-27T14:23:20.447+0000] {logging_mixin.py:188} INFO - [2025-04-27T14:23:20.446+0000] {dag.py:3036} INFO - Sync 1 DAGs
[2025-04-27T14:23:20.457+0000] {logging_mixin.py:188} INFO - [2025-04-27T14:23:20.457+0000] {dag.py:3823} INFO - Setting next_dagrun for clean_orders_csv_dag to None, run_after=None
[2025-04-27T14:23:20.478+0000] {processor.py:183} INFO - Processing /opt/airflow/dags/transform_orders_dag.py took 0.354 seconds
[2025-04-27T14:23:50.568+0000] {processor.py:161} INFO - Started process (PID=6939) to work on /opt/airflow/dags/transform_orders_dag.py
[2025-04-27T14:23:50.569+0000] {processor.py:830} INFO - Processing file /opt/airflow/dags/transform_orders_dag.py for tasks to queue
[2025-04-27T14:23:50.570+0000] {logging_mixin.py:188} INFO - [2025-04-27T14:23:50.569+0000] {dagbag.py:538} INFO - Filling up the DagBag from /opt/airflow/dags/transform_orders_dag.py
[2025-04-27T14:23:50.842+0000] {processor.py:840} INFO - DAG(s) 'clean_orders_csv_dag' retrieved from /opt/airflow/dags/transform_orders_dag.py
[2025-04-27T14:23:50.870+0000] {logging_mixin.py:188} INFO - [2025-04-27T14:23:50.869+0000] {dag.py:3036} INFO - Sync 1 DAGs
[2025-04-27T14:23:50.927+0000] {logging_mixin.py:188} INFO - [2025-04-27T14:23:50.926+0000] {dag.py:3823} INFO - Setting next_dagrun for clean_orders_csv_dag to None, run_after=None
[2025-04-27T14:23:51.095+0000] {processor.py:183} INFO - Processing /opt/airflow/dags/transform_orders_dag.py took 0.529 seconds
[2025-04-27T14:24:21.240+0000] {processor.py:161} INFO - Started process (PID=6982) to work on /opt/airflow/dags/transform_orders_dag.py
[2025-04-27T14:24:21.241+0000] {processor.py:830} INFO - Processing file /opt/airflow/dags/transform_orders_dag.py for tasks to queue
[2025-04-27T14:24:21.242+0000] {logging_mixin.py:188} INFO - [2025-04-27T14:24:21.241+0000] {dagbag.py:538} INFO - Filling up the DagBag from /opt/airflow/dags/transform_orders_dag.py
[2025-04-27T14:24:21.524+0000] {processor.py:840} INFO - DAG(s) 'clean_orders_csv_dag' retrieved from /opt/airflow/dags/transform_orders_dag.py
[2025-04-27T14:24:21.550+0000] {logging_mixin.py:188} INFO - [2025-04-27T14:24:21.550+0000] {dag.py:3036} INFO - Sync 1 DAGs
[2025-04-27T14:24:21.563+0000] {logging_mixin.py:188} INFO - [2025-04-27T14:24:21.562+0000] {dag.py:3823} INFO - Setting next_dagrun for clean_orders_csv_dag to None, run_after=None
[2025-04-27T14:24:21.592+0000] {processor.py:183} INFO - Processing /opt/airflow/dags/transform_orders_dag.py took 0.355 seconds
[2025-04-27T14:24:51.732+0000] {processor.py:161} INFO - Started process (PID=7025) to work on /opt/airflow/dags/transform_orders_dag.py
[2025-04-27T14:24:51.733+0000] {processor.py:830} INFO - Processing file /opt/airflow/dags/transform_orders_dag.py for tasks to queue
[2025-04-27T14:24:51.734+0000] {logging_mixin.py:188} INFO - [2025-04-27T14:24:51.733+0000] {dagbag.py:538} INFO - Filling up the DagBag from /opt/airflow/dags/transform_orders_dag.py
[2025-04-27T14:24:52.045+0000] {processor.py:840} INFO - DAG(s) 'clean_orders_csv_dag' retrieved from /opt/airflow/dags/transform_orders_dag.py
[2025-04-27T14:24:52.082+0000] {logging_mixin.py:188} INFO - [2025-04-27T14:24:52.081+0000] {dag.py:3036} INFO - Sync 1 DAGs
[2025-04-27T14:24:52.106+0000] {logging_mixin.py:188} INFO - [2025-04-27T14:24:52.106+0000] {dag.py:3823} INFO - Setting next_dagrun for clean_orders_csv_dag to None, run_after=None
[2025-04-27T14:24:52.142+0000] {processor.py:183} INFO - Processing /opt/airflow/dags/transform_orders_dag.py took 0.414 seconds
[2025-04-27T14:25:22.613+0000] {processor.py:161} INFO - Started process (PID=7071) to work on /opt/airflow/dags/transform_orders_dag.py
[2025-04-27T14:25:22.614+0000] {processor.py:830} INFO - Processing file /opt/airflow/dags/transform_orders_dag.py for tasks to queue
[2025-04-27T14:25:22.615+0000] {logging_mixin.py:188} INFO - [2025-04-27T14:25:22.615+0000] {dagbag.py:538} INFO - Filling up the DagBag from /opt/airflow/dags/transform_orders_dag.py
[2025-04-27T14:25:22.897+0000] {processor.py:840} INFO - DAG(s) 'clean_orders_csv_dag' retrieved from /opt/airflow/dags/transform_orders_dag.py
[2025-04-27T14:25:22.918+0000] {logging_mixin.py:188} INFO - [2025-04-27T14:25:22.917+0000] {dag.py:3036} INFO - Sync 1 DAGs
[2025-04-27T14:25:22.927+0000] {logging_mixin.py:188} INFO - [2025-04-27T14:25:22.927+0000] {dag.py:3823} INFO - Setting next_dagrun for clean_orders_csv_dag to None, run_after=None
[2025-04-27T14:25:22.948+0000] {processor.py:183} INFO - Processing /opt/airflow/dags/transform_orders_dag.py took 0.338 seconds
[2025-04-27T14:25:53.035+0000] {processor.py:161} INFO - Started process (PID=7111) to work on /opt/airflow/dags/transform_orders_dag.py
[2025-04-27T14:25:53.037+0000] {processor.py:830} INFO - Processing file /opt/airflow/dags/transform_orders_dag.py for tasks to queue
[2025-04-27T14:25:53.038+0000] {logging_mixin.py:188} INFO - [2025-04-27T14:25:53.038+0000] {dagbag.py:538} INFO - Filling up the DagBag from /opt/airflow/dags/transform_orders_dag.py
[2025-04-27T14:25:53.275+0000] {processor.py:840} INFO - DAG(s) 'clean_orders_csv_dag' retrieved from /opt/airflow/dags/transform_orders_dag.py
[2025-04-27T14:25:53.300+0000] {logging_mixin.py:188} INFO - [2025-04-27T14:25:53.300+0000] {dag.py:3036} INFO - Sync 1 DAGs
[2025-04-27T14:25:53.310+0000] {logging_mixin.py:188} INFO - [2025-04-27T14:25:53.310+0000] {dag.py:3823} INFO - Setting next_dagrun for clean_orders_csv_dag to None, run_after=None
[2025-04-27T14:25:53.356+0000] {processor.py:183} INFO - Processing /opt/airflow/dags/transform_orders_dag.py took 0.324 seconds
[2025-04-27T14:26:23.477+0000] {processor.py:161} INFO - Started process (PID=7154) to work on /opt/airflow/dags/transform_orders_dag.py
[2025-04-27T14:26:23.478+0000] {processor.py:830} INFO - Processing file /opt/airflow/dags/transform_orders_dag.py for tasks to queue
[2025-04-27T14:26:23.479+0000] {logging_mixin.py:188} INFO - [2025-04-27T14:26:23.478+0000] {dagbag.py:538} INFO - Filling up the DagBag from /opt/airflow/dags/transform_orders_dag.py
[2025-04-27T14:26:23.751+0000] {processor.py:840} INFO - DAG(s) 'clean_orders_csv_dag' retrieved from /opt/airflow/dags/transform_orders_dag.py
[2025-04-27T14:26:23.777+0000] {logging_mixin.py:188} INFO - [2025-04-27T14:26:23.777+0000] {dag.py:3036} INFO - Sync 1 DAGs
[2025-04-27T14:26:23.789+0000] {logging_mixin.py:188} INFO - [2025-04-27T14:26:23.789+0000] {dag.py:3823} INFO - Setting next_dagrun for clean_orders_csv_dag to None, run_after=None
[2025-04-27T14:26:23.809+0000] {processor.py:183} INFO - Processing /opt/airflow/dags/transform_orders_dag.py took 0.334 seconds
[2025-04-27T14:26:53.968+0000] {processor.py:161} INFO - Started process (PID=7197) to work on /opt/airflow/dags/transform_orders_dag.py
[2025-04-27T14:26:53.970+0000] {processor.py:830} INFO - Processing file /opt/airflow/dags/transform_orders_dag.py for tasks to queue
[2025-04-27T14:26:53.971+0000] {logging_mixin.py:188} INFO - [2025-04-27T14:26:53.971+0000] {dagbag.py:538} INFO - Filling up the DagBag from /opt/airflow/dags/transform_orders_dag.py
[2025-04-27T14:26:54.246+0000] {processor.py:840} INFO - DAG(s) 'clean_orders_csv_dag' retrieved from /opt/airflow/dags/transform_orders_dag.py
[2025-04-27T14:26:54.281+0000] {logging_mixin.py:188} INFO - [2025-04-27T14:26:54.280+0000] {dag.py:3036} INFO - Sync 1 DAGs
[2025-04-27T14:26:54.292+0000] {logging_mixin.py:188} INFO - [2025-04-27T14:26:54.292+0000] {dag.py:3823} INFO - Setting next_dagrun for clean_orders_csv_dag to None, run_after=None
[2025-04-27T14:26:54.317+0000] {processor.py:183} INFO - Processing /opt/airflow/dags/transform_orders_dag.py took 0.351 seconds
[2025-04-27T14:27:24.477+0000] {processor.py:161} INFO - Started process (PID=7240) to work on /opt/airflow/dags/transform_orders_dag.py
[2025-04-27T14:27:24.478+0000] {processor.py:830} INFO - Processing file /opt/airflow/dags/transform_orders_dag.py for tasks to queue
[2025-04-27T14:27:24.479+0000] {logging_mixin.py:188} INFO - [2025-04-27T14:27:24.478+0000] {dagbag.py:538} INFO - Filling up the DagBag from /opt/airflow/dags/transform_orders_dag.py
[2025-04-27T14:27:24.789+0000] {processor.py:840} INFO - DAG(s) 'clean_orders_csv_dag' retrieved from /opt/airflow/dags/transform_orders_dag.py
[2025-04-27T14:27:24.817+0000] {logging_mixin.py:188} INFO - [2025-04-27T14:27:24.817+0000] {dag.py:3036} INFO - Sync 1 DAGs
[2025-04-27T14:27:24.833+0000] {logging_mixin.py:188} INFO - [2025-04-27T14:27:24.832+0000] {dag.py:3823} INFO - Setting next_dagrun for clean_orders_csv_dag to None, run_after=None
[2025-04-27T14:27:24.860+0000] {processor.py:183} INFO - Processing /opt/airflow/dags/transform_orders_dag.py took 0.385 seconds
[2025-04-27T14:27:54.960+0000] {processor.py:161} INFO - Started process (PID=7283) to work on /opt/airflow/dags/transform_orders_dag.py
[2025-04-27T14:27:54.961+0000] {processor.py:830} INFO - Processing file /opt/airflow/dags/transform_orders_dag.py for tasks to queue
[2025-04-27T14:27:54.962+0000] {logging_mixin.py:188} INFO - [2025-04-27T14:27:54.961+0000] {dagbag.py:538} INFO - Filling up the DagBag from /opt/airflow/dags/transform_orders_dag.py
[2025-04-27T14:27:55.223+0000] {processor.py:840} INFO - DAG(s) 'clean_orders_csv_dag' retrieved from /opt/airflow/dags/transform_orders_dag.py
[2025-04-27T14:27:55.248+0000] {logging_mixin.py:188} INFO - [2025-04-27T14:27:55.248+0000] {dag.py:3036} INFO - Sync 1 DAGs
[2025-04-27T14:27:55.262+0000] {logging_mixin.py:188} INFO - [2025-04-27T14:27:55.262+0000] {dag.py:3823} INFO - Setting next_dagrun for clean_orders_csv_dag to None, run_after=None
[2025-04-27T14:27:55.285+0000] {processor.py:183} INFO - Processing /opt/airflow/dags/transform_orders_dag.py took 0.327 seconds
[2025-04-27T14:28:25.408+0000] {processor.py:161} INFO - Started process (PID=7326) to work on /opt/airflow/dags/transform_orders_dag.py
[2025-04-27T14:28:25.409+0000] {processor.py:830} INFO - Processing file /opt/airflow/dags/transform_orders_dag.py for tasks to queue
[2025-04-27T14:28:25.410+0000] {logging_mixin.py:188} INFO - [2025-04-27T14:28:25.409+0000] {dagbag.py:538} INFO - Filling up the DagBag from /opt/airflow/dags/transform_orders_dag.py
[2025-04-27T14:28:25.786+0000] {processor.py:840} INFO - DAG(s) 'clean_orders_csv_dag' retrieved from /opt/airflow/dags/transform_orders_dag.py
[2025-04-27T14:28:25.812+0000] {logging_mixin.py:188} INFO - [2025-04-27T14:28:25.812+0000] {dag.py:3036} INFO - Sync 1 DAGs
[2025-04-27T14:28:25.825+0000] {logging_mixin.py:188} INFO - [2025-04-27T14:28:25.824+0000] {dag.py:3823} INFO - Setting next_dagrun for clean_orders_csv_dag to None, run_after=None
[2025-04-27T14:28:25.855+0000] {processor.py:183} INFO - Processing /opt/airflow/dags/transform_orders_dag.py took 0.450 seconds
[2025-04-27T14:28:56.009+0000] {processor.py:161} INFO - Started process (PID=7369) to work on /opt/airflow/dags/transform_orders_dag.py
[2025-04-27T14:28:56.012+0000] {processor.py:830} INFO - Processing file /opt/airflow/dags/transform_orders_dag.py for tasks to queue
[2025-04-27T14:28:56.014+0000] {logging_mixin.py:188} INFO - [2025-04-27T14:28:56.013+0000] {dagbag.py:538} INFO - Filling up the DagBag from /opt/airflow/dags/transform_orders_dag.py
[2025-04-27T14:28:56.302+0000] {processor.py:840} INFO - DAG(s) 'clean_orders_csv_dag' retrieved from /opt/airflow/dags/transform_orders_dag.py
[2025-04-27T14:28:56.333+0000] {logging_mixin.py:188} INFO - [2025-04-27T14:28:56.332+0000] {dag.py:3036} INFO - Sync 1 DAGs
[2025-04-27T14:28:56.347+0000] {logging_mixin.py:188} INFO - [2025-04-27T14:28:56.347+0000] {dag.py:3823} INFO - Setting next_dagrun for clean_orders_csv_dag to None, run_after=None
[2025-04-27T14:28:56.371+0000] {processor.py:183} INFO - Processing /opt/airflow/dags/transform_orders_dag.py took 0.367 seconds
[2025-04-27T14:29:26.475+0000] {processor.py:161} INFO - Started process (PID=7412) to work on /opt/airflow/dags/transform_orders_dag.py
[2025-04-27T14:29:26.476+0000] {processor.py:830} INFO - Processing file /opt/airflow/dags/transform_orders_dag.py for tasks to queue
[2025-04-27T14:29:26.477+0000] {logging_mixin.py:188} INFO - [2025-04-27T14:29:26.476+0000] {dagbag.py:538} INFO - Filling up the DagBag from /opt/airflow/dags/transform_orders_dag.py
[2025-04-27T14:29:26.763+0000] {processor.py:840} INFO - DAG(s) 'clean_orders_csv_dag' retrieved from /opt/airflow/dags/transform_orders_dag.py
[2025-04-27T14:29:26.800+0000] {logging_mixin.py:188} INFO - [2025-04-27T14:29:26.800+0000] {dag.py:3036} INFO - Sync 1 DAGs
[2025-04-27T14:29:26.816+0000] {logging_mixin.py:188} INFO - [2025-04-27T14:29:26.816+0000] {dag.py:3823} INFO - Setting next_dagrun for clean_orders_csv_dag to None, run_after=None
[2025-04-27T14:29:26.847+0000] {processor.py:183} INFO - Processing /opt/airflow/dags/transform_orders_dag.py took 0.375 seconds
[2025-04-27T14:29:57.526+0000] {processor.py:161} INFO - Started process (PID=7455) to work on /opt/airflow/dags/transform_orders_dag.py
[2025-04-27T14:29:57.527+0000] {processor.py:830} INFO - Processing file /opt/airflow/dags/transform_orders_dag.py for tasks to queue
[2025-04-27T14:29:57.527+0000] {logging_mixin.py:188} INFO - [2025-04-27T14:29:57.527+0000] {dagbag.py:538} INFO - Filling up the DagBag from /opt/airflow/dags/transform_orders_dag.py
[2025-04-27T14:29:57.758+0000] {processor.py:840} INFO - DAG(s) 'clean_orders_csv_dag' retrieved from /opt/airflow/dags/transform_orders_dag.py
[2025-04-27T14:29:57.780+0000] {logging_mixin.py:188} INFO - [2025-04-27T14:29:57.780+0000] {dag.py:3036} INFO - Sync 1 DAGs
[2025-04-27T14:29:57.790+0000] {logging_mixin.py:188} INFO - [2025-04-27T14:29:57.790+0000] {dag.py:3823} INFO - Setting next_dagrun for clean_orders_csv_dag to None, run_after=None
[2025-04-27T14:29:57.808+0000] {processor.py:183} INFO - Processing /opt/airflow/dags/transform_orders_dag.py took 0.286 seconds
[2025-04-27T14:30:27.971+0000] {processor.py:161} INFO - Started process (PID=7498) to work on /opt/airflow/dags/transform_orders_dag.py
[2025-04-27T14:30:27.973+0000] {processor.py:830} INFO - Processing file /opt/airflow/dags/transform_orders_dag.py for tasks to queue
[2025-04-27T14:30:27.974+0000] {logging_mixin.py:188} INFO - [2025-04-27T14:30:27.973+0000] {dagbag.py:538} INFO - Filling up the DagBag from /opt/airflow/dags/transform_orders_dag.py
[2025-04-27T14:30:28.258+0000] {processor.py:840} INFO - DAG(s) 'clean_orders_csv_dag' retrieved from /opt/airflow/dags/transform_orders_dag.py
[2025-04-27T14:30:28.284+0000] {logging_mixin.py:188} INFO - [2025-04-27T14:30:28.284+0000] {dag.py:3036} INFO - Sync 1 DAGs
[2025-04-27T14:30:28.299+0000] {logging_mixin.py:188} INFO - [2025-04-27T14:30:28.299+0000] {dag.py:3823} INFO - Setting next_dagrun for clean_orders_csv_dag to None, run_after=None
[2025-04-27T14:30:28.319+0000] {processor.py:183} INFO - Processing /opt/airflow/dags/transform_orders_dag.py took 0.350 seconds
[2025-04-27T14:30:59.244+0000] {processor.py:161} INFO - Started process (PID=7541) to work on /opt/airflow/dags/transform_orders_dag.py
[2025-04-27T14:30:59.245+0000] {processor.py:830} INFO - Processing file /opt/airflow/dags/transform_orders_dag.py for tasks to queue
[2025-04-27T14:30:59.246+0000] {logging_mixin.py:188} INFO - [2025-04-27T14:30:59.245+0000] {dagbag.py:538} INFO - Filling up the DagBag from /opt/airflow/dags/transform_orders_dag.py
[2025-04-27T14:30:59.641+0000] {processor.py:840} INFO - DAG(s) 'clean_orders_csv_dag' retrieved from /opt/airflow/dags/transform_orders_dag.py
[2025-04-27T14:30:59.679+0000] {logging_mixin.py:188} INFO - [2025-04-27T14:30:59.679+0000] {dag.py:3036} INFO - Sync 1 DAGs
[2025-04-27T14:30:59.695+0000] {logging_mixin.py:188} INFO - [2025-04-27T14:30:59.695+0000] {dag.py:3823} INFO - Setting next_dagrun for clean_orders_csv_dag to None, run_after=None
[2025-04-27T14:30:59.728+0000] {processor.py:183} INFO - Processing /opt/airflow/dags/transform_orders_dag.py took 0.488 seconds
[2025-04-27T14:31:30.624+0000] {processor.py:161} INFO - Started process (PID=7584) to work on /opt/airflow/dags/transform_orders_dag.py
[2025-04-27T14:31:30.625+0000] {processor.py:830} INFO - Processing file /opt/airflow/dags/transform_orders_dag.py for tasks to queue
[2025-04-27T14:31:30.627+0000] {logging_mixin.py:188} INFO - [2025-04-27T14:31:30.626+0000] {dagbag.py:538} INFO - Filling up the DagBag from /opt/airflow/dags/transform_orders_dag.py
[2025-04-27T14:31:30.956+0000] {processor.py:840} INFO - DAG(s) 'clean_orders_csv_dag' retrieved from /opt/airflow/dags/transform_orders_dag.py
[2025-04-27T14:31:30.987+0000] {logging_mixin.py:188} INFO - [2025-04-27T14:31:30.986+0000] {dag.py:3036} INFO - Sync 1 DAGs
[2025-04-27T14:31:31.003+0000] {logging_mixin.py:188} INFO - [2025-04-27T14:31:31.003+0000] {dag.py:3823} INFO - Setting next_dagrun for clean_orders_csv_dag to None, run_after=None
[2025-04-27T14:31:31.034+0000] {processor.py:183} INFO - Processing /opt/airflow/dags/transform_orders_dag.py took 0.413 seconds
[2025-04-27T14:32:01.138+0000] {processor.py:161} INFO - Started process (PID=7627) to work on /opt/airflow/dags/transform_orders_dag.py
[2025-04-27T14:32:01.139+0000] {processor.py:830} INFO - Processing file /opt/airflow/dags/transform_orders_dag.py for tasks to queue
[2025-04-27T14:32:01.140+0000] {logging_mixin.py:188} INFO - [2025-04-27T14:32:01.140+0000] {dagbag.py:538} INFO - Filling up the DagBag from /opt/airflow/dags/transform_orders_dag.py
[2025-04-27T14:32:01.497+0000] {processor.py:840} INFO - DAG(s) 'clean_orders_csv_dag' retrieved from /opt/airflow/dags/transform_orders_dag.py
[2025-04-27T14:32:01.524+0000] {logging_mixin.py:188} INFO - [2025-04-27T14:32:01.523+0000] {dag.py:3036} INFO - Sync 1 DAGs
[2025-04-27T14:32:01.542+0000] {logging_mixin.py:188} INFO - [2025-04-27T14:32:01.541+0000] {dag.py:3823} INFO - Setting next_dagrun for clean_orders_csv_dag to None, run_after=None
[2025-04-27T14:32:01.571+0000] {processor.py:183} INFO - Processing /opt/airflow/dags/transform_orders_dag.py took 0.435 seconds
[2025-04-27T14:32:31.847+0000] {processor.py:161} INFO - Started process (PID=7670) to work on /opt/airflow/dags/transform_orders_dag.py
[2025-04-27T14:32:31.848+0000] {processor.py:830} INFO - Processing file /opt/airflow/dags/transform_orders_dag.py for tasks to queue
[2025-04-27T14:32:31.849+0000] {logging_mixin.py:188} INFO - [2025-04-27T14:32:31.848+0000] {dagbag.py:538} INFO - Filling up the DagBag from /opt/airflow/dags/transform_orders_dag.py
[2025-04-27T14:32:32.088+0000] {processor.py:840} INFO - DAG(s) 'clean_orders_csv_dag' retrieved from /opt/airflow/dags/transform_orders_dag.py
[2025-04-27T14:32:32.112+0000] {logging_mixin.py:188} INFO - [2025-04-27T14:32:32.111+0000] {dag.py:3036} INFO - Sync 1 DAGs
[2025-04-27T14:32:32.124+0000] {logging_mixin.py:188} INFO - [2025-04-27T14:32:32.123+0000] {dag.py:3823} INFO - Setting next_dagrun for clean_orders_csv_dag to None, run_after=None
[2025-04-27T14:32:32.146+0000] {processor.py:183} INFO - Processing /opt/airflow/dags/transform_orders_dag.py took 0.302 seconds
[2025-04-27T14:33:02.222+0000] {processor.py:161} INFO - Started process (PID=7713) to work on /opt/airflow/dags/transform_orders_dag.py
[2025-04-27T14:33:02.224+0000] {processor.py:830} INFO - Processing file /opt/airflow/dags/transform_orders_dag.py for tasks to queue
[2025-04-27T14:33:02.226+0000] {logging_mixin.py:188} INFO - [2025-04-27T14:33:02.225+0000] {dagbag.py:538} INFO - Filling up the DagBag from /opt/airflow/dags/transform_orders_dag.py
[2025-04-27T14:33:02.564+0000] {processor.py:840} INFO - DAG(s) 'clean_orders_csv_dag' retrieved from /opt/airflow/dags/transform_orders_dag.py
[2025-04-27T14:33:02.594+0000] {logging_mixin.py:188} INFO - [2025-04-27T14:33:02.594+0000] {dag.py:3036} INFO - Sync 1 DAGs
[2025-04-27T14:33:02.619+0000] {logging_mixin.py:188} INFO - [2025-04-27T14:33:02.618+0000] {dag.py:3823} INFO - Setting next_dagrun for clean_orders_csv_dag to None, run_after=None
[2025-04-27T14:33:02.647+0000] {processor.py:183} INFO - Processing /opt/airflow/dags/transform_orders_dag.py took 0.427 seconds
[2025-04-27T14:33:32.992+0000] {processor.py:161} INFO - Started process (PID=7756) to work on /opt/airflow/dags/transform_orders_dag.py
[2025-04-27T14:33:32.993+0000] {processor.py:830} INFO - Processing file /opt/airflow/dags/transform_orders_dag.py for tasks to queue
[2025-04-27T14:33:32.994+0000] {logging_mixin.py:188} INFO - [2025-04-27T14:33:32.994+0000] {dagbag.py:538} INFO - Filling up the DagBag from /opt/airflow/dags/transform_orders_dag.py
[2025-04-27T14:33:33.296+0000] {processor.py:840} INFO - DAG(s) 'clean_orders_csv_dag' retrieved from /opt/airflow/dags/transform_orders_dag.py
[2025-04-27T14:33:33.318+0000] {logging_mixin.py:188} INFO - [2025-04-27T14:33:33.318+0000] {dag.py:3036} INFO - Sync 1 DAGs
[2025-04-27T14:33:33.329+0000] {logging_mixin.py:188} INFO - [2025-04-27T14:33:33.329+0000] {dag.py:3823} INFO - Setting next_dagrun for clean_orders_csv_dag to None, run_after=None
[2025-04-27T14:33:33.350+0000] {processor.py:183} INFO - Processing /opt/airflow/dags/transform_orders_dag.py took 0.362 seconds
[2025-04-27T14:34:04.410+0000] {processor.py:161} INFO - Started process (PID=7799) to work on /opt/airflow/dags/transform_orders_dag.py
[2025-04-27T14:34:04.411+0000] {processor.py:830} INFO - Processing file /opt/airflow/dags/transform_orders_dag.py for tasks to queue
[2025-04-27T14:34:04.413+0000] {logging_mixin.py:188} INFO - [2025-04-27T14:34:04.412+0000] {dagbag.py:538} INFO - Filling up the DagBag from /opt/airflow/dags/transform_orders_dag.py
[2025-04-27T14:34:04.718+0000] {processor.py:840} INFO - DAG(s) 'clean_orders_csv_dag' retrieved from /opt/airflow/dags/transform_orders_dag.py
[2025-04-27T14:34:04.753+0000] {logging_mixin.py:188} INFO - [2025-04-27T14:34:04.752+0000] {dag.py:3036} INFO - Sync 1 DAGs
[2025-04-27T14:34:04.770+0000] {logging_mixin.py:188} INFO - [2025-04-27T14:34:04.770+0000] {dag.py:3823} INFO - Setting next_dagrun for clean_orders_csv_dag to None, run_after=None
[2025-04-27T14:34:04.807+0000] {processor.py:183} INFO - Processing /opt/airflow/dags/transform_orders_dag.py took 0.399 seconds
[2025-04-27T14:34:34.901+0000] {processor.py:161} INFO - Started process (PID=7842) to work on /opt/airflow/dags/transform_orders_dag.py
[2025-04-27T14:34:34.902+0000] {processor.py:830} INFO - Processing file /opt/airflow/dags/transform_orders_dag.py for tasks to queue
[2025-04-27T14:34:34.903+0000] {logging_mixin.py:188} INFO - [2025-04-27T14:34:34.903+0000] {dagbag.py:538} INFO - Filling up the DagBag from /opt/airflow/dags/transform_orders_dag.py
[2025-04-27T14:34:35.154+0000] {processor.py:840} INFO - DAG(s) 'clean_orders_csv_dag' retrieved from /opt/airflow/dags/transform_orders_dag.py
[2025-04-27T14:34:35.184+0000] {logging_mixin.py:188} INFO - [2025-04-27T14:34:35.183+0000] {dag.py:3036} INFO - Sync 1 DAGs
[2025-04-27T14:34:35.197+0000] {logging_mixin.py:188} INFO - [2025-04-27T14:34:35.197+0000] {dag.py:3823} INFO - Setting next_dagrun for clean_orders_csv_dag to None, run_after=None
[2025-04-27T14:34:35.222+0000] {processor.py:183} INFO - Processing /opt/airflow/dags/transform_orders_dag.py took 0.324 seconds
[2025-04-27T14:35:06.244+0000] {processor.py:161} INFO - Started process (PID=7885) to work on /opt/airflow/dags/transform_orders_dag.py
[2025-04-27T14:35:06.245+0000] {processor.py:830} INFO - Processing file /opt/airflow/dags/transform_orders_dag.py for tasks to queue
[2025-04-27T14:35:06.246+0000] {logging_mixin.py:188} INFO - [2025-04-27T14:35:06.245+0000] {dagbag.py:538} INFO - Filling up the DagBag from /opt/airflow/dags/transform_orders_dag.py
[2025-04-27T14:35:06.487+0000] {processor.py:840} INFO - DAG(s) 'clean_orders_csv_dag' retrieved from /opt/airflow/dags/transform_orders_dag.py
[2025-04-27T14:35:06.508+0000] {logging_mixin.py:188} INFO - [2025-04-27T14:35:06.508+0000] {dag.py:3036} INFO - Sync 1 DAGs
[2025-04-27T14:35:06.519+0000] {logging_mixin.py:188} INFO - [2025-04-27T14:35:06.519+0000] {dag.py:3823} INFO - Setting next_dagrun for clean_orders_csv_dag to None, run_after=None
[2025-04-27T14:35:06.542+0000] {processor.py:183} INFO - Processing /opt/airflow/dags/transform_orders_dag.py took 0.302 seconds
[2025-04-27T14:35:37.523+0000] {processor.py:161} INFO - Started process (PID=7928) to work on /opt/airflow/dags/transform_orders_dag.py
[2025-04-27T14:35:37.524+0000] {processor.py:830} INFO - Processing file /opt/airflow/dags/transform_orders_dag.py for tasks to queue
[2025-04-27T14:35:37.526+0000] {logging_mixin.py:188} INFO - [2025-04-27T14:35:37.525+0000] {dagbag.py:538} INFO - Filling up the DagBag from /opt/airflow/dags/transform_orders_dag.py
[2025-04-27T14:35:37.770+0000] {processor.py:840} INFO - DAG(s) 'clean_orders_csv_dag' retrieved from /opt/airflow/dags/transform_orders_dag.py
[2025-04-27T14:35:37.793+0000] {logging_mixin.py:188} INFO - [2025-04-27T14:35:37.793+0000] {dag.py:3036} INFO - Sync 1 DAGs
[2025-04-27T14:35:37.805+0000] {logging_mixin.py:188} INFO - [2025-04-27T14:35:37.804+0000] {dag.py:3823} INFO - Setting next_dagrun for clean_orders_csv_dag to None, run_after=None
[2025-04-27T14:35:37.825+0000] {processor.py:183} INFO - Processing /opt/airflow/dags/transform_orders_dag.py took 0.305 seconds
[2025-04-27T14:36:08.856+0000] {processor.py:161} INFO - Started process (PID=7971) to work on /opt/airflow/dags/transform_orders_dag.py
[2025-04-27T14:36:08.857+0000] {processor.py:830} INFO - Processing file /opt/airflow/dags/transform_orders_dag.py for tasks to queue
[2025-04-27T14:36:08.858+0000] {logging_mixin.py:188} INFO - [2025-04-27T14:36:08.858+0000] {dagbag.py:538} INFO - Filling up the DagBag from /opt/airflow/dags/transform_orders_dag.py
[2025-04-27T14:36:09.109+0000] {processor.py:840} INFO - DAG(s) 'clean_orders_csv_dag' retrieved from /opt/airflow/dags/transform_orders_dag.py
[2025-04-27T14:36:09.134+0000] {logging_mixin.py:188} INFO - [2025-04-27T14:36:09.133+0000] {dag.py:3036} INFO - Sync 1 DAGs
[2025-04-27T14:36:09.147+0000] {logging_mixin.py:188} INFO - [2025-04-27T14:36:09.146+0000] {dag.py:3823} INFO - Setting next_dagrun for clean_orders_csv_dag to None, run_after=None
[2025-04-27T14:36:09.167+0000] {processor.py:183} INFO - Processing /opt/airflow/dags/transform_orders_dag.py took 0.313 seconds
[2025-04-27T14:36:39.330+0000] {processor.py:161} INFO - Started process (PID=8015) to work on /opt/airflow/dags/transform_orders_dag.py
[2025-04-27T14:36:39.331+0000] {processor.py:830} INFO - Processing file /opt/airflow/dags/transform_orders_dag.py for tasks to queue
[2025-04-27T14:36:39.332+0000] {logging_mixin.py:188} INFO - [2025-04-27T14:36:39.331+0000] {dagbag.py:538} INFO - Filling up the DagBag from /opt/airflow/dags/transform_orders_dag.py
[2025-04-27T14:36:39.741+0000] {processor.py:840} INFO - DAG(s) 'clean_orders_csv_dag' retrieved from /opt/airflow/dags/transform_orders_dag.py
[2025-04-27T14:36:39.781+0000] {logging_mixin.py:188} INFO - [2025-04-27T14:36:39.781+0000] {dag.py:3036} INFO - Sync 1 DAGs
[2025-04-27T14:36:39.801+0000] {logging_mixin.py:188} INFO - [2025-04-27T14:36:39.800+0000] {dag.py:3823} INFO - Setting next_dagrun for clean_orders_csv_dag to None, run_after=None
[2025-04-27T14:36:39.832+0000] {processor.py:183} INFO - Processing /opt/airflow/dags/transform_orders_dag.py took 0.505 seconds
[2025-04-27T14:37:09.923+0000] {processor.py:161} INFO - Started process (PID=8058) to work on /opt/airflow/dags/transform_orders_dag.py
[2025-04-27T14:37:09.924+0000] {processor.py:830} INFO - Processing file /opt/airflow/dags/transform_orders_dag.py for tasks to queue
[2025-04-27T14:37:09.926+0000] {logging_mixin.py:188} INFO - [2025-04-27T14:37:09.926+0000] {dagbag.py:538} INFO - Filling up the DagBag from /opt/airflow/dags/transform_orders_dag.py
[2025-04-27T14:37:10.423+0000] {processor.py:840} INFO - DAG(s) 'clean_orders_csv_dag' retrieved from /opt/airflow/dags/transform_orders_dag.py
[2025-04-27T14:37:10.479+0000] {logging_mixin.py:188} INFO - [2025-04-27T14:37:10.477+0000] {dag.py:3036} INFO - Sync 1 DAGs
[2025-04-27T14:37:10.501+0000] {logging_mixin.py:188} INFO - [2025-04-27T14:37:10.500+0000] {dag.py:3823} INFO - Setting next_dagrun for clean_orders_csv_dag to None, run_after=None
[2025-04-27T14:37:10.540+0000] {processor.py:183} INFO - Processing /opt/airflow/dags/transform_orders_dag.py took 0.623 seconds
[2025-04-27T14:37:40.961+0000] {processor.py:161} INFO - Started process (PID=8103) to work on /opt/airflow/dags/transform_orders_dag.py
[2025-04-27T14:37:40.963+0000] {processor.py:830} INFO - Processing file /opt/airflow/dags/transform_orders_dag.py for tasks to queue
[2025-04-27T14:37:40.964+0000] {logging_mixin.py:188} INFO - [2025-04-27T14:37:40.963+0000] {dagbag.py:538} INFO - Filling up the DagBag from /opt/airflow/dags/transform_orders_dag.py
[2025-04-27T14:37:41.182+0000] {processor.py:840} INFO - DAG(s) 'clean_orders_csv_dag' retrieved from /opt/airflow/dags/transform_orders_dag.py
[2025-04-27T14:37:41.200+0000] {logging_mixin.py:188} INFO - [2025-04-27T14:37:41.200+0000] {dag.py:3036} INFO - Sync 1 DAGs
[2025-04-27T14:37:41.209+0000] {logging_mixin.py:188} INFO - [2025-04-27T14:37:41.209+0000] {dag.py:3823} INFO - Setting next_dagrun for clean_orders_csv_dag to None, run_after=None
[2025-04-27T14:37:41.224+0000] {processor.py:183} INFO - Processing /opt/airflow/dags/transform_orders_dag.py took 0.266 seconds
[2025-04-27T14:38:11.776+0000] {processor.py:161} INFO - Started process (PID=8143) to work on /opt/airflow/dags/transform_orders_dag.py
[2025-04-27T14:38:11.777+0000] {processor.py:830} INFO - Processing file /opt/airflow/dags/transform_orders_dag.py for tasks to queue
[2025-04-27T14:38:11.777+0000] {logging_mixin.py:188} INFO - [2025-04-27T14:38:11.777+0000] {dagbag.py:538} INFO - Filling up the DagBag from /opt/airflow/dags/transform_orders_dag.py
[2025-04-27T14:38:12.837+0000] {processor.py:840} INFO - DAG(s) 'clean_orders_csv_dag' retrieved from /opt/airflow/dags/transform_orders_dag.py
[2025-04-27T14:38:13.042+0000] {logging_mixin.py:188} INFO - [2025-04-27T14:38:13.041+0000] {dag.py:3036} INFO - Sync 1 DAGs
[2025-04-27T14:38:13.118+0000] {logging_mixin.py:188} INFO - [2025-04-27T14:38:13.118+0000] {dag.py:3823} INFO - Setting next_dagrun for clean_orders_csv_dag to None, run_after=None
[2025-04-27T14:38:13.155+0000] {processor.py:183} INFO - Processing /opt/airflow/dags/transform_orders_dag.py took 1.382 seconds
[2025-04-27T14:38:43.264+0000] {processor.py:161} INFO - Started process (PID=8186) to work on /opt/airflow/dags/transform_orders_dag.py
[2025-04-27T14:38:43.265+0000] {processor.py:830} INFO - Processing file /opt/airflow/dags/transform_orders_dag.py for tasks to queue
[2025-04-27T14:38:43.266+0000] {logging_mixin.py:188} INFO - [2025-04-27T14:38:43.266+0000] {dagbag.py:538} INFO - Filling up the DagBag from /opt/airflow/dags/transform_orders_dag.py
[2025-04-27T14:38:43.548+0000] {processor.py:840} INFO - DAG(s) 'clean_orders_csv_dag' retrieved from /opt/airflow/dags/transform_orders_dag.py
[2025-04-27T14:38:43.573+0000] {logging_mixin.py:188} INFO - [2025-04-27T14:38:43.572+0000] {dag.py:3036} INFO - Sync 1 DAGs
[2025-04-27T14:38:43.587+0000] {logging_mixin.py:188} INFO - [2025-04-27T14:38:43.587+0000] {dag.py:3823} INFO - Setting next_dagrun for clean_orders_csv_dag to None, run_after=None
[2025-04-27T14:38:43.606+0000] {processor.py:183} INFO - Processing /opt/airflow/dags/transform_orders_dag.py took 0.345 seconds
[2025-04-27T14:39:14.033+0000] {processor.py:161} INFO - Started process (PID=8232) to work on /opt/airflow/dags/transform_orders_dag.py
[2025-04-27T14:39:14.034+0000] {processor.py:830} INFO - Processing file /opt/airflow/dags/transform_orders_dag.py for tasks to queue
[2025-04-27T14:39:14.035+0000] {logging_mixin.py:188} INFO - [2025-04-27T14:39:14.034+0000] {dagbag.py:538} INFO - Filling up the DagBag from /opt/airflow/dags/transform_orders_dag.py
[2025-04-27T14:39:14.251+0000] {processor.py:840} INFO - DAG(s) 'clean_orders_csv_dag' retrieved from /opt/airflow/dags/transform_orders_dag.py
[2025-04-27T14:39:14.271+0000] {logging_mixin.py:188} INFO - [2025-04-27T14:39:14.270+0000] {dag.py:3036} INFO - Sync 1 DAGs
[2025-04-27T14:39:14.285+0000] {logging_mixin.py:188} INFO - [2025-04-27T14:39:14.285+0000] {dag.py:3823} INFO - Setting next_dagrun for clean_orders_csv_dag to None, run_after=None
[2025-04-27T14:39:14.306+0000] {processor.py:183} INFO - Processing /opt/airflow/dags/transform_orders_dag.py took 0.276 seconds
[2025-04-27T14:39:44.578+0000] {processor.py:161} INFO - Started process (PID=8272) to work on /opt/airflow/dags/transform_orders_dag.py
[2025-04-27T14:39:44.579+0000] {processor.py:830} INFO - Processing file /opt/airflow/dags/transform_orders_dag.py for tasks to queue
[2025-04-27T14:39:44.580+0000] {logging_mixin.py:188} INFO - [2025-04-27T14:39:44.580+0000] {dagbag.py:538} INFO - Filling up the DagBag from /opt/airflow/dags/transform_orders_dag.py
[2025-04-27T14:39:44.980+0000] {processor.py:840} INFO - DAG(s) 'clean_orders_csv_dag' retrieved from /opt/airflow/dags/transform_orders_dag.py
[2025-04-27T14:39:45.072+0000] {logging_mixin.py:188} INFO - [2025-04-27T14:39:45.071+0000] {dag.py:3036} INFO - Sync 1 DAGs
[2025-04-27T14:39:45.133+0000] {logging_mixin.py:188} INFO - [2025-04-27T14:39:45.133+0000] {dag.py:3823} INFO - Setting next_dagrun for clean_orders_csv_dag to None, run_after=None
[2025-04-27T14:39:45.171+0000] {processor.py:183} INFO - Processing /opt/airflow/dags/transform_orders_dag.py took 0.595 seconds
[2025-04-27T14:40:15.870+0000] {processor.py:161} INFO - Started process (PID=8315) to work on /opt/airflow/dags/transform_orders_dag.py
[2025-04-27T14:40:15.871+0000] {processor.py:830} INFO - Processing file /opt/airflow/dags/transform_orders_dag.py for tasks to queue
[2025-04-27T14:40:15.872+0000] {logging_mixin.py:188} INFO - [2025-04-27T14:40:15.872+0000] {dagbag.py:538} INFO - Filling up the DagBag from /opt/airflow/dags/transform_orders_dag.py
[2025-04-27T14:40:16.170+0000] {processor.py:840} INFO - DAG(s) 'clean_orders_csv_dag' retrieved from /opt/airflow/dags/transform_orders_dag.py
[2025-04-27T14:40:16.198+0000] {logging_mixin.py:188} INFO - [2025-04-27T14:40:16.198+0000] {dag.py:3036} INFO - Sync 1 DAGs
[2025-04-27T14:40:16.210+0000] {logging_mixin.py:188} INFO - [2025-04-27T14:40:16.210+0000] {dag.py:3823} INFO - Setting next_dagrun for clean_orders_csv_dag to None, run_after=None
[2025-04-27T14:40:16.229+0000] {processor.py:183} INFO - Processing /opt/airflow/dags/transform_orders_dag.py took 0.362 seconds
[2025-04-27T14:40:46.329+0000] {processor.py:161} INFO - Started process (PID=8355) to work on /opt/airflow/dags/transform_orders_dag.py
[2025-04-27T14:40:46.330+0000] {processor.py:830} INFO - Processing file /opt/airflow/dags/transform_orders_dag.py for tasks to queue
[2025-04-27T14:40:46.332+0000] {logging_mixin.py:188} INFO - [2025-04-27T14:40:46.332+0000] {dagbag.py:538} INFO - Filling up the DagBag from /opt/airflow/dags/transform_orders_dag.py
[2025-04-27T14:40:46.641+0000] {processor.py:840} INFO - DAG(s) 'clean_orders_csv_dag' retrieved from /opt/airflow/dags/transform_orders_dag.py
[2025-04-27T14:40:46.678+0000] {logging_mixin.py:188} INFO - [2025-04-27T14:40:46.677+0000] {dag.py:3036} INFO - Sync 1 DAGs
[2025-04-27T14:40:46.692+0000] {logging_mixin.py:188} INFO - [2025-04-27T14:40:46.692+0000] {dag.py:3823} INFO - Setting next_dagrun for clean_orders_csv_dag to None, run_after=None
[2025-04-27T14:40:46.719+0000] {processor.py:183} INFO - Processing /opt/airflow/dags/transform_orders_dag.py took 0.393 seconds
[2025-04-27T14:41:16.851+0000] {processor.py:161} INFO - Started process (PID=8398) to work on /opt/airflow/dags/transform_orders_dag.py
[2025-04-27T14:41:16.852+0000] {processor.py:830} INFO - Processing file /opt/airflow/dags/transform_orders_dag.py for tasks to queue
[2025-04-27T14:41:16.853+0000] {logging_mixin.py:188} INFO - [2025-04-27T14:41:16.853+0000] {dagbag.py:538} INFO - Filling up the DagBag from /opt/airflow/dags/transform_orders_dag.py
[2025-04-27T14:41:17.101+0000] {processor.py:840} INFO - DAG(s) 'clean_orders_csv_dag' retrieved from /opt/airflow/dags/transform_orders_dag.py
[2025-04-27T14:41:17.132+0000] {logging_mixin.py:188} INFO - [2025-04-27T14:41:17.131+0000] {dag.py:3036} INFO - Sync 1 DAGs
[2025-04-27T14:41:17.147+0000] {logging_mixin.py:188} INFO - [2025-04-27T14:41:17.147+0000] {dag.py:3823} INFO - Setting next_dagrun for clean_orders_csv_dag to None, run_after=None
[2025-04-27T14:41:17.168+0000] {processor.py:183} INFO - Processing /opt/airflow/dags/transform_orders_dag.py took 0.320 seconds
[2025-04-27T14:41:47.316+0000] {processor.py:161} INFO - Started process (PID=8441) to work on /opt/airflow/dags/transform_orders_dag.py
[2025-04-27T14:41:47.317+0000] {processor.py:830} INFO - Processing file /opt/airflow/dags/transform_orders_dag.py for tasks to queue
[2025-04-27T14:41:47.319+0000] {logging_mixin.py:188} INFO - [2025-04-27T14:41:47.319+0000] {dagbag.py:538} INFO - Filling up the DagBag from /opt/airflow/dags/transform_orders_dag.py
[2025-04-27T14:41:47.592+0000] {processor.py:840} INFO - DAG(s) 'clean_orders_csv_dag' retrieved from /opt/airflow/dags/transform_orders_dag.py
[2025-04-27T14:41:47.636+0000] {logging_mixin.py:188} INFO - [2025-04-27T14:41:47.635+0000] {dag.py:3036} INFO - Sync 1 DAGs
[2025-04-27T14:41:47.651+0000] {logging_mixin.py:188} INFO - [2025-04-27T14:41:47.651+0000] {dag.py:3823} INFO - Setting next_dagrun for clean_orders_csv_dag to None, run_after=None
[2025-04-27T14:41:47.675+0000] {processor.py:183} INFO - Processing /opt/airflow/dags/transform_orders_dag.py took 0.361 seconds
[2025-04-27T14:42:18.001+0000] {processor.py:161} INFO - Started process (PID=8484) to work on /opt/airflow/dags/transform_orders_dag.py
[2025-04-27T14:42:18.002+0000] {processor.py:830} INFO - Processing file /opt/airflow/dags/transform_orders_dag.py for tasks to queue
[2025-04-27T14:42:18.002+0000] {logging_mixin.py:188} INFO - [2025-04-27T14:42:18.002+0000] {dagbag.py:538} INFO - Filling up the DagBag from /opt/airflow/dags/transform_orders_dag.py
[2025-04-27T14:42:18.233+0000] {processor.py:840} INFO - DAG(s) 'clean_orders_csv_dag' retrieved from /opt/airflow/dags/transform_orders_dag.py
[2025-04-27T14:42:18.254+0000] {logging_mixin.py:188} INFO - [2025-04-27T14:42:18.254+0000] {dag.py:3036} INFO - Sync 1 DAGs
[2025-04-27T14:42:18.264+0000] {logging_mixin.py:188} INFO - [2025-04-27T14:42:18.264+0000] {dag.py:3823} INFO - Setting next_dagrun for clean_orders_csv_dag to None, run_after=None
[2025-04-27T14:42:18.280+0000] {processor.py:183} INFO - Processing /opt/airflow/dags/transform_orders_dag.py took 0.281 seconds
[2025-04-27T14:42:49.215+0000] {processor.py:161} INFO - Started process (PID=8527) to work on /opt/airflow/dags/transform_orders_dag.py
[2025-04-27T14:42:49.217+0000] {processor.py:830} INFO - Processing file /opt/airflow/dags/transform_orders_dag.py for tasks to queue
[2025-04-27T14:42:49.218+0000] {logging_mixin.py:188} INFO - [2025-04-27T14:42:49.217+0000] {dagbag.py:538} INFO - Filling up the DagBag from /opt/airflow/dags/transform_orders_dag.py
[2025-04-27T14:42:49.469+0000] {processor.py:840} INFO - DAG(s) 'clean_orders_csv_dag' retrieved from /opt/airflow/dags/transform_orders_dag.py
[2025-04-27T14:42:49.501+0000] {logging_mixin.py:188} INFO - [2025-04-27T14:42:49.500+0000] {dag.py:3036} INFO - Sync 1 DAGs
[2025-04-27T14:42:49.518+0000] {logging_mixin.py:188} INFO - [2025-04-27T14:42:49.518+0000] {dag.py:3823} INFO - Setting next_dagrun for clean_orders_csv_dag to None, run_after=None
[2025-04-27T14:42:49.546+0000] {processor.py:183} INFO - Processing /opt/airflow/dags/transform_orders_dag.py took 0.334 seconds
[2025-04-27T14:43:20.552+0000] {processor.py:161} INFO - Started process (PID=8573) to work on /opt/airflow/dags/transform_orders_dag.py
[2025-04-27T14:43:20.553+0000] {processor.py:830} INFO - Processing file /opt/airflow/dags/transform_orders_dag.py for tasks to queue
[2025-04-27T14:43:20.554+0000] {logging_mixin.py:188} INFO - [2025-04-27T14:43:20.554+0000] {dagbag.py:538} INFO - Filling up the DagBag from /opt/airflow/dags/transform_orders_dag.py
[2025-04-27T14:43:20.858+0000] {processor.py:840} INFO - DAG(s) 'clean_orders_csv_dag' retrieved from /opt/airflow/dags/transform_orders_dag.py
[2025-04-27T14:43:20.888+0000] {logging_mixin.py:188} INFO - [2025-04-27T14:43:20.888+0000] {dag.py:3036} INFO - Sync 1 DAGs
[2025-04-27T14:43:20.903+0000] {logging_mixin.py:188} INFO - [2025-04-27T14:43:20.903+0000] {dag.py:3823} INFO - Setting next_dagrun for clean_orders_csv_dag to None, run_after=None
[2025-04-27T14:43:20.926+0000] {processor.py:183} INFO - Processing /opt/airflow/dags/transform_orders_dag.py took 0.377 seconds
[2025-04-27T14:43:51.906+0000] {processor.py:161} INFO - Started process (PID=8616) to work on /opt/airflow/dags/transform_orders_dag.py
[2025-04-27T14:43:51.907+0000] {processor.py:830} INFO - Processing file /opt/airflow/dags/transform_orders_dag.py for tasks to queue
[2025-04-27T14:43:51.908+0000] {logging_mixin.py:188} INFO - [2025-04-27T14:43:51.908+0000] {dagbag.py:538} INFO - Filling up the DagBag from /opt/airflow/dags/transform_orders_dag.py
[2025-04-27T14:43:52.147+0000] {processor.py:840} INFO - DAG(s) 'clean_orders_csv_dag' retrieved from /opt/airflow/dags/transform_orders_dag.py
[2025-04-27T14:43:52.169+0000] {logging_mixin.py:188} INFO - [2025-04-27T14:43:52.168+0000] {dag.py:3036} INFO - Sync 1 DAGs
[2025-04-27T14:43:52.181+0000] {logging_mixin.py:188} INFO - [2025-04-27T14:43:52.181+0000] {dag.py:3823} INFO - Setting next_dagrun for clean_orders_csv_dag to None, run_after=None
[2025-04-27T14:43:52.216+0000] {processor.py:183} INFO - Processing /opt/airflow/dags/transform_orders_dag.py took 0.312 seconds
[2025-04-27T14:44:22.367+0000] {processor.py:161} INFO - Started process (PID=8659) to work on /opt/airflow/dags/transform_orders_dag.py
[2025-04-27T14:44:22.369+0000] {processor.py:830} INFO - Processing file /opt/airflow/dags/transform_orders_dag.py for tasks to queue
[2025-04-27T14:44:22.370+0000] {logging_mixin.py:188} INFO - [2025-04-27T14:44:22.370+0000] {dagbag.py:538} INFO - Filling up the DagBag from /opt/airflow/dags/transform_orders_dag.py
[2025-04-27T14:44:22.821+0000] {processor.py:840} INFO - DAG(s) 'clean_orders_csv_dag' retrieved from /opt/airflow/dags/transform_orders_dag.py
[2025-04-27T14:44:22.854+0000] {logging_mixin.py:188} INFO - [2025-04-27T14:44:22.853+0000] {dag.py:3036} INFO - Sync 1 DAGs
[2025-04-27T14:44:22.874+0000] {logging_mixin.py:188} INFO - [2025-04-27T14:44:22.874+0000] {dag.py:3823} INFO - Setting next_dagrun for clean_orders_csv_dag to None, run_after=None
[2025-04-27T14:44:22.904+0000] {processor.py:183} INFO - Processing /opt/airflow/dags/transform_orders_dag.py took 0.541 seconds
[2025-04-27T14:44:53.609+0000] {processor.py:161} INFO - Started process (PID=8702) to work on /opt/airflow/dags/transform_orders_dag.py
[2025-04-27T14:44:53.610+0000] {processor.py:830} INFO - Processing file /opt/airflow/dags/transform_orders_dag.py for tasks to queue
[2025-04-27T14:44:53.611+0000] {logging_mixin.py:188} INFO - [2025-04-27T14:44:53.611+0000] {dagbag.py:538} INFO - Filling up the DagBag from /opt/airflow/dags/transform_orders_dag.py
[2025-04-27T14:44:53.891+0000] {processor.py:840} INFO - DAG(s) 'clean_orders_csv_dag' retrieved from /opt/airflow/dags/transform_orders_dag.py
[2025-04-27T14:44:53.920+0000] {logging_mixin.py:188} INFO - [2025-04-27T14:44:53.920+0000] {dag.py:3036} INFO - Sync 1 DAGs
[2025-04-27T14:44:53.932+0000] {logging_mixin.py:188} INFO - [2025-04-27T14:44:53.931+0000] {dag.py:3823} INFO - Setting next_dagrun for clean_orders_csv_dag to None, run_after=None
[2025-04-27T14:44:53.953+0000] {processor.py:183} INFO - Processing /opt/airflow/dags/transform_orders_dag.py took 0.347 seconds
[2025-04-27T14:45:24.990+0000] {processor.py:161} INFO - Started process (PID=8745) to work on /opt/airflow/dags/transform_orders_dag.py
[2025-04-27T14:45:24.991+0000] {processor.py:830} INFO - Processing file /opt/airflow/dags/transform_orders_dag.py for tasks to queue
[2025-04-27T14:45:24.994+0000] {logging_mixin.py:188} INFO - [2025-04-27T14:45:24.993+0000] {dagbag.py:538} INFO - Filling up the DagBag from /opt/airflow/dags/transform_orders_dag.py
[2025-04-27T14:45:25.252+0000] {processor.py:840} INFO - DAG(s) 'clean_orders_csv_dag' retrieved from /opt/airflow/dags/transform_orders_dag.py
[2025-04-27T14:45:25.280+0000] {logging_mixin.py:188} INFO - [2025-04-27T14:45:25.279+0000] {dag.py:3036} INFO - Sync 1 DAGs
[2025-04-27T14:45:25.295+0000] {logging_mixin.py:188} INFO - [2025-04-27T14:45:25.294+0000] {dag.py:3823} INFO - Setting next_dagrun for clean_orders_csv_dag to None, run_after=None
[2025-04-27T14:45:25.318+0000] {processor.py:183} INFO - Processing /opt/airflow/dags/transform_orders_dag.py took 0.331 seconds
[2025-04-27T14:45:55.485+0000] {processor.py:161} INFO - Started process (PID=8788) to work on /opt/airflow/dags/transform_orders_dag.py
[2025-04-27T14:45:55.486+0000] {processor.py:830} INFO - Processing file /opt/airflow/dags/transform_orders_dag.py for tasks to queue
[2025-04-27T14:45:55.488+0000] {logging_mixin.py:188} INFO - [2025-04-27T14:45:55.487+0000] {dagbag.py:538} INFO - Filling up the DagBag from /opt/airflow/dags/transform_orders_dag.py
[2025-04-27T14:45:55.772+0000] {processor.py:840} INFO - DAG(s) 'clean_orders_csv_dag' retrieved from /opt/airflow/dags/transform_orders_dag.py
[2025-04-27T14:45:55.795+0000] {logging_mixin.py:188} INFO - [2025-04-27T14:45:55.795+0000] {dag.py:3036} INFO - Sync 1 DAGs
[2025-04-27T14:45:55.806+0000] {logging_mixin.py:188} INFO - [2025-04-27T14:45:55.806+0000] {dag.py:3823} INFO - Setting next_dagrun for clean_orders_csv_dag to None, run_after=None
[2025-04-27T14:45:55.826+0000] {processor.py:183} INFO - Processing /opt/airflow/dags/transform_orders_dag.py took 0.344 seconds
[2025-04-27T14:46:25.897+0000] {processor.py:161} INFO - Started process (PID=8831) to work on /opt/airflow/dags/transform_orders_dag.py
[2025-04-27T14:46:25.898+0000] {processor.py:830} INFO - Processing file /opt/airflow/dags/transform_orders_dag.py for tasks to queue
[2025-04-27T14:46:25.899+0000] {logging_mixin.py:188} INFO - [2025-04-27T14:46:25.899+0000] {dagbag.py:538} INFO - Filling up the DagBag from /opt/airflow/dags/transform_orders_dag.py
[2025-04-27T14:46:26.199+0000] {processor.py:840} INFO - DAG(s) 'clean_orders_csv_dag' retrieved from /opt/airflow/dags/transform_orders_dag.py
[2025-04-27T14:46:26.223+0000] {logging_mixin.py:188} INFO - [2025-04-27T14:46:26.222+0000] {dag.py:3036} INFO - Sync 1 DAGs
[2025-04-27T14:46:26.236+0000] {logging_mixin.py:188} INFO - [2025-04-27T14:46:26.235+0000] {dag.py:3823} INFO - Setting next_dagrun for clean_orders_csv_dag to None, run_after=None
[2025-04-27T14:46:26.261+0000] {processor.py:183} INFO - Processing /opt/airflow/dags/transform_orders_dag.py took 0.366 seconds
[2025-04-27T14:46:57.275+0000] {processor.py:161} INFO - Started process (PID=8874) to work on /opt/airflow/dags/transform_orders_dag.py
[2025-04-27T14:46:57.276+0000] {processor.py:830} INFO - Processing file /opt/airflow/dags/transform_orders_dag.py for tasks to queue
[2025-04-27T14:46:57.277+0000] {logging_mixin.py:188} INFO - [2025-04-27T14:46:57.276+0000] {dagbag.py:538} INFO - Filling up the DagBag from /opt/airflow/dags/transform_orders_dag.py
[2025-04-27T14:46:57.508+0000] {processor.py:840} INFO - DAG(s) 'clean_orders_csv_dag' retrieved from /opt/airflow/dags/transform_orders_dag.py
[2025-04-27T14:46:57.530+0000] {logging_mixin.py:188} INFO - [2025-04-27T14:46:57.530+0000] {dag.py:3036} INFO - Sync 1 DAGs
[2025-04-27T14:46:57.542+0000] {logging_mixin.py:188} INFO - [2025-04-27T14:46:57.542+0000] {dag.py:3823} INFO - Setting next_dagrun for clean_orders_csv_dag to None, run_after=None
[2025-04-27T14:46:57.561+0000] {processor.py:183} INFO - Processing /opt/airflow/dags/transform_orders_dag.py took 0.289 seconds
[2025-04-27T14:47:27.856+0000] {processor.py:161} INFO - Started process (PID=8917) to work on /opt/airflow/dags/transform_orders_dag.py
[2025-04-27T14:47:27.857+0000] {processor.py:830} INFO - Processing file /opt/airflow/dags/transform_orders_dag.py for tasks to queue
[2025-04-27T14:47:27.859+0000] {logging_mixin.py:188} INFO - [2025-04-27T14:47:27.858+0000] {dagbag.py:538} INFO - Filling up the DagBag from /opt/airflow/dags/transform_orders_dag.py
[2025-04-27T14:47:28.127+0000] {processor.py:840} INFO - DAG(s) 'clean_orders_csv_dag' retrieved from /opt/airflow/dags/transform_orders_dag.py
[2025-04-27T14:47:28.150+0000] {logging_mixin.py:188} INFO - [2025-04-27T14:47:28.149+0000] {dag.py:3036} INFO - Sync 1 DAGs
[2025-04-27T14:47:28.164+0000] {logging_mixin.py:188} INFO - [2025-04-27T14:47:28.164+0000] {dag.py:3823} INFO - Setting next_dagrun for clean_orders_csv_dag to None, run_after=None
[2025-04-27T14:47:28.185+0000] {processor.py:183} INFO - Processing /opt/airflow/dags/transform_orders_dag.py took 0.332 seconds
[2025-04-27T14:47:58.318+0000] {processor.py:161} INFO - Started process (PID=8960) to work on /opt/airflow/dags/transform_orders_dag.py
[2025-04-27T14:47:58.319+0000] {processor.py:830} INFO - Processing file /opt/airflow/dags/transform_orders_dag.py for tasks to queue
[2025-04-27T14:47:58.320+0000] {logging_mixin.py:188} INFO - [2025-04-27T14:47:58.319+0000] {dagbag.py:538} INFO - Filling up the DagBag from /opt/airflow/dags/transform_orders_dag.py
[2025-04-27T14:47:58.555+0000] {processor.py:840} INFO - DAG(s) 'clean_orders_csv_dag' retrieved from /opt/airflow/dags/transform_orders_dag.py
[2025-04-27T14:47:58.576+0000] {logging_mixin.py:188} INFO - [2025-04-27T14:47:58.576+0000] {dag.py:3036} INFO - Sync 1 DAGs
[2025-04-27T14:47:58.587+0000] {logging_mixin.py:188} INFO - [2025-04-27T14:47:58.587+0000] {dag.py:3823} INFO - Setting next_dagrun for clean_orders_csv_dag to None, run_after=None
[2025-04-27T14:47:58.613+0000] {processor.py:183} INFO - Processing /opt/airflow/dags/transform_orders_dag.py took 0.298 seconds
[2025-04-27T14:48:28.707+0000] {processor.py:161} INFO - Started process (PID=9003) to work on /opt/airflow/dags/transform_orders_dag.py
[2025-04-27T14:48:28.708+0000] {processor.py:830} INFO - Processing file /opt/airflow/dags/transform_orders_dag.py for tasks to queue
[2025-04-27T14:48:28.709+0000] {logging_mixin.py:188} INFO - [2025-04-27T14:48:28.709+0000] {dagbag.py:538} INFO - Filling up the DagBag from /opt/airflow/dags/transform_orders_dag.py
[2025-04-27T14:48:28.965+0000] {processor.py:840} INFO - DAG(s) 'clean_orders_csv_dag' retrieved from /opt/airflow/dags/transform_orders_dag.py
[2025-04-27T14:48:28.987+0000] {logging_mixin.py:188} INFO - [2025-04-27T14:48:28.987+0000] {dag.py:3036} INFO - Sync 1 DAGs
[2025-04-27T14:48:28.997+0000] {logging_mixin.py:188} INFO - [2025-04-27T14:48:28.997+0000] {dag.py:3823} INFO - Setting next_dagrun for clean_orders_csv_dag to None, run_after=None
[2025-04-27T14:48:29.018+0000] {processor.py:183} INFO - Processing /opt/airflow/dags/transform_orders_dag.py took 0.313 seconds
[2025-04-27T14:48:59.978+0000] {processor.py:161} INFO - Started process (PID=9046) to work on /opt/airflow/dags/transform_orders_dag.py
[2025-04-27T14:48:59.980+0000] {processor.py:830} INFO - Processing file /opt/airflow/dags/transform_orders_dag.py for tasks to queue
[2025-04-27T14:48:59.981+0000] {logging_mixin.py:188} INFO - [2025-04-27T14:48:59.981+0000] {dagbag.py:538} INFO - Filling up the DagBag from /opt/airflow/dags/transform_orders_dag.py
[2025-04-27T14:49:00.342+0000] {processor.py:840} INFO - DAG(s) 'clean_orders_csv_dag' retrieved from /opt/airflow/dags/transform_orders_dag.py
[2025-04-27T14:49:00.378+0000] {logging_mixin.py:188} INFO - [2025-04-27T14:49:00.377+0000] {dag.py:3036} INFO - Sync 1 DAGs
[2025-04-27T14:49:00.395+0000] {logging_mixin.py:188} INFO - [2025-04-27T14:49:00.395+0000] {dag.py:3823} INFO - Setting next_dagrun for clean_orders_csv_dag to None, run_after=None
[2025-04-27T14:49:00.428+0000] {processor.py:183} INFO - Processing /opt/airflow/dags/transform_orders_dag.py took 0.453 seconds
[2025-04-27T14:49:30.590+0000] {processor.py:161} INFO - Started process (PID=9089) to work on /opt/airflow/dags/transform_orders_dag.py
[2025-04-27T14:49:30.592+0000] {processor.py:830} INFO - Processing file /opt/airflow/dags/transform_orders_dag.py for tasks to queue
[2025-04-27T14:49:30.593+0000] {logging_mixin.py:188} INFO - [2025-04-27T14:49:30.592+0000] {dagbag.py:538} INFO - Filling up the DagBag from /opt/airflow/dags/transform_orders_dag.py
[2025-04-27T14:49:30.866+0000] {processor.py:840} INFO - DAG(s) 'clean_orders_csv_dag' retrieved from /opt/airflow/dags/transform_orders_dag.py
[2025-04-27T14:49:30.887+0000] {logging_mixin.py:188} INFO - [2025-04-27T14:49:30.887+0000] {dag.py:3036} INFO - Sync 1 DAGs
[2025-04-27T14:49:30.897+0000] {logging_mixin.py:188} INFO - [2025-04-27T14:49:30.897+0000] {dag.py:3823} INFO - Setting next_dagrun for clean_orders_csv_dag to None, run_after=None
[2025-04-27T14:49:30.918+0000] {processor.py:183} INFO - Processing /opt/airflow/dags/transform_orders_dag.py took 0.331 seconds
[2025-04-27T14:50:01.954+0000] {processor.py:161} INFO - Started process (PID=9132) to work on /opt/airflow/dags/transform_orders_dag.py
[2025-04-27T14:50:01.955+0000] {processor.py:830} INFO - Processing file /opt/airflow/dags/transform_orders_dag.py for tasks to queue
[2025-04-27T14:50:01.956+0000] {logging_mixin.py:188} INFO - [2025-04-27T14:50:01.955+0000] {dagbag.py:538} INFO - Filling up the DagBag from /opt/airflow/dags/transform_orders_dag.py
[2025-04-27T14:50:02.179+0000] {processor.py:840} INFO - DAG(s) 'clean_orders_csv_dag' retrieved from /opt/airflow/dags/transform_orders_dag.py
[2025-04-27T14:50:02.209+0000] {logging_mixin.py:188} INFO - [2025-04-27T14:50:02.209+0000] {dag.py:3036} INFO - Sync 1 DAGs
[2025-04-27T14:50:02.222+0000] {logging_mixin.py:188} INFO - [2025-04-27T14:50:02.222+0000] {dag.py:3823} INFO - Setting next_dagrun for clean_orders_csv_dag to None, run_after=None
[2025-04-27T14:50:02.244+0000] {processor.py:183} INFO - Processing /opt/airflow/dags/transform_orders_dag.py took 0.292 seconds
[2025-04-27T14:50:33.278+0000] {processor.py:161} INFO - Started process (PID=9175) to work on /opt/airflow/dags/transform_orders_dag.py
[2025-04-27T14:50:33.279+0000] {processor.py:830} INFO - Processing file /opt/airflow/dags/transform_orders_dag.py for tasks to queue
[2025-04-27T14:50:33.279+0000] {logging_mixin.py:188} INFO - [2025-04-27T14:50:33.279+0000] {dagbag.py:538} INFO - Filling up the DagBag from /opt/airflow/dags/transform_orders_dag.py
[2025-04-27T14:50:33.551+0000] {processor.py:840} INFO - DAG(s) 'clean_orders_csv_dag' retrieved from /opt/airflow/dags/transform_orders_dag.py
[2025-04-27T14:50:33.575+0000] {logging_mixin.py:188} INFO - [2025-04-27T14:50:33.575+0000] {dag.py:3036} INFO - Sync 1 DAGs
[2025-04-27T14:50:33.586+0000] {logging_mixin.py:188} INFO - [2025-04-27T14:50:33.586+0000] {dag.py:3823} INFO - Setting next_dagrun for clean_orders_csv_dag to None, run_after=None
[2025-04-27T14:50:33.610+0000] {processor.py:183} INFO - Processing /opt/airflow/dags/transform_orders_dag.py took 0.335 seconds
[2025-04-27T14:51:03.734+0000] {processor.py:161} INFO - Started process (PID=9218) to work on /opt/airflow/dags/transform_orders_dag.py
[2025-04-27T14:51:03.736+0000] {processor.py:830} INFO - Processing file /opt/airflow/dags/transform_orders_dag.py for tasks to queue
[2025-04-27T14:51:03.738+0000] {logging_mixin.py:188} INFO - [2025-04-27T14:51:03.737+0000] {dagbag.py:538} INFO - Filling up the DagBag from /opt/airflow/dags/transform_orders_dag.py
[2025-04-27T14:51:04.066+0000] {processor.py:840} INFO - DAG(s) 'clean_orders_csv_dag' retrieved from /opt/airflow/dags/transform_orders_dag.py
[2025-04-27T14:51:04.098+0000] {logging_mixin.py:188} INFO - [2025-04-27T14:51:04.098+0000] {dag.py:3036} INFO - Sync 1 DAGs
[2025-04-27T14:51:04.113+0000] {logging_mixin.py:188} INFO - [2025-04-27T14:51:04.113+0000] {dag.py:3823} INFO - Setting next_dagrun for clean_orders_csv_dag to None, run_after=None
[2025-04-27T14:51:04.137+0000] {processor.py:183} INFO - Processing /opt/airflow/dags/transform_orders_dag.py took 0.407 seconds
[2025-04-27T14:51:34.388+0000] {processor.py:161} INFO - Started process (PID=9261) to work on /opt/airflow/dags/transform_orders_dag.py
[2025-04-27T14:51:34.390+0000] {processor.py:830} INFO - Processing file /opt/airflow/dags/transform_orders_dag.py for tasks to queue
[2025-04-27T14:51:34.391+0000] {logging_mixin.py:188} INFO - [2025-04-27T14:51:34.391+0000] {dagbag.py:538} INFO - Filling up the DagBag from /opt/airflow/dags/transform_orders_dag.py
[2025-04-27T14:51:34.682+0000] {processor.py:840} INFO - DAG(s) 'clean_orders_csv_dag' retrieved from /opt/airflow/dags/transform_orders_dag.py
[2025-04-27T14:51:34.716+0000] {logging_mixin.py:188} INFO - [2025-04-27T14:51:34.715+0000] {dag.py:3036} INFO - Sync 1 DAGs
[2025-04-27T14:51:34.731+0000] {logging_mixin.py:188} INFO - [2025-04-27T14:51:34.730+0000] {dag.py:3823} INFO - Setting next_dagrun for clean_orders_csv_dag to None, run_after=None
[2025-04-27T14:51:34.757+0000] {processor.py:183} INFO - Processing /opt/airflow/dags/transform_orders_dag.py took 0.372 seconds
[2025-04-27T14:52:05.768+0000] {processor.py:161} INFO - Started process (PID=9304) to work on /opt/airflow/dags/transform_orders_dag.py
[2025-04-27T14:52:05.769+0000] {processor.py:830} INFO - Processing file /opt/airflow/dags/transform_orders_dag.py for tasks to queue
[2025-04-27T14:52:05.769+0000] {logging_mixin.py:188} INFO - [2025-04-27T14:52:05.769+0000] {dagbag.py:538} INFO - Filling up the DagBag from /opt/airflow/dags/transform_orders_dag.py
[2025-04-27T14:52:06.119+0000] {processor.py:840} INFO - DAG(s) 'clean_orders_csv_dag' retrieved from /opt/airflow/dags/transform_orders_dag.py
[2025-04-27T14:52:06.153+0000] {logging_mixin.py:188} INFO - [2025-04-27T14:52:06.152+0000] {dag.py:3036} INFO - Sync 1 DAGs
[2025-04-27T14:52:06.173+0000] {logging_mixin.py:188} INFO - [2025-04-27T14:52:06.173+0000] {dag.py:3823} INFO - Setting next_dagrun for clean_orders_csv_dag to None, run_after=None
[2025-04-27T14:52:06.206+0000] {processor.py:183} INFO - Processing /opt/airflow/dags/transform_orders_dag.py took 0.442 seconds
[2025-04-27T14:52:36.591+0000] {processor.py:161} INFO - Started process (PID=9347) to work on /opt/airflow/dags/transform_orders_dag.py
[2025-04-27T14:52:36.592+0000] {processor.py:830} INFO - Processing file /opt/airflow/dags/transform_orders_dag.py for tasks to queue
[2025-04-27T14:52:36.594+0000] {logging_mixin.py:188} INFO - [2025-04-27T14:52:36.593+0000] {dagbag.py:538} INFO - Filling up the DagBag from /opt/airflow/dags/transform_orders_dag.py
[2025-04-27T14:52:36.863+0000] {processor.py:840} INFO - DAG(s) 'clean_orders_csv_dag' retrieved from /opt/airflow/dags/transform_orders_dag.py
[2025-04-27T14:52:36.885+0000] {logging_mixin.py:188} INFO - [2025-04-27T14:52:36.885+0000] {dag.py:3036} INFO - Sync 1 DAGs
[2025-04-27T14:52:36.898+0000] {logging_mixin.py:188} INFO - [2025-04-27T14:52:36.898+0000] {dag.py:3823} INFO - Setting next_dagrun for clean_orders_csv_dag to None, run_after=None
[2025-04-27T14:52:36.920+0000] {processor.py:183} INFO - Processing /opt/airflow/dags/transform_orders_dag.py took 0.331 seconds
[2025-04-27T14:53:07.989+0000] {processor.py:161} INFO - Started process (PID=9390) to work on /opt/airflow/dags/transform_orders_dag.py
[2025-04-27T14:53:07.989+0000] {processor.py:830} INFO - Processing file /opt/airflow/dags/transform_orders_dag.py for tasks to queue
[2025-04-27T14:53:07.990+0000] {logging_mixin.py:188} INFO - [2025-04-27T14:53:07.990+0000] {dagbag.py:538} INFO - Filling up the DagBag from /opt/airflow/dags/transform_orders_dag.py
[2025-04-27T14:53:08.224+0000] {processor.py:840} INFO - DAG(s) 'clean_orders_csv_dag' retrieved from /opt/airflow/dags/transform_orders_dag.py
[2025-04-27T14:53:08.248+0000] {logging_mixin.py:188} INFO - [2025-04-27T14:53:08.247+0000] {dag.py:3036} INFO - Sync 1 DAGs
[2025-04-27T14:53:08.261+0000] {logging_mixin.py:188} INFO - [2025-04-27T14:53:08.261+0000] {dag.py:3823} INFO - Setting next_dagrun for clean_orders_csv_dag to None, run_after=None
[2025-04-27T14:53:08.288+0000] {processor.py:183} INFO - Processing /opt/airflow/dags/transform_orders_dag.py took 0.302 seconds
[2025-04-27T14:53:38.445+0000] {processor.py:161} INFO - Started process (PID=9433) to work on /opt/airflow/dags/transform_orders_dag.py
[2025-04-27T14:53:38.446+0000] {processor.py:830} INFO - Processing file /opt/airflow/dags/transform_orders_dag.py for tasks to queue
[2025-04-27T14:53:38.447+0000] {logging_mixin.py:188} INFO - [2025-04-27T14:53:38.446+0000] {dagbag.py:538} INFO - Filling up the DagBag from /opt/airflow/dags/transform_orders_dag.py
[2025-04-27T14:53:38.741+0000] {processor.py:840} INFO - DAG(s) 'clean_orders_csv_dag' retrieved from /opt/airflow/dags/transform_orders_dag.py
[2025-04-27T14:53:38.765+0000] {logging_mixin.py:188} INFO - [2025-04-27T14:53:38.765+0000] {dag.py:3036} INFO - Sync 1 DAGs
[2025-04-27T14:53:38.777+0000] {logging_mixin.py:188} INFO - [2025-04-27T14:53:38.777+0000] {dag.py:3823} INFO - Setting next_dagrun for clean_orders_csv_dag to None, run_after=None
[2025-04-27T14:53:38.798+0000] {processor.py:183} INFO - Processing /opt/airflow/dags/transform_orders_dag.py took 0.355 seconds
[2025-04-27T14:54:08.875+0000] {processor.py:161} INFO - Started process (PID=9473) to work on /opt/airflow/dags/transform_orders_dag.py
[2025-04-27T14:54:08.877+0000] {processor.py:830} INFO - Processing file /opt/airflow/dags/transform_orders_dag.py for tasks to queue
[2025-04-27T14:54:08.878+0000] {logging_mixin.py:188} INFO - [2025-04-27T14:54:08.878+0000] {dagbag.py:538} INFO - Filling up the DagBag from /opt/airflow/dags/transform_orders_dag.py
[2025-04-27T14:54:09.095+0000] {processor.py:840} INFO - DAG(s) 'clean_orders_csv_dag' retrieved from /opt/airflow/dags/transform_orders_dag.py
[2025-04-27T14:54:09.112+0000] {logging_mixin.py:188} INFO - [2025-04-27T14:54:09.112+0000] {dag.py:3036} INFO - Sync 1 DAGs
[2025-04-27T14:54:09.121+0000] {logging_mixin.py:188} INFO - [2025-04-27T14:54:09.120+0000] {dag.py:3823} INFO - Setting next_dagrun for clean_orders_csv_dag to None, run_after=None
[2025-04-27T14:54:09.137+0000] {processor.py:183} INFO - Processing /opt/airflow/dags/transform_orders_dag.py took 0.266 seconds
[2025-04-27T14:54:39.231+0000] {processor.py:161} INFO - Started process (PID=9516) to work on /opt/airflow/dags/transform_orders_dag.py
[2025-04-27T14:54:39.232+0000] {processor.py:830} INFO - Processing file /opt/airflow/dags/transform_orders_dag.py for tasks to queue
[2025-04-27T14:54:39.233+0000] {logging_mixin.py:188} INFO - [2025-04-27T14:54:39.233+0000] {dagbag.py:538} INFO - Filling up the DagBag from /opt/airflow/dags/transform_orders_dag.py
[2025-04-27T14:54:39.502+0000] {processor.py:840} INFO - DAG(s) 'clean_orders_csv_dag' retrieved from /opt/airflow/dags/transform_orders_dag.py
[2025-04-27T14:54:39.520+0000] {logging_mixin.py:188} INFO - [2025-04-27T14:54:39.520+0000] {dag.py:3036} INFO - Sync 1 DAGs
[2025-04-27T14:54:39.530+0000] {logging_mixin.py:188} INFO - [2025-04-27T14:54:39.530+0000] {dag.py:3823} INFO - Setting next_dagrun for clean_orders_csv_dag to None, run_after=None
[2025-04-27T14:54:39.546+0000] {processor.py:183} INFO - Processing /opt/airflow/dags/transform_orders_dag.py took 0.318 seconds
[2025-04-27T14:55:09.602+0000] {processor.py:161} INFO - Started process (PID=9559) to work on /opt/airflow/dags/transform_orders_dag.py
[2025-04-27T14:55:09.603+0000] {processor.py:830} INFO - Processing file /opt/airflow/dags/transform_orders_dag.py for tasks to queue
[2025-04-27T14:55:09.604+0000] {logging_mixin.py:188} INFO - [2025-04-27T14:55:09.604+0000] {dagbag.py:538} INFO - Filling up the DagBag from /opt/airflow/dags/transform_orders_dag.py
[2025-04-27T14:55:09.814+0000] {processor.py:840} INFO - DAG(s) 'clean_orders_csv_dag' retrieved from /opt/airflow/dags/transform_orders_dag.py
[2025-04-27T14:55:09.836+0000] {logging_mixin.py:188} INFO - [2025-04-27T14:55:09.835+0000] {dag.py:3036} INFO - Sync 1 DAGs
[2025-04-27T14:55:09.846+0000] {logging_mixin.py:188} INFO - [2025-04-27T14:55:09.846+0000] {dag.py:3823} INFO - Setting next_dagrun for clean_orders_csv_dag to None, run_after=None
[2025-04-27T14:55:09.865+0000] {processor.py:183} INFO - Processing /opt/airflow/dags/transform_orders_dag.py took 0.265 seconds
[2025-04-27T14:55:40.931+0000] {processor.py:161} INFO - Started process (PID=9602) to work on /opt/airflow/dags/transform_orders_dag.py
[2025-04-27T14:55:40.932+0000] {processor.py:830} INFO - Processing file /opt/airflow/dags/transform_orders_dag.py for tasks to queue
[2025-04-27T14:55:40.933+0000] {logging_mixin.py:188} INFO - [2025-04-27T14:55:40.933+0000] {dagbag.py:538} INFO - Filling up the DagBag from /opt/airflow/dags/transform_orders_dag.py
[2025-04-27T14:55:41.157+0000] {processor.py:840} INFO - DAG(s) 'clean_orders_csv_dag' retrieved from /opt/airflow/dags/transform_orders_dag.py
[2025-04-27T14:55:41.177+0000] {logging_mixin.py:188} INFO - [2025-04-27T14:55:41.177+0000] {dag.py:3036} INFO - Sync 1 DAGs
[2025-04-27T14:55:41.189+0000] {logging_mixin.py:188} INFO - [2025-04-27T14:55:41.189+0000] {dag.py:3823} INFO - Setting next_dagrun for clean_orders_csv_dag to None, run_after=None
[2025-04-27T14:55:41.207+0000] {processor.py:183} INFO - Processing /opt/airflow/dags/transform_orders_dag.py took 0.279 seconds
[2025-04-27T14:56:11.326+0000] {processor.py:161} INFO - Started process (PID=9645) to work on /opt/airflow/dags/transform_orders_dag.py
[2025-04-27T14:56:11.327+0000] {processor.py:830} INFO - Processing file /opt/airflow/dags/transform_orders_dag.py for tasks to queue
[2025-04-27T14:56:11.328+0000] {logging_mixin.py:188} INFO - [2025-04-27T14:56:11.328+0000] {dagbag.py:538} INFO - Filling up the DagBag from /opt/airflow/dags/transform_orders_dag.py
[2025-04-27T14:56:11.552+0000] {processor.py:840} INFO - DAG(s) 'clean_orders_csv_dag' retrieved from /opt/airflow/dags/transform_orders_dag.py
[2025-04-27T14:56:11.577+0000] {logging_mixin.py:188} INFO - [2025-04-27T14:56:11.577+0000] {dag.py:3036} INFO - Sync 1 DAGs
[2025-04-27T14:56:11.597+0000] {logging_mixin.py:188} INFO - [2025-04-27T14:56:11.596+0000] {dag.py:3823} INFO - Setting next_dagrun for clean_orders_csv_dag to None, run_after=None
[2025-04-27T14:56:11.616+0000] {processor.py:183} INFO - Processing /opt/airflow/dags/transform_orders_dag.py took 0.292 seconds
[2025-04-27T14:56:41.841+0000] {processor.py:161} INFO - Started process (PID=9688) to work on /opt/airflow/dags/transform_orders_dag.py
[2025-04-27T14:56:41.842+0000] {processor.py:830} INFO - Processing file /opt/airflow/dags/transform_orders_dag.py for tasks to queue
[2025-04-27T14:56:41.843+0000] {logging_mixin.py:188} INFO - [2025-04-27T14:56:41.843+0000] {dagbag.py:538} INFO - Filling up the DagBag from /opt/airflow/dags/transform_orders_dag.py
[2025-04-27T14:56:42.078+0000] {processor.py:840} INFO - DAG(s) 'clean_orders_csv_dag' retrieved from /opt/airflow/dags/transform_orders_dag.py
[2025-04-27T14:56:42.098+0000] {logging_mixin.py:188} INFO - [2025-04-27T14:56:42.098+0000] {dag.py:3036} INFO - Sync 1 DAGs
[2025-04-27T14:56:42.108+0000] {logging_mixin.py:188} INFO - [2025-04-27T14:56:42.108+0000] {dag.py:3823} INFO - Setting next_dagrun for clean_orders_csv_dag to None, run_after=None
[2025-04-27T14:56:42.126+0000] {processor.py:183} INFO - Processing /opt/airflow/dags/transform_orders_dag.py took 0.288 seconds
[2025-04-27T14:57:12.274+0000] {processor.py:161} INFO - Started process (PID=9731) to work on /opt/airflow/dags/transform_orders_dag.py
[2025-04-27T14:57:12.275+0000] {processor.py:830} INFO - Processing file /opt/airflow/dags/transform_orders_dag.py for tasks to queue
[2025-04-27T14:57:12.277+0000] {logging_mixin.py:188} INFO - [2025-04-27T14:57:12.276+0000] {dagbag.py:538} INFO - Filling up the DagBag from /opt/airflow/dags/transform_orders_dag.py
[2025-04-27T14:57:12.580+0000] {processor.py:840} INFO - DAG(s) 'clean_orders_csv_dag' retrieved from /opt/airflow/dags/transform_orders_dag.py
[2025-04-27T14:57:12.612+0000] {logging_mixin.py:188} INFO - [2025-04-27T14:57:12.611+0000] {dag.py:3036} INFO - Sync 1 DAGs
[2025-04-27T14:57:12.626+0000] {logging_mixin.py:188} INFO - [2025-04-27T14:57:12.626+0000] {dag.py:3823} INFO - Setting next_dagrun for clean_orders_csv_dag to None, run_after=None
[2025-04-27T14:57:12.663+0000] {processor.py:183} INFO - Processing /opt/airflow/dags/transform_orders_dag.py took 0.391 seconds
[2025-04-27T14:57:43.053+0000] {processor.py:161} INFO - Started process (PID=9774) to work on /opt/airflow/dags/transform_orders_dag.py
[2025-04-27T14:57:43.054+0000] {processor.py:830} INFO - Processing file /opt/airflow/dags/transform_orders_dag.py for tasks to queue
[2025-04-27T14:57:43.055+0000] {logging_mixin.py:188} INFO - [2025-04-27T14:57:43.054+0000] {dagbag.py:538} INFO - Filling up the DagBag from /opt/airflow/dags/transform_orders_dag.py
[2025-04-27T14:57:43.304+0000] {processor.py:840} INFO - DAG(s) 'clean_orders_csv_dag' retrieved from /opt/airflow/dags/transform_orders_dag.py
[2025-04-27T14:57:43.324+0000] {logging_mixin.py:188} INFO - [2025-04-27T14:57:43.324+0000] {dag.py:3036} INFO - Sync 1 DAGs
[2025-04-27T14:57:43.338+0000] {logging_mixin.py:188} INFO - [2025-04-27T14:57:43.338+0000] {dag.py:3823} INFO - Setting next_dagrun for clean_orders_csv_dag to None, run_after=None
[2025-04-27T14:57:43.357+0000] {processor.py:183} INFO - Processing /opt/airflow/dags/transform_orders_dag.py took 0.307 seconds
[2025-04-27T14:58:13.509+0000] {processor.py:161} INFO - Started process (PID=9817) to work on /opt/airflow/dags/transform_orders_dag.py
[2025-04-27T14:58:13.510+0000] {processor.py:830} INFO - Processing file /opt/airflow/dags/transform_orders_dag.py for tasks to queue
[2025-04-27T14:58:13.511+0000] {logging_mixin.py:188} INFO - [2025-04-27T14:58:13.511+0000] {dagbag.py:538} INFO - Filling up the DagBag from /opt/airflow/dags/transform_orders_dag.py
[2025-04-27T14:58:13.737+0000] {processor.py:840} INFO - DAG(s) 'clean_orders_csv_dag' retrieved from /opt/airflow/dags/transform_orders_dag.py
[2025-04-27T14:58:13.757+0000] {logging_mixin.py:188} INFO - [2025-04-27T14:58:13.756+0000] {dag.py:3036} INFO - Sync 1 DAGs
[2025-04-27T14:58:13.768+0000] {logging_mixin.py:188} INFO - [2025-04-27T14:58:13.767+0000] {dag.py:3823} INFO - Setting next_dagrun for clean_orders_csv_dag to None, run_after=None
[2025-04-27T14:58:13.784+0000] {processor.py:183} INFO - Processing /opt/airflow/dags/transform_orders_dag.py took 0.279 seconds
[2025-04-27T14:58:44.818+0000] {processor.py:161} INFO - Started process (PID=9860) to work on /opt/airflow/dags/transform_orders_dag.py
[2025-04-27T14:58:44.819+0000] {processor.py:830} INFO - Processing file /opt/airflow/dags/transform_orders_dag.py for tasks to queue
[2025-04-27T14:58:44.820+0000] {logging_mixin.py:188} INFO - [2025-04-27T14:58:44.820+0000] {dagbag.py:538} INFO - Filling up the DagBag from /opt/airflow/dags/transform_orders_dag.py
[2025-04-27T14:58:45.053+0000] {processor.py:840} INFO - DAG(s) 'clean_orders_csv_dag' retrieved from /opt/airflow/dags/transform_orders_dag.py
[2025-04-27T14:58:45.075+0000] {logging_mixin.py:188} INFO - [2025-04-27T14:58:45.075+0000] {dag.py:3036} INFO - Sync 1 DAGs
[2025-04-27T14:58:45.087+0000] {logging_mixin.py:188} INFO - [2025-04-27T14:58:45.087+0000] {dag.py:3823} INFO - Setting next_dagrun for clean_orders_csv_dag to None, run_after=None
[2025-04-27T14:58:45.106+0000] {processor.py:183} INFO - Processing /opt/airflow/dags/transform_orders_dag.py took 0.291 seconds
[2025-04-27T14:59:15.365+0000] {processor.py:161} INFO - Started process (PID=9911) to work on /opt/airflow/dags/transform_orders_dag.py
[2025-04-27T14:59:15.367+0000] {processor.py:830} INFO - Processing file /opt/airflow/dags/transform_orders_dag.py for tasks to queue
[2025-04-27T14:59:15.368+0000] {logging_mixin.py:188} INFO - [2025-04-27T14:59:15.368+0000] {dagbag.py:538} INFO - Filling up the DagBag from /opt/airflow/dags/transform_orders_dag.py
[2025-04-27T14:59:15.591+0000] {processor.py:840} INFO - DAG(s) 'clean_orders_csv_dag' retrieved from /opt/airflow/dags/transform_orders_dag.py
[2025-04-27T14:59:15.609+0000] {logging_mixin.py:188} INFO - [2025-04-27T14:59:15.609+0000] {dag.py:3036} INFO - Sync 1 DAGs
[2025-04-27T14:59:15.618+0000] {logging_mixin.py:188} INFO - [2025-04-27T14:59:15.618+0000] {dag.py:3823} INFO - Setting next_dagrun for clean_orders_csv_dag to None, run_after=None
[2025-04-27T14:59:15.642+0000] {processor.py:183} INFO - Processing /opt/airflow/dags/transform_orders_dag.py took 0.280 seconds
[2025-04-27T14:59:45.907+0000] {processor.py:161} INFO - Started process (PID=9954) to work on /opt/airflow/dags/transform_orders_dag.py
[2025-04-27T14:59:45.908+0000] {processor.py:830} INFO - Processing file /opt/airflow/dags/transform_orders_dag.py for tasks to queue
[2025-04-27T14:59:45.909+0000] {logging_mixin.py:188} INFO - [2025-04-27T14:59:45.909+0000] {dagbag.py:538} INFO - Filling up the DagBag from /opt/airflow/dags/transform_orders_dag.py
[2025-04-27T14:59:46.125+0000] {processor.py:840} INFO - DAG(s) 'clean_orders_csv_dag' retrieved from /opt/airflow/dags/transform_orders_dag.py
[2025-04-27T14:59:46.142+0000] {logging_mixin.py:188} INFO - [2025-04-27T14:59:46.142+0000] {dag.py:3036} INFO - Sync 1 DAGs
[2025-04-27T14:59:46.152+0000] {logging_mixin.py:188} INFO - [2025-04-27T14:59:46.152+0000] {dag.py:3823} INFO - Setting next_dagrun for clean_orders_csv_dag to None, run_after=None
[2025-04-27T14:59:46.171+0000] {processor.py:183} INFO - Processing /opt/airflow/dags/transform_orders_dag.py took 0.267 seconds
[2025-04-27T15:00:16.532+0000] {processor.py:161} INFO - Started process (PID=9997) to work on /opt/airflow/dags/transform_orders_dag.py
[2025-04-27T15:00:16.533+0000] {processor.py:830} INFO - Processing file /opt/airflow/dags/transform_orders_dag.py for tasks to queue
[2025-04-27T15:00:16.534+0000] {logging_mixin.py:188} INFO - [2025-04-27T15:00:16.533+0000] {dagbag.py:538} INFO - Filling up the DagBag from /opt/airflow/dags/transform_orders_dag.py
[2025-04-27T15:00:16.812+0000] {processor.py:840} INFO - DAG(s) 'clean_orders_csv_dag' retrieved from /opt/airflow/dags/transform_orders_dag.py
[2025-04-27T15:00:16.840+0000] {logging_mixin.py:188} INFO - [2025-04-27T15:00:16.839+0000] {dag.py:3036} INFO - Sync 1 DAGs
[2025-04-27T15:00:16.857+0000] {logging_mixin.py:188} INFO - [2025-04-27T15:00:16.857+0000] {dag.py:3823} INFO - Setting next_dagrun for clean_orders_csv_dag to None, run_after=None
[2025-04-27T15:00:16.881+0000] {processor.py:183} INFO - Processing /opt/airflow/dags/transform_orders_dag.py took 0.352 seconds
[2025-04-27T15:00:47.109+0000] {processor.py:161} INFO - Started process (PID=10040) to work on /opt/airflow/dags/transform_orders_dag.py
[2025-04-27T15:00:47.110+0000] {processor.py:830} INFO - Processing file /opt/airflow/dags/transform_orders_dag.py for tasks to queue
[2025-04-27T15:00:47.112+0000] {logging_mixin.py:188} INFO - [2025-04-27T15:00:47.112+0000] {dagbag.py:538} INFO - Filling up the DagBag from /opt/airflow/dags/transform_orders_dag.py
[2025-04-27T15:00:47.653+0000] {processor.py:840} INFO - DAG(s) 'clean_orders_csv_dag' retrieved from /opt/airflow/dags/transform_orders_dag.py
[2025-04-27T15:00:47.692+0000] {logging_mixin.py:188} INFO - [2025-04-27T15:00:47.691+0000] {dag.py:3036} INFO - Sync 1 DAGs
[2025-04-27T15:00:47.730+0000] {logging_mixin.py:188} INFO - [2025-04-27T15:00:47.729+0000] {dag.py:3823} INFO - Setting next_dagrun for clean_orders_csv_dag to None, run_after=None
[2025-04-27T15:00:47.835+0000] {processor.py:183} INFO - Processing /opt/airflow/dags/transform_orders_dag.py took 0.729 seconds
[2025-04-27T15:01:18.807+0000] {processor.py:161} INFO - Started process (PID=10088) to work on /opt/airflow/dags/transform_orders_dag.py
[2025-04-27T15:01:18.808+0000] {processor.py:830} INFO - Processing file /opt/airflow/dags/transform_orders_dag.py for tasks to queue
[2025-04-27T15:01:18.809+0000] {logging_mixin.py:188} INFO - [2025-04-27T15:01:18.809+0000] {dagbag.py:538} INFO - Filling up the DagBag from /opt/airflow/dags/transform_orders_dag.py
[2025-04-27T15:01:19.125+0000] {processor.py:840} INFO - DAG(s) 'clean_orders_csv_dag' retrieved from /opt/airflow/dags/transform_orders_dag.py
[2025-04-27T15:01:19.150+0000] {logging_mixin.py:188} INFO - [2025-04-27T15:01:19.149+0000] {dag.py:3036} INFO - Sync 1 DAGs
[2025-04-27T15:01:19.162+0000] {logging_mixin.py:188} INFO - [2025-04-27T15:01:19.162+0000] {dag.py:3823} INFO - Setting next_dagrun for clean_orders_csv_dag to None, run_after=None
[2025-04-27T15:01:19.240+0000] {processor.py:183} INFO - Processing /opt/airflow/dags/transform_orders_dag.py took 0.435 seconds
[2025-04-27T15:01:49.364+0000] {processor.py:161} INFO - Started process (PID=10131) to work on /opt/airflow/dags/transform_orders_dag.py
[2025-04-27T15:01:49.365+0000] {processor.py:830} INFO - Processing file /opt/airflow/dags/transform_orders_dag.py for tasks to queue
[2025-04-27T15:01:49.366+0000] {logging_mixin.py:188} INFO - [2025-04-27T15:01:49.365+0000] {dagbag.py:538} INFO - Filling up the DagBag from /opt/airflow/dags/transform_orders_dag.py
[2025-04-27T15:01:49.638+0000] {processor.py:840} INFO - DAG(s) 'clean_orders_csv_dag' retrieved from /opt/airflow/dags/transform_orders_dag.py
[2025-04-27T15:01:49.664+0000] {logging_mixin.py:188} INFO - [2025-04-27T15:01:49.664+0000] {dag.py:3036} INFO - Sync 1 DAGs
[2025-04-27T15:01:49.677+0000] {logging_mixin.py:188} INFO - [2025-04-27T15:01:49.676+0000] {dag.py:3823} INFO - Setting next_dagrun for clean_orders_csv_dag to None, run_after=None
[2025-04-27T15:01:49.701+0000] {processor.py:183} INFO - Processing /opt/airflow/dags/transform_orders_dag.py took 0.340 seconds
[2025-04-27T15:02:20.202+0000] {processor.py:161} INFO - Started process (PID=10174) to work on /opt/airflow/dags/transform_orders_dag.py
[2025-04-27T15:02:20.203+0000] {processor.py:830} INFO - Processing file /opt/airflow/dags/transform_orders_dag.py for tasks to queue
[2025-04-27T15:02:20.204+0000] {logging_mixin.py:188} INFO - [2025-04-27T15:02:20.204+0000] {dagbag.py:538} INFO - Filling up the DagBag from /opt/airflow/dags/transform_orders_dag.py
[2025-04-27T15:02:20.717+0000] {processor.py:840} INFO - DAG(s) 'clean_orders_csv_dag' retrieved from /opt/airflow/dags/transform_orders_dag.py
[2025-04-27T15:02:20.891+0000] {logging_mixin.py:188} INFO - [2025-04-27T15:02:20.890+0000] {dag.py:3036} INFO - Sync 1 DAGs
[2025-04-27T15:02:20.964+0000] {logging_mixin.py:188} INFO - [2025-04-27T15:02:20.963+0000] {dag.py:3823} INFO - Setting next_dagrun for clean_orders_csv_dag to None, run_after=None
[2025-04-27T15:02:22.127+0000] {processor.py:183} INFO - Processing /opt/airflow/dags/transform_orders_dag.py took 1.932 seconds
[2025-04-27T15:02:53.106+0000] {processor.py:161} INFO - Started process (PID=10223) to work on /opt/airflow/dags/transform_orders_dag.py
[2025-04-27T15:02:53.107+0000] {processor.py:830} INFO - Processing file /opt/airflow/dags/transform_orders_dag.py for tasks to queue
[2025-04-27T15:02:53.109+0000] {logging_mixin.py:188} INFO - [2025-04-27T15:02:53.109+0000] {dagbag.py:538} INFO - Filling up the DagBag from /opt/airflow/dags/transform_orders_dag.py
[2025-04-27T15:02:53.415+0000] {processor.py:840} INFO - DAG(s) 'clean_orders_csv_dag' retrieved from /opt/airflow/dags/transform_orders_dag.py
[2025-04-27T15:02:53.442+0000] {logging_mixin.py:188} INFO - [2025-04-27T15:02:53.442+0000] {dag.py:3036} INFO - Sync 1 DAGs
[2025-04-27T15:02:53.454+0000] {logging_mixin.py:188} INFO - [2025-04-27T15:02:53.454+0000] {dag.py:3823} INFO - Setting next_dagrun for clean_orders_csv_dag to None, run_after=None
[2025-04-27T15:02:53.480+0000] {processor.py:183} INFO - Processing /opt/airflow/dags/transform_orders_dag.py took 0.377 seconds
[2025-04-27T15:03:23.836+0000] {processor.py:161} INFO - Started process (PID=10271) to work on /opt/airflow/dags/transform_orders_dag.py
[2025-04-27T15:03:23.838+0000] {processor.py:830} INFO - Processing file /opt/airflow/dags/transform_orders_dag.py for tasks to queue
[2025-04-27T15:03:23.839+0000] {logging_mixin.py:188} INFO - [2025-04-27T15:03:23.839+0000] {dagbag.py:538} INFO - Filling up the DagBag from /opt/airflow/dags/transform_orders_dag.py
[2025-04-27T15:03:24.224+0000] {processor.py:840} INFO - DAG(s) 'clean_orders_csv_dag' retrieved from /opt/airflow/dags/transform_orders_dag.py
[2025-04-27T15:03:24.251+0000] {logging_mixin.py:188} INFO - [2025-04-27T15:03:24.251+0000] {dag.py:3036} INFO - Sync 1 DAGs
[2025-04-27T15:03:24.265+0000] {logging_mixin.py:188} INFO - [2025-04-27T15:03:24.265+0000] {dag.py:3823} INFO - Setting next_dagrun for clean_orders_csv_dag to None, run_after=None
[2025-04-27T15:03:24.294+0000] {processor.py:183} INFO - Processing /opt/airflow/dags/transform_orders_dag.py took 0.461 seconds
[2025-04-27T15:03:54.407+0000] {processor.py:161} INFO - Started process (PID=10314) to work on /opt/airflow/dags/transform_orders_dag.py
[2025-04-27T15:03:54.408+0000] {processor.py:830} INFO - Processing file /opt/airflow/dags/transform_orders_dag.py for tasks to queue
[2025-04-27T15:03:54.410+0000] {logging_mixin.py:188} INFO - [2025-04-27T15:03:54.410+0000] {dagbag.py:538} INFO - Filling up the DagBag from /opt/airflow/dags/transform_orders_dag.py
[2025-04-27T15:03:54.748+0000] {processor.py:840} INFO - DAG(s) 'clean_orders_csv_dag' retrieved from /opt/airflow/dags/transform_orders_dag.py
[2025-04-27T15:03:54.775+0000] {logging_mixin.py:188} INFO - [2025-04-27T15:03:54.774+0000] {dag.py:3036} INFO - Sync 1 DAGs
[2025-04-27T15:03:54.788+0000] {logging_mixin.py:188} INFO - [2025-04-27T15:03:54.787+0000] {dag.py:3823} INFO - Setting next_dagrun for clean_orders_csv_dag to None, run_after=None
[2025-04-27T15:03:54.825+0000] {processor.py:183} INFO - Processing /opt/airflow/dags/transform_orders_dag.py took 0.423 seconds
[2025-04-27T15:04:25.077+0000] {processor.py:161} INFO - Started process (PID=10357) to work on /opt/airflow/dags/transform_orders_dag.py
[2025-04-27T15:04:25.079+0000] {processor.py:830} INFO - Processing file /opt/airflow/dags/transform_orders_dag.py for tasks to queue
[2025-04-27T15:04:25.081+0000] {logging_mixin.py:188} INFO - [2025-04-27T15:04:25.080+0000] {dagbag.py:538} INFO - Filling up the DagBag from /opt/airflow/dags/transform_orders_dag.py
[2025-04-27T15:04:25.572+0000] {processor.py:840} INFO - DAG(s) 'clean_orders_csv_dag' retrieved from /opt/airflow/dags/transform_orders_dag.py
[2025-04-27T15:04:25.624+0000] {logging_mixin.py:188} INFO - [2025-04-27T15:04:25.623+0000] {dag.py:3036} INFO - Sync 1 DAGs
[2025-04-27T15:04:25.647+0000] {logging_mixin.py:188} INFO - [2025-04-27T15:04:25.647+0000] {dag.py:3823} INFO - Setting next_dagrun for clean_orders_csv_dag to None, run_after=None
[2025-04-27T15:04:25.687+0000] {processor.py:183} INFO - Processing /opt/airflow/dags/transform_orders_dag.py took 0.616 seconds
[2025-04-27T15:04:56.451+0000] {processor.py:161} INFO - Started process (PID=10399) to work on /opt/airflow/dags/transform_orders_dag.py
[2025-04-27T15:04:56.453+0000] {processor.py:830} INFO - Processing file /opt/airflow/dags/transform_orders_dag.py for tasks to queue
[2025-04-27T15:04:56.455+0000] {logging_mixin.py:188} INFO - [2025-04-27T15:04:56.454+0000] {dagbag.py:538} INFO - Filling up the DagBag from /opt/airflow/dags/transform_orders_dag.py
[2025-04-27T15:04:56.992+0000] {processor.py:840} INFO - DAG(s) 'clean_orders_csv_dag' retrieved from /opt/airflow/dags/transform_orders_dag.py
[2025-04-27T15:04:57.065+0000] {logging_mixin.py:188} INFO - [2025-04-27T15:04:57.064+0000] {dag.py:3036} INFO - Sync 1 DAGs
[2025-04-27T15:04:57.094+0000] {logging_mixin.py:188} INFO - [2025-04-27T15:04:57.094+0000] {dag.py:3823} INFO - Setting next_dagrun for clean_orders_csv_dag to None, run_after=None
[2025-04-27T15:04:57.135+0000] {processor.py:183} INFO - Processing /opt/airflow/dags/transform_orders_dag.py took 0.687 seconds
[2025-04-27T15:05:27.719+0000] {processor.py:161} INFO - Started process (PID=10442) to work on /opt/airflow/dags/transform_orders_dag.py
[2025-04-27T15:05:27.720+0000] {processor.py:830} INFO - Processing file /opt/airflow/dags/transform_orders_dag.py for tasks to queue
[2025-04-27T15:05:27.721+0000] {logging_mixin.py:188} INFO - [2025-04-27T15:05:27.720+0000] {dagbag.py:538} INFO - Filling up the DagBag from /opt/airflow/dags/transform_orders_dag.py
[2025-04-27T15:05:28.212+0000] {processor.py:840} INFO - DAG(s) 'clean_orders_csv_dag' retrieved from /opt/airflow/dags/transform_orders_dag.py
[2025-04-27T15:05:28.263+0000] {logging_mixin.py:188} INFO - [2025-04-27T15:05:28.263+0000] {dag.py:3036} INFO - Sync 1 DAGs
[2025-04-27T15:05:28.284+0000] {logging_mixin.py:188} INFO - [2025-04-27T15:05:28.284+0000] {dag.py:3823} INFO - Setting next_dagrun for clean_orders_csv_dag to None, run_after=None
[2025-04-27T15:05:28.323+0000] {processor.py:183} INFO - Processing /opt/airflow/dags/transform_orders_dag.py took 0.606 seconds
[2025-04-27T15:05:58.716+0000] {processor.py:161} INFO - Started process (PID=10485) to work on /opt/airflow/dags/transform_orders_dag.py
[2025-04-27T15:05:58.717+0000] {processor.py:830} INFO - Processing file /opt/airflow/dags/transform_orders_dag.py for tasks to queue
[2025-04-27T15:05:58.717+0000] {logging_mixin.py:188} INFO - [2025-04-27T15:05:58.717+0000] {dagbag.py:538} INFO - Filling up the DagBag from /opt/airflow/dags/transform_orders_dag.py
[2025-04-27T15:05:58.962+0000] {processor.py:840} INFO - DAG(s) 'clean_orders_csv_dag' retrieved from /opt/airflow/dags/transform_orders_dag.py
[2025-04-27T15:05:58.994+0000] {logging_mixin.py:188} INFO - [2025-04-27T15:05:58.994+0000] {dag.py:3036} INFO - Sync 1 DAGs
[2025-04-27T15:05:59.007+0000] {logging_mixin.py:188} INFO - [2025-04-27T15:05:59.007+0000] {dag.py:3823} INFO - Setting next_dagrun for clean_orders_csv_dag to None, run_after=None
[2025-04-27T15:05:59.030+0000] {processor.py:183} INFO - Processing /opt/airflow/dags/transform_orders_dag.py took 0.317 seconds
[2025-04-27T15:06:29.344+0000] {processor.py:161} INFO - Started process (PID=10528) to work on /opt/airflow/dags/transform_orders_dag.py
[2025-04-27T15:06:29.345+0000] {processor.py:830} INFO - Processing file /opt/airflow/dags/transform_orders_dag.py for tasks to queue
[2025-04-27T15:06:29.345+0000] {logging_mixin.py:188} INFO - [2025-04-27T15:06:29.345+0000] {dagbag.py:538} INFO - Filling up the DagBag from /opt/airflow/dags/transform_orders_dag.py
[2025-04-27T15:06:29.612+0000] {processor.py:840} INFO - DAG(s) 'clean_orders_csv_dag' retrieved from /opt/airflow/dags/transform_orders_dag.py
[2025-04-27T15:06:29.636+0000] {logging_mixin.py:188} INFO - [2025-04-27T15:06:29.635+0000] {dag.py:3036} INFO - Sync 1 DAGs
[2025-04-27T15:06:29.649+0000] {logging_mixin.py:188} INFO - [2025-04-27T15:06:29.649+0000] {dag.py:3823} INFO - Setting next_dagrun for clean_orders_csv_dag to None, run_after=None
[2025-04-27T15:06:29.670+0000] {processor.py:183} INFO - Processing /opt/airflow/dags/transform_orders_dag.py took 0.329 seconds
[2025-04-27T15:07:00.036+0000] {processor.py:161} INFO - Started process (PID=10571) to work on /opt/airflow/dags/transform_orders_dag.py
[2025-04-27T15:07:00.037+0000] {processor.py:830} INFO - Processing file /opt/airflow/dags/transform_orders_dag.py for tasks to queue
[2025-04-27T15:07:00.039+0000] {logging_mixin.py:188} INFO - [2025-04-27T15:07:00.038+0000] {dagbag.py:538} INFO - Filling up the DagBag from /opt/airflow/dags/transform_orders_dag.py
[2025-04-27T15:07:00.276+0000] {processor.py:840} INFO - DAG(s) 'clean_orders_csv_dag' retrieved from /opt/airflow/dags/transform_orders_dag.py
[2025-04-27T15:07:00.300+0000] {logging_mixin.py:188} INFO - [2025-04-27T15:07:00.300+0000] {dag.py:3036} INFO - Sync 1 DAGs
[2025-04-27T15:07:00.312+0000] {logging_mixin.py:188} INFO - [2025-04-27T15:07:00.312+0000] {dag.py:3823} INFO - Setting next_dagrun for clean_orders_csv_dag to None, run_after=None
[2025-04-27T15:07:00.343+0000] {processor.py:183} INFO - Processing /opt/airflow/dags/transform_orders_dag.py took 0.311 seconds
[2025-04-27T15:07:30.427+0000] {processor.py:161} INFO - Started process (PID=10611) to work on /opt/airflow/dags/transform_orders_dag.py
[2025-04-27T15:07:30.428+0000] {processor.py:830} INFO - Processing file /opt/airflow/dags/transform_orders_dag.py for tasks to queue
[2025-04-27T15:07:30.429+0000] {logging_mixin.py:188} INFO - [2025-04-27T15:07:30.429+0000] {dagbag.py:538} INFO - Filling up the DagBag from /opt/airflow/dags/transform_orders_dag.py
[2025-04-27T15:07:30.805+0000] {processor.py:840} INFO - DAG(s) 'clean_orders_csv_dag' retrieved from /opt/airflow/dags/transform_orders_dag.py
[2025-04-27T15:07:30.859+0000] {logging_mixin.py:188} INFO - [2025-04-27T15:07:30.858+0000] {dag.py:3036} INFO - Sync 1 DAGs
[2025-04-27T15:07:30.884+0000] {logging_mixin.py:188} INFO - [2025-04-27T15:07:30.884+0000] {dag.py:3823} INFO - Setting next_dagrun for clean_orders_csv_dag to None, run_after=None
[2025-04-27T15:07:30.928+0000] {processor.py:183} INFO - Processing /opt/airflow/dags/transform_orders_dag.py took 0.504 seconds
[2025-04-27T15:08:01.749+0000] {processor.py:161} INFO - Started process (PID=10657) to work on /opt/airflow/dags/transform_orders_dag.py
[2025-04-27T15:08:01.750+0000] {processor.py:830} INFO - Processing file /opt/airflow/dags/transform_orders_dag.py for tasks to queue
[2025-04-27T15:08:01.751+0000] {logging_mixin.py:188} INFO - [2025-04-27T15:08:01.751+0000] {dagbag.py:538} INFO - Filling up the DagBag from /opt/airflow/dags/transform_orders_dag.py
[2025-04-27T15:08:01.999+0000] {processor.py:840} INFO - DAG(s) 'clean_orders_csv_dag' retrieved from /opt/airflow/dags/transform_orders_dag.py
[2025-04-27T15:08:02.026+0000] {logging_mixin.py:188} INFO - [2025-04-27T15:08:02.025+0000] {dag.py:3036} INFO - Sync 1 DAGs
[2025-04-27T15:08:02.079+0000] {logging_mixin.py:188} INFO - [2025-04-27T15:08:02.079+0000] {dag.py:3823} INFO - Setting next_dagrun for clean_orders_csv_dag to None, run_after=None
[2025-04-27T15:08:02.113+0000] {processor.py:183} INFO - Processing /opt/airflow/dags/transform_orders_dag.py took 0.366 seconds
[2025-04-27T15:08:32.822+0000] {processor.py:161} INFO - Started process (PID=10700) to work on /opt/airflow/dags/transform_orders_dag.py
[2025-04-27T15:08:32.823+0000] {processor.py:830} INFO - Processing file /opt/airflow/dags/transform_orders_dag.py for tasks to queue
[2025-04-27T15:08:32.825+0000] {logging_mixin.py:188} INFO - [2025-04-27T15:08:32.824+0000] {dagbag.py:538} INFO - Filling up the DagBag from /opt/airflow/dags/transform_orders_dag.py
[2025-04-27T15:08:33.205+0000] {processor.py:840} INFO - DAG(s) 'clean_orders_csv_dag' retrieved from /opt/airflow/dags/transform_orders_dag.py
[2025-04-27T15:08:33.233+0000] {logging_mixin.py:188} INFO - [2025-04-27T15:08:33.233+0000] {dag.py:3036} INFO - Sync 1 DAGs
[2025-04-27T15:08:33.255+0000] {logging_mixin.py:188} INFO - [2025-04-27T15:08:33.255+0000] {dag.py:3823} INFO - Setting next_dagrun for clean_orders_csv_dag to None, run_after=None
[2025-04-27T15:08:33.285+0000] {processor.py:183} INFO - Processing /opt/airflow/dags/transform_orders_dag.py took 0.467 seconds
[2025-04-27T15:09:03.380+0000] {processor.py:161} INFO - Started process (PID=10740) to work on /opt/airflow/dags/transform_orders_dag.py
[2025-04-27T15:09:03.382+0000] {processor.py:830} INFO - Processing file /opt/airflow/dags/transform_orders_dag.py for tasks to queue
[2025-04-27T15:09:03.383+0000] {logging_mixin.py:188} INFO - [2025-04-27T15:09:03.382+0000] {dagbag.py:538} INFO - Filling up the DagBag from /opt/airflow/dags/transform_orders_dag.py
[2025-04-27T15:09:03.735+0000] {processor.py:840} INFO - DAG(s) 'clean_orders_csv_dag' retrieved from /opt/airflow/dags/transform_orders_dag.py
[2025-04-27T15:09:03.758+0000] {logging_mixin.py:188} INFO - [2025-04-27T15:09:03.757+0000] {dag.py:3036} INFO - Sync 1 DAGs
[2025-04-27T15:09:03.771+0000] {logging_mixin.py:188} INFO - [2025-04-27T15:09:03.771+0000] {dag.py:3823} INFO - Setting next_dagrun for clean_orders_csv_dag to None, run_after=None
[2025-04-27T15:09:03.790+0000] {processor.py:183} INFO - Processing /opt/airflow/dags/transform_orders_dag.py took 0.414 seconds
[2025-04-27T15:09:34.372+0000] {processor.py:161} INFO - Started process (PID=10786) to work on /opt/airflow/dags/transform_orders_dag.py
[2025-04-27T15:09:34.373+0000] {processor.py:830} INFO - Processing file /opt/airflow/dags/transform_orders_dag.py for tasks to queue
[2025-04-27T15:09:34.374+0000] {logging_mixin.py:188} INFO - [2025-04-27T15:09:34.374+0000] {dagbag.py:538} INFO - Filling up the DagBag from /opt/airflow/dags/transform_orders_dag.py
[2025-04-27T15:09:34.707+0000] {processor.py:840} INFO - DAG(s) 'clean_orders_csv_dag' retrieved from /opt/airflow/dags/transform_orders_dag.py
[2025-04-27T15:09:34.798+0000] {logging_mixin.py:188} INFO - [2025-04-27T15:09:34.798+0000] {dag.py:3036} INFO - Sync 1 DAGs
[2025-04-27T15:09:34.829+0000] {logging_mixin.py:188} INFO - [2025-04-27T15:09:34.828+0000] {dag.py:3823} INFO - Setting next_dagrun for clean_orders_csv_dag to None, run_after=None
[2025-04-27T15:09:34.971+0000] {processor.py:183} INFO - Processing /opt/airflow/dags/transform_orders_dag.py took 0.603 seconds
[2025-04-27T15:10:05.050+0000] {processor.py:161} INFO - Started process (PID=10829) to work on /opt/airflow/dags/transform_orders_dag.py
[2025-04-27T15:10:05.051+0000] {processor.py:830} INFO - Processing file /opt/airflow/dags/transform_orders_dag.py for tasks to queue
[2025-04-27T15:10:05.052+0000] {logging_mixin.py:188} INFO - [2025-04-27T15:10:05.052+0000] {dagbag.py:538} INFO - Filling up the DagBag from /opt/airflow/dags/transform_orders_dag.py
[2025-04-27T15:10:05.413+0000] {processor.py:840} INFO - DAG(s) 'clean_orders_csv_dag' retrieved from /opt/airflow/dags/transform_orders_dag.py
[2025-04-27T15:10:05.488+0000] {logging_mixin.py:188} INFO - [2025-04-27T15:10:05.487+0000] {dag.py:3036} INFO - Sync 1 DAGs
[2025-04-27T15:10:05.521+0000] {logging_mixin.py:188} INFO - [2025-04-27T15:10:05.520+0000] {dag.py:3823} INFO - Setting next_dagrun for clean_orders_csv_dag to None, run_after=None
[2025-04-27T15:10:05.738+0000] {processor.py:183} INFO - Processing /opt/airflow/dags/transform_orders_dag.py took 0.690 seconds
[2025-04-27T15:10:36.236+0000] {processor.py:161} INFO - Started process (PID=10872) to work on /opt/airflow/dags/transform_orders_dag.py
[2025-04-27T15:10:36.238+0000] {processor.py:830} INFO - Processing file /opt/airflow/dags/transform_orders_dag.py for tasks to queue
[2025-04-27T15:10:36.239+0000] {logging_mixin.py:188} INFO - [2025-04-27T15:10:36.238+0000] {dagbag.py:538} INFO - Filling up the DagBag from /opt/airflow/dags/transform_orders_dag.py
[2025-04-27T15:10:36.647+0000] {processor.py:840} INFO - DAG(s) 'clean_orders_csv_dag' retrieved from /opt/airflow/dags/transform_orders_dag.py
[2025-04-27T15:10:36.695+0000] {logging_mixin.py:188} INFO - [2025-04-27T15:10:36.694+0000] {dag.py:3036} INFO - Sync 1 DAGs
[2025-04-27T15:10:36.721+0000] {logging_mixin.py:188} INFO - [2025-04-27T15:10:36.720+0000] {dag.py:3823} INFO - Setting next_dagrun for clean_orders_csv_dag to None, run_after=None
[2025-04-27T15:10:36.756+0000] {processor.py:183} INFO - Processing /opt/airflow/dags/transform_orders_dag.py took 0.527 seconds
[2025-04-27T15:11:07.458+0000] {processor.py:161} INFO - Started process (PID=10915) to work on /opt/airflow/dags/transform_orders_dag.py
[2025-04-27T15:11:07.459+0000] {processor.py:830} INFO - Processing file /opt/airflow/dags/transform_orders_dag.py for tasks to queue
[2025-04-27T15:11:07.461+0000] {logging_mixin.py:188} INFO - [2025-04-27T15:11:07.460+0000] {dagbag.py:538} INFO - Filling up the DagBag from /opt/airflow/dags/transform_orders_dag.py
[2025-04-27T15:11:07.748+0000] {processor.py:840} INFO - DAG(s) 'clean_orders_csv_dag' retrieved from /opt/airflow/dags/transform_orders_dag.py
[2025-04-27T15:11:07.824+0000] {logging_mixin.py:188} INFO - [2025-04-27T15:11:07.824+0000] {dag.py:3036} INFO - Sync 1 DAGs
[2025-04-27T15:11:07.846+0000] {logging_mixin.py:188} INFO - [2025-04-27T15:11:07.846+0000] {dag.py:3823} INFO - Setting next_dagrun for clean_orders_csv_dag to None, run_after=None
[2025-04-27T15:11:07.879+0000] {processor.py:183} INFO - Processing /opt/airflow/dags/transform_orders_dag.py took 0.423 seconds
[2025-04-27T15:11:38.335+0000] {processor.py:161} INFO - Started process (PID=10958) to work on /opt/airflow/dags/transform_orders_dag.py
[2025-04-27T15:11:38.336+0000] {processor.py:830} INFO - Processing file /opt/airflow/dags/transform_orders_dag.py for tasks to queue
[2025-04-27T15:11:38.336+0000] {logging_mixin.py:188} INFO - [2025-04-27T15:11:38.336+0000] {dagbag.py:538} INFO - Filling up the DagBag from /opt/airflow/dags/transform_orders_dag.py
[2025-04-27T15:11:38.820+0000] {processor.py:840} INFO - DAG(s) 'clean_orders_csv_dag' retrieved from /opt/airflow/dags/transform_orders_dag.py
[2025-04-27T15:11:38.970+0000] {logging_mixin.py:188} INFO - [2025-04-27T15:11:38.969+0000] {dag.py:3036} INFO - Sync 1 DAGs
[2025-04-27T15:11:39.062+0000] {logging_mixin.py:188} INFO - [2025-04-27T15:11:39.061+0000] {dag.py:3823} INFO - Setting next_dagrun for clean_orders_csv_dag to None, run_after=None
[2025-04-27T15:11:39.148+0000] {processor.py:183} INFO - Processing /opt/airflow/dags/transform_orders_dag.py took 0.816 seconds
[2025-04-27T15:12:09.816+0000] {processor.py:161} INFO - Started process (PID=11001) to work on /opt/airflow/dags/transform_orders_dag.py
[2025-04-27T15:12:09.817+0000] {processor.py:830} INFO - Processing file /opt/airflow/dags/transform_orders_dag.py for tasks to queue
[2025-04-27T15:12:09.819+0000] {logging_mixin.py:188} INFO - [2025-04-27T15:12:09.818+0000] {dagbag.py:538} INFO - Filling up the DagBag from /opt/airflow/dags/transform_orders_dag.py
[2025-04-27T15:12:10.515+0000] {processor.py:840} INFO - DAG(s) 'clean_orders_csv_dag' retrieved from /opt/airflow/dags/transform_orders_dag.py
[2025-04-27T15:12:10.580+0000] {logging_mixin.py:188} INFO - [2025-04-27T15:12:10.578+0000] {dag.py:3036} INFO - Sync 1 DAGs
[2025-04-27T15:12:10.610+0000] {logging_mixin.py:188} INFO - [2025-04-27T15:12:10.609+0000] {dag.py:3823} INFO - Setting next_dagrun for clean_orders_csv_dag to None, run_after=None
[2025-04-27T15:12:10.672+0000] {processor.py:183} INFO - Processing /opt/airflow/dags/transform_orders_dag.py took 0.861 seconds
[2025-04-27T15:12:41.288+0000] {processor.py:161} INFO - Started process (PID=11044) to work on /opt/airflow/dags/transform_orders_dag.py
[2025-04-27T15:12:41.291+0000] {processor.py:830} INFO - Processing file /opt/airflow/dags/transform_orders_dag.py for tasks to queue
[2025-04-27T15:12:41.294+0000] {logging_mixin.py:188} INFO - [2025-04-27T15:12:41.292+0000] {dagbag.py:538} INFO - Filling up the DagBag from /opt/airflow/dags/transform_orders_dag.py
[2025-04-27T15:12:41.893+0000] {processor.py:840} INFO - DAG(s) 'clean_orders_csv_dag' retrieved from /opt/airflow/dags/transform_orders_dag.py
[2025-04-27T15:12:41.952+0000] {logging_mixin.py:188} INFO - [2025-04-27T15:12:41.952+0000] {dag.py:3036} INFO - Sync 1 DAGs
[2025-04-27T15:12:42.002+0000] {logging_mixin.py:188} INFO - [2025-04-27T15:12:42.001+0000] {dag.py:3823} INFO - Setting next_dagrun for clean_orders_csv_dag to None, run_after=None
[2025-04-27T15:12:42.040+0000] {processor.py:183} INFO - Processing /opt/airflow/dags/transform_orders_dag.py took 0.756 seconds
[2025-04-27T15:13:12.518+0000] {processor.py:161} INFO - Started process (PID=11087) to work on /opt/airflow/dags/transform_orders_dag.py
[2025-04-27T15:13:12.520+0000] {processor.py:830} INFO - Processing file /opt/airflow/dags/transform_orders_dag.py for tasks to queue
[2025-04-27T15:13:12.521+0000] {logging_mixin.py:188} INFO - [2025-04-27T15:13:12.521+0000] {dagbag.py:538} INFO - Filling up the DagBag from /opt/airflow/dags/transform_orders_dag.py
[2025-04-27T15:13:12.852+0000] {processor.py:840} INFO - DAG(s) 'clean_orders_csv_dag' retrieved from /opt/airflow/dags/transform_orders_dag.py
[2025-04-27T15:13:12.889+0000] {logging_mixin.py:188} INFO - [2025-04-27T15:13:12.888+0000] {dag.py:3036} INFO - Sync 1 DAGs
[2025-04-27T15:13:12.902+0000] {logging_mixin.py:188} INFO - [2025-04-27T15:13:12.902+0000] {dag.py:3823} INFO - Setting next_dagrun for clean_orders_csv_dag to None, run_after=None
[2025-04-27T15:13:13.061+0000] {processor.py:183} INFO - Processing /opt/airflow/dags/transform_orders_dag.py took 0.546 seconds
[2025-04-27T15:13:43.174+0000] {processor.py:161} INFO - Started process (PID=11130) to work on /opt/airflow/dags/transform_orders_dag.py
[2025-04-27T15:13:43.175+0000] {processor.py:830} INFO - Processing file /opt/airflow/dags/transform_orders_dag.py for tasks to queue
[2025-04-27T15:13:43.176+0000] {logging_mixin.py:188} INFO - [2025-04-27T15:13:43.176+0000] {dagbag.py:538} INFO - Filling up the DagBag from /opt/airflow/dags/transform_orders_dag.py
[2025-04-27T15:13:43.489+0000] {processor.py:840} INFO - DAG(s) 'clean_orders_csv_dag' retrieved from /opt/airflow/dags/transform_orders_dag.py
[2025-04-27T15:13:43.520+0000] {logging_mixin.py:188} INFO - [2025-04-27T15:13:43.520+0000] {dag.py:3036} INFO - Sync 1 DAGs
[2025-04-27T15:13:43.533+0000] {logging_mixin.py:188} INFO - [2025-04-27T15:13:43.533+0000] {dag.py:3823} INFO - Setting next_dagrun for clean_orders_csv_dag to None, run_after=None
[2025-04-27T15:13:43.567+0000] {processor.py:183} INFO - Processing /opt/airflow/dags/transform_orders_dag.py took 0.395 seconds
[2025-04-27T15:14:14.504+0000] {processor.py:161} INFO - Started process (PID=11173) to work on /opt/airflow/dags/transform_orders_dag.py
[2025-04-27T15:14:14.505+0000] {processor.py:830} INFO - Processing file /opt/airflow/dags/transform_orders_dag.py for tasks to queue
[2025-04-27T15:14:14.507+0000] {logging_mixin.py:188} INFO - [2025-04-27T15:14:14.506+0000] {dagbag.py:538} INFO - Filling up the DagBag from /opt/airflow/dags/transform_orders_dag.py
[2025-04-27T15:14:14.888+0000] {processor.py:840} INFO - DAG(s) 'clean_orders_csv_dag' retrieved from /opt/airflow/dags/transform_orders_dag.py
[2025-04-27T15:14:14.922+0000] {logging_mixin.py:188} INFO - [2025-04-27T15:14:14.921+0000] {dag.py:3036} INFO - Sync 1 DAGs
[2025-04-27T15:14:14.936+0000] {logging_mixin.py:188} INFO - [2025-04-27T15:14:14.936+0000] {dag.py:3823} INFO - Setting next_dagrun for clean_orders_csv_dag to None, run_after=None
[2025-04-27T15:14:14.961+0000] {processor.py:183} INFO - Processing /opt/airflow/dags/transform_orders_dag.py took 0.460 seconds
[2025-04-27T15:14:45.110+0000] {processor.py:161} INFO - Started process (PID=11216) to work on /opt/airflow/dags/transform_orders_dag.py
[2025-04-27T15:14:45.111+0000] {processor.py:830} INFO - Processing file /opt/airflow/dags/transform_orders_dag.py for tasks to queue
[2025-04-27T15:14:45.112+0000] {logging_mixin.py:188} INFO - [2025-04-27T15:14:45.111+0000] {dagbag.py:538} INFO - Filling up the DagBag from /opt/airflow/dags/transform_orders_dag.py
[2025-04-27T15:14:45.348+0000] {processor.py:840} INFO - DAG(s) 'clean_orders_csv_dag' retrieved from /opt/airflow/dags/transform_orders_dag.py
[2025-04-27T15:14:45.376+0000] {logging_mixin.py:188} INFO - [2025-04-27T15:14:45.376+0000] {dag.py:3036} INFO - Sync 1 DAGs
[2025-04-27T15:14:45.391+0000] {logging_mixin.py:188} INFO - [2025-04-27T15:14:45.391+0000] {dag.py:3823} INFO - Setting next_dagrun for clean_orders_csv_dag to None, run_after=None
[2025-04-27T15:14:45.417+0000] {processor.py:183} INFO - Processing /opt/airflow/dags/transform_orders_dag.py took 0.309 seconds
[2025-04-27T15:15:15.722+0000] {processor.py:161} INFO - Started process (PID=11259) to work on /opt/airflow/dags/transform_orders_dag.py
[2025-04-27T15:15:15.722+0000] {processor.py:830} INFO - Processing file /opt/airflow/dags/transform_orders_dag.py for tasks to queue
[2025-04-27T15:15:15.723+0000] {logging_mixin.py:188} INFO - [2025-04-27T15:15:15.723+0000] {dagbag.py:538} INFO - Filling up the DagBag from /opt/airflow/dags/transform_orders_dag.py
[2025-04-27T15:15:15.965+0000] {processor.py:840} INFO - DAG(s) 'clean_orders_csv_dag' retrieved from /opt/airflow/dags/transform_orders_dag.py
[2025-04-27T15:15:16.002+0000] {logging_mixin.py:188} INFO - [2025-04-27T15:15:16.001+0000] {dag.py:3036} INFO - Sync 1 DAGs
[2025-04-27T15:15:16.018+0000] {logging_mixin.py:188} INFO - [2025-04-27T15:15:16.017+0000] {dag.py:3823} INFO - Setting next_dagrun for clean_orders_csv_dag to None, run_after=None
[2025-04-27T15:15:16.044+0000] {processor.py:183} INFO - Processing /opt/airflow/dags/transform_orders_dag.py took 0.325 seconds
[2025-04-27T15:15:46.320+0000] {processor.py:161} INFO - Started process (PID=11302) to work on /opt/airflow/dags/transform_orders_dag.py
[2025-04-27T15:15:46.320+0000] {processor.py:830} INFO - Processing file /opt/airflow/dags/transform_orders_dag.py for tasks to queue
[2025-04-27T15:15:46.321+0000] {logging_mixin.py:188} INFO - [2025-04-27T15:15:46.321+0000] {dagbag.py:538} INFO - Filling up the DagBag from /opt/airflow/dags/transform_orders_dag.py
[2025-04-27T15:15:46.598+0000] {processor.py:840} INFO - DAG(s) 'clean_orders_csv_dag' retrieved from /opt/airflow/dags/transform_orders_dag.py
[2025-04-27T15:15:46.633+0000] {logging_mixin.py:188} INFO - [2025-04-27T15:15:46.633+0000] {dag.py:3036} INFO - Sync 1 DAGs
[2025-04-27T15:15:46.647+0000] {logging_mixin.py:188} INFO - [2025-04-27T15:15:46.647+0000] {dag.py:3823} INFO - Setting next_dagrun for clean_orders_csv_dag to None, run_after=None
[2025-04-27T15:15:46.674+0000] {processor.py:183} INFO - Processing /opt/airflow/dags/transform_orders_dag.py took 0.357 seconds
[2025-04-27T15:16:17.136+0000] {processor.py:161} INFO - Started process (PID=11345) to work on /opt/airflow/dags/transform_orders_dag.py
[2025-04-27T15:16:17.137+0000] {processor.py:830} INFO - Processing file /opt/airflow/dags/transform_orders_dag.py for tasks to queue
[2025-04-27T15:16:17.138+0000] {logging_mixin.py:188} INFO - [2025-04-27T15:16:17.137+0000] {dagbag.py:538} INFO - Filling up the DagBag from /opt/airflow/dags/transform_orders_dag.py
[2025-04-27T15:16:17.424+0000] {processor.py:840} INFO - DAG(s) 'clean_orders_csv_dag' retrieved from /opt/airflow/dags/transform_orders_dag.py
[2025-04-27T15:16:17.467+0000] {logging_mixin.py:188} INFO - [2025-04-27T15:16:17.466+0000] {dag.py:3036} INFO - Sync 1 DAGs
[2025-04-27T15:16:17.483+0000] {logging_mixin.py:188} INFO - [2025-04-27T15:16:17.483+0000] {dag.py:3823} INFO - Setting next_dagrun for clean_orders_csv_dag to None, run_after=None
[2025-04-27T15:16:17.509+0000] {processor.py:183} INFO - Processing /opt/airflow/dags/transform_orders_dag.py took 0.375 seconds
[2025-04-27T15:16:47.908+0000] {processor.py:161} INFO - Started process (PID=11388) to work on /opt/airflow/dags/transform_orders_dag.py
[2025-04-27T15:16:47.909+0000] {processor.py:830} INFO - Processing file /opt/airflow/dags/transform_orders_dag.py for tasks to queue
[2025-04-27T15:16:47.910+0000] {logging_mixin.py:188} INFO - [2025-04-27T15:16:47.909+0000] {dagbag.py:538} INFO - Filling up the DagBag from /opt/airflow/dags/transform_orders_dag.py
[2025-04-27T15:16:48.219+0000] {processor.py:840} INFO - DAG(s) 'clean_orders_csv_dag' retrieved from /opt/airflow/dags/transform_orders_dag.py
[2025-04-27T15:16:48.253+0000] {logging_mixin.py:188} INFO - [2025-04-27T15:16:48.252+0000] {dag.py:3036} INFO - Sync 1 DAGs
[2025-04-27T15:16:48.267+0000] {logging_mixin.py:188} INFO - [2025-04-27T15:16:48.267+0000] {dag.py:3823} INFO - Setting next_dagrun for clean_orders_csv_dag to None, run_after=None
[2025-04-27T15:16:48.291+0000] {processor.py:183} INFO - Processing /opt/airflow/dags/transform_orders_dag.py took 0.386 seconds
[2025-04-27T15:17:18.855+0000] {processor.py:161} INFO - Started process (PID=11431) to work on /opt/airflow/dags/transform_orders_dag.py
[2025-04-27T15:17:18.856+0000] {processor.py:830} INFO - Processing file /opt/airflow/dags/transform_orders_dag.py for tasks to queue
[2025-04-27T15:17:18.857+0000] {logging_mixin.py:188} INFO - [2025-04-27T15:17:18.857+0000] {dagbag.py:538} INFO - Filling up the DagBag from /opt/airflow/dags/transform_orders_dag.py
[2025-04-27T15:17:19.118+0000] {processor.py:840} INFO - DAG(s) 'clean_orders_csv_dag' retrieved from /opt/airflow/dags/transform_orders_dag.py
[2025-04-27T15:17:19.149+0000] {logging_mixin.py:188} INFO - [2025-04-27T15:17:19.149+0000] {dag.py:3036} INFO - Sync 1 DAGs
[2025-04-27T15:17:19.166+0000] {logging_mixin.py:188} INFO - [2025-04-27T15:17:19.166+0000] {dag.py:3823} INFO - Setting next_dagrun for clean_orders_csv_dag to None, run_after=None
[2025-04-27T15:17:19.196+0000] {processor.py:183} INFO - Processing /opt/airflow/dags/transform_orders_dag.py took 0.343 seconds
[2025-04-27T15:17:49.281+0000] {processor.py:161} INFO - Started process (PID=11474) to work on /opt/airflow/dags/transform_orders_dag.py
[2025-04-27T15:17:49.282+0000] {processor.py:830} INFO - Processing file /opt/airflow/dags/transform_orders_dag.py for tasks to queue
[2025-04-27T15:17:49.283+0000] {logging_mixin.py:188} INFO - [2025-04-27T15:17:49.282+0000] {dagbag.py:538} INFO - Filling up the DagBag from /opt/airflow/dags/transform_orders_dag.py
[2025-04-27T15:17:49.525+0000] {processor.py:840} INFO - DAG(s) 'clean_orders_csv_dag' retrieved from /opt/airflow/dags/transform_orders_dag.py
[2025-04-27T15:17:49.551+0000] {logging_mixin.py:188} INFO - [2025-04-27T15:17:49.551+0000] {dag.py:3036} INFO - Sync 1 DAGs
[2025-04-27T15:17:49.565+0000] {logging_mixin.py:188} INFO - [2025-04-27T15:17:49.565+0000] {dag.py:3823} INFO - Setting next_dagrun for clean_orders_csv_dag to None, run_after=None
[2025-04-27T15:17:49.586+0000] {processor.py:183} INFO - Processing /opt/airflow/dags/transform_orders_dag.py took 0.308 seconds
[2025-04-27T15:18:19.660+0000] {processor.py:161} INFO - Started process (PID=11517) to work on /opt/airflow/dags/transform_orders_dag.py
[2025-04-27T15:18:19.662+0000] {processor.py:830} INFO - Processing file /opt/airflow/dags/transform_orders_dag.py for tasks to queue
[2025-04-27T15:18:19.663+0000] {logging_mixin.py:188} INFO - [2025-04-27T15:18:19.662+0000] {dagbag.py:538} INFO - Filling up the DagBag from /opt/airflow/dags/transform_orders_dag.py
[2025-04-27T15:18:19.969+0000] {processor.py:840} INFO - DAG(s) 'clean_orders_csv_dag' retrieved from /opt/airflow/dags/transform_orders_dag.py
[2025-04-27T15:18:19.994+0000] {logging_mixin.py:188} INFO - [2025-04-27T15:18:19.993+0000] {dag.py:3036} INFO - Sync 1 DAGs
[2025-04-27T15:18:20.008+0000] {logging_mixin.py:188} INFO - [2025-04-27T15:18:20.007+0000] {dag.py:3823} INFO - Setting next_dagrun for clean_orders_csv_dag to None, run_after=None
[2025-04-27T15:18:20.033+0000] {processor.py:183} INFO - Processing /opt/airflow/dags/transform_orders_dag.py took 0.376 seconds
[2025-04-27T15:18:50.413+0000] {processor.py:161} INFO - Started process (PID=11560) to work on /opt/airflow/dags/transform_orders_dag.py
[2025-04-27T15:18:50.414+0000] {processor.py:830} INFO - Processing file /opt/airflow/dags/transform_orders_dag.py for tasks to queue
[2025-04-27T15:18:50.415+0000] {logging_mixin.py:188} INFO - [2025-04-27T15:18:50.415+0000] {dagbag.py:538} INFO - Filling up the DagBag from /opt/airflow/dags/transform_orders_dag.py
[2025-04-27T15:18:50.901+0000] {processor.py:840} INFO - DAG(s) 'clean_orders_csv_dag' retrieved from /opt/airflow/dags/transform_orders_dag.py
[2025-04-27T15:18:50.935+0000] {logging_mixin.py:188} INFO - [2025-04-27T15:18:50.935+0000] {dag.py:3036} INFO - Sync 1 DAGs
[2025-04-27T15:18:50.963+0000] {logging_mixin.py:188} INFO - [2025-04-27T15:18:50.962+0000] {dag.py:3823} INFO - Setting next_dagrun for clean_orders_csv_dag to None, run_after=None
[2025-04-27T15:18:50.995+0000] {processor.py:183} INFO - Processing /opt/airflow/dags/transform_orders_dag.py took 0.591 seconds
[2025-04-27T15:19:21.133+0000] {processor.py:161} INFO - Started process (PID=11603) to work on /opt/airflow/dags/transform_orders_dag.py
[2025-04-27T15:19:21.135+0000] {processor.py:830} INFO - Processing file /opt/airflow/dags/transform_orders_dag.py for tasks to queue
[2025-04-27T15:19:21.137+0000] {logging_mixin.py:188} INFO - [2025-04-27T15:19:21.136+0000] {dagbag.py:538} INFO - Filling up the DagBag from /opt/airflow/dags/transform_orders_dag.py
[2025-04-27T15:19:21.805+0000] {processor.py:840} INFO - DAG(s) 'clean_orders_csv_dag' retrieved from /opt/airflow/dags/transform_orders_dag.py
[2025-04-27T15:19:21.858+0000] {logging_mixin.py:188} INFO - [2025-04-27T15:19:21.857+0000] {dag.py:3036} INFO - Sync 1 DAGs
[2025-04-27T15:19:21.881+0000] {logging_mixin.py:188} INFO - [2025-04-27T15:19:21.881+0000] {dag.py:3823} INFO - Setting next_dagrun for clean_orders_csv_dag to None, run_after=None
[2025-04-27T15:19:21.930+0000] {processor.py:183} INFO - Processing /opt/airflow/dags/transform_orders_dag.py took 0.801 seconds
[2025-04-27T15:19:52.271+0000] {processor.py:161} INFO - Started process (PID=11646) to work on /opt/airflow/dags/transform_orders_dag.py
[2025-04-27T15:19:52.272+0000] {processor.py:830} INFO - Processing file /opt/airflow/dags/transform_orders_dag.py for tasks to queue
[2025-04-27T15:19:52.273+0000] {logging_mixin.py:188} INFO - [2025-04-27T15:19:52.272+0000] {dagbag.py:538} INFO - Filling up the DagBag from /opt/airflow/dags/transform_orders_dag.py
[2025-04-27T15:19:52.542+0000] {processor.py:840} INFO - DAG(s) 'clean_orders_csv_dag' retrieved from /opt/airflow/dags/transform_orders_dag.py
[2025-04-27T15:19:52.581+0000] {logging_mixin.py:188} INFO - [2025-04-27T15:19:52.581+0000] {dag.py:3036} INFO - Sync 1 DAGs
[2025-04-27T15:19:52.597+0000] {logging_mixin.py:188} INFO - [2025-04-27T15:19:52.597+0000] {dag.py:3823} INFO - Setting next_dagrun for clean_orders_csv_dag to None, run_after=None
[2025-04-27T15:19:52.624+0000] {processor.py:183} INFO - Processing /opt/airflow/dags/transform_orders_dag.py took 0.355 seconds
[2025-04-27T15:20:22.785+0000] {processor.py:161} INFO - Started process (PID=11689) to work on /opt/airflow/dags/transform_orders_dag.py
[2025-04-27T15:20:22.786+0000] {processor.py:830} INFO - Processing file /opt/airflow/dags/transform_orders_dag.py for tasks to queue
[2025-04-27T15:20:22.787+0000] {logging_mixin.py:188} INFO - [2025-04-27T15:20:22.786+0000] {dagbag.py:538} INFO - Filling up the DagBag from /opt/airflow/dags/transform_orders_dag.py
[2025-04-27T15:20:23.027+0000] {processor.py:840} INFO - DAG(s) 'clean_orders_csv_dag' retrieved from /opt/airflow/dags/transform_orders_dag.py
[2025-04-27T15:20:23.048+0000] {logging_mixin.py:188} INFO - [2025-04-27T15:20:23.048+0000] {dag.py:3036} INFO - Sync 1 DAGs
[2025-04-27T15:20:23.059+0000] {logging_mixin.py:188} INFO - [2025-04-27T15:20:23.059+0000] {dag.py:3823} INFO - Setting next_dagrun for clean_orders_csv_dag to None, run_after=None
[2025-04-27T15:20:23.079+0000] {processor.py:183} INFO - Processing /opt/airflow/dags/transform_orders_dag.py took 0.296 seconds
[2025-04-27T15:20:53.164+0000] {processor.py:161} INFO - Started process (PID=11732) to work on /opt/airflow/dags/transform_orders_dag.py
[2025-04-27T15:20:53.165+0000] {processor.py:830} INFO - Processing file /opt/airflow/dags/transform_orders_dag.py for tasks to queue
[2025-04-27T15:20:53.166+0000] {logging_mixin.py:188} INFO - [2025-04-27T15:20:53.166+0000] {dagbag.py:538} INFO - Filling up the DagBag from /opt/airflow/dags/transform_orders_dag.py
[2025-04-27T15:20:53.437+0000] {processor.py:840} INFO - DAG(s) 'clean_orders_csv_dag' retrieved from /opt/airflow/dags/transform_orders_dag.py
[2025-04-27T15:20:53.461+0000] {logging_mixin.py:188} INFO - [2025-04-27T15:20:53.460+0000] {dag.py:3036} INFO - Sync 1 DAGs
[2025-04-27T15:20:53.473+0000] {logging_mixin.py:188} INFO - [2025-04-27T15:20:53.473+0000] {dag.py:3823} INFO - Setting next_dagrun for clean_orders_csv_dag to None, run_after=None
[2025-04-27T15:20:53.493+0000] {processor.py:183} INFO - Processing /opt/airflow/dags/transform_orders_dag.py took 0.331 seconds
[2025-04-27T15:21:23.668+0000] {processor.py:161} INFO - Started process (PID=11775) to work on /opt/airflow/dags/transform_orders_dag.py
[2025-04-27T15:21:23.669+0000] {processor.py:830} INFO - Processing file /opt/airflow/dags/transform_orders_dag.py for tasks to queue
[2025-04-27T15:21:23.670+0000] {logging_mixin.py:188} INFO - [2025-04-27T15:21:23.670+0000] {dagbag.py:538} INFO - Filling up the DagBag from /opt/airflow/dags/transform_orders_dag.py
[2025-04-27T15:21:23.957+0000] {processor.py:840} INFO - DAG(s) 'clean_orders_csv_dag' retrieved from /opt/airflow/dags/transform_orders_dag.py
[2025-04-27T15:21:23.986+0000] {logging_mixin.py:188} INFO - [2025-04-27T15:21:23.986+0000] {dag.py:3036} INFO - Sync 1 DAGs
[2025-04-27T15:21:24.001+0000] {logging_mixin.py:188} INFO - [2025-04-27T15:21:24.001+0000] {dag.py:3823} INFO - Setting next_dagrun for clean_orders_csv_dag to None, run_after=None
[2025-04-27T15:21:24.027+0000] {processor.py:183} INFO - Processing /opt/airflow/dags/transform_orders_dag.py took 0.361 seconds
[2025-04-27T15:21:54.118+0000] {processor.py:161} INFO - Started process (PID=11815) to work on /opt/airflow/dags/transform_orders_dag.py
[2025-04-27T15:21:54.119+0000] {processor.py:830} INFO - Processing file /opt/airflow/dags/transform_orders_dag.py for tasks to queue
[2025-04-27T15:21:54.120+0000] {logging_mixin.py:188} INFO - [2025-04-27T15:21:54.120+0000] {dagbag.py:538} INFO - Filling up the DagBag from /opt/airflow/dags/transform_orders_dag.py
[2025-04-27T15:21:54.419+0000] {processor.py:840} INFO - DAG(s) 'clean_orders_csv_dag' retrieved from /opt/airflow/dags/transform_orders_dag.py
[2025-04-27T15:21:54.450+0000] {logging_mixin.py:188} INFO - [2025-04-27T15:21:54.449+0000] {dag.py:3036} INFO - Sync 1 DAGs
[2025-04-27T15:21:54.465+0000] {logging_mixin.py:188} INFO - [2025-04-27T15:21:54.464+0000] {dag.py:3823} INFO - Setting next_dagrun for clean_orders_csv_dag to None, run_after=None
[2025-04-27T15:21:54.498+0000] {processor.py:183} INFO - Processing /opt/airflow/dags/transform_orders_dag.py took 0.382 seconds
[2025-04-27T15:22:24.914+0000] {processor.py:161} INFO - Started process (PID=11861) to work on /opt/airflow/dags/transform_orders_dag.py
[2025-04-27T15:22:24.915+0000] {processor.py:830} INFO - Processing file /opt/airflow/dags/transform_orders_dag.py for tasks to queue
[2025-04-27T15:22:24.916+0000] {logging_mixin.py:188} INFO - [2025-04-27T15:22:24.915+0000] {dagbag.py:538} INFO - Filling up the DagBag from /opt/airflow/dags/transform_orders_dag.py
[2025-04-27T15:22:25.160+0000] {processor.py:840} INFO - DAG(s) 'clean_orders_csv_dag' retrieved from /opt/airflow/dags/transform_orders_dag.py
[2025-04-27T15:22:25.183+0000] {logging_mixin.py:188} INFO - [2025-04-27T15:22:25.183+0000] {dag.py:3036} INFO - Sync 1 DAGs
[2025-04-27T15:22:25.196+0000] {logging_mixin.py:188} INFO - [2025-04-27T15:22:25.195+0000] {dag.py:3823} INFO - Setting next_dagrun for clean_orders_csv_dag to None, run_after=None
[2025-04-27T15:22:25.216+0000] {processor.py:183} INFO - Processing /opt/airflow/dags/transform_orders_dag.py took 0.305 seconds
[2025-04-27T15:22:56.210+0000] {processor.py:161} INFO - Started process (PID=11904) to work on /opt/airflow/dags/transform_orders_dag.py
[2025-04-27T15:22:56.211+0000] {processor.py:830} INFO - Processing file /opt/airflow/dags/transform_orders_dag.py for tasks to queue
[2025-04-27T15:22:56.212+0000] {logging_mixin.py:188} INFO - [2025-04-27T15:22:56.212+0000] {dagbag.py:538} INFO - Filling up the DagBag from /opt/airflow/dags/transform_orders_dag.py
[2025-04-27T15:22:56.458+0000] {processor.py:840} INFO - DAG(s) 'clean_orders_csv_dag' retrieved from /opt/airflow/dags/transform_orders_dag.py
[2025-04-27T15:22:56.501+0000] {logging_mixin.py:188} INFO - [2025-04-27T15:22:56.500+0000] {dag.py:3036} INFO - Sync 1 DAGs
[2025-04-27T15:22:56.521+0000] {logging_mixin.py:188} INFO - [2025-04-27T15:22:56.521+0000] {dag.py:3823} INFO - Setting next_dagrun for clean_orders_csv_dag to None, run_after=None
[2025-04-27T15:22:56.550+0000] {processor.py:183} INFO - Processing /opt/airflow/dags/transform_orders_dag.py took 0.342 seconds
[2025-04-27T15:23:26.942+0000] {processor.py:161} INFO - Started process (PID=11947) to work on /opt/airflow/dags/transform_orders_dag.py
[2025-04-27T15:23:26.943+0000] {processor.py:830} INFO - Processing file /opt/airflow/dags/transform_orders_dag.py for tasks to queue
[2025-04-27T15:23:26.944+0000] {logging_mixin.py:188} INFO - [2025-04-27T15:23:26.944+0000] {dagbag.py:538} INFO - Filling up the DagBag from /opt/airflow/dags/transform_orders_dag.py
[2025-04-27T15:23:27.241+0000] {processor.py:840} INFO - DAG(s) 'clean_orders_csv_dag' retrieved from /opt/airflow/dags/transform_orders_dag.py
[2025-04-27T15:23:27.283+0000] {logging_mixin.py:188} INFO - [2025-04-27T15:23:27.282+0000] {dag.py:3036} INFO - Sync 1 DAGs
[2025-04-27T15:23:27.298+0000] {logging_mixin.py:188} INFO - [2025-04-27T15:23:27.297+0000] {dag.py:3823} INFO - Setting next_dagrun for clean_orders_csv_dag to None, run_after=None
[2025-04-27T15:23:27.321+0000] {processor.py:183} INFO - Processing /opt/airflow/dags/transform_orders_dag.py took 0.381 seconds
[2025-04-27T15:23:57.614+0000] {processor.py:161} INFO - Started process (PID=11990) to work on /opt/airflow/dags/transform_orders_dag.py
[2025-04-27T15:23:57.615+0000] {processor.py:830} INFO - Processing file /opt/airflow/dags/transform_orders_dag.py for tasks to queue
[2025-04-27T15:23:57.616+0000] {logging_mixin.py:188} INFO - [2025-04-27T15:23:57.616+0000] {dagbag.py:538} INFO - Filling up the DagBag from /opt/airflow/dags/transform_orders_dag.py
[2025-04-27T15:23:57.921+0000] {processor.py:840} INFO - DAG(s) 'clean_orders_csv_dag' retrieved from /opt/airflow/dags/transform_orders_dag.py
[2025-04-27T15:23:57.947+0000] {logging_mixin.py:188} INFO - [2025-04-27T15:23:57.946+0000] {dag.py:3036} INFO - Sync 1 DAGs
[2025-04-27T15:23:57.963+0000] {logging_mixin.py:188} INFO - [2025-04-27T15:23:57.963+0000] {dag.py:3823} INFO - Setting next_dagrun for clean_orders_csv_dag to None, run_after=None
[2025-04-27T15:23:57.994+0000] {processor.py:183} INFO - Processing /opt/airflow/dags/transform_orders_dag.py took 0.382 seconds
[2025-04-27T15:24:28.191+0000] {processor.py:161} INFO - Started process (PID=12033) to work on /opt/airflow/dags/transform_orders_dag.py
[2025-04-27T15:24:28.191+0000] {processor.py:830} INFO - Processing file /opt/airflow/dags/transform_orders_dag.py for tasks to queue
[2025-04-27T15:24:28.192+0000] {logging_mixin.py:188} INFO - [2025-04-27T15:24:28.192+0000] {dagbag.py:538} INFO - Filling up the DagBag from /opt/airflow/dags/transform_orders_dag.py
[2025-04-27T15:24:28.417+0000] {processor.py:840} INFO - DAG(s) 'clean_orders_csv_dag' retrieved from /opt/airflow/dags/transform_orders_dag.py
[2025-04-27T15:24:28.440+0000] {logging_mixin.py:188} INFO - [2025-04-27T15:24:28.439+0000] {dag.py:3036} INFO - Sync 1 DAGs
[2025-04-27T15:24:28.452+0000] {logging_mixin.py:188} INFO - [2025-04-27T15:24:28.452+0000] {dag.py:3823} INFO - Setting next_dagrun for clean_orders_csv_dag to None, run_after=None
[2025-04-27T15:24:28.473+0000] {processor.py:183} INFO - Processing /opt/airflow/dags/transform_orders_dag.py took 0.285 seconds
[2025-04-27T15:24:58.569+0000] {processor.py:161} INFO - Started process (PID=12076) to work on /opt/airflow/dags/transform_orders_dag.py
[2025-04-27T15:24:58.570+0000] {processor.py:830} INFO - Processing file /opt/airflow/dags/transform_orders_dag.py for tasks to queue
[2025-04-27T15:24:58.571+0000] {logging_mixin.py:188} INFO - [2025-04-27T15:24:58.571+0000] {dagbag.py:538} INFO - Filling up the DagBag from /opt/airflow/dags/transform_orders_dag.py
[2025-04-27T15:24:58.842+0000] {processor.py:840} INFO - DAG(s) 'clean_orders_csv_dag' retrieved from /opt/airflow/dags/transform_orders_dag.py
[2025-04-27T15:24:58.880+0000] {logging_mixin.py:188} INFO - [2025-04-27T15:24:58.879+0000] {dag.py:3036} INFO - Sync 1 DAGs
[2025-04-27T15:24:58.898+0000] {logging_mixin.py:188} INFO - [2025-04-27T15:24:58.897+0000] {dag.py:3823} INFO - Setting next_dagrun for clean_orders_csv_dag to None, run_after=None
[2025-04-27T15:24:58.927+0000] {processor.py:183} INFO - Processing /opt/airflow/dags/transform_orders_dag.py took 0.361 seconds
[2025-04-27T15:25:29.304+0000] {processor.py:161} INFO - Started process (PID=12119) to work on /opt/airflow/dags/transform_orders_dag.py
[2025-04-27T15:25:29.306+0000] {processor.py:830} INFO - Processing file /opt/airflow/dags/transform_orders_dag.py for tasks to queue
[2025-04-27T15:25:29.306+0000] {logging_mixin.py:188} INFO - [2025-04-27T15:25:29.306+0000] {dagbag.py:538} INFO - Filling up the DagBag from /opt/airflow/dags/transform_orders_dag.py
[2025-04-27T15:25:29.590+0000] {processor.py:840} INFO - DAG(s) 'clean_orders_csv_dag' retrieved from /opt/airflow/dags/transform_orders_dag.py
[2025-04-27T15:25:29.616+0000] {logging_mixin.py:188} INFO - [2025-04-27T15:25:29.615+0000] {dag.py:3036} INFO - Sync 1 DAGs
[2025-04-27T15:25:29.629+0000] {logging_mixin.py:188} INFO - [2025-04-27T15:25:29.628+0000] {dag.py:3823} INFO - Setting next_dagrun for clean_orders_csv_dag to None, run_after=None
[2025-04-27T15:25:29.649+0000] {processor.py:183} INFO - Processing /opt/airflow/dags/transform_orders_dag.py took 0.347 seconds
[2025-04-27T15:26:00.597+0000] {processor.py:161} INFO - Started process (PID=12162) to work on /opt/airflow/dags/transform_orders_dag.py
[2025-04-27T15:26:00.598+0000] {processor.py:830} INFO - Processing file /opt/airflow/dags/transform_orders_dag.py for tasks to queue
[2025-04-27T15:26:00.599+0000] {logging_mixin.py:188} INFO - [2025-04-27T15:26:00.599+0000] {dagbag.py:538} INFO - Filling up the DagBag from /opt/airflow/dags/transform_orders_dag.py
[2025-04-27T15:26:00.928+0000] {processor.py:840} INFO - DAG(s) 'clean_orders_csv_dag' retrieved from /opt/airflow/dags/transform_orders_dag.py
[2025-04-27T15:26:00.956+0000] {logging_mixin.py:188} INFO - [2025-04-27T15:26:00.956+0000] {dag.py:3036} INFO - Sync 1 DAGs
[2025-04-27T15:26:00.971+0000] {logging_mixin.py:188} INFO - [2025-04-27T15:26:00.970+0000] {dag.py:3823} INFO - Setting next_dagrun for clean_orders_csv_dag to None, run_after=None
[2025-04-27T15:26:00.992+0000] {processor.py:183} INFO - Processing /opt/airflow/dags/transform_orders_dag.py took 0.398 seconds
[2025-04-27T15:26:31.079+0000] {processor.py:161} INFO - Started process (PID=12205) to work on /opt/airflow/dags/transform_orders_dag.py
[2025-04-27T15:26:31.081+0000] {processor.py:830} INFO - Processing file /opt/airflow/dags/transform_orders_dag.py for tasks to queue
[2025-04-27T15:26:31.082+0000] {logging_mixin.py:188} INFO - [2025-04-27T15:26:31.081+0000] {dagbag.py:538} INFO - Filling up the DagBag from /opt/airflow/dags/transform_orders_dag.py
[2025-04-27T15:26:31.321+0000] {processor.py:840} INFO - DAG(s) 'clean_orders_csv_dag' retrieved from /opt/airflow/dags/transform_orders_dag.py
[2025-04-27T15:26:31.356+0000] {logging_mixin.py:188} INFO - [2025-04-27T15:26:31.356+0000] {dag.py:3036} INFO - Sync 1 DAGs
[2025-04-27T15:26:31.376+0000] {logging_mixin.py:188} INFO - [2025-04-27T15:26:31.376+0000] {dag.py:3823} INFO - Setting next_dagrun for clean_orders_csv_dag to None, run_after=None
[2025-04-27T15:26:31.418+0000] {processor.py:183} INFO - Processing /opt/airflow/dags/transform_orders_dag.py took 0.341 seconds
[2025-04-27T15:27:01.576+0000] {processor.py:161} INFO - Started process (PID=12248) to work on /opt/airflow/dags/transform_orders_dag.py
[2025-04-27T15:27:01.576+0000] {processor.py:830} INFO - Processing file /opt/airflow/dags/transform_orders_dag.py for tasks to queue
[2025-04-27T15:27:01.578+0000] {logging_mixin.py:188} INFO - [2025-04-27T15:27:01.577+0000] {dagbag.py:538} INFO - Filling up the DagBag from /opt/airflow/dags/transform_orders_dag.py
[2025-04-27T15:27:01.977+0000] {processor.py:840} INFO - DAG(s) 'clean_orders_csv_dag' retrieved from /opt/airflow/dags/transform_orders_dag.py
[2025-04-27T15:27:02.023+0000] {logging_mixin.py:188} INFO - [2025-04-27T15:27:02.023+0000] {dag.py:3036} INFO - Sync 1 DAGs
[2025-04-27T15:27:02.045+0000] {logging_mixin.py:188} INFO - [2025-04-27T15:27:02.045+0000] {dag.py:3823} INFO - Setting next_dagrun for clean_orders_csv_dag to None, run_after=None
[2025-04-27T15:27:02.077+0000] {processor.py:183} INFO - Processing /opt/airflow/dags/transform_orders_dag.py took 0.503 seconds
[2025-04-27T15:27:32.532+0000] {processor.py:161} INFO - Started process (PID=12291) to work on /opt/airflow/dags/transform_orders_dag.py
[2025-04-27T15:27:32.533+0000] {processor.py:830} INFO - Processing file /opt/airflow/dags/transform_orders_dag.py for tasks to queue
[2025-04-27T15:27:32.535+0000] {logging_mixin.py:188} INFO - [2025-04-27T15:27:32.534+0000] {dagbag.py:538} INFO - Filling up the DagBag from /opt/airflow/dags/transform_orders_dag.py
[2025-04-27T15:27:32.795+0000] {processor.py:840} INFO - DAG(s) 'clean_orders_csv_dag' retrieved from /opt/airflow/dags/transform_orders_dag.py
[2025-04-27T15:27:32.828+0000] {logging_mixin.py:188} INFO - [2025-04-27T15:27:32.828+0000] {dag.py:3036} INFO - Sync 1 DAGs
[2025-04-27T15:27:32.844+0000] {logging_mixin.py:188} INFO - [2025-04-27T15:27:32.844+0000] {dag.py:3823} INFO - Setting next_dagrun for clean_orders_csv_dag to None, run_after=None
[2025-04-27T15:27:32.875+0000] {processor.py:183} INFO - Processing /opt/airflow/dags/transform_orders_dag.py took 0.348 seconds
[2025-04-27T15:28:03.226+0000] {processor.py:161} INFO - Started process (PID=12334) to work on /opt/airflow/dags/transform_orders_dag.py
[2025-04-27T15:28:03.227+0000] {processor.py:830} INFO - Processing file /opt/airflow/dags/transform_orders_dag.py for tasks to queue
[2025-04-27T15:28:03.228+0000] {logging_mixin.py:188} INFO - [2025-04-27T15:28:03.228+0000] {dagbag.py:538} INFO - Filling up the DagBag from /opt/airflow/dags/transform_orders_dag.py
[2025-04-27T15:28:03.645+0000] {processor.py:840} INFO - DAG(s) 'clean_orders_csv_dag' retrieved from /opt/airflow/dags/transform_orders_dag.py
[2025-04-27T15:28:03.680+0000] {logging_mixin.py:188} INFO - [2025-04-27T15:28:03.679+0000] {dag.py:3036} INFO - Sync 1 DAGs
[2025-04-27T15:28:03.696+0000] {logging_mixin.py:188} INFO - [2025-04-27T15:28:03.696+0000] {dag.py:3823} INFO - Setting next_dagrun for clean_orders_csv_dag to None, run_after=None
[2025-04-27T15:28:03.731+0000] {processor.py:183} INFO - Processing /opt/airflow/dags/transform_orders_dag.py took 0.508 seconds
[2025-04-27T15:28:34.553+0000] {processor.py:161} INFO - Started process (PID=12377) to work on /opt/airflow/dags/transform_orders_dag.py
[2025-04-27T15:28:34.554+0000] {processor.py:830} INFO - Processing file /opt/airflow/dags/transform_orders_dag.py for tasks to queue
[2025-04-27T15:28:34.555+0000] {logging_mixin.py:188} INFO - [2025-04-27T15:28:34.555+0000] {dagbag.py:538} INFO - Filling up the DagBag from /opt/airflow/dags/transform_orders_dag.py
[2025-04-27T15:28:34.840+0000] {processor.py:840} INFO - DAG(s) 'clean_orders_csv_dag' retrieved from /opt/airflow/dags/transform_orders_dag.py
[2025-04-27T15:28:34.875+0000] {logging_mixin.py:188} INFO - [2025-04-27T15:28:34.874+0000] {dag.py:3036} INFO - Sync 1 DAGs
[2025-04-27T15:28:34.903+0000] {logging_mixin.py:188} INFO - [2025-04-27T15:28:34.902+0000] {dag.py:3823} INFO - Setting next_dagrun for clean_orders_csv_dag to None, run_after=None
[2025-04-27T15:28:34.942+0000] {processor.py:183} INFO - Processing /opt/airflow/dags/transform_orders_dag.py took 0.391 seconds
[2025-04-27T15:29:05.226+0000] {processor.py:161} INFO - Started process (PID=12420) to work on /opt/airflow/dags/transform_orders_dag.py
[2025-04-27T15:29:05.227+0000] {processor.py:830} INFO - Processing file /opt/airflow/dags/transform_orders_dag.py for tasks to queue
[2025-04-27T15:29:05.228+0000] {logging_mixin.py:188} INFO - [2025-04-27T15:29:05.227+0000] {dagbag.py:538} INFO - Filling up the DagBag from /opt/airflow/dags/transform_orders_dag.py
[2025-04-27T15:29:05.495+0000] {processor.py:840} INFO - DAG(s) 'clean_orders_csv_dag' retrieved from /opt/airflow/dags/transform_orders_dag.py
[2025-04-27T15:29:05.522+0000] {logging_mixin.py:188} INFO - [2025-04-27T15:29:05.522+0000] {dag.py:3036} INFO - Sync 1 DAGs
[2025-04-27T15:29:05.535+0000] {logging_mixin.py:188} INFO - [2025-04-27T15:29:05.535+0000] {dag.py:3823} INFO - Setting next_dagrun for clean_orders_csv_dag to None, run_after=None
[2025-04-27T15:29:05.558+0000] {processor.py:183} INFO - Processing /opt/airflow/dags/transform_orders_dag.py took 0.335 seconds
[2025-04-27T15:29:35.930+0000] {processor.py:161} INFO - Started process (PID=12463) to work on /opt/airflow/dags/transform_orders_dag.py
[2025-04-27T15:29:35.932+0000] {processor.py:830} INFO - Processing file /opt/airflow/dags/transform_orders_dag.py for tasks to queue
[2025-04-27T15:29:35.934+0000] {logging_mixin.py:188} INFO - [2025-04-27T15:29:35.934+0000] {dagbag.py:538} INFO - Filling up the DagBag from /opt/airflow/dags/transform_orders_dag.py
[2025-04-27T15:29:36.445+0000] {processor.py:840} INFO - DAG(s) 'clean_orders_csv_dag' retrieved from /opt/airflow/dags/transform_orders_dag.py
[2025-04-27T15:29:36.502+0000] {logging_mixin.py:188} INFO - [2025-04-27T15:29:36.501+0000] {dag.py:3036} INFO - Sync 1 DAGs
[2025-04-27T15:29:36.533+0000] {logging_mixin.py:188} INFO - [2025-04-27T15:29:36.532+0000] {dag.py:3823} INFO - Setting next_dagrun for clean_orders_csv_dag to None, run_after=None
[2025-04-27T15:29:36.575+0000] {processor.py:183} INFO - Processing /opt/airflow/dags/transform_orders_dag.py took 0.648 seconds
[2025-04-27T15:30:07.326+0000] {processor.py:161} INFO - Started process (PID=12506) to work on /opt/airflow/dags/transform_orders_dag.py
[2025-04-27T15:30:07.327+0000] {processor.py:830} INFO - Processing file /opt/airflow/dags/transform_orders_dag.py for tasks to queue
[2025-04-27T15:30:07.328+0000] {logging_mixin.py:188} INFO - [2025-04-27T15:30:07.327+0000] {dagbag.py:538} INFO - Filling up the DagBag from /opt/airflow/dags/transform_orders_dag.py
[2025-04-27T15:30:07.622+0000] {processor.py:840} INFO - DAG(s) 'clean_orders_csv_dag' retrieved from /opt/airflow/dags/transform_orders_dag.py
[2025-04-27T15:30:07.649+0000] {logging_mixin.py:188} INFO - [2025-04-27T15:30:07.649+0000] {dag.py:3036} INFO - Sync 1 DAGs
[2025-04-27T15:30:07.661+0000] {logging_mixin.py:188} INFO - [2025-04-27T15:30:07.661+0000] {dag.py:3823} INFO - Setting next_dagrun for clean_orders_csv_dag to None, run_after=None
[2025-04-27T15:30:07.691+0000] {processor.py:183} INFO - Processing /opt/airflow/dags/transform_orders_dag.py took 0.368 seconds
[2025-04-27T15:30:37.758+0000] {processor.py:161} INFO - Started process (PID=12549) to work on /opt/airflow/dags/transform_orders_dag.py
[2025-04-27T15:30:37.759+0000] {processor.py:830} INFO - Processing file /opt/airflow/dags/transform_orders_dag.py for tasks to queue
[2025-04-27T15:30:37.760+0000] {logging_mixin.py:188} INFO - [2025-04-27T15:30:37.759+0000] {dagbag.py:538} INFO - Filling up the DagBag from /opt/airflow/dags/transform_orders_dag.py
[2025-04-27T15:30:38.052+0000] {processor.py:840} INFO - DAG(s) 'clean_orders_csv_dag' retrieved from /opt/airflow/dags/transform_orders_dag.py
[2025-04-27T15:30:38.087+0000] {logging_mixin.py:188} INFO - [2025-04-27T15:30:38.086+0000] {dag.py:3036} INFO - Sync 1 DAGs
[2025-04-27T15:30:38.103+0000] {logging_mixin.py:188} INFO - [2025-04-27T15:30:38.102+0000] {dag.py:3823} INFO - Setting next_dagrun for clean_orders_csv_dag to None, run_after=None
[2025-04-27T15:30:38.136+0000] {processor.py:183} INFO - Processing /opt/airflow/dags/transform_orders_dag.py took 0.381 seconds
[2025-04-27T17:17:56.293+0000] {processor.py:161} INFO - Started process (PID=12617) to work on /opt/airflow/dags/transform_orders_dag.py
[2025-04-27T17:17:56.296+0000] {processor.py:830} INFO - Processing file /opt/airflow/dags/transform_orders_dag.py for tasks to queue
[2025-04-27T17:17:56.308+0000] {logging_mixin.py:188} INFO - [2025-04-27T17:17:56.307+0000] {dagbag.py:538} INFO - Filling up the DagBag from /opt/airflow/dags/transform_orders_dag.py
[2025-04-27T17:17:57.042+0000] {processor.py:840} INFO - DAG(s) 'clean_orders_csv_dag' retrieved from /opt/airflow/dags/transform_orders_dag.py
[2025-04-27T17:17:57.160+0000] {logging_mixin.py:188} INFO - [2025-04-27T17:17:57.160+0000] {dag.py:3036} INFO - Sync 1 DAGs
[2025-04-27T17:17:57.188+0000] {logging_mixin.py:188} INFO - [2025-04-27T17:17:57.187+0000] {dag.py:3823} INFO - Setting next_dagrun for clean_orders_csv_dag to None, run_after=None
[2025-04-27T17:17:57.256+0000] {processor.py:183} INFO - Processing /opt/airflow/dags/transform_orders_dag.py took 0.976 seconds
[2025-04-27T17:18:27.620+0000] {processor.py:161} INFO - Started process (PID=12659) to work on /opt/airflow/dags/transform_orders_dag.py
[2025-04-27T17:18:27.620+0000] {processor.py:830} INFO - Processing file /opt/airflow/dags/transform_orders_dag.py for tasks to queue
[2025-04-27T17:18:27.622+0000] {logging_mixin.py:188} INFO - [2025-04-27T17:18:27.621+0000] {dagbag.py:538} INFO - Filling up the DagBag from /opt/airflow/dags/transform_orders_dag.py
[2025-04-27T17:18:27.918+0000] {processor.py:840} INFO - DAG(s) 'clean_orders_csv_dag' retrieved from /opt/airflow/dags/transform_orders_dag.py
[2025-04-27T17:18:27.951+0000] {logging_mixin.py:188} INFO - [2025-04-27T17:18:27.950+0000] {dag.py:3036} INFO - Sync 1 DAGs
[2025-04-27T17:18:28.072+0000] {logging_mixin.py:188} INFO - [2025-04-27T17:18:28.072+0000] {dag.py:3823} INFO - Setting next_dagrun for clean_orders_csv_dag to None, run_after=None
[2025-04-27T17:18:28.221+0000] {processor.py:183} INFO - Processing /opt/airflow/dags/transform_orders_dag.py took 0.605 seconds
[2025-04-27T17:18:58.566+0000] {processor.py:161} INFO - Started process (PID=12705) to work on /opt/airflow/dags/transform_orders_dag.py
[2025-04-27T17:18:58.567+0000] {processor.py:830} INFO - Processing file /opt/airflow/dags/transform_orders_dag.py for tasks to queue
[2025-04-27T17:18:58.568+0000] {logging_mixin.py:188} INFO - [2025-04-27T17:18:58.568+0000] {dagbag.py:538} INFO - Filling up the DagBag from /opt/airflow/dags/transform_orders_dag.py
[2025-04-27T17:18:58.843+0000] {processor.py:840} INFO - DAG(s) 'clean_orders_csv_dag' retrieved from /opt/airflow/dags/transform_orders_dag.py
[2025-04-27T17:18:58.863+0000] {logging_mixin.py:188} INFO - [2025-04-27T17:18:58.862+0000] {dag.py:3036} INFO - Sync 1 DAGs
[2025-04-27T17:18:58.874+0000] {logging_mixin.py:188} INFO - [2025-04-27T17:18:58.874+0000] {dag.py:3823} INFO - Setting next_dagrun for clean_orders_csv_dag to None, run_after=None
[2025-04-27T17:18:58.890+0000] {processor.py:183} INFO - Processing /opt/airflow/dags/transform_orders_dag.py took 0.328 seconds
[2025-04-27T17:19:28.971+0000] {processor.py:161} INFO - Started process (PID=12748) to work on /opt/airflow/dags/transform_orders_dag.py
[2025-04-27T17:19:28.972+0000] {processor.py:830} INFO - Processing file /opt/airflow/dags/transform_orders_dag.py for tasks to queue
[2025-04-27T17:19:28.973+0000] {logging_mixin.py:188} INFO - [2025-04-27T17:19:28.973+0000] {dagbag.py:538} INFO - Filling up the DagBag from /opt/airflow/dags/transform_orders_dag.py
[2025-04-27T17:19:29.195+0000] {processor.py:840} INFO - DAG(s) 'clean_orders_csv_dag' retrieved from /opt/airflow/dags/transform_orders_dag.py
[2025-04-27T17:19:29.213+0000] {logging_mixin.py:188} INFO - [2025-04-27T17:19:29.212+0000] {dag.py:3036} INFO - Sync 1 DAGs
[2025-04-27T17:19:29.223+0000] {logging_mixin.py:188} INFO - [2025-04-27T17:19:29.223+0000] {dag.py:3823} INFO - Setting next_dagrun for clean_orders_csv_dag to None, run_after=None
[2025-04-27T17:19:29.237+0000] {processor.py:183} INFO - Processing /opt/airflow/dags/transform_orders_dag.py took 0.269 seconds
[2025-04-27T17:19:59.351+0000] {processor.py:161} INFO - Started process (PID=12794) to work on /opt/airflow/dags/transform_orders_dag.py
[2025-04-27T17:19:59.352+0000] {processor.py:830} INFO - Processing file /opt/airflow/dags/transform_orders_dag.py for tasks to queue
[2025-04-27T17:19:59.354+0000] {logging_mixin.py:188} INFO - [2025-04-27T17:19:59.354+0000] {dagbag.py:538} INFO - Filling up the DagBag from /opt/airflow/dags/transform_orders_dag.py
[2025-04-27T17:19:59.657+0000] {processor.py:840} INFO - DAG(s) 'clean_orders_csv_dag' retrieved from /opt/airflow/dags/transform_orders_dag.py
[2025-04-27T17:19:59.677+0000] {logging_mixin.py:188} INFO - [2025-04-27T17:19:59.676+0000] {dag.py:3036} INFO - Sync 1 DAGs
[2025-04-27T17:19:59.687+0000] {logging_mixin.py:188} INFO - [2025-04-27T17:19:59.686+0000] {dag.py:3823} INFO - Setting next_dagrun for clean_orders_csv_dag to None, run_after=None
[2025-04-27T17:19:59.703+0000] {processor.py:183} INFO - Processing /opt/airflow/dags/transform_orders_dag.py took 0.354 seconds
[2025-04-27T17:20:30.497+0000] {processor.py:161} INFO - Started process (PID=12836) to work on /opt/airflow/dags/transform_orders_dag.py
[2025-04-27T17:20:30.498+0000] {processor.py:830} INFO - Processing file /opt/airflow/dags/transform_orders_dag.py for tasks to queue
[2025-04-27T17:20:30.499+0000] {logging_mixin.py:188} INFO - [2025-04-27T17:20:30.498+0000] {dagbag.py:538} INFO - Filling up the DagBag from /opt/airflow/dags/transform_orders_dag.py
[2025-04-27T17:20:30.753+0000] {processor.py:840} INFO - DAG(s) 'clean_orders_csv_dag' retrieved from /opt/airflow/dags/transform_orders_dag.py
[2025-04-27T17:20:30.789+0000] {logging_mixin.py:188} INFO - [2025-04-27T17:20:30.789+0000] {dag.py:3036} INFO - Sync 1 DAGs
[2025-04-27T17:20:30.842+0000] {logging_mixin.py:188} INFO - [2025-04-27T17:20:30.841+0000] {dag.py:3823} INFO - Setting next_dagrun for clean_orders_csv_dag to None, run_after=None
[2025-04-27T17:20:30.870+0000] {processor.py:183} INFO - Processing /opt/airflow/dags/transform_orders_dag.py took 0.376 seconds
[2025-04-27T17:21:00.996+0000] {processor.py:161} INFO - Started process (PID=12879) to work on /opt/airflow/dags/transform_orders_dag.py
[2025-04-27T17:21:00.997+0000] {processor.py:830} INFO - Processing file /opt/airflow/dags/transform_orders_dag.py for tasks to queue
[2025-04-27T17:21:00.999+0000] {logging_mixin.py:188} INFO - [2025-04-27T17:21:00.998+0000] {dagbag.py:538} INFO - Filling up the DagBag from /opt/airflow/dags/transform_orders_dag.py
[2025-04-27T17:21:01.264+0000] {processor.py:840} INFO - DAG(s) 'clean_orders_csv_dag' retrieved from /opt/airflow/dags/transform_orders_dag.py
[2025-04-27T17:21:01.291+0000] {logging_mixin.py:188} INFO - [2025-04-27T17:21:01.290+0000] {dag.py:3036} INFO - Sync 1 DAGs
[2025-04-27T17:21:01.374+0000] {logging_mixin.py:188} INFO - [2025-04-27T17:21:01.374+0000] {dag.py:3823} INFO - Setting next_dagrun for clean_orders_csv_dag to None, run_after=None
[2025-04-27T17:21:01.404+0000] {processor.py:183} INFO - Processing /opt/airflow/dags/transform_orders_dag.py took 0.411 seconds
[2025-04-27T17:21:32.301+0000] {processor.py:161} INFO - Started process (PID=12922) to work on /opt/airflow/dags/transform_orders_dag.py
[2025-04-27T17:21:32.302+0000] {processor.py:830} INFO - Processing file /opt/airflow/dags/transform_orders_dag.py for tasks to queue
[2025-04-27T17:21:32.303+0000] {logging_mixin.py:188} INFO - [2025-04-27T17:21:32.302+0000] {dagbag.py:538} INFO - Filling up the DagBag from /opt/airflow/dags/transform_orders_dag.py
[2025-04-27T17:21:32.643+0000] {processor.py:840} INFO - DAG(s) 'clean_orders_csv_dag' retrieved from /opt/airflow/dags/transform_orders_dag.py
[2025-04-27T17:21:32.695+0000] {logging_mixin.py:188} INFO - [2025-04-27T17:21:32.690+0000] {dag.py:3036} INFO - Sync 1 DAGs
[2025-04-27T17:21:32.746+0000] {logging_mixin.py:188} INFO - [2025-04-27T17:21:32.746+0000] {dag.py:3823} INFO - Setting next_dagrun for clean_orders_csv_dag to None, run_after=None
[2025-04-27T17:21:32.811+0000] {processor.py:183} INFO - Processing /opt/airflow/dags/transform_orders_dag.py took 0.513 seconds
[2025-04-27T17:22:03.499+0000] {processor.py:161} INFO - Started process (PID=12965) to work on /opt/airflow/dags/transform_orders_dag.py
[2025-04-27T17:22:03.500+0000] {processor.py:830} INFO - Processing file /opt/airflow/dags/transform_orders_dag.py for tasks to queue
[2025-04-27T17:22:03.501+0000] {logging_mixin.py:188} INFO - [2025-04-27T17:22:03.501+0000] {dagbag.py:538} INFO - Filling up the DagBag from /opt/airflow/dags/transform_orders_dag.py
[2025-04-27T17:22:03.788+0000] {processor.py:840} INFO - DAG(s) 'clean_orders_csv_dag' retrieved from /opt/airflow/dags/transform_orders_dag.py
[2025-04-27T17:22:03.813+0000] {logging_mixin.py:188} INFO - [2025-04-27T17:22:03.813+0000] {dag.py:3036} INFO - Sync 1 DAGs
[2025-04-27T17:22:03.826+0000] {logging_mixin.py:188} INFO - [2025-04-27T17:22:03.826+0000] {dag.py:3823} INFO - Setting next_dagrun for clean_orders_csv_dag to None, run_after=None
[2025-04-27T17:22:03.847+0000] {processor.py:183} INFO - Processing /opt/airflow/dags/transform_orders_dag.py took 0.351 seconds
[2025-04-27T17:22:34.859+0000] {processor.py:161} INFO - Started process (PID=13008) to work on /opt/airflow/dags/transform_orders_dag.py
[2025-04-27T17:22:34.860+0000] {processor.py:830} INFO - Processing file /opt/airflow/dags/transform_orders_dag.py for tasks to queue
[2025-04-27T17:22:34.861+0000] {logging_mixin.py:188} INFO - [2025-04-27T17:22:34.860+0000] {dagbag.py:538} INFO - Filling up the DagBag from /opt/airflow/dags/transform_orders_dag.py
[2025-04-27T17:22:35.097+0000] {processor.py:840} INFO - DAG(s) 'clean_orders_csv_dag' retrieved from /opt/airflow/dags/transform_orders_dag.py
[2025-04-27T17:22:35.122+0000] {logging_mixin.py:188} INFO - [2025-04-27T17:22:35.122+0000] {dag.py:3036} INFO - Sync 1 DAGs
[2025-04-27T17:22:35.133+0000] {logging_mixin.py:188} INFO - [2025-04-27T17:22:35.132+0000] {dag.py:3823} INFO - Setting next_dagrun for clean_orders_csv_dag to None, run_after=None
[2025-04-27T17:22:35.163+0000] {processor.py:183} INFO - Processing /opt/airflow/dags/transform_orders_dag.py took 0.307 seconds
[2025-04-27T17:23:05.353+0000] {processor.py:161} INFO - Started process (PID=13051) to work on /opt/airflow/dags/transform_orders_dag.py
[2025-04-27T17:23:05.354+0000] {processor.py:830} INFO - Processing file /opt/airflow/dags/transform_orders_dag.py for tasks to queue
[2025-04-27T17:23:05.355+0000] {logging_mixin.py:188} INFO - [2025-04-27T17:23:05.355+0000] {dagbag.py:538} INFO - Filling up the DagBag from /opt/airflow/dags/transform_orders_dag.py
[2025-04-27T17:23:05.718+0000] {processor.py:840} INFO - DAG(s) 'clean_orders_csv_dag' retrieved from /opt/airflow/dags/transform_orders_dag.py
[2025-04-27T17:23:05.742+0000] {logging_mixin.py:188} INFO - [2025-04-27T17:23:05.741+0000] {dag.py:3036} INFO - Sync 1 DAGs
[2025-04-27T17:23:05.753+0000] {logging_mixin.py:188} INFO - [2025-04-27T17:23:05.753+0000] {dag.py:3823} INFO - Setting next_dagrun for clean_orders_csv_dag to None, run_after=None
[2025-04-27T17:23:05.772+0000] {processor.py:183} INFO - Processing /opt/airflow/dags/transform_orders_dag.py took 0.422 seconds
[2025-04-27T17:27:45.842+0000] {processor.py:161} INFO - Started process (PID=13092) to work on /opt/airflow/dags/transform_orders_dag.py
[2025-04-27T17:27:45.851+0000] {processor.py:830} INFO - Processing file /opt/airflow/dags/transform_orders_dag.py for tasks to queue
[2025-04-27T17:27:45.887+0000] {logging_mixin.py:188} INFO - [2025-04-27T17:27:45.874+0000] {dagbag.py:538} INFO - Filling up the DagBag from /opt/airflow/dags/transform_orders_dag.py
[2025-04-27T17:27:46.639+0000] {processor.py:840} INFO - DAG(s) 'clean_orders_csv_dag' retrieved from /opt/airflow/dags/transform_orders_dag.py
[2025-04-27T17:27:46.697+0000] {logging_mixin.py:188} INFO - [2025-04-27T17:27:46.697+0000] {dag.py:3036} INFO - Sync 1 DAGs
[2025-04-27T17:27:46.732+0000] {logging_mixin.py:188} INFO - [2025-04-27T17:27:46.731+0000] {dag.py:3823} INFO - Setting next_dagrun for clean_orders_csv_dag to None, run_after=None
[2025-04-27T17:27:46.784+0000] {processor.py:183} INFO - Processing /opt/airflow/dags/transform_orders_dag.py took 0.947 seconds
[2025-04-27T17:28:16.922+0000] {processor.py:161} INFO - Started process (PID=13134) to work on /opt/airflow/dags/transform_orders_dag.py
[2025-04-27T17:28:16.923+0000] {processor.py:830} INFO - Processing file /opt/airflow/dags/transform_orders_dag.py for tasks to queue
[2025-04-27T17:28:16.924+0000] {logging_mixin.py:188} INFO - [2025-04-27T17:28:16.924+0000] {dagbag.py:538} INFO - Filling up the DagBag from /opt/airflow/dags/transform_orders_dag.py
[2025-04-27T17:28:17.148+0000] {processor.py:840} INFO - DAG(s) 'clean_orders_csv_dag' retrieved from /opt/airflow/dags/transform_orders_dag.py
[2025-04-27T17:28:17.262+0000] {logging_mixin.py:188} INFO - [2025-04-27T17:28:17.261+0000] {dag.py:3036} INFO - Sync 1 DAGs
[2025-04-27T17:28:17.279+0000] {logging_mixin.py:188} INFO - [2025-04-27T17:28:17.279+0000] {dag.py:3823} INFO - Setting next_dagrun for clean_orders_csv_dag to None, run_after=None
[2025-04-27T17:28:17.306+0000] {processor.py:183} INFO - Processing /opt/airflow/dags/transform_orders_dag.py took 0.386 seconds
[2025-04-27T17:28:47.886+0000] {processor.py:161} INFO - Started process (PID=13177) to work on /opt/airflow/dags/transform_orders_dag.py
[2025-04-27T17:28:47.887+0000] {processor.py:830} INFO - Processing file /opt/airflow/dags/transform_orders_dag.py for tasks to queue
[2025-04-27T17:28:47.888+0000] {logging_mixin.py:188} INFO - [2025-04-27T17:28:47.888+0000] {dagbag.py:538} INFO - Filling up the DagBag from /opt/airflow/dags/transform_orders_dag.py
[2025-04-27T17:28:48.112+0000] {processor.py:840} INFO - DAG(s) 'clean_orders_csv_dag' retrieved from /opt/airflow/dags/transform_orders_dag.py
[2025-04-27T17:28:48.142+0000] {logging_mixin.py:188} INFO - [2025-04-27T17:28:48.141+0000] {dag.py:3036} INFO - Sync 1 DAGs
[2025-04-27T17:28:48.217+0000] {logging_mixin.py:188} INFO - [2025-04-27T17:28:48.216+0000] {dag.py:3823} INFO - Setting next_dagrun for clean_orders_csv_dag to None, run_after=None
[2025-04-27T17:28:48.248+0000] {processor.py:183} INFO - Processing /opt/airflow/dags/transform_orders_dag.py took 0.367 seconds
[2025-04-27T17:29:19.161+0000] {processor.py:161} INFO - Started process (PID=13220) to work on /opt/airflow/dags/transform_orders_dag.py
[2025-04-27T17:29:19.162+0000] {processor.py:830} INFO - Processing file /opt/airflow/dags/transform_orders_dag.py for tasks to queue
[2025-04-27T17:29:19.163+0000] {logging_mixin.py:188} INFO - [2025-04-27T17:29:19.163+0000] {dagbag.py:538} INFO - Filling up the DagBag from /opt/airflow/dags/transform_orders_dag.py
[2025-04-27T17:29:19.388+0000] {processor.py:840} INFO - DAG(s) 'clean_orders_csv_dag' retrieved from /opt/airflow/dags/transform_orders_dag.py
[2025-04-27T17:29:19.409+0000] {logging_mixin.py:188} INFO - [2025-04-27T17:29:19.409+0000] {dag.py:3036} INFO - Sync 1 DAGs
[2025-04-27T17:29:19.421+0000] {logging_mixin.py:188} INFO - [2025-04-27T17:29:19.420+0000] {dag.py:3823} INFO - Setting next_dagrun for clean_orders_csv_dag to None, run_after=None
[2025-04-27T17:29:19.450+0000] {processor.py:183} INFO - Processing /opt/airflow/dags/transform_orders_dag.py took 0.291 seconds
[2025-04-27T17:29:49.975+0000] {processor.py:161} INFO - Started process (PID=13263) to work on /opt/airflow/dags/transform_orders_dag.py
[2025-04-27T17:29:49.976+0000] {processor.py:830} INFO - Processing file /opt/airflow/dags/transform_orders_dag.py for tasks to queue
[2025-04-27T17:29:49.977+0000] {logging_mixin.py:188} INFO - [2025-04-27T17:29:49.977+0000] {dagbag.py:538} INFO - Filling up the DagBag from /opt/airflow/dags/transform_orders_dag.py
[2025-04-27T17:29:50.243+0000] {processor.py:840} INFO - DAG(s) 'clean_orders_csv_dag' retrieved from /opt/airflow/dags/transform_orders_dag.py
[2025-04-27T17:29:50.269+0000] {logging_mixin.py:188} INFO - [2025-04-27T17:29:50.269+0000] {dag.py:3036} INFO - Sync 1 DAGs
[2025-04-27T17:29:50.280+0000] {logging_mixin.py:188} INFO - [2025-04-27T17:29:50.280+0000] {dag.py:3823} INFO - Setting next_dagrun for clean_orders_csv_dag to None, run_after=None
[2025-04-27T17:29:50.501+0000] {processor.py:183} INFO - Processing /opt/airflow/dags/transform_orders_dag.py took 0.529 seconds
[2025-04-27T17:30:20.697+0000] {processor.py:161} INFO - Started process (PID=13306) to work on /opt/airflow/dags/transform_orders_dag.py
[2025-04-27T17:30:20.699+0000] {processor.py:830} INFO - Processing file /opt/airflow/dags/transform_orders_dag.py for tasks to queue
[2025-04-27T17:30:20.702+0000] {logging_mixin.py:188} INFO - [2025-04-27T17:30:20.701+0000] {dagbag.py:538} INFO - Filling up the DagBag from /opt/airflow/dags/transform_orders_dag.py
[2025-04-27T17:30:20.951+0000] {processor.py:840} INFO - DAG(s) 'clean_orders_csv_dag' retrieved from /opt/airflow/dags/transform_orders_dag.py
[2025-04-27T17:30:20.982+0000] {logging_mixin.py:188} INFO - [2025-04-27T17:30:20.981+0000] {dag.py:3036} INFO - Sync 1 DAGs
[2025-04-27T17:30:21.021+0000] {logging_mixin.py:188} INFO - [2025-04-27T17:30:21.021+0000] {dag.py:3823} INFO - Setting next_dagrun for clean_orders_csv_dag to None, run_after=None
[2025-04-27T17:30:21.819+0000] {processor.py:183} INFO - Processing /opt/airflow/dags/transform_orders_dag.py took 1.127 seconds
[2025-04-27T17:30:52.437+0000] {processor.py:161} INFO - Started process (PID=13349) to work on /opt/airflow/dags/transform_orders_dag.py
[2025-04-27T17:30:52.439+0000] {processor.py:830} INFO - Processing file /opt/airflow/dags/transform_orders_dag.py for tasks to queue
[2025-04-27T17:30:52.440+0000] {logging_mixin.py:188} INFO - [2025-04-27T17:30:52.439+0000] {dagbag.py:538} INFO - Filling up the DagBag from /opt/airflow/dags/transform_orders_dag.py
[2025-04-27T17:30:52.907+0000] {processor.py:840} INFO - DAG(s) 'clean_orders_csv_dag' retrieved from /opt/airflow/dags/transform_orders_dag.py
[2025-04-27T17:30:52.959+0000] {logging_mixin.py:188} INFO - [2025-04-27T17:30:52.958+0000] {dag.py:3036} INFO - Sync 1 DAGs
[2025-04-27T17:30:52.987+0000] {logging_mixin.py:188} INFO - [2025-04-27T17:30:52.987+0000] {dag.py:3823} INFO - Setting next_dagrun for clean_orders_csv_dag to None, run_after=None
[2025-04-27T17:30:53.026+0000] {processor.py:183} INFO - Processing /opt/airflow/dags/transform_orders_dag.py took 0.593 seconds
[2025-04-27T17:31:23.109+0000] {processor.py:161} INFO - Started process (PID=13392) to work on /opt/airflow/dags/transform_orders_dag.py
[2025-04-27T17:31:23.110+0000] {processor.py:830} INFO - Processing file /opt/airflow/dags/transform_orders_dag.py for tasks to queue
[2025-04-27T17:31:23.111+0000] {logging_mixin.py:188} INFO - [2025-04-27T17:31:23.111+0000] {dagbag.py:538} INFO - Filling up the DagBag from /opt/airflow/dags/transform_orders_dag.py
[2025-04-27T17:31:23.337+0000] {processor.py:840} INFO - DAG(s) 'clean_orders_csv_dag' retrieved from /opt/airflow/dags/transform_orders_dag.py
[2025-04-27T17:31:23.360+0000] {logging_mixin.py:188} INFO - [2025-04-27T17:31:23.359+0000] {dag.py:3036} INFO - Sync 1 DAGs
[2025-04-27T17:31:23.370+0000] {logging_mixin.py:188} INFO - [2025-04-27T17:31:23.370+0000] {dag.py:3823} INFO - Setting next_dagrun for clean_orders_csv_dag to None, run_after=None
[2025-04-27T17:31:23.389+0000] {processor.py:183} INFO - Processing /opt/airflow/dags/transform_orders_dag.py took 0.283 seconds
[2025-04-27T17:31:53.686+0000] {processor.py:161} INFO - Started process (PID=13435) to work on /opt/airflow/dags/transform_orders_dag.py
[2025-04-27T17:31:53.689+0000] {processor.py:830} INFO - Processing file /opt/airflow/dags/transform_orders_dag.py for tasks to queue
[2025-04-27T17:31:53.691+0000] {logging_mixin.py:188} INFO - [2025-04-27T17:31:53.690+0000] {dagbag.py:538} INFO - Filling up the DagBag from /opt/airflow/dags/transform_orders_dag.py
[2025-04-27T17:31:54.040+0000] {processor.py:840} INFO - DAG(s) 'clean_orders_csv_dag' retrieved from /opt/airflow/dags/transform_orders_dag.py
[2025-04-27T17:31:54.105+0000] {logging_mixin.py:188} INFO - [2025-04-27T17:31:54.104+0000] {dag.py:3036} INFO - Sync 1 DAGs
[2025-04-27T17:31:54.245+0000] {logging_mixin.py:188} INFO - [2025-04-27T17:31:54.244+0000] {dag.py:3823} INFO - Setting next_dagrun for clean_orders_csv_dag to None, run_after=None
[2025-04-27T17:31:54.303+0000] {processor.py:183} INFO - Processing /opt/airflow/dags/transform_orders_dag.py took 0.624 seconds
[2025-04-27T17:32:24.819+0000] {processor.py:161} INFO - Started process (PID=13478) to work on /opt/airflow/dags/transform_orders_dag.py
[2025-04-27T17:32:24.820+0000] {processor.py:830} INFO - Processing file /opt/airflow/dags/transform_orders_dag.py for tasks to queue
[2025-04-27T17:32:24.821+0000] {logging_mixin.py:188} INFO - [2025-04-27T17:32:24.821+0000] {dagbag.py:538} INFO - Filling up the DagBag from /opt/airflow/dags/transform_orders_dag.py
[2025-04-27T17:32:25.067+0000] {processor.py:840} INFO - DAG(s) 'clean_orders_csv_dag' retrieved from /opt/airflow/dags/transform_orders_dag.py
[2025-04-27T17:32:25.088+0000] {logging_mixin.py:188} INFO - [2025-04-27T17:32:25.088+0000] {dag.py:3036} INFO - Sync 1 DAGs
[2025-04-27T17:32:25.099+0000] {logging_mixin.py:188} INFO - [2025-04-27T17:32:25.099+0000] {dag.py:3823} INFO - Setting next_dagrun for clean_orders_csv_dag to None, run_after=None
[2025-04-27T17:32:25.117+0000] {processor.py:183} INFO - Processing /opt/airflow/dags/transform_orders_dag.py took 0.301 seconds
[2025-04-27T17:32:55.397+0000] {processor.py:161} INFO - Started process (PID=13521) to work on /opt/airflow/dags/transform_orders_dag.py
[2025-04-27T17:32:55.398+0000] {processor.py:830} INFO - Processing file /opt/airflow/dags/transform_orders_dag.py for tasks to queue
[2025-04-27T17:32:55.399+0000] {logging_mixin.py:188} INFO - [2025-04-27T17:32:55.398+0000] {dagbag.py:538} INFO - Filling up the DagBag from /opt/airflow/dags/transform_orders_dag.py
[2025-04-27T17:32:55.631+0000] {processor.py:840} INFO - DAG(s) 'clean_orders_csv_dag' retrieved from /opt/airflow/dags/transform_orders_dag.py
[2025-04-27T17:32:55.658+0000] {logging_mixin.py:188} INFO - [2025-04-27T17:32:55.658+0000] {dag.py:3036} INFO - Sync 1 DAGs
[2025-04-27T17:32:55.671+0000] {logging_mixin.py:188} INFO - [2025-04-27T17:32:55.671+0000] {dag.py:3823} INFO - Setting next_dagrun for clean_orders_csv_dag to None, run_after=None
[2025-04-27T17:32:55.692+0000] {processor.py:183} INFO - Processing /opt/airflow/dags/transform_orders_dag.py took 0.298 seconds
[2025-04-27T17:33:26.654+0000] {processor.py:161} INFO - Started process (PID=13564) to work on /opt/airflow/dags/transform_orders_dag.py
[2025-04-27T17:33:26.655+0000] {processor.py:830} INFO - Processing file /opt/airflow/dags/transform_orders_dag.py for tasks to queue
[2025-04-27T17:33:26.656+0000] {logging_mixin.py:188} INFO - [2025-04-27T17:33:26.655+0000] {dagbag.py:538} INFO - Filling up the DagBag from /opt/airflow/dags/transform_orders_dag.py
[2025-04-27T17:33:26.915+0000] {processor.py:840} INFO - DAG(s) 'clean_orders_csv_dag' retrieved from /opt/airflow/dags/transform_orders_dag.py
[2025-04-27T17:33:26.941+0000] {logging_mixin.py:188} INFO - [2025-04-27T17:33:26.940+0000] {dag.py:3036} INFO - Sync 1 DAGs
[2025-04-27T17:33:26.953+0000] {logging_mixin.py:188} INFO - [2025-04-27T17:33:26.953+0000] {dag.py:3823} INFO - Setting next_dagrun for clean_orders_csv_dag to None, run_after=None
[2025-04-27T17:33:26.973+0000] {processor.py:183} INFO - Processing /opt/airflow/dags/transform_orders_dag.py took 0.324 seconds
[2025-04-27T17:33:57.269+0000] {processor.py:161} INFO - Started process (PID=13607) to work on /opt/airflow/dags/transform_orders_dag.py
[2025-04-27T17:33:57.271+0000] {processor.py:830} INFO - Processing file /opt/airflow/dags/transform_orders_dag.py for tasks to queue
[2025-04-27T17:33:57.273+0000] {logging_mixin.py:188} INFO - [2025-04-27T17:33:57.272+0000] {dagbag.py:538} INFO - Filling up the DagBag from /opt/airflow/dags/transform_orders_dag.py
[2025-04-27T17:33:57.573+0000] {processor.py:840} INFO - DAG(s) 'clean_orders_csv_dag' retrieved from /opt/airflow/dags/transform_orders_dag.py
[2025-04-27T17:33:57.606+0000] {logging_mixin.py:188} INFO - [2025-04-27T17:33:57.605+0000] {dag.py:3036} INFO - Sync 1 DAGs
[2025-04-27T17:33:57.621+0000] {logging_mixin.py:188} INFO - [2025-04-27T17:33:57.621+0000] {dag.py:3823} INFO - Setting next_dagrun for clean_orders_csv_dag to None, run_after=None
[2025-04-27T17:33:57.645+0000] {processor.py:183} INFO - Processing /opt/airflow/dags/transform_orders_dag.py took 0.379 seconds
[2025-04-27T17:34:27.892+0000] {processor.py:161} INFO - Started process (PID=13650) to work on /opt/airflow/dags/transform_orders_dag.py
[2025-04-27T17:34:27.893+0000] {processor.py:830} INFO - Processing file /opt/airflow/dags/transform_orders_dag.py for tasks to queue
[2025-04-27T17:34:27.894+0000] {logging_mixin.py:188} INFO - [2025-04-27T17:34:27.894+0000] {dagbag.py:538} INFO - Filling up the DagBag from /opt/airflow/dags/transform_orders_dag.py
[2025-04-27T17:34:28.151+0000] {processor.py:840} INFO - DAG(s) 'clean_orders_csv_dag' retrieved from /opt/airflow/dags/transform_orders_dag.py
[2025-04-27T17:34:28.176+0000] {logging_mixin.py:188} INFO - [2025-04-27T17:34:28.175+0000] {dag.py:3036} INFO - Sync 1 DAGs
[2025-04-27T17:34:28.187+0000] {logging_mixin.py:188} INFO - [2025-04-27T17:34:28.187+0000] {dag.py:3823} INFO - Setting next_dagrun for clean_orders_csv_dag to None, run_after=None
[2025-04-27T17:34:28.213+0000] {processor.py:183} INFO - Processing /opt/airflow/dags/transform_orders_dag.py took 0.323 seconds
[2025-04-27T17:34:58.545+0000] {processor.py:161} INFO - Started process (PID=13693) to work on /opt/airflow/dags/transform_orders_dag.py
[2025-04-27T17:34:58.546+0000] {processor.py:830} INFO - Processing file /opt/airflow/dags/transform_orders_dag.py for tasks to queue
[2025-04-27T17:34:58.547+0000] {logging_mixin.py:188} INFO - [2025-04-27T17:34:58.546+0000] {dagbag.py:538} INFO - Filling up the DagBag from /opt/airflow/dags/transform_orders_dag.py
[2025-04-27T17:34:58.847+0000] {processor.py:840} INFO - DAG(s) 'clean_orders_csv_dag' retrieved from /opt/airflow/dags/transform_orders_dag.py
[2025-04-27T17:34:58.923+0000] {logging_mixin.py:188} INFO - [2025-04-27T17:34:58.922+0000] {dag.py:3036} INFO - Sync 1 DAGs
[2025-04-27T17:34:59.038+0000] {logging_mixin.py:188} INFO - [2025-04-27T17:34:59.037+0000] {dag.py:3823} INFO - Setting next_dagrun for clean_orders_csv_dag to None, run_after=None
[2025-04-27T17:34:59.868+0000] {processor.py:183} INFO - Processing /opt/airflow/dags/transform_orders_dag.py took 1.326 seconds
[2025-04-27T17:35:31.069+0000] {processor.py:161} INFO - Started process (PID=13736) to work on /opt/airflow/dags/transform_orders_dag.py
[2025-04-27T17:35:31.070+0000] {processor.py:830} INFO - Processing file /opt/airflow/dags/transform_orders_dag.py for tasks to queue
[2025-04-27T17:35:31.071+0000] {logging_mixin.py:188} INFO - [2025-04-27T17:35:31.071+0000] {dagbag.py:538} INFO - Filling up the DagBag from /opt/airflow/dags/transform_orders_dag.py
[2025-04-27T17:35:31.376+0000] {processor.py:840} INFO - DAG(s) 'clean_orders_csv_dag' retrieved from /opt/airflow/dags/transform_orders_dag.py
[2025-04-27T17:35:31.413+0000] {logging_mixin.py:188} INFO - [2025-04-27T17:35:31.412+0000] {dag.py:3036} INFO - Sync 1 DAGs
[2025-04-27T17:35:31.437+0000] {logging_mixin.py:188} INFO - [2025-04-27T17:35:31.437+0000] {dag.py:3823} INFO - Setting next_dagrun for clean_orders_csv_dag to None, run_after=None
[2025-04-27T17:35:31.466+0000] {processor.py:183} INFO - Processing /opt/airflow/dags/transform_orders_dag.py took 0.399 seconds
[2025-04-27T17:36:01.998+0000] {processor.py:161} INFO - Started process (PID=13779) to work on /opt/airflow/dags/transform_orders_dag.py
[2025-04-27T17:36:01.999+0000] {processor.py:830} INFO - Processing file /opt/airflow/dags/transform_orders_dag.py for tasks to queue
[2025-04-27T17:36:02.000+0000] {logging_mixin.py:188} INFO - [2025-04-27T17:36:02.000+0000] {dagbag.py:538} INFO - Filling up the DagBag from /opt/airflow/dags/transform_orders_dag.py
[2025-04-27T17:36:02.236+0000] {processor.py:840} INFO - DAG(s) 'clean_orders_csv_dag' retrieved from /opt/airflow/dags/transform_orders_dag.py
[2025-04-27T17:36:02.261+0000] {logging_mixin.py:188} INFO - [2025-04-27T17:36:02.260+0000] {dag.py:3036} INFO - Sync 1 DAGs
[2025-04-27T17:36:02.273+0000] {logging_mixin.py:188} INFO - [2025-04-27T17:36:02.273+0000] {dag.py:3823} INFO - Setting next_dagrun for clean_orders_csv_dag to None, run_after=None
[2025-04-27T17:36:02.293+0000] {processor.py:183} INFO - Processing /opt/airflow/dags/transform_orders_dag.py took 0.298 seconds
[2025-04-27T17:36:33.316+0000] {processor.py:161} INFO - Started process (PID=13822) to work on /opt/airflow/dags/transform_orders_dag.py
[2025-04-27T17:36:33.317+0000] {processor.py:830} INFO - Processing file /opt/airflow/dags/transform_orders_dag.py for tasks to queue
[2025-04-27T17:36:33.318+0000] {logging_mixin.py:188} INFO - [2025-04-27T17:36:33.318+0000] {dagbag.py:538} INFO - Filling up the DagBag from /opt/airflow/dags/transform_orders_dag.py
[2025-04-27T17:36:33.639+0000] {processor.py:840} INFO - DAG(s) 'clean_orders_csv_dag' retrieved from /opt/airflow/dags/transform_orders_dag.py
[2025-04-27T17:36:33.666+0000] {logging_mixin.py:188} INFO - [2025-04-27T17:36:33.665+0000] {dag.py:3036} INFO - Sync 1 DAGs
[2025-04-27T17:36:33.680+0000] {logging_mixin.py:188} INFO - [2025-04-27T17:36:33.680+0000] {dag.py:3823} INFO - Setting next_dagrun for clean_orders_csv_dag to None, run_after=None
[2025-04-27T17:36:33.710+0000] {processor.py:183} INFO - Processing /opt/airflow/dags/transform_orders_dag.py took 0.402 seconds
[2025-04-27T17:37:04.502+0000] {processor.py:161} INFO - Started process (PID=13865) to work on /opt/airflow/dags/transform_orders_dag.py
[2025-04-27T17:37:04.503+0000] {processor.py:830} INFO - Processing file /opt/airflow/dags/transform_orders_dag.py for tasks to queue
[2025-04-27T17:37:04.505+0000] {logging_mixin.py:188} INFO - [2025-04-27T17:37:04.504+0000] {dagbag.py:538} INFO - Filling up the DagBag from /opt/airflow/dags/transform_orders_dag.py
[2025-04-27T17:37:04.793+0000] {processor.py:840} INFO - DAG(s) 'clean_orders_csv_dag' retrieved from /opt/airflow/dags/transform_orders_dag.py
[2025-04-27T17:37:04.824+0000] {logging_mixin.py:188} INFO - [2025-04-27T17:37:04.824+0000] {dag.py:3036} INFO - Sync 1 DAGs
[2025-04-27T17:37:04.843+0000] {logging_mixin.py:188} INFO - [2025-04-27T17:37:04.843+0000] {dag.py:3823} INFO - Setting next_dagrun for clean_orders_csv_dag to None, run_after=None
[2025-04-27T17:37:04.872+0000] {processor.py:183} INFO - Processing /opt/airflow/dags/transform_orders_dag.py took 0.372 seconds
[2025-04-27T17:37:35.274+0000] {processor.py:161} INFO - Started process (PID=13908) to work on /opt/airflow/dags/transform_orders_dag.py
[2025-04-27T17:37:35.275+0000] {processor.py:830} INFO - Processing file /opt/airflow/dags/transform_orders_dag.py for tasks to queue
[2025-04-27T17:37:35.276+0000] {logging_mixin.py:188} INFO - [2025-04-27T17:37:35.276+0000] {dagbag.py:538} INFO - Filling up the DagBag from /opt/airflow/dags/transform_orders_dag.py
[2025-04-27T17:37:35.664+0000] {processor.py:840} INFO - DAG(s) 'clean_orders_csv_dag' retrieved from /opt/airflow/dags/transform_orders_dag.py
[2025-04-27T17:37:35.734+0000] {logging_mixin.py:188} INFO - [2025-04-27T17:37:35.733+0000] {dag.py:3036} INFO - Sync 1 DAGs
[2025-04-27T17:37:35.757+0000] {logging_mixin.py:188} INFO - [2025-04-27T17:37:35.757+0000] {dag.py:3823} INFO - Setting next_dagrun for clean_orders_csv_dag to None, run_after=None
[2025-04-27T17:37:35.787+0000] {processor.py:183} INFO - Processing /opt/airflow/dags/transform_orders_dag.py took 0.515 seconds
[2025-04-27T17:38:06.509+0000] {processor.py:161} INFO - Started process (PID=13951) to work on /opt/airflow/dags/transform_orders_dag.py
[2025-04-27T17:38:06.511+0000] {processor.py:830} INFO - Processing file /opt/airflow/dags/transform_orders_dag.py for tasks to queue
[2025-04-27T17:38:06.516+0000] {logging_mixin.py:188} INFO - [2025-04-27T17:38:06.514+0000] {dagbag.py:538} INFO - Filling up the DagBag from /opt/airflow/dags/transform_orders_dag.py
[2025-04-27T17:38:07.030+0000] {processor.py:840} INFO - DAG(s) 'clean_orders_csv_dag' retrieved from /opt/airflow/dags/transform_orders_dag.py
[2025-04-27T17:38:07.068+0000] {logging_mixin.py:188} INFO - [2025-04-27T17:38:07.067+0000] {dag.py:3036} INFO - Sync 1 DAGs
[2025-04-27T17:38:07.084+0000] {logging_mixin.py:188} INFO - [2025-04-27T17:38:07.084+0000] {dag.py:3823} INFO - Setting next_dagrun for clean_orders_csv_dag to None, run_after=None
[2025-04-27T17:38:07.130+0000] {processor.py:183} INFO - Processing /opt/airflow/dags/transform_orders_dag.py took 0.627 seconds
[2025-04-27T17:38:37.785+0000] {processor.py:161} INFO - Started process (PID=13994) to work on /opt/airflow/dags/transform_orders_dag.py
[2025-04-27T17:38:37.786+0000] {processor.py:830} INFO - Processing file /opt/airflow/dags/transform_orders_dag.py for tasks to queue
[2025-04-27T17:38:37.788+0000] {logging_mixin.py:188} INFO - [2025-04-27T17:38:37.787+0000] {dagbag.py:538} INFO - Filling up the DagBag from /opt/airflow/dags/transform_orders_dag.py
[2025-04-27T17:38:38.287+0000] {processor.py:840} INFO - DAG(s) 'clean_orders_csv_dag' retrieved from /opt/airflow/dags/transform_orders_dag.py
[2025-04-27T17:38:38.325+0000] {logging_mixin.py:188} INFO - [2025-04-27T17:38:38.324+0000] {dag.py:3036} INFO - Sync 1 DAGs
[2025-04-27T17:38:38.342+0000] {logging_mixin.py:188} INFO - [2025-04-27T17:38:38.342+0000] {dag.py:3823} INFO - Setting next_dagrun for clean_orders_csv_dag to None, run_after=None
[2025-04-27T17:38:38.370+0000] {processor.py:183} INFO - Processing /opt/airflow/dags/transform_orders_dag.py took 0.588 seconds
[2025-04-27T17:39:09.156+0000] {processor.py:161} INFO - Started process (PID=14037) to work on /opt/airflow/dags/transform_orders_dag.py
[2025-04-27T17:39:09.157+0000] {processor.py:830} INFO - Processing file /opt/airflow/dags/transform_orders_dag.py for tasks to queue
[2025-04-27T17:39:09.158+0000] {logging_mixin.py:188} INFO - [2025-04-27T17:39:09.158+0000] {dagbag.py:538} INFO - Filling up the DagBag from /opt/airflow/dags/transform_orders_dag.py
[2025-04-27T17:39:09.468+0000] {processor.py:840} INFO - DAG(s) 'clean_orders_csv_dag' retrieved from /opt/airflow/dags/transform_orders_dag.py
[2025-04-27T17:39:09.506+0000] {logging_mixin.py:188} INFO - [2025-04-27T17:39:09.505+0000] {dag.py:3036} INFO - Sync 1 DAGs
[2025-04-27T17:39:09.535+0000] {logging_mixin.py:188} INFO - [2025-04-27T17:39:09.535+0000] {dag.py:3823} INFO - Setting next_dagrun for clean_orders_csv_dag to None, run_after=None
[2025-04-27T17:39:09.562+0000] {processor.py:183} INFO - Processing /opt/airflow/dags/transform_orders_dag.py took 0.408 seconds
[2025-04-27T17:39:40.031+0000] {processor.py:161} INFO - Started process (PID=14080) to work on /opt/airflow/dags/transform_orders_dag.py
[2025-04-27T17:39:40.032+0000] {processor.py:830} INFO - Processing file /opt/airflow/dags/transform_orders_dag.py for tasks to queue
[2025-04-27T17:39:40.033+0000] {logging_mixin.py:188} INFO - [2025-04-27T17:39:40.033+0000] {dagbag.py:538} INFO - Filling up the DagBag from /opt/airflow/dags/transform_orders_dag.py
[2025-04-27T17:39:40.274+0000] {processor.py:840} INFO - DAG(s) 'clean_orders_csv_dag' retrieved from /opt/airflow/dags/transform_orders_dag.py
[2025-04-27T17:39:40.306+0000] {logging_mixin.py:188} INFO - [2025-04-27T17:39:40.305+0000] {dag.py:3036} INFO - Sync 1 DAGs
[2025-04-27T17:39:40.322+0000] {logging_mixin.py:188} INFO - [2025-04-27T17:39:40.322+0000] {dag.py:3823} INFO - Setting next_dagrun for clean_orders_csv_dag to None, run_after=None
[2025-04-27T17:39:40.350+0000] {processor.py:183} INFO - Processing /opt/airflow/dags/transform_orders_dag.py took 0.321 seconds
[2025-04-27T17:40:11.021+0000] {processor.py:161} INFO - Started process (PID=14123) to work on /opt/airflow/dags/transform_orders_dag.py
[2025-04-27T17:40:11.022+0000] {processor.py:830} INFO - Processing file /opt/airflow/dags/transform_orders_dag.py for tasks to queue
[2025-04-27T17:40:11.023+0000] {logging_mixin.py:188} INFO - [2025-04-27T17:40:11.023+0000] {dagbag.py:538} INFO - Filling up the DagBag from /opt/airflow/dags/transform_orders_dag.py
[2025-04-27T17:40:11.343+0000] {processor.py:840} INFO - DAG(s) 'clean_orders_csv_dag' retrieved from /opt/airflow/dags/transform_orders_dag.py
[2025-04-27T17:40:11.416+0000] {logging_mixin.py:188} INFO - [2025-04-27T17:40:11.415+0000] {dag.py:3036} INFO - Sync 1 DAGs
[2025-04-27T17:40:11.437+0000] {logging_mixin.py:188} INFO - [2025-04-27T17:40:11.437+0000] {dag.py:3823} INFO - Setting next_dagrun for clean_orders_csv_dag to None, run_after=None
[2025-04-27T17:40:11.468+0000] {processor.py:183} INFO - Processing /opt/airflow/dags/transform_orders_dag.py took 0.451 seconds
[2025-04-27T17:40:42.105+0000] {processor.py:161} INFO - Started process (PID=14166) to work on /opt/airflow/dags/transform_orders_dag.py
[2025-04-27T17:40:42.105+0000] {processor.py:830} INFO - Processing file /opt/airflow/dags/transform_orders_dag.py for tasks to queue
[2025-04-27T17:40:42.106+0000] {logging_mixin.py:188} INFO - [2025-04-27T17:40:42.106+0000] {dagbag.py:538} INFO - Filling up the DagBag from /opt/airflow/dags/transform_orders_dag.py
[2025-04-27T17:40:42.364+0000] {processor.py:840} INFO - DAG(s) 'clean_orders_csv_dag' retrieved from /opt/airflow/dags/transform_orders_dag.py
[2025-04-27T17:40:42.396+0000] {logging_mixin.py:188} INFO - [2025-04-27T17:40:42.396+0000] {dag.py:3036} INFO - Sync 1 DAGs
[2025-04-27T17:40:42.414+0000] {logging_mixin.py:188} INFO - [2025-04-27T17:40:42.413+0000] {dag.py:3823} INFO - Setting next_dagrun for clean_orders_csv_dag to None, run_after=None
[2025-04-27T17:40:42.443+0000] {processor.py:183} INFO - Processing /opt/airflow/dags/transform_orders_dag.py took 0.341 seconds
[2025-04-27T17:41:12.853+0000] {processor.py:161} INFO - Started process (PID=14209) to work on /opt/airflow/dags/transform_orders_dag.py
[2025-04-27T17:41:12.855+0000] {processor.py:830} INFO - Processing file /opt/airflow/dags/transform_orders_dag.py for tasks to queue
[2025-04-27T17:41:12.857+0000] {logging_mixin.py:188} INFO - [2025-04-27T17:41:12.856+0000] {dagbag.py:538} INFO - Filling up the DagBag from /opt/airflow/dags/transform_orders_dag.py
[2025-04-27T17:41:13.243+0000] {processor.py:840} INFO - DAG(s) 'clean_orders_csv_dag' retrieved from /opt/airflow/dags/transform_orders_dag.py
[2025-04-27T17:41:13.284+0000] {logging_mixin.py:188} INFO - [2025-04-27T17:41:13.283+0000] {dag.py:3036} INFO - Sync 1 DAGs
[2025-04-27T17:41:13.321+0000] {logging_mixin.py:188} INFO - [2025-04-27T17:41:13.321+0000] {dag.py:3823} INFO - Setting next_dagrun for clean_orders_csv_dag to None, run_after=None
[2025-04-27T17:41:13.400+0000] {processor.py:183} INFO - Processing /opt/airflow/dags/transform_orders_dag.py took 0.552 seconds
[2025-04-27T17:41:43.845+0000] {processor.py:161} INFO - Started process (PID=14252) to work on /opt/airflow/dags/transform_orders_dag.py
[2025-04-27T17:41:43.846+0000] {processor.py:830} INFO - Processing file /opt/airflow/dags/transform_orders_dag.py for tasks to queue
[2025-04-27T17:41:43.847+0000] {logging_mixin.py:188} INFO - [2025-04-27T17:41:43.847+0000] {dagbag.py:538} INFO - Filling up the DagBag from /opt/airflow/dags/transform_orders_dag.py
[2025-04-27T17:41:44.097+0000] {processor.py:840} INFO - DAG(s) 'clean_orders_csv_dag' retrieved from /opt/airflow/dags/transform_orders_dag.py
[2025-04-27T17:41:44.123+0000] {logging_mixin.py:188} INFO - [2025-04-27T17:41:44.123+0000] {dag.py:3036} INFO - Sync 1 DAGs
[2025-04-27T17:41:44.136+0000] {logging_mixin.py:188} INFO - [2025-04-27T17:41:44.136+0000] {dag.py:3823} INFO - Setting next_dagrun for clean_orders_csv_dag to None, run_after=None
[2025-04-27T17:41:44.155+0000] {processor.py:183} INFO - Processing /opt/airflow/dags/transform_orders_dag.py took 0.312 seconds
[2025-04-27T17:42:14.318+0000] {processor.py:161} INFO - Started process (PID=14295) to work on /opt/airflow/dags/transform_orders_dag.py
[2025-04-27T17:42:14.319+0000] {processor.py:830} INFO - Processing file /opt/airflow/dags/transform_orders_dag.py for tasks to queue
[2025-04-27T17:42:14.321+0000] {logging_mixin.py:188} INFO - [2025-04-27T17:42:14.321+0000] {dagbag.py:538} INFO - Filling up the DagBag from /opt/airflow/dags/transform_orders_dag.py
[2025-04-27T17:42:14.856+0000] {processor.py:840} INFO - DAG(s) 'clean_orders_csv_dag' retrieved from /opt/airflow/dags/transform_orders_dag.py
[2025-04-27T17:42:14.929+0000] {logging_mixin.py:188} INFO - [2025-04-27T17:42:14.929+0000] {dag.py:3036} INFO - Sync 1 DAGs
[2025-04-27T17:42:14.944+0000] {logging_mixin.py:188} INFO - [2025-04-27T17:42:14.944+0000] {dag.py:3823} INFO - Setting next_dagrun for clean_orders_csv_dag to None, run_after=None
[2025-04-27T17:42:14.971+0000] {processor.py:183} INFO - Processing /opt/airflow/dags/transform_orders_dag.py took 0.659 seconds
[2025-04-27T17:42:45.211+0000] {processor.py:161} INFO - Started process (PID=14338) to work on /opt/airflow/dags/transform_orders_dag.py
[2025-04-27T17:42:45.213+0000] {processor.py:830} INFO - Processing file /opt/airflow/dags/transform_orders_dag.py for tasks to queue
[2025-04-27T17:42:45.214+0000] {logging_mixin.py:188} INFO - [2025-04-27T17:42:45.213+0000] {dagbag.py:538} INFO - Filling up the DagBag from /opt/airflow/dags/transform_orders_dag.py
[2025-04-27T17:42:45.683+0000] {processor.py:840} INFO - DAG(s) 'clean_orders_csv_dag' retrieved from /opt/airflow/dags/transform_orders_dag.py
[2025-04-27T17:42:45.894+0000] {logging_mixin.py:188} INFO - [2025-04-27T17:42:45.893+0000] {dag.py:3036} INFO - Sync 1 DAGs
[2025-04-27T17:42:45.952+0000] {logging_mixin.py:188} INFO - [2025-04-27T17:42:45.951+0000] {dag.py:3823} INFO - Setting next_dagrun for clean_orders_csv_dag to None, run_after=None
[2025-04-27T17:42:45.989+0000] {processor.py:183} INFO - Processing /opt/airflow/dags/transform_orders_dag.py took 0.781 seconds
[2025-04-27T17:43:16.117+0000] {processor.py:161} INFO - Started process (PID=14381) to work on /opt/airflow/dags/transform_orders_dag.py
[2025-04-27T17:43:16.119+0000] {processor.py:830} INFO - Processing file /opt/airflow/dags/transform_orders_dag.py for tasks to queue
[2025-04-27T17:43:16.121+0000] {logging_mixin.py:188} INFO - [2025-04-27T17:43:16.120+0000] {dagbag.py:538} INFO - Filling up the DagBag from /opt/airflow/dags/transform_orders_dag.py
[2025-04-27T17:43:16.525+0000] {processor.py:840} INFO - DAG(s) 'clean_orders_csv_dag' retrieved from /opt/airflow/dags/transform_orders_dag.py
[2025-04-27T17:43:16.595+0000] {logging_mixin.py:188} INFO - [2025-04-27T17:43:16.594+0000] {dag.py:3036} INFO - Sync 1 DAGs
[2025-04-27T17:43:16.636+0000] {logging_mixin.py:188} INFO - [2025-04-27T17:43:16.636+0000] {dag.py:3823} INFO - Setting next_dagrun for clean_orders_csv_dag to None, run_after=None
[2025-04-27T17:43:16.691+0000] {processor.py:183} INFO - Processing /opt/airflow/dags/transform_orders_dag.py took 0.578 seconds
[2025-04-27T17:43:46.902+0000] {processor.py:161} INFO - Started process (PID=14424) to work on /opt/airflow/dags/transform_orders_dag.py
[2025-04-27T17:43:46.903+0000] {processor.py:830} INFO - Processing file /opt/airflow/dags/transform_orders_dag.py for tasks to queue
[2025-04-27T17:43:46.904+0000] {logging_mixin.py:188} INFO - [2025-04-27T17:43:46.904+0000] {dagbag.py:538} INFO - Filling up the DagBag from /opt/airflow/dags/transform_orders_dag.py
[2025-04-27T17:43:47.150+0000] {processor.py:840} INFO - DAG(s) 'clean_orders_csv_dag' retrieved from /opt/airflow/dags/transform_orders_dag.py
[2025-04-27T17:43:47.176+0000] {logging_mixin.py:188} INFO - [2025-04-27T17:43:47.175+0000] {dag.py:3036} INFO - Sync 1 DAGs
[2025-04-27T17:43:47.224+0000] {logging_mixin.py:188} INFO - [2025-04-27T17:43:47.224+0000] {dag.py:3823} INFO - Setting next_dagrun for clean_orders_csv_dag to None, run_after=None
[2025-04-27T17:43:47.540+0000] {processor.py:183} INFO - Processing /opt/airflow/dags/transform_orders_dag.py took 0.641 seconds
[2025-04-27T17:44:17.795+0000] {processor.py:161} INFO - Started process (PID=14470) to work on /opt/airflow/dags/transform_orders_dag.py
[2025-04-27T17:44:17.796+0000] {processor.py:830} INFO - Processing file /opt/airflow/dags/transform_orders_dag.py for tasks to queue
[2025-04-27T17:44:17.797+0000] {logging_mixin.py:188} INFO - [2025-04-27T17:44:17.797+0000] {dagbag.py:538} INFO - Filling up the DagBag from /opt/airflow/dags/transform_orders_dag.py
[2025-04-27T17:44:18.084+0000] {processor.py:840} INFO - DAG(s) 'clean_orders_csv_dag' retrieved from /opt/airflow/dags/transform_orders_dag.py
[2025-04-27T17:44:18.112+0000] {logging_mixin.py:188} INFO - [2025-04-27T17:44:18.111+0000] {dag.py:3036} INFO - Sync 1 DAGs
[2025-04-27T17:44:18.124+0000] {logging_mixin.py:188} INFO - [2025-04-27T17:44:18.124+0000] {dag.py:3823} INFO - Setting next_dagrun for clean_orders_csv_dag to None, run_after=None
[2025-04-27T17:44:18.149+0000] {processor.py:183} INFO - Processing /opt/airflow/dags/transform_orders_dag.py took 0.357 seconds
[2025-04-27T17:44:48.418+0000] {processor.py:161} INFO - Started process (PID=14518) to work on /opt/airflow/dags/transform_orders_dag.py
[2025-04-27T17:44:48.419+0000] {processor.py:830} INFO - Processing file /opt/airflow/dags/transform_orders_dag.py for tasks to queue
[2025-04-27T17:44:48.420+0000] {logging_mixin.py:188} INFO - [2025-04-27T17:44:48.420+0000] {dagbag.py:538} INFO - Filling up the DagBag from /opt/airflow/dags/transform_orders_dag.py
[2025-04-27T17:44:48.656+0000] {processor.py:840} INFO - DAG(s) 'clean_orders_csv_dag' retrieved from /opt/airflow/dags/transform_orders_dag.py
[2025-04-27T17:44:48.677+0000] {logging_mixin.py:188} INFO - [2025-04-27T17:44:48.677+0000] {dag.py:3036} INFO - Sync 1 DAGs
[2025-04-27T17:44:48.687+0000] {logging_mixin.py:188} INFO - [2025-04-27T17:44:48.687+0000] {dag.py:3823} INFO - Setting next_dagrun for clean_orders_csv_dag to None, run_after=None
[2025-04-27T17:44:48.703+0000] {processor.py:183} INFO - Processing /opt/airflow/dags/transform_orders_dag.py took 0.287 seconds
[2025-04-27T17:45:18.834+0000] {processor.py:161} INFO - Started process (PID=14561) to work on /opt/airflow/dags/transform_orders_dag.py
[2025-04-27T17:45:18.837+0000] {processor.py:830} INFO - Processing file /opt/airflow/dags/transform_orders_dag.py for tasks to queue
[2025-04-27T17:45:18.839+0000] {logging_mixin.py:188} INFO - [2025-04-27T17:45:18.838+0000] {dagbag.py:538} INFO - Filling up the DagBag from /opt/airflow/dags/transform_orders_dag.py
[2025-04-27T17:45:19.102+0000] {processor.py:840} INFO - DAG(s) 'clean_orders_csv_dag' retrieved from /opt/airflow/dags/transform_orders_dag.py
[2025-04-27T17:45:19.121+0000] {logging_mixin.py:188} INFO - [2025-04-27T17:45:19.120+0000] {dag.py:3036} INFO - Sync 1 DAGs
[2025-04-27T17:45:19.130+0000] {logging_mixin.py:188} INFO - [2025-04-27T17:45:19.130+0000] {dag.py:3823} INFO - Setting next_dagrun for clean_orders_csv_dag to None, run_after=None
[2025-04-27T17:45:19.146+0000] {processor.py:183} INFO - Processing /opt/airflow/dags/transform_orders_dag.py took 0.315 seconds
[2025-04-27T17:45:49.390+0000] {processor.py:161} INFO - Started process (PID=14604) to work on /opt/airflow/dags/transform_orders_dag.py
[2025-04-27T17:45:49.391+0000] {processor.py:830} INFO - Processing file /opt/airflow/dags/transform_orders_dag.py for tasks to queue
[2025-04-27T17:45:49.392+0000] {logging_mixin.py:188} INFO - [2025-04-27T17:45:49.392+0000] {dagbag.py:538} INFO - Filling up the DagBag from /opt/airflow/dags/transform_orders_dag.py
[2025-04-27T17:45:49.619+0000] {processor.py:840} INFO - DAG(s) 'clean_orders_csv_dag' retrieved from /opt/airflow/dags/transform_orders_dag.py
[2025-04-27T17:45:49.638+0000] {logging_mixin.py:188} INFO - [2025-04-27T17:45:49.638+0000] {dag.py:3036} INFO - Sync 1 DAGs
[2025-04-27T17:45:49.649+0000] {logging_mixin.py:188} INFO - [2025-04-27T17:45:49.649+0000] {dag.py:3823} INFO - Setting next_dagrun for clean_orders_csv_dag to None, run_after=None
[2025-04-27T17:45:49.667+0000] {processor.py:183} INFO - Processing /opt/airflow/dags/transform_orders_dag.py took 0.280 seconds
[2025-04-27T17:46:20.096+0000] {processor.py:161} INFO - Started process (PID=14639) to work on /opt/airflow/dags/transform_orders_dag.py
[2025-04-27T17:46:20.099+0000] {processor.py:830} INFO - Processing file /opt/airflow/dags/transform_orders_dag.py for tasks to queue
[2025-04-27T17:46:20.099+0000] {logging_mixin.py:188} INFO - [2025-04-27T17:46:20.099+0000] {dagbag.py:538} INFO - Filling up the DagBag from /opt/airflow/dags/transform_orders_dag.py
[2025-04-27T17:46:20.375+0000] {processor.py:840} INFO - DAG(s) 'clean_orders_csv_dag' retrieved from /opt/airflow/dags/transform_orders_dag.py
[2025-04-27T17:46:20.447+0000] {logging_mixin.py:188} INFO - [2025-04-27T17:46:20.446+0000] {dag.py:3036} INFO - Sync 1 DAGs
[2025-04-27T17:46:20.476+0000] {logging_mixin.py:188} INFO - [2025-04-27T17:46:20.476+0000] {dag.py:3823} INFO - Setting next_dagrun for clean_orders_csv_dag to None, run_after=None
[2025-04-27T17:46:20.507+0000] {processor.py:183} INFO - Processing /opt/airflow/dags/transform_orders_dag.py took 0.413 seconds
[2025-04-27T17:46:50.738+0000] {processor.py:161} INFO - Started process (PID=14683) to work on /opt/airflow/dags/transform_orders_dag.py
[2025-04-27T17:46:50.739+0000] {processor.py:830} INFO - Processing file /opt/airflow/dags/transform_orders_dag.py for tasks to queue
[2025-04-27T17:46:50.740+0000] {logging_mixin.py:188} INFO - [2025-04-27T17:46:50.740+0000] {dagbag.py:538} INFO - Filling up the DagBag from /opt/airflow/dags/transform_orders_dag.py
[2025-04-27T17:46:51.008+0000] {processor.py:840} INFO - DAG(s) 'clean_orders_csv_dag' retrieved from /opt/airflow/dags/transform_orders_dag.py
[2025-04-27T17:46:51.033+0000] {logging_mixin.py:188} INFO - [2025-04-27T17:46:51.032+0000] {dag.py:3036} INFO - Sync 1 DAGs
[2025-04-27T17:46:51.044+0000] {logging_mixin.py:188} INFO - [2025-04-27T17:46:51.044+0000] {dag.py:3823} INFO - Setting next_dagrun for clean_orders_csv_dag to None, run_after=None
[2025-04-27T17:46:51.065+0000] {processor.py:183} INFO - Processing /opt/airflow/dags/transform_orders_dag.py took 0.329 seconds
[2025-04-27T17:47:21.134+0000] {processor.py:161} INFO - Started process (PID=14726) to work on /opt/airflow/dags/transform_orders_dag.py
[2025-04-27T17:47:21.136+0000] {processor.py:830} INFO - Processing file /opt/airflow/dags/transform_orders_dag.py for tasks to queue
[2025-04-27T17:47:21.137+0000] {logging_mixin.py:188} INFO - [2025-04-27T17:47:21.137+0000] {dagbag.py:538} INFO - Filling up the DagBag from /opt/airflow/dags/transform_orders_dag.py
[2025-04-27T17:47:21.398+0000] {processor.py:840} INFO - DAG(s) 'clean_orders_csv_dag' retrieved from /opt/airflow/dags/transform_orders_dag.py
[2025-04-27T17:47:21.424+0000] {logging_mixin.py:188} INFO - [2025-04-27T17:47:21.423+0000] {dag.py:3036} INFO - Sync 1 DAGs
[2025-04-27T17:47:21.435+0000] {logging_mixin.py:188} INFO - [2025-04-27T17:47:21.435+0000] {dag.py:3823} INFO - Setting next_dagrun for clean_orders_csv_dag to None, run_after=None
[2025-04-27T17:47:21.455+0000] {processor.py:183} INFO - Processing /opt/airflow/dags/transform_orders_dag.py took 0.323 seconds
[2025-04-27T17:47:51.790+0000] {processor.py:161} INFO - Started process (PID=14774) to work on /opt/airflow/dags/transform_orders_dag.py
[2025-04-27T17:47:51.792+0000] {processor.py:830} INFO - Processing file /opt/airflow/dags/transform_orders_dag.py for tasks to queue
[2025-04-27T17:47:51.794+0000] {logging_mixin.py:188} INFO - [2025-04-27T17:47:51.794+0000] {dagbag.py:538} INFO - Filling up the DagBag from /opt/airflow/dags/transform_orders_dag.py
[2025-04-27T17:47:52.289+0000] {processor.py:840} INFO - DAG(s) 'clean_orders_csv_dag' retrieved from /opt/airflow/dags/transform_orders_dag.py
[2025-04-27T17:47:52.319+0000] {logging_mixin.py:188} INFO - [2025-04-27T17:47:52.319+0000] {dag.py:3036} INFO - Sync 1 DAGs
[2025-04-27T17:47:52.331+0000] {logging_mixin.py:188} INFO - [2025-04-27T17:47:52.330+0000] {dag.py:3823} INFO - Setting next_dagrun for clean_orders_csv_dag to None, run_after=None
[2025-04-27T17:47:52.356+0000] {processor.py:183} INFO - Processing /opt/airflow/dags/transform_orders_dag.py took 0.572 seconds
[2025-04-27T17:48:22.585+0000] {processor.py:161} INFO - Started process (PID=14811) to work on /opt/airflow/dags/transform_orders_dag.py
[2025-04-27T17:48:22.586+0000] {processor.py:830} INFO - Processing file /opt/airflow/dags/transform_orders_dag.py for tasks to queue
[2025-04-27T17:48:22.587+0000] {logging_mixin.py:188} INFO - [2025-04-27T17:48:22.586+0000] {dagbag.py:538} INFO - Filling up the DagBag from /opt/airflow/dags/transform_orders_dag.py
[2025-04-27T17:48:22.834+0000] {processor.py:840} INFO - DAG(s) 'clean_orders_csv_dag' retrieved from /opt/airflow/dags/transform_orders_dag.py
[2025-04-27T17:48:22.906+0000] {logging_mixin.py:188} INFO - [2025-04-27T17:48:22.906+0000] {dag.py:3036} INFO - Sync 1 DAGs
[2025-04-27T17:48:22.927+0000] {logging_mixin.py:188} INFO - [2025-04-27T17:48:22.927+0000] {dag.py:3823} INFO - Setting next_dagrun for clean_orders_csv_dag to None, run_after=None
[2025-04-27T17:48:23.409+0000] {processor.py:183} INFO - Processing /opt/airflow/dags/transform_orders_dag.py took 0.827 seconds
[2025-04-27T17:48:53.634+0000] {processor.py:161} INFO - Started process (PID=14854) to work on /opt/airflow/dags/transform_orders_dag.py
[2025-04-27T17:48:53.636+0000] {processor.py:830} INFO - Processing file /opt/airflow/dags/transform_orders_dag.py for tasks to queue
[2025-04-27T17:48:53.638+0000] {logging_mixin.py:188} INFO - [2025-04-27T17:48:53.637+0000] {dagbag.py:538} INFO - Filling up the DagBag from /opt/airflow/dags/transform_orders_dag.py
[2025-04-27T17:48:54.022+0000] {processor.py:840} INFO - DAG(s) 'clean_orders_csv_dag' retrieved from /opt/airflow/dags/transform_orders_dag.py
[2025-04-27T17:48:54.052+0000] {logging_mixin.py:188} INFO - [2025-04-27T17:48:54.052+0000] {dag.py:3036} INFO - Sync 1 DAGs
[2025-04-27T17:48:54.068+0000] {logging_mixin.py:188} INFO - [2025-04-27T17:48:54.068+0000] {dag.py:3823} INFO - Setting next_dagrun for clean_orders_csv_dag to None, run_after=None
[2025-04-27T17:48:54.094+0000] {processor.py:183} INFO - Processing /opt/airflow/dags/transform_orders_dag.py took 0.465 seconds
[2025-04-27T17:49:24.241+0000] {processor.py:161} INFO - Started process (PID=14897) to work on /opt/airflow/dags/transform_orders_dag.py
[2025-04-27T17:49:24.242+0000] {processor.py:830} INFO - Processing file /opt/airflow/dags/transform_orders_dag.py for tasks to queue
[2025-04-27T17:49:24.245+0000] {logging_mixin.py:188} INFO - [2025-04-27T17:49:24.244+0000] {dagbag.py:538} INFO - Filling up the DagBag from /opt/airflow/dags/transform_orders_dag.py
[2025-04-27T17:49:24.591+0000] {processor.py:840} INFO - DAG(s) 'clean_orders_csv_dag' retrieved from /opt/airflow/dags/transform_orders_dag.py
[2025-04-27T17:49:24.620+0000] {logging_mixin.py:188} INFO - [2025-04-27T17:49:24.619+0000] {dag.py:3036} INFO - Sync 1 DAGs
[2025-04-27T17:49:24.634+0000] {logging_mixin.py:188} INFO - [2025-04-27T17:49:24.634+0000] {dag.py:3823} INFO - Setting next_dagrun for clean_orders_csv_dag to None, run_after=None
[2025-04-27T17:49:24.658+0000] {processor.py:183} INFO - Processing /opt/airflow/dags/transform_orders_dag.py took 0.422 seconds
[2025-04-27T17:49:54.790+0000] {processor.py:161} INFO - Started process (PID=14940) to work on /opt/airflow/dags/transform_orders_dag.py
[2025-04-27T17:49:54.791+0000] {processor.py:830} INFO - Processing file /opt/airflow/dags/transform_orders_dag.py for tasks to queue
[2025-04-27T17:49:54.792+0000] {logging_mixin.py:188} INFO - [2025-04-27T17:49:54.792+0000] {dagbag.py:538} INFO - Filling up the DagBag from /opt/airflow/dags/transform_orders_dag.py
[2025-04-27T17:49:55.213+0000] {processor.py:840} INFO - DAG(s) 'clean_orders_csv_dag' retrieved from /opt/airflow/dags/transform_orders_dag.py
[2025-04-27T17:49:55.249+0000] {logging_mixin.py:188} INFO - [2025-04-27T17:49:55.249+0000] {dag.py:3036} INFO - Sync 1 DAGs
[2025-04-27T17:49:55.264+0000] {logging_mixin.py:188} INFO - [2025-04-27T17:49:55.264+0000] {dag.py:3823} INFO - Setting next_dagrun for clean_orders_csv_dag to None, run_after=None
[2025-04-27T17:49:55.290+0000] {processor.py:183} INFO - Processing /opt/airflow/dags/transform_orders_dag.py took 0.503 seconds
[2025-04-27T17:50:25.477+0000] {processor.py:161} INFO - Started process (PID=14983) to work on /opt/airflow/dags/transform_orders_dag.py
[2025-04-27T17:50:25.478+0000] {processor.py:830} INFO - Processing file /opt/airflow/dags/transform_orders_dag.py for tasks to queue
[2025-04-27T17:50:25.479+0000] {logging_mixin.py:188} INFO - [2025-04-27T17:50:25.479+0000] {dagbag.py:538} INFO - Filling up the DagBag from /opt/airflow/dags/transform_orders_dag.py
[2025-04-27T17:50:25.909+0000] {processor.py:840} INFO - DAG(s) 'clean_orders_csv_dag' retrieved from /opt/airflow/dags/transform_orders_dag.py
[2025-04-27T17:50:25.977+0000] {logging_mixin.py:188} INFO - [2025-04-27T17:50:25.976+0000] {dag.py:3036} INFO - Sync 1 DAGs
[2025-04-27T17:50:26.000+0000] {logging_mixin.py:188} INFO - [2025-04-27T17:50:26.000+0000] {dag.py:3823} INFO - Setting next_dagrun for clean_orders_csv_dag to None, run_after=None
[2025-04-27T17:50:26.032+0000] {processor.py:183} INFO - Processing /opt/airflow/dags/transform_orders_dag.py took 0.559 seconds
[2025-04-27T17:50:57.059+0000] {processor.py:161} INFO - Started process (PID=15026) to work on /opt/airflow/dags/transform_orders_dag.py
[2025-04-27T17:50:57.062+0000] {processor.py:830} INFO - Processing file /opt/airflow/dags/transform_orders_dag.py for tasks to queue
[2025-04-27T17:50:57.065+0000] {logging_mixin.py:188} INFO - [2025-04-27T17:50:57.064+0000] {dagbag.py:538} INFO - Filling up the DagBag from /opt/airflow/dags/transform_orders_dag.py
[2025-04-27T17:50:57.443+0000] {processor.py:840} INFO - DAG(s) 'clean_orders_csv_dag' retrieved from /opt/airflow/dags/transform_orders_dag.py
[2025-04-27T17:50:57.480+0000] {logging_mixin.py:188} INFO - [2025-04-27T17:50:57.479+0000] {dag.py:3036} INFO - Sync 1 DAGs
[2025-04-27T17:50:57.495+0000] {logging_mixin.py:188} INFO - [2025-04-27T17:50:57.495+0000] {dag.py:3823} INFO - Setting next_dagrun for clean_orders_csv_dag to None, run_after=None
[2025-04-27T17:50:57.522+0000] {processor.py:183} INFO - Processing /opt/airflow/dags/transform_orders_dag.py took 0.468 seconds
[2025-04-27T17:51:28.351+0000] {processor.py:161} INFO - Started process (PID=15069) to work on /opt/airflow/dags/transform_orders_dag.py
[2025-04-27T17:51:28.352+0000] {processor.py:830} INFO - Processing file /opt/airflow/dags/transform_orders_dag.py for tasks to queue
[2025-04-27T17:51:28.353+0000] {logging_mixin.py:188} INFO - [2025-04-27T17:51:28.353+0000] {dagbag.py:538} INFO - Filling up the DagBag from /opt/airflow/dags/transform_orders_dag.py
[2025-04-27T17:51:28.873+0000] {processor.py:840} INFO - DAG(s) 'clean_orders_csv_dag' retrieved from /opt/airflow/dags/transform_orders_dag.py
[2025-04-27T17:51:28.906+0000] {logging_mixin.py:188} INFO - [2025-04-27T17:51:28.905+0000] {dag.py:3036} INFO - Sync 1 DAGs
[2025-04-27T17:51:28.920+0000] {logging_mixin.py:188} INFO - [2025-04-27T17:51:28.919+0000] {dag.py:3823} INFO - Setting next_dagrun for clean_orders_csv_dag to None, run_after=None
[2025-04-27T17:51:28.956+0000] {processor.py:183} INFO - Processing /opt/airflow/dags/transform_orders_dag.py took 0.608 seconds
[2025-04-27T17:51:59.315+0000] {processor.py:161} INFO - Started process (PID=15112) to work on /opt/airflow/dags/transform_orders_dag.py
[2025-04-27T17:51:59.319+0000] {processor.py:830} INFO - Processing file /opt/airflow/dags/transform_orders_dag.py for tasks to queue
[2025-04-27T17:51:59.329+0000] {logging_mixin.py:188} INFO - [2025-04-27T17:51:59.323+0000] {dagbag.py:538} INFO - Filling up the DagBag from /opt/airflow/dags/transform_orders_dag.py
[2025-04-27T17:52:00.239+0000] {processor.py:840} INFO - DAG(s) 'clean_orders_csv_dag' retrieved from /opt/airflow/dags/transform_orders_dag.py
[2025-04-27T17:52:00.327+0000] {logging_mixin.py:188} INFO - [2025-04-27T17:52:00.326+0000] {dag.py:3036} INFO - Sync 1 DAGs
[2025-04-27T17:52:00.355+0000] {logging_mixin.py:188} INFO - [2025-04-27T17:52:00.354+0000] {dag.py:3823} INFO - Setting next_dagrun for clean_orders_csv_dag to None, run_after=None
[2025-04-27T17:52:00.399+0000] {processor.py:183} INFO - Processing /opt/airflow/dags/transform_orders_dag.py took 1.097 seconds
[2025-04-27T17:52:30.974+0000] {processor.py:161} INFO - Started process (PID=15155) to work on /opt/airflow/dags/transform_orders_dag.py
[2025-04-27T17:52:30.979+0000] {processor.py:830} INFO - Processing file /opt/airflow/dags/transform_orders_dag.py for tasks to queue
[2025-04-27T17:52:30.980+0000] {logging_mixin.py:188} INFO - [2025-04-27T17:52:30.980+0000] {dagbag.py:538} INFO - Filling up the DagBag from /opt/airflow/dags/transform_orders_dag.py
[2025-04-27T17:52:32.117+0000] {processor.py:840} INFO - DAG(s) 'clean_orders_csv_dag' retrieved from /opt/airflow/dags/transform_orders_dag.py
[2025-04-27T17:52:32.226+0000] {logging_mixin.py:188} INFO - [2025-04-27T17:52:32.226+0000] {dag.py:3036} INFO - Sync 1 DAGs
[2025-04-27T17:52:32.257+0000] {logging_mixin.py:188} INFO - [2025-04-27T17:52:32.256+0000] {dag.py:3823} INFO - Setting next_dagrun for clean_orders_csv_dag to None, run_after=None
[2025-04-27T17:52:32.299+0000] {processor.py:183} INFO - Processing /opt/airflow/dags/transform_orders_dag.py took 1.331 seconds
[2025-04-27T17:53:03.314+0000] {processor.py:161} INFO - Started process (PID=15198) to work on /opt/airflow/dags/transform_orders_dag.py
[2025-04-27T17:53:03.316+0000] {processor.py:830} INFO - Processing file /opt/airflow/dags/transform_orders_dag.py for tasks to queue
[2025-04-27T17:53:03.321+0000] {logging_mixin.py:188} INFO - [2025-04-27T17:53:03.318+0000] {dagbag.py:538} INFO - Filling up the DagBag from /opt/airflow/dags/transform_orders_dag.py
[2025-04-27T17:53:04.501+0000] {processor.py:840} INFO - DAG(s) 'clean_orders_csv_dag' retrieved from /opt/airflow/dags/transform_orders_dag.py
[2025-04-27T17:53:04.589+0000] {logging_mixin.py:188} INFO - [2025-04-27T17:53:04.588+0000] {dag.py:3036} INFO - Sync 1 DAGs
[2025-04-27T17:53:04.606+0000] {logging_mixin.py:188} INFO - [2025-04-27T17:53:04.606+0000] {dag.py:3823} INFO - Setting next_dagrun for clean_orders_csv_dag to None, run_after=None
[2025-04-27T17:53:04.636+0000] {processor.py:183} INFO - Processing /opt/airflow/dags/transform_orders_dag.py took 1.330 seconds
[2025-04-27T17:53:34.931+0000] {processor.py:161} INFO - Started process (PID=15241) to work on /opt/airflow/dags/transform_orders_dag.py
[2025-04-27T17:53:34.932+0000] {processor.py:830} INFO - Processing file /opt/airflow/dags/transform_orders_dag.py for tasks to queue
[2025-04-27T17:53:34.934+0000] {logging_mixin.py:188} INFO - [2025-04-27T17:53:34.933+0000] {dagbag.py:538} INFO - Filling up the DagBag from /opt/airflow/dags/transform_orders_dag.py
[2025-04-27T17:53:35.689+0000] {processor.py:840} INFO - DAG(s) 'clean_orders_csv_dag' retrieved from /opt/airflow/dags/transform_orders_dag.py
[2025-04-27T17:53:35.740+0000] {logging_mixin.py:188} INFO - [2025-04-27T17:53:35.739+0000] {dag.py:3036} INFO - Sync 1 DAGs
[2025-04-27T17:53:35.755+0000] {logging_mixin.py:188} INFO - [2025-04-27T17:53:35.755+0000] {dag.py:3823} INFO - Setting next_dagrun for clean_orders_csv_dag to None, run_after=None
[2025-04-27T17:53:35.789+0000] {processor.py:183} INFO - Processing /opt/airflow/dags/transform_orders_dag.py took 0.861 seconds
[2025-04-27T17:54:06.022+0000] {processor.py:161} INFO - Started process (PID=15284) to work on /opt/airflow/dags/transform_orders_dag.py
[2025-04-27T17:54:06.023+0000] {processor.py:830} INFO - Processing file /opt/airflow/dags/transform_orders_dag.py for tasks to queue
[2025-04-27T17:54:06.025+0000] {logging_mixin.py:188} INFO - [2025-04-27T17:54:06.025+0000] {dagbag.py:538} INFO - Filling up the DagBag from /opt/airflow/dags/transform_orders_dag.py
[2025-04-27T17:54:06.866+0000] {processor.py:840} INFO - DAG(s) 'clean_orders_csv_dag' retrieved from /opt/airflow/dags/transform_orders_dag.py
[2025-04-27T17:54:06.902+0000] {logging_mixin.py:188} INFO - [2025-04-27T17:54:06.901+0000] {dag.py:3036} INFO - Sync 1 DAGs
[2025-04-27T17:54:06.921+0000] {logging_mixin.py:188} INFO - [2025-04-27T17:54:06.921+0000] {dag.py:3823} INFO - Setting next_dagrun for clean_orders_csv_dag to None, run_after=None
[2025-04-27T17:54:06.955+0000] {processor.py:183} INFO - Processing /opt/airflow/dags/transform_orders_dag.py took 0.937 seconds
[2025-04-27T17:54:37.786+0000] {processor.py:161} INFO - Started process (PID=15327) to work on /opt/airflow/dags/transform_orders_dag.py
[2025-04-27T17:54:37.787+0000] {processor.py:830} INFO - Processing file /opt/airflow/dags/transform_orders_dag.py for tasks to queue
[2025-04-27T17:54:37.789+0000] {logging_mixin.py:188} INFO - [2025-04-27T17:54:37.789+0000] {dagbag.py:538} INFO - Filling up the DagBag from /opt/airflow/dags/transform_orders_dag.py
[2025-04-27T17:54:38.682+0000] {processor.py:840} INFO - DAG(s) 'clean_orders_csv_dag' retrieved from /opt/airflow/dags/transform_orders_dag.py
[2025-04-27T17:54:38.783+0000] {logging_mixin.py:188} INFO - [2025-04-27T17:54:38.782+0000] {dag.py:3036} INFO - Sync 1 DAGs
[2025-04-27T17:54:38.808+0000] {logging_mixin.py:188} INFO - [2025-04-27T17:54:38.807+0000] {dag.py:3823} INFO - Setting next_dagrun for clean_orders_csv_dag to None, run_after=None
[2025-04-27T17:54:38.839+0000] {processor.py:183} INFO - Processing /opt/airflow/dags/transform_orders_dag.py took 1.057 seconds
[2025-04-27T17:55:51.618+0000] {processor.py:161} INFO - Started process (PID=191) to work on /opt/airflow/dags/transform_orders_dag.py
[2025-04-27T17:55:51.621+0000] {processor.py:830} INFO - Processing file /opt/airflow/dags/transform_orders_dag.py for tasks to queue
[2025-04-27T17:55:51.623+0000] {logging_mixin.py:188} INFO - [2025-04-27T17:55:51.622+0000] {dagbag.py:538} INFO - Filling up the DagBag from /opt/airflow/dags/transform_orders_dag.py
[2025-04-27T17:55:52.424+0000] {processor.py:840} INFO - DAG(s) 'clean_orders_csv_dag' retrieved from /opt/airflow/dags/transform_orders_dag.py
[2025-04-27T17:55:52.499+0000] {logging_mixin.py:188} INFO - [2025-04-27T17:55:52.498+0000] {dag.py:3036} INFO - Sync 1 DAGs
[2025-04-27T17:55:52.601+0000] {logging_mixin.py:188} INFO - [2025-04-27T17:55:52.600+0000] {dag.py:3823} INFO - Setting next_dagrun for clean_orders_csv_dag to None, run_after=None
[2025-04-27T17:55:52.645+0000] {processor.py:183} INFO - Processing /opt/airflow/dags/transform_orders_dag.py took 1.035 seconds
[2025-04-27T17:56:22.822+0000] {processor.py:161} INFO - Started process (PID=236) to work on /opt/airflow/dags/transform_orders_dag.py
[2025-04-27T17:56:22.823+0000] {processor.py:830} INFO - Processing file /opt/airflow/dags/transform_orders_dag.py for tasks to queue
[2025-04-27T17:56:22.824+0000] {logging_mixin.py:188} INFO - [2025-04-27T17:56:22.823+0000] {dagbag.py:538} INFO - Filling up the DagBag from /opt/airflow/dags/transform_orders_dag.py
[2025-04-27T17:56:23.161+0000] {processor.py:840} INFO - DAG(s) 'clean_orders_csv_dag' retrieved from /opt/airflow/dags/transform_orders_dag.py
[2025-04-27T17:56:23.280+0000] {logging_mixin.py:188} INFO - [2025-04-27T17:56:23.280+0000] {dag.py:3036} INFO - Sync 1 DAGs
[2025-04-27T17:56:23.300+0000] {logging_mixin.py:188} INFO - [2025-04-27T17:56:23.300+0000] {dag.py:3823} INFO - Setting next_dagrun for clean_orders_csv_dag to None, run_after=None
[2025-04-27T17:56:23.344+0000] {processor.py:183} INFO - Processing /opt/airflow/dags/transform_orders_dag.py took 0.525 seconds
[2025-04-27T17:56:53.580+0000] {processor.py:161} INFO - Started process (PID=279) to work on /opt/airflow/dags/transform_orders_dag.py
[2025-04-27T17:56:53.583+0000] {processor.py:830} INFO - Processing file /opt/airflow/dags/transform_orders_dag.py for tasks to queue
[2025-04-27T17:56:53.586+0000] {logging_mixin.py:188} INFO - [2025-04-27T17:56:53.585+0000] {dagbag.py:538} INFO - Filling up the DagBag from /opt/airflow/dags/transform_orders_dag.py
[2025-04-27T17:56:54.193+0000] {processor.py:840} INFO - DAG(s) 'clean_orders_csv_dag' retrieved from /opt/airflow/dags/transform_orders_dag.py
[2025-04-27T17:56:54.243+0000] {logging_mixin.py:188} INFO - [2025-04-27T17:56:54.241+0000] {dag.py:3036} INFO - Sync 1 DAGs
[2025-04-27T17:56:54.261+0000] {logging_mixin.py:188} INFO - [2025-04-27T17:56:54.261+0000] {dag.py:3823} INFO - Setting next_dagrun for clean_orders_csv_dag to None, run_after=None
[2025-04-27T17:56:54.307+0000] {processor.py:183} INFO - Processing /opt/airflow/dags/transform_orders_dag.py took 0.734 seconds
[2025-04-27T17:57:24.442+0000] {processor.py:161} INFO - Started process (PID=323) to work on /opt/airflow/dags/transform_orders_dag.py
[2025-04-27T17:57:24.444+0000] {processor.py:830} INFO - Processing file /opt/airflow/dags/transform_orders_dag.py for tasks to queue
[2025-04-27T17:57:24.446+0000] {logging_mixin.py:188} INFO - [2025-04-27T17:57:24.446+0000] {dagbag.py:538} INFO - Filling up the DagBag from /opt/airflow/dags/transform_orders_dag.py
[2025-04-27T17:57:25.278+0000] {processor.py:840} INFO - DAG(s) 'clean_orders_csv_dag' retrieved from /opt/airflow/dags/transform_orders_dag.py
[2025-04-27T17:57:25.334+0000] {logging_mixin.py:188} INFO - [2025-04-27T17:57:25.334+0000] {dag.py:3036} INFO - Sync 1 DAGs
[2025-04-27T17:57:25.363+0000] {logging_mixin.py:188} INFO - [2025-04-27T17:57:25.362+0000] {dag.py:3823} INFO - Setting next_dagrun for clean_orders_csv_dag to None, run_after=None
[2025-04-27T17:57:25.408+0000] {processor.py:183} INFO - Processing /opt/airflow/dags/transform_orders_dag.py took 0.973 seconds
[2025-04-27T17:57:55.576+0000] {processor.py:161} INFO - Started process (PID=371) to work on /opt/airflow/dags/transform_orders_dag.py
[2025-04-27T17:57:55.579+0000] {processor.py:830} INFO - Processing file /opt/airflow/dags/transform_orders_dag.py for tasks to queue
[2025-04-27T17:57:55.582+0000] {logging_mixin.py:188} INFO - [2025-04-27T17:57:55.581+0000] {dagbag.py:538} INFO - Filling up the DagBag from /opt/airflow/dags/transform_orders_dag.py
[2025-04-27T17:57:55.892+0000] {processor.py:840} INFO - DAG(s) 'clean_orders_csv_dag' retrieved from /opt/airflow/dags/transform_orders_dag.py
[2025-04-27T17:57:55.927+0000] {logging_mixin.py:188} INFO - [2025-04-27T17:57:55.927+0000] {dag.py:3036} INFO - Sync 1 DAGs
[2025-04-27T17:57:55.940+0000] {logging_mixin.py:188} INFO - [2025-04-27T17:57:55.940+0000] {dag.py:3823} INFO - Setting next_dagrun for clean_orders_csv_dag to None, run_after=None
[2025-04-27T17:57:55.965+0000] {processor.py:183} INFO - Processing /opt/airflow/dags/transform_orders_dag.py took 0.394 seconds
[2025-04-27T17:58:26.522+0000] {processor.py:161} INFO - Started process (PID=412) to work on /opt/airflow/dags/transform_orders_dag.py
[2025-04-27T17:58:26.523+0000] {processor.py:830} INFO - Processing file /opt/airflow/dags/transform_orders_dag.py for tasks to queue
[2025-04-27T17:58:26.526+0000] {logging_mixin.py:188} INFO - [2025-04-27T17:58:26.525+0000] {dagbag.py:538} INFO - Filling up the DagBag from /opt/airflow/dags/transform_orders_dag.py
[2025-04-27T17:58:27.059+0000] {processor.py:840} INFO - DAG(s) 'clean_orders_csv_dag' retrieved from /opt/airflow/dags/transform_orders_dag.py
[2025-04-27T17:58:27.096+0000] {logging_mixin.py:188} INFO - [2025-04-27T17:58:27.095+0000] {dag.py:3036} INFO - Sync 1 DAGs
[2025-04-27T17:58:27.120+0000] {logging_mixin.py:188} INFO - [2025-04-27T17:58:27.120+0000] {dag.py:3823} INFO - Setting next_dagrun for clean_orders_csv_dag to None, run_after=None
[2025-04-27T17:58:27.174+0000] {processor.py:183} INFO - Processing /opt/airflow/dags/transform_orders_dag.py took 0.664 seconds
[2025-04-27T17:58:57.354+0000] {processor.py:161} INFO - Started process (PID=457) to work on /opt/airflow/dags/transform_orders_dag.py
[2025-04-27T17:58:57.357+0000] {processor.py:830} INFO - Processing file /opt/airflow/dags/transform_orders_dag.py for tasks to queue
[2025-04-27T17:58:57.359+0000] {logging_mixin.py:188} INFO - [2025-04-27T17:58:57.359+0000] {dagbag.py:538} INFO - Filling up the DagBag from /opt/airflow/dags/transform_orders_dag.py
[2025-04-27T17:58:57.672+0000] {processor.py:840} INFO - DAG(s) 'clean_orders_csv_dag' retrieved from /opt/airflow/dags/transform_orders_dag.py
[2025-04-27T17:58:57.693+0000] {logging_mixin.py:188} INFO - [2025-04-27T17:58:57.693+0000] {dag.py:3036} INFO - Sync 1 DAGs
[2025-04-27T17:58:57.704+0000] {logging_mixin.py:188} INFO - [2025-04-27T17:58:57.704+0000] {dag.py:3823} INFO - Setting next_dagrun for clean_orders_csv_dag to None, run_after=None
[2025-04-27T17:58:57.722+0000] {processor.py:183} INFO - Processing /opt/airflow/dags/transform_orders_dag.py took 0.371 seconds
[2025-04-27T17:59:28.106+0000] {processor.py:161} INFO - Started process (PID=498) to work on /opt/airflow/dags/transform_orders_dag.py
[2025-04-27T17:59:28.107+0000] {processor.py:830} INFO - Processing file /opt/airflow/dags/transform_orders_dag.py for tasks to queue
[2025-04-27T17:59:28.109+0000] {logging_mixin.py:188} INFO - [2025-04-27T17:59:28.108+0000] {dagbag.py:538} INFO - Filling up the DagBag from /opt/airflow/dags/transform_orders_dag.py
[2025-04-27T17:59:28.477+0000] {processor.py:840} INFO - DAG(s) 'clean_orders_csv_dag' retrieved from /opt/airflow/dags/transform_orders_dag.py
[2025-04-27T17:59:28.515+0000] {logging_mixin.py:188} INFO - [2025-04-27T17:59:28.514+0000] {dag.py:3036} INFO - Sync 1 DAGs
[2025-04-27T17:59:28.533+0000] {logging_mixin.py:188} INFO - [2025-04-27T17:59:28.533+0000] {dag.py:3823} INFO - Setting next_dagrun for clean_orders_csv_dag to None, run_after=None
[2025-04-27T17:59:28.565+0000] {processor.py:183} INFO - Processing /opt/airflow/dags/transform_orders_dag.py took 0.462 seconds
[2025-04-27T17:59:59.123+0000] {processor.py:161} INFO - Started process (PID=541) to work on /opt/airflow/dags/transform_orders_dag.py
[2025-04-27T17:59:59.125+0000] {processor.py:830} INFO - Processing file /opt/airflow/dags/transform_orders_dag.py for tasks to queue
[2025-04-27T17:59:59.127+0000] {logging_mixin.py:188} INFO - [2025-04-27T17:59:59.126+0000] {dagbag.py:538} INFO - Filling up the DagBag from /opt/airflow/dags/transform_orders_dag.py
[2025-04-27T17:59:59.700+0000] {processor.py:840} INFO - DAG(s) 'clean_orders_csv_dag' retrieved from /opt/airflow/dags/transform_orders_dag.py
[2025-04-27T17:59:59.734+0000] {logging_mixin.py:188} INFO - [2025-04-27T17:59:59.734+0000] {dag.py:3036} INFO - Sync 1 DAGs
[2025-04-27T17:59:59.758+0000] {logging_mixin.py:188} INFO - [2025-04-27T17:59:59.758+0000] {dag.py:3823} INFO - Setting next_dagrun for clean_orders_csv_dag to None, run_after=None
[2025-04-27T17:59:59.797+0000] {processor.py:183} INFO - Processing /opt/airflow/dags/transform_orders_dag.py took 0.677 seconds
[2025-04-27T18:00:30.143+0000] {processor.py:161} INFO - Started process (PID=584) to work on /opt/airflow/dags/transform_orders_dag.py
[2025-04-27T18:00:30.145+0000] {processor.py:830} INFO - Processing file /opt/airflow/dags/transform_orders_dag.py for tasks to queue
[2025-04-27T18:00:30.146+0000] {logging_mixin.py:188} INFO - [2025-04-27T18:00:30.146+0000] {dagbag.py:538} INFO - Filling up the DagBag from /opt/airflow/dags/transform_orders_dag.py
[2025-04-27T18:00:30.448+0000] {processor.py:840} INFO - DAG(s) 'clean_orders_csv_dag' retrieved from /opt/airflow/dags/transform_orders_dag.py
[2025-04-27T18:00:30.473+0000] {logging_mixin.py:188} INFO - [2025-04-27T18:00:30.473+0000] {dag.py:3036} INFO - Sync 1 DAGs
[2025-04-27T18:00:30.484+0000] {logging_mixin.py:188} INFO - [2025-04-27T18:00:30.484+0000] {dag.py:3823} INFO - Setting next_dagrun for clean_orders_csv_dag to None, run_after=None
[2025-04-27T18:00:30.505+0000] {processor.py:183} INFO - Processing /opt/airflow/dags/transform_orders_dag.py took 0.365 seconds
[2025-04-27T18:01:00.675+0000] {processor.py:161} INFO - Started process (PID=627) to work on /opt/airflow/dags/transform_orders_dag.py
[2025-04-27T18:01:00.677+0000] {processor.py:830} INFO - Processing file /opt/airflow/dags/transform_orders_dag.py for tasks to queue
[2025-04-27T18:01:00.679+0000] {logging_mixin.py:188} INFO - [2025-04-27T18:01:00.679+0000] {dagbag.py:538} INFO - Filling up the DagBag from /opt/airflow/dags/transform_orders_dag.py
[2025-04-27T18:01:01.098+0000] {processor.py:840} INFO - DAG(s) 'clean_orders_csv_dag' retrieved from /opt/airflow/dags/transform_orders_dag.py
[2025-04-27T18:01:01.134+0000] {logging_mixin.py:188} INFO - [2025-04-27T18:01:01.134+0000] {dag.py:3036} INFO - Sync 1 DAGs
[2025-04-27T18:01:01.153+0000] {logging_mixin.py:188} INFO - [2025-04-27T18:01:01.153+0000] {dag.py:3823} INFO - Setting next_dagrun for clean_orders_csv_dag to None, run_after=None
[2025-04-27T18:01:01.190+0000] {processor.py:183} INFO - Processing /opt/airflow/dags/transform_orders_dag.py took 0.519 seconds
[2025-04-27T18:01:31.818+0000] {processor.py:161} INFO - Started process (PID=669) to work on /opt/airflow/dags/transform_orders_dag.py
[2025-04-27T18:01:31.820+0000] {processor.py:830} INFO - Processing file /opt/airflow/dags/transform_orders_dag.py for tasks to queue
[2025-04-27T18:01:31.821+0000] {logging_mixin.py:188} INFO - [2025-04-27T18:01:31.821+0000] {dagbag.py:538} INFO - Filling up the DagBag from /opt/airflow/dags/transform_orders_dag.py
[2025-04-27T18:01:33.445+0000] {processor.py:840} INFO - DAG(s) 'clean_orders_csv_dag' retrieved from /opt/airflow/dags/transform_orders_dag.py
[2025-04-27T18:01:33.761+0000] {logging_mixin.py:188} INFO - [2025-04-27T18:01:33.760+0000] {dag.py:3036} INFO - Sync 1 DAGs
[2025-04-27T18:01:33.880+0000] {logging_mixin.py:188} INFO - [2025-04-27T18:01:33.880+0000] {dag.py:3823} INFO - Setting next_dagrun for clean_orders_csv_dag to None, run_after=None
[2025-04-27T18:01:34.000+0000] {processor.py:183} INFO - Processing /opt/airflow/dags/transform_orders_dag.py took 2.211 seconds
[2025-04-27T18:02:04.388+0000] {processor.py:161} INFO - Started process (PID=712) to work on /opt/airflow/dags/transform_orders_dag.py
[2025-04-27T18:02:04.390+0000] {processor.py:830} INFO - Processing file /opt/airflow/dags/transform_orders_dag.py for tasks to queue
[2025-04-27T18:02:05.314+0000] {logging_mixin.py:188} INFO - [2025-04-27T18:02:05.313+0000] {dagbag.py:538} INFO - Filling up the DagBag from /opt/airflow/dags/transform_orders_dag.py
[2025-04-27T18:02:05.861+0000] {processor.py:840} INFO - DAG(s) 'clean_orders_csv_dag' retrieved from /opt/airflow/dags/transform_orders_dag.py
[2025-04-27T18:02:05.901+0000] {logging_mixin.py:188} INFO - [2025-04-27T18:02:05.900+0000] {dag.py:3036} INFO - Sync 1 DAGs
[2025-04-27T18:02:05.922+0000] {logging_mixin.py:188} INFO - [2025-04-27T18:02:05.922+0000] {dag.py:3823} INFO - Setting next_dagrun for clean_orders_csv_dag to None, run_after=None
[2025-04-27T18:02:05.959+0000] {processor.py:183} INFO - Processing /opt/airflow/dags/transform_orders_dag.py took 1.575 seconds
[2025-04-27T18:02:36.323+0000] {processor.py:161} INFO - Started process (PID=755) to work on /opt/airflow/dags/transform_orders_dag.py
[2025-04-27T18:02:36.329+0000] {processor.py:830} INFO - Processing file /opt/airflow/dags/transform_orders_dag.py for tasks to queue
[2025-04-27T18:02:36.335+0000] {logging_mixin.py:188} INFO - [2025-04-27T18:02:36.333+0000] {dagbag.py:538} INFO - Filling up the DagBag from /opt/airflow/dags/transform_orders_dag.py
[2025-04-27T18:02:36.991+0000] {processor.py:840} INFO - DAG(s) 'clean_orders_csv_dag' retrieved from /opt/airflow/dags/transform_orders_dag.py
[2025-04-27T18:02:37.060+0000] {logging_mixin.py:188} INFO - [2025-04-27T18:02:37.059+0000] {dag.py:3036} INFO - Sync 1 DAGs
[2025-04-27T18:02:37.107+0000] {logging_mixin.py:188} INFO - [2025-04-27T18:02:37.107+0000] {dag.py:3823} INFO - Setting next_dagrun for clean_orders_csv_dag to None, run_after=None
[2025-04-27T18:02:37.224+0000] {processor.py:183} INFO - Processing /opt/airflow/dags/transform_orders_dag.py took 0.921 seconds
[2025-04-27T18:03:07.597+0000] {processor.py:161} INFO - Started process (PID=798) to work on /opt/airflow/dags/transform_orders_dag.py
[2025-04-27T18:03:07.603+0000] {processor.py:830} INFO - Processing file /opt/airflow/dags/transform_orders_dag.py for tasks to queue
[2025-04-27T18:03:07.605+0000] {logging_mixin.py:188} INFO - [2025-04-27T18:03:07.604+0000] {dagbag.py:538} INFO - Filling up the DagBag from /opt/airflow/dags/transform_orders_dag.py
[2025-04-27T18:03:08.144+0000] {processor.py:840} INFO - DAG(s) 'clean_orders_csv_dag' retrieved from /opt/airflow/dags/transform_orders_dag.py
[2025-04-27T18:03:08.185+0000] {logging_mixin.py:188} INFO - [2025-04-27T18:03:08.184+0000] {dag.py:3036} INFO - Sync 1 DAGs
[2025-04-27T18:03:08.234+0000] {logging_mixin.py:188} INFO - [2025-04-27T18:03:08.234+0000] {dag.py:3823} INFO - Setting next_dagrun for clean_orders_csv_dag to None, run_after=None
[2025-04-27T18:03:08.327+0000] {processor.py:183} INFO - Processing /opt/airflow/dags/transform_orders_dag.py took 0.736 seconds
[2025-04-27T18:03:38.923+0000] {processor.py:161} INFO - Started process (PID=841) to work on /opt/airflow/dags/transform_orders_dag.py
[2025-04-27T18:03:38.929+0000] {processor.py:830} INFO - Processing file /opt/airflow/dags/transform_orders_dag.py for tasks to queue
[2025-04-27T18:03:38.932+0000] {logging_mixin.py:188} INFO - [2025-04-27T18:03:38.931+0000] {dagbag.py:538} INFO - Filling up the DagBag from /opt/airflow/dags/transform_orders_dag.py
[2025-04-27T18:03:39.520+0000] {processor.py:840} INFO - DAG(s) 'clean_orders_csv_dag' retrieved from /opt/airflow/dags/transform_orders_dag.py
[2025-04-27T18:03:39.590+0000] {logging_mixin.py:188} INFO - [2025-04-27T18:03:39.589+0000] {dag.py:3036} INFO - Sync 1 DAGs
[2025-04-27T18:03:39.616+0000] {logging_mixin.py:188} INFO - [2025-04-27T18:03:39.615+0000] {dag.py:3823} INFO - Setting next_dagrun for clean_orders_csv_dag to None, run_after=None
[2025-04-27T18:03:39.652+0000] {processor.py:183} INFO - Processing /opt/airflow/dags/transform_orders_dag.py took 0.735 seconds
[2025-04-27T18:04:46.585+0000] {processor.py:161} INFO - Started process (PID=193) to work on /opt/airflow/dags/transform_orders_dag.py
[2025-04-27T18:04:46.587+0000] {processor.py:830} INFO - Processing file /opt/airflow/dags/transform_orders_dag.py for tasks to queue
[2025-04-27T18:04:46.589+0000] {logging_mixin.py:188} INFO - [2025-04-27T18:04:46.588+0000] {dagbag.py:538} INFO - Filling up the DagBag from /opt/airflow/dags/transform_orders_dag.py
[2025-04-27T18:04:46.978+0000] {processor.py:840} INFO - DAG(s) 'clean_orders_csv_dag' retrieved from /opt/airflow/dags/transform_orders_dag.py
[2025-04-27T18:04:47.000+0000] {logging_mixin.py:188} INFO - [2025-04-27T18:04:46.999+0000] {dag.py:3036} INFO - Sync 1 DAGs
[2025-04-27T18:04:47.028+0000] {logging_mixin.py:188} INFO - [2025-04-27T18:04:47.027+0000] {dag.py:3823} INFO - Setting next_dagrun for clean_orders_csv_dag to None, run_after=None
[2025-04-27T18:04:47.073+0000] {processor.py:183} INFO - Processing /opt/airflow/dags/transform_orders_dag.py took 0.494 seconds
[2025-04-27T18:05:17.297+0000] {processor.py:161} INFO - Started process (PID=234) to work on /opt/airflow/dags/transform_orders_dag.py
[2025-04-27T18:05:17.300+0000] {processor.py:830} INFO - Processing file /opt/airflow/dags/transform_orders_dag.py for tasks to queue
[2025-04-27T18:05:17.303+0000] {logging_mixin.py:188} INFO - [2025-04-27T18:05:17.302+0000] {dagbag.py:538} INFO - Filling up the DagBag from /opt/airflow/dags/transform_orders_dag.py
[2025-04-27T18:05:18.049+0000] {processor.py:840} INFO - DAG(s) 'clean_orders_csv_dag' retrieved from /opt/airflow/dags/transform_orders_dag.py
[2025-04-27T18:05:18.339+0000] {logging_mixin.py:188} INFO - [2025-04-27T18:05:18.338+0000] {dag.py:3036} INFO - Sync 1 DAGs
[2025-04-27T18:05:18.371+0000] {logging_mixin.py:188} INFO - [2025-04-27T18:05:18.371+0000] {dag.py:3823} INFO - Setting next_dagrun for clean_orders_csv_dag to None, run_after=None
[2025-04-27T18:05:18.420+0000] {processor.py:183} INFO - Processing /opt/airflow/dags/transform_orders_dag.py took 1.131 seconds
[2025-04-27T18:05:48.585+0000] {processor.py:161} INFO - Started process (PID=282) to work on /opt/airflow/dags/transform_orders_dag.py
[2025-04-27T18:05:48.586+0000] {processor.py:830} INFO - Processing file /opt/airflow/dags/transform_orders_dag.py for tasks to queue
[2025-04-27T18:05:48.588+0000] {logging_mixin.py:188} INFO - [2025-04-27T18:05:48.587+0000] {dagbag.py:538} INFO - Filling up the DagBag from /opt/airflow/dags/transform_orders_dag.py
[2025-04-27T18:05:48.863+0000] {processor.py:840} INFO - DAG(s) 'clean_orders_csv_dag' retrieved from /opt/airflow/dags/transform_orders_dag.py
[2025-04-27T18:05:48.882+0000] {logging_mixin.py:188} INFO - [2025-04-27T18:05:48.881+0000] {dag.py:3036} INFO - Sync 1 DAGs
[2025-04-27T18:05:48.892+0000] {logging_mixin.py:188} INFO - [2025-04-27T18:05:48.892+0000] {dag.py:3823} INFO - Setting next_dagrun for clean_orders_csv_dag to None, run_after=None
[2025-04-27T18:05:48.907+0000] {processor.py:183} INFO - Processing /opt/airflow/dags/transform_orders_dag.py took 0.325 seconds
[2025-04-27T18:06:19.059+0000] {processor.py:161} INFO - Started process (PID=325) to work on /opt/airflow/dags/transform_orders_dag.py
[2025-04-27T18:06:19.061+0000] {processor.py:830} INFO - Processing file /opt/airflow/dags/transform_orders_dag.py for tasks to queue
[2025-04-27T18:06:19.062+0000] {logging_mixin.py:188} INFO - [2025-04-27T18:06:19.062+0000] {dagbag.py:538} INFO - Filling up the DagBag from /opt/airflow/dags/transform_orders_dag.py
[2025-04-27T18:06:19.318+0000] {processor.py:840} INFO - DAG(s) 'clean_orders_csv_dag' retrieved from /opt/airflow/dags/transform_orders_dag.py
[2025-04-27T18:06:19.338+0000] {logging_mixin.py:188} INFO - [2025-04-27T18:06:19.337+0000] {dag.py:3036} INFO - Sync 1 DAGs
[2025-04-27T18:06:19.348+0000] {logging_mixin.py:188} INFO - [2025-04-27T18:06:19.348+0000] {dag.py:3823} INFO - Setting next_dagrun for clean_orders_csv_dag to None, run_after=None
[2025-04-27T18:06:19.371+0000] {processor.py:183} INFO - Processing /opt/airflow/dags/transform_orders_dag.py took 0.315 seconds
[2025-04-27T18:06:49.628+0000] {processor.py:161} INFO - Started process (PID=366) to work on /opt/airflow/dags/transform_orders_dag.py
[2025-04-27T18:06:49.630+0000] {processor.py:830} INFO - Processing file /opt/airflow/dags/transform_orders_dag.py for tasks to queue
[2025-04-27T18:06:49.632+0000] {logging_mixin.py:188} INFO - [2025-04-27T18:06:49.632+0000] {dagbag.py:538} INFO - Filling up the DagBag from /opt/airflow/dags/transform_orders_dag.py
[2025-04-27T18:06:50.029+0000] {processor.py:840} INFO - DAG(s) 'clean_orders_csv_dag' retrieved from /opt/airflow/dags/transform_orders_dag.py
[2025-04-27T18:06:50.057+0000] {logging_mixin.py:188} INFO - [2025-04-27T18:06:50.057+0000] {dag.py:3036} INFO - Sync 1 DAGs
[2025-04-27T18:06:50.073+0000] {logging_mixin.py:188} INFO - [2025-04-27T18:06:50.073+0000] {dag.py:3823} INFO - Setting next_dagrun for clean_orders_csv_dag to None, run_after=None
[2025-04-27T18:06:50.106+0000] {processor.py:183} INFO - Processing /opt/airflow/dags/transform_orders_dag.py took 0.481 seconds
[2025-04-27T18:07:20.544+0000] {processor.py:161} INFO - Started process (PID=409) to work on /opt/airflow/dags/transform_orders_dag.py
[2025-04-27T18:07:20.547+0000] {processor.py:830} INFO - Processing file /opt/airflow/dags/transform_orders_dag.py for tasks to queue
[2025-04-27T18:07:20.550+0000] {logging_mixin.py:188} INFO - [2025-04-27T18:07:20.549+0000] {dagbag.py:538} INFO - Filling up the DagBag from /opt/airflow/dags/transform_orders_dag.py
[2025-04-27T18:07:20.873+0000] {processor.py:840} INFO - DAG(s) 'clean_orders_csv_dag' retrieved from /opt/airflow/dags/transform_orders_dag.py
[2025-04-27T18:07:20.894+0000] {logging_mixin.py:188} INFO - [2025-04-27T18:07:20.893+0000] {dag.py:3036} INFO - Sync 1 DAGs
[2025-04-27T18:07:20.904+0000] {logging_mixin.py:188} INFO - [2025-04-27T18:07:20.904+0000] {dag.py:3823} INFO - Setting next_dagrun for clean_orders_csv_dag to None, run_after=None
[2025-04-27T18:07:20.935+0000] {processor.py:183} INFO - Processing /opt/airflow/dags/transform_orders_dag.py took 0.396 seconds
[2025-04-27T18:07:51.153+0000] {processor.py:161} INFO - Started process (PID=454) to work on /opt/airflow/dags/transform_orders_dag.py
[2025-04-27T18:07:51.155+0000] {processor.py:830} INFO - Processing file /opt/airflow/dags/transform_orders_dag.py for tasks to queue
[2025-04-27T18:07:51.156+0000] {logging_mixin.py:188} INFO - [2025-04-27T18:07:51.156+0000] {dagbag.py:538} INFO - Filling up the DagBag from /opt/airflow/dags/transform_orders_dag.py
[2025-04-27T18:07:51.469+0000] {processor.py:840} INFO - DAG(s) 'clean_orders_csv_dag' retrieved from /opt/airflow/dags/transform_orders_dag.py
[2025-04-27T18:07:51.497+0000] {logging_mixin.py:188} INFO - [2025-04-27T18:07:51.496+0000] {dag.py:3036} INFO - Sync 1 DAGs
[2025-04-27T18:07:51.509+0000] {logging_mixin.py:188} INFO - [2025-04-27T18:07:51.509+0000] {dag.py:3823} INFO - Setting next_dagrun for clean_orders_csv_dag to None, run_after=None
[2025-04-27T18:07:51.534+0000] {processor.py:183} INFO - Processing /opt/airflow/dags/transform_orders_dag.py took 0.385 seconds
[2025-04-27T18:08:21.602+0000] {processor.py:161} INFO - Started process (PID=497) to work on /opt/airflow/dags/transform_orders_dag.py
[2025-04-27T18:08:21.603+0000] {processor.py:830} INFO - Processing file /opt/airflow/dags/transform_orders_dag.py for tasks to queue
[2025-04-27T18:08:21.604+0000] {logging_mixin.py:188} INFO - [2025-04-27T18:08:21.604+0000] {dagbag.py:538} INFO - Filling up the DagBag from /opt/airflow/dags/transform_orders_dag.py
[2025-04-27T18:08:21.861+0000] {processor.py:840} INFO - DAG(s) 'clean_orders_csv_dag' retrieved from /opt/airflow/dags/transform_orders_dag.py
[2025-04-27T18:08:21.882+0000] {logging_mixin.py:188} INFO - [2025-04-27T18:08:21.882+0000] {dag.py:3036} INFO - Sync 1 DAGs
[2025-04-27T18:08:21.891+0000] {logging_mixin.py:188} INFO - [2025-04-27T18:08:21.890+0000] {dag.py:3823} INFO - Setting next_dagrun for clean_orders_csv_dag to None, run_after=None
[2025-04-27T18:08:21.909+0000] {processor.py:183} INFO - Processing /opt/airflow/dags/transform_orders_dag.py took 0.311 seconds
[2025-04-27T18:08:52.455+0000] {processor.py:161} INFO - Started process (PID=537) to work on /opt/airflow/dags/transform_orders_dag.py
[2025-04-27T18:08:52.456+0000] {processor.py:830} INFO - Processing file /opt/airflow/dags/transform_orders_dag.py for tasks to queue
[2025-04-27T18:08:52.457+0000] {logging_mixin.py:188} INFO - [2025-04-27T18:08:52.457+0000] {dagbag.py:538} INFO - Filling up the DagBag from /opt/airflow/dags/transform_orders_dag.py
[2025-04-27T18:08:52.897+0000] {processor.py:840} INFO - DAG(s) 'clean_orders_csv_dag' retrieved from /opt/airflow/dags/transform_orders_dag.py
[2025-04-27T18:08:52.971+0000] {logging_mixin.py:188} INFO - [2025-04-27T18:08:52.970+0000] {dag.py:3036} INFO - Sync 1 DAGs
[2025-04-27T18:08:53.004+0000] {logging_mixin.py:188} INFO - [2025-04-27T18:08:53.004+0000] {dag.py:3823} INFO - Setting next_dagrun for clean_orders_csv_dag to None, run_after=None
[2025-04-27T18:08:53.043+0000] {processor.py:183} INFO - Processing /opt/airflow/dags/transform_orders_dag.py took 0.592 seconds
[2025-04-27T18:09:23.148+0000] {processor.py:161} INFO - Started process (PID=577) to work on /opt/airflow/dags/transform_orders_dag.py
[2025-04-27T18:09:23.149+0000] {processor.py:830} INFO - Processing file /opt/airflow/dags/transform_orders_dag.py for tasks to queue
[2025-04-27T18:09:23.151+0000] {logging_mixin.py:188} INFO - [2025-04-27T18:09:23.151+0000] {dagbag.py:538} INFO - Filling up the DagBag from /opt/airflow/dags/transform_orders_dag.py
[2025-04-27T18:09:23.401+0000] {processor.py:840} INFO - DAG(s) 'clean_orders_csv_dag' retrieved from /opt/airflow/dags/transform_orders_dag.py
[2025-04-27T18:09:23.420+0000] {logging_mixin.py:188} INFO - [2025-04-27T18:09:23.419+0000] {dag.py:3036} INFO - Sync 1 DAGs
[2025-04-27T18:09:23.429+0000] {logging_mixin.py:188} INFO - [2025-04-27T18:09:23.429+0000] {dag.py:3823} INFO - Setting next_dagrun for clean_orders_csv_dag to None, run_after=None
[2025-04-27T18:09:23.445+0000] {processor.py:183} INFO - Processing /opt/airflow/dags/transform_orders_dag.py took 0.299 seconds
[2025-04-27T18:09:54.235+0000] {processor.py:161} INFO - Started process (PID=623) to work on /opt/airflow/dags/transform_orders_dag.py
[2025-04-27T18:09:54.237+0000] {processor.py:830} INFO - Processing file /opt/airflow/dags/transform_orders_dag.py for tasks to queue
[2025-04-27T18:09:54.239+0000] {logging_mixin.py:188} INFO - [2025-04-27T18:09:54.238+0000] {dagbag.py:538} INFO - Filling up the DagBag from /opt/airflow/dags/transform_orders_dag.py
[2025-04-27T18:09:54.633+0000] {processor.py:840} INFO - DAG(s) 'clean_orders_csv_dag' retrieved from /opt/airflow/dags/transform_orders_dag.py
[2025-04-27T18:09:54.660+0000] {logging_mixin.py:188} INFO - [2025-04-27T18:09:54.660+0000] {dag.py:3036} INFO - Sync 1 DAGs
[2025-04-27T18:09:54.676+0000] {logging_mixin.py:188} INFO - [2025-04-27T18:09:54.676+0000] {dag.py:3823} INFO - Setting next_dagrun for clean_orders_csv_dag to None, run_after=None
[2025-04-27T18:09:54.699+0000] {processor.py:183} INFO - Processing /opt/airflow/dags/transform_orders_dag.py took 0.467 seconds
[2025-04-27T18:10:24.835+0000] {processor.py:161} INFO - Started process (PID=666) to work on /opt/airflow/dags/transform_orders_dag.py
[2025-04-27T18:10:24.836+0000] {processor.py:830} INFO - Processing file /opt/airflow/dags/transform_orders_dag.py for tasks to queue
[2025-04-27T18:10:24.837+0000] {logging_mixin.py:188} INFO - [2025-04-27T18:10:24.836+0000] {dagbag.py:538} INFO - Filling up the DagBag from /opt/airflow/dags/transform_orders_dag.py
[2025-04-27T18:10:25.077+0000] {processor.py:840} INFO - DAG(s) 'clean_orders_csv_dag' retrieved from /opt/airflow/dags/transform_orders_dag.py
[2025-04-27T18:10:25.101+0000] {logging_mixin.py:188} INFO - [2025-04-27T18:10:25.101+0000] {dag.py:3036} INFO - Sync 1 DAGs
[2025-04-27T18:10:25.123+0000] {logging_mixin.py:188} INFO - [2025-04-27T18:10:25.122+0000] {dag.py:3823} INFO - Setting next_dagrun for clean_orders_csv_dag to None, run_after=None
[2025-04-27T18:10:25.163+0000] {processor.py:183} INFO - Processing /opt/airflow/dags/transform_orders_dag.py took 0.330 seconds
[2025-04-27T18:10:55.452+0000] {processor.py:161} INFO - Started process (PID=709) to work on /opt/airflow/dags/transform_orders_dag.py
[2025-04-27T18:10:55.453+0000] {processor.py:830} INFO - Processing file /opt/airflow/dags/transform_orders_dag.py for tasks to queue
[2025-04-27T18:10:55.454+0000] {logging_mixin.py:188} INFO - [2025-04-27T18:10:55.454+0000] {dagbag.py:538} INFO - Filling up the DagBag from /opt/airflow/dags/transform_orders_dag.py
[2025-04-27T18:10:55.744+0000] {processor.py:840} INFO - DAG(s) 'clean_orders_csv_dag' retrieved from /opt/airflow/dags/transform_orders_dag.py
[2025-04-27T18:10:55.767+0000] {logging_mixin.py:188} INFO - [2025-04-27T18:10:55.766+0000] {dag.py:3036} INFO - Sync 1 DAGs
[2025-04-27T18:10:55.778+0000] {logging_mixin.py:188} INFO - [2025-04-27T18:10:55.778+0000] {dag.py:3823} INFO - Setting next_dagrun for clean_orders_csv_dag to None, run_after=None
[2025-04-27T18:10:55.803+0000] {processor.py:183} INFO - Processing /opt/airflow/dags/transform_orders_dag.py took 0.355 seconds
[2025-04-27T18:11:25.914+0000] {processor.py:161} INFO - Started process (PID=752) to work on /opt/airflow/dags/transform_orders_dag.py
[2025-04-27T18:11:25.915+0000] {processor.py:830} INFO - Processing file /opt/airflow/dags/transform_orders_dag.py for tasks to queue
[2025-04-27T18:11:25.916+0000] {logging_mixin.py:188} INFO - [2025-04-27T18:11:25.915+0000] {dagbag.py:538} INFO - Filling up the DagBag from /opt/airflow/dags/transform_orders_dag.py
[2025-04-27T18:11:26.193+0000] {processor.py:840} INFO - DAG(s) 'clean_orders_csv_dag' retrieved from /opt/airflow/dags/transform_orders_dag.py
[2025-04-27T18:11:26.225+0000] {logging_mixin.py:188} INFO - [2025-04-27T18:11:26.225+0000] {dag.py:3036} INFO - Sync 1 DAGs
[2025-04-27T18:11:26.242+0000] {logging_mixin.py:188} INFO - [2025-04-27T18:11:26.241+0000] {dag.py:3823} INFO - Setting next_dagrun for clean_orders_csv_dag to None, run_after=None
[2025-04-27T18:11:26.269+0000] {processor.py:183} INFO - Processing /opt/airflow/dags/transform_orders_dag.py took 0.358 seconds
[2025-04-27T18:11:56.753+0000] {processor.py:161} INFO - Started process (PID=795) to work on /opt/airflow/dags/transform_orders_dag.py
[2025-04-27T18:11:56.755+0000] {processor.py:830} INFO - Processing file /opt/airflow/dags/transform_orders_dag.py for tasks to queue
[2025-04-27T18:11:56.757+0000] {logging_mixin.py:188} INFO - [2025-04-27T18:11:56.757+0000] {dagbag.py:538} INFO - Filling up the DagBag from /opt/airflow/dags/transform_orders_dag.py
[2025-04-27T18:11:57.173+0000] {processor.py:840} INFO - DAG(s) 'clean_orders_csv_dag' retrieved from /opt/airflow/dags/transform_orders_dag.py
[2025-04-27T18:11:57.209+0000] {logging_mixin.py:188} INFO - [2025-04-27T18:11:57.209+0000] {dag.py:3036} INFO - Sync 1 DAGs
[2025-04-27T18:11:57.228+0000] {logging_mixin.py:188} INFO - [2025-04-27T18:11:57.228+0000] {dag.py:3823} INFO - Setting next_dagrun for clean_orders_csv_dag to None, run_after=None
[2025-04-27T18:11:57.263+0000] {processor.py:183} INFO - Processing /opt/airflow/dags/transform_orders_dag.py took 0.518 seconds
[2025-04-27T18:12:27.412+0000] {processor.py:161} INFO - Started process (PID=838) to work on /opt/airflow/dags/transform_orders_dag.py
[2025-04-27T18:12:27.413+0000] {processor.py:830} INFO - Processing file /opt/airflow/dags/transform_orders_dag.py for tasks to queue
[2025-04-27T18:12:27.414+0000] {logging_mixin.py:188} INFO - [2025-04-27T18:12:27.414+0000] {dagbag.py:538} INFO - Filling up the DagBag from /opt/airflow/dags/transform_orders_dag.py
[2025-04-27T18:12:27.741+0000] {processor.py:840} INFO - DAG(s) 'clean_orders_csv_dag' retrieved from /opt/airflow/dags/transform_orders_dag.py
[2025-04-27T18:12:27.765+0000] {logging_mixin.py:188} INFO - [2025-04-27T18:12:27.765+0000] {dag.py:3036} INFO - Sync 1 DAGs
[2025-04-27T18:12:27.776+0000] {logging_mixin.py:188} INFO - [2025-04-27T18:12:27.776+0000] {dag.py:3823} INFO - Setting next_dagrun for clean_orders_csv_dag to None, run_after=None
[2025-04-27T18:12:27.796+0000] {processor.py:183} INFO - Processing /opt/airflow/dags/transform_orders_dag.py took 0.387 seconds
[2025-04-27T18:12:58.056+0000] {processor.py:161} INFO - Started process (PID=881) to work on /opt/airflow/dags/transform_orders_dag.py
[2025-04-27T18:12:58.057+0000] {processor.py:830} INFO - Processing file /opt/airflow/dags/transform_orders_dag.py for tasks to queue
[2025-04-27T18:12:58.059+0000] {logging_mixin.py:188} INFO - [2025-04-27T18:12:58.058+0000] {dagbag.py:538} INFO - Filling up the DagBag from /opt/airflow/dags/transform_orders_dag.py
[2025-04-27T18:12:58.492+0000] {processor.py:840} INFO - DAG(s) 'clean_orders_csv_dag' retrieved from /opt/airflow/dags/transform_orders_dag.py
[2025-04-27T18:12:58.526+0000] {logging_mixin.py:188} INFO - [2025-04-27T18:12:58.525+0000] {dag.py:3036} INFO - Sync 1 DAGs
[2025-04-27T18:12:58.542+0000] {logging_mixin.py:188} INFO - [2025-04-27T18:12:58.542+0000] {dag.py:3823} INFO - Setting next_dagrun for clean_orders_csv_dag to None, run_after=None
[2025-04-27T18:12:58.575+0000] {processor.py:183} INFO - Processing /opt/airflow/dags/transform_orders_dag.py took 0.524 seconds
[2025-04-27T18:13:28.908+0000] {processor.py:161} INFO - Started process (PID=924) to work on /opt/airflow/dags/transform_orders_dag.py
[2025-04-27T18:13:28.910+0000] {processor.py:830} INFO - Processing file /opt/airflow/dags/transform_orders_dag.py for tasks to queue
[2025-04-27T18:13:28.911+0000] {logging_mixin.py:188} INFO - [2025-04-27T18:13:28.910+0000] {dagbag.py:538} INFO - Filling up the DagBag from /opt/airflow/dags/transform_orders_dag.py
[2025-04-27T18:13:29.281+0000] {processor.py:840} INFO - DAG(s) 'clean_orders_csv_dag' retrieved from /opt/airflow/dags/transform_orders_dag.py
[2025-04-27T18:13:29.317+0000] {logging_mixin.py:188} INFO - [2025-04-27T18:13:29.317+0000] {dag.py:3036} INFO - Sync 1 DAGs
[2025-04-27T18:13:29.334+0000] {logging_mixin.py:188} INFO - [2025-04-27T18:13:29.334+0000] {dag.py:3823} INFO - Setting next_dagrun for clean_orders_csv_dag to None, run_after=None
[2025-04-27T18:13:29.368+0000] {processor.py:183} INFO - Processing /opt/airflow/dags/transform_orders_dag.py took 0.464 seconds
[2025-04-27T18:13:59.732+0000] {processor.py:161} INFO - Started process (PID=967) to work on /opt/airflow/dags/transform_orders_dag.py
[2025-04-27T18:13:59.733+0000] {processor.py:830} INFO - Processing file /opt/airflow/dags/transform_orders_dag.py for tasks to queue
[2025-04-27T18:13:59.734+0000] {logging_mixin.py:188} INFO - [2025-04-27T18:13:59.734+0000] {dagbag.py:538} INFO - Filling up the DagBag from /opt/airflow/dags/transform_orders_dag.py
[2025-04-27T18:14:00.061+0000] {processor.py:840} INFO - DAG(s) 'clean_orders_csv_dag' retrieved from /opt/airflow/dags/transform_orders_dag.py
[2025-04-27T18:14:00.091+0000] {logging_mixin.py:188} INFO - [2025-04-27T18:14:00.090+0000] {dag.py:3036} INFO - Sync 1 DAGs
[2025-04-27T18:14:00.106+0000] {logging_mixin.py:188} INFO - [2025-04-27T18:14:00.105+0000] {dag.py:3823} INFO - Setting next_dagrun for clean_orders_csv_dag to None, run_after=None
[2025-04-27T18:14:00.129+0000] {processor.py:183} INFO - Processing /opt/airflow/dags/transform_orders_dag.py took 0.401 seconds
[2025-04-27T18:14:30.275+0000] {processor.py:161} INFO - Started process (PID=1010) to work on /opt/airflow/dags/transform_orders_dag.py
[2025-04-27T18:14:30.276+0000] {processor.py:830} INFO - Processing file /opt/airflow/dags/transform_orders_dag.py for tasks to queue
[2025-04-27T18:14:30.277+0000] {logging_mixin.py:188} INFO - [2025-04-27T18:14:30.276+0000] {dagbag.py:538} INFO - Filling up the DagBag from /opt/airflow/dags/transform_orders_dag.py
[2025-04-27T18:14:30.532+0000] {processor.py:840} INFO - DAG(s) 'clean_orders_csv_dag' retrieved from /opt/airflow/dags/transform_orders_dag.py
[2025-04-27T18:14:30.557+0000] {logging_mixin.py:188} INFO - [2025-04-27T18:14:30.557+0000] {dag.py:3036} INFO - Sync 1 DAGs
[2025-04-27T18:14:30.586+0000] {logging_mixin.py:188} INFO - [2025-04-27T18:14:30.586+0000] {dag.py:3823} INFO - Setting next_dagrun for clean_orders_csv_dag to None, run_after=None
[2025-04-27T18:14:30.625+0000] {processor.py:183} INFO - Processing /opt/airflow/dags/transform_orders_dag.py took 0.353 seconds
[2025-04-27T18:15:00.921+0000] {processor.py:161} INFO - Started process (PID=1053) to work on /opt/airflow/dags/transform_orders_dag.py
[2025-04-27T18:15:00.921+0000] {processor.py:830} INFO - Processing file /opt/airflow/dags/transform_orders_dag.py for tasks to queue
[2025-04-27T18:15:00.922+0000] {logging_mixin.py:188} INFO - [2025-04-27T18:15:00.922+0000] {dagbag.py:538} INFO - Filling up the DagBag from /opt/airflow/dags/transform_orders_dag.py
[2025-04-27T18:15:01.181+0000] {processor.py:840} INFO - DAG(s) 'clean_orders_csv_dag' retrieved from /opt/airflow/dags/transform_orders_dag.py
[2025-04-27T18:15:01.206+0000] {logging_mixin.py:188} INFO - [2025-04-27T18:15:01.206+0000] {dag.py:3036} INFO - Sync 1 DAGs
[2025-04-27T18:15:01.220+0000] {logging_mixin.py:188} INFO - [2025-04-27T18:15:01.220+0000] {dag.py:3823} INFO - Setting next_dagrun for clean_orders_csv_dag to None, run_after=None
[2025-04-27T18:15:01.243+0000] {processor.py:183} INFO - Processing /opt/airflow/dags/transform_orders_dag.py took 0.325 seconds
[2025-04-27T18:15:31.495+0000] {processor.py:161} INFO - Started process (PID=1097) to work on /opt/airflow/dags/transform_orders_dag.py
[2025-04-27T18:15:31.496+0000] {processor.py:830} INFO - Processing file /opt/airflow/dags/transform_orders_dag.py for tasks to queue
[2025-04-27T18:15:31.496+0000] {logging_mixin.py:188} INFO - [2025-04-27T18:15:31.496+0000] {dagbag.py:538} INFO - Filling up the DagBag from /opt/airflow/dags/transform_orders_dag.py
[2025-04-27T18:15:31.823+0000] {processor.py:840} INFO - DAG(s) 'clean_orders_csv_dag' retrieved from /opt/airflow/dags/transform_orders_dag.py
[2025-04-27T18:15:31.850+0000] {logging_mixin.py:188} INFO - [2025-04-27T18:15:31.850+0000] {dag.py:3036} INFO - Sync 1 DAGs
[2025-04-27T18:15:31.861+0000] {logging_mixin.py:188} INFO - [2025-04-27T18:15:31.861+0000] {dag.py:3823} INFO - Setting next_dagrun for clean_orders_csv_dag to None, run_after=None
[2025-04-27T18:15:31.879+0000] {processor.py:183} INFO - Processing /opt/airflow/dags/transform_orders_dag.py took 0.387 seconds
[2025-04-27T18:16:01.970+0000] {processor.py:161} INFO - Started process (PID=1140) to work on /opt/airflow/dags/transform_orders_dag.py
[2025-04-27T18:16:01.972+0000] {processor.py:830} INFO - Processing file /opt/airflow/dags/transform_orders_dag.py for tasks to queue
[2025-04-27T18:16:01.973+0000] {logging_mixin.py:188} INFO - [2025-04-27T18:16:01.973+0000] {dagbag.py:538} INFO - Filling up the DagBag from /opt/airflow/dags/transform_orders_dag.py
[2025-04-27T18:16:02.280+0000] {processor.py:840} INFO - DAG(s) 'clean_orders_csv_dag' retrieved from /opt/airflow/dags/transform_orders_dag.py
[2025-04-27T18:16:02.307+0000] {logging_mixin.py:188} INFO - [2025-04-27T18:16:02.306+0000] {dag.py:3036} INFO - Sync 1 DAGs
[2025-04-27T18:16:02.317+0000] {logging_mixin.py:188} INFO - [2025-04-27T18:16:02.317+0000] {dag.py:3823} INFO - Setting next_dagrun for clean_orders_csv_dag to None, run_after=None
[2025-04-27T18:16:02.336+0000] {processor.py:183} INFO - Processing /opt/airflow/dags/transform_orders_dag.py took 0.370 seconds
[2025-04-27T18:16:32.417+0000] {processor.py:161} INFO - Started process (PID=1183) to work on /opt/airflow/dags/transform_orders_dag.py
[2025-04-27T18:16:32.418+0000] {processor.py:830} INFO - Processing file /opt/airflow/dags/transform_orders_dag.py for tasks to queue
[2025-04-27T18:16:32.419+0000] {logging_mixin.py:188} INFO - [2025-04-27T18:16:32.419+0000] {dagbag.py:538} INFO - Filling up the DagBag from /opt/airflow/dags/transform_orders_dag.py
[2025-04-27T18:16:32.701+0000] {processor.py:840} INFO - DAG(s) 'clean_orders_csv_dag' retrieved from /opt/airflow/dags/transform_orders_dag.py
[2025-04-27T18:16:32.723+0000] {logging_mixin.py:188} INFO - [2025-04-27T18:16:32.723+0000] {dag.py:3036} INFO - Sync 1 DAGs
[2025-04-27T18:16:32.735+0000] {logging_mixin.py:188} INFO - [2025-04-27T18:16:32.735+0000] {dag.py:3823} INFO - Setting next_dagrun for clean_orders_csv_dag to None, run_after=None
[2025-04-27T18:16:32.755+0000] {processor.py:183} INFO - Processing /opt/airflow/dags/transform_orders_dag.py took 0.341 seconds
[2025-04-27T18:17:02.970+0000] {processor.py:161} INFO - Started process (PID=1226) to work on /opt/airflow/dags/transform_orders_dag.py
[2025-04-27T18:17:02.971+0000] {processor.py:830} INFO - Processing file /opt/airflow/dags/transform_orders_dag.py for tasks to queue
[2025-04-27T18:17:02.972+0000] {logging_mixin.py:188} INFO - [2025-04-27T18:17:02.971+0000] {dagbag.py:538} INFO - Filling up the DagBag from /opt/airflow/dags/transform_orders_dag.py
[2025-04-27T18:17:03.236+0000] {processor.py:840} INFO - DAG(s) 'clean_orders_csv_dag' retrieved from /opt/airflow/dags/transform_orders_dag.py
[2025-04-27T18:17:03.256+0000] {logging_mixin.py:188} INFO - [2025-04-27T18:17:03.256+0000] {dag.py:3036} INFO - Sync 1 DAGs
[2025-04-27T18:17:03.268+0000] {logging_mixin.py:188} INFO - [2025-04-27T18:17:03.268+0000] {dag.py:3823} INFO - Setting next_dagrun for clean_orders_csv_dag to None, run_after=None
[2025-04-27T18:17:03.286+0000] {processor.py:183} INFO - Processing /opt/airflow/dags/transform_orders_dag.py took 0.319 seconds
[2025-04-27T18:17:33.695+0000] {processor.py:161} INFO - Started process (PID=1271) to work on /opt/airflow/dags/transform_orders_dag.py
[2025-04-27T18:17:33.696+0000] {processor.py:830} INFO - Processing file /opt/airflow/dags/transform_orders_dag.py for tasks to queue
[2025-04-27T18:17:33.697+0000] {logging_mixin.py:188} INFO - [2025-04-27T18:17:33.697+0000] {dagbag.py:538} INFO - Filling up the DagBag from /opt/airflow/dags/transform_orders_dag.py
[2025-04-27T18:17:33.938+0000] {processor.py:840} INFO - DAG(s) 'clean_orders_csv_dag' retrieved from /opt/airflow/dags/transform_orders_dag.py
[2025-04-27T18:17:33.959+0000] {logging_mixin.py:188} INFO - [2025-04-27T18:17:33.958+0000] {dag.py:3036} INFO - Sync 1 DAGs
[2025-04-27T18:17:33.968+0000] {logging_mixin.py:188} INFO - [2025-04-27T18:17:33.968+0000] {dag.py:3823} INFO - Setting next_dagrun for clean_orders_csv_dag to None, run_after=None
[2025-04-27T18:17:33.985+0000] {processor.py:183} INFO - Processing /opt/airflow/dags/transform_orders_dag.py took 0.292 seconds
[2025-04-27T18:25:09.364+0000] {processor.py:161} INFO - Started process (PID=1314) to work on /opt/airflow/dags/transform_orders_dag.py
[2025-04-27T18:25:09.366+0000] {processor.py:830} INFO - Processing file /opt/airflow/dags/transform_orders_dag.py for tasks to queue
[2025-04-27T18:25:09.369+0000] {logging_mixin.py:188} INFO - [2025-04-27T18:25:09.368+0000] {dagbag.py:538} INFO - Filling up the DagBag from /opt/airflow/dags/transform_orders_dag.py
[2025-04-27T18:25:10.641+0000] {processor.py:840} INFO - DAG(s) 'clean_orders_csv_dag' retrieved from /opt/airflow/dags/transform_orders_dag.py
[2025-04-27T18:25:10.877+0000] {logging_mixin.py:188} INFO - [2025-04-27T18:25:10.876+0000] {dag.py:3036} INFO - Sync 1 DAGs
[2025-04-27T18:25:11.158+0000] {logging_mixin.py:188} INFO - [2025-04-27T18:25:11.157+0000] {dag.py:3823} INFO - Setting next_dagrun for clean_orders_csv_dag to None, run_after=None
[2025-04-27T18:25:11.240+0000] {processor.py:183} INFO - Processing /opt/airflow/dags/transform_orders_dag.py took 1.901 seconds
[2025-04-27T18:25:41.669+0000] {processor.py:161} INFO - Started process (PID=1359) to work on /opt/airflow/dags/transform_orders_dag.py
[2025-04-27T18:25:41.670+0000] {processor.py:830} INFO - Processing file /opt/airflow/dags/transform_orders_dag.py for tasks to queue
[2025-04-27T18:25:41.672+0000] {logging_mixin.py:188} INFO - [2025-04-27T18:25:41.671+0000] {dagbag.py:538} INFO - Filling up the DagBag from /opt/airflow/dags/transform_orders_dag.py
[2025-04-27T18:25:41.998+0000] {processor.py:840} INFO - DAG(s) 'clean_orders_csv_dag' retrieved from /opt/airflow/dags/transform_orders_dag.py
[2025-04-27T18:25:42.033+0000] {logging_mixin.py:188} INFO - [2025-04-27T18:25:42.032+0000] {dag.py:3036} INFO - Sync 1 DAGs
[2025-04-27T18:25:42.055+0000] {logging_mixin.py:188} INFO - [2025-04-27T18:25:42.055+0000] {dag.py:3823} INFO - Setting next_dagrun for clean_orders_csv_dag to None, run_after=None
[2025-04-27T18:25:42.083+0000] {processor.py:183} INFO - Processing /opt/airflow/dags/transform_orders_dag.py took 0.419 seconds
[2025-04-27T18:26:12.564+0000] {processor.py:161} INFO - Started process (PID=1402) to work on /opt/airflow/dags/transform_orders_dag.py
[2025-04-27T18:26:12.565+0000] {processor.py:830} INFO - Processing file /opt/airflow/dags/transform_orders_dag.py for tasks to queue
[2025-04-27T18:26:12.566+0000] {logging_mixin.py:188} INFO - [2025-04-27T18:26:12.566+0000] {dagbag.py:538} INFO - Filling up the DagBag from /opt/airflow/dags/transform_orders_dag.py
[2025-04-27T18:26:12.876+0000] {processor.py:840} INFO - DAG(s) 'clean_orders_csv_dag' retrieved from /opt/airflow/dags/transform_orders_dag.py
[2025-04-27T18:26:12.907+0000] {logging_mixin.py:188} INFO - [2025-04-27T18:26:12.907+0000] {dag.py:3036} INFO - Sync 1 DAGs
[2025-04-27T18:26:12.923+0000] {logging_mixin.py:188} INFO - [2025-04-27T18:26:12.922+0000] {dag.py:3823} INFO - Setting next_dagrun for clean_orders_csv_dag to None, run_after=None
[2025-04-27T18:26:12.966+0000] {processor.py:183} INFO - Processing /opt/airflow/dags/transform_orders_dag.py took 0.405 seconds
[2025-04-27T18:26:43.436+0000] {processor.py:161} INFO - Started process (PID=1445) to work on /opt/airflow/dags/transform_orders_dag.py
[2025-04-27T18:26:43.437+0000] {processor.py:830} INFO - Processing file /opt/airflow/dags/transform_orders_dag.py for tasks to queue
[2025-04-27T18:26:43.438+0000] {logging_mixin.py:188} INFO - [2025-04-27T18:26:43.438+0000] {dagbag.py:538} INFO - Filling up the DagBag from /opt/airflow/dags/transform_orders_dag.py
[2025-04-27T18:26:44.322+0000] {processor.py:840} INFO - DAG(s) 'clean_orders_csv_dag' retrieved from /opt/airflow/dags/transform_orders_dag.py
[2025-04-27T18:26:44.443+0000] {logging_mixin.py:188} INFO - [2025-04-27T18:26:44.441+0000] {dag.py:3036} INFO - Sync 1 DAGs
[2025-04-27T18:26:44.518+0000] {logging_mixin.py:188} INFO - [2025-04-27T18:26:44.518+0000] {dag.py:3823} INFO - Setting next_dagrun for clean_orders_csv_dag to None, run_after=None
[2025-04-27T18:26:44.582+0000] {processor.py:183} INFO - Processing /opt/airflow/dags/transform_orders_dag.py took 1.148 seconds
[2025-04-27T18:27:14.772+0000] {processor.py:161} INFO - Started process (PID=1486) to work on /opt/airflow/dags/transform_orders_dag.py
[2025-04-27T18:27:14.773+0000] {processor.py:830} INFO - Processing file /opt/airflow/dags/transform_orders_dag.py for tasks to queue
[2025-04-27T18:27:14.781+0000] {logging_mixin.py:188} INFO - [2025-04-27T18:27:14.779+0000] {dagbag.py:538} INFO - Filling up the DagBag from /opt/airflow/dags/transform_orders_dag.py
[2025-04-27T18:27:15.739+0000] {processor.py:840} INFO - DAG(s) 'clean_orders_csv_dag' retrieved from /opt/airflow/dags/transform_orders_dag.py
[2025-04-27T18:27:15.801+0000] {logging_mixin.py:188} INFO - [2025-04-27T18:27:15.800+0000] {dag.py:3036} INFO - Sync 1 DAGs
[2025-04-27T18:27:15.830+0000] {logging_mixin.py:188} INFO - [2025-04-27T18:27:15.830+0000] {dag.py:3823} INFO - Setting next_dagrun for clean_orders_csv_dag to None, run_after=None
[2025-04-27T18:27:15.913+0000] {processor.py:183} INFO - Processing /opt/airflow/dags/transform_orders_dag.py took 1.156 seconds
[2025-04-27T18:27:46.250+0000] {processor.py:161} INFO - Started process (PID=1531) to work on /opt/airflow/dags/transform_orders_dag.py
[2025-04-27T18:27:46.252+0000] {processor.py:830} INFO - Processing file /opt/airflow/dags/transform_orders_dag.py for tasks to queue
[2025-04-27T18:27:46.253+0000] {logging_mixin.py:188} INFO - [2025-04-27T18:27:46.253+0000] {dagbag.py:538} INFO - Filling up the DagBag from /opt/airflow/dags/transform_orders_dag.py
[2025-04-27T18:27:46.574+0000] {processor.py:840} INFO - DAG(s) 'clean_orders_csv_dag' retrieved from /opt/airflow/dags/transform_orders_dag.py
[2025-04-27T18:27:46.613+0000] {logging_mixin.py:188} INFO - [2025-04-27T18:27:46.613+0000] {dag.py:3036} INFO - Sync 1 DAGs
[2025-04-27T18:27:46.630+0000] {logging_mixin.py:188} INFO - [2025-04-27T18:27:46.630+0000] {dag.py:3823} INFO - Setting next_dagrun for clean_orders_csv_dag to None, run_after=None
[2025-04-27T18:27:46.662+0000] {processor.py:183} INFO - Processing /opt/airflow/dags/transform_orders_dag.py took 0.415 seconds
[2025-04-27T18:28:16.930+0000] {processor.py:161} INFO - Started process (PID=1574) to work on /opt/airflow/dags/transform_orders_dag.py
[2025-04-27T18:28:16.931+0000] {processor.py:830} INFO - Processing file /opt/airflow/dags/transform_orders_dag.py for tasks to queue
[2025-04-27T18:28:16.932+0000] {logging_mixin.py:188} INFO - [2025-04-27T18:28:16.932+0000] {dagbag.py:538} INFO - Filling up the DagBag from /opt/airflow/dags/transform_orders_dag.py
[2025-04-27T18:28:17.416+0000] {processor.py:840} INFO - DAG(s) 'clean_orders_csv_dag' retrieved from /opt/airflow/dags/transform_orders_dag.py
[2025-04-27T18:28:17.477+0000] {logging_mixin.py:188} INFO - [2025-04-27T18:28:17.477+0000] {dag.py:3036} INFO - Sync 1 DAGs
[2025-04-27T18:28:17.501+0000] {logging_mixin.py:188} INFO - [2025-04-27T18:28:17.501+0000] {dag.py:3823} INFO - Setting next_dagrun for clean_orders_csv_dag to None, run_after=None
[2025-04-27T18:28:17.536+0000] {processor.py:183} INFO - Processing /opt/airflow/dags/transform_orders_dag.py took 0.610 seconds
[2025-04-27T18:28:47.616+0000] {processor.py:161} INFO - Started process (PID=1617) to work on /opt/airflow/dags/transform_orders_dag.py
[2025-04-27T18:28:47.618+0000] {processor.py:830} INFO - Processing file /opt/airflow/dags/transform_orders_dag.py for tasks to queue
[2025-04-27T18:28:47.619+0000] {logging_mixin.py:188} INFO - [2025-04-27T18:28:47.618+0000] {dagbag.py:538} INFO - Filling up the DagBag from /opt/airflow/dags/transform_orders_dag.py
[2025-04-27T18:28:47.862+0000] {processor.py:840} INFO - DAG(s) 'clean_orders_csv_dag' retrieved from /opt/airflow/dags/transform_orders_dag.py
[2025-04-27T18:28:47.896+0000] {logging_mixin.py:188} INFO - [2025-04-27T18:28:47.896+0000] {dag.py:3036} INFO - Sync 1 DAGs
[2025-04-27T18:28:47.911+0000] {logging_mixin.py:188} INFO - [2025-04-27T18:28:47.911+0000] {dag.py:3823} INFO - Setting next_dagrun for clean_orders_csv_dag to None, run_after=None
[2025-04-27T18:28:47.930+0000] {processor.py:183} INFO - Processing /opt/airflow/dags/transform_orders_dag.py took 0.316 seconds
[2025-04-27T18:29:18.552+0000] {processor.py:161} INFO - Started process (PID=1660) to work on /opt/airflow/dags/transform_orders_dag.py
[2025-04-27T18:29:18.554+0000] {processor.py:830} INFO - Processing file /opt/airflow/dags/transform_orders_dag.py for tasks to queue
[2025-04-27T18:29:18.556+0000] {logging_mixin.py:188} INFO - [2025-04-27T18:29:18.556+0000] {dagbag.py:538} INFO - Filling up the DagBag from /opt/airflow/dags/transform_orders_dag.py
[2025-04-27T18:29:18.923+0000] {processor.py:840} INFO - DAG(s) 'clean_orders_csv_dag' retrieved from /opt/airflow/dags/transform_orders_dag.py
[2025-04-27T18:29:18.955+0000] {logging_mixin.py:188} INFO - [2025-04-27T18:29:18.954+0000] {dag.py:3036} INFO - Sync 1 DAGs
[2025-04-27T18:29:18.977+0000] {logging_mixin.py:188} INFO - [2025-04-27T18:29:18.977+0000] {dag.py:3823} INFO - Setting next_dagrun for clean_orders_csv_dag to None, run_after=None
[2025-04-27T18:29:19.002+0000] {processor.py:183} INFO - Processing /opt/airflow/dags/transform_orders_dag.py took 0.453 seconds
[2025-04-27T18:30:06.980+0000] {processor.py:161} INFO - Started process (PID=191) to work on /opt/airflow/dags/transform_orders_dag.py
[2025-04-27T18:30:06.982+0000] {processor.py:830} INFO - Processing file /opt/airflow/dags/transform_orders_dag.py for tasks to queue
[2025-04-27T18:30:06.985+0000] {logging_mixin.py:188} INFO - [2025-04-27T18:30:06.984+0000] {dagbag.py:538} INFO - Filling up the DagBag from /opt/airflow/dags/transform_orders_dag.py
[2025-04-27T18:30:07.425+0000] {processor.py:840} INFO - DAG(s) 'clean_orders_csv_dag' retrieved from /opt/airflow/dags/transform_orders_dag.py
[2025-04-27T18:30:07.441+0000] {logging_mixin.py:188} INFO - [2025-04-27T18:30:07.440+0000] {dag.py:3036} INFO - Sync 1 DAGs
[2025-04-27T18:30:07.458+0000] {logging_mixin.py:188} INFO - [2025-04-27T18:30:07.457+0000] {dag.py:3823} INFO - Setting next_dagrun for clean_orders_csv_dag to None, run_after=None
[2025-04-27T18:30:07.491+0000] {processor.py:183} INFO - Processing /opt/airflow/dags/transform_orders_dag.py took 0.517 seconds
[2025-04-27T18:30:38.494+0000] {processor.py:161} INFO - Started process (PID=234) to work on /opt/airflow/dags/transform_orders_dag.py
[2025-04-27T18:30:38.497+0000] {processor.py:830} INFO - Processing file /opt/airflow/dags/transform_orders_dag.py for tasks to queue
[2025-04-27T18:30:38.500+0000] {logging_mixin.py:188} INFO - [2025-04-27T18:30:38.499+0000] {dagbag.py:538} INFO - Filling up the DagBag from /opt/airflow/dags/transform_orders_dag.py
[2025-04-27T18:30:39.259+0000] {processor.py:840} INFO - DAG(s) 'clean_orders_csv_dag' retrieved from /opt/airflow/dags/transform_orders_dag.py
[2025-04-27T18:30:39.421+0000] {logging_mixin.py:188} INFO - [2025-04-27T18:30:39.421+0000] {dag.py:3036} INFO - Sync 1 DAGs
[2025-04-27T18:30:39.440+0000] {logging_mixin.py:188} INFO - [2025-04-27T18:30:39.440+0000] {dag.py:3823} INFO - Setting next_dagrun for clean_orders_csv_dag to None, run_after=None
[2025-04-27T18:30:39.479+0000] {processor.py:183} INFO - Processing /opt/airflow/dags/transform_orders_dag.py took 0.990 seconds
[2025-04-27T18:31:09.638+0000] {processor.py:161} INFO - Started process (PID=279) to work on /opt/airflow/dags/transform_orders_dag.py
[2025-04-27T18:31:09.640+0000] {processor.py:830} INFO - Processing file /opt/airflow/dags/transform_orders_dag.py for tasks to queue
[2025-04-27T18:31:09.641+0000] {logging_mixin.py:188} INFO - [2025-04-27T18:31:09.640+0000] {dagbag.py:538} INFO - Filling up the DagBag from /opt/airflow/dags/transform_orders_dag.py
[2025-04-27T18:31:09.968+0000] {processor.py:840} INFO - DAG(s) 'clean_orders_csv_dag' retrieved from /opt/airflow/dags/transform_orders_dag.py
[2025-04-27T18:31:09.990+0000] {logging_mixin.py:188} INFO - [2025-04-27T18:31:09.990+0000] {dag.py:3036} INFO - Sync 1 DAGs
[2025-04-27T18:31:10.001+0000] {logging_mixin.py:188} INFO - [2025-04-27T18:31:10.000+0000] {dag.py:3823} INFO - Setting next_dagrun for clean_orders_csv_dag to None, run_after=None
[2025-04-27T18:31:10.021+0000] {processor.py:183} INFO - Processing /opt/airflow/dags/transform_orders_dag.py took 0.385 seconds
[2025-04-27T18:31:40.573+0000] {processor.py:161} INFO - Started process (PID=325) to work on /opt/airflow/dags/transform_orders_dag.py
[2025-04-27T18:31:40.574+0000] {processor.py:830} INFO - Processing file /opt/airflow/dags/transform_orders_dag.py for tasks to queue
[2025-04-27T18:31:40.575+0000] {logging_mixin.py:188} INFO - [2025-04-27T18:31:40.575+0000] {dagbag.py:538} INFO - Filling up the DagBag from /opt/airflow/dags/transform_orders_dag.py
[2025-04-27T18:31:40.926+0000] {processor.py:840} INFO - DAG(s) 'clean_orders_csv_dag' retrieved from /opt/airflow/dags/transform_orders_dag.py
[2025-04-27T18:31:40.971+0000] {logging_mixin.py:188} INFO - [2025-04-27T18:31:40.970+0000] {dag.py:3036} INFO - Sync 1 DAGs
[2025-04-27T18:31:40.990+0000] {logging_mixin.py:188} INFO - [2025-04-27T18:31:40.989+0000] {dag.py:3823} INFO - Setting next_dagrun for clean_orders_csv_dag to None, run_after=None
[2025-04-27T18:31:41.020+0000] {processor.py:183} INFO - Processing /opt/airflow/dags/transform_orders_dag.py took 0.451 seconds
[2025-04-27T18:32:11.738+0000] {processor.py:161} INFO - Started process (PID=368) to work on /opt/airflow/dags/transform_orders_dag.py
[2025-04-27T18:32:11.739+0000] {processor.py:830} INFO - Processing file /opt/airflow/dags/transform_orders_dag.py for tasks to queue
[2025-04-27T18:32:11.740+0000] {logging_mixin.py:188} INFO - [2025-04-27T18:32:11.740+0000] {dagbag.py:538} INFO - Filling up the DagBag from /opt/airflow/dags/transform_orders_dag.py
[2025-04-27T18:32:12.059+0000] {processor.py:840} INFO - DAG(s) 'clean_orders_csv_dag' retrieved from /opt/airflow/dags/transform_orders_dag.py
[2025-04-27T18:32:12.095+0000] {logging_mixin.py:188} INFO - [2025-04-27T18:32:12.094+0000] {dag.py:3036} INFO - Sync 1 DAGs
[2025-04-27T18:32:12.108+0000] {logging_mixin.py:188} INFO - [2025-04-27T18:32:12.108+0000] {dag.py:3823} INFO - Setting next_dagrun for clean_orders_csv_dag to None, run_after=None
[2025-04-27T18:32:12.138+0000] {processor.py:183} INFO - Processing /opt/airflow/dags/transform_orders_dag.py took 0.403 seconds
[2025-04-27T18:32:42.435+0000] {processor.py:161} INFO - Started process (PID=411) to work on /opt/airflow/dags/transform_orders_dag.py
[2025-04-27T18:32:42.436+0000] {processor.py:830} INFO - Processing file /opt/airflow/dags/transform_orders_dag.py for tasks to queue
[2025-04-27T18:32:42.437+0000] {logging_mixin.py:188} INFO - [2025-04-27T18:32:42.437+0000] {dagbag.py:538} INFO - Filling up the DagBag from /opt/airflow/dags/transform_orders_dag.py
[2025-04-27T18:32:42.973+0000] {processor.py:840} INFO - DAG(s) 'clean_orders_csv_dag' retrieved from /opt/airflow/dags/transform_orders_dag.py
[2025-04-27T18:32:43.026+0000] {logging_mixin.py:188} INFO - [2025-04-27T18:32:43.024+0000] {dag.py:3036} INFO - Sync 1 DAGs
[2025-04-27T18:32:43.045+0000] {logging_mixin.py:188} INFO - [2025-04-27T18:32:43.044+0000] {dag.py:3823} INFO - Setting next_dagrun for clean_orders_csv_dag to None, run_after=None
[2025-04-27T18:32:43.077+0000] {processor.py:183} INFO - Processing /opt/airflow/dags/transform_orders_dag.py took 0.647 seconds
[2025-04-27T18:33:13.810+0000] {processor.py:161} INFO - Started process (PID=454) to work on /opt/airflow/dags/transform_orders_dag.py
[2025-04-27T18:33:13.811+0000] {processor.py:830} INFO - Processing file /opt/airflow/dags/transform_orders_dag.py for tasks to queue
[2025-04-27T18:33:13.813+0000] {logging_mixin.py:188} INFO - [2025-04-27T18:33:13.812+0000] {dagbag.py:538} INFO - Filling up the DagBag from /opt/airflow/dags/transform_orders_dag.py
[2025-04-27T18:33:14.316+0000] {processor.py:840} INFO - DAG(s) 'clean_orders_csv_dag' retrieved from /opt/airflow/dags/transform_orders_dag.py
[2025-04-27T18:33:14.377+0000] {logging_mixin.py:188} INFO - [2025-04-27T18:33:14.377+0000] {dag.py:3036} INFO - Sync 1 DAGs
[2025-04-27T18:33:14.423+0000] {logging_mixin.py:188} INFO - [2025-04-27T18:33:14.422+0000] {dag.py:3823} INFO - Setting next_dagrun for clean_orders_csv_dag to None, run_after=None
[2025-04-27T18:33:14.471+0000] {processor.py:183} INFO - Processing /opt/airflow/dags/transform_orders_dag.py took 0.664 seconds
[2025-04-27T18:33:45.153+0000] {processor.py:161} INFO - Started process (PID=497) to work on /opt/airflow/dags/transform_orders_dag.py
[2025-04-27T18:33:45.155+0000] {processor.py:830} INFO - Processing file /opt/airflow/dags/transform_orders_dag.py for tasks to queue
[2025-04-27T18:33:45.157+0000] {logging_mixin.py:188} INFO - [2025-04-27T18:33:45.156+0000] {dagbag.py:538} INFO - Filling up the DagBag from /opt/airflow/dags/transform_orders_dag.py
[2025-04-27T18:33:45.491+0000] {processor.py:840} INFO - DAG(s) 'clean_orders_csv_dag' retrieved from /opt/airflow/dags/transform_orders_dag.py
[2025-04-27T18:33:45.526+0000] {logging_mixin.py:188} INFO - [2025-04-27T18:33:45.525+0000] {dag.py:3036} INFO - Sync 1 DAGs
[2025-04-27T18:33:45.542+0000] {logging_mixin.py:188} INFO - [2025-04-27T18:33:45.542+0000] {dag.py:3823} INFO - Setting next_dagrun for clean_orders_csv_dag to None, run_after=None
[2025-04-27T18:33:45.571+0000] {processor.py:183} INFO - Processing /opt/airflow/dags/transform_orders_dag.py took 0.421 seconds
[2025-04-27T18:34:16.493+0000] {processor.py:161} INFO - Started process (PID=540) to work on /opt/airflow/dags/transform_orders_dag.py
[2025-04-27T18:34:16.496+0000] {processor.py:830} INFO - Processing file /opt/airflow/dags/transform_orders_dag.py for tasks to queue
[2025-04-27T18:34:16.498+0000] {logging_mixin.py:188} INFO - [2025-04-27T18:34:16.497+0000] {dagbag.py:538} INFO - Filling up the DagBag from /opt/airflow/dags/transform_orders_dag.py
[2025-04-27T18:34:16.762+0000] {processor.py:840} INFO - DAG(s) 'clean_orders_csv_dag' retrieved from /opt/airflow/dags/transform_orders_dag.py
[2025-04-27T18:34:16.789+0000] {logging_mixin.py:188} INFO - [2025-04-27T18:34:16.789+0000] {dag.py:3036} INFO - Sync 1 DAGs
[2025-04-27T18:34:16.802+0000] {logging_mixin.py:188} INFO - [2025-04-27T18:34:16.802+0000] {dag.py:3823} INFO - Setting next_dagrun for clean_orders_csv_dag to None, run_after=None
[2025-04-27T18:34:16.827+0000] {processor.py:183} INFO - Processing /opt/airflow/dags/transform_orders_dag.py took 0.341 seconds
[2025-04-27T18:34:47.073+0000] {processor.py:161} INFO - Started process (PID=583) to work on /opt/airflow/dags/transform_orders_dag.py
[2025-04-27T18:34:47.074+0000] {processor.py:830} INFO - Processing file /opt/airflow/dags/transform_orders_dag.py for tasks to queue
[2025-04-27T18:34:47.075+0000] {logging_mixin.py:188} INFO - [2025-04-27T18:34:47.075+0000] {dagbag.py:538} INFO - Filling up the DagBag from /opt/airflow/dags/transform_orders_dag.py
[2025-04-27T18:34:47.567+0000] {processor.py:840} INFO - DAG(s) 'clean_orders_csv_dag' retrieved from /opt/airflow/dags/transform_orders_dag.py
[2025-04-27T18:34:47.639+0000] {logging_mixin.py:188} INFO - [2025-04-27T18:34:47.639+0000] {dag.py:3036} INFO - Sync 1 DAGs
[2025-04-27T18:34:47.674+0000] {logging_mixin.py:188} INFO - [2025-04-27T18:34:47.674+0000] {dag.py:3823} INFO - Setting next_dagrun for clean_orders_csv_dag to None, run_after=None
[2025-04-27T18:34:47.711+0000] {processor.py:183} INFO - Processing /opt/airflow/dags/transform_orders_dag.py took 0.641 seconds
[2025-04-27T18:35:18.433+0000] {processor.py:161} INFO - Started process (PID=626) to work on /opt/airflow/dags/transform_orders_dag.py
[2025-04-27T18:35:18.438+0000] {processor.py:830} INFO - Processing file /opt/airflow/dags/transform_orders_dag.py for tasks to queue
[2025-04-27T18:35:18.441+0000] {logging_mixin.py:188} INFO - [2025-04-27T18:35:18.440+0000] {dagbag.py:538} INFO - Filling up the DagBag from /opt/airflow/dags/transform_orders_dag.py
[2025-04-27T18:35:18.756+0000] {processor.py:840} INFO - DAG(s) 'clean_orders_csv_dag' retrieved from /opt/airflow/dags/transform_orders_dag.py
[2025-04-27T18:35:18.787+0000] {logging_mixin.py:188} INFO - [2025-04-27T18:35:18.787+0000] {dag.py:3036} INFO - Sync 1 DAGs
[2025-04-27T18:35:18.801+0000] {logging_mixin.py:188} INFO - [2025-04-27T18:35:18.801+0000] {dag.py:3823} INFO - Setting next_dagrun for clean_orders_csv_dag to None, run_after=None
[2025-04-27T18:35:18.828+0000] {processor.py:183} INFO - Processing /opt/airflow/dags/transform_orders_dag.py took 0.400 seconds
[2025-04-27T18:35:49.287+0000] {processor.py:161} INFO - Started process (PID=669) to work on /opt/airflow/dags/transform_orders_dag.py
[2025-04-27T18:35:49.289+0000] {processor.py:830} INFO - Processing file /opt/airflow/dags/transform_orders_dag.py for tasks to queue
[2025-04-27T18:35:49.290+0000] {logging_mixin.py:188} INFO - [2025-04-27T18:35:49.290+0000] {dagbag.py:538} INFO - Filling up the DagBag from /opt/airflow/dags/transform_orders_dag.py
[2025-04-27T18:35:49.608+0000] {processor.py:840} INFO - DAG(s) 'clean_orders_csv_dag' retrieved from /opt/airflow/dags/transform_orders_dag.py
[2025-04-27T18:35:49.635+0000] {logging_mixin.py:188} INFO - [2025-04-27T18:35:49.635+0000] {dag.py:3036} INFO - Sync 1 DAGs
[2025-04-27T18:35:49.655+0000] {logging_mixin.py:188} INFO - [2025-04-27T18:35:49.654+0000] {dag.py:3823} INFO - Setting next_dagrun for clean_orders_csv_dag to None, run_after=None
[2025-04-27T18:35:49.711+0000] {processor.py:183} INFO - Processing /opt/airflow/dags/transform_orders_dag.py took 0.433 seconds
[2025-04-27T18:36:20.138+0000] {processor.py:161} INFO - Started process (PID=712) to work on /opt/airflow/dags/transform_orders_dag.py
[2025-04-27T18:36:20.140+0000] {processor.py:830} INFO - Processing file /opt/airflow/dags/transform_orders_dag.py for tasks to queue
[2025-04-27T18:36:20.141+0000] {logging_mixin.py:188} INFO - [2025-04-27T18:36:20.141+0000] {dagbag.py:538} INFO - Filling up the DagBag from /opt/airflow/dags/transform_orders_dag.py
[2025-04-27T18:36:20.797+0000] {processor.py:840} INFO - DAG(s) 'clean_orders_csv_dag' retrieved from /opt/airflow/dags/transform_orders_dag.py
[2025-04-27T18:36:20.857+0000] {logging_mixin.py:188} INFO - [2025-04-27T18:36:20.856+0000] {dag.py:3036} INFO - Sync 1 DAGs
[2025-04-27T18:36:20.880+0000] {logging_mixin.py:188} INFO - [2025-04-27T18:36:20.880+0000] {dag.py:3823} INFO - Setting next_dagrun for clean_orders_csv_dag to None, run_after=None
[2025-04-27T18:36:20.912+0000] {processor.py:183} INFO - Processing /opt/airflow/dags/transform_orders_dag.py took 0.777 seconds
[2025-04-27T18:36:51.056+0000] {processor.py:161} INFO - Started process (PID=752) to work on /opt/airflow/dags/transform_orders_dag.py
[2025-04-27T18:36:51.063+0000] {processor.py:830} INFO - Processing file /opt/airflow/dags/transform_orders_dag.py for tasks to queue
[2025-04-27T18:36:51.074+0000] {logging_mixin.py:188} INFO - [2025-04-27T18:36:51.067+0000] {dagbag.py:538} INFO - Filling up the DagBag from /opt/airflow/dags/transform_orders_dag.py
[2025-04-27T18:36:52.184+0000] {processor.py:840} INFO - DAG(s) 'clean_orders_csv_dag' retrieved from /opt/airflow/dags/transform_orders_dag.py
[2025-04-27T18:36:52.271+0000] {logging_mixin.py:188} INFO - [2025-04-27T18:36:52.271+0000] {dag.py:3036} INFO - Sync 1 DAGs
[2025-04-27T18:36:52.322+0000] {logging_mixin.py:188} INFO - [2025-04-27T18:36:52.322+0000] {dag.py:3823} INFO - Setting next_dagrun for clean_orders_csv_dag to None, run_after=None
[2025-04-27T18:36:52.432+0000] {processor.py:183} INFO - Processing /opt/airflow/dags/transform_orders_dag.py took 1.387 seconds
[2025-04-27T18:37:23.258+0000] {processor.py:161} INFO - Started process (PID=795) to work on /opt/airflow/dags/transform_orders_dag.py
[2025-04-27T18:37:23.261+0000] {processor.py:830} INFO - Processing file /opt/airflow/dags/transform_orders_dag.py for tasks to queue
[2025-04-27T18:37:23.269+0000] {logging_mixin.py:188} INFO - [2025-04-27T18:37:23.267+0000] {dagbag.py:538} INFO - Filling up the DagBag from /opt/airflow/dags/transform_orders_dag.py
[2025-04-27T18:37:23.868+0000] {processor.py:840} INFO - DAG(s) 'clean_orders_csv_dag' retrieved from /opt/airflow/dags/transform_orders_dag.py
[2025-04-27T18:37:23.905+0000] {logging_mixin.py:188} INFO - [2025-04-27T18:37:23.904+0000] {dag.py:3036} INFO - Sync 1 DAGs
[2025-04-27T18:37:23.922+0000] {logging_mixin.py:188} INFO - [2025-04-27T18:37:23.921+0000] {dag.py:3823} INFO - Setting next_dagrun for clean_orders_csv_dag to None, run_after=None
[2025-04-27T18:37:23.960+0000] {processor.py:183} INFO - Processing /opt/airflow/dags/transform_orders_dag.py took 0.707 seconds
[2025-04-27T18:37:54.141+0000] {processor.py:161} INFO - Started process (PID=838) to work on /opt/airflow/dags/transform_orders_dag.py
[2025-04-27T18:37:54.143+0000] {processor.py:830} INFO - Processing file /opt/airflow/dags/transform_orders_dag.py for tasks to queue
[2025-04-27T18:37:54.150+0000] {logging_mixin.py:188} INFO - [2025-04-27T18:37:54.147+0000] {dagbag.py:538} INFO - Filling up the DagBag from /opt/airflow/dags/transform_orders_dag.py
[2025-04-27T18:37:54.771+0000] {processor.py:840} INFO - DAG(s) 'clean_orders_csv_dag' retrieved from /opt/airflow/dags/transform_orders_dag.py
[2025-04-27T18:37:54.832+0000] {logging_mixin.py:188} INFO - [2025-04-27T18:37:54.831+0000] {dag.py:3036} INFO - Sync 1 DAGs
[2025-04-27T18:37:54.862+0000] {logging_mixin.py:188} INFO - [2025-04-27T18:37:54.861+0000] {dag.py:3823} INFO - Setting next_dagrun for clean_orders_csv_dag to None, run_after=None
[2025-04-27T18:37:54.951+0000] {processor.py:183} INFO - Processing /opt/airflow/dags/transform_orders_dag.py took 0.816 seconds
[2025-04-27T18:38:25.743+0000] {processor.py:161} INFO - Started process (PID=889) to work on /opt/airflow/dags/transform_orders_dag.py
[2025-04-27T18:38:25.746+0000] {processor.py:830} INFO - Processing file /opt/airflow/dags/transform_orders_dag.py for tasks to queue
[2025-04-27T18:38:25.748+0000] {logging_mixin.py:188} INFO - [2025-04-27T18:38:25.748+0000] {dagbag.py:538} INFO - Filling up the DagBag from /opt/airflow/dags/transform_orders_dag.py
[2025-04-27T18:38:26.207+0000] {processor.py:840} INFO - DAG(s) 'clean_orders_csv_dag' retrieved from /opt/airflow/dags/transform_orders_dag.py
[2025-04-27T18:38:26.253+0000] {logging_mixin.py:188} INFO - [2025-04-27T18:38:26.252+0000] {dag.py:3036} INFO - Sync 1 DAGs
[2025-04-27T18:38:26.272+0000] {logging_mixin.py:188} INFO - [2025-04-27T18:38:26.271+0000] {dag.py:3823} INFO - Setting next_dagrun for clean_orders_csv_dag to None, run_after=None
[2025-04-27T18:38:26.309+0000] {processor.py:183} INFO - Processing /opt/airflow/dags/transform_orders_dag.py took 0.569 seconds
[2025-04-27T18:38:56.594+0000] {processor.py:161} INFO - Started process (PID=932) to work on /opt/airflow/dags/transform_orders_dag.py
[2025-04-27T18:38:56.595+0000] {processor.py:830} INFO - Processing file /opt/airflow/dags/transform_orders_dag.py for tasks to queue
[2025-04-27T18:38:56.598+0000] {logging_mixin.py:188} INFO - [2025-04-27T18:38:56.597+0000] {dagbag.py:538} INFO - Filling up the DagBag from /opt/airflow/dags/transform_orders_dag.py
[2025-04-27T18:38:57.291+0000] {processor.py:840} INFO - DAG(s) 'clean_orders_csv_dag' retrieved from /opt/airflow/dags/transform_orders_dag.py
[2025-04-27T18:38:57.338+0000] {logging_mixin.py:188} INFO - [2025-04-27T18:38:57.338+0000] {dag.py:3036} INFO - Sync 1 DAGs
[2025-04-27T18:38:57.366+0000] {logging_mixin.py:188} INFO - [2025-04-27T18:38:57.366+0000] {dag.py:3823} INFO - Setting next_dagrun for clean_orders_csv_dag to None, run_after=None
[2025-04-27T18:38:57.402+0000] {processor.py:183} INFO - Processing /opt/airflow/dags/transform_orders_dag.py took 0.814 seconds
[2025-04-27T18:39:57.594+0000] {processor.py:161} INFO - Started process (PID=191) to work on /opt/airflow/dags/transform_orders_dag.py
[2025-04-27T18:39:57.596+0000] {processor.py:830} INFO - Processing file /opt/airflow/dags/transform_orders_dag.py for tasks to queue
[2025-04-27T18:39:57.599+0000] {logging_mixin.py:188} INFO - [2025-04-27T18:39:57.598+0000] {dagbag.py:538} INFO - Filling up the DagBag from /opt/airflow/dags/transform_orders_dag.py
[2025-04-27T18:39:58.258+0000] {processor.py:840} INFO - DAG(s) 'clean_orders_csv_dag' retrieved from /opt/airflow/dags/transform_orders_dag.py
[2025-04-27T18:39:58.307+0000] {logging_mixin.py:188} INFO - [2025-04-27T18:39:58.306+0000] {dag.py:3036} INFO - Sync 1 DAGs
[2025-04-27T18:39:58.342+0000] {logging_mixin.py:188} INFO - [2025-04-27T18:39:58.342+0000] {dag.py:3823} INFO - Setting next_dagrun for clean_orders_csv_dag to None, run_after=None
[2025-04-27T18:39:58.386+0000] {processor.py:183} INFO - Processing /opt/airflow/dags/transform_orders_dag.py took 0.798 seconds
[2025-04-27T18:40:28.627+0000] {processor.py:161} INFO - Started process (PID=234) to work on /opt/airflow/dags/transform_orders_dag.py
[2025-04-27T18:40:28.629+0000] {processor.py:830} INFO - Processing file /opt/airflow/dags/transform_orders_dag.py for tasks to queue
[2025-04-27T18:40:28.631+0000] {logging_mixin.py:188} INFO - [2025-04-27T18:40:28.630+0000] {dagbag.py:538} INFO - Filling up the DagBag from /opt/airflow/dags/transform_orders_dag.py
[2025-04-27T18:40:28.932+0000] {processor.py:840} INFO - DAG(s) 'clean_orders_csv_dag' retrieved from /opt/airflow/dags/transform_orders_dag.py
[2025-04-27T18:40:29.025+0000] {logging_mixin.py:188} INFO - [2025-04-27T18:40:29.024+0000] {dag.py:3036} INFO - Sync 1 DAGs
[2025-04-27T18:40:29.037+0000] {logging_mixin.py:188} INFO - [2025-04-27T18:40:29.037+0000] {dag.py:3823} INFO - Setting next_dagrun for clean_orders_csv_dag to None, run_after=None
[2025-04-27T18:40:29.069+0000] {processor.py:183} INFO - Processing /opt/airflow/dags/transform_orders_dag.py took 0.446 seconds
[2025-04-27T18:40:59.453+0000] {processor.py:161} INFO - Started process (PID=280) to work on /opt/airflow/dags/transform_orders_dag.py
[2025-04-27T18:40:59.455+0000] {processor.py:830} INFO - Processing file /opt/airflow/dags/transform_orders_dag.py for tasks to queue
[2025-04-27T18:40:59.456+0000] {logging_mixin.py:188} INFO - [2025-04-27T18:40:59.456+0000] {dagbag.py:538} INFO - Filling up the DagBag from /opt/airflow/dags/transform_orders_dag.py
[2025-04-27T18:40:59.756+0000] {processor.py:840} INFO - DAG(s) 'clean_orders_csv_dag' retrieved from /opt/airflow/dags/transform_orders_dag.py
[2025-04-27T18:40:59.780+0000] {logging_mixin.py:188} INFO - [2025-04-27T18:40:59.779+0000] {dag.py:3036} INFO - Sync 1 DAGs
[2025-04-27T18:40:59.793+0000] {logging_mixin.py:188} INFO - [2025-04-27T18:40:59.793+0000] {dag.py:3823} INFO - Setting next_dagrun for clean_orders_csv_dag to None, run_after=None
[2025-04-27T18:40:59.816+0000] {processor.py:183} INFO - Processing /opt/airflow/dags/transform_orders_dag.py took 0.366 seconds
[2025-04-27T18:41:29.909+0000] {processor.py:161} INFO - Started process (PID=323) to work on /opt/airflow/dags/transform_orders_dag.py
[2025-04-27T18:41:29.911+0000] {processor.py:830} INFO - Processing file /opt/airflow/dags/transform_orders_dag.py for tasks to queue
[2025-04-27T18:41:29.912+0000] {logging_mixin.py:188} INFO - [2025-04-27T18:41:29.912+0000] {dagbag.py:538} INFO - Filling up the DagBag from /opt/airflow/dags/transform_orders_dag.py
[2025-04-27T18:41:30.359+0000] {processor.py:840} INFO - DAG(s) 'clean_orders_csv_dag' retrieved from /opt/airflow/dags/transform_orders_dag.py
[2025-04-27T18:41:30.386+0000] {logging_mixin.py:188} INFO - [2025-04-27T18:41:30.385+0000] {dag.py:3036} INFO - Sync 1 DAGs
[2025-04-27T18:41:30.398+0000] {logging_mixin.py:188} INFO - [2025-04-27T18:41:30.398+0000] {dag.py:3823} INFO - Setting next_dagrun for clean_orders_csv_dag to None, run_after=None
[2025-04-27T18:41:30.422+0000] {processor.py:183} INFO - Processing /opt/airflow/dags/transform_orders_dag.py took 0.517 seconds
[2025-04-27T18:42:00.679+0000] {processor.py:161} INFO - Started process (PID=366) to work on /opt/airflow/dags/transform_orders_dag.py
[2025-04-27T18:42:00.681+0000] {processor.py:830} INFO - Processing file /opt/airflow/dags/transform_orders_dag.py for tasks to queue
[2025-04-27T18:42:00.682+0000] {logging_mixin.py:188} INFO - [2025-04-27T18:42:00.682+0000] {dagbag.py:538} INFO - Filling up the DagBag from /opt/airflow/dags/transform_orders_dag.py
[2025-04-27T18:42:00.986+0000] {processor.py:840} INFO - DAG(s) 'clean_orders_csv_dag' retrieved from /opt/airflow/dags/transform_orders_dag.py
[2025-04-27T18:42:01.017+0000] {logging_mixin.py:188} INFO - [2025-04-27T18:42:01.017+0000] {dag.py:3036} INFO - Sync 1 DAGs
[2025-04-27T18:42:01.033+0000] {logging_mixin.py:188} INFO - [2025-04-27T18:42:01.033+0000] {dag.py:3823} INFO - Setting next_dagrun for clean_orders_csv_dag to None, run_after=None
[2025-04-27T18:42:01.059+0000] {processor.py:183} INFO - Processing /opt/airflow/dags/transform_orders_dag.py took 0.385 seconds
[2025-04-27T18:42:31.613+0000] {processor.py:161} INFO - Started process (PID=416) to work on /opt/airflow/dags/transform_orders_dag.py
[2025-04-27T18:42:31.616+0000] {processor.py:830} INFO - Processing file /opt/airflow/dags/transform_orders_dag.py for tasks to queue
[2025-04-27T18:42:31.618+0000] {logging_mixin.py:188} INFO - [2025-04-27T18:42:31.617+0000] {dagbag.py:538} INFO - Filling up the DagBag from /opt/airflow/dags/transform_orders_dag.py
[2025-04-27T18:42:32.230+0000] {processor.py:840} INFO - DAG(s) 'clean_orders_csv_dag' retrieved from /opt/airflow/dags/transform_orders_dag.py
[2025-04-27T18:42:32.287+0000] {logging_mixin.py:188} INFO - [2025-04-27T18:42:32.287+0000] {dag.py:3036} INFO - Sync 1 DAGs
[2025-04-27T18:42:32.334+0000] {logging_mixin.py:188} INFO - [2025-04-27T18:42:32.333+0000] {dag.py:3823} INFO - Setting next_dagrun for clean_orders_csv_dag to None, run_after=None
[2025-04-27T18:42:32.400+0000] {processor.py:183} INFO - Processing /opt/airflow/dags/transform_orders_dag.py took 0.794 seconds
[2025-04-27T18:43:02.513+0000] {processor.py:161} INFO - Started process (PID=451) to work on /opt/airflow/dags/transform_orders_dag.py
[2025-04-27T18:43:02.514+0000] {processor.py:830} INFO - Processing file /opt/airflow/dags/transform_orders_dag.py for tasks to queue
[2025-04-27T18:43:02.515+0000] {logging_mixin.py:188} INFO - [2025-04-27T18:43:02.515+0000] {dagbag.py:538} INFO - Filling up the DagBag from /opt/airflow/dags/transform_orders_dag.py
[2025-04-27T18:43:02.831+0000] {processor.py:840} INFO - DAG(s) 'clean_orders_csv_dag' retrieved from /opt/airflow/dags/transform_orders_dag.py
[2025-04-27T18:43:02.856+0000] {logging_mixin.py:188} INFO - [2025-04-27T18:43:02.856+0000] {dag.py:3036} INFO - Sync 1 DAGs
[2025-04-27T18:43:02.870+0000] {logging_mixin.py:188} INFO - [2025-04-27T18:43:02.869+0000] {dag.py:3823} INFO - Setting next_dagrun for clean_orders_csv_dag to None, run_after=None
[2025-04-27T18:43:02.891+0000] {processor.py:183} INFO - Processing /opt/airflow/dags/transform_orders_dag.py took 0.381 seconds
[2025-04-27T18:43:33.084+0000] {processor.py:161} INFO - Started process (PID=494) to work on /opt/airflow/dags/transform_orders_dag.py
[2025-04-27T18:43:33.085+0000] {processor.py:830} INFO - Processing file /opt/airflow/dags/transform_orders_dag.py for tasks to queue
[2025-04-27T18:43:33.086+0000] {logging_mixin.py:188} INFO - [2025-04-27T18:43:33.086+0000] {dagbag.py:538} INFO - Filling up the DagBag from /opt/airflow/dags/transform_orders_dag.py
[2025-04-27T18:43:33.533+0000] {processor.py:840} INFO - DAG(s) 'clean_orders_csv_dag' retrieved from /opt/airflow/dags/transform_orders_dag.py
[2025-04-27T18:43:33.582+0000] {logging_mixin.py:188} INFO - [2025-04-27T18:43:33.581+0000] {dag.py:3036} INFO - Sync 1 DAGs
[2025-04-27T18:43:33.605+0000] {logging_mixin.py:188} INFO - [2025-04-27T18:43:33.605+0000] {dag.py:3823} INFO - Setting next_dagrun for clean_orders_csv_dag to None, run_after=None
[2025-04-27T18:43:33.647+0000] {processor.py:183} INFO - Processing /opt/airflow/dags/transform_orders_dag.py took 0.567 seconds
[2025-04-27T18:44:03.974+0000] {processor.py:161} INFO - Started process (PID=537) to work on /opt/airflow/dags/transform_orders_dag.py
[2025-04-27T18:44:03.975+0000] {processor.py:830} INFO - Processing file /opt/airflow/dags/transform_orders_dag.py for tasks to queue
[2025-04-27T18:44:03.976+0000] {logging_mixin.py:188} INFO - [2025-04-27T18:44:03.976+0000] {dagbag.py:538} INFO - Filling up the DagBag from /opt/airflow/dags/transform_orders_dag.py
[2025-04-27T18:44:04.327+0000] {processor.py:840} INFO - DAG(s) 'clean_orders_csv_dag' retrieved from /opt/airflow/dags/transform_orders_dag.py
[2025-04-27T18:44:04.356+0000] {logging_mixin.py:188} INFO - [2025-04-27T18:44:04.355+0000] {dag.py:3036} INFO - Sync 1 DAGs
[2025-04-27T18:44:04.369+0000] {logging_mixin.py:188} INFO - [2025-04-27T18:44:04.369+0000] {dag.py:3823} INFO - Setting next_dagrun for clean_orders_csv_dag to None, run_after=None
[2025-04-27T18:44:04.393+0000] {processor.py:183} INFO - Processing /opt/airflow/dags/transform_orders_dag.py took 0.421 seconds
[2025-04-27T18:44:34.696+0000] {processor.py:161} INFO - Started process (PID=580) to work on /opt/airflow/dags/transform_orders_dag.py
[2025-04-27T18:44:34.697+0000] {processor.py:830} INFO - Processing file /opt/airflow/dags/transform_orders_dag.py for tasks to queue
[2025-04-27T18:44:34.699+0000] {logging_mixin.py:188} INFO - [2025-04-27T18:44:34.699+0000] {dagbag.py:538} INFO - Filling up the DagBag from /opt/airflow/dags/transform_orders_dag.py
[2025-04-27T18:44:35.280+0000] {processor.py:840} INFO - DAG(s) 'clean_orders_csv_dag' retrieved from /opt/airflow/dags/transform_orders_dag.py
[2025-04-27T18:44:35.321+0000] {logging_mixin.py:188} INFO - [2025-04-27T18:44:35.320+0000] {dag.py:3036} INFO - Sync 1 DAGs
[2025-04-27T18:44:35.347+0000] {logging_mixin.py:188} INFO - [2025-04-27T18:44:35.346+0000] {dag.py:3823} INFO - Setting next_dagrun for clean_orders_csv_dag to None, run_after=None
[2025-04-27T18:44:35.396+0000] {processor.py:183} INFO - Processing /opt/airflow/dags/transform_orders_dag.py took 0.706 seconds
[2025-04-27T18:45:05.934+0000] {processor.py:161} INFO - Started process (PID=623) to work on /opt/airflow/dags/transform_orders_dag.py
[2025-04-27T18:45:05.935+0000] {processor.py:830} INFO - Processing file /opt/airflow/dags/transform_orders_dag.py for tasks to queue
[2025-04-27T18:45:05.940+0000] {logging_mixin.py:188} INFO - [2025-04-27T18:45:05.939+0000] {dagbag.py:538} INFO - Filling up the DagBag from /opt/airflow/dags/transform_orders_dag.py
[2025-04-27T18:45:06.412+0000] {processor.py:840} INFO - DAG(s) 'clean_orders_csv_dag' retrieved from /opt/airflow/dags/transform_orders_dag.py
[2025-04-27T18:45:06.449+0000] {logging_mixin.py:188} INFO - [2025-04-27T18:45:06.449+0000] {dag.py:3036} INFO - Sync 1 DAGs
[2025-04-27T18:45:06.467+0000] {logging_mixin.py:188} INFO - [2025-04-27T18:45:06.466+0000] {dag.py:3823} INFO - Setting next_dagrun for clean_orders_csv_dag to None, run_after=None
[2025-04-27T18:45:06.504+0000] {processor.py:183} INFO - Processing /opt/airflow/dags/transform_orders_dag.py took 0.573 seconds
[2025-04-27T18:45:36.887+0000] {processor.py:161} INFO - Started process (PID=666) to work on /opt/airflow/dags/transform_orders_dag.py
[2025-04-27T18:45:36.888+0000] {processor.py:830} INFO - Processing file /opt/airflow/dags/transform_orders_dag.py for tasks to queue
[2025-04-27T18:45:36.889+0000] {logging_mixin.py:188} INFO - [2025-04-27T18:45:36.889+0000] {dagbag.py:538} INFO - Filling up the DagBag from /opt/airflow/dags/transform_orders_dag.py
[2025-04-27T18:45:37.137+0000] {processor.py:840} INFO - DAG(s) 'clean_orders_csv_dag' retrieved from /opt/airflow/dags/transform_orders_dag.py
[2025-04-27T18:45:37.164+0000] {logging_mixin.py:188} INFO - [2025-04-27T18:45:37.164+0000] {dag.py:3036} INFO - Sync 1 DAGs
[2025-04-27T18:45:37.177+0000] {logging_mixin.py:188} INFO - [2025-04-27T18:45:37.177+0000] {dag.py:3823} INFO - Setting next_dagrun for clean_orders_csv_dag to None, run_after=None
[2025-04-27T18:45:37.202+0000] {processor.py:183} INFO - Processing /opt/airflow/dags/transform_orders_dag.py took 0.318 seconds
[2025-04-27T18:46:07.686+0000] {processor.py:161} INFO - Started process (PID=709) to work on /opt/airflow/dags/transform_orders_dag.py
[2025-04-27T18:46:07.688+0000] {processor.py:830} INFO - Processing file /opt/airflow/dags/transform_orders_dag.py for tasks to queue
[2025-04-27T18:46:07.689+0000] {logging_mixin.py:188} INFO - [2025-04-27T18:46:07.689+0000] {dagbag.py:538} INFO - Filling up the DagBag from /opt/airflow/dags/transform_orders_dag.py
[2025-04-27T18:46:08.169+0000] {processor.py:840} INFO - DAG(s) 'clean_orders_csv_dag' retrieved from /opt/airflow/dags/transform_orders_dag.py
[2025-04-27T18:46:08.212+0000] {logging_mixin.py:188} INFO - [2025-04-27T18:46:08.211+0000] {dag.py:3036} INFO - Sync 1 DAGs
[2025-04-27T18:46:08.232+0000] {logging_mixin.py:188} INFO - [2025-04-27T18:46:08.232+0000] {dag.py:3823} INFO - Setting next_dagrun for clean_orders_csv_dag to None, run_after=None
[2025-04-27T18:46:08.273+0000] {processor.py:183} INFO - Processing /opt/airflow/dags/transform_orders_dag.py took 0.590 seconds
[2025-04-27T18:46:38.439+0000] {processor.py:161} INFO - Started process (PID=752) to work on /opt/airflow/dags/transform_orders_dag.py
[2025-04-27T18:46:38.441+0000] {processor.py:830} INFO - Processing file /opt/airflow/dags/transform_orders_dag.py for tasks to queue
[2025-04-27T18:46:38.442+0000] {logging_mixin.py:188} INFO - [2025-04-27T18:46:38.442+0000] {dagbag.py:538} INFO - Filling up the DagBag from /opt/airflow/dags/transform_orders_dag.py
[2025-04-27T18:46:38.906+0000] {processor.py:840} INFO - DAG(s) 'clean_orders_csv_dag' retrieved from /opt/airflow/dags/transform_orders_dag.py
[2025-04-27T18:46:38.946+0000] {logging_mixin.py:188} INFO - [2025-04-27T18:46:38.945+0000] {dag.py:3036} INFO - Sync 1 DAGs
[2025-04-27T18:46:38.966+0000] {logging_mixin.py:188} INFO - [2025-04-27T18:46:38.965+0000] {dag.py:3823} INFO - Setting next_dagrun for clean_orders_csv_dag to None, run_after=None
[2025-04-27T18:46:39.014+0000] {processor.py:183} INFO - Processing /opt/airflow/dags/transform_orders_dag.py took 0.578 seconds
[2025-04-27T18:47:09.608+0000] {processor.py:161} INFO - Started process (PID=795) to work on /opt/airflow/dags/transform_orders_dag.py
[2025-04-27T18:47:09.610+0000] {processor.py:830} INFO - Processing file /opt/airflow/dags/transform_orders_dag.py for tasks to queue
[2025-04-27T18:47:09.611+0000] {logging_mixin.py:188} INFO - [2025-04-27T18:47:09.611+0000] {dagbag.py:538} INFO - Filling up the DagBag from /opt/airflow/dags/transform_orders_dag.py
[2025-04-27T18:47:10.064+0000] {processor.py:840} INFO - DAG(s) 'clean_orders_csv_dag' retrieved from /opt/airflow/dags/transform_orders_dag.py
[2025-04-27T18:47:10.111+0000] {logging_mixin.py:188} INFO - [2025-04-27T18:47:10.110+0000] {dag.py:3036} INFO - Sync 1 DAGs
[2025-04-27T18:47:10.137+0000] {logging_mixin.py:188} INFO - [2025-04-27T18:47:10.137+0000] {dag.py:3823} INFO - Setting next_dagrun for clean_orders_csv_dag to None, run_after=None
[2025-04-27T18:47:10.193+0000] {processor.py:183} INFO - Processing /opt/airflow/dags/transform_orders_dag.py took 0.588 seconds
[2025-04-27T18:47:40.416+0000] {processor.py:161} INFO - Started process (PID=838) to work on /opt/airflow/dags/transform_orders_dag.py
[2025-04-27T18:47:40.419+0000] {processor.py:830} INFO - Processing file /opt/airflow/dags/transform_orders_dag.py for tasks to queue
[2025-04-27T18:47:40.421+0000] {logging_mixin.py:188} INFO - [2025-04-27T18:47:40.420+0000] {dagbag.py:538} INFO - Filling up the DagBag from /opt/airflow/dags/transform_orders_dag.py
[2025-04-27T18:47:40.708+0000] {processor.py:840} INFO - DAG(s) 'clean_orders_csv_dag' retrieved from /opt/airflow/dags/transform_orders_dag.py
[2025-04-27T18:47:40.733+0000] {logging_mixin.py:188} INFO - [2025-04-27T18:47:40.733+0000] {dag.py:3036} INFO - Sync 1 DAGs
[2025-04-27T18:47:40.747+0000] {logging_mixin.py:188} INFO - [2025-04-27T18:47:40.746+0000] {dag.py:3823} INFO - Setting next_dagrun for clean_orders_csv_dag to None, run_after=None
[2025-04-27T18:47:40.775+0000] {processor.py:183} INFO - Processing /opt/airflow/dags/transform_orders_dag.py took 0.363 seconds
[2025-04-27T18:48:10.919+0000] {processor.py:161} INFO - Started process (PID=881) to work on /opt/airflow/dags/transform_orders_dag.py
[2025-04-27T18:48:10.921+0000] {processor.py:830} INFO - Processing file /opt/airflow/dags/transform_orders_dag.py for tasks to queue
[2025-04-27T18:48:10.922+0000] {logging_mixin.py:188} INFO - [2025-04-27T18:48:10.921+0000] {dagbag.py:538} INFO - Filling up the DagBag from /opt/airflow/dags/transform_orders_dag.py
[2025-04-27T18:48:11.228+0000] {processor.py:840} INFO - DAG(s) 'clean_orders_csv_dag' retrieved from /opt/airflow/dags/transform_orders_dag.py
[2025-04-27T18:48:11.294+0000] {logging_mixin.py:188} INFO - [2025-04-27T18:48:11.294+0000] {dag.py:3036} INFO - Sync 1 DAGs
[2025-04-27T18:48:11.328+0000] {logging_mixin.py:188} INFO - [2025-04-27T18:48:11.328+0000] {dag.py:3823} INFO - Setting next_dagrun for clean_orders_csv_dag to None, run_after=None
[2025-04-27T18:48:11.387+0000] {processor.py:183} INFO - Processing /opt/airflow/dags/transform_orders_dag.py took 0.472 seconds
[2025-04-27T18:48:42.236+0000] {processor.py:161} INFO - Started process (PID=924) to work on /opt/airflow/dags/transform_orders_dag.py
[2025-04-27T18:48:42.238+0000] {processor.py:830} INFO - Processing file /opt/airflow/dags/transform_orders_dag.py for tasks to queue
[2025-04-27T18:48:42.240+0000] {logging_mixin.py:188} INFO - [2025-04-27T18:48:42.239+0000] {dagbag.py:538} INFO - Filling up the DagBag from /opt/airflow/dags/transform_orders_dag.py
[2025-04-27T18:48:42.782+0000] {processor.py:840} INFO - DAG(s) 'clean_orders_csv_dag' retrieved from /opt/airflow/dags/transform_orders_dag.py
[2025-04-27T18:48:42.850+0000] {logging_mixin.py:188} INFO - [2025-04-27T18:48:42.849+0000] {dag.py:3036} INFO - Sync 1 DAGs
[2025-04-27T18:48:42.886+0000] {logging_mixin.py:188} INFO - [2025-04-27T18:48:42.885+0000] {dag.py:3823} INFO - Setting next_dagrun for clean_orders_csv_dag to None, run_after=None
[2025-04-27T18:48:42.947+0000] {processor.py:183} INFO - Processing /opt/airflow/dags/transform_orders_dag.py took 0.716 seconds
[2025-04-27T18:49:13.528+0000] {processor.py:161} INFO - Started process (PID=967) to work on /opt/airflow/dags/transform_orders_dag.py
[2025-04-27T18:49:13.528+0000] {processor.py:830} INFO - Processing file /opt/airflow/dags/transform_orders_dag.py for tasks to queue
[2025-04-27T18:49:13.529+0000] {logging_mixin.py:188} INFO - [2025-04-27T18:49:13.529+0000] {dagbag.py:538} INFO - Filling up the DagBag from /opt/airflow/dags/transform_orders_dag.py
[2025-04-27T18:49:13.862+0000] {processor.py:840} INFO - DAG(s) 'clean_orders_csv_dag' retrieved from /opt/airflow/dags/transform_orders_dag.py
[2025-04-27T18:49:13.886+0000] {logging_mixin.py:188} INFO - [2025-04-27T18:49:13.886+0000] {dag.py:3036} INFO - Sync 1 DAGs
[2025-04-27T18:49:13.899+0000] {logging_mixin.py:188} INFO - [2025-04-27T18:49:13.899+0000] {dag.py:3823} INFO - Setting next_dagrun for clean_orders_csv_dag to None, run_after=None
[2025-04-27T18:49:13.921+0000] {processor.py:183} INFO - Processing /opt/airflow/dags/transform_orders_dag.py took 0.396 seconds
[2025-04-27T18:49:44.114+0000] {processor.py:161} INFO - Started process (PID=1010) to work on /opt/airflow/dags/transform_orders_dag.py
[2025-04-27T18:49:44.115+0000] {processor.py:830} INFO - Processing file /opt/airflow/dags/transform_orders_dag.py for tasks to queue
[2025-04-27T18:49:44.117+0000] {logging_mixin.py:188} INFO - [2025-04-27T18:49:44.117+0000] {dagbag.py:538} INFO - Filling up the DagBag from /opt/airflow/dags/transform_orders_dag.py
[2025-04-27T18:49:44.589+0000] {processor.py:840} INFO - DAG(s) 'clean_orders_csv_dag' retrieved from /opt/airflow/dags/transform_orders_dag.py
[2025-04-27T18:49:44.658+0000] {logging_mixin.py:188} INFO - [2025-04-27T18:49:44.657+0000] {dag.py:3036} INFO - Sync 1 DAGs
[2025-04-27T18:49:44.691+0000] {logging_mixin.py:188} INFO - [2025-04-27T18:49:44.691+0000] {dag.py:3823} INFO - Setting next_dagrun for clean_orders_csv_dag to None, run_after=None
[2025-04-27T18:49:44.736+0000] {processor.py:183} INFO - Processing /opt/airflow/dags/transform_orders_dag.py took 0.624 seconds
[2025-04-27T18:50:15.284+0000] {processor.py:161} INFO - Started process (PID=1053) to work on /opt/airflow/dags/transform_orders_dag.py
[2025-04-27T18:50:15.285+0000] {processor.py:830} INFO - Processing file /opt/airflow/dags/transform_orders_dag.py for tasks to queue
[2025-04-27T18:50:15.288+0000] {logging_mixin.py:188} INFO - [2025-04-27T18:50:15.287+0000] {dagbag.py:538} INFO - Filling up the DagBag from /opt/airflow/dags/transform_orders_dag.py
[2025-04-27T18:50:15.913+0000] {processor.py:840} INFO - DAG(s) 'clean_orders_csv_dag' retrieved from /opt/airflow/dags/transform_orders_dag.py
[2025-04-27T18:50:15.960+0000] {logging_mixin.py:188} INFO - [2025-04-27T18:50:15.959+0000] {dag.py:3036} INFO - Sync 1 DAGs
[2025-04-27T18:50:15.986+0000] {logging_mixin.py:188} INFO - [2025-04-27T18:50:15.985+0000] {dag.py:3823} INFO - Setting next_dagrun for clean_orders_csv_dag to None, run_after=None
[2025-04-27T18:50:16.038+0000] {processor.py:183} INFO - Processing /opt/airflow/dags/transform_orders_dag.py took 0.759 seconds
[2025-04-27T18:50:46.652+0000] {processor.py:161} INFO - Started process (PID=1096) to work on /opt/airflow/dags/transform_orders_dag.py
[2025-04-27T18:50:46.653+0000] {processor.py:830} INFO - Processing file /opt/airflow/dags/transform_orders_dag.py for tasks to queue
[2025-04-27T18:50:46.655+0000] {logging_mixin.py:188} INFO - [2025-04-27T18:50:46.654+0000] {dagbag.py:538} INFO - Filling up the DagBag from /opt/airflow/dags/transform_orders_dag.py
[2025-04-27T18:50:47.025+0000] {processor.py:840} INFO - DAG(s) 'clean_orders_csv_dag' retrieved from /opt/airflow/dags/transform_orders_dag.py
[2025-04-27T18:50:47.062+0000] {logging_mixin.py:188} INFO - [2025-04-27T18:50:47.062+0000] {dag.py:3036} INFO - Sync 1 DAGs
[2025-04-27T18:50:47.085+0000] {logging_mixin.py:188} INFO - [2025-04-27T18:50:47.085+0000] {dag.py:3823} INFO - Setting next_dagrun for clean_orders_csv_dag to None, run_after=None
[2025-04-27T18:50:47.122+0000] {processor.py:183} INFO - Processing /opt/airflow/dags/transform_orders_dag.py took 0.473 seconds
[2025-04-27T18:51:17.356+0000] {processor.py:161} INFO - Started process (PID=1139) to work on /opt/airflow/dags/transform_orders_dag.py
[2025-04-27T18:51:17.357+0000] {processor.py:830} INFO - Processing file /opt/airflow/dags/transform_orders_dag.py for tasks to queue
[2025-04-27T18:51:17.358+0000] {logging_mixin.py:188} INFO - [2025-04-27T18:51:17.358+0000] {dagbag.py:538} INFO - Filling up the DagBag from /opt/airflow/dags/transform_orders_dag.py
[2025-04-27T18:51:17.761+0000] {processor.py:840} INFO - DAG(s) 'clean_orders_csv_dag' retrieved from /opt/airflow/dags/transform_orders_dag.py
[2025-04-27T18:51:17.806+0000] {logging_mixin.py:188} INFO - [2025-04-27T18:51:17.805+0000] {dag.py:3036} INFO - Sync 1 DAGs
[2025-04-27T18:51:17.824+0000] {logging_mixin.py:188} INFO - [2025-04-27T18:51:17.824+0000] {dag.py:3823} INFO - Setting next_dagrun for clean_orders_csv_dag to None, run_after=None
[2025-04-27T18:51:17.872+0000] {processor.py:183} INFO - Processing /opt/airflow/dags/transform_orders_dag.py took 0.519 seconds
[2025-04-27T18:51:48.626+0000] {processor.py:161} INFO - Started process (PID=1182) to work on /opt/airflow/dags/transform_orders_dag.py
[2025-04-27T18:51:48.628+0000] {processor.py:830} INFO - Processing file /opt/airflow/dags/transform_orders_dag.py for tasks to queue
[2025-04-27T18:51:48.629+0000] {logging_mixin.py:188} INFO - [2025-04-27T18:51:48.628+0000] {dagbag.py:538} INFO - Filling up the DagBag from /opt/airflow/dags/transform_orders_dag.py
[2025-04-27T18:51:49.000+0000] {processor.py:840} INFO - DAG(s) 'clean_orders_csv_dag' retrieved from /opt/airflow/dags/transform_orders_dag.py
[2025-04-27T18:51:49.037+0000] {logging_mixin.py:188} INFO - [2025-04-27T18:51:49.037+0000] {dag.py:3036} INFO - Sync 1 DAGs
[2025-04-27T18:51:49.056+0000] {logging_mixin.py:188} INFO - [2025-04-27T18:51:49.056+0000] {dag.py:3823} INFO - Setting next_dagrun for clean_orders_csv_dag to None, run_after=None
[2025-04-27T18:51:49.086+0000] {processor.py:183} INFO - Processing /opt/airflow/dags/transform_orders_dag.py took 0.463 seconds
[2025-04-27T18:52:19.282+0000] {processor.py:161} INFO - Started process (PID=1225) to work on /opt/airflow/dags/transform_orders_dag.py
[2025-04-27T18:52:19.283+0000] {processor.py:830} INFO - Processing file /opt/airflow/dags/transform_orders_dag.py for tasks to queue
[2025-04-27T18:52:19.284+0000] {logging_mixin.py:188} INFO - [2025-04-27T18:52:19.283+0000] {dagbag.py:538} INFO - Filling up the DagBag from /opt/airflow/dags/transform_orders_dag.py
[2025-04-27T18:52:19.687+0000] {processor.py:840} INFO - DAG(s) 'clean_orders_csv_dag' retrieved from /opt/airflow/dags/transform_orders_dag.py
[2025-04-27T18:52:19.825+0000] {logging_mixin.py:188} INFO - [2025-04-27T18:52:19.824+0000] {dag.py:3036} INFO - Sync 1 DAGs
[2025-04-27T18:52:19.923+0000] {logging_mixin.py:188} INFO - [2025-04-27T18:52:19.922+0000] {dag.py:3823} INFO - Setting next_dagrun for clean_orders_csv_dag to None, run_after=None
[2025-04-27T18:52:19.975+0000] {processor.py:183} INFO - Processing /opt/airflow/dags/transform_orders_dag.py took 0.697 seconds
[2025-04-27T18:52:50.722+0000] {processor.py:161} INFO - Started process (PID=1268) to work on /opt/airflow/dags/transform_orders_dag.py
[2025-04-27T18:52:50.723+0000] {processor.py:830} INFO - Processing file /opt/airflow/dags/transform_orders_dag.py for tasks to queue
[2025-04-27T18:52:50.725+0000] {logging_mixin.py:188} INFO - [2025-04-27T18:52:50.724+0000] {dagbag.py:538} INFO - Filling up the DagBag from /opt/airflow/dags/transform_orders_dag.py
[2025-04-27T18:52:51.142+0000] {processor.py:840} INFO - DAG(s) 'clean_orders_csv_dag' retrieved from /opt/airflow/dags/transform_orders_dag.py
[2025-04-27T18:52:51.186+0000] {logging_mixin.py:188} INFO - [2025-04-27T18:52:51.186+0000] {dag.py:3036} INFO - Sync 1 DAGs
[2025-04-27T18:52:51.207+0000] {logging_mixin.py:188} INFO - [2025-04-27T18:52:51.207+0000] {dag.py:3823} INFO - Setting next_dagrun for clean_orders_csv_dag to None, run_after=None
[2025-04-27T18:52:51.239+0000] {processor.py:183} INFO - Processing /opt/airflow/dags/transform_orders_dag.py took 0.520 seconds
[2025-04-27T18:53:21.425+0000] {processor.py:161} INFO - Started process (PID=1311) to work on /opt/airflow/dags/transform_orders_dag.py
[2025-04-27T18:53:21.427+0000] {processor.py:830} INFO - Processing file /opt/airflow/dags/transform_orders_dag.py for tasks to queue
[2025-04-27T18:53:21.428+0000] {logging_mixin.py:188} INFO - [2025-04-27T18:53:21.428+0000] {dagbag.py:538} INFO - Filling up the DagBag from /opt/airflow/dags/transform_orders_dag.py
[2025-04-27T18:53:21.940+0000] {processor.py:840} INFO - DAG(s) 'clean_orders_csv_dag' retrieved from /opt/airflow/dags/transform_orders_dag.py
[2025-04-27T18:53:21.986+0000] {logging_mixin.py:188} INFO - [2025-04-27T18:53:21.985+0000] {dag.py:3036} INFO - Sync 1 DAGs
[2025-04-27T18:53:22.020+0000] {logging_mixin.py:188} INFO - [2025-04-27T18:53:22.019+0000] {dag.py:3823} INFO - Setting next_dagrun for clean_orders_csv_dag to None, run_after=None
[2025-04-27T18:53:22.152+0000] {processor.py:183} INFO - Processing /opt/airflow/dags/transform_orders_dag.py took 0.730 seconds
[2025-04-27T18:53:52.359+0000] {processor.py:161} INFO - Started process (PID=1354) to work on /opt/airflow/dags/transform_orders_dag.py
[2025-04-27T18:53:52.361+0000] {processor.py:830} INFO - Processing file /opt/airflow/dags/transform_orders_dag.py for tasks to queue
[2025-04-27T18:53:52.363+0000] {logging_mixin.py:188} INFO - [2025-04-27T18:53:52.362+0000] {dagbag.py:538} INFO - Filling up the DagBag from /opt/airflow/dags/transform_orders_dag.py
[2025-04-27T18:53:52.946+0000] {processor.py:840} INFO - DAG(s) 'clean_orders_csv_dag' retrieved from /opt/airflow/dags/transform_orders_dag.py
[2025-04-27T18:53:53.010+0000] {logging_mixin.py:188} INFO - [2025-04-27T18:53:53.010+0000] {dag.py:3036} INFO - Sync 1 DAGs
[2025-04-27T18:53:53.038+0000] {logging_mixin.py:188} INFO - [2025-04-27T18:53:53.037+0000] {dag.py:3823} INFO - Setting next_dagrun for clean_orders_csv_dag to None, run_after=None
[2025-04-27T18:53:53.075+0000] {processor.py:183} INFO - Processing /opt/airflow/dags/transform_orders_dag.py took 0.720 seconds
[2025-04-27T18:54:23.661+0000] {processor.py:161} INFO - Started process (PID=1397) to work on /opt/airflow/dags/transform_orders_dag.py
[2025-04-27T18:54:23.662+0000] {processor.py:830} INFO - Processing file /opt/airflow/dags/transform_orders_dag.py for tasks to queue
[2025-04-27T18:54:23.664+0000] {logging_mixin.py:188} INFO - [2025-04-27T18:54:23.663+0000] {dagbag.py:538} INFO - Filling up the DagBag from /opt/airflow/dags/transform_orders_dag.py
[2025-04-27T18:54:24.176+0000] {processor.py:840} INFO - DAG(s) 'clean_orders_csv_dag' retrieved from /opt/airflow/dags/transform_orders_dag.py
[2025-04-27T18:54:24.214+0000] {logging_mixin.py:188} INFO - [2025-04-27T18:54:24.214+0000] {dag.py:3036} INFO - Sync 1 DAGs
[2025-04-27T18:54:24.230+0000] {logging_mixin.py:188} INFO - [2025-04-27T18:54:24.230+0000] {dag.py:3823} INFO - Setting next_dagrun for clean_orders_csv_dag to None, run_after=None
[2025-04-27T18:54:24.265+0000] {processor.py:183} INFO - Processing /opt/airflow/dags/transform_orders_dag.py took 0.607 seconds
[2025-04-27T18:54:55.116+0000] {processor.py:161} INFO - Started process (PID=1440) to work on /opt/airflow/dags/transform_orders_dag.py
[2025-04-27T18:54:55.117+0000] {processor.py:830} INFO - Processing file /opt/airflow/dags/transform_orders_dag.py for tasks to queue
[2025-04-27T18:54:55.119+0000] {logging_mixin.py:188} INFO - [2025-04-27T18:54:55.118+0000] {dagbag.py:538} INFO - Filling up the DagBag from /opt/airflow/dags/transform_orders_dag.py
[2025-04-27T18:54:55.720+0000] {processor.py:840} INFO - DAG(s) 'clean_orders_csv_dag' retrieved from /opt/airflow/dags/transform_orders_dag.py
[2025-04-27T18:54:55.770+0000] {logging_mixin.py:188} INFO - [2025-04-27T18:54:55.770+0000] {dag.py:3036} INFO - Sync 1 DAGs
[2025-04-27T18:54:55.793+0000] {logging_mixin.py:188} INFO - [2025-04-27T18:54:55.793+0000] {dag.py:3823} INFO - Setting next_dagrun for clean_orders_csv_dag to None, run_after=None
[2025-04-27T18:54:55.839+0000] {processor.py:183} INFO - Processing /opt/airflow/dags/transform_orders_dag.py took 0.726 seconds
[2025-04-27T18:55:26.516+0000] {processor.py:161} INFO - Started process (PID=1483) to work on /opt/airflow/dags/transform_orders_dag.py
[2025-04-27T18:55:26.517+0000] {processor.py:830} INFO - Processing file /opt/airflow/dags/transform_orders_dag.py for tasks to queue
[2025-04-27T18:55:26.518+0000] {logging_mixin.py:188} INFO - [2025-04-27T18:55:26.518+0000] {dagbag.py:538} INFO - Filling up the DagBag from /opt/airflow/dags/transform_orders_dag.py
[2025-04-27T18:55:26.782+0000] {processor.py:840} INFO - DAG(s) 'clean_orders_csv_dag' retrieved from /opt/airflow/dags/transform_orders_dag.py
[2025-04-27T18:55:26.809+0000] {logging_mixin.py:188} INFO - [2025-04-27T18:55:26.808+0000] {dag.py:3036} INFO - Sync 1 DAGs
[2025-04-27T18:55:26.821+0000] {logging_mixin.py:188} INFO - [2025-04-27T18:55:26.821+0000] {dag.py:3823} INFO - Setting next_dagrun for clean_orders_csv_dag to None, run_after=None
[2025-04-27T18:55:26.840+0000] {processor.py:183} INFO - Processing /opt/airflow/dags/transform_orders_dag.py took 0.327 seconds
[2025-04-27T18:55:57.092+0000] {processor.py:161} INFO - Started process (PID=1526) to work on /opt/airflow/dags/transform_orders_dag.py
[2025-04-27T18:55:57.093+0000] {processor.py:830} INFO - Processing file /opt/airflow/dags/transform_orders_dag.py for tasks to queue
[2025-04-27T18:55:57.094+0000] {logging_mixin.py:188} INFO - [2025-04-27T18:55:57.094+0000] {dagbag.py:538} INFO - Filling up the DagBag from /opt/airflow/dags/transform_orders_dag.py
[2025-04-27T18:55:57.386+0000] {processor.py:840} INFO - DAG(s) 'clean_orders_csv_dag' retrieved from /opt/airflow/dags/transform_orders_dag.py
[2025-04-27T18:55:57.412+0000] {logging_mixin.py:188} INFO - [2025-04-27T18:55:57.412+0000] {dag.py:3036} INFO - Sync 1 DAGs
[2025-04-27T18:55:57.425+0000] {logging_mixin.py:188} INFO - [2025-04-27T18:55:57.425+0000] {dag.py:3823} INFO - Setting next_dagrun for clean_orders_csv_dag to None, run_after=None
[2025-04-27T18:55:57.447+0000] {processor.py:183} INFO - Processing /opt/airflow/dags/transform_orders_dag.py took 0.358 seconds
[2025-04-27T18:56:27.714+0000] {processor.py:161} INFO - Started process (PID=1569) to work on /opt/airflow/dags/transform_orders_dag.py
[2025-04-27T18:56:27.716+0000] {processor.py:830} INFO - Processing file /opt/airflow/dags/transform_orders_dag.py for tasks to queue
[2025-04-27T18:56:27.717+0000] {logging_mixin.py:188} INFO - [2025-04-27T18:56:27.717+0000] {dagbag.py:538} INFO - Filling up the DagBag from /opt/airflow/dags/transform_orders_dag.py
[2025-04-27T18:56:28.080+0000] {processor.py:840} INFO - DAG(s) 'clean_orders_csv_dag' retrieved from /opt/airflow/dags/transform_orders_dag.py
[2025-04-27T18:56:28.124+0000] {logging_mixin.py:188} INFO - [2025-04-27T18:56:28.124+0000] {dag.py:3036} INFO - Sync 1 DAGs
[2025-04-27T18:56:28.149+0000] {logging_mixin.py:188} INFO - [2025-04-27T18:56:28.149+0000] {dag.py:3823} INFO - Setting next_dagrun for clean_orders_csv_dag to None, run_after=None
[2025-04-27T18:56:28.183+0000] {processor.py:183} INFO - Processing /opt/airflow/dags/transform_orders_dag.py took 0.473 seconds
[2025-04-27T18:56:58.345+0000] {processor.py:161} INFO - Started process (PID=1612) to work on /opt/airflow/dags/transform_orders_dag.py
[2025-04-27T18:56:58.346+0000] {processor.py:830} INFO - Processing file /opt/airflow/dags/transform_orders_dag.py for tasks to queue
[2025-04-27T18:56:58.347+0000] {logging_mixin.py:188} INFO - [2025-04-27T18:56:58.347+0000] {dagbag.py:538} INFO - Filling up the DagBag from /opt/airflow/dags/transform_orders_dag.py
[2025-04-27T18:56:58.637+0000] {processor.py:840} INFO - DAG(s) 'clean_orders_csv_dag' retrieved from /opt/airflow/dags/transform_orders_dag.py
[2025-04-27T18:56:58.706+0000] {logging_mixin.py:188} INFO - [2025-04-27T18:56:58.705+0000] {dag.py:3036} INFO - Sync 1 DAGs
[2025-04-27T18:56:58.738+0000] {logging_mixin.py:188} INFO - [2025-04-27T18:56:58.737+0000] {dag.py:3823} INFO - Setting next_dagrun for clean_orders_csv_dag to None, run_after=None
[2025-04-27T18:56:58.779+0000] {processor.py:183} INFO - Processing /opt/airflow/dags/transform_orders_dag.py took 0.436 seconds
[2025-04-27T18:57:28.960+0000] {processor.py:161} INFO - Started process (PID=1655) to work on /opt/airflow/dags/transform_orders_dag.py
[2025-04-27T18:57:28.961+0000] {processor.py:830} INFO - Processing file /opt/airflow/dags/transform_orders_dag.py for tasks to queue
[2025-04-27T18:57:28.962+0000] {logging_mixin.py:188} INFO - [2025-04-27T18:57:28.962+0000] {dagbag.py:538} INFO - Filling up the DagBag from /opt/airflow/dags/transform_orders_dag.py
[2025-04-27T18:57:29.295+0000] {processor.py:840} INFO - DAG(s) 'clean_orders_csv_dag' retrieved from /opt/airflow/dags/transform_orders_dag.py
[2025-04-27T18:57:29.318+0000] {logging_mixin.py:188} INFO - [2025-04-27T18:57:29.318+0000] {dag.py:3036} INFO - Sync 1 DAGs
[2025-04-27T18:57:29.356+0000] {logging_mixin.py:188} INFO - [2025-04-27T18:57:29.356+0000] {dag.py:3823} INFO - Setting next_dagrun for clean_orders_csv_dag to None, run_after=None
[2025-04-27T18:57:29.383+0000] {processor.py:183} INFO - Processing /opt/airflow/dags/transform_orders_dag.py took 0.426 seconds
[2025-04-27T18:57:59.685+0000] {processor.py:161} INFO - Started process (PID=1698) to work on /opt/airflow/dags/transform_orders_dag.py
[2025-04-27T18:57:59.686+0000] {processor.py:830} INFO - Processing file /opt/airflow/dags/transform_orders_dag.py for tasks to queue
[2025-04-27T18:57:59.687+0000] {logging_mixin.py:188} INFO - [2025-04-27T18:57:59.687+0000] {dagbag.py:538} INFO - Filling up the DagBag from /opt/airflow/dags/transform_orders_dag.py
[2025-04-27T18:58:00.006+0000] {processor.py:840} INFO - DAG(s) 'clean_orders_csv_dag' retrieved from /opt/airflow/dags/transform_orders_dag.py
[2025-04-27T18:58:00.052+0000] {logging_mixin.py:188} INFO - [2025-04-27T18:58:00.051+0000] {dag.py:3036} INFO - Sync 1 DAGs
[2025-04-27T18:58:00.081+0000] {logging_mixin.py:188} INFO - [2025-04-27T18:58:00.081+0000] {dag.py:3823} INFO - Setting next_dagrun for clean_orders_csv_dag to None, run_after=None
[2025-04-27T18:58:00.148+0000] {processor.py:183} INFO - Processing /opt/airflow/dags/transform_orders_dag.py took 0.464 seconds
[2025-04-27T18:58:30.470+0000] {processor.py:161} INFO - Started process (PID=1741) to work on /opt/airflow/dags/transform_orders_dag.py
[2025-04-27T18:58:30.471+0000] {processor.py:830} INFO - Processing file /opt/airflow/dags/transform_orders_dag.py for tasks to queue
[2025-04-27T18:58:30.472+0000] {logging_mixin.py:188} INFO - [2025-04-27T18:58:30.472+0000] {dagbag.py:538} INFO - Filling up the DagBag from /opt/airflow/dags/transform_orders_dag.py
[2025-04-27T18:58:30.868+0000] {processor.py:840} INFO - DAG(s) 'clean_orders_csv_dag' retrieved from /opt/airflow/dags/transform_orders_dag.py
[2025-04-27T18:58:30.916+0000] {logging_mixin.py:188} INFO - [2025-04-27T18:58:30.915+0000] {dag.py:3036} INFO - Sync 1 DAGs
[2025-04-27T18:58:30.935+0000] {logging_mixin.py:188} INFO - [2025-04-27T18:58:30.935+0000] {dag.py:3823} INFO - Setting next_dagrun for clean_orders_csv_dag to None, run_after=None
[2025-04-27T18:58:30.980+0000] {processor.py:183} INFO - Processing /opt/airflow/dags/transform_orders_dag.py took 0.512 seconds
[2025-04-27T18:59:01.753+0000] {processor.py:161} INFO - Started process (PID=1784) to work on /opt/airflow/dags/transform_orders_dag.py
[2025-04-27T18:59:01.754+0000] {processor.py:830} INFO - Processing file /opt/airflow/dags/transform_orders_dag.py for tasks to queue
[2025-04-27T18:59:01.756+0000] {logging_mixin.py:188} INFO - [2025-04-27T18:59:01.756+0000] {dagbag.py:538} INFO - Filling up the DagBag from /opt/airflow/dags/transform_orders_dag.py
[2025-04-27T18:59:02.140+0000] {processor.py:840} INFO - DAG(s) 'clean_orders_csv_dag' retrieved from /opt/airflow/dags/transform_orders_dag.py
[2025-04-27T18:59:02.169+0000] {logging_mixin.py:188} INFO - [2025-04-27T18:59:02.169+0000] {dag.py:3036} INFO - Sync 1 DAGs
[2025-04-27T18:59:02.196+0000] {logging_mixin.py:188} INFO - [2025-04-27T18:59:02.196+0000] {dag.py:3823} INFO - Setting next_dagrun for clean_orders_csv_dag to None, run_after=None
[2025-04-27T18:59:02.290+0000] {processor.py:183} INFO - Processing /opt/airflow/dags/transform_orders_dag.py took 0.544 seconds
[2025-04-27T18:59:33.200+0000] {processor.py:161} INFO - Started process (PID=1827) to work on /opt/airflow/dags/transform_orders_dag.py
[2025-04-27T18:59:33.201+0000] {processor.py:830} INFO - Processing file /opt/airflow/dags/transform_orders_dag.py for tasks to queue
[2025-04-27T18:59:33.202+0000] {logging_mixin.py:188} INFO - [2025-04-27T18:59:33.202+0000] {dagbag.py:538} INFO - Filling up the DagBag from /opt/airflow/dags/transform_orders_dag.py
[2025-04-27T18:59:33.639+0000] {processor.py:840} INFO - DAG(s) 'clean_orders_csv_dag' retrieved from /opt/airflow/dags/transform_orders_dag.py
[2025-04-27T18:59:33.672+0000] {logging_mixin.py:188} INFO - [2025-04-27T18:59:33.671+0000] {dag.py:3036} INFO - Sync 1 DAGs
[2025-04-27T18:59:33.686+0000] {logging_mixin.py:188} INFO - [2025-04-27T18:59:33.686+0000] {dag.py:3823} INFO - Setting next_dagrun for clean_orders_csv_dag to None, run_after=None
[2025-04-27T18:59:33.720+0000] {processor.py:183} INFO - Processing /opt/airflow/dags/transform_orders_dag.py took 0.523 seconds
[2025-04-27T19:00:04.016+0000] {processor.py:161} INFO - Started process (PID=1870) to work on /opt/airflow/dags/transform_orders_dag.py
[2025-04-27T19:00:04.017+0000] {processor.py:830} INFO - Processing file /opt/airflow/dags/transform_orders_dag.py for tasks to queue
[2025-04-27T19:00:04.018+0000] {logging_mixin.py:188} INFO - [2025-04-27T19:00:04.018+0000] {dagbag.py:538} INFO - Filling up the DagBag from /opt/airflow/dags/transform_orders_dag.py
[2025-04-27T19:00:04.432+0000] {processor.py:840} INFO - DAG(s) 'clean_orders_csv_dag' retrieved from /opt/airflow/dags/transform_orders_dag.py
[2025-04-27T19:00:04.466+0000] {logging_mixin.py:188} INFO - [2025-04-27T19:00:04.466+0000] {dag.py:3036} INFO - Sync 1 DAGs
[2025-04-27T19:00:04.482+0000] {logging_mixin.py:188} INFO - [2025-04-27T19:00:04.482+0000] {dag.py:3823} INFO - Setting next_dagrun for clean_orders_csv_dag to None, run_after=None
[2025-04-27T19:00:04.511+0000] {processor.py:183} INFO - Processing /opt/airflow/dags/transform_orders_dag.py took 0.499 seconds
[2025-04-27T19:00:35.123+0000] {processor.py:161} INFO - Started process (PID=1913) to work on /opt/airflow/dags/transform_orders_dag.py
[2025-04-27T19:00:35.124+0000] {processor.py:830} INFO - Processing file /opt/airflow/dags/transform_orders_dag.py for tasks to queue
[2025-04-27T19:00:35.125+0000] {logging_mixin.py:188} INFO - [2025-04-27T19:00:35.124+0000] {dagbag.py:538} INFO - Filling up the DagBag from /opt/airflow/dags/transform_orders_dag.py
[2025-04-27T19:00:35.376+0000] {processor.py:840} INFO - DAG(s) 'clean_orders_csv_dag' retrieved from /opt/airflow/dags/transform_orders_dag.py
[2025-04-27T19:00:35.401+0000] {logging_mixin.py:188} INFO - [2025-04-27T19:00:35.401+0000] {dag.py:3036} INFO - Sync 1 DAGs
[2025-04-27T19:00:35.413+0000] {logging_mixin.py:188} INFO - [2025-04-27T19:00:35.413+0000] {dag.py:3823} INFO - Setting next_dagrun for clean_orders_csv_dag to None, run_after=None
[2025-04-27T19:00:35.434+0000] {processor.py:183} INFO - Processing /opt/airflow/dags/transform_orders_dag.py took 0.314 seconds
[2025-04-27T19:01:05.559+0000] {processor.py:161} INFO - Started process (PID=1956) to work on /opt/airflow/dags/transform_orders_dag.py
[2025-04-27T19:01:05.561+0000] {processor.py:830} INFO - Processing file /opt/airflow/dags/transform_orders_dag.py for tasks to queue
[2025-04-27T19:01:05.562+0000] {logging_mixin.py:188} INFO - [2025-04-27T19:01:05.561+0000] {dagbag.py:538} INFO - Filling up the DagBag from /opt/airflow/dags/transform_orders_dag.py
[2025-04-27T19:01:06.027+0000] {processor.py:840} INFO - DAG(s) 'clean_orders_csv_dag' retrieved from /opt/airflow/dags/transform_orders_dag.py
[2025-04-27T19:01:06.092+0000] {logging_mixin.py:188} INFO - [2025-04-27T19:01:06.091+0000] {dag.py:3036} INFO - Sync 1 DAGs
[2025-04-27T19:01:06.118+0000] {logging_mixin.py:188} INFO - [2025-04-27T19:01:06.118+0000] {dag.py:3823} INFO - Setting next_dagrun for clean_orders_csv_dag to None, run_after=None
[2025-04-27T19:01:06.154+0000] {processor.py:183} INFO - Processing /opt/airflow/dags/transform_orders_dag.py took 0.599 seconds
[2025-04-27T19:01:37.000+0000] {processor.py:161} INFO - Started process (PID=1999) to work on /opt/airflow/dags/transform_orders_dag.py
[2025-04-27T19:01:37.001+0000] {processor.py:830} INFO - Processing file /opt/airflow/dags/transform_orders_dag.py for tasks to queue
[2025-04-27T19:01:37.002+0000] {logging_mixin.py:188} INFO - [2025-04-27T19:01:37.002+0000] {dagbag.py:538} INFO - Filling up the DagBag from /opt/airflow/dags/transform_orders_dag.py
[2025-04-27T19:01:37.448+0000] {processor.py:840} INFO - DAG(s) 'clean_orders_csv_dag' retrieved from /opt/airflow/dags/transform_orders_dag.py
[2025-04-27T19:01:37.619+0000] {logging_mixin.py:188} INFO - [2025-04-27T19:01:37.618+0000] {dag.py:3036} INFO - Sync 1 DAGs
[2025-04-27T19:01:37.646+0000] {logging_mixin.py:188} INFO - [2025-04-27T19:01:37.646+0000] {dag.py:3823} INFO - Setting next_dagrun for clean_orders_csv_dag to None, run_after=None
[2025-04-27T19:01:37.693+0000] {processor.py:183} INFO - Processing /opt/airflow/dags/transform_orders_dag.py took 0.696 seconds
[2025-04-27T19:02:08.178+0000] {processor.py:161} INFO - Started process (PID=2045) to work on /opt/airflow/dags/transform_orders_dag.py
[2025-04-27T19:02:08.179+0000] {processor.py:830} INFO - Processing file /opt/airflow/dags/transform_orders_dag.py for tasks to queue
[2025-04-27T19:02:08.181+0000] {logging_mixin.py:188} INFO - [2025-04-27T19:02:08.180+0000] {dagbag.py:538} INFO - Filling up the DagBag from /opt/airflow/dags/transform_orders_dag.py
[2025-04-27T19:02:08.427+0000] {processor.py:840} INFO - DAG(s) 'clean_orders_csv_dag' retrieved from /opt/airflow/dags/transform_orders_dag.py
[2025-04-27T19:02:08.445+0000] {logging_mixin.py:188} INFO - [2025-04-27T19:02:08.445+0000] {dag.py:3036} INFO - Sync 1 DAGs
[2025-04-27T19:02:08.454+0000] {logging_mixin.py:188} INFO - [2025-04-27T19:02:08.454+0000] {dag.py:3823} INFO - Setting next_dagrun for clean_orders_csv_dag to None, run_after=None
[2025-04-27T19:02:08.469+0000] {processor.py:183} INFO - Processing /opt/airflow/dags/transform_orders_dag.py took 0.293 seconds
[2025-04-27T19:02:39.008+0000] {processor.py:161} INFO - Started process (PID=2091) to work on /opt/airflow/dags/transform_orders_dag.py
[2025-04-27T19:02:39.011+0000] {processor.py:830} INFO - Processing file /opt/airflow/dags/transform_orders_dag.py for tasks to queue
[2025-04-27T19:02:39.013+0000] {logging_mixin.py:188} INFO - [2025-04-27T19:02:39.012+0000] {dagbag.py:538} INFO - Filling up the DagBag from /opt/airflow/dags/transform_orders_dag.py
[2025-04-27T19:02:40.471+0000] {processor.py:840} INFO - DAG(s) 'clean_orders_csv_dag' retrieved from /opt/airflow/dags/transform_orders_dag.py
[2025-04-27T19:02:40.657+0000] {logging_mixin.py:188} INFO - [2025-04-27T19:02:40.656+0000] {dag.py:3036} INFO - Sync 1 DAGs
[2025-04-27T19:02:40.716+0000] {logging_mixin.py:188} INFO - [2025-04-27T19:02:40.716+0000] {dag.py:3823} INFO - Setting next_dagrun for clean_orders_csv_dag to None, run_after=None
[2025-04-27T19:02:40.813+0000] {processor.py:183} INFO - Processing /opt/airflow/dags/transform_orders_dag.py took 1.817 seconds
[2025-04-27T19:03:11.588+0000] {processor.py:161} INFO - Started process (PID=2134) to work on /opt/airflow/dags/transform_orders_dag.py
[2025-04-27T19:03:11.593+0000] {processor.py:830} INFO - Processing file /opt/airflow/dags/transform_orders_dag.py for tasks to queue
[2025-04-27T19:03:11.596+0000] {logging_mixin.py:188} INFO - [2025-04-27T19:03:11.596+0000] {dagbag.py:538} INFO - Filling up the DagBag from /opt/airflow/dags/transform_orders_dag.py
[2025-04-27T19:03:12.713+0000] {processor.py:840} INFO - DAG(s) 'clean_orders_csv_dag' retrieved from /opt/airflow/dags/transform_orders_dag.py
[2025-04-27T19:03:12.875+0000] {logging_mixin.py:188} INFO - [2025-04-27T19:03:12.873+0000] {dag.py:3036} INFO - Sync 1 DAGs
[2025-04-27T19:03:12.973+0000] {logging_mixin.py:188} INFO - [2025-04-27T19:03:12.972+0000] {dag.py:3823} INFO - Setting next_dagrun for clean_orders_csv_dag to None, run_after=None
[2025-04-27T19:03:13.067+0000] {processor.py:183} INFO - Processing /opt/airflow/dags/transform_orders_dag.py took 1.487 seconds
[2025-04-27T19:03:43.508+0000] {processor.py:161} INFO - Started process (PID=2179) to work on /opt/airflow/dags/transform_orders_dag.py
[2025-04-27T19:03:43.509+0000] {processor.py:830} INFO - Processing file /opt/airflow/dags/transform_orders_dag.py for tasks to queue
[2025-04-27T19:03:43.511+0000] {logging_mixin.py:188} INFO - [2025-04-27T19:03:43.510+0000] {dagbag.py:538} INFO - Filling up the DagBag from /opt/airflow/dags/transform_orders_dag.py
[2025-04-27T19:03:43.921+0000] {processor.py:840} INFO - DAG(s) 'clean_orders_csv_dag' retrieved from /opt/airflow/dags/transform_orders_dag.py
[2025-04-27T19:03:43.956+0000] {logging_mixin.py:188} INFO - [2025-04-27T19:03:43.955+0000] {dag.py:3036} INFO - Sync 1 DAGs
[2025-04-27T19:03:43.985+0000] {logging_mixin.py:188} INFO - [2025-04-27T19:03:43.985+0000] {dag.py:3823} INFO - Setting next_dagrun for clean_orders_csv_dag to None, run_after=None
[2025-04-27T19:03:44.041+0000] {processor.py:183} INFO - Processing /opt/airflow/dags/transform_orders_dag.py took 0.537 seconds
[2025-04-27T19:04:14.285+0000] {processor.py:161} INFO - Started process (PID=2219) to work on /opt/airflow/dags/transform_orders_dag.py
[2025-04-27T19:04:14.286+0000] {processor.py:830} INFO - Processing file /opt/airflow/dags/transform_orders_dag.py for tasks to queue
[2025-04-27T19:04:14.288+0000] {logging_mixin.py:188} INFO - [2025-04-27T19:04:14.287+0000] {dagbag.py:538} INFO - Filling up the DagBag from /opt/airflow/dags/transform_orders_dag.py
[2025-04-27T19:04:14.881+0000] {processor.py:840} INFO - DAG(s) 'clean_orders_csv_dag' retrieved from /opt/airflow/dags/transform_orders_dag.py
[2025-04-27T19:04:14.924+0000] {logging_mixin.py:188} INFO - [2025-04-27T19:04:14.924+0000] {dag.py:3036} INFO - Sync 1 DAGs
[2025-04-27T19:04:14.953+0000] {logging_mixin.py:188} INFO - [2025-04-27T19:04:14.952+0000] {dag.py:3823} INFO - Setting next_dagrun for clean_orders_csv_dag to None, run_after=None
[2025-04-27T19:04:14.979+0000] {processor.py:183} INFO - Processing /opt/airflow/dags/transform_orders_dag.py took 0.698 seconds
[2025-04-27T19:04:45.621+0000] {processor.py:161} INFO - Started process (PID=2262) to work on /opt/airflow/dags/transform_orders_dag.py
[2025-04-27T19:04:45.622+0000] {processor.py:830} INFO - Processing file /opt/airflow/dags/transform_orders_dag.py for tasks to queue
[2025-04-27T19:04:45.624+0000] {logging_mixin.py:188} INFO - [2025-04-27T19:04:45.623+0000] {dagbag.py:538} INFO - Filling up the DagBag from /opt/airflow/dags/transform_orders_dag.py
[2025-04-27T19:04:46.238+0000] {processor.py:840} INFO - DAG(s) 'clean_orders_csv_dag' retrieved from /opt/airflow/dags/transform_orders_dag.py
[2025-04-27T19:04:46.285+0000] {logging_mixin.py:188} INFO - [2025-04-27T19:04:46.285+0000] {dag.py:3036} INFO - Sync 1 DAGs
[2025-04-27T19:04:46.305+0000] {logging_mixin.py:188} INFO - [2025-04-27T19:04:46.305+0000] {dag.py:3823} INFO - Setting next_dagrun for clean_orders_csv_dag to None, run_after=None
[2025-04-27T19:04:46.334+0000] {processor.py:183} INFO - Processing /opt/airflow/dags/transform_orders_dag.py took 0.722 seconds
[2025-04-27T19:05:16.481+0000] {processor.py:161} INFO - Started process (PID=2305) to work on /opt/airflow/dags/transform_orders_dag.py
[2025-04-27T19:05:16.483+0000] {processor.py:830} INFO - Processing file /opt/airflow/dags/transform_orders_dag.py for tasks to queue
[2025-04-27T19:05:16.484+0000] {logging_mixin.py:188} INFO - [2025-04-27T19:05:16.484+0000] {dagbag.py:538} INFO - Filling up the DagBag from /opt/airflow/dags/transform_orders_dag.py
[2025-04-27T19:05:17.113+0000] {processor.py:840} INFO - DAG(s) 'clean_orders_csv_dag' retrieved from /opt/airflow/dags/transform_orders_dag.py
[2025-04-27T19:05:17.169+0000] {logging_mixin.py:188} INFO - [2025-04-27T19:05:17.169+0000] {dag.py:3036} INFO - Sync 1 DAGs
[2025-04-27T19:05:17.191+0000] {logging_mixin.py:188} INFO - [2025-04-27T19:05:17.191+0000] {dag.py:3823} INFO - Setting next_dagrun for clean_orders_csv_dag to None, run_after=None
[2025-04-27T19:05:17.226+0000] {processor.py:183} INFO - Processing /opt/airflow/dags/transform_orders_dag.py took 0.757 seconds
[2025-04-27T19:05:47.520+0000] {processor.py:161} INFO - Started process (PID=2348) to work on /opt/airflow/dags/transform_orders_dag.py
[2025-04-27T19:05:47.521+0000] {processor.py:830} INFO - Processing file /opt/airflow/dags/transform_orders_dag.py for tasks to queue
[2025-04-27T19:05:47.523+0000] {logging_mixin.py:188} INFO - [2025-04-27T19:05:47.522+0000] {dagbag.py:538} INFO - Filling up the DagBag from /opt/airflow/dags/transform_orders_dag.py
[2025-04-27T19:05:47.913+0000] {processor.py:840} INFO - DAG(s) 'clean_orders_csv_dag' retrieved from /opt/airflow/dags/transform_orders_dag.py
[2025-04-27T19:05:47.947+0000] {logging_mixin.py:188} INFO - [2025-04-27T19:05:47.946+0000] {dag.py:3036} INFO - Sync 1 DAGs
[2025-04-27T19:05:47.965+0000] {logging_mixin.py:188} INFO - [2025-04-27T19:05:47.965+0000] {dag.py:3823} INFO - Setting next_dagrun for clean_orders_csv_dag to None, run_after=None
[2025-04-27T19:05:48.086+0000] {processor.py:183} INFO - Processing /opt/airflow/dags/transform_orders_dag.py took 0.568 seconds
[2025-04-27T19:06:18.789+0000] {processor.py:161} INFO - Started process (PID=2391) to work on /opt/airflow/dags/transform_orders_dag.py
[2025-04-27T19:06:18.790+0000] {processor.py:830} INFO - Processing file /opt/airflow/dags/transform_orders_dag.py for tasks to queue
[2025-04-27T19:06:18.791+0000] {logging_mixin.py:188} INFO - [2025-04-27T19:06:18.790+0000] {dagbag.py:538} INFO - Filling up the DagBag from /opt/airflow/dags/transform_orders_dag.py
[2025-04-27T19:06:19.046+0000] {processor.py:840} INFO - DAG(s) 'clean_orders_csv_dag' retrieved from /opt/airflow/dags/transform_orders_dag.py
[2025-04-27T19:06:19.071+0000] {logging_mixin.py:188} INFO - [2025-04-27T19:06:19.070+0000] {dag.py:3036} INFO - Sync 1 DAGs
[2025-04-27T19:06:19.084+0000] {logging_mixin.py:188} INFO - [2025-04-27T19:06:19.084+0000] {dag.py:3823} INFO - Setting next_dagrun for clean_orders_csv_dag to None, run_after=None
[2025-04-27T19:06:19.108+0000] {processor.py:183} INFO - Processing /opt/airflow/dags/transform_orders_dag.py took 0.322 seconds
[2025-04-27T19:06:49.229+0000] {processor.py:161} INFO - Started process (PID=2434) to work on /opt/airflow/dags/transform_orders_dag.py
[2025-04-27T19:06:49.230+0000] {processor.py:830} INFO - Processing file /opt/airflow/dags/transform_orders_dag.py for tasks to queue
[2025-04-27T19:06:49.230+0000] {logging_mixin.py:188} INFO - [2025-04-27T19:06:49.230+0000] {dagbag.py:538} INFO - Filling up the DagBag from /opt/airflow/dags/transform_orders_dag.py
[2025-04-27T19:06:49.481+0000] {processor.py:840} INFO - DAG(s) 'clean_orders_csv_dag' retrieved from /opt/airflow/dags/transform_orders_dag.py
[2025-04-27T19:06:49.508+0000] {logging_mixin.py:188} INFO - [2025-04-27T19:06:49.508+0000] {dag.py:3036} INFO - Sync 1 DAGs
[2025-04-27T19:06:49.521+0000] {logging_mixin.py:188} INFO - [2025-04-27T19:06:49.521+0000] {dag.py:3823} INFO - Setting next_dagrun for clean_orders_csv_dag to None, run_after=None
[2025-04-27T19:06:49.541+0000] {processor.py:183} INFO - Processing /opt/airflow/dags/transform_orders_dag.py took 0.314 seconds
[2025-04-27T19:07:19.696+0000] {processor.py:161} INFO - Started process (PID=2477) to work on /opt/airflow/dags/transform_orders_dag.py
[2025-04-27T19:07:19.697+0000] {processor.py:830} INFO - Processing file /opt/airflow/dags/transform_orders_dag.py for tasks to queue
[2025-04-27T19:07:19.698+0000] {logging_mixin.py:188} INFO - [2025-04-27T19:07:19.697+0000] {dagbag.py:538} INFO - Filling up the DagBag from /opt/airflow/dags/transform_orders_dag.py
[2025-04-27T19:07:20.013+0000] {processor.py:840} INFO - DAG(s) 'clean_orders_csv_dag' retrieved from /opt/airflow/dags/transform_orders_dag.py
[2025-04-27T19:07:20.054+0000] {logging_mixin.py:188} INFO - [2025-04-27T19:07:20.053+0000] {dag.py:3036} INFO - Sync 1 DAGs
[2025-04-27T19:07:20.068+0000] {logging_mixin.py:188} INFO - [2025-04-27T19:07:20.068+0000] {dag.py:3823} INFO - Setting next_dagrun for clean_orders_csv_dag to None, run_after=None
[2025-04-27T19:07:20.095+0000] {processor.py:183} INFO - Processing /opt/airflow/dags/transform_orders_dag.py took 0.401 seconds
[2025-04-27T19:07:50.895+0000] {processor.py:161} INFO - Started process (PID=2520) to work on /opt/airflow/dags/transform_orders_dag.py
[2025-04-27T19:07:50.896+0000] {processor.py:830} INFO - Processing file /opt/airflow/dags/transform_orders_dag.py for tasks to queue
[2025-04-27T19:07:50.897+0000] {logging_mixin.py:188} INFO - [2025-04-27T19:07:50.897+0000] {dagbag.py:538} INFO - Filling up the DagBag from /opt/airflow/dags/transform_orders_dag.py
[2025-04-27T19:07:51.180+0000] {processor.py:840} INFO - DAG(s) 'clean_orders_csv_dag' retrieved from /opt/airflow/dags/transform_orders_dag.py
[2025-04-27T19:07:51.208+0000] {logging_mixin.py:188} INFO - [2025-04-27T19:07:51.207+0000] {dag.py:3036} INFO - Sync 1 DAGs
[2025-04-27T19:07:51.227+0000] {logging_mixin.py:188} INFO - [2025-04-27T19:07:51.227+0000] {dag.py:3823} INFO - Setting next_dagrun for clean_orders_csv_dag to None, run_after=None
[2025-04-27T19:07:51.252+0000] {processor.py:183} INFO - Processing /opt/airflow/dags/transform_orders_dag.py took 0.360 seconds
[2025-04-27T19:08:50.416+0000] {processor.py:161} INFO - Started process (PID=191) to work on /opt/airflow/dags/transform_orders_dag.py
[2025-04-27T19:08:50.418+0000] {processor.py:830} INFO - Processing file /opt/airflow/dags/transform_orders_dag.py for tasks to queue
[2025-04-27T19:08:50.422+0000] {logging_mixin.py:188} INFO - [2025-04-27T19:08:50.421+0000] {dagbag.py:538} INFO - Filling up the DagBag from /opt/airflow/dags/transform_orders_dag.py
[2025-04-27T19:08:50.957+0000] {processor.py:840} INFO - DAG(s) 'clean_orders_csv_dag' retrieved from /opt/airflow/dags/transform_orders_dag.py
[2025-04-27T19:08:50.974+0000] {logging_mixin.py:188} INFO - [2025-04-27T19:08:50.973+0000] {dag.py:3036} INFO - Sync 1 DAGs
[2025-04-27T19:08:50.994+0000] {logging_mixin.py:188} INFO - [2025-04-27T19:08:50.993+0000] {dag.py:3823} INFO - Setting next_dagrun for clean_orders_csv_dag to None, run_after=None
[2025-04-27T19:08:51.034+0000] {processor.py:183} INFO - Processing /opt/airflow/dags/transform_orders_dag.py took 0.630 seconds
[2025-04-27T19:09:21.186+0000] {processor.py:161} INFO - Started process (PID=234) to work on /opt/airflow/dags/transform_orders_dag.py
[2025-04-27T19:09:21.187+0000] {processor.py:830} INFO - Processing file /opt/airflow/dags/transform_orders_dag.py for tasks to queue
[2025-04-27T19:09:21.188+0000] {logging_mixin.py:188} INFO - [2025-04-27T19:09:21.188+0000] {dagbag.py:538} INFO - Filling up the DagBag from /opt/airflow/dags/transform_orders_dag.py
[2025-04-27T19:09:21.583+0000] {processor.py:840} INFO - DAG(s) 'clean_orders_csv_dag' retrieved from /opt/airflow/dags/transform_orders_dag.py
[2025-04-27T19:09:21.698+0000] {logging_mixin.py:188} INFO - [2025-04-27T19:09:21.697+0000] {dag.py:3036} INFO - Sync 1 DAGs
[2025-04-27T19:09:21.709+0000] {logging_mixin.py:188} INFO - [2025-04-27T19:09:21.709+0000] {dag.py:3823} INFO - Setting next_dagrun for clean_orders_csv_dag to None, run_after=None
[2025-04-27T19:09:21.736+0000] {processor.py:183} INFO - Processing /opt/airflow/dags/transform_orders_dag.py took 0.553 seconds
[2025-04-27T19:09:51.940+0000] {processor.py:161} INFO - Started process (PID=277) to work on /opt/airflow/dags/transform_orders_dag.py
[2025-04-27T19:09:51.941+0000] {processor.py:830} INFO - Processing file /opt/airflow/dags/transform_orders_dag.py for tasks to queue
[2025-04-27T19:09:51.942+0000] {logging_mixin.py:188} INFO - [2025-04-27T19:09:51.942+0000] {dagbag.py:538} INFO - Filling up the DagBag from /opt/airflow/dags/transform_orders_dag.py
[2025-04-27T19:09:52.309+0000] {processor.py:840} INFO - DAG(s) 'clean_orders_csv_dag' retrieved from /opt/airflow/dags/transform_orders_dag.py
[2025-04-27T19:09:52.344+0000] {logging_mixin.py:188} INFO - [2025-04-27T19:09:52.343+0000] {dag.py:3036} INFO - Sync 1 DAGs
[2025-04-27T19:09:52.357+0000] {logging_mixin.py:188} INFO - [2025-04-27T19:09:52.357+0000] {dag.py:3823} INFO - Setting next_dagrun for clean_orders_csv_dag to None, run_after=None
[2025-04-27T19:09:52.382+0000] {processor.py:183} INFO - Processing /opt/airflow/dags/transform_orders_dag.py took 0.445 seconds
[2025-04-27T19:10:22.562+0000] {processor.py:161} INFO - Started process (PID=320) to work on /opt/airflow/dags/transform_orders_dag.py
[2025-04-27T19:10:22.563+0000] {processor.py:830} INFO - Processing file /opt/airflow/dags/transform_orders_dag.py for tasks to queue
[2025-04-27T19:10:22.565+0000] {logging_mixin.py:188} INFO - [2025-04-27T19:10:22.564+0000] {dagbag.py:538} INFO - Filling up the DagBag from /opt/airflow/dags/transform_orders_dag.py
[2025-04-27T19:10:22.947+0000] {processor.py:840} INFO - DAG(s) 'clean_orders_csv_dag' retrieved from /opt/airflow/dags/transform_orders_dag.py
[2025-04-27T19:10:22.986+0000] {logging_mixin.py:188} INFO - [2025-04-27T19:10:22.985+0000] {dag.py:3036} INFO - Sync 1 DAGs
[2025-04-27T19:10:23.004+0000] {logging_mixin.py:188} INFO - [2025-04-27T19:10:23.003+0000] {dag.py:3823} INFO - Setting next_dagrun for clean_orders_csv_dag to None, run_after=None
[2025-04-27T19:10:23.039+0000] {processor.py:183} INFO - Processing /opt/airflow/dags/transform_orders_dag.py took 0.480 seconds
[2025-04-27T19:10:53.335+0000] {processor.py:161} INFO - Started process (PID=363) to work on /opt/airflow/dags/transform_orders_dag.py
[2025-04-27T19:10:53.337+0000] {processor.py:830} INFO - Processing file /opt/airflow/dags/transform_orders_dag.py for tasks to queue
[2025-04-27T19:10:53.339+0000] {logging_mixin.py:188} INFO - [2025-04-27T19:10:53.339+0000] {dagbag.py:538} INFO - Filling up the DagBag from /opt/airflow/dags/transform_orders_dag.py
[2025-04-27T19:10:53.683+0000] {processor.py:840} INFO - DAG(s) 'clean_orders_csv_dag' retrieved from /opt/airflow/dags/transform_orders_dag.py
[2025-04-27T19:10:53.709+0000] {logging_mixin.py:188} INFO - [2025-04-27T19:10:53.709+0000] {dag.py:3036} INFO - Sync 1 DAGs
[2025-04-27T19:10:53.724+0000] {logging_mixin.py:188} INFO - [2025-04-27T19:10:53.724+0000] {dag.py:3823} INFO - Setting next_dagrun for clean_orders_csv_dag to None, run_after=None
[2025-04-27T19:10:53.749+0000] {processor.py:183} INFO - Processing /opt/airflow/dags/transform_orders_dag.py took 0.418 seconds
[2025-04-27T19:11:23.949+0000] {processor.py:161} INFO - Started process (PID=406) to work on /opt/airflow/dags/transform_orders_dag.py
[2025-04-27T19:11:23.950+0000] {processor.py:830} INFO - Processing file /opt/airflow/dags/transform_orders_dag.py for tasks to queue
[2025-04-27T19:11:23.952+0000] {logging_mixin.py:188} INFO - [2025-04-27T19:11:23.951+0000] {dagbag.py:538} INFO - Filling up the DagBag from /opt/airflow/dags/transform_orders_dag.py
[2025-04-27T19:11:24.320+0000] {processor.py:840} INFO - DAG(s) 'clean_orders_csv_dag' retrieved from /opt/airflow/dags/transform_orders_dag.py
[2025-04-27T19:11:24.360+0000] {logging_mixin.py:188} INFO - [2025-04-27T19:11:24.360+0000] {dag.py:3036} INFO - Sync 1 DAGs
[2025-04-27T19:11:24.381+0000] {logging_mixin.py:188} INFO - [2025-04-27T19:11:24.381+0000] {dag.py:3823} INFO - Setting next_dagrun for clean_orders_csv_dag to None, run_after=None
[2025-04-27T19:11:24.473+0000] {processor.py:183} INFO - Processing /opt/airflow/dags/transform_orders_dag.py took 0.527 seconds
[2025-04-27T19:11:54.560+0000] {processor.py:161} INFO - Started process (PID=449) to work on /opt/airflow/dags/transform_orders_dag.py
[2025-04-27T19:11:54.562+0000] {processor.py:830} INFO - Processing file /opt/airflow/dags/transform_orders_dag.py for tasks to queue
[2025-04-27T19:11:54.564+0000] {logging_mixin.py:188} INFO - [2025-04-27T19:11:54.563+0000] {dagbag.py:538} INFO - Filling up the DagBag from /opt/airflow/dags/transform_orders_dag.py
[2025-04-27T19:11:54.865+0000] {processor.py:840} INFO - DAG(s) 'clean_orders_csv_dag' retrieved from /opt/airflow/dags/transform_orders_dag.py
[2025-04-27T19:11:54.894+0000] {logging_mixin.py:188} INFO - [2025-04-27T19:11:54.894+0000] {dag.py:3036} INFO - Sync 1 DAGs
[2025-04-27T19:11:54.909+0000] {logging_mixin.py:188} INFO - [2025-04-27T19:11:54.908+0000] {dag.py:3823} INFO - Setting next_dagrun for clean_orders_csv_dag to None, run_after=None
[2025-04-27T19:11:54.937+0000] {processor.py:183} INFO - Processing /opt/airflow/dags/transform_orders_dag.py took 0.381 seconds
[2025-04-27T19:12:25.203+0000] {processor.py:161} INFO - Started process (PID=492) to work on /opt/airflow/dags/transform_orders_dag.py
[2025-04-27T19:12:25.204+0000] {processor.py:830} INFO - Processing file /opt/airflow/dags/transform_orders_dag.py for tasks to queue
[2025-04-27T19:12:25.205+0000] {logging_mixin.py:188} INFO - [2025-04-27T19:12:25.205+0000] {dagbag.py:538} INFO - Filling up the DagBag from /opt/airflow/dags/transform_orders_dag.py
[2025-04-27T19:12:25.491+0000] {processor.py:840} INFO - DAG(s) 'clean_orders_csv_dag' retrieved from /opt/airflow/dags/transform_orders_dag.py
[2025-04-27T19:12:25.514+0000] {logging_mixin.py:188} INFO - [2025-04-27T19:12:25.513+0000] {dag.py:3036} INFO - Sync 1 DAGs
[2025-04-27T19:12:25.524+0000] {logging_mixin.py:188} INFO - [2025-04-27T19:12:25.524+0000] {dag.py:3823} INFO - Setting next_dagrun for clean_orders_csv_dag to None, run_after=None
[2025-04-27T19:12:25.545+0000] {processor.py:183} INFO - Processing /opt/airflow/dags/transform_orders_dag.py took 0.345 seconds
[2025-04-27T19:12:55.717+0000] {processor.py:161} INFO - Started process (PID=535) to work on /opt/airflow/dags/transform_orders_dag.py
[2025-04-27T19:12:55.718+0000] {processor.py:830} INFO - Processing file /opt/airflow/dags/transform_orders_dag.py for tasks to queue
[2025-04-27T19:12:55.719+0000] {logging_mixin.py:188} INFO - [2025-04-27T19:12:55.718+0000] {dagbag.py:538} INFO - Filling up the DagBag from /opt/airflow/dags/transform_orders_dag.py
[2025-04-27T19:12:56.034+0000] {processor.py:840} INFO - DAG(s) 'clean_orders_csv_dag' retrieved from /opt/airflow/dags/transform_orders_dag.py
[2025-04-27T19:12:56.068+0000] {logging_mixin.py:188} INFO - [2025-04-27T19:12:56.068+0000] {dag.py:3036} INFO - Sync 1 DAGs
[2025-04-27T19:12:56.085+0000] {logging_mixin.py:188} INFO - [2025-04-27T19:12:56.085+0000] {dag.py:3823} INFO - Setting next_dagrun for clean_orders_csv_dag to None, run_after=None
[2025-04-27T19:12:56.117+0000] {processor.py:183} INFO - Processing /opt/airflow/dags/transform_orders_dag.py took 0.403 seconds
[2025-04-27T19:13:26.250+0000] {processor.py:161} INFO - Started process (PID=578) to work on /opt/airflow/dags/transform_orders_dag.py
[2025-04-27T19:13:26.252+0000] {processor.py:830} INFO - Processing file /opt/airflow/dags/transform_orders_dag.py for tasks to queue
[2025-04-27T19:13:26.255+0000] {logging_mixin.py:188} INFO - [2025-04-27T19:13:26.254+0000] {dagbag.py:538} INFO - Filling up the DagBag from /opt/airflow/dags/transform_orders_dag.py
[2025-04-27T19:13:26.672+0000] {processor.py:840} INFO - DAG(s) 'clean_orders_csv_dag' retrieved from /opt/airflow/dags/transform_orders_dag.py
[2025-04-27T19:13:26.697+0000] {logging_mixin.py:188} INFO - [2025-04-27T19:13:26.697+0000] {dag.py:3036} INFO - Sync 1 DAGs
[2025-04-27T19:13:26.709+0000] {logging_mixin.py:188} INFO - [2025-04-27T19:13:26.708+0000] {dag.py:3823} INFO - Setting next_dagrun for clean_orders_csv_dag to None, run_after=None
[2025-04-27T19:13:26.731+0000] {processor.py:183} INFO - Processing /opt/airflow/dags/transform_orders_dag.py took 0.485 seconds
[2025-04-27T19:14:58.788+0000] {processor.py:161} INFO - Started process (PID=623) to work on /opt/airflow/dags/transform_orders_dag.py
[2025-04-27T19:14:58.791+0000] {processor.py:830} INFO - Processing file /opt/airflow/dags/transform_orders_dag.py for tasks to queue
[2025-04-27T19:14:58.795+0000] {logging_mixin.py:188} INFO - [2025-04-27T19:14:58.794+0000] {dagbag.py:538} INFO - Filling up the DagBag from /opt/airflow/dags/transform_orders_dag.py
[2025-04-27T19:14:59.406+0000] {processor.py:840} INFO - DAG(s) 'clean_orders_csv_dag' retrieved from /opt/airflow/dags/transform_orders_dag.py
[2025-04-27T19:14:59.486+0000] {logging_mixin.py:188} INFO - [2025-04-27T19:14:59.485+0000] {dag.py:3036} INFO - Sync 1 DAGs
[2025-04-27T19:14:59.535+0000] {logging_mixin.py:188} INFO - [2025-04-27T19:14:59.534+0000] {dag.py:3823} INFO - Setting next_dagrun for clean_orders_csv_dag to None, run_after=None
[2025-04-27T19:14:59.625+0000] {processor.py:183} INFO - Processing /opt/airflow/dags/transform_orders_dag.py took 0.857 seconds
[2025-04-27T19:15:30.419+0000] {processor.py:161} INFO - Started process (PID=668) to work on /opt/airflow/dags/transform_orders_dag.py
[2025-04-27T19:15:30.422+0000] {processor.py:830} INFO - Processing file /opt/airflow/dags/transform_orders_dag.py for tasks to queue
[2025-04-27T19:15:30.423+0000] {logging_mixin.py:188} INFO - [2025-04-27T19:15:30.423+0000] {dagbag.py:538} INFO - Filling up the DagBag from /opt/airflow/dags/transform_orders_dag.py
[2025-04-27T19:15:30.824+0000] {processor.py:840} INFO - DAG(s) 'clean_orders_csv_dag' retrieved from /opt/airflow/dags/transform_orders_dag.py
[2025-04-27T19:15:30.855+0000] {logging_mixin.py:188} INFO - [2025-04-27T19:15:30.855+0000] {dag.py:3036} INFO - Sync 1 DAGs
[2025-04-27T19:15:30.869+0000] {logging_mixin.py:188} INFO - [2025-04-27T19:15:30.869+0000] {dag.py:3823} INFO - Setting next_dagrun for clean_orders_csv_dag to None, run_after=None
[2025-04-27T19:15:30.893+0000] {processor.py:183} INFO - Processing /opt/airflow/dags/transform_orders_dag.py took 0.477 seconds
[2025-04-27T19:16:01.414+0000] {processor.py:161} INFO - Started process (PID=714) to work on /opt/airflow/dags/transform_orders_dag.py
[2025-04-27T19:16:01.416+0000] {processor.py:830} INFO - Processing file /opt/airflow/dags/transform_orders_dag.py for tasks to queue
[2025-04-27T19:16:01.418+0000] {logging_mixin.py:188} INFO - [2025-04-27T19:16:01.417+0000] {dagbag.py:538} INFO - Filling up the DagBag from /opt/airflow/dags/transform_orders_dag.py
[2025-04-27T19:16:01.974+0000] {processor.py:840} INFO - DAG(s) 'clean_orders_csv_dag' retrieved from /opt/airflow/dags/transform_orders_dag.py
[2025-04-27T19:16:02.021+0000] {logging_mixin.py:188} INFO - [2025-04-27T19:16:02.019+0000] {dag.py:3036} INFO - Sync 1 DAGs
[2025-04-27T19:16:02.050+0000] {logging_mixin.py:188} INFO - [2025-04-27T19:16:02.050+0000] {dag.py:3823} INFO - Setting next_dagrun for clean_orders_csv_dag to None, run_after=None
[2025-04-27T19:16:02.088+0000] {processor.py:183} INFO - Processing /opt/airflow/dags/transform_orders_dag.py took 0.678 seconds
[2025-04-27T19:16:32.250+0000] {processor.py:161} INFO - Started process (PID=757) to work on /opt/airflow/dags/transform_orders_dag.py
[2025-04-27T19:16:32.251+0000] {processor.py:830} INFO - Processing file /opt/airflow/dags/transform_orders_dag.py for tasks to queue
[2025-04-27T19:16:32.253+0000] {logging_mixin.py:188} INFO - [2025-04-27T19:16:32.253+0000] {dagbag.py:538} INFO - Filling up the DagBag from /opt/airflow/dags/transform_orders_dag.py
[2025-04-27T19:16:32.678+0000] {processor.py:840} INFO - DAG(s) 'clean_orders_csv_dag' retrieved from /opt/airflow/dags/transform_orders_dag.py
[2025-04-27T19:16:32.722+0000] {logging_mixin.py:188} INFO - [2025-04-27T19:16:32.722+0000] {dag.py:3036} INFO - Sync 1 DAGs
[2025-04-27T19:16:32.746+0000] {logging_mixin.py:188} INFO - [2025-04-27T19:16:32.746+0000] {dag.py:3823} INFO - Setting next_dagrun for clean_orders_csv_dag to None, run_after=None
[2025-04-27T19:16:32.781+0000] {processor.py:183} INFO - Processing /opt/airflow/dags/transform_orders_dag.py took 0.535 seconds
[2025-04-27T19:17:02.855+0000] {processor.py:161} INFO - Started process (PID=800) to work on /opt/airflow/dags/transform_orders_dag.py
[2025-04-27T19:17:02.857+0000] {processor.py:830} INFO - Processing file /opt/airflow/dags/transform_orders_dag.py for tasks to queue
[2025-04-27T19:17:02.858+0000] {logging_mixin.py:188} INFO - [2025-04-27T19:17:02.858+0000] {dagbag.py:538} INFO - Filling up the DagBag from /opt/airflow/dags/transform_orders_dag.py
[2025-04-27T19:17:03.155+0000] {processor.py:840} INFO - DAG(s) 'clean_orders_csv_dag' retrieved from /opt/airflow/dags/transform_orders_dag.py
[2025-04-27T19:17:03.184+0000] {logging_mixin.py:188} INFO - [2025-04-27T19:17:03.183+0000] {dag.py:3036} INFO - Sync 1 DAGs
[2025-04-27T19:17:03.197+0000] {logging_mixin.py:188} INFO - [2025-04-27T19:17:03.197+0000] {dag.py:3823} INFO - Setting next_dagrun for clean_orders_csv_dag to None, run_after=None
[2025-04-27T19:17:03.224+0000] {processor.py:183} INFO - Processing /opt/airflow/dags/transform_orders_dag.py took 0.372 seconds
[2025-04-27T19:17:33.822+0000] {processor.py:161} INFO - Started process (PID=843) to work on /opt/airflow/dags/transform_orders_dag.py
[2025-04-27T19:17:33.823+0000] {processor.py:830} INFO - Processing file /opt/airflow/dags/transform_orders_dag.py for tasks to queue
[2025-04-27T19:17:33.824+0000] {logging_mixin.py:188} INFO - [2025-04-27T19:17:33.824+0000] {dagbag.py:538} INFO - Filling up the DagBag from /opt/airflow/dags/transform_orders_dag.py
[2025-04-27T19:17:34.053+0000] {processor.py:840} INFO - DAG(s) 'clean_orders_csv_dag' retrieved from /opt/airflow/dags/transform_orders_dag.py
[2025-04-27T19:17:34.071+0000] {logging_mixin.py:188} INFO - [2025-04-27T19:17:34.070+0000] {dag.py:3036} INFO - Sync 1 DAGs
[2025-04-27T19:17:34.080+0000] {logging_mixin.py:188} INFO - [2025-04-27T19:17:34.080+0000] {dag.py:3823} INFO - Setting next_dagrun for clean_orders_csv_dag to None, run_after=None
[2025-04-27T19:17:34.097+0000] {processor.py:183} INFO - Processing /opt/airflow/dags/transform_orders_dag.py took 0.278 seconds
[2025-04-27T19:18:04.351+0000] {processor.py:161} INFO - Started process (PID=886) to work on /opt/airflow/dags/transform_orders_dag.py
[2025-04-27T19:18:04.352+0000] {processor.py:830} INFO - Processing file /opt/airflow/dags/transform_orders_dag.py for tasks to queue
[2025-04-27T19:18:04.352+0000] {logging_mixin.py:188} INFO - [2025-04-27T19:18:04.352+0000] {dagbag.py:538} INFO - Filling up the DagBag from /opt/airflow/dags/transform_orders_dag.py
[2025-04-27T19:18:04.770+0000] {processor.py:840} INFO - DAG(s) 'clean_orders_csv_dag' retrieved from /opt/airflow/dags/transform_orders_dag.py
[2025-04-27T19:18:04.810+0000] {logging_mixin.py:188} INFO - [2025-04-27T19:18:04.809+0000] {dag.py:3036} INFO - Sync 1 DAGs
[2025-04-27T19:18:04.834+0000] {logging_mixin.py:188} INFO - [2025-04-27T19:18:04.834+0000] {dag.py:3823} INFO - Setting next_dagrun for clean_orders_csv_dag to None, run_after=None
[2025-04-27T19:18:04.888+0000] {processor.py:183} INFO - Processing /opt/airflow/dags/transform_orders_dag.py took 0.540 seconds
[2025-04-27T19:18:35.116+0000] {processor.py:161} INFO - Started process (PID=934) to work on /opt/airflow/dags/transform_orders_dag.py
[2025-04-27T19:18:35.118+0000] {processor.py:830} INFO - Processing file /opt/airflow/dags/transform_orders_dag.py for tasks to queue
[2025-04-27T19:18:35.120+0000] {logging_mixin.py:188} INFO - [2025-04-27T19:18:35.119+0000] {dagbag.py:538} INFO - Filling up the DagBag from /opt/airflow/dags/transform_orders_dag.py
[2025-04-27T19:18:35.403+0000] {processor.py:840} INFO - DAG(s) 'clean_orders_csv_dag' retrieved from /opt/airflow/dags/transform_orders_dag.py
[2025-04-27T19:18:35.425+0000] {logging_mixin.py:188} INFO - [2025-04-27T19:18:35.425+0000] {dag.py:3036} INFO - Sync 1 DAGs
[2025-04-27T19:18:35.441+0000] {logging_mixin.py:188} INFO - [2025-04-27T19:18:35.441+0000] {dag.py:3823} INFO - Setting next_dagrun for clean_orders_csv_dag to None, run_after=None
[2025-04-27T19:18:35.466+0000] {processor.py:183} INFO - Processing /opt/airflow/dags/transform_orders_dag.py took 0.354 seconds
[2025-04-27T19:19:05.611+0000] {processor.py:161} INFO - Started process (PID=977) to work on /opt/airflow/dags/transform_orders_dag.py
[2025-04-27T19:19:05.613+0000] {processor.py:830} INFO - Processing file /opt/airflow/dags/transform_orders_dag.py for tasks to queue
[2025-04-27T19:19:05.615+0000] {logging_mixin.py:188} INFO - [2025-04-27T19:19:05.614+0000] {dagbag.py:538} INFO - Filling up the DagBag from /opt/airflow/dags/transform_orders_dag.py
[2025-04-27T19:19:05.901+0000] {processor.py:840} INFO - DAG(s) 'clean_orders_csv_dag' retrieved from /opt/airflow/dags/transform_orders_dag.py
[2025-04-27T19:19:05.940+0000] {logging_mixin.py:188} INFO - [2025-04-27T19:19:05.940+0000] {dag.py:3036} INFO - Sync 1 DAGs
[2025-04-27T19:19:05.956+0000] {logging_mixin.py:188} INFO - [2025-04-27T19:19:05.955+0000] {dag.py:3823} INFO - Setting next_dagrun for clean_orders_csv_dag to None, run_after=None
[2025-04-27T19:19:05.982+0000] {processor.py:183} INFO - Processing /opt/airflow/dags/transform_orders_dag.py took 0.374 seconds
[2025-04-27T19:19:36.151+0000] {processor.py:161} INFO - Started process (PID=1012) to work on /opt/airflow/dags/transform_orders_dag.py
[2025-04-27T19:19:36.152+0000] {processor.py:830} INFO - Processing file /opt/airflow/dags/transform_orders_dag.py for tasks to queue
[2025-04-27T19:19:36.153+0000] {logging_mixin.py:188} INFO - [2025-04-27T19:19:36.153+0000] {dagbag.py:538} INFO - Filling up the DagBag from /opt/airflow/dags/transform_orders_dag.py
[2025-04-27T19:19:36.446+0000] {processor.py:840} INFO - DAG(s) 'clean_orders_csv_dag' retrieved from /opt/airflow/dags/transform_orders_dag.py
[2025-04-27T19:19:36.477+0000] {logging_mixin.py:188} INFO - [2025-04-27T19:19:36.477+0000] {dag.py:3036} INFO - Sync 1 DAGs
[2025-04-27T19:19:36.492+0000] {logging_mixin.py:188} INFO - [2025-04-27T19:19:36.491+0000] {dag.py:3823} INFO - Setting next_dagrun for clean_orders_csv_dag to None, run_after=None
[2025-04-27T19:19:36.513+0000] {processor.py:183} INFO - Processing /opt/airflow/dags/transform_orders_dag.py took 0.365 seconds
[2025-04-27T19:20:07.103+0000] {processor.py:161} INFO - Started process (PID=1055) to work on /opt/airflow/dags/transform_orders_dag.py
[2025-04-27T19:20:07.104+0000] {processor.py:830} INFO - Processing file /opt/airflow/dags/transform_orders_dag.py for tasks to queue
[2025-04-27T19:20:07.105+0000] {logging_mixin.py:188} INFO - [2025-04-27T19:20:07.105+0000] {dagbag.py:538} INFO - Filling up the DagBag from /opt/airflow/dags/transform_orders_dag.py
[2025-04-27T19:20:07.358+0000] {processor.py:840} INFO - DAG(s) 'clean_orders_csv_dag' retrieved from /opt/airflow/dags/transform_orders_dag.py
[2025-04-27T19:20:07.406+0000] {logging_mixin.py:188} INFO - [2025-04-27T19:20:07.405+0000] {dag.py:3036} INFO - Sync 1 DAGs
[2025-04-27T19:20:07.422+0000] {logging_mixin.py:188} INFO - [2025-04-27T19:20:07.421+0000] {dag.py:3823} INFO - Setting next_dagrun for clean_orders_csv_dag to None, run_after=None
[2025-04-27T19:20:07.471+0000] {processor.py:183} INFO - Processing /opt/airflow/dags/transform_orders_dag.py took 0.370 seconds
[2025-04-27T19:20:37.651+0000] {processor.py:161} INFO - Started process (PID=1098) to work on /opt/airflow/dags/transform_orders_dag.py
[2025-04-27T19:20:37.651+0000] {processor.py:830} INFO - Processing file /opt/airflow/dags/transform_orders_dag.py for tasks to queue
[2025-04-27T19:20:37.652+0000] {logging_mixin.py:188} INFO - [2025-04-27T19:20:37.652+0000] {dagbag.py:538} INFO - Filling up the DagBag from /opt/airflow/dags/transform_orders_dag.py
[2025-04-27T19:20:38.028+0000] {processor.py:840} INFO - DAG(s) 'clean_orders_csv_dag' retrieved from /opt/airflow/dags/transform_orders_dag.py
[2025-04-27T19:20:38.055+0000] {logging_mixin.py:188} INFO - [2025-04-27T19:20:38.054+0000] {dag.py:3036} INFO - Sync 1 DAGs
[2025-04-27T19:20:38.067+0000] {logging_mixin.py:188} INFO - [2025-04-27T19:20:38.067+0000] {dag.py:3823} INFO - Setting next_dagrun for clean_orders_csv_dag to None, run_after=None
[2025-04-27T19:20:38.091+0000] {processor.py:183} INFO - Processing /opt/airflow/dags/transform_orders_dag.py took 0.443 seconds
[2025-04-27T19:21:08.873+0000] {processor.py:161} INFO - Started process (PID=1141) to work on /opt/airflow/dags/transform_orders_dag.py
[2025-04-27T19:21:08.874+0000] {processor.py:830} INFO - Processing file /opt/airflow/dags/transform_orders_dag.py for tasks to queue
[2025-04-27T19:21:08.875+0000] {logging_mixin.py:188} INFO - [2025-04-27T19:21:08.875+0000] {dagbag.py:538} INFO - Filling up the DagBag from /opt/airflow/dags/transform_orders_dag.py
[2025-04-27T19:21:09.126+0000] {processor.py:840} INFO - DAG(s) 'clean_orders_csv_dag' retrieved from /opt/airflow/dags/transform_orders_dag.py
[2025-04-27T19:21:09.149+0000] {logging_mixin.py:188} INFO - [2025-04-27T19:21:09.149+0000] {dag.py:3036} INFO - Sync 1 DAGs
[2025-04-27T19:21:09.161+0000] {logging_mixin.py:188} INFO - [2025-04-27T19:21:09.161+0000] {dag.py:3823} INFO - Setting next_dagrun for clean_orders_csv_dag to None, run_after=None
[2025-04-27T19:21:09.185+0000] {processor.py:183} INFO - Processing /opt/airflow/dags/transform_orders_dag.py took 0.315 seconds
[2025-04-27T19:41:26.140+0000] {processor.py:161} INFO - Started process (PID=1185) to work on /opt/airflow/dags/transform_orders_dag.py
[2025-04-27T19:41:26.143+0000] {processor.py:830} INFO - Processing file /opt/airflow/dags/transform_orders_dag.py for tasks to queue
[2025-04-27T19:41:26.145+0000] {logging_mixin.py:188} INFO - [2025-04-27T19:41:26.144+0000] {dagbag.py:538} INFO - Filling up the DagBag from /opt/airflow/dags/transform_orders_dag.py
[2025-04-27T19:41:26.791+0000] {processor.py:840} INFO - DAG(s) 'clean_orders_csv_dag' retrieved from /opt/airflow/dags/transform_orders_dag.py
[2025-04-27T19:41:26.865+0000] {logging_mixin.py:188} INFO - [2025-04-27T19:41:26.864+0000] {dag.py:3036} INFO - Sync 1 DAGs
[2025-04-27T19:41:26.894+0000] {logging_mixin.py:188} INFO - [2025-04-27T19:41:26.893+0000] {dag.py:3823} INFO - Setting next_dagrun for clean_orders_csv_dag to None, run_after=None
[2025-04-27T19:41:26.949+0000] {processor.py:183} INFO - Processing /opt/airflow/dags/transform_orders_dag.py took 0.819 seconds
[2025-04-27T19:41:57.247+0000] {processor.py:161} INFO - Started process (PID=1230) to work on /opt/airflow/dags/transform_orders_dag.py
[2025-04-27T19:41:57.248+0000] {processor.py:830} INFO - Processing file /opt/airflow/dags/transform_orders_dag.py for tasks to queue
[2025-04-27T19:41:57.249+0000] {logging_mixin.py:188} INFO - [2025-04-27T19:41:57.249+0000] {dagbag.py:538} INFO - Filling up the DagBag from /opt/airflow/dags/transform_orders_dag.py
[2025-04-27T19:41:57.560+0000] {processor.py:840} INFO - DAG(s) 'clean_orders_csv_dag' retrieved from /opt/airflow/dags/transform_orders_dag.py
[2025-04-27T19:41:57.581+0000] {logging_mixin.py:188} INFO - [2025-04-27T19:41:57.580+0000] {dag.py:3036} INFO - Sync 1 DAGs
[2025-04-27T19:41:57.591+0000] {logging_mixin.py:188} INFO - [2025-04-27T19:41:57.591+0000] {dag.py:3823} INFO - Setting next_dagrun for clean_orders_csv_dag to None, run_after=None
[2025-04-27T19:41:57.622+0000] {processor.py:183} INFO - Processing /opt/airflow/dags/transform_orders_dag.py took 0.378 seconds
[2025-04-27T19:42:27.849+0000] {processor.py:161} INFO - Started process (PID=1271) to work on /opt/airflow/dags/transform_orders_dag.py
[2025-04-27T19:42:27.851+0000] {processor.py:830} INFO - Processing file /opt/airflow/dags/transform_orders_dag.py for tasks to queue
[2025-04-27T19:42:27.852+0000] {logging_mixin.py:188} INFO - [2025-04-27T19:42:27.852+0000] {dagbag.py:538} INFO - Filling up the DagBag from /opt/airflow/dags/transform_orders_dag.py
[2025-04-27T19:42:28.193+0000] {processor.py:840} INFO - DAG(s) 'clean_orders_csv_dag' retrieved from /opt/airflow/dags/transform_orders_dag.py
[2025-04-27T19:42:28.217+0000] {logging_mixin.py:188} INFO - [2025-04-27T19:42:28.217+0000] {dag.py:3036} INFO - Sync 1 DAGs
[2025-04-27T19:42:28.229+0000] {logging_mixin.py:188} INFO - [2025-04-27T19:42:28.229+0000] {dag.py:3823} INFO - Setting next_dagrun for clean_orders_csv_dag to None, run_after=None
[2025-04-27T19:42:28.249+0000] {processor.py:183} INFO - Processing /opt/airflow/dags/transform_orders_dag.py took 0.404 seconds
[2025-04-27T19:42:58.434+0000] {processor.py:161} INFO - Started process (PID=1316) to work on /opt/airflow/dags/transform_orders_dag.py
[2025-04-27T19:42:58.435+0000] {processor.py:830} INFO - Processing file /opt/airflow/dags/transform_orders_dag.py for tasks to queue
[2025-04-27T19:42:58.437+0000] {logging_mixin.py:188} INFO - [2025-04-27T19:42:58.436+0000] {dagbag.py:538} INFO - Filling up the DagBag from /opt/airflow/dags/transform_orders_dag.py
[2025-04-27T19:42:58.843+0000] {processor.py:840} INFO - DAG(s) 'clean_orders_csv_dag' retrieved from /opt/airflow/dags/transform_orders_dag.py
[2025-04-27T19:42:58.871+0000] {logging_mixin.py:188} INFO - [2025-04-27T19:42:58.870+0000] {dag.py:3036} INFO - Sync 1 DAGs
[2025-04-27T19:42:58.884+0000] {logging_mixin.py:188} INFO - [2025-04-27T19:42:58.884+0000] {dag.py:3823} INFO - Setting next_dagrun for clean_orders_csv_dag to None, run_after=None
[2025-04-27T19:42:58.910+0000] {processor.py:183} INFO - Processing /opt/airflow/dags/transform_orders_dag.py took 0.479 seconds
[2025-04-27T19:43:29.093+0000] {processor.py:161} INFO - Started process (PID=1362) to work on /opt/airflow/dags/transform_orders_dag.py
[2025-04-27T19:43:29.095+0000] {processor.py:830} INFO - Processing file /opt/airflow/dags/transform_orders_dag.py for tasks to queue
[2025-04-27T19:43:29.097+0000] {logging_mixin.py:188} INFO - [2025-04-27T19:43:29.097+0000] {dagbag.py:538} INFO - Filling up the DagBag from /opt/airflow/dags/transform_orders_dag.py
[2025-04-27T19:43:29.356+0000] {processor.py:840} INFO - DAG(s) 'clean_orders_csv_dag' retrieved from /opt/airflow/dags/transform_orders_dag.py
[2025-04-27T19:43:29.379+0000] {logging_mixin.py:188} INFO - [2025-04-27T19:43:29.379+0000] {dag.py:3036} INFO - Sync 1 DAGs
[2025-04-27T19:43:29.391+0000] {logging_mixin.py:188} INFO - [2025-04-27T19:43:29.391+0000] {dag.py:3823} INFO - Setting next_dagrun for clean_orders_csv_dag to None, run_after=None
[2025-04-27T19:43:29.409+0000] {processor.py:183} INFO - Processing /opt/airflow/dags/transform_orders_dag.py took 0.319 seconds
[2025-04-27T19:43:59.511+0000] {processor.py:161} INFO - Started process (PID=1407) to work on /opt/airflow/dags/transform_orders_dag.py
[2025-04-27T19:43:59.512+0000] {processor.py:830} INFO - Processing file /opt/airflow/dags/transform_orders_dag.py for tasks to queue
[2025-04-27T19:43:59.513+0000] {logging_mixin.py:188} INFO - [2025-04-27T19:43:59.513+0000] {dagbag.py:538} INFO - Filling up the DagBag from /opt/airflow/dags/transform_orders_dag.py
[2025-04-27T19:43:59.735+0000] {processor.py:840} INFO - DAG(s) 'clean_orders_csv_dag' retrieved from /opt/airflow/dags/transform_orders_dag.py
[2025-04-27T19:43:59.756+0000] {logging_mixin.py:188} INFO - [2025-04-27T19:43:59.755+0000] {dag.py:3036} INFO - Sync 1 DAGs
[2025-04-27T19:43:59.765+0000] {logging_mixin.py:188} INFO - [2025-04-27T19:43:59.764+0000] {dag.py:3823} INFO - Setting next_dagrun for clean_orders_csv_dag to None, run_after=None
[2025-04-27T19:43:59.778+0000] {processor.py:183} INFO - Processing /opt/airflow/dags/transform_orders_dag.py took 0.270 seconds
[2025-04-27T19:44:29.963+0000] {processor.py:161} INFO - Started process (PID=1450) to work on /opt/airflow/dags/transform_orders_dag.py
[2025-04-27T19:44:29.964+0000] {processor.py:830} INFO - Processing file /opt/airflow/dags/transform_orders_dag.py for tasks to queue
[2025-04-27T19:44:29.965+0000] {logging_mixin.py:188} INFO - [2025-04-27T19:44:29.964+0000] {dagbag.py:538} INFO - Filling up the DagBag from /opt/airflow/dags/transform_orders_dag.py
[2025-04-27T19:44:30.198+0000] {processor.py:840} INFO - DAG(s) 'clean_orders_csv_dag' retrieved from /opt/airflow/dags/transform_orders_dag.py
[2025-04-27T19:44:30.217+0000] {logging_mixin.py:188} INFO - [2025-04-27T19:44:30.217+0000] {dag.py:3036} INFO - Sync 1 DAGs
[2025-04-27T19:44:30.225+0000] {logging_mixin.py:188} INFO - [2025-04-27T19:44:30.224+0000] {dag.py:3823} INFO - Setting next_dagrun for clean_orders_csv_dag to None, run_after=None
[2025-04-27T19:44:30.239+0000] {processor.py:183} INFO - Processing /opt/airflow/dags/transform_orders_dag.py took 0.280 seconds
[2025-04-27T19:45:00.348+0000] {processor.py:161} INFO - Started process (PID=1491) to work on /opt/airflow/dags/transform_orders_dag.py
[2025-04-27T19:45:00.349+0000] {processor.py:830} INFO - Processing file /opt/airflow/dags/transform_orders_dag.py for tasks to queue
[2025-04-27T19:45:00.350+0000] {logging_mixin.py:188} INFO - [2025-04-27T19:45:00.350+0000] {dagbag.py:538} INFO - Filling up the DagBag from /opt/airflow/dags/transform_orders_dag.py
[2025-04-27T19:45:00.600+0000] {processor.py:840} INFO - DAG(s) 'clean_orders_csv_dag' retrieved from /opt/airflow/dags/transform_orders_dag.py
[2025-04-27T19:45:00.643+0000] {logging_mixin.py:188} INFO - [2025-04-27T19:45:00.642+0000] {dag.py:3036} INFO - Sync 1 DAGs
[2025-04-27T19:45:00.662+0000] {logging_mixin.py:188} INFO - [2025-04-27T19:45:00.661+0000] {dag.py:3823} INFO - Setting next_dagrun for clean_orders_csv_dag to None, run_after=None
[2025-04-27T19:45:00.701+0000] {processor.py:183} INFO - Processing /opt/airflow/dags/transform_orders_dag.py took 0.356 seconds
[2025-04-27T19:45:31.073+0000] {processor.py:161} INFO - Started process (PID=1536) to work on /opt/airflow/dags/transform_orders_dag.py
[2025-04-27T19:45:31.075+0000] {processor.py:830} INFO - Processing file /opt/airflow/dags/transform_orders_dag.py for tasks to queue
[2025-04-27T19:45:31.075+0000] {logging_mixin.py:188} INFO - [2025-04-27T19:45:31.075+0000] {dagbag.py:538} INFO - Filling up the DagBag from /opt/airflow/dags/transform_orders_dag.py
[2025-04-27T19:45:31.305+0000] {processor.py:840} INFO - DAG(s) 'clean_orders_csv_dag' retrieved from /opt/airflow/dags/transform_orders_dag.py
[2025-04-27T19:45:31.325+0000] {logging_mixin.py:188} INFO - [2025-04-27T19:45:31.324+0000] {dag.py:3036} INFO - Sync 1 DAGs
[2025-04-27T19:45:31.333+0000] {logging_mixin.py:188} INFO - [2025-04-27T19:45:31.333+0000] {dag.py:3823} INFO - Setting next_dagrun for clean_orders_csv_dag to None, run_after=None
[2025-04-27T19:45:31.352+0000] {processor.py:183} INFO - Processing /opt/airflow/dags/transform_orders_dag.py took 0.281 seconds
[2025-04-27T19:46:01.670+0000] {processor.py:161} INFO - Started process (PID=1579) to work on /opt/airflow/dags/transform_orders_dag.py
[2025-04-27T19:46:01.671+0000] {processor.py:830} INFO - Processing file /opt/airflow/dags/transform_orders_dag.py for tasks to queue
[2025-04-27T19:46:01.672+0000] {logging_mixin.py:188} INFO - [2025-04-27T19:46:01.671+0000] {dagbag.py:538} INFO - Filling up the DagBag from /opt/airflow/dags/transform_orders_dag.py
[2025-04-27T19:46:01.978+0000] {processor.py:840} INFO - DAG(s) 'clean_orders_csv_dag' retrieved from /opt/airflow/dags/transform_orders_dag.py
[2025-04-27T19:46:02.004+0000] {logging_mixin.py:188} INFO - [2025-04-27T19:46:02.003+0000] {dag.py:3036} INFO - Sync 1 DAGs
[2025-04-27T19:46:02.015+0000] {logging_mixin.py:188} INFO - [2025-04-27T19:46:02.014+0000] {dag.py:3823} INFO - Setting next_dagrun for clean_orders_csv_dag to None, run_after=None
[2025-04-27T19:46:02.035+0000] {processor.py:183} INFO - Processing /opt/airflow/dags/transform_orders_dag.py took 0.368 seconds
[2025-04-27T19:46:32.586+0000] {processor.py:161} INFO - Started process (PID=1620) to work on /opt/airflow/dags/transform_orders_dag.py
[2025-04-27T19:46:32.587+0000] {processor.py:830} INFO - Processing file /opt/airflow/dags/transform_orders_dag.py for tasks to queue
[2025-04-27T19:46:32.588+0000] {logging_mixin.py:188} INFO - [2025-04-27T19:46:32.588+0000] {dagbag.py:538} INFO - Filling up the DagBag from /opt/airflow/dags/transform_orders_dag.py
[2025-04-27T19:46:32.856+0000] {processor.py:840} INFO - DAG(s) 'clean_orders_csv_dag' retrieved from /opt/airflow/dags/transform_orders_dag.py
[2025-04-27T19:46:32.883+0000] {logging_mixin.py:188} INFO - [2025-04-27T19:46:32.883+0000] {dag.py:3036} INFO - Sync 1 DAGs
[2025-04-27T19:46:32.894+0000] {logging_mixin.py:188} INFO - [2025-04-27T19:46:32.894+0000] {dag.py:3823} INFO - Setting next_dagrun for clean_orders_csv_dag to None, run_after=None
[2025-04-27T19:46:32.913+0000] {processor.py:183} INFO - Processing /opt/airflow/dags/transform_orders_dag.py took 0.330 seconds
[2025-04-27T19:47:03.048+0000] {processor.py:161} INFO - Started process (PID=1665) to work on /opt/airflow/dags/transform_orders_dag.py
[2025-04-27T19:47:03.049+0000] {processor.py:830} INFO - Processing file /opt/airflow/dags/transform_orders_dag.py for tasks to queue
[2025-04-27T19:47:03.050+0000] {logging_mixin.py:188} INFO - [2025-04-27T19:47:03.050+0000] {dagbag.py:538} INFO - Filling up the DagBag from /opt/airflow/dags/transform_orders_dag.py
[2025-04-27T19:47:03.357+0000] {processor.py:840} INFO - DAG(s) 'clean_orders_csv_dag' retrieved from /opt/airflow/dags/transform_orders_dag.py
[2025-04-27T19:47:03.383+0000] {logging_mixin.py:188} INFO - [2025-04-27T19:47:03.383+0000] {dag.py:3036} INFO - Sync 1 DAGs
[2025-04-27T19:47:03.396+0000] {logging_mixin.py:188} INFO - [2025-04-27T19:47:03.396+0000] {dag.py:3823} INFO - Setting next_dagrun for clean_orders_csv_dag to None, run_after=None
[2025-04-27T19:47:03.419+0000] {processor.py:183} INFO - Processing /opt/airflow/dags/transform_orders_dag.py took 0.373 seconds
[2025-04-27T19:47:33.636+0000] {processor.py:161} INFO - Started process (PID=1708) to work on /opt/airflow/dags/transform_orders_dag.py
[2025-04-27T19:47:33.638+0000] {processor.py:830} INFO - Processing file /opt/airflow/dags/transform_orders_dag.py for tasks to queue
[2025-04-27T19:47:33.638+0000] {logging_mixin.py:188} INFO - [2025-04-27T19:47:33.638+0000] {dagbag.py:538} INFO - Filling up the DagBag from /opt/airflow/dags/transform_orders_dag.py
[2025-04-27T19:47:33.869+0000] {processor.py:840} INFO - DAG(s) 'clean_orders_csv_dag' retrieved from /opt/airflow/dags/transform_orders_dag.py
[2025-04-27T19:47:33.890+0000] {logging_mixin.py:188} INFO - [2025-04-27T19:47:33.890+0000] {dag.py:3036} INFO - Sync 1 DAGs
[2025-04-27T19:47:33.900+0000] {logging_mixin.py:188} INFO - [2025-04-27T19:47:33.900+0000] {dag.py:3823} INFO - Setting next_dagrun for clean_orders_csv_dag to None, run_after=None
[2025-04-27T19:47:33.914+0000] {processor.py:183} INFO - Processing /opt/airflow/dags/transform_orders_dag.py took 0.280 seconds
[2025-04-27T19:48:04.057+0000] {processor.py:161} INFO - Started process (PID=1749) to work on /opt/airflow/dags/transform_orders_dag.py
[2025-04-27T19:48:04.058+0000] {processor.py:830} INFO - Processing file /opt/airflow/dags/transform_orders_dag.py for tasks to queue
[2025-04-27T19:48:04.059+0000] {logging_mixin.py:188} INFO - [2025-04-27T19:48:04.058+0000] {dagbag.py:538} INFO - Filling up the DagBag from /opt/airflow/dags/transform_orders_dag.py
[2025-04-27T19:48:04.303+0000] {processor.py:840} INFO - DAG(s) 'clean_orders_csv_dag' retrieved from /opt/airflow/dags/transform_orders_dag.py
[2025-04-27T19:48:04.319+0000] {logging_mixin.py:188} INFO - [2025-04-27T19:48:04.319+0000] {dag.py:3036} INFO - Sync 1 DAGs
[2025-04-27T19:48:04.330+0000] {logging_mixin.py:188} INFO - [2025-04-27T19:48:04.330+0000] {dag.py:3823} INFO - Setting next_dagrun for clean_orders_csv_dag to None, run_after=None
[2025-04-27T19:48:04.351+0000] {processor.py:183} INFO - Processing /opt/airflow/dags/transform_orders_dag.py took 0.297 seconds
[2025-04-27T19:48:34.416+0000] {processor.py:161} INFO - Started process (PID=1792) to work on /opt/airflow/dags/transform_orders_dag.py
[2025-04-27T19:48:34.417+0000] {processor.py:830} INFO - Processing file /opt/airflow/dags/transform_orders_dag.py for tasks to queue
[2025-04-27T19:48:34.418+0000] {logging_mixin.py:188} INFO - [2025-04-27T19:48:34.418+0000] {dagbag.py:538} INFO - Filling up the DagBag from /opt/airflow/dags/transform_orders_dag.py
[2025-04-27T19:48:34.680+0000] {processor.py:840} INFO - DAG(s) 'clean_orders_csv_dag' retrieved from /opt/airflow/dags/transform_orders_dag.py
[2025-04-27T19:48:34.704+0000] {logging_mixin.py:188} INFO - [2025-04-27T19:48:34.704+0000] {dag.py:3036} INFO - Sync 1 DAGs
[2025-04-27T19:48:34.715+0000] {logging_mixin.py:188} INFO - [2025-04-27T19:48:34.715+0000] {dag.py:3823} INFO - Setting next_dagrun for clean_orders_csv_dag to None, run_after=None
[2025-04-27T19:48:34.736+0000] {processor.py:183} INFO - Processing /opt/airflow/dags/transform_orders_dag.py took 0.323 seconds
[2025-04-27T19:49:04.791+0000] {processor.py:161} INFO - Started process (PID=1834) to work on /opt/airflow/dags/transform_orders_dag.py
[2025-04-27T19:49:04.792+0000] {processor.py:830} INFO - Processing file /opt/airflow/dags/transform_orders_dag.py for tasks to queue
[2025-04-27T19:49:04.794+0000] {logging_mixin.py:188} INFO - [2025-04-27T19:49:04.793+0000] {dagbag.py:538} INFO - Filling up the DagBag from /opt/airflow/dags/transform_orders_dag.py
[2025-04-27T19:49:05.034+0000] {processor.py:840} INFO - DAG(s) 'clean_orders_csv_dag' retrieved from /opt/airflow/dags/transform_orders_dag.py
[2025-04-27T19:49:05.055+0000] {logging_mixin.py:188} INFO - [2025-04-27T19:49:05.055+0000] {dag.py:3036} INFO - Sync 1 DAGs
[2025-04-27T19:49:05.066+0000] {logging_mixin.py:188} INFO - [2025-04-27T19:49:05.065+0000] {dag.py:3823} INFO - Setting next_dagrun for clean_orders_csv_dag to None, run_after=None
[2025-04-27T19:49:05.089+0000] {processor.py:183} INFO - Processing /opt/airflow/dags/transform_orders_dag.py took 0.301 seconds
[2025-04-27T19:49:35.718+0000] {processor.py:161} INFO - Started process (PID=1878) to work on /opt/airflow/dags/transform_orders_dag.py
[2025-04-27T19:49:35.719+0000] {processor.py:830} INFO - Processing file /opt/airflow/dags/transform_orders_dag.py for tasks to queue
[2025-04-27T19:49:35.720+0000] {logging_mixin.py:188} INFO - [2025-04-27T19:49:35.720+0000] {dagbag.py:538} INFO - Filling up the DagBag from /opt/airflow/dags/transform_orders_dag.py
[2025-04-27T19:49:36.008+0000] {processor.py:840} INFO - DAG(s) 'clean_orders_csv_dag' retrieved from /opt/airflow/dags/transform_orders_dag.py
[2025-04-27T19:49:36.027+0000] {logging_mixin.py:188} INFO - [2025-04-27T19:49:36.026+0000] {dag.py:3036} INFO - Sync 1 DAGs
[2025-04-27T19:49:36.036+0000] {logging_mixin.py:188} INFO - [2025-04-27T19:49:36.036+0000] {dag.py:3823} INFO - Setting next_dagrun for clean_orders_csv_dag to None, run_after=None
[2025-04-27T19:49:36.055+0000] {processor.py:183} INFO - Processing /opt/airflow/dags/transform_orders_dag.py took 0.342 seconds
[2025-04-27T19:50:06.315+0000] {processor.py:161} INFO - Started process (PID=1923) to work on /opt/airflow/dags/transform_orders_dag.py
[2025-04-27T19:50:06.316+0000] {processor.py:830} INFO - Processing file /opt/airflow/dags/transform_orders_dag.py for tasks to queue
[2025-04-27T19:50:06.317+0000] {logging_mixin.py:188} INFO - [2025-04-27T19:50:06.317+0000] {dagbag.py:538} INFO - Filling up the DagBag from /opt/airflow/dags/transform_orders_dag.py
[2025-04-27T19:50:06.587+0000] {processor.py:840} INFO - DAG(s) 'clean_orders_csv_dag' retrieved from /opt/airflow/dags/transform_orders_dag.py
[2025-04-27T19:50:06.622+0000] {logging_mixin.py:188} INFO - [2025-04-27T19:50:06.621+0000] {dag.py:3036} INFO - Sync 1 DAGs
[2025-04-27T19:50:06.637+0000] {logging_mixin.py:188} INFO - [2025-04-27T19:50:06.637+0000] {dag.py:3823} INFO - Setting next_dagrun for clean_orders_csv_dag to None, run_after=None
[2025-04-27T19:50:06.662+0000] {processor.py:183} INFO - Processing /opt/airflow/dags/transform_orders_dag.py took 0.349 seconds
[2025-04-27T19:50:37.272+0000] {processor.py:161} INFO - Started process (PID=1966) to work on /opt/airflow/dags/transform_orders_dag.py
[2025-04-27T19:50:37.273+0000] {processor.py:830} INFO - Processing file /opt/airflow/dags/transform_orders_dag.py for tasks to queue
[2025-04-27T19:50:37.275+0000] {logging_mixin.py:188} INFO - [2025-04-27T19:50:37.274+0000] {dagbag.py:538} INFO - Filling up the DagBag from /opt/airflow/dags/transform_orders_dag.py
[2025-04-27T19:50:37.716+0000] {processor.py:840} INFO - DAG(s) 'clean_orders_csv_dag' retrieved from /opt/airflow/dags/transform_orders_dag.py
[2025-04-27T19:50:37.755+0000] {logging_mixin.py:188} INFO - [2025-04-27T19:50:37.755+0000] {dag.py:3036} INFO - Sync 1 DAGs
[2025-04-27T19:50:37.781+0000] {logging_mixin.py:188} INFO - [2025-04-27T19:50:37.781+0000] {dag.py:3823} INFO - Setting next_dagrun for clean_orders_csv_dag to None, run_after=None
[2025-04-27T19:50:37.824+0000] {processor.py:183} INFO - Processing /opt/airflow/dags/transform_orders_dag.py took 0.555 seconds
[2025-04-27T19:51:08.066+0000] {processor.py:161} INFO - Started process (PID=2001) to work on /opt/airflow/dags/transform_orders_dag.py
[2025-04-27T19:51:08.067+0000] {processor.py:830} INFO - Processing file /opt/airflow/dags/transform_orders_dag.py for tasks to queue
[2025-04-27T19:51:08.068+0000] {logging_mixin.py:188} INFO - [2025-04-27T19:51:08.068+0000] {dagbag.py:538} INFO - Filling up the DagBag from /opt/airflow/dags/transform_orders_dag.py
[2025-04-27T19:51:08.562+0000] {processor.py:840} INFO - DAG(s) 'clean_orders_csv_dag' retrieved from /opt/airflow/dags/transform_orders_dag.py
[2025-04-27T19:51:08.626+0000] {logging_mixin.py:188} INFO - [2025-04-27T19:51:08.625+0000] {dag.py:3036} INFO - Sync 1 DAGs
[2025-04-27T19:51:08.663+0000] {logging_mixin.py:188} INFO - [2025-04-27T19:51:08.662+0000] {dag.py:3823} INFO - Setting next_dagrun for clean_orders_csv_dag to None, run_after=None
[2025-04-27T19:51:08.717+0000] {processor.py:183} INFO - Processing /opt/airflow/dags/transform_orders_dag.py took 0.654 seconds
[2025-04-27T19:51:39.426+0000] {processor.py:161} INFO - Started process (PID=2044) to work on /opt/airflow/dags/transform_orders_dag.py
[2025-04-27T19:51:39.428+0000] {processor.py:830} INFO - Processing file /opt/airflow/dags/transform_orders_dag.py for tasks to queue
[2025-04-27T19:51:39.429+0000] {logging_mixin.py:188} INFO - [2025-04-27T19:51:39.428+0000] {dagbag.py:538} INFO - Filling up the DagBag from /opt/airflow/dags/transform_orders_dag.py
[2025-04-27T19:51:39.673+0000] {processor.py:840} INFO - DAG(s) 'clean_orders_csv_dag' retrieved from /opt/airflow/dags/transform_orders_dag.py
[2025-04-27T19:51:39.698+0000] {logging_mixin.py:188} INFO - [2025-04-27T19:51:39.698+0000] {dag.py:3036} INFO - Sync 1 DAGs
[2025-04-27T19:51:39.709+0000] {logging_mixin.py:188} INFO - [2025-04-27T19:51:39.708+0000] {dag.py:3823} INFO - Setting next_dagrun for clean_orders_csv_dag to None, run_after=None
[2025-04-27T19:51:39.730+0000] {processor.py:183} INFO - Processing /opt/airflow/dags/transform_orders_dag.py took 0.306 seconds
[2025-04-27T19:52:09.978+0000] {processor.py:161} INFO - Started process (PID=2087) to work on /opt/airflow/dags/transform_orders_dag.py
[2025-04-27T19:52:09.981+0000] {processor.py:830} INFO - Processing file /opt/airflow/dags/transform_orders_dag.py for tasks to queue
[2025-04-27T19:52:09.984+0000] {logging_mixin.py:188} INFO - [2025-04-27T19:52:09.983+0000] {dagbag.py:538} INFO - Filling up the DagBag from /opt/airflow/dags/transform_orders_dag.py
[2025-04-27T19:52:10.547+0000] {processor.py:840} INFO - DAG(s) 'clean_orders_csv_dag' retrieved from /opt/airflow/dags/transform_orders_dag.py
[2025-04-27T19:52:10.612+0000] {logging_mixin.py:188} INFO - [2025-04-27T19:52:10.612+0000] {dag.py:3036} INFO - Sync 1 DAGs
[2025-04-27T19:52:10.649+0000] {logging_mixin.py:188} INFO - [2025-04-27T19:52:10.649+0000] {dag.py:3823} INFO - Setting next_dagrun for clean_orders_csv_dag to None, run_after=None
[2025-04-27T19:52:10.710+0000] {processor.py:183} INFO - Processing /opt/airflow/dags/transform_orders_dag.py took 0.739 seconds
[2025-04-27T19:52:41.174+0000] {processor.py:161} INFO - Started process (PID=2133) to work on /opt/airflow/dags/transform_orders_dag.py
[2025-04-27T19:52:41.175+0000] {processor.py:830} INFO - Processing file /opt/airflow/dags/transform_orders_dag.py for tasks to queue
[2025-04-27T19:52:41.177+0000] {logging_mixin.py:188} INFO - [2025-04-27T19:52:41.176+0000] {dagbag.py:538} INFO - Filling up the DagBag from /opt/airflow/dags/transform_orders_dag.py
[2025-04-27T19:52:41.431+0000] {processor.py:840} INFO - DAG(s) 'clean_orders_csv_dag' retrieved from /opt/airflow/dags/transform_orders_dag.py
[2025-04-27T19:52:41.448+0000] {logging_mixin.py:188} INFO - [2025-04-27T19:52:41.448+0000] {dag.py:3036} INFO - Sync 1 DAGs
[2025-04-27T19:52:41.457+0000] {logging_mixin.py:188} INFO - [2025-04-27T19:52:41.456+0000] {dag.py:3823} INFO - Setting next_dagrun for clean_orders_csv_dag to None, run_after=None
[2025-04-27T19:52:41.475+0000] {processor.py:183} INFO - Processing /opt/airflow/dags/transform_orders_dag.py took 0.305 seconds
[2025-04-27T19:53:11.711+0000] {processor.py:161} INFO - Started process (PID=2179) to work on /opt/airflow/dags/transform_orders_dag.py
[2025-04-27T19:53:11.713+0000] {processor.py:830} INFO - Processing file /opt/airflow/dags/transform_orders_dag.py for tasks to queue
[2025-04-27T19:53:11.716+0000] {logging_mixin.py:188} INFO - [2025-04-27T19:53:11.714+0000] {dagbag.py:538} INFO - Filling up the DagBag from /opt/airflow/dags/transform_orders_dag.py
[2025-04-27T19:53:12.155+0000] {processor.py:840} INFO - DAG(s) 'clean_orders_csv_dag' retrieved from /opt/airflow/dags/transform_orders_dag.py
[2025-04-27T19:53:12.183+0000] {logging_mixin.py:188} INFO - [2025-04-27T19:53:12.183+0000] {dag.py:3036} INFO - Sync 1 DAGs
[2025-04-27T19:53:12.200+0000] {logging_mixin.py:188} INFO - [2025-04-27T19:53:12.200+0000] {dag.py:3823} INFO - Setting next_dagrun for clean_orders_csv_dag to None, run_after=None
[2025-04-27T19:53:12.227+0000] {processor.py:183} INFO - Processing /opt/airflow/dags/transform_orders_dag.py took 0.520 seconds
[2025-04-27T19:53:42.454+0000] {processor.py:161} INFO - Started process (PID=2224) to work on /opt/airflow/dags/transform_orders_dag.py
[2025-04-27T19:53:42.457+0000] {processor.py:830} INFO - Processing file /opt/airflow/dags/transform_orders_dag.py for tasks to queue
[2025-04-27T19:53:42.458+0000] {logging_mixin.py:188} INFO - [2025-04-27T19:53:42.458+0000] {dagbag.py:538} INFO - Filling up the DagBag from /opt/airflow/dags/transform_orders_dag.py
[2025-04-27T19:53:42.904+0000] {processor.py:840} INFO - DAG(s) 'clean_orders_csv_dag' retrieved from /opt/airflow/dags/transform_orders_dag.py
[2025-04-27T19:53:42.936+0000] {logging_mixin.py:188} INFO - [2025-04-27T19:53:42.936+0000] {dag.py:3036} INFO - Sync 1 DAGs
[2025-04-27T19:53:42.957+0000] {logging_mixin.py:188} INFO - [2025-04-27T19:53:42.957+0000] {dag.py:3823} INFO - Setting next_dagrun for clean_orders_csv_dag to None, run_after=None
[2025-04-27T19:53:42.999+0000] {processor.py:183} INFO - Processing /opt/airflow/dags/transform_orders_dag.py took 0.548 seconds
[2025-04-27T19:54:13.323+0000] {processor.py:161} INFO - Started process (PID=2264) to work on /opt/airflow/dags/transform_orders_dag.py
[2025-04-27T19:54:13.325+0000] {processor.py:830} INFO - Processing file /opt/airflow/dags/transform_orders_dag.py for tasks to queue
[2025-04-27T19:54:13.326+0000] {logging_mixin.py:188} INFO - [2025-04-27T19:54:13.326+0000] {dagbag.py:538} INFO - Filling up the DagBag from /opt/airflow/dags/transform_orders_dag.py
[2025-04-27T19:54:13.624+0000] {processor.py:840} INFO - DAG(s) 'clean_orders_csv_dag' retrieved from /opt/airflow/dags/transform_orders_dag.py
[2025-04-27T19:54:13.666+0000] {logging_mixin.py:188} INFO - [2025-04-27T19:54:13.666+0000] {dag.py:3036} INFO - Sync 1 DAGs
[2025-04-27T19:54:13.680+0000] {logging_mixin.py:188} INFO - [2025-04-27T19:54:13.679+0000] {dag.py:3823} INFO - Setting next_dagrun for clean_orders_csv_dag to None, run_after=None
[2025-04-27T19:54:13.703+0000] {processor.py:183} INFO - Processing /opt/airflow/dags/transform_orders_dag.py took 0.384 seconds
[2025-04-27T19:54:43.841+0000] {processor.py:161} INFO - Started process (PID=2307) to work on /opt/airflow/dags/transform_orders_dag.py
[2025-04-27T19:54:43.843+0000] {processor.py:830} INFO - Processing file /opt/airflow/dags/transform_orders_dag.py for tasks to queue
[2025-04-27T19:54:43.846+0000] {logging_mixin.py:188} INFO - [2025-04-27T19:54:43.845+0000] {dagbag.py:538} INFO - Filling up the DagBag from /opt/airflow/dags/transform_orders_dag.py
[2025-04-27T19:54:44.220+0000] {processor.py:840} INFO - DAG(s) 'clean_orders_csv_dag' retrieved from /opt/airflow/dags/transform_orders_dag.py
[2025-04-27T19:54:44.265+0000] {logging_mixin.py:188} INFO - [2025-04-27T19:54:44.264+0000] {dag.py:3036} INFO - Sync 1 DAGs
[2025-04-27T19:54:44.288+0000] {logging_mixin.py:188} INFO - [2025-04-27T19:54:44.287+0000] {dag.py:3823} INFO - Setting next_dagrun for clean_orders_csv_dag to None, run_after=None
[2025-04-27T19:54:44.328+0000] {processor.py:183} INFO - Processing /opt/airflow/dags/transform_orders_dag.py took 0.492 seconds
[2025-04-27T19:55:14.730+0000] {processor.py:161} INFO - Started process (PID=2350) to work on /opt/airflow/dags/transform_orders_dag.py
[2025-04-27T19:55:14.733+0000] {processor.py:830} INFO - Processing file /opt/airflow/dags/transform_orders_dag.py for tasks to queue
[2025-04-27T19:55:14.736+0000] {logging_mixin.py:188} INFO - [2025-04-27T19:55:14.735+0000] {dagbag.py:538} INFO - Filling up the DagBag from /opt/airflow/dags/transform_orders_dag.py
[2025-04-27T19:55:16.880+0000] {processor.py:840} INFO - DAG(s) 'clean_orders_csv_dag' retrieved from /opt/airflow/dags/transform_orders_dag.py
[2025-04-27T19:55:17.186+0000] {logging_mixin.py:188} INFO - [2025-04-27T19:55:17.184+0000] {dag.py:3036} INFO - Sync 1 DAGs
[2025-04-27T19:55:17.320+0000] {logging_mixin.py:188} INFO - [2025-04-27T19:55:17.320+0000] {dag.py:3823} INFO - Setting next_dagrun for clean_orders_csv_dag to None, run_after=None
[2025-04-27T19:55:17.484+0000] {processor.py:183} INFO - Processing /opt/airflow/dags/transform_orders_dag.py took 2.759 seconds
[2025-04-27T19:55:48.181+0000] {processor.py:161} INFO - Started process (PID=2393) to work on /opt/airflow/dags/transform_orders_dag.py
[2025-04-27T19:55:48.189+0000] {processor.py:830} INFO - Processing file /opt/airflow/dags/transform_orders_dag.py for tasks to queue
[2025-04-27T19:55:48.191+0000] {logging_mixin.py:188} INFO - [2025-04-27T19:55:48.190+0000] {dagbag.py:538} INFO - Filling up the DagBag from /opt/airflow/dags/transform_orders_dag.py
[2025-04-27T19:55:49.493+0000] {processor.py:840} INFO - DAG(s) 'clean_orders_csv_dag' retrieved from /opt/airflow/dags/transform_orders_dag.py
[2025-04-27T19:55:49.594+0000] {logging_mixin.py:188} INFO - [2025-04-27T19:55:49.594+0000] {dag.py:3036} INFO - Sync 1 DAGs
[2025-04-27T19:55:49.644+0000] {logging_mixin.py:188} INFO - [2025-04-27T19:55:49.643+0000] {dag.py:3823} INFO - Setting next_dagrun for clean_orders_csv_dag to None, run_after=None
[2025-04-27T19:55:49.735+0000] {processor.py:183} INFO - Processing /opt/airflow/dags/transform_orders_dag.py took 1.561 seconds
[2025-04-27T19:56:19.895+0000] {processor.py:161} INFO - Started process (PID=2436) to work on /opt/airflow/dags/transform_orders_dag.py
[2025-04-27T19:56:19.901+0000] {processor.py:830} INFO - Processing file /opt/airflow/dags/transform_orders_dag.py for tasks to queue
[2025-04-27T19:56:19.909+0000] {logging_mixin.py:188} INFO - [2025-04-27T19:56:19.906+0000] {dagbag.py:538} INFO - Filling up the DagBag from /opt/airflow/dags/transform_orders_dag.py
[2025-04-27T19:56:20.897+0000] {processor.py:840} INFO - DAG(s) 'clean_orders_csv_dag' retrieved from /opt/airflow/dags/transform_orders_dag.py
[2025-04-27T19:56:20.958+0000] {logging_mixin.py:188} INFO - [2025-04-27T19:56:20.957+0000] {dag.py:3036} INFO - Sync 1 DAGs
[2025-04-27T19:56:20.994+0000] {logging_mixin.py:188} INFO - [2025-04-27T19:56:20.994+0000] {dag.py:3823} INFO - Setting next_dagrun for clean_orders_csv_dag to None, run_after=None
[2025-04-27T19:56:21.044+0000] {processor.py:183} INFO - Processing /opt/airflow/dags/transform_orders_dag.py took 1.156 seconds
[2025-04-27T19:56:51.470+0000] {processor.py:161} INFO - Started process (PID=2479) to work on /opt/airflow/dags/transform_orders_dag.py
[2025-04-27T19:56:51.471+0000] {processor.py:830} INFO - Processing file /opt/airflow/dags/transform_orders_dag.py for tasks to queue
[2025-04-27T19:56:51.473+0000] {logging_mixin.py:188} INFO - [2025-04-27T19:56:51.472+0000] {dagbag.py:538} INFO - Filling up the DagBag from /opt/airflow/dags/transform_orders_dag.py
[2025-04-27T19:56:51.982+0000] {processor.py:840} INFO - DAG(s) 'clean_orders_csv_dag' retrieved from /opt/airflow/dags/transform_orders_dag.py
[2025-04-27T19:56:52.042+0000] {logging_mixin.py:188} INFO - [2025-04-27T19:56:52.041+0000] {dag.py:3036} INFO - Sync 1 DAGs
[2025-04-27T19:56:52.072+0000] {logging_mixin.py:188} INFO - [2025-04-27T19:56:52.072+0000] {dag.py:3823} INFO - Setting next_dagrun for clean_orders_csv_dag to None, run_after=None
[2025-04-27T19:56:52.113+0000] {processor.py:183} INFO - Processing /opt/airflow/dags/transform_orders_dag.py took 0.646 seconds
[2025-04-27T19:57:22.587+0000] {processor.py:161} INFO - Started process (PID=2522) to work on /opt/airflow/dags/transform_orders_dag.py
[2025-04-27T19:57:22.589+0000] {processor.py:830} INFO - Processing file /opt/airflow/dags/transform_orders_dag.py for tasks to queue
[2025-04-27T19:57:22.593+0000] {logging_mixin.py:188} INFO - [2025-04-27T19:57:22.591+0000] {dagbag.py:538} INFO - Filling up the DagBag from /opt/airflow/dags/transform_orders_dag.py
[2025-04-27T19:57:23.136+0000] {processor.py:840} INFO - DAG(s) 'clean_orders_csv_dag' retrieved from /opt/airflow/dags/transform_orders_dag.py
[2025-04-27T19:57:23.183+0000] {logging_mixin.py:188} INFO - [2025-04-27T19:57:23.182+0000] {dag.py:3036} INFO - Sync 1 DAGs
[2025-04-27T19:57:23.200+0000] {logging_mixin.py:188} INFO - [2025-04-27T19:57:23.200+0000] {dag.py:3823} INFO - Setting next_dagrun for clean_orders_csv_dag to None, run_after=None
[2025-04-27T19:57:23.234+0000] {processor.py:183} INFO - Processing /opt/airflow/dags/transform_orders_dag.py took 0.658 seconds
[2025-04-27T19:57:53.636+0000] {processor.py:161} INFO - Started process (PID=2565) to work on /opt/airflow/dags/transform_orders_dag.py
[2025-04-27T19:57:53.637+0000] {processor.py:830} INFO - Processing file /opt/airflow/dags/transform_orders_dag.py for tasks to queue
[2025-04-27T19:57:53.638+0000] {logging_mixin.py:188} INFO - [2025-04-27T19:57:53.638+0000] {dagbag.py:538} INFO - Filling up the DagBag from /opt/airflow/dags/transform_orders_dag.py
[2025-04-27T19:57:54.137+0000] {processor.py:840} INFO - DAG(s) 'clean_orders_csv_dag' retrieved from /opt/airflow/dags/transform_orders_dag.py
[2025-04-27T19:57:54.171+0000] {logging_mixin.py:188} INFO - [2025-04-27T19:57:54.171+0000] {dag.py:3036} INFO - Sync 1 DAGs
[2025-04-27T19:57:54.192+0000] {logging_mixin.py:188} INFO - [2025-04-27T19:57:54.191+0000] {dag.py:3823} INFO - Setting next_dagrun for clean_orders_csv_dag to None, run_after=None
[2025-04-27T19:57:54.225+0000] {processor.py:183} INFO - Processing /opt/airflow/dags/transform_orders_dag.py took 0.594 seconds
[2025-04-27T19:58:25.145+0000] {processor.py:161} INFO - Started process (PID=2672) to work on /opt/airflow/dags/transform_orders_dag.py
[2025-04-27T19:58:25.158+0000] {processor.py:830} INFO - Processing file /opt/airflow/dags/transform_orders_dag.py for tasks to queue
[2025-04-27T19:58:25.165+0000] {logging_mixin.py:188} INFO - [2025-04-27T19:58:25.162+0000] {dagbag.py:538} INFO - Filling up the DagBag from /opt/airflow/dags/transform_orders_dag.py
[2025-04-27T19:58:27.112+0000] {logging_mixin.py:188} INFO - [2025-04-27T19:58:27.112+0000] {process_utils.py:262} INFO - Waiting up to 5 seconds for processes to exit...
[2025-04-27T19:59:13.966+0000] {processor.py:161} INFO - Started process (PID=191) to work on /opt/airflow/dags/transform_orders_dag.py
[2025-04-27T19:59:13.968+0000] {processor.py:830} INFO - Processing file /opt/airflow/dags/transform_orders_dag.py for tasks to queue
[2025-04-27T19:59:13.970+0000] {logging_mixin.py:188} INFO - [2025-04-27T19:59:13.969+0000] {dagbag.py:538} INFO - Filling up the DagBag from /opt/airflow/dags/transform_orders_dag.py
[2025-04-27T19:59:14.645+0000] {processor.py:840} INFO - DAG(s) 'clean_orders_csv_dag' retrieved from /opt/airflow/dags/transform_orders_dag.py
[2025-04-27T19:59:14.707+0000] {logging_mixin.py:188} INFO - [2025-04-27T19:59:14.706+0000] {dag.py:3036} INFO - Sync 1 DAGs
[2025-04-27T19:59:14.743+0000] {logging_mixin.py:188} INFO - [2025-04-27T19:59:14.743+0000] {dag.py:3823} INFO - Setting next_dagrun for clean_orders_csv_dag to None, run_after=None
[2025-04-27T19:59:14.801+0000] {processor.py:183} INFO - Processing /opt/airflow/dags/transform_orders_dag.py took 0.838 seconds
[2025-04-27T20:03:55.204+0000] {processor.py:161} INFO - Started process (PID=225) to work on /opt/airflow/dags/transform_orders_dag.py
[2025-04-27T20:03:56.744+0000] {processor.py:830} INFO - Processing file /opt/airflow/dags/transform_orders_dag.py for tasks to queue
[2025-04-27T20:04:00.102+0000] {logging_mixin.py:188} INFO - [2025-04-27T20:03:58.494+0000] {dagbag.py:538} INFO - Filling up the DagBag from /opt/airflow/dags/transform_orders_dag.py
[2025-04-27T20:04:13.373+0000] {processor.py:840} INFO - DAG(s) 'clean_orders_csv_dag' retrieved from /opt/airflow/dags/transform_orders_dag.py
[2025-04-27T20:04:14.743+0000] {logging_mixin.py:188} INFO - [2025-04-27T20:04:14.743+0000] {dag.py:3036} INFO - Sync 1 DAGs
[2025-04-27T20:04:14.801+0000] {logging_mixin.py:188} INFO - [2025-04-27T20:04:14.801+0000] {dag.py:3823} INFO - Setting next_dagrun for clean_orders_csv_dag to None, run_after=None
[2025-04-27T20:04:14.892+0000] {processor.py:183} INFO - Processing /opt/airflow/dags/transform_orders_dag.py took 22.229 seconds
[2025-04-27T20:04:45.999+0000] {processor.py:161} INFO - Started process (PID=271) to work on /opt/airflow/dags/transform_orders_dag.py
[2025-04-27T20:04:46.001+0000] {processor.py:830} INFO - Processing file /opt/airflow/dags/transform_orders_dag.py for tasks to queue
[2025-04-27T20:04:46.004+0000] {logging_mixin.py:188} INFO - [2025-04-27T20:04:46.003+0000] {dagbag.py:538} INFO - Filling up the DagBag from /opt/airflow/dags/transform_orders_dag.py
[2025-04-27T20:04:46.612+0000] {processor.py:840} INFO - DAG(s) 'clean_orders_csv_dag' retrieved from /opt/airflow/dags/transform_orders_dag.py
[2025-04-27T20:04:46.661+0000] {logging_mixin.py:188} INFO - [2025-04-27T20:04:46.660+0000] {dag.py:3036} INFO - Sync 1 DAGs
[2025-04-27T20:04:46.699+0000] {logging_mixin.py:188} INFO - [2025-04-27T20:04:46.699+0000] {dag.py:3823} INFO - Setting next_dagrun for clean_orders_csv_dag to None, run_after=None
[2025-04-27T20:04:46.759+0000] {processor.py:183} INFO - Processing /opt/airflow/dags/transform_orders_dag.py took 0.767 seconds
[2025-04-27T20:05:17.424+0000] {processor.py:161} INFO - Started process (PID=314) to work on /opt/airflow/dags/transform_orders_dag.py
[2025-04-27T20:05:17.425+0000] {processor.py:830} INFO - Processing file /opt/airflow/dags/transform_orders_dag.py for tasks to queue
[2025-04-27T20:05:17.426+0000] {logging_mixin.py:188} INFO - [2025-04-27T20:05:17.426+0000] {dagbag.py:538} INFO - Filling up the DagBag from /opt/airflow/dags/transform_orders_dag.py
[2025-04-27T20:05:17.727+0000] {processor.py:840} INFO - DAG(s) 'clean_orders_csv_dag' retrieved from /opt/airflow/dags/transform_orders_dag.py
[2025-04-27T20:05:17.829+0000] {logging_mixin.py:188} INFO - [2025-04-27T20:05:17.828+0000] {dag.py:3036} INFO - Sync 1 DAGs
[2025-04-27T20:05:17.839+0000] {logging_mixin.py:188} INFO - [2025-04-27T20:05:17.838+0000] {dag.py:3823} INFO - Setting next_dagrun for clean_orders_csv_dag to None, run_after=None
[2025-04-27T20:05:17.859+0000] {processor.py:183} INFO - Processing /opt/airflow/dags/transform_orders_dag.py took 0.438 seconds
[2025-04-27T20:05:47.937+0000] {processor.py:161} INFO - Started process (PID=357) to work on /opt/airflow/dags/transform_orders_dag.py
[2025-04-27T20:05:47.938+0000] {processor.py:830} INFO - Processing file /opt/airflow/dags/transform_orders_dag.py for tasks to queue
[2025-04-27T20:05:47.939+0000] {logging_mixin.py:188} INFO - [2025-04-27T20:05:47.939+0000] {dagbag.py:538} INFO - Filling up the DagBag from /opt/airflow/dags/transform_orders_dag.py
[2025-04-27T20:05:48.233+0000] {processor.py:840} INFO - DAG(s) 'clean_orders_csv_dag' retrieved from /opt/airflow/dags/transform_orders_dag.py
[2025-04-27T20:05:48.262+0000] {logging_mixin.py:188} INFO - [2025-04-27T20:05:48.261+0000] {dag.py:3036} INFO - Sync 1 DAGs
[2025-04-27T20:05:48.275+0000] {logging_mixin.py:188} INFO - [2025-04-27T20:05:48.275+0000] {dag.py:3823} INFO - Setting next_dagrun for clean_orders_csv_dag to None, run_after=None
[2025-04-27T20:05:48.303+0000] {processor.py:183} INFO - Processing /opt/airflow/dags/transform_orders_dag.py took 0.369 seconds
[2025-04-27T20:06:18.541+0000] {processor.py:161} INFO - Started process (PID=400) to work on /opt/airflow/dags/transform_orders_dag.py
[2025-04-27T20:06:18.543+0000] {processor.py:830} INFO - Processing file /opt/airflow/dags/transform_orders_dag.py for tasks to queue
[2025-04-27T20:06:18.544+0000] {logging_mixin.py:188} INFO - [2025-04-27T20:06:18.544+0000] {dagbag.py:538} INFO - Filling up the DagBag from /opt/airflow/dags/transform_orders_dag.py
[2025-04-27T20:06:18.826+0000] {processor.py:840} INFO - DAG(s) 'clean_orders_csv_dag' retrieved from /opt/airflow/dags/transform_orders_dag.py
[2025-04-27T20:06:18.857+0000] {logging_mixin.py:188} INFO - [2025-04-27T20:06:18.856+0000] {dag.py:3036} INFO - Sync 1 DAGs
[2025-04-27T20:06:18.870+0000] {logging_mixin.py:188} INFO - [2025-04-27T20:06:18.870+0000] {dag.py:3823} INFO - Setting next_dagrun for clean_orders_csv_dag to None, run_after=None
[2025-04-27T20:06:18.913+0000] {processor.py:183} INFO - Processing /opt/airflow/dags/transform_orders_dag.py took 0.375 seconds
[2025-04-27T20:06:49.030+0000] {processor.py:161} INFO - Started process (PID=443) to work on /opt/airflow/dags/transform_orders_dag.py
[2025-04-27T20:06:49.032+0000] {processor.py:830} INFO - Processing file /opt/airflow/dags/transform_orders_dag.py for tasks to queue
[2025-04-27T20:06:49.035+0000] {logging_mixin.py:188} INFO - [2025-04-27T20:06:49.034+0000] {dagbag.py:538} INFO - Filling up the DagBag from /opt/airflow/dags/transform_orders_dag.py
[2025-04-27T20:06:49.487+0000] {processor.py:840} INFO - DAG(s) 'clean_orders_csv_dag' retrieved from /opt/airflow/dags/transform_orders_dag.py
[2025-04-27T20:06:49.524+0000] {logging_mixin.py:188} INFO - [2025-04-27T20:06:49.524+0000] {dag.py:3036} INFO - Sync 1 DAGs
[2025-04-27T20:06:49.543+0000] {logging_mixin.py:188} INFO - [2025-04-27T20:06:49.543+0000] {dag.py:3823} INFO - Setting next_dagrun for clean_orders_csv_dag to None, run_after=None
[2025-04-27T20:06:49.580+0000] {processor.py:183} INFO - Processing /opt/airflow/dags/transform_orders_dag.py took 0.556 seconds
[2025-04-27T20:07:20.218+0000] {processor.py:161} INFO - Started process (PID=492) to work on /opt/airflow/dags/transform_orders_dag.py
[2025-04-27T20:07:20.219+0000] {processor.py:830} INFO - Processing file /opt/airflow/dags/transform_orders_dag.py for tasks to queue
[2025-04-27T20:07:20.220+0000] {logging_mixin.py:188} INFO - [2025-04-27T20:07:20.220+0000] {dagbag.py:538} INFO - Filling up the DagBag from /opt/airflow/dags/transform_orders_dag.py
[2025-04-27T20:07:20.633+0000] {processor.py:840} INFO - DAG(s) 'clean_orders_csv_dag' retrieved from /opt/airflow/dags/transform_orders_dag.py
[2025-04-27T20:07:20.667+0000] {logging_mixin.py:188} INFO - [2025-04-27T20:07:20.667+0000] {dag.py:3036} INFO - Sync 1 DAGs
[2025-04-27T20:07:20.682+0000] {logging_mixin.py:188} INFO - [2025-04-27T20:07:20.682+0000] {dag.py:3823} INFO - Setting next_dagrun for clean_orders_csv_dag to None, run_after=None
[2025-04-27T20:07:20.711+0000] {processor.py:183} INFO - Processing /opt/airflow/dags/transform_orders_dag.py took 0.498 seconds
[2025-04-27T20:07:50.912+0000] {processor.py:161} INFO - Started process (PID=538) to work on /opt/airflow/dags/transform_orders_dag.py
[2025-04-27T20:07:50.914+0000] {processor.py:830} INFO - Processing file /opt/airflow/dags/transform_orders_dag.py for tasks to queue
[2025-04-27T20:07:50.916+0000] {logging_mixin.py:188} INFO - [2025-04-27T20:07:50.916+0000] {dagbag.py:538} INFO - Filling up the DagBag from /opt/airflow/dags/transform_orders_dag.py
[2025-04-27T20:07:51.387+0000] {processor.py:840} INFO - DAG(s) 'clean_orders_csv_dag' retrieved from /opt/airflow/dags/transform_orders_dag.py
[2025-04-27T20:07:51.415+0000] {logging_mixin.py:188} INFO - [2025-04-27T20:07:51.414+0000] {dag.py:3036} INFO - Sync 1 DAGs
[2025-04-27T20:07:51.428+0000] {logging_mixin.py:188} INFO - [2025-04-27T20:07:51.428+0000] {dag.py:3823} INFO - Setting next_dagrun for clean_orders_csv_dag to None, run_after=None
[2025-04-27T20:07:51.455+0000] {processor.py:183} INFO - Processing /opt/airflow/dags/transform_orders_dag.py took 0.547 seconds
[2025-04-27T20:08:22.068+0000] {processor.py:161} INFO - Started process (PID=577) to work on /opt/airflow/dags/transform_orders_dag.py
[2025-04-27T20:08:22.069+0000] {processor.py:830} INFO - Processing file /opt/airflow/dags/transform_orders_dag.py for tasks to queue
[2025-04-27T20:08:22.071+0000] {logging_mixin.py:188} INFO - [2025-04-27T20:08:22.070+0000] {dagbag.py:538} INFO - Filling up the DagBag from /opt/airflow/dags/transform_orders_dag.py
[2025-04-27T20:08:22.550+0000] {processor.py:840} INFO - DAG(s) 'clean_orders_csv_dag' retrieved from /opt/airflow/dags/transform_orders_dag.py
[2025-04-27T20:08:22.589+0000] {logging_mixin.py:188} INFO - [2025-04-27T20:08:22.588+0000] {dag.py:3036} INFO - Sync 1 DAGs
[2025-04-27T20:08:22.604+0000] {logging_mixin.py:188} INFO - [2025-04-27T20:08:22.604+0000] {dag.py:3823} INFO - Setting next_dagrun for clean_orders_csv_dag to None, run_after=None
[2025-04-27T20:08:22.638+0000] {processor.py:183} INFO - Processing /opt/airflow/dags/transform_orders_dag.py took 0.573 seconds
[2025-04-27T20:08:53.602+0000] {processor.py:161} INFO - Started process (PID=630) to work on /opt/airflow/dags/transform_orders_dag.py
[2025-04-27T20:08:53.605+0000] {processor.py:830} INFO - Processing file /opt/airflow/dags/transform_orders_dag.py for tasks to queue
[2025-04-27T20:08:53.607+0000] {logging_mixin.py:188} INFO - [2025-04-27T20:08:53.607+0000] {dagbag.py:538} INFO - Filling up the DagBag from /opt/airflow/dags/transform_orders_dag.py
[2025-04-27T20:08:54.120+0000] {processor.py:840} INFO - DAG(s) 'clean_orders_csv_dag' retrieved from /opt/airflow/dags/transform_orders_dag.py
[2025-04-27T20:08:54.194+0000] {logging_mixin.py:188} INFO - [2025-04-27T20:08:54.193+0000] {dag.py:3036} INFO - Sync 1 DAGs
[2025-04-27T20:08:54.215+0000] {logging_mixin.py:188} INFO - [2025-04-27T20:08:54.215+0000] {dag.py:3823} INFO - Setting next_dagrun for clean_orders_csv_dag to None, run_after=None
[2025-04-27T20:08:54.266+0000] {processor.py:183} INFO - Processing /opt/airflow/dags/transform_orders_dag.py took 0.669 seconds
[2025-04-27T20:09:24.920+0000] {processor.py:161} INFO - Started process (PID=673) to work on /opt/airflow/dags/transform_orders_dag.py
[2025-04-27T20:09:24.923+0000] {processor.py:830} INFO - Processing file /opt/airflow/dags/transform_orders_dag.py for tasks to queue
[2025-04-27T20:09:24.928+0000] {logging_mixin.py:188} INFO - [2025-04-27T20:09:24.927+0000] {dagbag.py:538} INFO - Filling up the DagBag from /opt/airflow/dags/transform_orders_dag.py
[2025-04-27T20:09:25.349+0000] {processor.py:840} INFO - DAG(s) 'clean_orders_csv_dag' retrieved from /opt/airflow/dags/transform_orders_dag.py
[2025-04-27T20:09:25.386+0000] {logging_mixin.py:188} INFO - [2025-04-27T20:09:25.385+0000] {dag.py:3036} INFO - Sync 1 DAGs
[2025-04-27T20:09:25.399+0000] {logging_mixin.py:188} INFO - [2025-04-27T20:09:25.399+0000] {dag.py:3823} INFO - Setting next_dagrun for clean_orders_csv_dag to None, run_after=None
[2025-04-27T20:09:25.422+0000] {processor.py:183} INFO - Processing /opt/airflow/dags/transform_orders_dag.py took 0.506 seconds
[2025-04-27T20:10:26.744+0000] {processor.py:161} INFO - Started process (PID=191) to work on /opt/airflow/dags/transform_orders_dag.py
[2025-04-27T20:10:26.746+0000] {processor.py:830} INFO - Processing file /opt/airflow/dags/transform_orders_dag.py for tasks to queue
[2025-04-27T20:10:26.747+0000] {logging_mixin.py:188} INFO - [2025-04-27T20:10:26.747+0000] {dagbag.py:538} INFO - Filling up the DagBag from /opt/airflow/dags/transform_orders_dag.py
[2025-04-27T20:10:27.247+0000] {processor.py:840} INFO - DAG(s) 'clean_orders_csv_dag' retrieved from /opt/airflow/dags/transform_orders_dag.py
[2025-04-27T20:10:27.268+0000] {logging_mixin.py:188} INFO - [2025-04-27T20:10:27.268+0000] {dag.py:3036} INFO - Sync 1 DAGs
[2025-04-27T20:10:27.293+0000] {logging_mixin.py:188} INFO - [2025-04-27T20:10:27.292+0000] {dag.py:3823} INFO - Setting next_dagrun for clean_orders_csv_dag to None, run_after=None
[2025-04-27T20:10:27.348+0000] {processor.py:183} INFO - Processing /opt/airflow/dags/transform_orders_dag.py took 0.608 seconds
[2025-04-27T20:10:57.993+0000] {processor.py:161} INFO - Started process (PID=236) to work on /opt/airflow/dags/transform_orders_dag.py
[2025-04-27T20:10:57.995+0000] {processor.py:830} INFO - Processing file /opt/airflow/dags/transform_orders_dag.py for tasks to queue
[2025-04-27T20:10:57.996+0000] {logging_mixin.py:188} INFO - [2025-04-27T20:10:57.996+0000] {dagbag.py:538} INFO - Filling up the DagBag from /opt/airflow/dags/transform_orders_dag.py
[2025-04-27T20:10:58.679+0000] {processor.py:840} INFO - DAG(s) 'clean_orders_csv_dag' retrieved from /opt/airflow/dags/transform_orders_dag.py
[2025-04-27T20:10:58.880+0000] {logging_mixin.py:188} INFO - [2025-04-27T20:10:58.879+0000] {dag.py:3036} INFO - Sync 1 DAGs
[2025-04-27T20:10:58.902+0000] {logging_mixin.py:188} INFO - [2025-04-27T20:10:58.901+0000] {dag.py:3823} INFO - Setting next_dagrun for clean_orders_csv_dag to None, run_after=None
[2025-04-27T20:10:58.942+0000] {processor.py:183} INFO - Processing /opt/airflow/dags/transform_orders_dag.py took 0.952 seconds
[2025-04-27T20:11:29.190+0000] {processor.py:161} INFO - Started process (PID=282) to work on /opt/airflow/dags/transform_orders_dag.py
[2025-04-27T20:11:29.192+0000] {processor.py:830} INFO - Processing file /opt/airflow/dags/transform_orders_dag.py for tasks to queue
[2025-04-27T20:11:29.195+0000] {logging_mixin.py:188} INFO - [2025-04-27T20:11:29.194+0000] {dagbag.py:538} INFO - Filling up the DagBag from /opt/airflow/dags/transform_orders_dag.py
[2025-04-27T20:11:29.682+0000] {processor.py:840} INFO - DAG(s) 'clean_orders_csv_dag' retrieved from /opt/airflow/dags/transform_orders_dag.py
[2025-04-27T20:11:29.774+0000] {logging_mixin.py:188} INFO - [2025-04-27T20:11:29.773+0000] {dag.py:3036} INFO - Sync 1 DAGs
[2025-04-27T20:11:29.803+0000] {logging_mixin.py:188} INFO - [2025-04-27T20:11:29.803+0000] {dag.py:3823} INFO - Setting next_dagrun for clean_orders_csv_dag to None, run_after=None
[2025-04-27T20:11:29.846+0000] {processor.py:183} INFO - Processing /opt/airflow/dags/transform_orders_dag.py took 0.664 seconds
[2025-04-27T20:12:01.709+0000] {processor.py:161} INFO - Started process (PID=323) to work on /opt/airflow/dags/transform_orders_dag.py
[2025-04-27T20:12:01.721+0000] {processor.py:830} INFO - Processing file /opt/airflow/dags/transform_orders_dag.py for tasks to queue
[2025-04-27T20:12:01.746+0000] {logging_mixin.py:188} INFO - [2025-04-27T20:12:01.743+0000] {dagbag.py:538} INFO - Filling up the DagBag from /opt/airflow/dags/transform_orders_dag.py
[2025-04-27T20:12:03.572+0000] {processor.py:840} INFO - DAG(s) 'clean_orders_csv_dag' retrieved from /opt/airflow/dags/transform_orders_dag.py
[2025-04-27T20:12:03.821+0000] {logging_mixin.py:188} INFO - [2025-04-27T20:12:03.820+0000] {dag.py:3036} INFO - Sync 1 DAGs
[2025-04-27T20:12:03.939+0000] {logging_mixin.py:188} INFO - [2025-04-27T20:12:03.938+0000] {dag.py:3823} INFO - Setting next_dagrun for clean_orders_csv_dag to None, run_after=None
[2025-04-27T20:12:04.454+0000] {processor.py:183} INFO - Processing /opt/airflow/dags/transform_orders_dag.py took 2.790 seconds
[2025-04-27T20:12:35.106+0000] {processor.py:161} INFO - Started process (PID=371) to work on /opt/airflow/dags/transform_orders_dag.py
[2025-04-27T20:12:35.107+0000] {processor.py:830} INFO - Processing file /opt/airflow/dags/transform_orders_dag.py for tasks to queue
[2025-04-27T20:12:35.109+0000] {logging_mixin.py:188} INFO - [2025-04-27T20:12:35.108+0000] {dagbag.py:538} INFO - Filling up the DagBag from /opt/airflow/dags/transform_orders_dag.py
[2025-04-27T20:12:35.693+0000] {processor.py:840} INFO - DAG(s) 'clean_orders_csv_dag' retrieved from /opt/airflow/dags/transform_orders_dag.py
[2025-04-27T20:12:35.740+0000] {logging_mixin.py:188} INFO - [2025-04-27T20:12:35.739+0000] {dag.py:3036} INFO - Sync 1 DAGs
[2025-04-27T20:12:35.768+0000] {logging_mixin.py:188} INFO - [2025-04-27T20:12:35.768+0000] {dag.py:3823} INFO - Setting next_dagrun for clean_orders_csv_dag to None, run_after=None
[2025-04-27T20:12:35.804+0000] {processor.py:183} INFO - Processing /opt/airflow/dags/transform_orders_dag.py took 0.705 seconds
[2025-04-27T20:13:06.289+0000] {processor.py:161} INFO - Started process (PID=414) to work on /opt/airflow/dags/transform_orders_dag.py
[2025-04-27T20:13:06.291+0000] {processor.py:830} INFO - Processing file /opt/airflow/dags/transform_orders_dag.py for tasks to queue
[2025-04-27T20:13:06.294+0000] {logging_mixin.py:188} INFO - [2025-04-27T20:13:06.293+0000] {dagbag.py:538} INFO - Filling up the DagBag from /opt/airflow/dags/transform_orders_dag.py
[2025-04-27T20:13:06.685+0000] {processor.py:840} INFO - DAG(s) 'clean_orders_csv_dag' retrieved from /opt/airflow/dags/transform_orders_dag.py
[2025-04-27T20:13:06.792+0000] {logging_mixin.py:188} INFO - [2025-04-27T20:13:06.792+0000] {dag.py:3036} INFO - Sync 1 DAGs
[2025-04-27T20:13:06.832+0000] {logging_mixin.py:188} INFO - [2025-04-27T20:13:06.831+0000] {dag.py:3823} INFO - Setting next_dagrun for clean_orders_csv_dag to None, run_after=None
[2025-04-27T20:13:06.900+0000] {processor.py:183} INFO - Processing /opt/airflow/dags/transform_orders_dag.py took 0.618 seconds
[2025-04-27T20:13:37.158+0000] {processor.py:161} INFO - Started process (PID=457) to work on /opt/airflow/dags/transform_orders_dag.py
[2025-04-27T20:13:37.159+0000] {processor.py:830} INFO - Processing file /opt/airflow/dags/transform_orders_dag.py for tasks to queue
[2025-04-27T20:13:37.161+0000] {logging_mixin.py:188} INFO - [2025-04-27T20:13:37.160+0000] {dagbag.py:538} INFO - Filling up the DagBag from /opt/airflow/dags/transform_orders_dag.py
[2025-04-27T20:13:37.623+0000] {processor.py:840} INFO - DAG(s) 'clean_orders_csv_dag' retrieved from /opt/airflow/dags/transform_orders_dag.py
[2025-04-27T20:13:37.704+0000] {logging_mixin.py:188} INFO - [2025-04-27T20:13:37.703+0000] {dag.py:3036} INFO - Sync 1 DAGs
[2025-04-27T20:13:37.767+0000] {logging_mixin.py:188} INFO - [2025-04-27T20:13:37.766+0000] {dag.py:3823} INFO - Setting next_dagrun for clean_orders_csv_dag to None, run_after=None
[2025-04-27T20:13:37.911+0000] {processor.py:183} INFO - Processing /opt/airflow/dags/transform_orders_dag.py took 0.757 seconds
[2025-04-27T20:14:08.195+0000] {processor.py:161} INFO - Started process (PID=500) to work on /opt/airflow/dags/transform_orders_dag.py
[2025-04-27T20:14:08.196+0000] {processor.py:830} INFO - Processing file /opt/airflow/dags/transform_orders_dag.py for tasks to queue
[2025-04-27T20:14:08.198+0000] {logging_mixin.py:188} INFO - [2025-04-27T20:14:08.197+0000] {dagbag.py:538} INFO - Filling up the DagBag from /opt/airflow/dags/transform_orders_dag.py
[2025-04-27T20:14:08.648+0000] {processor.py:840} INFO - DAG(s) 'clean_orders_csv_dag' retrieved from /opt/airflow/dags/transform_orders_dag.py
[2025-04-27T20:14:08.719+0000] {logging_mixin.py:188} INFO - [2025-04-27T20:14:08.719+0000] {dag.py:3036} INFO - Sync 1 DAGs
[2025-04-27T20:14:08.756+0000] {logging_mixin.py:188} INFO - [2025-04-27T20:14:08.755+0000] {dag.py:3823} INFO - Setting next_dagrun for clean_orders_csv_dag to None, run_after=None
[2025-04-27T20:14:09.090+0000] {processor.py:183} INFO - Processing /opt/airflow/dags/transform_orders_dag.py took 0.901 seconds
[2025-04-27T20:14:39.241+0000] {processor.py:161} INFO - Started process (PID=543) to work on /opt/airflow/dags/transform_orders_dag.py
[2025-04-27T20:14:39.242+0000] {processor.py:830} INFO - Processing file /opt/airflow/dags/transform_orders_dag.py for tasks to queue
[2025-04-27T20:14:39.244+0000] {logging_mixin.py:188} INFO - [2025-04-27T20:14:39.243+0000] {dagbag.py:538} INFO - Filling up the DagBag from /opt/airflow/dags/transform_orders_dag.py
[2025-04-27T20:14:39.692+0000] {processor.py:840} INFO - DAG(s) 'clean_orders_csv_dag' retrieved from /opt/airflow/dags/transform_orders_dag.py
[2025-04-27T20:14:39.739+0000] {logging_mixin.py:188} INFO - [2025-04-27T20:14:39.739+0000] {dag.py:3036} INFO - Sync 1 DAGs
[2025-04-27T20:14:39.759+0000] {logging_mixin.py:188} INFO - [2025-04-27T20:14:39.758+0000] {dag.py:3823} INFO - Setting next_dagrun for clean_orders_csv_dag to None, run_after=None
[2025-04-27T20:14:39.808+0000] {processor.py:183} INFO - Processing /opt/airflow/dags/transform_orders_dag.py took 0.571 seconds
[2025-04-27T20:15:09.906+0000] {processor.py:161} INFO - Started process (PID=586) to work on /opt/airflow/dags/transform_orders_dag.py
[2025-04-27T20:15:09.907+0000] {processor.py:830} INFO - Processing file /opt/airflow/dags/transform_orders_dag.py for tasks to queue
[2025-04-27T20:15:09.908+0000] {logging_mixin.py:188} INFO - [2025-04-27T20:15:09.908+0000] {dagbag.py:538} INFO - Filling up the DagBag from /opt/airflow/dags/transform_orders_dag.py
[2025-04-27T20:15:10.220+0000] {processor.py:840} INFO - DAG(s) 'clean_orders_csv_dag' retrieved from /opt/airflow/dags/transform_orders_dag.py
[2025-04-27T20:15:10.249+0000] {logging_mixin.py:188} INFO - [2025-04-27T20:15:10.248+0000] {dag.py:3036} INFO - Sync 1 DAGs
[2025-04-27T20:15:10.264+0000] {logging_mixin.py:188} INFO - [2025-04-27T20:15:10.263+0000] {dag.py:3823} INFO - Setting next_dagrun for clean_orders_csv_dag to None, run_after=None
[2025-04-27T20:15:10.322+0000] {processor.py:183} INFO - Processing /opt/airflow/dags/transform_orders_dag.py took 0.418 seconds
[2025-04-27T20:15:40.561+0000] {processor.py:161} INFO - Started process (PID=629) to work on /opt/airflow/dags/transform_orders_dag.py
[2025-04-27T20:15:40.562+0000] {processor.py:830} INFO - Processing file /opt/airflow/dags/transform_orders_dag.py for tasks to queue
[2025-04-27T20:15:40.563+0000] {logging_mixin.py:188} INFO - [2025-04-27T20:15:40.563+0000] {dagbag.py:538} INFO - Filling up the DagBag from /opt/airflow/dags/transform_orders_dag.py
[2025-04-27T20:15:40.825+0000] {processor.py:840} INFO - DAG(s) 'clean_orders_csv_dag' retrieved from /opt/airflow/dags/transform_orders_dag.py
[2025-04-27T20:15:40.849+0000] {logging_mixin.py:188} INFO - [2025-04-27T20:15:40.848+0000] {dag.py:3036} INFO - Sync 1 DAGs
[2025-04-27T20:15:40.860+0000] {logging_mixin.py:188} INFO - [2025-04-27T20:15:40.860+0000] {dag.py:3823} INFO - Setting next_dagrun for clean_orders_csv_dag to None, run_after=None
[2025-04-27T20:15:40.882+0000] {processor.py:183} INFO - Processing /opt/airflow/dags/transform_orders_dag.py took 0.323 seconds
[2025-04-27T20:16:11.024+0000] {processor.py:161} INFO - Started process (PID=672) to work on /opt/airflow/dags/transform_orders_dag.py
[2025-04-27T20:16:11.025+0000] {processor.py:830} INFO - Processing file /opt/airflow/dags/transform_orders_dag.py for tasks to queue
[2025-04-27T20:16:11.026+0000] {logging_mixin.py:188} INFO - [2025-04-27T20:16:11.026+0000] {dagbag.py:538} INFO - Filling up the DagBag from /opt/airflow/dags/transform_orders_dag.py
[2025-04-27T20:16:11.286+0000] {processor.py:840} INFO - DAG(s) 'clean_orders_csv_dag' retrieved from /opt/airflow/dags/transform_orders_dag.py
[2025-04-27T20:16:11.361+0000] {logging_mixin.py:188} INFO - [2025-04-27T20:16:11.359+0000] {dag.py:3036} INFO - Sync 1 DAGs
[2025-04-27T20:16:11.401+0000] {logging_mixin.py:188} INFO - [2025-04-27T20:16:11.401+0000] {dag.py:3823} INFO - Setting next_dagrun for clean_orders_csv_dag to None, run_after=None
[2025-04-27T20:16:11.453+0000] {processor.py:183} INFO - Processing /opt/airflow/dags/transform_orders_dag.py took 0.431 seconds
[2025-04-27T20:16:41.601+0000] {processor.py:161} INFO - Started process (PID=715) to work on /opt/airflow/dags/transform_orders_dag.py
[2025-04-27T20:16:41.602+0000] {processor.py:830} INFO - Processing file /opt/airflow/dags/transform_orders_dag.py for tasks to queue
[2025-04-27T20:16:41.603+0000] {logging_mixin.py:188} INFO - [2025-04-27T20:16:41.603+0000] {dagbag.py:538} INFO - Filling up the DagBag from /opt/airflow/dags/transform_orders_dag.py
[2025-04-27T20:16:41.862+0000] {processor.py:840} INFO - DAG(s) 'clean_orders_csv_dag' retrieved from /opt/airflow/dags/transform_orders_dag.py
[2025-04-27T20:16:41.892+0000] {logging_mixin.py:188} INFO - [2025-04-27T20:16:41.892+0000] {dag.py:3036} INFO - Sync 1 DAGs
[2025-04-27T20:16:41.905+0000] {logging_mixin.py:188} INFO - [2025-04-27T20:16:41.905+0000] {dag.py:3823} INFO - Setting next_dagrun for clean_orders_csv_dag to None, run_after=None
[2025-04-27T20:16:41.926+0000] {processor.py:183} INFO - Processing /opt/airflow/dags/transform_orders_dag.py took 0.327 seconds
[2025-04-27T20:17:12.082+0000] {processor.py:161} INFO - Started process (PID=758) to work on /opt/airflow/dags/transform_orders_dag.py
[2025-04-27T20:17:12.084+0000] {processor.py:830} INFO - Processing file /opt/airflow/dags/transform_orders_dag.py for tasks to queue
[2025-04-27T20:17:12.085+0000] {logging_mixin.py:188} INFO - [2025-04-27T20:17:12.084+0000] {dagbag.py:538} INFO - Filling up the DagBag from /opt/airflow/dags/transform_orders_dag.py
[2025-04-27T20:17:12.334+0000] {processor.py:840} INFO - DAG(s) 'clean_orders_csv_dag' retrieved from /opt/airflow/dags/transform_orders_dag.py
[2025-04-27T20:17:12.357+0000] {logging_mixin.py:188} INFO - [2025-04-27T20:17:12.357+0000] {dag.py:3036} INFO - Sync 1 DAGs
[2025-04-27T20:17:12.368+0000] {logging_mixin.py:188} INFO - [2025-04-27T20:17:12.368+0000] {dag.py:3823} INFO - Setting next_dagrun for clean_orders_csv_dag to None, run_after=None
[2025-04-27T20:17:12.388+0000] {processor.py:183} INFO - Processing /opt/airflow/dags/transform_orders_dag.py took 0.309 seconds
[2025-04-27T20:17:42.761+0000] {processor.py:161} INFO - Started process (PID=801) to work on /opt/airflow/dags/transform_orders_dag.py
[2025-04-27T20:17:42.762+0000] {processor.py:830} INFO - Processing file /opt/airflow/dags/transform_orders_dag.py for tasks to queue
[2025-04-27T20:17:42.763+0000] {logging_mixin.py:188} INFO - [2025-04-27T20:17:42.762+0000] {dagbag.py:538} INFO - Filling up the DagBag from /opt/airflow/dags/transform_orders_dag.py
[2025-04-27T20:17:43.046+0000] {processor.py:840} INFO - DAG(s) 'clean_orders_csv_dag' retrieved from /opt/airflow/dags/transform_orders_dag.py
[2025-04-27T20:17:43.085+0000] {logging_mixin.py:188} INFO - [2025-04-27T20:17:43.083+0000] {dag.py:3036} INFO - Sync 1 DAGs
[2025-04-27T20:17:43.128+0000] {logging_mixin.py:188} INFO - [2025-04-27T20:17:43.128+0000] {dag.py:3823} INFO - Setting next_dagrun for clean_orders_csv_dag to None, run_after=None
[2025-04-27T20:17:43.167+0000] {processor.py:183} INFO - Processing /opt/airflow/dags/transform_orders_dag.py took 0.409 seconds
[2025-04-27T20:18:13.355+0000] {processor.py:161} INFO - Started process (PID=844) to work on /opt/airflow/dags/transform_orders_dag.py
[2025-04-27T20:18:13.357+0000] {processor.py:830} INFO - Processing file /opt/airflow/dags/transform_orders_dag.py for tasks to queue
[2025-04-27T20:18:13.358+0000] {logging_mixin.py:188} INFO - [2025-04-27T20:18:13.358+0000] {dagbag.py:538} INFO - Filling up the DagBag from /opt/airflow/dags/transform_orders_dag.py
[2025-04-27T20:18:13.649+0000] {processor.py:840} INFO - DAG(s) 'clean_orders_csv_dag' retrieved from /opt/airflow/dags/transform_orders_dag.py
[2025-04-27T20:18:13.674+0000] {logging_mixin.py:188} INFO - [2025-04-27T20:18:13.673+0000] {dag.py:3036} INFO - Sync 1 DAGs
[2025-04-27T20:18:13.688+0000] {logging_mixin.py:188} INFO - [2025-04-27T20:18:13.688+0000] {dag.py:3823} INFO - Setting next_dagrun for clean_orders_csv_dag to None, run_after=None
[2025-04-27T20:18:13.714+0000] {processor.py:183} INFO - Processing /opt/airflow/dags/transform_orders_dag.py took 0.361 seconds
[2025-04-27T20:18:43.977+0000] {processor.py:161} INFO - Started process (PID=887) to work on /opt/airflow/dags/transform_orders_dag.py
[2025-04-27T20:18:43.977+0000] {processor.py:830} INFO - Processing file /opt/airflow/dags/transform_orders_dag.py for tasks to queue
[2025-04-27T20:18:43.978+0000] {logging_mixin.py:188} INFO - [2025-04-27T20:18:43.978+0000] {dagbag.py:538} INFO - Filling up the DagBag from /opt/airflow/dags/transform_orders_dag.py
[2025-04-27T20:18:44.439+0000] {processor.py:840} INFO - DAG(s) 'clean_orders_csv_dag' retrieved from /opt/airflow/dags/transform_orders_dag.py
[2025-04-27T20:18:44.569+0000] {logging_mixin.py:188} INFO - [2025-04-27T20:18:44.567+0000] {dag.py:3036} INFO - Sync 1 DAGs
[2025-04-27T20:18:44.624+0000] {logging_mixin.py:188} INFO - [2025-04-27T20:18:44.624+0000] {dag.py:3823} INFO - Setting next_dagrun for clean_orders_csv_dag to None, run_after=None
[2025-04-27T20:18:44.686+0000] {processor.py:183} INFO - Processing /opt/airflow/dags/transform_orders_dag.py took 0.712 seconds
[2025-04-27T20:19:15.088+0000] {processor.py:161} INFO - Started process (PID=930) to work on /opt/airflow/dags/transform_orders_dag.py
[2025-04-27T20:19:15.090+0000] {processor.py:830} INFO - Processing file /opt/airflow/dags/transform_orders_dag.py for tasks to queue
[2025-04-27T20:19:15.092+0000] {logging_mixin.py:188} INFO - [2025-04-27T20:19:15.091+0000] {dagbag.py:538} INFO - Filling up the DagBag from /opt/airflow/dags/transform_orders_dag.py
[2025-04-27T20:19:15.541+0000] {processor.py:840} INFO - DAG(s) 'clean_orders_csv_dag' retrieved from /opt/airflow/dags/transform_orders_dag.py
[2025-04-27T20:19:15.595+0000] {logging_mixin.py:188} INFO - [2025-04-27T20:19:15.595+0000] {dag.py:3036} INFO - Sync 1 DAGs
[2025-04-27T20:19:15.618+0000] {logging_mixin.py:188} INFO - [2025-04-27T20:19:15.618+0000] {dag.py:3823} INFO - Setting next_dagrun for clean_orders_csv_dag to None, run_after=None
[2025-04-27T20:19:15.656+0000] {processor.py:183} INFO - Processing /opt/airflow/dags/transform_orders_dag.py took 0.572 seconds
[2025-04-27T20:19:46.165+0000] {processor.py:161} INFO - Started process (PID=979) to work on /opt/airflow/dags/transform_orders_dag.py
[2025-04-27T20:19:46.167+0000] {processor.py:830} INFO - Processing file /opt/airflow/dags/transform_orders_dag.py for tasks to queue
[2025-04-27T20:19:46.169+0000] {logging_mixin.py:188} INFO - [2025-04-27T20:19:46.168+0000] {dagbag.py:538} INFO - Filling up the DagBag from /opt/airflow/dags/transform_orders_dag.py
[2025-04-27T20:19:46.505+0000] {processor.py:840} INFO - DAG(s) 'clean_orders_csv_dag' retrieved from /opt/airflow/dags/transform_orders_dag.py
[2025-04-27T20:19:46.529+0000] {logging_mixin.py:188} INFO - [2025-04-27T20:19:46.528+0000] {dag.py:3036} INFO - Sync 1 DAGs
[2025-04-27T20:19:46.547+0000] {logging_mixin.py:188} INFO - [2025-04-27T20:19:46.547+0000] {dag.py:3823} INFO - Setting next_dagrun for clean_orders_csv_dag to None, run_after=None
[2025-04-27T20:19:46.574+0000] {processor.py:183} INFO - Processing /opt/airflow/dags/transform_orders_dag.py took 0.412 seconds
[2025-04-27T20:20:16.791+0000] {processor.py:161} INFO - Started process (PID=1027) to work on /opt/airflow/dags/transform_orders_dag.py
[2025-04-27T20:20:16.793+0000] {processor.py:830} INFO - Processing file /opt/airflow/dags/transform_orders_dag.py for tasks to queue
[2025-04-27T20:20:16.794+0000] {logging_mixin.py:188} INFO - [2025-04-27T20:20:16.793+0000] {dagbag.py:538} INFO - Filling up the DagBag from /opt/airflow/dags/transform_orders_dag.py
[2025-04-27T20:20:17.083+0000] {processor.py:840} INFO - DAG(s) 'clean_orders_csv_dag' retrieved from /opt/airflow/dags/transform_orders_dag.py
[2025-04-27T20:20:17.108+0000] {logging_mixin.py:188} INFO - [2025-04-27T20:20:17.107+0000] {dag.py:3036} INFO - Sync 1 DAGs
[2025-04-27T20:20:17.119+0000] {logging_mixin.py:188} INFO - [2025-04-27T20:20:17.118+0000] {dag.py:3823} INFO - Setting next_dagrun for clean_orders_csv_dag to None, run_after=None
[2025-04-27T20:20:17.138+0000] {processor.py:183} INFO - Processing /opt/airflow/dags/transform_orders_dag.py took 0.351 seconds
[2025-04-27T20:20:47.274+0000] {processor.py:161} INFO - Started process (PID=1068) to work on /opt/airflow/dags/transform_orders_dag.py
[2025-04-27T20:20:47.276+0000] {processor.py:830} INFO - Processing file /opt/airflow/dags/transform_orders_dag.py for tasks to queue
[2025-04-27T20:20:47.277+0000] {logging_mixin.py:188} INFO - [2025-04-27T20:20:47.277+0000] {dagbag.py:538} INFO - Filling up the DagBag from /opt/airflow/dags/transform_orders_dag.py
[2025-04-27T20:20:47.647+0000] {processor.py:840} INFO - DAG(s) 'clean_orders_csv_dag' retrieved from /opt/airflow/dags/transform_orders_dag.py
[2025-04-27T20:20:47.679+0000] {logging_mixin.py:188} INFO - [2025-04-27T20:20:47.678+0000] {dag.py:3036} INFO - Sync 1 DAGs
[2025-04-27T20:20:47.691+0000] {logging_mixin.py:188} INFO - [2025-04-27T20:20:47.691+0000] {dag.py:3823} INFO - Setting next_dagrun for clean_orders_csv_dag to None, run_after=None
[2025-04-27T20:20:47.709+0000] {processor.py:183} INFO - Processing /opt/airflow/dags/transform_orders_dag.py took 0.439 seconds
[2025-04-27T20:21:18.283+0000] {processor.py:161} INFO - Started process (PID=1113) to work on /opt/airflow/dags/transform_orders_dag.py
[2025-04-27T20:21:18.284+0000] {processor.py:830} INFO - Processing file /opt/airflow/dags/transform_orders_dag.py for tasks to queue
[2025-04-27T20:21:18.285+0000] {logging_mixin.py:188} INFO - [2025-04-27T20:21:18.285+0000] {dagbag.py:538} INFO - Filling up the DagBag from /opt/airflow/dags/transform_orders_dag.py
[2025-04-27T20:21:18.602+0000] {processor.py:840} INFO - DAG(s) 'clean_orders_csv_dag' retrieved from /opt/airflow/dags/transform_orders_dag.py
[2025-04-27T20:21:18.624+0000] {logging_mixin.py:188} INFO - [2025-04-27T20:21:18.624+0000] {dag.py:3036} INFO - Sync 1 DAGs
[2025-04-27T20:21:18.635+0000] {logging_mixin.py:188} INFO - [2025-04-27T20:21:18.635+0000] {dag.py:3823} INFO - Setting next_dagrun for clean_orders_csv_dag to None, run_after=None
[2025-04-27T20:21:18.650+0000] {processor.py:183} INFO - Processing /opt/airflow/dags/transform_orders_dag.py took 0.370 seconds
[2025-04-27T20:21:49.497+0000] {processor.py:161} INFO - Started process (PID=1156) to work on /opt/airflow/dags/transform_orders_dag.py
[2025-04-27T20:21:49.498+0000] {processor.py:830} INFO - Processing file /opt/airflow/dags/transform_orders_dag.py for tasks to queue
[2025-04-27T20:21:49.499+0000] {logging_mixin.py:188} INFO - [2025-04-27T20:21:49.499+0000] {dagbag.py:538} INFO - Filling up the DagBag from /opt/airflow/dags/transform_orders_dag.py
[2025-04-27T20:21:49.730+0000] {processor.py:840} INFO - DAG(s) 'clean_orders_csv_dag' retrieved from /opt/airflow/dags/transform_orders_dag.py
[2025-04-27T20:21:49.749+0000] {logging_mixin.py:188} INFO - [2025-04-27T20:21:49.748+0000] {dag.py:3036} INFO - Sync 1 DAGs
[2025-04-27T20:21:49.759+0000] {logging_mixin.py:188} INFO - [2025-04-27T20:21:49.759+0000] {dag.py:3823} INFO - Setting next_dagrun for clean_orders_csv_dag to None, run_after=None
[2025-04-27T20:21:49.775+0000] {processor.py:183} INFO - Processing /opt/airflow/dags/transform_orders_dag.py took 0.282 seconds
[2025-04-27T20:22:19.862+0000] {processor.py:161} INFO - Started process (PID=1199) to work on /opt/airflow/dags/transform_orders_dag.py
[2025-04-27T20:22:19.863+0000] {processor.py:830} INFO - Processing file /opt/airflow/dags/transform_orders_dag.py for tasks to queue
[2025-04-27T20:22:19.865+0000] {logging_mixin.py:188} INFO - [2025-04-27T20:22:19.864+0000] {dagbag.py:538} INFO - Filling up the DagBag from /opt/airflow/dags/transform_orders_dag.py
[2025-04-27T20:22:20.123+0000] {processor.py:840} INFO - DAG(s) 'clean_orders_csv_dag' retrieved from /opt/airflow/dags/transform_orders_dag.py
[2025-04-27T20:22:20.142+0000] {logging_mixin.py:188} INFO - [2025-04-27T20:22:20.142+0000] {dag.py:3036} INFO - Sync 1 DAGs
[2025-04-27T20:22:20.153+0000] {logging_mixin.py:188} INFO - [2025-04-27T20:22:20.153+0000] {dag.py:3823} INFO - Setting next_dagrun for clean_orders_csv_dag to None, run_after=None
[2025-04-27T20:22:20.170+0000] {processor.py:183} INFO - Processing /opt/airflow/dags/transform_orders_dag.py took 0.311 seconds
[2025-04-27T20:22:50.642+0000] {processor.py:161} INFO - Started process (PID=1242) to work on /opt/airflow/dags/transform_orders_dag.py
[2025-04-27T20:22:50.643+0000] {processor.py:830} INFO - Processing file /opt/airflow/dags/transform_orders_dag.py for tasks to queue
[2025-04-27T20:22:50.644+0000] {logging_mixin.py:188} INFO - [2025-04-27T20:22:50.643+0000] {dagbag.py:538} INFO - Filling up the DagBag from /opt/airflow/dags/transform_orders_dag.py
[2025-04-27T20:22:50.943+0000] {processor.py:840} INFO - DAG(s) 'clean_orders_csv_dag' retrieved from /opt/airflow/dags/transform_orders_dag.py
[2025-04-27T20:22:50.966+0000] {logging_mixin.py:188} INFO - [2025-04-27T20:22:50.966+0000] {dag.py:3036} INFO - Sync 1 DAGs
[2025-04-27T20:22:50.976+0000] {logging_mixin.py:188} INFO - [2025-04-27T20:22:50.976+0000] {dag.py:3823} INFO - Setting next_dagrun for clean_orders_csv_dag to None, run_after=None
[2025-04-27T20:22:50.994+0000] {processor.py:183} INFO - Processing /opt/airflow/dags/transform_orders_dag.py took 0.355 seconds
[2025-04-27T20:23:21.150+0000] {processor.py:161} INFO - Started process (PID=1285) to work on /opt/airflow/dags/transform_orders_dag.py
[2025-04-27T20:23:21.152+0000] {processor.py:830} INFO - Processing file /opt/airflow/dags/transform_orders_dag.py for tasks to queue
[2025-04-27T20:23:21.153+0000] {logging_mixin.py:188} INFO - [2025-04-27T20:23:21.152+0000] {dagbag.py:538} INFO - Filling up the DagBag from /opt/airflow/dags/transform_orders_dag.py
[2025-04-27T20:23:21.383+0000] {processor.py:840} INFO - DAG(s) 'clean_orders_csv_dag' retrieved from /opt/airflow/dags/transform_orders_dag.py
[2025-04-27T20:23:21.404+0000] {logging_mixin.py:188} INFO - [2025-04-27T20:23:21.403+0000] {dag.py:3036} INFO - Sync 1 DAGs
[2025-04-27T20:23:21.419+0000] {logging_mixin.py:188} INFO - [2025-04-27T20:23:21.418+0000] {dag.py:3823} INFO - Setting next_dagrun for clean_orders_csv_dag to None, run_after=None
[2025-04-27T20:23:21.435+0000] {processor.py:183} INFO - Processing /opt/airflow/dags/transform_orders_dag.py took 0.288 seconds
[2025-04-27T20:23:51.755+0000] {processor.py:161} INFO - Started process (PID=1328) to work on /opt/airflow/dags/transform_orders_dag.py
[2025-04-27T20:23:51.756+0000] {processor.py:830} INFO - Processing file /opt/airflow/dags/transform_orders_dag.py for tasks to queue
[2025-04-27T20:23:51.757+0000] {logging_mixin.py:188} INFO - [2025-04-27T20:23:51.756+0000] {dagbag.py:538} INFO - Filling up the DagBag from /opt/airflow/dags/transform_orders_dag.py
[2025-04-27T20:23:52.016+0000] {processor.py:840} INFO - DAG(s) 'clean_orders_csv_dag' retrieved from /opt/airflow/dags/transform_orders_dag.py
[2025-04-27T20:23:52.034+0000] {logging_mixin.py:188} INFO - [2025-04-27T20:23:52.034+0000] {dag.py:3036} INFO - Sync 1 DAGs
[2025-04-27T20:23:52.046+0000] {logging_mixin.py:188} INFO - [2025-04-27T20:23:52.046+0000] {dag.py:3823} INFO - Setting next_dagrun for clean_orders_csv_dag to None, run_after=None
[2025-04-27T20:23:52.061+0000] {processor.py:183} INFO - Processing /opt/airflow/dags/transform_orders_dag.py took 0.309 seconds
[2025-04-27T20:28:05.464+0000] {processor.py:161} INFO - Started process (PID=1360) to work on /opt/airflow/dags/transform_orders_dag.py
[2025-04-27T20:28:05.466+0000] {processor.py:830} INFO - Processing file /opt/airflow/dags/transform_orders_dag.py for tasks to queue
[2025-04-27T20:28:05.468+0000] {logging_mixin.py:188} INFO - [2025-04-27T20:28:05.467+0000] {dagbag.py:538} INFO - Filling up the DagBag from /opt/airflow/dags/transform_orders_dag.py
[2025-04-27T20:28:06.861+0000] {processor.py:840} INFO - DAG(s) 'clean_orders_csv_dag' retrieved from /opt/airflow/dags/transform_orders_dag.py
[2025-04-27T20:28:06.911+0000] {logging_mixin.py:188} INFO - [2025-04-27T20:28:06.910+0000] {dag.py:3036} INFO - Sync 1 DAGs
[2025-04-27T20:28:06.940+0000] {logging_mixin.py:188} INFO - [2025-04-27T20:28:06.939+0000] {dag.py:3823} INFO - Setting next_dagrun for clean_orders_csv_dag to None, run_after=None
[2025-04-27T20:28:06.985+0000] {processor.py:183} INFO - Processing /opt/airflow/dags/transform_orders_dag.py took 1.527 seconds
[2025-04-27T20:28:37.234+0000] {processor.py:161} INFO - Started process (PID=1402) to work on /opt/airflow/dags/transform_orders_dag.py
[2025-04-27T20:28:37.234+0000] {processor.py:830} INFO - Processing file /opt/airflow/dags/transform_orders_dag.py for tasks to queue
[2025-04-27T20:28:37.235+0000] {logging_mixin.py:188} INFO - [2025-04-27T20:28:37.235+0000] {dagbag.py:538} INFO - Filling up the DagBag from /opt/airflow/dags/transform_orders_dag.py
[2025-04-27T20:28:37.513+0000] {processor.py:840} INFO - DAG(s) 'clean_orders_csv_dag' retrieved from /opt/airflow/dags/transform_orders_dag.py
[2025-04-27T20:28:37.540+0000] {logging_mixin.py:188} INFO - [2025-04-27T20:28:37.540+0000] {dag.py:3036} INFO - Sync 1 DAGs
[2025-04-27T20:28:37.553+0000] {logging_mixin.py:188} INFO - [2025-04-27T20:28:37.553+0000] {dag.py:3823} INFO - Setting next_dagrun for clean_orders_csv_dag to None, run_after=None
[2025-04-27T20:28:37.574+0000] {processor.py:183} INFO - Processing /opt/airflow/dags/transform_orders_dag.py took 0.343 seconds
[2025-04-27T20:29:07.828+0000] {processor.py:161} INFO - Started process (PID=1445) to work on /opt/airflow/dags/transform_orders_dag.py
[2025-04-27T20:29:07.834+0000] {processor.py:830} INFO - Processing file /opt/airflow/dags/transform_orders_dag.py for tasks to queue
[2025-04-27T20:29:07.839+0000] {logging_mixin.py:188} INFO - [2025-04-27T20:29:07.838+0000] {dagbag.py:538} INFO - Filling up the DagBag from /opt/airflow/dags/transform_orders_dag.py
[2025-04-27T20:29:08.362+0000] {processor.py:840} INFO - DAG(s) 'clean_orders_csv_dag' retrieved from /opt/airflow/dags/transform_orders_dag.py
[2025-04-27T20:29:08.415+0000] {logging_mixin.py:188} INFO - [2025-04-27T20:29:08.415+0000] {dag.py:3036} INFO - Sync 1 DAGs
[2025-04-27T20:29:08.456+0000] {logging_mixin.py:188} INFO - [2025-04-27T20:29:08.455+0000] {dag.py:3823} INFO - Setting next_dagrun for clean_orders_csv_dag to None, run_after=None
[2025-04-27T20:29:08.515+0000] {processor.py:183} INFO - Processing /opt/airflow/dags/transform_orders_dag.py took 0.690 seconds
[2025-04-27T20:29:39.046+0000] {processor.py:161} INFO - Started process (PID=1488) to work on /opt/airflow/dags/transform_orders_dag.py
[2025-04-27T20:29:39.047+0000] {processor.py:830} INFO - Processing file /opt/airflow/dags/transform_orders_dag.py for tasks to queue
[2025-04-27T20:29:39.048+0000] {logging_mixin.py:188} INFO - [2025-04-27T20:29:39.047+0000] {dagbag.py:538} INFO - Filling up the DagBag from /opt/airflow/dags/transform_orders_dag.py
[2025-04-27T20:29:39.410+0000] {processor.py:840} INFO - DAG(s) 'clean_orders_csv_dag' retrieved from /opt/airflow/dags/transform_orders_dag.py
[2025-04-27T20:29:39.459+0000] {logging_mixin.py:188} INFO - [2025-04-27T20:29:39.458+0000] {dag.py:3036} INFO - Sync 1 DAGs
[2025-04-27T20:29:39.480+0000] {logging_mixin.py:188} INFO - [2025-04-27T20:29:39.479+0000] {dag.py:3823} INFO - Setting next_dagrun for clean_orders_csv_dag to None, run_after=None
[2025-04-27T20:29:39.511+0000] {processor.py:183} INFO - Processing /opt/airflow/dags/transform_orders_dag.py took 0.469 seconds
[2025-04-27T20:30:10.401+0000] {processor.py:161} INFO - Started process (PID=1531) to work on /opt/airflow/dags/transform_orders_dag.py
[2025-04-27T20:30:10.403+0000] {processor.py:830} INFO - Processing file /opt/airflow/dags/transform_orders_dag.py for tasks to queue
[2025-04-27T20:30:10.404+0000] {logging_mixin.py:188} INFO - [2025-04-27T20:30:10.404+0000] {dagbag.py:538} INFO - Filling up the DagBag from /opt/airflow/dags/transform_orders_dag.py
[2025-04-27T20:30:10.825+0000] {processor.py:840} INFO - DAG(s) 'clean_orders_csv_dag' retrieved from /opt/airflow/dags/transform_orders_dag.py
[2025-04-27T20:30:10.857+0000] {logging_mixin.py:188} INFO - [2025-04-27T20:30:10.857+0000] {dag.py:3036} INFO - Sync 1 DAGs
[2025-04-27T20:30:10.874+0000] {logging_mixin.py:188} INFO - [2025-04-27T20:30:10.874+0000] {dag.py:3823} INFO - Setting next_dagrun for clean_orders_csv_dag to None, run_after=None
[2025-04-27T20:30:10.897+0000] {processor.py:183} INFO - Processing /opt/airflow/dags/transform_orders_dag.py took 0.500 seconds
[2025-04-27T20:30:41.535+0000] {processor.py:161} INFO - Started process (PID=1574) to work on /opt/airflow/dags/transform_orders_dag.py
[2025-04-27T20:30:41.536+0000] {processor.py:830} INFO - Processing file /opt/airflow/dags/transform_orders_dag.py for tasks to queue
[2025-04-27T20:30:41.537+0000] {logging_mixin.py:188} INFO - [2025-04-27T20:30:41.537+0000] {dagbag.py:538} INFO - Filling up the DagBag from /opt/airflow/dags/transform_orders_dag.py
[2025-04-27T20:30:41.934+0000] {processor.py:840} INFO - DAG(s) 'clean_orders_csv_dag' retrieved from /opt/airflow/dags/transform_orders_dag.py
[2025-04-27T20:30:41.970+0000] {logging_mixin.py:188} INFO - [2025-04-27T20:30:41.970+0000] {dag.py:3036} INFO - Sync 1 DAGs
[2025-04-27T20:30:41.992+0000] {logging_mixin.py:188} INFO - [2025-04-27T20:30:41.992+0000] {dag.py:3823} INFO - Setting next_dagrun for clean_orders_csv_dag to None, run_after=None
[2025-04-27T20:30:42.027+0000] {processor.py:183} INFO - Processing /opt/airflow/dags/transform_orders_dag.py took 0.495 seconds
[2025-04-27T20:31:12.850+0000] {processor.py:161} INFO - Started process (PID=1617) to work on /opt/airflow/dags/transform_orders_dag.py
[2025-04-27T20:31:12.852+0000] {processor.py:830} INFO - Processing file /opt/airflow/dags/transform_orders_dag.py for tasks to queue
[2025-04-27T20:31:12.853+0000] {logging_mixin.py:188} INFO - [2025-04-27T20:31:12.853+0000] {dagbag.py:538} INFO - Filling up the DagBag from /opt/airflow/dags/transform_orders_dag.py
[2025-04-27T20:31:13.394+0000] {processor.py:840} INFO - DAG(s) 'clean_orders_csv_dag' retrieved from /opt/airflow/dags/transform_orders_dag.py
[2025-04-27T20:31:13.424+0000] {logging_mixin.py:188} INFO - [2025-04-27T20:31:13.423+0000] {dag.py:3036} INFO - Sync 1 DAGs
[2025-04-27T20:31:13.439+0000] {logging_mixin.py:188} INFO - [2025-04-27T20:31:13.439+0000] {dag.py:3823} INFO - Setting next_dagrun for clean_orders_csv_dag to None, run_after=None
[2025-04-27T20:31:13.469+0000] {processor.py:183} INFO - Processing /opt/airflow/dags/transform_orders_dag.py took 0.624 seconds
[2025-04-27T20:31:44.279+0000] {processor.py:161} INFO - Started process (PID=1660) to work on /opt/airflow/dags/transform_orders_dag.py
[2025-04-27T20:31:44.282+0000] {processor.py:830} INFO - Processing file /opt/airflow/dags/transform_orders_dag.py for tasks to queue
[2025-04-27T20:31:44.284+0000] {logging_mixin.py:188} INFO - [2025-04-27T20:31:44.284+0000] {dagbag.py:538} INFO - Filling up the DagBag from /opt/airflow/dags/transform_orders_dag.py
[2025-04-27T20:31:44.654+0000] {processor.py:840} INFO - DAG(s) 'clean_orders_csv_dag' retrieved from /opt/airflow/dags/transform_orders_dag.py
[2025-04-27T20:31:44.679+0000] {logging_mixin.py:188} INFO - [2025-04-27T20:31:44.678+0000] {dag.py:3036} INFO - Sync 1 DAGs
[2025-04-27T20:31:44.693+0000] {logging_mixin.py:188} INFO - [2025-04-27T20:31:44.693+0000] {dag.py:3823} INFO - Setting next_dagrun for clean_orders_csv_dag to None, run_after=None
[2025-04-27T20:31:44.720+0000] {processor.py:183} INFO - Processing /opt/airflow/dags/transform_orders_dag.py took 0.444 seconds
[2025-04-27T20:32:14.887+0000] {processor.py:161} INFO - Started process (PID=1703) to work on /opt/airflow/dags/transform_orders_dag.py
[2025-04-27T20:32:14.888+0000] {processor.py:830} INFO - Processing file /opt/airflow/dags/transform_orders_dag.py for tasks to queue
[2025-04-27T20:32:14.889+0000] {logging_mixin.py:188} INFO - [2025-04-27T20:32:14.888+0000] {dagbag.py:538} INFO - Filling up the DagBag from /opt/airflow/dags/transform_orders_dag.py
[2025-04-27T20:32:15.228+0000] {processor.py:840} INFO - DAG(s) 'clean_orders_csv_dag' retrieved from /opt/airflow/dags/transform_orders_dag.py
[2025-04-27T20:32:15.255+0000] {logging_mixin.py:188} INFO - [2025-04-27T20:32:15.255+0000] {dag.py:3036} INFO - Sync 1 DAGs
[2025-04-27T20:32:15.272+0000] {logging_mixin.py:188} INFO - [2025-04-27T20:32:15.271+0000] {dag.py:3823} INFO - Setting next_dagrun for clean_orders_csv_dag to None, run_after=None
[2025-04-27T20:32:15.317+0000] {processor.py:183} INFO - Processing /opt/airflow/dags/transform_orders_dag.py took 0.433 seconds
[2025-04-27T20:32:46.046+0000] {processor.py:161} INFO - Started process (PID=1746) to work on /opt/airflow/dags/transform_orders_dag.py
[2025-04-27T20:32:46.048+0000] {processor.py:830} INFO - Processing file /opt/airflow/dags/transform_orders_dag.py for tasks to queue
[2025-04-27T20:32:46.052+0000] {logging_mixin.py:188} INFO - [2025-04-27T20:32:46.051+0000] {dagbag.py:538} INFO - Filling up the DagBag from /opt/airflow/dags/transform_orders_dag.py
[2025-04-27T20:32:46.491+0000] {processor.py:840} INFO - DAG(s) 'clean_orders_csv_dag' retrieved from /opt/airflow/dags/transform_orders_dag.py
[2025-04-27T20:32:46.569+0000] {logging_mixin.py:188} INFO - [2025-04-27T20:32:46.568+0000] {dag.py:3036} INFO - Sync 1 DAGs
[2025-04-27T20:32:46.590+0000] {logging_mixin.py:188} INFO - [2025-04-27T20:32:46.589+0000] {dag.py:3823} INFO - Setting next_dagrun for clean_orders_csv_dag to None, run_after=None
[2025-04-27T20:32:46.623+0000] {processor.py:183} INFO - Processing /opt/airflow/dags/transform_orders_dag.py took 0.589 seconds
[2025-04-27T20:33:16.925+0000] {processor.py:161} INFO - Started process (PID=1789) to work on /opt/airflow/dags/transform_orders_dag.py
[2025-04-27T20:33:16.926+0000] {processor.py:830} INFO - Processing file /opt/airflow/dags/transform_orders_dag.py for tasks to queue
[2025-04-27T20:33:16.928+0000] {logging_mixin.py:188} INFO - [2025-04-27T20:33:16.928+0000] {dagbag.py:538} INFO - Filling up the DagBag from /opt/airflow/dags/transform_orders_dag.py
[2025-04-27T20:33:17.579+0000] {processor.py:840} INFO - DAG(s) 'clean_orders_csv_dag' retrieved from /opt/airflow/dags/transform_orders_dag.py
[2025-04-27T20:33:17.647+0000] {logging_mixin.py:188} INFO - [2025-04-27T20:33:17.646+0000] {dag.py:3036} INFO - Sync 1 DAGs
[2025-04-27T20:33:17.672+0000] {logging_mixin.py:188} INFO - [2025-04-27T20:33:17.672+0000] {dag.py:3823} INFO - Setting next_dagrun for clean_orders_csv_dag to None, run_after=None
[2025-04-27T20:33:17.705+0000] {processor.py:183} INFO - Processing /opt/airflow/dags/transform_orders_dag.py took 0.784 seconds
[2025-04-27T20:33:48.435+0000] {processor.py:161} INFO - Started process (PID=1832) to work on /opt/airflow/dags/transform_orders_dag.py
[2025-04-27T20:33:48.437+0000] {processor.py:830} INFO - Processing file /opt/airflow/dags/transform_orders_dag.py for tasks to queue
[2025-04-27T20:33:48.438+0000] {logging_mixin.py:188} INFO - [2025-04-27T20:33:48.437+0000] {dagbag.py:538} INFO - Filling up the DagBag from /opt/airflow/dags/transform_orders_dag.py
[2025-04-27T20:33:48.764+0000] {processor.py:840} INFO - DAG(s) 'clean_orders_csv_dag' retrieved from /opt/airflow/dags/transform_orders_dag.py
[2025-04-27T20:33:48.791+0000] {logging_mixin.py:188} INFO - [2025-04-27T20:33:48.790+0000] {dag.py:3036} INFO - Sync 1 DAGs
[2025-04-27T20:33:48.803+0000] {logging_mixin.py:188} INFO - [2025-04-27T20:33:48.803+0000] {dag.py:3823} INFO - Setting next_dagrun for clean_orders_csv_dag to None, run_after=None
[2025-04-27T20:33:48.823+0000] {processor.py:183} INFO - Processing /opt/airflow/dags/transform_orders_dag.py took 0.391 seconds
[2025-04-27T20:34:18.974+0000] {processor.py:161} INFO - Started process (PID=1875) to work on /opt/airflow/dags/transform_orders_dag.py
[2025-04-27T20:34:18.975+0000] {processor.py:830} INFO - Processing file /opt/airflow/dags/transform_orders_dag.py for tasks to queue
[2025-04-27T20:34:18.977+0000] {logging_mixin.py:188} INFO - [2025-04-27T20:34:18.977+0000] {dagbag.py:538} INFO - Filling up the DagBag from /opt/airflow/dags/transform_orders_dag.py
[2025-04-27T20:34:19.249+0000] {processor.py:840} INFO - DAG(s) 'clean_orders_csv_dag' retrieved from /opt/airflow/dags/transform_orders_dag.py
[2025-04-27T20:34:19.274+0000] {logging_mixin.py:188} INFO - [2025-04-27T20:34:19.273+0000] {dag.py:3036} INFO - Sync 1 DAGs
[2025-04-27T20:34:19.286+0000] {logging_mixin.py:188} INFO - [2025-04-27T20:34:19.286+0000] {dag.py:3823} INFO - Setting next_dagrun for clean_orders_csv_dag to None, run_after=None
[2025-04-27T20:34:19.311+0000] {processor.py:183} INFO - Processing /opt/airflow/dags/transform_orders_dag.py took 0.342 seconds
[2025-04-27T20:34:49.593+0000] {processor.py:161} INFO - Started process (PID=1918) to work on /opt/airflow/dags/transform_orders_dag.py
[2025-04-27T20:34:49.594+0000] {processor.py:830} INFO - Processing file /opt/airflow/dags/transform_orders_dag.py for tasks to queue
[2025-04-27T20:34:49.596+0000] {logging_mixin.py:188} INFO - [2025-04-27T20:34:49.596+0000] {dagbag.py:538} INFO - Filling up the DagBag from /opt/airflow/dags/transform_orders_dag.py
[2025-04-27T20:34:50.045+0000] {processor.py:840} INFO - DAG(s) 'clean_orders_csv_dag' retrieved from /opt/airflow/dags/transform_orders_dag.py
[2025-04-27T20:34:50.086+0000] {logging_mixin.py:188} INFO - [2025-04-27T20:34:50.085+0000] {dag.py:3036} INFO - Sync 1 DAGs
[2025-04-27T20:34:50.107+0000] {logging_mixin.py:188} INFO - [2025-04-27T20:34:50.106+0000] {dag.py:3823} INFO - Setting next_dagrun for clean_orders_csv_dag to None, run_after=None
[2025-04-27T20:34:50.139+0000] {processor.py:183} INFO - Processing /opt/airflow/dags/transform_orders_dag.py took 0.550 seconds
[2025-04-27T20:35:21.205+0000] {processor.py:161} INFO - Started process (PID=1961) to work on /opt/airflow/dags/transform_orders_dag.py
[2025-04-27T20:35:21.207+0000] {processor.py:830} INFO - Processing file /opt/airflow/dags/transform_orders_dag.py for tasks to queue
[2025-04-27T20:35:21.209+0000] {logging_mixin.py:188} INFO - [2025-04-27T20:35:21.209+0000] {dagbag.py:538} INFO - Filling up the DagBag from /opt/airflow/dags/transform_orders_dag.py
[2025-04-27T20:35:21.705+0000] {processor.py:840} INFO - DAG(s) 'clean_orders_csv_dag' retrieved from /opt/airflow/dags/transform_orders_dag.py
[2025-04-27T20:35:21.735+0000] {logging_mixin.py:188} INFO - [2025-04-27T20:35:21.734+0000] {dag.py:3036} INFO - Sync 1 DAGs
[2025-04-27T20:35:21.751+0000] {logging_mixin.py:188} INFO - [2025-04-27T20:35:21.751+0000] {dag.py:3823} INFO - Setting next_dagrun for clean_orders_csv_dag to None, run_after=None
[2025-04-27T20:35:21.791+0000] {processor.py:183} INFO - Processing /opt/airflow/dags/transform_orders_dag.py took 0.589 seconds
[2025-04-27T20:35:52.519+0000] {processor.py:161} INFO - Started process (PID=2004) to work on /opt/airflow/dags/transform_orders_dag.py
[2025-04-27T20:35:52.520+0000] {processor.py:830} INFO - Processing file /opt/airflow/dags/transform_orders_dag.py for tasks to queue
[2025-04-27T20:35:52.522+0000] {logging_mixin.py:188} INFO - [2025-04-27T20:35:52.521+0000] {dagbag.py:538} INFO - Filling up the DagBag from /opt/airflow/dags/transform_orders_dag.py
[2025-04-27T20:35:52.962+0000] {processor.py:840} INFO - DAG(s) 'clean_orders_csv_dag' retrieved from /opt/airflow/dags/transform_orders_dag.py
[2025-04-27T20:35:53.000+0000] {logging_mixin.py:188} INFO - [2025-04-27T20:35:52.999+0000] {dag.py:3036} INFO - Sync 1 DAGs
[2025-04-27T20:35:53.015+0000] {logging_mixin.py:188} INFO - [2025-04-27T20:35:53.015+0000] {dag.py:3823} INFO - Setting next_dagrun for clean_orders_csv_dag to None, run_after=None
[2025-04-27T20:35:53.046+0000] {processor.py:183} INFO - Processing /opt/airflow/dags/transform_orders_dag.py took 0.531 seconds
[2025-04-27T20:36:23.331+0000] {processor.py:161} INFO - Started process (PID=2044) to work on /opt/airflow/dags/transform_orders_dag.py
[2025-04-27T20:36:23.335+0000] {processor.py:830} INFO - Processing file /opt/airflow/dags/transform_orders_dag.py for tasks to queue
[2025-04-27T20:36:23.347+0000] {logging_mixin.py:188} INFO - [2025-04-27T20:36:23.346+0000] {dagbag.py:538} INFO - Filling up the DagBag from /opt/airflow/dags/transform_orders_dag.py
[2025-04-27T20:36:23.770+0000] {processor.py:840} INFO - DAG(s) 'clean_orders_csv_dag' retrieved from /opt/airflow/dags/transform_orders_dag.py
[2025-04-27T20:36:23.807+0000] {logging_mixin.py:188} INFO - [2025-04-27T20:36:23.806+0000] {dag.py:3036} INFO - Sync 1 DAGs
[2025-04-27T20:36:23.821+0000] {logging_mixin.py:188} INFO - [2025-04-27T20:36:23.820+0000] {dag.py:3823} INFO - Setting next_dagrun for clean_orders_csv_dag to None, run_after=None
[2025-04-27T20:36:23.846+0000] {processor.py:183} INFO - Processing /opt/airflow/dags/transform_orders_dag.py took 0.531 seconds
[2025-04-27T20:36:54.740+0000] {processor.py:161} INFO - Started process (PID=2090) to work on /opt/airflow/dags/transform_orders_dag.py
[2025-04-27T20:36:54.742+0000] {processor.py:830} INFO - Processing file /opt/airflow/dags/transform_orders_dag.py for tasks to queue
[2025-04-27T20:36:54.749+0000] {logging_mixin.py:188} INFO - [2025-04-27T20:36:54.743+0000] {dagbag.py:538} INFO - Filling up the DagBag from /opt/airflow/dags/transform_orders_dag.py
[2025-04-27T20:36:55.245+0000] {processor.py:840} INFO - DAG(s) 'clean_orders_csv_dag' retrieved from /opt/airflow/dags/transform_orders_dag.py
[2025-04-27T20:36:55.279+0000] {logging_mixin.py:188} INFO - [2025-04-27T20:36:55.278+0000] {dag.py:3036} INFO - Sync 1 DAGs
[2025-04-27T20:36:55.298+0000] {logging_mixin.py:188} INFO - [2025-04-27T20:36:55.297+0000] {dag.py:3823} INFO - Setting next_dagrun for clean_orders_csv_dag to None, run_after=None
[2025-04-27T20:36:55.328+0000] {processor.py:183} INFO - Processing /opt/airflow/dags/transform_orders_dag.py took 0.597 seconds
[2025-04-27T20:37:25.509+0000] {processor.py:161} INFO - Started process (PID=2133) to work on /opt/airflow/dags/transform_orders_dag.py
[2025-04-27T20:37:25.510+0000] {processor.py:830} INFO - Processing file /opt/airflow/dags/transform_orders_dag.py for tasks to queue
[2025-04-27T20:37:25.511+0000] {logging_mixin.py:188} INFO - [2025-04-27T20:37:25.511+0000] {dagbag.py:538} INFO - Filling up the DagBag from /opt/airflow/dags/transform_orders_dag.py
[2025-04-27T20:37:25.762+0000] {processor.py:840} INFO - DAG(s) 'clean_orders_csv_dag' retrieved from /opt/airflow/dags/transform_orders_dag.py
[2025-04-27T20:37:25.787+0000] {logging_mixin.py:188} INFO - [2025-04-27T20:37:25.787+0000] {dag.py:3036} INFO - Sync 1 DAGs
[2025-04-27T20:37:25.799+0000] {logging_mixin.py:188} INFO - [2025-04-27T20:37:25.799+0000] {dag.py:3823} INFO - Setting next_dagrun for clean_orders_csv_dag to None, run_after=None
[2025-04-27T20:37:25.827+0000] {processor.py:183} INFO - Processing /opt/airflow/dags/transform_orders_dag.py took 0.320 seconds
[2025-04-27T20:37:56.309+0000] {processor.py:161} INFO - Started process (PID=2176) to work on /opt/airflow/dags/transform_orders_dag.py
[2025-04-27T20:37:56.310+0000] {processor.py:830} INFO - Processing file /opt/airflow/dags/transform_orders_dag.py for tasks to queue
[2025-04-27T20:37:56.311+0000] {logging_mixin.py:188} INFO - [2025-04-27T20:37:56.310+0000] {dagbag.py:538} INFO - Filling up the DagBag from /opt/airflow/dags/transform_orders_dag.py
[2025-04-27T20:37:56.779+0000] {processor.py:840} INFO - DAG(s) 'clean_orders_csv_dag' retrieved from /opt/airflow/dags/transform_orders_dag.py
[2025-04-27T20:37:56.811+0000] {logging_mixin.py:188} INFO - [2025-04-27T20:37:56.810+0000] {dag.py:3036} INFO - Sync 1 DAGs
[2025-04-27T20:37:56.837+0000] {logging_mixin.py:188} INFO - [2025-04-27T20:37:56.836+0000] {dag.py:3823} INFO - Setting next_dagrun for clean_orders_csv_dag to None, run_after=None
[2025-04-27T20:37:57.099+0000] {processor.py:183} INFO - Processing /opt/airflow/dags/transform_orders_dag.py took 0.793 seconds
[2025-04-27T20:38:28.095+0000] {processor.py:161} INFO - Started process (PID=2219) to work on /opt/airflow/dags/transform_orders_dag.py
[2025-04-27T20:38:28.105+0000] {processor.py:830} INFO - Processing file /opt/airflow/dags/transform_orders_dag.py for tasks to queue
[2025-04-27T20:38:28.120+0000] {logging_mixin.py:188} INFO - [2025-04-27T20:38:28.110+0000] {dagbag.py:538} INFO - Filling up the DagBag from /opt/airflow/dags/transform_orders_dag.py
[2025-04-27T20:38:30.505+0000] {processor.py:840} INFO - DAG(s) 'clean_orders_csv_dag' retrieved from /opt/airflow/dags/transform_orders_dag.py
[2025-04-27T20:38:30.690+0000] {logging_mixin.py:188} INFO - [2025-04-27T20:38:30.689+0000] {dag.py:3036} INFO - Sync 1 DAGs
[2025-04-27T20:38:30.746+0000] {logging_mixin.py:188} INFO - [2025-04-27T20:38:30.746+0000] {dag.py:3823} INFO - Setting next_dagrun for clean_orders_csv_dag to None, run_after=None
[2025-04-27T20:38:30.806+0000] {processor.py:183} INFO - Processing /opt/airflow/dags/transform_orders_dag.py took 2.723 seconds
[2025-04-27T20:39:01.009+0000] {processor.py:161} INFO - Started process (PID=2262) to work on /opt/airflow/dags/transform_orders_dag.py
[2025-04-27T20:39:01.011+0000] {processor.py:830} INFO - Processing file /opt/airflow/dags/transform_orders_dag.py for tasks to queue
[2025-04-27T20:39:01.012+0000] {logging_mixin.py:188} INFO - [2025-04-27T20:39:01.012+0000] {dagbag.py:538} INFO - Filling up the DagBag from /opt/airflow/dags/transform_orders_dag.py
[2025-04-27T20:39:01.815+0000] {processor.py:840} INFO - DAG(s) 'clean_orders_csv_dag' retrieved from /opt/airflow/dags/transform_orders_dag.py
[2025-04-27T20:39:01.876+0000] {logging_mixin.py:188} INFO - [2025-04-27T20:39:01.875+0000] {dag.py:3036} INFO - Sync 1 DAGs
[2025-04-27T20:39:01.899+0000] {logging_mixin.py:188} INFO - [2025-04-27T20:39:01.899+0000] {dag.py:3823} INFO - Setting next_dagrun for clean_orders_csv_dag to None, run_after=None
[2025-04-27T20:39:01.936+0000] {processor.py:183} INFO - Processing /opt/airflow/dags/transform_orders_dag.py took 0.942 seconds
[2025-04-27T20:39:32.628+0000] {processor.py:161} INFO - Started process (PID=2305) to work on /opt/airflow/dags/transform_orders_dag.py
[2025-04-27T20:39:32.629+0000] {processor.py:830} INFO - Processing file /opt/airflow/dags/transform_orders_dag.py for tasks to queue
[2025-04-27T20:39:32.631+0000] {logging_mixin.py:188} INFO - [2025-04-27T20:39:32.631+0000] {dagbag.py:538} INFO - Filling up the DagBag from /opt/airflow/dags/transform_orders_dag.py
[2025-04-27T20:39:33.229+0000] {processor.py:840} INFO - DAG(s) 'clean_orders_csv_dag' retrieved from /opt/airflow/dags/transform_orders_dag.py
[2025-04-27T20:39:33.266+0000] {logging_mixin.py:188} INFO - [2025-04-27T20:39:33.266+0000] {dag.py:3036} INFO - Sync 1 DAGs
[2025-04-27T20:39:33.281+0000] {logging_mixin.py:188} INFO - [2025-04-27T20:39:33.281+0000] {dag.py:3823} INFO - Setting next_dagrun for clean_orders_csv_dag to None, run_after=None
[2025-04-27T20:39:33.310+0000] {processor.py:183} INFO - Processing /opt/airflow/dags/transform_orders_dag.py took 0.685 seconds
[2025-04-27T20:40:04.207+0000] {processor.py:161} INFO - Started process (PID=2348) to work on /opt/airflow/dags/transform_orders_dag.py
[2025-04-27T20:40:04.209+0000] {processor.py:830} INFO - Processing file /opt/airflow/dags/transform_orders_dag.py for tasks to queue
[2025-04-27T20:40:04.211+0000] {logging_mixin.py:188} INFO - [2025-04-27T20:40:04.210+0000] {dagbag.py:538} INFO - Filling up the DagBag from /opt/airflow/dags/transform_orders_dag.py
[2025-04-27T20:40:04.845+0000] {processor.py:840} INFO - DAG(s) 'clean_orders_csv_dag' retrieved from /opt/airflow/dags/transform_orders_dag.py
[2025-04-27T20:40:04.889+0000] {logging_mixin.py:188} INFO - [2025-04-27T20:40:04.889+0000] {dag.py:3036} INFO - Sync 1 DAGs
[2025-04-27T20:40:04.904+0000] {logging_mixin.py:188} INFO - [2025-04-27T20:40:04.904+0000] {dag.py:3823} INFO - Setting next_dagrun for clean_orders_csv_dag to None, run_after=None
[2025-04-27T20:40:04.934+0000] {processor.py:183} INFO - Processing /opt/airflow/dags/transform_orders_dag.py took 0.731 seconds
[2025-04-27T20:40:35.423+0000] {processor.py:161} INFO - Started process (PID=2391) to work on /opt/airflow/dags/transform_orders_dag.py
[2025-04-27T20:40:35.425+0000] {processor.py:830} INFO - Processing file /opt/airflow/dags/transform_orders_dag.py for tasks to queue
[2025-04-27T20:40:35.426+0000] {logging_mixin.py:188} INFO - [2025-04-27T20:40:35.426+0000] {dagbag.py:538} INFO - Filling up the DagBag from /opt/airflow/dags/transform_orders_dag.py
[2025-04-27T20:40:35.994+0000] {processor.py:840} INFO - DAG(s) 'clean_orders_csv_dag' retrieved from /opt/airflow/dags/transform_orders_dag.py
[2025-04-27T20:40:36.026+0000] {logging_mixin.py:188} INFO - [2025-04-27T20:40:36.026+0000] {dag.py:3036} INFO - Sync 1 DAGs
[2025-04-27T20:40:36.045+0000] {logging_mixin.py:188} INFO - [2025-04-27T20:40:36.044+0000] {dag.py:3823} INFO - Setting next_dagrun for clean_orders_csv_dag to None, run_after=None
[2025-04-27T20:40:36.072+0000] {processor.py:183} INFO - Processing /opt/airflow/dags/transform_orders_dag.py took 0.652 seconds
[2025-04-27T20:41:06.689+0000] {processor.py:161} INFO - Started process (PID=2434) to work on /opt/airflow/dags/transform_orders_dag.py
[2025-04-27T20:41:06.690+0000] {processor.py:830} INFO - Processing file /opt/airflow/dags/transform_orders_dag.py for tasks to queue
[2025-04-27T20:41:06.692+0000] {logging_mixin.py:188} INFO - [2025-04-27T20:41:06.691+0000] {dagbag.py:538} INFO - Filling up the DagBag from /opt/airflow/dags/transform_orders_dag.py
[2025-04-27T20:41:07.215+0000] {processor.py:840} INFO - DAG(s) 'clean_orders_csv_dag' retrieved from /opt/airflow/dags/transform_orders_dag.py
[2025-04-27T20:41:07.252+0000] {logging_mixin.py:188} INFO - [2025-04-27T20:41:07.251+0000] {dag.py:3036} INFO - Sync 1 DAGs
[2025-04-27T20:41:07.267+0000] {logging_mixin.py:188} INFO - [2025-04-27T20:41:07.267+0000] {dag.py:3823} INFO - Setting next_dagrun for clean_orders_csv_dag to None, run_after=None
[2025-04-27T20:41:07.297+0000] {processor.py:183} INFO - Processing /opt/airflow/dags/transform_orders_dag.py took 0.614 seconds
[2025-04-27T20:41:38.024+0000] {processor.py:161} INFO - Started process (PID=2477) to work on /opt/airflow/dags/transform_orders_dag.py
[2025-04-27T20:41:38.025+0000] {processor.py:830} INFO - Processing file /opt/airflow/dags/transform_orders_dag.py for tasks to queue
[2025-04-27T20:41:38.026+0000] {logging_mixin.py:188} INFO - [2025-04-27T20:41:38.025+0000] {dagbag.py:538} INFO - Filling up the DagBag from /opt/airflow/dags/transform_orders_dag.py
[2025-04-27T20:41:38.610+0000] {processor.py:840} INFO - DAG(s) 'clean_orders_csv_dag' retrieved from /opt/airflow/dags/transform_orders_dag.py
[2025-04-27T20:41:38.671+0000] {logging_mixin.py:188} INFO - [2025-04-27T20:41:38.670+0000] {dag.py:3036} INFO - Sync 1 DAGs
[2025-04-27T20:41:38.700+0000] {logging_mixin.py:188} INFO - [2025-04-27T20:41:38.699+0000] {dag.py:3823} INFO - Setting next_dagrun for clean_orders_csv_dag to None, run_after=None
[2025-04-27T20:41:38.744+0000] {processor.py:183} INFO - Processing /opt/airflow/dags/transform_orders_dag.py took 0.722 seconds
[2025-04-27T20:42:26.669+0000] {processor.py:161} INFO - Started process (PID=192) to work on /opt/airflow/dags/transform_orders_dag.py
[2025-04-27T20:42:26.672+0000] {processor.py:830} INFO - Processing file /opt/airflow/dags/transform_orders_dag.py for tasks to queue
[2025-04-27T20:42:26.675+0000] {logging_mixin.py:188} INFO - [2025-04-27T20:42:26.674+0000] {dagbag.py:538} INFO - Filling up the DagBag from /opt/airflow/dags/transform_orders_dag.py
[2025-04-27T20:42:27.142+0000] {processor.py:840} INFO - DAG(s) 'clean_orders_csv_dag' retrieved from /opt/airflow/dags/transform_orders_dag.py
[2025-04-27T20:42:27.163+0000] {logging_mixin.py:188} INFO - [2025-04-27T20:42:27.162+0000] {dag.py:3036} INFO - Sync 1 DAGs
[2025-04-27T20:42:27.183+0000] {logging_mixin.py:188} INFO - [2025-04-27T20:42:27.182+0000] {dag.py:3823} INFO - Setting next_dagrun for clean_orders_csv_dag to None, run_after=None
[2025-04-27T20:42:27.218+0000] {processor.py:183} INFO - Processing /opt/airflow/dags/transform_orders_dag.py took 0.554 seconds
[2025-04-27T20:42:57.441+0000] {processor.py:161} INFO - Started process (PID=235) to work on /opt/airflow/dags/transform_orders_dag.py
[2025-04-27T20:42:57.462+0000] {processor.py:830} INFO - Processing file /opt/airflow/dags/transform_orders_dag.py for tasks to queue
[2025-04-27T20:42:57.469+0000] {logging_mixin.py:188} INFO - [2025-04-27T20:42:57.467+0000] {dagbag.py:538} INFO - Filling up the DagBag from /opt/airflow/dags/transform_orders_dag.py
[2025-04-27T20:42:59.799+0000] {processor.py:840} INFO - DAG(s) 'clean_orders_csv_dag' retrieved from /opt/airflow/dags/transform_orders_dag.py
[2025-04-27T20:42:59.959+0000] {logging_mixin.py:188} INFO - [2025-04-27T20:42:59.959+0000] {dag.py:3036} INFO - Sync 1 DAGs
[2025-04-27T20:42:59.977+0000] {logging_mixin.py:188} INFO - [2025-04-27T20:42:59.977+0000] {dag.py:3823} INFO - Setting next_dagrun for clean_orders_csv_dag to None, run_after=None
[2025-04-27T20:43:00.024+0000] {processor.py:183} INFO - Processing /opt/airflow/dags/transform_orders_dag.py took 2.632 seconds
[2025-04-27T20:43:30.374+0000] {processor.py:161} INFO - Started process (PID=283) to work on /opt/airflow/dags/transform_orders_dag.py
[2025-04-27T20:43:30.375+0000] {processor.py:830} INFO - Processing file /opt/airflow/dags/transform_orders_dag.py for tasks to queue
[2025-04-27T20:43:30.377+0000] {logging_mixin.py:188} INFO - [2025-04-27T20:43:30.376+0000] {dagbag.py:538} INFO - Filling up the DagBag from /opt/airflow/dags/transform_orders_dag.py
[2025-04-27T20:43:30.873+0000] {processor.py:840} INFO - DAG(s) 'clean_orders_csv_dag' retrieved from /opt/airflow/dags/transform_orders_dag.py
[2025-04-27T20:43:30.917+0000] {logging_mixin.py:188} INFO - [2025-04-27T20:43:30.916+0000] {dag.py:3036} INFO - Sync 1 DAGs
[2025-04-27T20:43:30.940+0000] {logging_mixin.py:188} INFO - [2025-04-27T20:43:30.939+0000] {dag.py:3823} INFO - Setting next_dagrun for clean_orders_csv_dag to None, run_after=None
[2025-04-27T20:43:30.993+0000] {processor.py:183} INFO - Processing /opt/airflow/dags/transform_orders_dag.py took 0.623 seconds
[2025-04-27T20:44:01.222+0000] {processor.py:161} INFO - Started process (PID=324) to work on /opt/airflow/dags/transform_orders_dag.py
[2025-04-27T20:44:01.223+0000] {processor.py:830} INFO - Processing file /opt/airflow/dags/transform_orders_dag.py for tasks to queue
[2025-04-27T20:44:01.225+0000] {logging_mixin.py:188} INFO - [2025-04-27T20:44:01.225+0000] {dagbag.py:538} INFO - Filling up the DagBag from /opt/airflow/dags/transform_orders_dag.py
[2025-04-27T20:44:01.586+0000] {processor.py:840} INFO - DAG(s) 'clean_orders_csv_dag' retrieved from /opt/airflow/dags/transform_orders_dag.py
[2025-04-27T20:44:01.633+0000] {logging_mixin.py:188} INFO - [2025-04-27T20:44:01.632+0000] {dag.py:3036} INFO - Sync 1 DAGs
[2025-04-27T20:44:01.659+0000] {logging_mixin.py:188} INFO - [2025-04-27T20:44:01.659+0000] {dag.py:3823} INFO - Setting next_dagrun for clean_orders_csv_dag to None, run_after=None
[2025-04-27T20:44:01.712+0000] {processor.py:183} INFO - Processing /opt/airflow/dags/transform_orders_dag.py took 0.494 seconds
[2025-04-27T20:44:31.852+0000] {processor.py:161} INFO - Started process (PID=366) to work on /opt/airflow/dags/transform_orders_dag.py
[2025-04-27T20:44:31.853+0000] {processor.py:830} INFO - Processing file /opt/airflow/dags/transform_orders_dag.py for tasks to queue
[2025-04-27T20:44:31.855+0000] {logging_mixin.py:188} INFO - [2025-04-27T20:44:31.854+0000] {dagbag.py:538} INFO - Filling up the DagBag from /opt/airflow/dags/transform_orders_dag.py
[2025-04-27T20:44:32.345+0000] {processor.py:840} INFO - DAG(s) 'clean_orders_csv_dag' retrieved from /opt/airflow/dags/transform_orders_dag.py
[2025-04-27T20:44:32.382+0000] {logging_mixin.py:188} INFO - [2025-04-27T20:44:32.381+0000] {dag.py:3036} INFO - Sync 1 DAGs
[2025-04-27T20:44:32.399+0000] {logging_mixin.py:188} INFO - [2025-04-27T20:44:32.399+0000] {dag.py:3823} INFO - Setting next_dagrun for clean_orders_csv_dag to None, run_after=None
[2025-04-27T20:44:32.427+0000] {processor.py:183} INFO - Processing /opt/airflow/dags/transform_orders_dag.py took 0.579 seconds
[2025-04-27T20:45:02.908+0000] {processor.py:161} INFO - Started process (PID=409) to work on /opt/airflow/dags/transform_orders_dag.py
[2025-04-27T20:45:02.909+0000] {processor.py:830} INFO - Processing file /opt/airflow/dags/transform_orders_dag.py for tasks to queue
[2025-04-27T20:45:02.911+0000] {logging_mixin.py:188} INFO - [2025-04-27T20:45:02.910+0000] {dagbag.py:538} INFO - Filling up the DagBag from /opt/airflow/dags/transform_orders_dag.py
[2025-04-27T20:45:03.343+0000] {processor.py:840} INFO - DAG(s) 'clean_orders_csv_dag' retrieved from /opt/airflow/dags/transform_orders_dag.py
[2025-04-27T20:45:03.386+0000] {logging_mixin.py:188} INFO - [2025-04-27T20:45:03.385+0000] {dag.py:3036} INFO - Sync 1 DAGs
[2025-04-27T20:45:03.468+0000] {logging_mixin.py:188} INFO - [2025-04-27T20:45:03.467+0000] {dag.py:3823} INFO - Setting next_dagrun for clean_orders_csv_dag to None, run_after=None
[2025-04-27T20:45:03.528+0000] {processor.py:183} INFO - Processing /opt/airflow/dags/transform_orders_dag.py took 0.623 seconds
[2025-04-27T20:45:34.003+0000] {processor.py:161} INFO - Started process (PID=452) to work on /opt/airflow/dags/transform_orders_dag.py
[2025-04-27T20:45:34.004+0000] {processor.py:830} INFO - Processing file /opt/airflow/dags/transform_orders_dag.py for tasks to queue
[2025-04-27T20:45:34.005+0000] {logging_mixin.py:188} INFO - [2025-04-27T20:45:34.005+0000] {dagbag.py:538} INFO - Filling up the DagBag from /opt/airflow/dags/transform_orders_dag.py
[2025-04-27T20:45:34.650+0000] {processor.py:840} INFO - DAG(s) 'clean_orders_csv_dag' retrieved from /opt/airflow/dags/transform_orders_dag.py
[2025-04-27T20:45:34.718+0000] {logging_mixin.py:188} INFO - [2025-04-27T20:45:34.717+0000] {dag.py:3036} INFO - Sync 1 DAGs
[2025-04-27T20:45:34.786+0000] {logging_mixin.py:188} INFO - [2025-04-27T20:45:34.786+0000] {dag.py:3823} INFO - Setting next_dagrun for clean_orders_csv_dag to None, run_after=None
[2025-04-27T20:45:34.867+0000] {processor.py:183} INFO - Processing /opt/airflow/dags/transform_orders_dag.py took 0.867 seconds
[2025-04-27T20:46:05.463+0000] {processor.py:161} INFO - Started process (PID=495) to work on /opt/airflow/dags/transform_orders_dag.py
[2025-04-27T20:46:05.465+0000] {processor.py:830} INFO - Processing file /opt/airflow/dags/transform_orders_dag.py for tasks to queue
[2025-04-27T20:46:05.466+0000] {logging_mixin.py:188} INFO - [2025-04-27T20:46:05.466+0000] {dagbag.py:538} INFO - Filling up the DagBag from /opt/airflow/dags/transform_orders_dag.py
[2025-04-27T20:46:05.890+0000] {processor.py:840} INFO - DAG(s) 'clean_orders_csv_dag' retrieved from /opt/airflow/dags/transform_orders_dag.py
[2025-04-27T20:46:05.963+0000] {logging_mixin.py:188} INFO - [2025-04-27T20:46:05.962+0000] {dag.py:3036} INFO - Sync 1 DAGs
[2025-04-27T20:46:05.978+0000] {logging_mixin.py:188} INFO - [2025-04-27T20:46:05.978+0000] {dag.py:3823} INFO - Setting next_dagrun for clean_orders_csv_dag to None, run_after=None
[2025-04-27T20:46:06.010+0000] {processor.py:183} INFO - Processing /opt/airflow/dags/transform_orders_dag.py took 0.552 seconds
[2025-04-27T20:46:36.417+0000] {processor.py:161} INFO - Started process (PID=538) to work on /opt/airflow/dags/transform_orders_dag.py
[2025-04-27T20:46:36.418+0000] {processor.py:830} INFO - Processing file /opt/airflow/dags/transform_orders_dag.py for tasks to queue
[2025-04-27T20:46:36.419+0000] {logging_mixin.py:188} INFO - [2025-04-27T20:46:36.419+0000] {dagbag.py:538} INFO - Filling up the DagBag from /opt/airflow/dags/transform_orders_dag.py
[2025-04-27T20:46:36.824+0000] {processor.py:840} INFO - DAG(s) 'clean_orders_csv_dag' retrieved from /opt/airflow/dags/transform_orders_dag.py
[2025-04-27T20:46:36.869+0000] {logging_mixin.py:188} INFO - [2025-04-27T20:46:36.869+0000] {dag.py:3036} INFO - Sync 1 DAGs
[2025-04-27T20:46:36.914+0000] {logging_mixin.py:188} INFO - [2025-04-27T20:46:36.914+0000] {dag.py:3823} INFO - Setting next_dagrun for clean_orders_csv_dag to None, run_after=None
[2025-04-27T20:46:36.949+0000] {processor.py:183} INFO - Processing /opt/airflow/dags/transform_orders_dag.py took 0.536 seconds
[2025-04-27T20:47:07.123+0000] {processor.py:161} INFO - Started process (PID=581) to work on /opt/airflow/dags/transform_orders_dag.py
[2025-04-27T20:47:07.124+0000] {processor.py:830} INFO - Processing file /opt/airflow/dags/transform_orders_dag.py for tasks to queue
[2025-04-27T20:47:07.124+0000] {logging_mixin.py:188} INFO - [2025-04-27T20:47:07.124+0000] {dagbag.py:538} INFO - Filling up the DagBag from /opt/airflow/dags/transform_orders_dag.py
[2025-04-27T20:47:07.460+0000] {processor.py:840} INFO - DAG(s) 'clean_orders_csv_dag' retrieved from /opt/airflow/dags/transform_orders_dag.py
[2025-04-27T20:47:07.529+0000] {logging_mixin.py:188} INFO - [2025-04-27T20:47:07.528+0000] {dag.py:3036} INFO - Sync 1 DAGs
[2025-04-27T20:47:07.551+0000] {logging_mixin.py:188} INFO - [2025-04-27T20:47:07.551+0000] {dag.py:3823} INFO - Setting next_dagrun for clean_orders_csv_dag to None, run_after=None
[2025-04-27T20:47:07.582+0000] {processor.py:183} INFO - Processing /opt/airflow/dags/transform_orders_dag.py took 0.462 seconds
[2025-04-27T20:47:38.324+0000] {processor.py:161} INFO - Started process (PID=624) to work on /opt/airflow/dags/transform_orders_dag.py
[2025-04-27T20:47:38.325+0000] {processor.py:830} INFO - Processing file /opt/airflow/dags/transform_orders_dag.py for tasks to queue
[2025-04-27T20:47:38.326+0000] {logging_mixin.py:188} INFO - [2025-04-27T20:47:38.326+0000] {dagbag.py:538} INFO - Filling up the DagBag from /opt/airflow/dags/transform_orders_dag.py
[2025-04-27T20:47:38.737+0000] {processor.py:840} INFO - DAG(s) 'clean_orders_csv_dag' retrieved from /opt/airflow/dags/transform_orders_dag.py
[2025-04-27T20:47:38.773+0000] {logging_mixin.py:188} INFO - [2025-04-27T20:47:38.773+0000] {dag.py:3036} INFO - Sync 1 DAGs
[2025-04-27T20:47:38.793+0000] {logging_mixin.py:188} INFO - [2025-04-27T20:47:38.792+0000] {dag.py:3823} INFO - Setting next_dagrun for clean_orders_csv_dag to None, run_after=None
[2025-04-27T20:47:38.823+0000] {processor.py:183} INFO - Processing /opt/airflow/dags/transform_orders_dag.py took 0.503 seconds
[2025-04-27T20:48:08.950+0000] {processor.py:161} INFO - Started process (PID=667) to work on /opt/airflow/dags/transform_orders_dag.py
[2025-04-27T20:48:08.951+0000] {processor.py:830} INFO - Processing file /opt/airflow/dags/transform_orders_dag.py for tasks to queue
[2025-04-27T20:48:08.953+0000] {logging_mixin.py:188} INFO - [2025-04-27T20:48:08.952+0000] {dagbag.py:538} INFO - Filling up the DagBag from /opt/airflow/dags/transform_orders_dag.py
[2025-04-27T20:48:09.470+0000] {processor.py:840} INFO - DAG(s) 'clean_orders_csv_dag' retrieved from /opt/airflow/dags/transform_orders_dag.py
[2025-04-27T20:48:09.503+0000] {logging_mixin.py:188} INFO - [2025-04-27T20:48:09.503+0000] {dag.py:3036} INFO - Sync 1 DAGs
[2025-04-27T20:48:09.521+0000] {logging_mixin.py:188} INFO - [2025-04-27T20:48:09.520+0000] {dag.py:3823} INFO - Setting next_dagrun for clean_orders_csv_dag to None, run_after=None
[2025-04-27T20:48:09.547+0000] {processor.py:183} INFO - Processing /opt/airflow/dags/transform_orders_dag.py took 0.603 seconds
[2025-04-27T20:48:39.642+0000] {processor.py:161} INFO - Started process (PID=710) to work on /opt/airflow/dags/transform_orders_dag.py
[2025-04-27T20:48:39.643+0000] {processor.py:830} INFO - Processing file /opt/airflow/dags/transform_orders_dag.py for tasks to queue
[2025-04-27T20:48:39.645+0000] {logging_mixin.py:188} INFO - [2025-04-27T20:48:39.644+0000] {dagbag.py:538} INFO - Filling up the DagBag from /opt/airflow/dags/transform_orders_dag.py
[2025-04-27T20:48:40.021+0000] {processor.py:840} INFO - DAG(s) 'clean_orders_csv_dag' retrieved from /opt/airflow/dags/transform_orders_dag.py
[2025-04-27T20:48:40.066+0000] {logging_mixin.py:188} INFO - [2025-04-27T20:48:40.061+0000] {dag.py:3036} INFO - Sync 1 DAGs
[2025-04-27T20:48:40.091+0000] {logging_mixin.py:188} INFO - [2025-04-27T20:48:40.090+0000] {dag.py:3823} INFO - Setting next_dagrun for clean_orders_csv_dag to None, run_after=None
[2025-04-27T20:48:40.123+0000] {processor.py:183} INFO - Processing /opt/airflow/dags/transform_orders_dag.py took 0.485 seconds
[2025-04-27T20:49:10.444+0000] {processor.py:161} INFO - Started process (PID=753) to work on /opt/airflow/dags/transform_orders_dag.py
[2025-04-27T20:49:10.447+0000] {processor.py:830} INFO - Processing file /opt/airflow/dags/transform_orders_dag.py for tasks to queue
[2025-04-27T20:49:10.457+0000] {logging_mixin.py:188} INFO - [2025-04-27T20:49:10.456+0000] {dagbag.py:538} INFO - Filling up the DagBag from /opt/airflow/dags/transform_orders_dag.py
[2025-04-27T20:49:11.275+0000] {processor.py:840} INFO - DAG(s) 'clean_orders_csv_dag' retrieved from /opt/airflow/dags/transform_orders_dag.py
[2025-04-27T20:49:11.348+0000] {logging_mixin.py:188} INFO - [2025-04-27T20:49:11.347+0000] {dag.py:3036} INFO - Sync 1 DAGs
[2025-04-27T20:49:11.378+0000] {logging_mixin.py:188} INFO - [2025-04-27T20:49:11.377+0000] {dag.py:3823} INFO - Setting next_dagrun for clean_orders_csv_dag to None, run_after=None
[2025-04-27T20:49:11.432+0000] {processor.py:183} INFO - Processing /opt/airflow/dags/transform_orders_dag.py took 0.992 seconds
[2025-04-27T20:49:41.771+0000] {processor.py:161} INFO - Started process (PID=796) to work on /opt/airflow/dags/transform_orders_dag.py
[2025-04-27T20:49:41.772+0000] {processor.py:830} INFO - Processing file /opt/airflow/dags/transform_orders_dag.py for tasks to queue
[2025-04-27T20:49:41.773+0000] {logging_mixin.py:188} INFO - [2025-04-27T20:49:41.773+0000] {dagbag.py:538} INFO - Filling up the DagBag from /opt/airflow/dags/transform_orders_dag.py
[2025-04-27T20:49:42.163+0000] {processor.py:840} INFO - DAG(s) 'clean_orders_csv_dag' retrieved from /opt/airflow/dags/transform_orders_dag.py
[2025-04-27T20:49:42.202+0000] {logging_mixin.py:188} INFO - [2025-04-27T20:49:42.202+0000] {dag.py:3036} INFO - Sync 1 DAGs
[2025-04-27T20:49:42.227+0000] {logging_mixin.py:188} INFO - [2025-04-27T20:49:42.226+0000] {dag.py:3823} INFO - Setting next_dagrun for clean_orders_csv_dag to None, run_after=None
[2025-04-27T20:49:42.267+0000] {processor.py:183} INFO - Processing /opt/airflow/dags/transform_orders_dag.py took 0.498 seconds
[2025-04-27T20:50:12.418+0000] {processor.py:161} INFO - Started process (PID=839) to work on /opt/airflow/dags/transform_orders_dag.py
[2025-04-27T20:50:12.419+0000] {processor.py:830} INFO - Processing file /opt/airflow/dags/transform_orders_dag.py for tasks to queue
[2025-04-27T20:50:12.420+0000] {logging_mixin.py:188} INFO - [2025-04-27T20:50:12.420+0000] {dagbag.py:538} INFO - Filling up the DagBag from /opt/airflow/dags/transform_orders_dag.py
[2025-04-27T20:50:12.733+0000] {processor.py:840} INFO - DAG(s) 'clean_orders_csv_dag' retrieved from /opt/airflow/dags/transform_orders_dag.py
[2025-04-27T20:50:12.767+0000] {logging_mixin.py:188} INFO - [2025-04-27T20:50:12.767+0000] {dag.py:3036} INFO - Sync 1 DAGs
[2025-04-27T20:50:12.783+0000] {logging_mixin.py:188} INFO - [2025-04-27T20:50:12.783+0000] {dag.py:3823} INFO - Setting next_dagrun for clean_orders_csv_dag to None, run_after=None
[2025-04-27T20:50:12.812+0000] {processor.py:183} INFO - Processing /opt/airflow/dags/transform_orders_dag.py took 0.397 seconds
[2025-04-27T20:50:43.174+0000] {processor.py:161} INFO - Started process (PID=882) to work on /opt/airflow/dags/transform_orders_dag.py
[2025-04-27T20:50:43.175+0000] {processor.py:830} INFO - Processing file /opt/airflow/dags/transform_orders_dag.py for tasks to queue
[2025-04-27T20:50:43.176+0000] {logging_mixin.py:188} INFO - [2025-04-27T20:50:43.175+0000] {dagbag.py:538} INFO - Filling up the DagBag from /opt/airflow/dags/transform_orders_dag.py
[2025-04-27T20:50:43.624+0000] {processor.py:840} INFO - DAG(s) 'clean_orders_csv_dag' retrieved from /opt/airflow/dags/transform_orders_dag.py
[2025-04-27T20:50:43.660+0000] {logging_mixin.py:188} INFO - [2025-04-27T20:50:43.659+0000] {dag.py:3036} INFO - Sync 1 DAGs
[2025-04-27T20:50:43.676+0000] {logging_mixin.py:188} INFO - [2025-04-27T20:50:43.676+0000] {dag.py:3823} INFO - Setting next_dagrun for clean_orders_csv_dag to None, run_after=None
[2025-04-27T20:50:43.708+0000] {processor.py:183} INFO - Processing /opt/airflow/dags/transform_orders_dag.py took 0.537 seconds
[2025-04-27T20:51:13.966+0000] {processor.py:161} INFO - Started process (PID=925) to work on /opt/airflow/dags/transform_orders_dag.py
[2025-04-27T20:51:13.967+0000] {processor.py:830} INFO - Processing file /opt/airflow/dags/transform_orders_dag.py for tasks to queue
[2025-04-27T20:51:13.968+0000] {logging_mixin.py:188} INFO - [2025-04-27T20:51:13.968+0000] {dagbag.py:538} INFO - Filling up the DagBag from /opt/airflow/dags/transform_orders_dag.py
[2025-04-27T20:51:14.274+0000] {processor.py:840} INFO - DAG(s) 'clean_orders_csv_dag' retrieved from /opt/airflow/dags/transform_orders_dag.py
[2025-04-27T20:51:14.335+0000] {logging_mixin.py:188} INFO - [2025-04-27T20:51:14.335+0000] {dag.py:3036} INFO - Sync 1 DAGs
[2025-04-27T20:51:14.368+0000] {logging_mixin.py:188} INFO - [2025-04-27T20:51:14.368+0000] {dag.py:3823} INFO - Setting next_dagrun for clean_orders_csv_dag to None, run_after=None
[2025-04-27T20:51:14.407+0000] {processor.py:183} INFO - Processing /opt/airflow/dags/transform_orders_dag.py took 0.444 seconds
[2025-04-27T20:51:44.505+0000] {processor.py:161} INFO - Started process (PID=968) to work on /opt/airflow/dags/transform_orders_dag.py
[2025-04-27T20:51:44.506+0000] {processor.py:830} INFO - Processing file /opt/airflow/dags/transform_orders_dag.py for tasks to queue
[2025-04-27T20:51:44.507+0000] {logging_mixin.py:188} INFO - [2025-04-27T20:51:44.507+0000] {dagbag.py:538} INFO - Filling up the DagBag from /opt/airflow/dags/transform_orders_dag.py
[2025-04-27T20:51:44.864+0000] {processor.py:840} INFO - DAG(s) 'clean_orders_csv_dag' retrieved from /opt/airflow/dags/transform_orders_dag.py
[2025-04-27T20:51:44.940+0000] {logging_mixin.py:188} INFO - [2025-04-27T20:51:44.940+0000] {dag.py:3036} INFO - Sync 1 DAGs
[2025-04-27T20:51:44.994+0000] {logging_mixin.py:188} INFO - [2025-04-27T20:51:44.993+0000] {dag.py:3823} INFO - Setting next_dagrun for clean_orders_csv_dag to None, run_after=None
[2025-04-27T20:51:45.052+0000] {processor.py:183} INFO - Processing /opt/airflow/dags/transform_orders_dag.py took 0.550 seconds
[2025-04-27T20:52:15.351+0000] {processor.py:161} INFO - Started process (PID=1011) to work on /opt/airflow/dags/transform_orders_dag.py
[2025-04-27T20:52:15.353+0000] {processor.py:830} INFO - Processing file /opt/airflow/dags/transform_orders_dag.py for tasks to queue
[2025-04-27T20:52:15.354+0000] {logging_mixin.py:188} INFO - [2025-04-27T20:52:15.354+0000] {dagbag.py:538} INFO - Filling up the DagBag from /opt/airflow/dags/transform_orders_dag.py
[2025-04-27T20:52:15.737+0000] {processor.py:840} INFO - DAG(s) 'clean_orders_csv_dag' retrieved from /opt/airflow/dags/transform_orders_dag.py
[2025-04-27T20:52:15.781+0000] {logging_mixin.py:188} INFO - [2025-04-27T20:52:15.780+0000] {dag.py:3036} INFO - Sync 1 DAGs
[2025-04-27T20:52:15.800+0000] {logging_mixin.py:188} INFO - [2025-04-27T20:52:15.800+0000] {dag.py:3823} INFO - Setting next_dagrun for clean_orders_csv_dag to None, run_after=None
[2025-04-27T20:52:15.841+0000] {processor.py:183} INFO - Processing /opt/airflow/dags/transform_orders_dag.py took 0.494 seconds
[2025-04-27T20:52:46.037+0000] {processor.py:161} INFO - Started process (PID=1054) to work on /opt/airflow/dags/transform_orders_dag.py
[2025-04-27T20:52:46.039+0000] {processor.py:830} INFO - Processing file /opt/airflow/dags/transform_orders_dag.py for tasks to queue
[2025-04-27T20:52:46.040+0000] {logging_mixin.py:188} INFO - [2025-04-27T20:52:46.040+0000] {dagbag.py:538} INFO - Filling up the DagBag from /opt/airflow/dags/transform_orders_dag.py
[2025-04-27T20:52:46.502+0000] {processor.py:840} INFO - DAG(s) 'clean_orders_csv_dag' retrieved from /opt/airflow/dags/transform_orders_dag.py
[2025-04-27T20:52:46.567+0000] {logging_mixin.py:188} INFO - [2025-04-27T20:52:46.567+0000] {dag.py:3036} INFO - Sync 1 DAGs
[2025-04-27T20:52:46.611+0000] {logging_mixin.py:188} INFO - [2025-04-27T20:52:46.610+0000] {dag.py:3823} INFO - Setting next_dagrun for clean_orders_csv_dag to None, run_after=None
[2025-04-27T20:52:46.645+0000] {processor.py:183} INFO - Processing /opt/airflow/dags/transform_orders_dag.py took 0.613 seconds
[2025-04-27T20:53:16.763+0000] {processor.py:161} INFO - Started process (PID=1094) to work on /opt/airflow/dags/transform_orders_dag.py
[2025-04-27T20:53:16.765+0000] {processor.py:830} INFO - Processing file /opt/airflow/dags/transform_orders_dag.py for tasks to queue
[2025-04-27T20:53:16.766+0000] {logging_mixin.py:188} INFO - [2025-04-27T20:53:16.766+0000] {dagbag.py:538} INFO - Filling up the DagBag from /opt/airflow/dags/transform_orders_dag.py
[2025-04-27T20:53:17.228+0000] {processor.py:840} INFO - DAG(s) 'clean_orders_csv_dag' retrieved from /opt/airflow/dags/transform_orders_dag.py
[2025-04-27T20:53:17.265+0000] {logging_mixin.py:188} INFO - [2025-04-27T20:53:17.264+0000] {dag.py:3036} INFO - Sync 1 DAGs
[2025-04-27T20:53:17.279+0000] {logging_mixin.py:188} INFO - [2025-04-27T20:53:17.279+0000] {dag.py:3823} INFO - Setting next_dagrun for clean_orders_csv_dag to None, run_after=None
[2025-04-27T20:53:17.306+0000] {processor.py:183} INFO - Processing /opt/airflow/dags/transform_orders_dag.py took 0.547 seconds
[2025-04-27T20:53:47.526+0000] {processor.py:161} INFO - Started process (PID=1140) to work on /opt/airflow/dags/transform_orders_dag.py
[2025-04-27T20:53:47.527+0000] {processor.py:830} INFO - Processing file /opt/airflow/dags/transform_orders_dag.py for tasks to queue
[2025-04-27T20:53:47.528+0000] {logging_mixin.py:188} INFO - [2025-04-27T20:53:47.528+0000] {dagbag.py:538} INFO - Filling up the DagBag from /opt/airflow/dags/transform_orders_dag.py
[2025-04-27T20:53:48.479+0000] {processor.py:840} INFO - DAG(s) 'clean_orders_csv_dag' retrieved from /opt/airflow/dags/transform_orders_dag.py
[2025-04-27T20:53:48.580+0000] {logging_mixin.py:188} INFO - [2025-04-27T20:53:48.578+0000] {dag.py:3036} INFO - Sync 1 DAGs
[2025-04-27T20:53:48.624+0000] {logging_mixin.py:188} INFO - [2025-04-27T20:53:48.623+0000] {dag.py:3823} INFO - Setting next_dagrun for clean_orders_csv_dag to None, run_after=None
[2025-04-27T20:53:48.682+0000] {processor.py:183} INFO - Processing /opt/airflow/dags/transform_orders_dag.py took 1.160 seconds
[2025-04-27T20:54:18.990+0000] {processor.py:161} INFO - Started process (PID=1183) to work on /opt/airflow/dags/transform_orders_dag.py
[2025-04-27T20:54:18.991+0000] {processor.py:830} INFO - Processing file /opt/airflow/dags/transform_orders_dag.py for tasks to queue
[2025-04-27T20:54:18.992+0000] {logging_mixin.py:188} INFO - [2025-04-27T20:54:18.992+0000] {dagbag.py:538} INFO - Filling up the DagBag from /opt/airflow/dags/transform_orders_dag.py
[2025-04-27T20:54:19.610+0000] {processor.py:840} INFO - DAG(s) 'clean_orders_csv_dag' retrieved from /opt/airflow/dags/transform_orders_dag.py
[2025-04-27T20:54:19.658+0000] {logging_mixin.py:188} INFO - [2025-04-27T20:54:19.658+0000] {dag.py:3036} INFO - Sync 1 DAGs
[2025-04-27T20:54:19.676+0000] {logging_mixin.py:188} INFO - [2025-04-27T20:54:19.676+0000] {dag.py:3823} INFO - Setting next_dagrun for clean_orders_csv_dag to None, run_after=None
[2025-04-27T20:54:19.701+0000] {processor.py:183} INFO - Processing /opt/airflow/dags/transform_orders_dag.py took 0.718 seconds
[2025-04-27T20:54:50.026+0000] {processor.py:161} INFO - Started process (PID=1226) to work on /opt/airflow/dags/transform_orders_dag.py
[2025-04-27T20:54:50.028+0000] {processor.py:830} INFO - Processing file /opt/airflow/dags/transform_orders_dag.py for tasks to queue
[2025-04-27T20:54:50.030+0000] {logging_mixin.py:188} INFO - [2025-04-27T20:54:50.029+0000] {dagbag.py:538} INFO - Filling up the DagBag from /opt/airflow/dags/transform_orders_dag.py
[2025-04-27T20:54:50.665+0000] {processor.py:840} INFO - DAG(s) 'clean_orders_csv_dag' retrieved from /opt/airflow/dags/transform_orders_dag.py
[2025-04-27T20:54:50.703+0000] {logging_mixin.py:188} INFO - [2025-04-27T20:54:50.702+0000] {dag.py:3036} INFO - Sync 1 DAGs
[2025-04-27T20:54:50.719+0000] {logging_mixin.py:188} INFO - [2025-04-27T20:54:50.718+0000] {dag.py:3823} INFO - Setting next_dagrun for clean_orders_csv_dag to None, run_after=None
[2025-04-27T20:54:50.747+0000] {processor.py:183} INFO - Processing /opt/airflow/dags/transform_orders_dag.py took 0.725 seconds
[2025-04-27T20:55:20.976+0000] {processor.py:161} INFO - Started process (PID=1269) to work on /opt/airflow/dags/transform_orders_dag.py
[2025-04-27T20:55:20.978+0000] {processor.py:830} INFO - Processing file /opt/airflow/dags/transform_orders_dag.py for tasks to queue
[2025-04-27T20:55:20.980+0000] {logging_mixin.py:188} INFO - [2025-04-27T20:55:20.980+0000] {dagbag.py:538} INFO - Filling up the DagBag from /opt/airflow/dags/transform_orders_dag.py
[2025-04-27T20:55:21.677+0000] {processor.py:840} INFO - DAG(s) 'clean_orders_csv_dag' retrieved from /opt/airflow/dags/transform_orders_dag.py
[2025-04-27T20:55:21.733+0000] {logging_mixin.py:188} INFO - [2025-04-27T20:55:21.733+0000] {dag.py:3036} INFO - Sync 1 DAGs
[2025-04-27T20:55:21.761+0000] {logging_mixin.py:188} INFO - [2025-04-27T20:55:21.761+0000] {dag.py:3823} INFO - Setting next_dagrun for clean_orders_csv_dag to None, run_after=None
[2025-04-27T20:55:21.817+0000] {processor.py:183} INFO - Processing /opt/airflow/dags/transform_orders_dag.py took 0.847 seconds
[2025-04-27T20:55:52.068+0000] {processor.py:161} INFO - Started process (PID=1312) to work on /opt/airflow/dags/transform_orders_dag.py
[2025-04-27T20:55:52.069+0000] {processor.py:830} INFO - Processing file /opt/airflow/dags/transform_orders_dag.py for tasks to queue
[2025-04-27T20:55:52.070+0000] {logging_mixin.py:188} INFO - [2025-04-27T20:55:52.070+0000] {dagbag.py:538} INFO - Filling up the DagBag from /opt/airflow/dags/transform_orders_dag.py
[2025-04-27T20:55:52.323+0000] {processor.py:840} INFO - DAG(s) 'clean_orders_csv_dag' retrieved from /opt/airflow/dags/transform_orders_dag.py
[2025-04-27T20:55:52.345+0000] {logging_mixin.py:188} INFO - [2025-04-27T20:55:52.345+0000] {dag.py:3036} INFO - Sync 1 DAGs
[2025-04-27T20:55:52.358+0000] {logging_mixin.py:188} INFO - [2025-04-27T20:55:52.358+0000] {dag.py:3823} INFO - Setting next_dagrun for clean_orders_csv_dag to None, run_after=None
[2025-04-27T20:55:52.387+0000] {processor.py:183} INFO - Processing /opt/airflow/dags/transform_orders_dag.py took 0.321 seconds
[2025-04-27T20:56:22.539+0000] {processor.py:161} INFO - Started process (PID=1355) to work on /opt/airflow/dags/transform_orders_dag.py
[2025-04-27T20:56:22.540+0000] {processor.py:830} INFO - Processing file /opt/airflow/dags/transform_orders_dag.py for tasks to queue
[2025-04-27T20:56:22.541+0000] {logging_mixin.py:188} INFO - [2025-04-27T20:56:22.541+0000] {dagbag.py:538} INFO - Filling up the DagBag from /opt/airflow/dags/transform_orders_dag.py
[2025-04-27T20:56:22.778+0000] {processor.py:840} INFO - DAG(s) 'clean_orders_csv_dag' retrieved from /opt/airflow/dags/transform_orders_dag.py
[2025-04-27T20:56:22.799+0000] {logging_mixin.py:188} INFO - [2025-04-27T20:56:22.799+0000] {dag.py:3036} INFO - Sync 1 DAGs
[2025-04-27T20:56:22.810+0000] {logging_mixin.py:188} INFO - [2025-04-27T20:56:22.810+0000] {dag.py:3823} INFO - Setting next_dagrun for clean_orders_csv_dag to None, run_after=None
[2025-04-27T20:56:22.829+0000] {processor.py:183} INFO - Processing /opt/airflow/dags/transform_orders_dag.py took 0.292 seconds
[2025-04-27T20:56:52.969+0000] {processor.py:161} INFO - Started process (PID=1398) to work on /opt/airflow/dags/transform_orders_dag.py
[2025-04-27T20:56:52.970+0000] {processor.py:830} INFO - Processing file /opt/airflow/dags/transform_orders_dag.py for tasks to queue
[2025-04-27T20:56:52.971+0000] {logging_mixin.py:188} INFO - [2025-04-27T20:56:52.971+0000] {dagbag.py:538} INFO - Filling up the DagBag from /opt/airflow/dags/transform_orders_dag.py
[2025-04-27T20:56:53.238+0000] {processor.py:840} INFO - DAG(s) 'clean_orders_csv_dag' retrieved from /opt/airflow/dags/transform_orders_dag.py
[2025-04-27T20:56:53.261+0000] {logging_mixin.py:188} INFO - [2025-04-27T20:56:53.261+0000] {dag.py:3036} INFO - Sync 1 DAGs
[2025-04-27T20:56:53.272+0000] {logging_mixin.py:188} INFO - [2025-04-27T20:56:53.272+0000] {dag.py:3823} INFO - Setting next_dagrun for clean_orders_csv_dag to None, run_after=None
[2025-04-27T20:56:53.310+0000] {processor.py:183} INFO - Processing /opt/airflow/dags/transform_orders_dag.py took 0.343 seconds
[2025-04-27T20:57:23.743+0000] {processor.py:161} INFO - Started process (PID=1441) to work on /opt/airflow/dags/transform_orders_dag.py
[2025-04-27T20:57:23.744+0000] {processor.py:830} INFO - Processing file /opt/airflow/dags/transform_orders_dag.py for tasks to queue
[2025-04-27T20:57:23.746+0000] {logging_mixin.py:188} INFO - [2025-04-27T20:57:23.745+0000] {dagbag.py:538} INFO - Filling up the DagBag from /opt/airflow/dags/transform_orders_dag.py
[2025-04-27T20:57:24.111+0000] {processor.py:840} INFO - DAG(s) 'clean_orders_csv_dag' retrieved from /opt/airflow/dags/transform_orders_dag.py
[2025-04-27T20:57:24.160+0000] {logging_mixin.py:188} INFO - [2025-04-27T20:57:24.159+0000] {dag.py:3036} INFO - Sync 1 DAGs
[2025-04-27T20:57:24.179+0000] {logging_mixin.py:188} INFO - [2025-04-27T20:57:24.179+0000] {dag.py:3823} INFO - Setting next_dagrun for clean_orders_csv_dag to None, run_after=None
[2025-04-27T20:57:24.210+0000] {processor.py:183} INFO - Processing /opt/airflow/dags/transform_orders_dag.py took 0.470 seconds
[2025-04-27T20:57:54.836+0000] {processor.py:161} INFO - Started process (PID=1484) to work on /opt/airflow/dags/transform_orders_dag.py
[2025-04-27T20:57:54.837+0000] {processor.py:830} INFO - Processing file /opt/airflow/dags/transform_orders_dag.py for tasks to queue
[2025-04-27T20:57:54.839+0000] {logging_mixin.py:188} INFO - [2025-04-27T20:57:54.839+0000] {dagbag.py:538} INFO - Filling up the DagBag from /opt/airflow/dags/transform_orders_dag.py
[2025-04-27T20:57:55.347+0000] {processor.py:840} INFO - DAG(s) 'clean_orders_csv_dag' retrieved from /opt/airflow/dags/transform_orders_dag.py
[2025-04-27T20:57:55.387+0000] {logging_mixin.py:188} INFO - [2025-04-27T20:57:55.387+0000] {dag.py:3036} INFO - Sync 1 DAGs
[2025-04-27T20:57:55.404+0000] {logging_mixin.py:188} INFO - [2025-04-27T20:57:55.404+0000] {dag.py:3823} INFO - Setting next_dagrun for clean_orders_csv_dag to None, run_after=None
[2025-04-27T20:57:55.436+0000] {processor.py:183} INFO - Processing /opt/airflow/dags/transform_orders_dag.py took 0.606 seconds
[2025-04-27T20:58:26.180+0000] {processor.py:161} INFO - Started process (PID=1527) to work on /opt/airflow/dags/transform_orders_dag.py
[2025-04-27T20:58:26.180+0000] {processor.py:830} INFO - Processing file /opt/airflow/dags/transform_orders_dag.py for tasks to queue
[2025-04-27T20:58:26.181+0000] {logging_mixin.py:188} INFO - [2025-04-27T20:58:26.181+0000] {dagbag.py:538} INFO - Filling up the DagBag from /opt/airflow/dags/transform_orders_dag.py
[2025-04-27T20:58:26.464+0000] {processor.py:840} INFO - DAG(s) 'clean_orders_csv_dag' retrieved from /opt/airflow/dags/transform_orders_dag.py
[2025-04-27T20:58:26.493+0000] {logging_mixin.py:188} INFO - [2025-04-27T20:58:26.492+0000] {dag.py:3036} INFO - Sync 1 DAGs
[2025-04-27T20:58:26.504+0000] {logging_mixin.py:188} INFO - [2025-04-27T20:58:26.504+0000] {dag.py:3823} INFO - Setting next_dagrun for clean_orders_csv_dag to None, run_after=None
[2025-04-27T20:58:26.524+0000] {processor.py:183} INFO - Processing /opt/airflow/dags/transform_orders_dag.py took 0.347 seconds
[2025-04-27T20:58:56.794+0000] {processor.py:161} INFO - Started process (PID=1570) to work on /opt/airflow/dags/transform_orders_dag.py
[2025-04-27T20:58:56.795+0000] {processor.py:830} INFO - Processing file /opt/airflow/dags/transform_orders_dag.py for tasks to queue
[2025-04-27T20:58:56.796+0000] {logging_mixin.py:188} INFO - [2025-04-27T20:58:56.795+0000] {dagbag.py:538} INFO - Filling up the DagBag from /opt/airflow/dags/transform_orders_dag.py
[2025-04-27T20:58:57.043+0000] {processor.py:840} INFO - DAG(s) 'clean_orders_csv_dag' retrieved from /opt/airflow/dags/transform_orders_dag.py
[2025-04-27T20:58:57.071+0000] {logging_mixin.py:188} INFO - [2025-04-27T20:58:57.070+0000] {dag.py:3036} INFO - Sync 1 DAGs
[2025-04-27T20:58:57.081+0000] {logging_mixin.py:188} INFO - [2025-04-27T20:58:57.081+0000] {dag.py:3823} INFO - Setting next_dagrun for clean_orders_csv_dag to None, run_after=None
[2025-04-27T20:58:57.100+0000] {processor.py:183} INFO - Processing /opt/airflow/dags/transform_orders_dag.py took 0.309 seconds
[2025-04-27T20:59:27.207+0000] {processor.py:161} INFO - Started process (PID=1613) to work on /opt/airflow/dags/transform_orders_dag.py
[2025-04-27T20:59:27.208+0000] {processor.py:830} INFO - Processing file /opt/airflow/dags/transform_orders_dag.py for tasks to queue
[2025-04-27T20:59:27.209+0000] {logging_mixin.py:188} INFO - [2025-04-27T20:59:27.208+0000] {dagbag.py:538} INFO - Filling up the DagBag from /opt/airflow/dags/transform_orders_dag.py
[2025-04-27T20:59:27.471+0000] {processor.py:840} INFO - DAG(s) 'clean_orders_csv_dag' retrieved from /opt/airflow/dags/transform_orders_dag.py
[2025-04-27T20:59:27.491+0000] {logging_mixin.py:188} INFO - [2025-04-27T20:59:27.491+0000] {dag.py:3036} INFO - Sync 1 DAGs
[2025-04-27T20:59:27.502+0000] {logging_mixin.py:188} INFO - [2025-04-27T20:59:27.502+0000] {dag.py:3823} INFO - Setting next_dagrun for clean_orders_csv_dag to None, run_after=None
[2025-04-27T20:59:27.524+0000] {processor.py:183} INFO - Processing /opt/airflow/dags/transform_orders_dag.py took 0.319 seconds
[2025-04-27T20:59:57.717+0000] {processor.py:161} INFO - Started process (PID=1656) to work on /opt/airflow/dags/transform_orders_dag.py
[2025-04-27T20:59:57.718+0000] {processor.py:830} INFO - Processing file /opt/airflow/dags/transform_orders_dag.py for tasks to queue
[2025-04-27T20:59:57.719+0000] {logging_mixin.py:188} INFO - [2025-04-27T20:59:57.719+0000] {dagbag.py:538} INFO - Filling up the DagBag from /opt/airflow/dags/transform_orders_dag.py
[2025-04-27T20:59:57.991+0000] {processor.py:840} INFO - DAG(s) 'clean_orders_csv_dag' retrieved from /opt/airflow/dags/transform_orders_dag.py
[2025-04-27T20:59:58.016+0000] {logging_mixin.py:188} INFO - [2025-04-27T20:59:58.015+0000] {dag.py:3036} INFO - Sync 1 DAGs
[2025-04-27T20:59:58.030+0000] {logging_mixin.py:188} INFO - [2025-04-27T20:59:58.029+0000] {dag.py:3823} INFO - Setting next_dagrun for clean_orders_csv_dag to None, run_after=None
[2025-04-27T20:59:58.055+0000] {processor.py:183} INFO - Processing /opt/airflow/dags/transform_orders_dag.py took 0.342 seconds
[2025-04-27T21:00:28.262+0000] {processor.py:161} INFO - Started process (PID=1699) to work on /opt/airflow/dags/transform_orders_dag.py
[2025-04-27T21:00:28.263+0000] {processor.py:830} INFO - Processing file /opt/airflow/dags/transform_orders_dag.py for tasks to queue
[2025-04-27T21:00:28.264+0000] {logging_mixin.py:188} INFO - [2025-04-27T21:00:28.263+0000] {dagbag.py:538} INFO - Filling up the DagBag from /opt/airflow/dags/transform_orders_dag.py
[2025-04-27T21:00:28.539+0000] {processor.py:840} INFO - DAG(s) 'clean_orders_csv_dag' retrieved from /opt/airflow/dags/transform_orders_dag.py
[2025-04-27T21:00:28.562+0000] {logging_mixin.py:188} INFO - [2025-04-27T21:00:28.562+0000] {dag.py:3036} INFO - Sync 1 DAGs
[2025-04-27T21:00:28.575+0000] {logging_mixin.py:188} INFO - [2025-04-27T21:00:28.575+0000] {dag.py:3823} INFO - Setting next_dagrun for clean_orders_csv_dag to None, run_after=None
[2025-04-27T21:00:28.595+0000] {processor.py:183} INFO - Processing /opt/airflow/dags/transform_orders_dag.py took 0.336 seconds
[2025-04-27T21:00:58.690+0000] {processor.py:161} INFO - Started process (PID=1742) to work on /opt/airflow/dags/transform_orders_dag.py
[2025-04-27T21:00:58.690+0000] {processor.py:830} INFO - Processing file /opt/airflow/dags/transform_orders_dag.py for tasks to queue
[2025-04-27T21:00:58.691+0000] {logging_mixin.py:188} INFO - [2025-04-27T21:00:58.691+0000] {dagbag.py:538} INFO - Filling up the DagBag from /opt/airflow/dags/transform_orders_dag.py
[2025-04-27T21:00:58.960+0000] {processor.py:840} INFO - DAG(s) 'clean_orders_csv_dag' retrieved from /opt/airflow/dags/transform_orders_dag.py
[2025-04-27T21:00:59.000+0000] {logging_mixin.py:188} INFO - [2025-04-27T21:00:59.000+0000] {dag.py:3036} INFO - Sync 1 DAGs
[2025-04-27T21:00:59.018+0000] {logging_mixin.py:188} INFO - [2025-04-27T21:00:59.017+0000] {dag.py:3823} INFO - Setting next_dagrun for clean_orders_csv_dag to None, run_after=None
[2025-04-27T21:00:59.046+0000] {processor.py:183} INFO - Processing /opt/airflow/dags/transform_orders_dag.py took 0.359 seconds
[2025-04-27T21:01:29.164+0000] {processor.py:161} INFO - Started process (PID=1782) to work on /opt/airflow/dags/transform_orders_dag.py
[2025-04-27T21:01:29.165+0000] {processor.py:830} INFO - Processing file /opt/airflow/dags/transform_orders_dag.py for tasks to queue
[2025-04-27T21:01:29.166+0000] {logging_mixin.py:188} INFO - [2025-04-27T21:01:29.166+0000] {dagbag.py:538} INFO - Filling up the DagBag from /opt/airflow/dags/transform_orders_dag.py
[2025-04-27T21:01:29.468+0000] {processor.py:840} INFO - DAG(s) 'clean_orders_csv_dag' retrieved from /opt/airflow/dags/transform_orders_dag.py
[2025-04-27T21:01:29.491+0000] {logging_mixin.py:188} INFO - [2025-04-27T21:01:29.491+0000] {dag.py:3036} INFO - Sync 1 DAGs
[2025-04-27T21:01:29.502+0000] {logging_mixin.py:188} INFO - [2025-04-27T21:01:29.502+0000] {dag.py:3823} INFO - Setting next_dagrun for clean_orders_csv_dag to None, run_after=None
[2025-04-27T21:01:29.531+0000] {processor.py:183} INFO - Processing /opt/airflow/dags/transform_orders_dag.py took 0.370 seconds
[2025-04-27T21:01:59.764+0000] {processor.py:161} INFO - Started process (PID=1828) to work on /opt/airflow/dags/transform_orders_dag.py
[2025-04-27T21:01:59.765+0000] {processor.py:830} INFO - Processing file /opt/airflow/dags/transform_orders_dag.py for tasks to queue
[2025-04-27T21:01:59.765+0000] {logging_mixin.py:188} INFO - [2025-04-27T21:01:59.765+0000] {dagbag.py:538} INFO - Filling up the DagBag from /opt/airflow/dags/transform_orders_dag.py
[2025-04-27T21:02:00.079+0000] {processor.py:840} INFO - DAG(s) 'clean_orders_csv_dag' retrieved from /opt/airflow/dags/transform_orders_dag.py
[2025-04-27T21:02:00.111+0000] {logging_mixin.py:188} INFO - [2025-04-27T21:02:00.111+0000] {dag.py:3036} INFO - Sync 1 DAGs
[2025-04-27T21:02:00.123+0000] {logging_mixin.py:188} INFO - [2025-04-27T21:02:00.123+0000] {dag.py:3823} INFO - Setting next_dagrun for clean_orders_csv_dag to None, run_after=None
[2025-04-27T21:02:00.149+0000] {processor.py:183} INFO - Processing /opt/airflow/dags/transform_orders_dag.py took 0.388 seconds
[2025-04-27T21:02:30.399+0000] {processor.py:161} INFO - Started process (PID=1871) to work on /opt/airflow/dags/transform_orders_dag.py
[2025-04-27T21:02:30.400+0000] {processor.py:830} INFO - Processing file /opt/airflow/dags/transform_orders_dag.py for tasks to queue
[2025-04-27T21:02:30.401+0000] {logging_mixin.py:188} INFO - [2025-04-27T21:02:30.401+0000] {dagbag.py:538} INFO - Filling up the DagBag from /opt/airflow/dags/transform_orders_dag.py
[2025-04-27T21:02:30.658+0000] {processor.py:840} INFO - DAG(s) 'clean_orders_csv_dag' retrieved from /opt/airflow/dags/transform_orders_dag.py
[2025-04-27T21:02:30.683+0000] {logging_mixin.py:188} INFO - [2025-04-27T21:02:30.683+0000] {dag.py:3036} INFO - Sync 1 DAGs
[2025-04-27T21:02:30.696+0000] {logging_mixin.py:188} INFO - [2025-04-27T21:02:30.695+0000] {dag.py:3823} INFO - Setting next_dagrun for clean_orders_csv_dag to None, run_after=None
[2025-04-27T21:02:30.718+0000] {processor.py:183} INFO - Processing /opt/airflow/dags/transform_orders_dag.py took 0.322 seconds
[2025-04-27T21:03:00.815+0000] {processor.py:161} INFO - Started process (PID=1914) to work on /opt/airflow/dags/transform_orders_dag.py
[2025-04-27T21:03:00.816+0000] {processor.py:830} INFO - Processing file /opt/airflow/dags/transform_orders_dag.py for tasks to queue
[2025-04-27T21:03:00.817+0000] {logging_mixin.py:188} INFO - [2025-04-27T21:03:00.817+0000] {dagbag.py:538} INFO - Filling up the DagBag from /opt/airflow/dags/transform_orders_dag.py
[2025-04-27T21:03:01.115+0000] {processor.py:840} INFO - DAG(s) 'clean_orders_csv_dag' retrieved from /opt/airflow/dags/transform_orders_dag.py
[2025-04-27T21:03:01.169+0000] {logging_mixin.py:188} INFO - [2025-04-27T21:03:01.168+0000] {dag.py:3036} INFO - Sync 1 DAGs
[2025-04-27T21:03:01.194+0000] {logging_mixin.py:188} INFO - [2025-04-27T21:03:01.194+0000] {dag.py:3823} INFO - Setting next_dagrun for clean_orders_csv_dag to None, run_after=None
[2025-04-27T21:03:01.227+0000] {processor.py:183} INFO - Processing /opt/airflow/dags/transform_orders_dag.py took 0.414 seconds
[2025-04-27T21:03:31.372+0000] {processor.py:161} INFO - Started process (PID=1957) to work on /opt/airflow/dags/transform_orders_dag.py
[2025-04-27T21:03:31.373+0000] {processor.py:830} INFO - Processing file /opt/airflow/dags/transform_orders_dag.py for tasks to queue
[2025-04-27T21:03:31.375+0000] {logging_mixin.py:188} INFO - [2025-04-27T21:03:31.374+0000] {dagbag.py:538} INFO - Filling up the DagBag from /opt/airflow/dags/transform_orders_dag.py
[2025-04-27T21:03:31.784+0000] {processor.py:840} INFO - DAG(s) 'clean_orders_csv_dag' retrieved from /opt/airflow/dags/transform_orders_dag.py
[2025-04-27T21:03:31.817+0000] {logging_mixin.py:188} INFO - [2025-04-27T21:03:31.817+0000] {dag.py:3036} INFO - Sync 1 DAGs
[2025-04-27T21:03:31.832+0000] {logging_mixin.py:188} INFO - [2025-04-27T21:03:31.832+0000] {dag.py:3823} INFO - Setting next_dagrun for clean_orders_csv_dag to None, run_after=None
[2025-04-27T21:03:31.854+0000] {processor.py:183} INFO - Processing /opt/airflow/dags/transform_orders_dag.py took 0.486 seconds
[2025-04-27T21:04:01.955+0000] {processor.py:161} INFO - Started process (PID=1997) to work on /opt/airflow/dags/transform_orders_dag.py
[2025-04-27T21:04:01.957+0000] {processor.py:830} INFO - Processing file /opt/airflow/dags/transform_orders_dag.py for tasks to queue
[2025-04-27T21:04:01.958+0000] {logging_mixin.py:188} INFO - [2025-04-27T21:04:01.957+0000] {dagbag.py:538} INFO - Filling up the DagBag from /opt/airflow/dags/transform_orders_dag.py
[2025-04-27T21:04:02.209+0000] {processor.py:840} INFO - DAG(s) 'clean_orders_csv_dag' retrieved from /opt/airflow/dags/transform_orders_dag.py
[2025-04-27T21:04:02.235+0000] {logging_mixin.py:188} INFO - [2025-04-27T21:04:02.235+0000] {dag.py:3036} INFO - Sync 1 DAGs
[2025-04-27T21:04:02.246+0000] {logging_mixin.py:188} INFO - [2025-04-27T21:04:02.246+0000] {dag.py:3823} INFO - Setting next_dagrun for clean_orders_csv_dag to None, run_after=None
[2025-04-27T21:04:02.266+0000] {processor.py:183} INFO - Processing /opt/airflow/dags/transform_orders_dag.py took 0.316 seconds
[2025-04-27T21:04:32.437+0000] {processor.py:161} INFO - Started process (PID=2043) to work on /opt/airflow/dags/transform_orders_dag.py
[2025-04-27T21:04:32.438+0000] {processor.py:830} INFO - Processing file /opt/airflow/dags/transform_orders_dag.py for tasks to queue
[2025-04-27T21:04:32.439+0000] {logging_mixin.py:188} INFO - [2025-04-27T21:04:32.439+0000] {dagbag.py:538} INFO - Filling up the DagBag from /opt/airflow/dags/transform_orders_dag.py
[2025-04-27T21:04:32.736+0000] {processor.py:840} INFO - DAG(s) 'clean_orders_csv_dag' retrieved from /opt/airflow/dags/transform_orders_dag.py
[2025-04-27T21:04:32.768+0000] {logging_mixin.py:188} INFO - [2025-04-27T21:04:32.768+0000] {dag.py:3036} INFO - Sync 1 DAGs
[2025-04-27T21:04:32.784+0000] {logging_mixin.py:188} INFO - [2025-04-27T21:04:32.784+0000] {dag.py:3823} INFO - Setting next_dagrun for clean_orders_csv_dag to None, run_after=None
[2025-04-27T21:04:32.809+0000] {processor.py:183} INFO - Processing /opt/airflow/dags/transform_orders_dag.py took 0.375 seconds
[2025-04-27T21:05:03.004+0000] {processor.py:161} INFO - Started process (PID=2086) to work on /opt/airflow/dags/transform_orders_dag.py
[2025-04-27T21:05:03.005+0000] {processor.py:830} INFO - Processing file /opt/airflow/dags/transform_orders_dag.py for tasks to queue
[2025-04-27T21:05:03.007+0000] {logging_mixin.py:188} INFO - [2025-04-27T21:05:03.006+0000] {dagbag.py:538} INFO - Filling up the DagBag from /opt/airflow/dags/transform_orders_dag.py
[2025-04-27T21:05:03.360+0000] {processor.py:840} INFO - DAG(s) 'clean_orders_csv_dag' retrieved from /opt/airflow/dags/transform_orders_dag.py
[2025-04-27T21:05:03.404+0000] {logging_mixin.py:188} INFO - [2025-04-27T21:05:03.403+0000] {dag.py:3036} INFO - Sync 1 DAGs
[2025-04-27T21:05:03.423+0000] {logging_mixin.py:188} INFO - [2025-04-27T21:05:03.423+0000] {dag.py:3823} INFO - Setting next_dagrun for clean_orders_csv_dag to None, run_after=None
[2025-04-27T21:05:03.460+0000] {processor.py:183} INFO - Processing /opt/airflow/dags/transform_orders_dag.py took 0.458 seconds
[2025-04-27T21:05:33.638+0000] {processor.py:161} INFO - Started process (PID=2129) to work on /opt/airflow/dags/transform_orders_dag.py
[2025-04-27T21:05:33.639+0000] {processor.py:830} INFO - Processing file /opt/airflow/dags/transform_orders_dag.py for tasks to queue
[2025-04-27T21:05:33.639+0000] {logging_mixin.py:188} INFO - [2025-04-27T21:05:33.639+0000] {dagbag.py:538} INFO - Filling up the DagBag from /opt/airflow/dags/transform_orders_dag.py
[2025-04-27T21:05:33.945+0000] {processor.py:840} INFO - DAG(s) 'clean_orders_csv_dag' retrieved from /opt/airflow/dags/transform_orders_dag.py
[2025-04-27T21:05:33.971+0000] {logging_mixin.py:188} INFO - [2025-04-27T21:05:33.971+0000] {dag.py:3036} INFO - Sync 1 DAGs
[2025-04-27T21:05:33.986+0000] {logging_mixin.py:188} INFO - [2025-04-27T21:05:33.985+0000] {dag.py:3823} INFO - Setting next_dagrun for clean_orders_csv_dag to None, run_after=None
[2025-04-27T21:05:34.011+0000] {processor.py:183} INFO - Processing /opt/airflow/dags/transform_orders_dag.py took 0.376 seconds
[2025-04-27T21:06:04.251+0000] {processor.py:161} INFO - Started process (PID=2172) to work on /opt/airflow/dags/transform_orders_dag.py
[2025-04-27T21:06:04.252+0000] {processor.py:830} INFO - Processing file /opt/airflow/dags/transform_orders_dag.py for tasks to queue
[2025-04-27T21:06:04.253+0000] {logging_mixin.py:188} INFO - [2025-04-27T21:06:04.252+0000] {dagbag.py:538} INFO - Filling up the DagBag from /opt/airflow/dags/transform_orders_dag.py
[2025-04-27T21:06:04.589+0000] {processor.py:840} INFO - DAG(s) 'clean_orders_csv_dag' retrieved from /opt/airflow/dags/transform_orders_dag.py
[2025-04-27T21:06:04.626+0000] {logging_mixin.py:188} INFO - [2025-04-27T21:06:04.625+0000] {dag.py:3036} INFO - Sync 1 DAGs
[2025-04-27T21:06:04.647+0000] {logging_mixin.py:188} INFO - [2025-04-27T21:06:04.646+0000] {dag.py:3823} INFO - Setting next_dagrun for clean_orders_csv_dag to None, run_after=None
[2025-04-27T21:06:04.684+0000] {processor.py:183} INFO - Processing /opt/airflow/dags/transform_orders_dag.py took 0.436 seconds
[2025-04-27T21:06:34.909+0000] {processor.py:161} INFO - Started process (PID=2215) to work on /opt/airflow/dags/transform_orders_dag.py
[2025-04-27T21:06:34.910+0000] {processor.py:830} INFO - Processing file /opt/airflow/dags/transform_orders_dag.py for tasks to queue
[2025-04-27T21:06:34.911+0000] {logging_mixin.py:188} INFO - [2025-04-27T21:06:34.910+0000] {dagbag.py:538} INFO - Filling up the DagBag from /opt/airflow/dags/transform_orders_dag.py
[2025-04-27T21:06:35.136+0000] {processor.py:840} INFO - DAG(s) 'clean_orders_csv_dag' retrieved from /opt/airflow/dags/transform_orders_dag.py
[2025-04-27T21:06:35.160+0000] {logging_mixin.py:188} INFO - [2025-04-27T21:06:35.160+0000] {dag.py:3036} INFO - Sync 1 DAGs
[2025-04-27T21:06:35.171+0000] {logging_mixin.py:188} INFO - [2025-04-27T21:06:35.171+0000] {dag.py:3823} INFO - Setting next_dagrun for clean_orders_csv_dag to None, run_after=None
[2025-04-27T21:06:35.190+0000] {processor.py:183} INFO - Processing /opt/airflow/dags/transform_orders_dag.py took 0.284 seconds
[2025-04-27T21:07:05.288+0000] {processor.py:161} INFO - Started process (PID=2255) to work on /opt/airflow/dags/transform_orders_dag.py
[2025-04-27T21:07:05.289+0000] {processor.py:830} INFO - Processing file /opt/airflow/dags/transform_orders_dag.py for tasks to queue
[2025-04-27T21:07:05.290+0000] {logging_mixin.py:188} INFO - [2025-04-27T21:07:05.290+0000] {dagbag.py:538} INFO - Filling up the DagBag from /opt/airflow/dags/transform_orders_dag.py
[2025-04-27T21:07:05.591+0000] {processor.py:840} INFO - DAG(s) 'clean_orders_csv_dag' retrieved from /opt/airflow/dags/transform_orders_dag.py
[2025-04-27T21:07:05.618+0000] {logging_mixin.py:188} INFO - [2025-04-27T21:07:05.618+0000] {dag.py:3036} INFO - Sync 1 DAGs
[2025-04-27T21:07:05.631+0000] {logging_mixin.py:188} INFO - [2025-04-27T21:07:05.631+0000] {dag.py:3823} INFO - Setting next_dagrun for clean_orders_csv_dag to None, run_after=None
[2025-04-27T21:07:05.653+0000] {processor.py:183} INFO - Processing /opt/airflow/dags/transform_orders_dag.py took 0.368 seconds
[2025-04-27T21:07:36.166+0000] {processor.py:161} INFO - Started process (PID=2301) to work on /opt/airflow/dags/transform_orders_dag.py
[2025-04-27T21:07:36.167+0000] {processor.py:830} INFO - Processing file /opt/airflow/dags/transform_orders_dag.py for tasks to queue
[2025-04-27T21:07:36.168+0000] {logging_mixin.py:188} INFO - [2025-04-27T21:07:36.168+0000] {dagbag.py:538} INFO - Filling up the DagBag from /opt/airflow/dags/transform_orders_dag.py
[2025-04-27T21:07:36.434+0000] {processor.py:840} INFO - DAG(s) 'clean_orders_csv_dag' retrieved from /opt/airflow/dags/transform_orders_dag.py
[2025-04-27T21:07:36.463+0000] {logging_mixin.py:188} INFO - [2025-04-27T21:07:36.462+0000] {dag.py:3036} INFO - Sync 1 DAGs
[2025-04-27T21:07:36.476+0000] {logging_mixin.py:188} INFO - [2025-04-27T21:07:36.475+0000] {dag.py:3823} INFO - Setting next_dagrun for clean_orders_csv_dag to None, run_after=None
[2025-04-27T21:07:36.500+0000] {processor.py:183} INFO - Processing /opt/airflow/dags/transform_orders_dag.py took 0.337 seconds
[2025-04-27T21:08:06.702+0000] {processor.py:161} INFO - Started process (PID=2344) to work on /opt/airflow/dags/transform_orders_dag.py
[2025-04-27T21:08:06.703+0000] {processor.py:830} INFO - Processing file /opt/airflow/dags/transform_orders_dag.py for tasks to queue
[2025-04-27T21:08:06.704+0000] {logging_mixin.py:188} INFO - [2025-04-27T21:08:06.704+0000] {dagbag.py:538} INFO - Filling up the DagBag from /opt/airflow/dags/transform_orders_dag.py
[2025-04-27T21:08:07.000+0000] {processor.py:840} INFO - DAG(s) 'clean_orders_csv_dag' retrieved from /opt/airflow/dags/transform_orders_dag.py
[2025-04-27T21:08:07.023+0000] {logging_mixin.py:188} INFO - [2025-04-27T21:08:07.023+0000] {dag.py:3036} INFO - Sync 1 DAGs
[2025-04-27T21:08:07.034+0000] {logging_mixin.py:188} INFO - [2025-04-27T21:08:07.034+0000] {dag.py:3823} INFO - Setting next_dagrun for clean_orders_csv_dag to None, run_after=None
[2025-04-27T21:08:07.055+0000] {processor.py:183} INFO - Processing /opt/airflow/dags/transform_orders_dag.py took 0.355 seconds
[2025-04-27T21:08:37.243+0000] {processor.py:161} INFO - Started process (PID=2388) to work on /opt/airflow/dags/transform_orders_dag.py
[2025-04-27T21:08:37.244+0000] {processor.py:830} INFO - Processing file /opt/airflow/dags/transform_orders_dag.py for tasks to queue
[2025-04-27T21:08:37.245+0000] {logging_mixin.py:188} INFO - [2025-04-27T21:08:37.245+0000] {dagbag.py:538} INFO - Filling up the DagBag from /opt/airflow/dags/transform_orders_dag.py
[2025-04-27T21:08:37.528+0000] {processor.py:840} INFO - DAG(s) 'clean_orders_csv_dag' retrieved from /opt/airflow/dags/transform_orders_dag.py
[2025-04-27T21:08:37.549+0000] {logging_mixin.py:188} INFO - [2025-04-27T21:08:37.549+0000] {dag.py:3036} INFO - Sync 1 DAGs
[2025-04-27T21:08:37.560+0000] {logging_mixin.py:188} INFO - [2025-04-27T21:08:37.560+0000] {dag.py:3823} INFO - Setting next_dagrun for clean_orders_csv_dag to None, run_after=None
[2025-04-27T21:08:37.580+0000] {processor.py:183} INFO - Processing /opt/airflow/dags/transform_orders_dag.py took 0.340 seconds
[2025-04-27T21:09:07.935+0000] {processor.py:161} INFO - Started process (PID=2433) to work on /opt/airflow/dags/transform_orders_dag.py
[2025-04-27T21:09:07.936+0000] {processor.py:830} INFO - Processing file /opt/airflow/dags/transform_orders_dag.py for tasks to queue
[2025-04-27T21:09:07.938+0000] {logging_mixin.py:188} INFO - [2025-04-27T21:09:07.937+0000] {dagbag.py:538} INFO - Filling up the DagBag from /opt/airflow/dags/transform_orders_dag.py
[2025-04-27T21:09:08.175+0000] {processor.py:840} INFO - DAG(s) 'clean_orders_csv_dag' retrieved from /opt/airflow/dags/transform_orders_dag.py
[2025-04-27T21:09:08.202+0000] {logging_mixin.py:188} INFO - [2025-04-27T21:09:08.202+0000] {dag.py:3036} INFO - Sync 1 DAGs
[2025-04-27T21:09:08.215+0000] {logging_mixin.py:188} INFO - [2025-04-27T21:09:08.214+0000] {dag.py:3823} INFO - Setting next_dagrun for clean_orders_csv_dag to None, run_after=None
[2025-04-27T21:09:08.238+0000] {processor.py:183} INFO - Processing /opt/airflow/dags/transform_orders_dag.py took 0.305 seconds
[2025-04-27T21:17:35.197+0000] {processor.py:161} INFO - Started process (PID=2476) to work on /opt/airflow/dags/transform_orders_dag.py
[2025-04-27T21:17:35.199+0000] {processor.py:830} INFO - Processing file /opt/airflow/dags/transform_orders_dag.py for tasks to queue
[2025-04-27T21:17:35.201+0000] {logging_mixin.py:188} INFO - [2025-04-27T21:17:35.200+0000] {dagbag.py:538} INFO - Filling up the DagBag from /opt/airflow/dags/transform_orders_dag.py
[2025-04-27T21:17:36.164+0000] {processor.py:840} INFO - DAG(s) 'clean_orders_csv_dag' retrieved from /opt/airflow/dags/transform_orders_dag.py
[2025-04-27T21:17:36.222+0000] {logging_mixin.py:188} INFO - [2025-04-27T21:17:36.220+0000] {dag.py:3036} INFO - Sync 1 DAGs
[2025-04-27T21:17:36.251+0000] {logging_mixin.py:188} INFO - [2025-04-27T21:17:36.251+0000] {dag.py:3823} INFO - Setting next_dagrun for clean_orders_csv_dag to None, run_after=None
[2025-04-27T21:17:36.311+0000] {processor.py:183} INFO - Processing /opt/airflow/dags/transform_orders_dag.py took 1.124 seconds
[2025-04-27T21:18:06.763+0000] {processor.py:161} INFO - Started process (PID=2518) to work on /opt/airflow/dags/transform_orders_dag.py
[2025-04-27T21:18:06.764+0000] {processor.py:830} INFO - Processing file /opt/airflow/dags/transform_orders_dag.py for tasks to queue
[2025-04-27T21:18:06.765+0000] {logging_mixin.py:188} INFO - [2025-04-27T21:18:06.764+0000] {dagbag.py:538} INFO - Filling up the DagBag from /opt/airflow/dags/transform_orders_dag.py
[2025-04-27T21:18:07.029+0000] {processor.py:840} INFO - DAG(s) 'clean_orders_csv_dag' retrieved from /opt/airflow/dags/transform_orders_dag.py
[2025-04-27T21:18:07.050+0000] {logging_mixin.py:188} INFO - [2025-04-27T21:18:07.049+0000] {dag.py:3036} INFO - Sync 1 DAGs
[2025-04-27T21:18:07.075+0000] {logging_mixin.py:188} INFO - [2025-04-27T21:18:07.075+0000] {dag.py:3823} INFO - Setting next_dagrun for clean_orders_csv_dag to None, run_after=None
[2025-04-27T21:18:07.103+0000] {processor.py:183} INFO - Processing /opt/airflow/dags/transform_orders_dag.py took 0.343 seconds
[2025-04-27T21:18:37.293+0000] {processor.py:161} INFO - Started process (PID=2561) to work on /opt/airflow/dags/transform_orders_dag.py
[2025-04-27T21:18:37.294+0000] {processor.py:830} INFO - Processing file /opt/airflow/dags/transform_orders_dag.py for tasks to queue
[2025-04-27T21:18:37.296+0000] {logging_mixin.py:188} INFO - [2025-04-27T21:18:37.295+0000] {dagbag.py:538} INFO - Filling up the DagBag from /opt/airflow/dags/transform_orders_dag.py
[2025-04-27T21:18:37.669+0000] {processor.py:840} INFO - DAG(s) 'clean_orders_csv_dag' retrieved from /opt/airflow/dags/transform_orders_dag.py
[2025-04-27T21:18:37.730+0000] {logging_mixin.py:188} INFO - [2025-04-27T21:18:37.729+0000] {dag.py:3036} INFO - Sync 1 DAGs
[2025-04-27T21:18:37.764+0000] {logging_mixin.py:188} INFO - [2025-04-27T21:18:37.763+0000] {dag.py:3823} INFO - Setting next_dagrun for clean_orders_csv_dag to None, run_after=None
[2025-04-27T21:18:37.810+0000] {processor.py:183} INFO - Processing /opt/airflow/dags/transform_orders_dag.py took 0.521 seconds
[2025-04-27T21:19:08.082+0000] {processor.py:161} INFO - Started process (PID=2604) to work on /opt/airflow/dags/transform_orders_dag.py
[2025-04-27T21:19:08.083+0000] {processor.py:830} INFO - Processing file /opt/airflow/dags/transform_orders_dag.py for tasks to queue
[2025-04-27T21:19:08.084+0000] {logging_mixin.py:188} INFO - [2025-04-27T21:19:08.084+0000] {dagbag.py:538} INFO - Filling up the DagBag from /opt/airflow/dags/transform_orders_dag.py
[2025-04-27T21:19:08.399+0000] {processor.py:840} INFO - DAG(s) 'clean_orders_csv_dag' retrieved from /opt/airflow/dags/transform_orders_dag.py
[2025-04-27T21:19:08.429+0000] {logging_mixin.py:188} INFO - [2025-04-27T21:19:08.428+0000] {dag.py:3036} INFO - Sync 1 DAGs
[2025-04-27T21:19:08.463+0000] {logging_mixin.py:188} INFO - [2025-04-27T21:19:08.463+0000] {dag.py:3823} INFO - Setting next_dagrun for clean_orders_csv_dag to None, run_after=None
[2025-04-27T21:19:08.510+0000] {processor.py:183} INFO - Processing /opt/airflow/dags/transform_orders_dag.py took 0.431 seconds
[2025-04-27T21:19:38.624+0000] {processor.py:161} INFO - Started process (PID=2647) to work on /opt/airflow/dags/transform_orders_dag.py
[2025-04-27T21:19:38.626+0000] {processor.py:830} INFO - Processing file /opt/airflow/dags/transform_orders_dag.py for tasks to queue
[2025-04-27T21:19:38.627+0000] {logging_mixin.py:188} INFO - [2025-04-27T21:19:38.626+0000] {dagbag.py:538} INFO - Filling up the DagBag from /opt/airflow/dags/transform_orders_dag.py
[2025-04-27T21:19:38.894+0000] {processor.py:840} INFO - DAG(s) 'clean_orders_csv_dag' retrieved from /opt/airflow/dags/transform_orders_dag.py
[2025-04-27T21:19:38.920+0000] {logging_mixin.py:188} INFO - [2025-04-27T21:19:38.919+0000] {dag.py:3036} INFO - Sync 1 DAGs
[2025-04-27T21:19:38.935+0000] {logging_mixin.py:188} INFO - [2025-04-27T21:19:38.935+0000] {dag.py:3823} INFO - Setting next_dagrun for clean_orders_csv_dag to None, run_after=None
[2025-04-27T21:19:38.963+0000] {processor.py:183} INFO - Processing /opt/airflow/dags/transform_orders_dag.py took 0.341 seconds
[2025-04-27T21:20:09.343+0000] {processor.py:161} INFO - Started process (PID=2693) to work on /opt/airflow/dags/transform_orders_dag.py
[2025-04-27T21:20:09.344+0000] {processor.py:830} INFO - Processing file /opt/airflow/dags/transform_orders_dag.py for tasks to queue
[2025-04-27T21:20:09.345+0000] {logging_mixin.py:188} INFO - [2025-04-27T21:20:09.345+0000] {dagbag.py:538} INFO - Filling up the DagBag from /opt/airflow/dags/transform_orders_dag.py
[2025-04-27T21:20:09.573+0000] {processor.py:840} INFO - DAG(s) 'clean_orders_csv_dag' retrieved from /opt/airflow/dags/transform_orders_dag.py
[2025-04-27T21:20:09.593+0000] {logging_mixin.py:188} INFO - [2025-04-27T21:20:09.593+0000] {dag.py:3036} INFO - Sync 1 DAGs
[2025-04-27T21:20:09.603+0000] {logging_mixin.py:188} INFO - [2025-04-27T21:20:09.603+0000] {dag.py:3823} INFO - Setting next_dagrun for clean_orders_csv_dag to None, run_after=None
[2025-04-27T21:20:09.624+0000] {processor.py:183} INFO - Processing /opt/airflow/dags/transform_orders_dag.py took 0.284 seconds
[2025-04-27T21:20:39.738+0000] {processor.py:161} INFO - Started process (PID=2736) to work on /opt/airflow/dags/transform_orders_dag.py
[2025-04-27T21:20:39.740+0000] {processor.py:830} INFO - Processing file /opt/airflow/dags/transform_orders_dag.py for tasks to queue
[2025-04-27T21:20:39.740+0000] {logging_mixin.py:188} INFO - [2025-04-27T21:20:39.740+0000] {dagbag.py:538} INFO - Filling up the DagBag from /opt/airflow/dags/transform_orders_dag.py
[2025-04-27T21:20:39.962+0000] {processor.py:840} INFO - DAG(s) 'clean_orders_csv_dag' retrieved from /opt/airflow/dags/transform_orders_dag.py
[2025-04-27T21:20:39.983+0000] {logging_mixin.py:188} INFO - [2025-04-27T21:20:39.982+0000] {dag.py:3036} INFO - Sync 1 DAGs
[2025-04-27T21:20:39.995+0000] {logging_mixin.py:188} INFO - [2025-04-27T21:20:39.995+0000] {dag.py:3823} INFO - Setting next_dagrun for clean_orders_csv_dag to None, run_after=None
[2025-04-27T21:20:40.014+0000] {processor.py:183} INFO - Processing /opt/airflow/dags/transform_orders_dag.py took 0.278 seconds
[2025-04-27T21:21:10.262+0000] {processor.py:161} INFO - Started process (PID=2784) to work on /opt/airflow/dags/transform_orders_dag.py
[2025-04-27T21:21:10.263+0000] {processor.py:830} INFO - Processing file /opt/airflow/dags/transform_orders_dag.py for tasks to queue
[2025-04-27T21:21:10.264+0000] {logging_mixin.py:188} INFO - [2025-04-27T21:21:10.264+0000] {dagbag.py:538} INFO - Filling up the DagBag from /opt/airflow/dags/transform_orders_dag.py
[2025-04-27T21:21:10.583+0000] {processor.py:840} INFO - DAG(s) 'clean_orders_csv_dag' retrieved from /opt/airflow/dags/transform_orders_dag.py
[2025-04-27T21:21:10.608+0000] {logging_mixin.py:188} INFO - [2025-04-27T21:21:10.608+0000] {dag.py:3036} INFO - Sync 1 DAGs
[2025-04-27T21:21:10.620+0000] {logging_mixin.py:188} INFO - [2025-04-27T21:21:10.619+0000] {dag.py:3823} INFO - Setting next_dagrun for clean_orders_csv_dag to None, run_after=None
[2025-04-27T21:21:10.647+0000] {processor.py:183} INFO - Processing /opt/airflow/dags/transform_orders_dag.py took 0.388 seconds
[2025-04-27T21:21:41.338+0000] {processor.py:161} INFO - Started process (PID=2827) to work on /opt/airflow/dags/transform_orders_dag.py
[2025-04-27T21:21:41.339+0000] {processor.py:830} INFO - Processing file /opt/airflow/dags/transform_orders_dag.py for tasks to queue
[2025-04-27T21:21:41.340+0000] {logging_mixin.py:188} INFO - [2025-04-27T21:21:41.340+0000] {dagbag.py:538} INFO - Filling up the DagBag from /opt/airflow/dags/transform_orders_dag.py
[2025-04-27T21:21:41.637+0000] {processor.py:840} INFO - DAG(s) 'clean_orders_csv_dag' retrieved from /opt/airflow/dags/transform_orders_dag.py
[2025-04-27T21:21:41.660+0000] {logging_mixin.py:188} INFO - [2025-04-27T21:21:41.660+0000] {dag.py:3036} INFO - Sync 1 DAGs
[2025-04-27T21:21:41.672+0000] {logging_mixin.py:188} INFO - [2025-04-27T21:21:41.672+0000] {dag.py:3823} INFO - Setting next_dagrun for clean_orders_csv_dag to None, run_after=None
[2025-04-27T21:21:41.696+0000] {processor.py:183} INFO - Processing /opt/airflow/dags/transform_orders_dag.py took 0.362 seconds
[2025-04-27T21:22:12.292+0000] {processor.py:161} INFO - Started process (PID=2870) to work on /opt/airflow/dags/transform_orders_dag.py
[2025-04-27T21:22:12.293+0000] {processor.py:830} INFO - Processing file /opt/airflow/dags/transform_orders_dag.py for tasks to queue
[2025-04-27T21:22:12.294+0000] {logging_mixin.py:188} INFO - [2025-04-27T21:22:12.294+0000] {dagbag.py:538} INFO - Filling up the DagBag from /opt/airflow/dags/transform_orders_dag.py
[2025-04-27T21:22:12.547+0000] {processor.py:840} INFO - DAG(s) 'clean_orders_csv_dag' retrieved from /opt/airflow/dags/transform_orders_dag.py
[2025-04-27T21:22:12.571+0000] {logging_mixin.py:188} INFO - [2025-04-27T21:22:12.571+0000] {dag.py:3036} INFO - Sync 1 DAGs
[2025-04-27T21:22:12.583+0000] {logging_mixin.py:188} INFO - [2025-04-27T21:22:12.583+0000] {dag.py:3823} INFO - Setting next_dagrun for clean_orders_csv_dag to None, run_after=None
[2025-04-27T21:22:12.608+0000] {processor.py:183} INFO - Processing /opt/airflow/dags/transform_orders_dag.py took 0.319 seconds
[2025-04-27T21:22:42.843+0000] {processor.py:161} INFO - Started process (PID=2913) to work on /opt/airflow/dags/transform_orders_dag.py
[2025-04-27T21:22:42.844+0000] {processor.py:830} INFO - Processing file /opt/airflow/dags/transform_orders_dag.py for tasks to queue
[2025-04-27T21:22:42.845+0000] {logging_mixin.py:188} INFO - [2025-04-27T21:22:42.845+0000] {dagbag.py:538} INFO - Filling up the DagBag from /opt/airflow/dags/transform_orders_dag.py
[2025-04-27T21:22:43.131+0000] {processor.py:840} INFO - DAG(s) 'clean_orders_csv_dag' retrieved from /opt/airflow/dags/transform_orders_dag.py
[2025-04-27T21:22:43.154+0000] {logging_mixin.py:188} INFO - [2025-04-27T21:22:43.154+0000] {dag.py:3036} INFO - Sync 1 DAGs
[2025-04-27T21:22:43.166+0000] {logging_mixin.py:188} INFO - [2025-04-27T21:22:43.166+0000] {dag.py:3823} INFO - Setting next_dagrun for clean_orders_csv_dag to None, run_after=None
[2025-04-27T21:22:43.187+0000] {processor.py:183} INFO - Processing /opt/airflow/dags/transform_orders_dag.py took 0.346 seconds
[2025-04-27T21:23:13.374+0000] {processor.py:161} INFO - Started process (PID=2956) to work on /opt/airflow/dags/transform_orders_dag.py
[2025-04-27T21:23:13.375+0000] {processor.py:830} INFO - Processing file /opt/airflow/dags/transform_orders_dag.py for tasks to queue
[2025-04-27T21:23:13.376+0000] {logging_mixin.py:188} INFO - [2025-04-27T21:23:13.375+0000] {dagbag.py:538} INFO - Filling up the DagBag from /opt/airflow/dags/transform_orders_dag.py
[2025-04-27T21:23:13.658+0000] {processor.py:840} INFO - DAG(s) 'clean_orders_csv_dag' retrieved from /opt/airflow/dags/transform_orders_dag.py
[2025-04-27T21:23:13.682+0000] {logging_mixin.py:188} INFO - [2025-04-27T21:23:13.682+0000] {dag.py:3036} INFO - Sync 1 DAGs
[2025-04-27T21:23:13.693+0000] {logging_mixin.py:188} INFO - [2025-04-27T21:23:13.693+0000] {dag.py:3823} INFO - Setting next_dagrun for clean_orders_csv_dag to None, run_after=None
[2025-04-27T21:23:13.714+0000] {processor.py:183} INFO - Processing /opt/airflow/dags/transform_orders_dag.py took 0.343 seconds
[2025-04-27T21:23:44.055+0000] {processor.py:161} INFO - Started process (PID=2999) to work on /opt/airflow/dags/transform_orders_dag.py
[2025-04-27T21:23:44.057+0000] {processor.py:830} INFO - Processing file /opt/airflow/dags/transform_orders_dag.py for tasks to queue
[2025-04-27T21:23:44.059+0000] {logging_mixin.py:188} INFO - [2025-04-27T21:23:44.058+0000] {dagbag.py:538} INFO - Filling up the DagBag from /opt/airflow/dags/transform_orders_dag.py
[2025-04-27T21:23:44.415+0000] {processor.py:840} INFO - DAG(s) 'clean_orders_csv_dag' retrieved from /opt/airflow/dags/transform_orders_dag.py
[2025-04-27T21:23:44.446+0000] {logging_mixin.py:188} INFO - [2025-04-27T21:23:44.445+0000] {dag.py:3036} INFO - Sync 1 DAGs
[2025-04-27T21:23:44.459+0000] {logging_mixin.py:188} INFO - [2025-04-27T21:23:44.459+0000] {dag.py:3823} INFO - Setting next_dagrun for clean_orders_csv_dag to None, run_after=None
[2025-04-27T21:23:44.479+0000] {processor.py:183} INFO - Processing /opt/airflow/dags/transform_orders_dag.py took 0.434 seconds
[2025-04-27T21:24:15.087+0000] {processor.py:161} INFO - Started process (PID=3042) to work on /opt/airflow/dags/transform_orders_dag.py
[2025-04-27T21:24:15.088+0000] {processor.py:830} INFO - Processing file /opt/airflow/dags/transform_orders_dag.py for tasks to queue
[2025-04-27T21:24:15.089+0000] {logging_mixin.py:188} INFO - [2025-04-27T21:24:15.088+0000] {dagbag.py:538} INFO - Filling up the DagBag from /opt/airflow/dags/transform_orders_dag.py
[2025-04-27T21:24:15.322+0000] {processor.py:840} INFO - DAG(s) 'clean_orders_csv_dag' retrieved from /opt/airflow/dags/transform_orders_dag.py
[2025-04-27T21:24:15.348+0000] {logging_mixin.py:188} INFO - [2025-04-27T21:24:15.348+0000] {dag.py:3036} INFO - Sync 1 DAGs
[2025-04-27T21:24:15.362+0000] {logging_mixin.py:188} INFO - [2025-04-27T21:24:15.362+0000] {dag.py:3823} INFO - Setting next_dagrun for clean_orders_csv_dag to None, run_after=None
[2025-04-27T21:24:15.384+0000] {processor.py:183} INFO - Processing /opt/airflow/dags/transform_orders_dag.py took 0.299 seconds
[2025-04-27T21:24:45.515+0000] {processor.py:161} INFO - Started process (PID=3085) to work on /opt/airflow/dags/transform_orders_dag.py
[2025-04-27T21:24:45.516+0000] {processor.py:830} INFO - Processing file /opt/airflow/dags/transform_orders_dag.py for tasks to queue
[2025-04-27T21:24:45.517+0000] {logging_mixin.py:188} INFO - [2025-04-27T21:24:45.517+0000] {dagbag.py:538} INFO - Filling up the DagBag from /opt/airflow/dags/transform_orders_dag.py
[2025-04-27T21:24:45.757+0000] {processor.py:840} INFO - DAG(s) 'clean_orders_csv_dag' retrieved from /opt/airflow/dags/transform_orders_dag.py
[2025-04-27T21:24:45.783+0000] {logging_mixin.py:188} INFO - [2025-04-27T21:24:45.782+0000] {dag.py:3036} INFO - Sync 1 DAGs
[2025-04-27T21:24:45.794+0000] {logging_mixin.py:188} INFO - [2025-04-27T21:24:45.794+0000] {dag.py:3823} INFO - Setting next_dagrun for clean_orders_csv_dag to None, run_after=None
[2025-04-27T21:24:45.815+0000] {processor.py:183} INFO - Processing /opt/airflow/dags/transform_orders_dag.py took 0.303 seconds
[2025-04-27T21:25:16.588+0000] {processor.py:161} INFO - Started process (PID=3126) to work on /opt/airflow/dags/transform_orders_dag.py
[2025-04-27T21:25:16.590+0000] {processor.py:830} INFO - Processing file /opt/airflow/dags/transform_orders_dag.py for tasks to queue
[2025-04-27T21:25:16.594+0000] {logging_mixin.py:188} INFO - [2025-04-27T21:25:16.592+0000] {dagbag.py:538} INFO - Filling up the DagBag from /opt/airflow/dags/transform_orders_dag.py
[2025-04-27T21:25:17.152+0000] {processor.py:840} INFO - DAG(s) 'clean_orders_csv_dag' retrieved from /opt/airflow/dags/transform_orders_dag.py
[2025-04-27T21:25:17.188+0000] {logging_mixin.py:188} INFO - [2025-04-27T21:25:17.188+0000] {dag.py:3036} INFO - Sync 1 DAGs
[2025-04-27T21:25:17.219+0000] {logging_mixin.py:188} INFO - [2025-04-27T21:25:17.219+0000] {dag.py:3823} INFO - Setting next_dagrun for clean_orders_csv_dag to None, run_after=None
[2025-04-27T21:25:17.283+0000] {processor.py:183} INFO - Processing /opt/airflow/dags/transform_orders_dag.py took 0.701 seconds
[2025-04-27T21:25:47.855+0000] {processor.py:161} INFO - Started process (PID=3168) to work on /opt/airflow/dags/transform_orders_dag.py
[2025-04-27T21:25:47.856+0000] {processor.py:830} INFO - Processing file /opt/airflow/dags/transform_orders_dag.py for tasks to queue
[2025-04-27T21:25:47.857+0000] {logging_mixin.py:188} INFO - [2025-04-27T21:25:47.857+0000] {dagbag.py:538} INFO - Filling up the DagBag from /opt/airflow/dags/transform_orders_dag.py
[2025-04-27T21:25:48.134+0000] {processor.py:840} INFO - DAG(s) 'clean_orders_csv_dag' retrieved from /opt/airflow/dags/transform_orders_dag.py
[2025-04-27T21:25:48.170+0000] {logging_mixin.py:188} INFO - [2025-04-27T21:25:48.169+0000] {dag.py:3036} INFO - Sync 1 DAGs
[2025-04-27T21:25:48.185+0000] {logging_mixin.py:188} INFO - [2025-04-27T21:25:48.185+0000] {dag.py:3823} INFO - Setting next_dagrun for clean_orders_csv_dag to None, run_after=None
[2025-04-27T21:25:48.206+0000] {processor.py:183} INFO - Processing /opt/airflow/dags/transform_orders_dag.py took 0.353 seconds
[2025-04-27T21:26:18.390+0000] {processor.py:161} INFO - Started process (PID=3211) to work on /opt/airflow/dags/transform_orders_dag.py
[2025-04-27T21:26:18.392+0000] {processor.py:830} INFO - Processing file /opt/airflow/dags/transform_orders_dag.py for tasks to queue
[2025-04-27T21:26:18.393+0000] {logging_mixin.py:188} INFO - [2025-04-27T21:26:18.393+0000] {dagbag.py:538} INFO - Filling up the DagBag from /opt/airflow/dags/transform_orders_dag.py
[2025-04-27T21:26:18.667+0000] {processor.py:840} INFO - DAG(s) 'clean_orders_csv_dag' retrieved from /opt/airflow/dags/transform_orders_dag.py
[2025-04-27T21:26:18.705+0000] {logging_mixin.py:188} INFO - [2025-04-27T21:26:18.705+0000] {dag.py:3036} INFO - Sync 1 DAGs
[2025-04-27T21:26:18.730+0000] {logging_mixin.py:188} INFO - [2025-04-27T21:26:18.730+0000] {dag.py:3823} INFO - Setting next_dagrun for clean_orders_csv_dag to None, run_after=None
[2025-04-27T21:26:18.754+0000] {processor.py:183} INFO - Processing /opt/airflow/dags/transform_orders_dag.py took 0.368 seconds
[2025-04-27T21:26:48.922+0000] {processor.py:161} INFO - Started process (PID=3254) to work on /opt/airflow/dags/transform_orders_dag.py
[2025-04-27T21:26:48.923+0000] {processor.py:830} INFO - Processing file /opt/airflow/dags/transform_orders_dag.py for tasks to queue
[2025-04-27T21:26:48.926+0000] {logging_mixin.py:188} INFO - [2025-04-27T21:26:48.925+0000] {dagbag.py:538} INFO - Filling up the DagBag from /opt/airflow/dags/transform_orders_dag.py
[2025-04-27T21:26:49.300+0000] {processor.py:840} INFO - DAG(s) 'clean_orders_csv_dag' retrieved from /opt/airflow/dags/transform_orders_dag.py
[2025-04-27T21:26:49.334+0000] {logging_mixin.py:188} INFO - [2025-04-27T21:26:49.333+0000] {dag.py:3036} INFO - Sync 1 DAGs
[2025-04-27T21:26:49.350+0000] {logging_mixin.py:188} INFO - [2025-04-27T21:26:49.350+0000] {dag.py:3823} INFO - Setting next_dagrun for clean_orders_csv_dag to None, run_after=None
[2025-04-27T21:26:49.376+0000] {processor.py:183} INFO - Processing /opt/airflow/dags/transform_orders_dag.py took 0.459 seconds
[2025-04-27T21:27:19.834+0000] {processor.py:161} INFO - Started process (PID=3300) to work on /opt/airflow/dags/transform_orders_dag.py
[2025-04-27T21:27:19.835+0000] {processor.py:830} INFO - Processing file /opt/airflow/dags/transform_orders_dag.py for tasks to queue
[2025-04-27T21:27:19.836+0000] {logging_mixin.py:188} INFO - [2025-04-27T21:27:19.836+0000] {dagbag.py:538} INFO - Filling up the DagBag from /opt/airflow/dags/transform_orders_dag.py
[2025-04-27T21:27:20.041+0000] {processor.py:840} INFO - DAG(s) 'clean_orders_csv_dag' retrieved from /opt/airflow/dags/transform_orders_dag.py
[2025-04-27T21:27:20.058+0000] {logging_mixin.py:188} INFO - [2025-04-27T21:27:20.058+0000] {dag.py:3036} INFO - Sync 1 DAGs
[2025-04-27T21:27:20.067+0000] {logging_mixin.py:188} INFO - [2025-04-27T21:27:20.067+0000] {dag.py:3823} INFO - Setting next_dagrun for clean_orders_csv_dag to None, run_after=None
[2025-04-27T21:27:20.083+0000] {processor.py:183} INFO - Processing /opt/airflow/dags/transform_orders_dag.py took 0.252 seconds
[2025-04-27T21:27:50.249+0000] {processor.py:161} INFO - Started process (PID=3343) to work on /opt/airflow/dags/transform_orders_dag.py
[2025-04-27T21:27:50.250+0000] {processor.py:830} INFO - Processing file /opt/airflow/dags/transform_orders_dag.py for tasks to queue
[2025-04-27T21:27:50.251+0000] {logging_mixin.py:188} INFO - [2025-04-27T21:27:50.251+0000] {dagbag.py:538} INFO - Filling up the DagBag from /opt/airflow/dags/transform_orders_dag.py
[2025-04-27T21:27:50.477+0000] {processor.py:840} INFO - DAG(s) 'clean_orders_csv_dag' retrieved from /opt/airflow/dags/transform_orders_dag.py
[2025-04-27T21:27:50.498+0000] {logging_mixin.py:188} INFO - [2025-04-27T21:27:50.498+0000] {dag.py:3036} INFO - Sync 1 DAGs
[2025-04-27T21:27:50.511+0000] {logging_mixin.py:188} INFO - [2025-04-27T21:27:50.510+0000] {dag.py:3823} INFO - Setting next_dagrun for clean_orders_csv_dag to None, run_after=None
[2025-04-27T21:27:50.531+0000] {processor.py:183} INFO - Processing /opt/airflow/dags/transform_orders_dag.py took 0.285 seconds
[2025-04-27T21:28:20.778+0000] {processor.py:161} INFO - Started process (PID=3386) to work on /opt/airflow/dags/transform_orders_dag.py
[2025-04-27T21:28:20.780+0000] {processor.py:830} INFO - Processing file /opt/airflow/dags/transform_orders_dag.py for tasks to queue
[2025-04-27T21:28:20.781+0000] {logging_mixin.py:188} INFO - [2025-04-27T21:28:20.781+0000] {dagbag.py:538} INFO - Filling up the DagBag from /opt/airflow/dags/transform_orders_dag.py
[2025-04-27T21:28:21.093+0000] {processor.py:840} INFO - DAG(s) 'clean_orders_csv_dag' retrieved from /opt/airflow/dags/transform_orders_dag.py
[2025-04-27T21:28:21.112+0000] {logging_mixin.py:188} INFO - [2025-04-27T21:28:21.112+0000] {dag.py:3036} INFO - Sync 1 DAGs
[2025-04-27T21:28:21.123+0000] {logging_mixin.py:188} INFO - [2025-04-27T21:28:21.123+0000] {dag.py:3823} INFO - Setting next_dagrun for clean_orders_csv_dag to None, run_after=None
[2025-04-27T21:28:21.146+0000] {processor.py:183} INFO - Processing /opt/airflow/dags/transform_orders_dag.py took 0.370 seconds
[2025-04-27T21:28:51.363+0000] {processor.py:161} INFO - Started process (PID=3427) to work on /opt/airflow/dags/transform_orders_dag.py
[2025-04-27T21:28:51.365+0000] {processor.py:830} INFO - Processing file /opt/airflow/dags/transform_orders_dag.py for tasks to queue
[2025-04-27T21:28:51.366+0000] {logging_mixin.py:188} INFO - [2025-04-27T21:28:51.366+0000] {dagbag.py:538} INFO - Filling up the DagBag from /opt/airflow/dags/transform_orders_dag.py
[2025-04-27T21:28:51.641+0000] {processor.py:840} INFO - DAG(s) 'clean_orders_csv_dag' retrieved from /opt/airflow/dags/transform_orders_dag.py
[2025-04-27T21:28:51.664+0000] {logging_mixin.py:188} INFO - [2025-04-27T21:28:51.664+0000] {dag.py:3036} INFO - Sync 1 DAGs
[2025-04-27T21:28:51.675+0000] {logging_mixin.py:188} INFO - [2025-04-27T21:28:51.675+0000] {dag.py:3823} INFO - Setting next_dagrun for clean_orders_csv_dag to None, run_after=None
[2025-04-27T21:28:51.695+0000] {processor.py:183} INFO - Processing /opt/airflow/dags/transform_orders_dag.py took 0.336 seconds
[2025-04-27T21:29:22.013+0000] {processor.py:161} INFO - Started process (PID=3469) to work on /opt/airflow/dags/transform_orders_dag.py
[2025-04-27T21:29:22.014+0000] {processor.py:830} INFO - Processing file /opt/airflow/dags/transform_orders_dag.py for tasks to queue
[2025-04-27T21:29:22.015+0000] {logging_mixin.py:188} INFO - [2025-04-27T21:29:22.015+0000] {dagbag.py:538} INFO - Filling up the DagBag from /opt/airflow/dags/transform_orders_dag.py
[2025-04-27T21:29:22.442+0000] {processor.py:840} INFO - DAG(s) 'clean_orders_csv_dag' retrieved from /opt/airflow/dags/transform_orders_dag.py
[2025-04-27T21:29:22.485+0000] {logging_mixin.py:188} INFO - [2025-04-27T21:29:22.484+0000] {dag.py:3036} INFO - Sync 1 DAGs
[2025-04-27T21:29:22.517+0000] {logging_mixin.py:188} INFO - [2025-04-27T21:29:22.516+0000] {dag.py:3823} INFO - Setting next_dagrun for clean_orders_csv_dag to None, run_after=None
[2025-04-27T21:29:22.563+0000] {processor.py:183} INFO - Processing /opt/airflow/dags/transform_orders_dag.py took 0.554 seconds
[2025-04-27T21:29:53.490+0000] {processor.py:161} INFO - Started process (PID=3515) to work on /opt/airflow/dags/transform_orders_dag.py
[2025-04-27T21:29:53.495+0000] {processor.py:830} INFO - Processing file /opt/airflow/dags/transform_orders_dag.py for tasks to queue
[2025-04-27T21:29:53.497+0000] {logging_mixin.py:188} INFO - [2025-04-27T21:29:53.496+0000] {dagbag.py:538} INFO - Filling up the DagBag from /opt/airflow/dags/transform_orders_dag.py
[2025-04-27T21:29:53.930+0000] {processor.py:840} INFO - DAG(s) 'clean_orders_csv_dag' retrieved from /opt/airflow/dags/transform_orders_dag.py
[2025-04-27T21:29:53.963+0000] {logging_mixin.py:188} INFO - [2025-04-27T21:29:53.963+0000] {dag.py:3036} INFO - Sync 1 DAGs
[2025-04-27T21:29:53.977+0000] {logging_mixin.py:188} INFO - [2025-04-27T21:29:53.977+0000] {dag.py:3823} INFO - Setting next_dagrun for clean_orders_csv_dag to None, run_after=None
[2025-04-27T21:29:54.010+0000] {processor.py:183} INFO - Processing /opt/airflow/dags/transform_orders_dag.py took 0.526 seconds
[2025-04-27T21:30:24.267+0000] {processor.py:161} INFO - Started process (PID=3558) to work on /opt/airflow/dags/transform_orders_dag.py
[2025-04-27T21:30:24.269+0000] {processor.py:830} INFO - Processing file /opt/airflow/dags/transform_orders_dag.py for tasks to queue
[2025-04-27T21:30:24.272+0000] {logging_mixin.py:188} INFO - [2025-04-27T21:30:24.271+0000] {dagbag.py:538} INFO - Filling up the DagBag from /opt/airflow/dags/transform_orders_dag.py
[2025-04-27T21:30:24.792+0000] {processor.py:840} INFO - DAG(s) 'clean_orders_csv_dag' retrieved from /opt/airflow/dags/transform_orders_dag.py
[2025-04-27T21:30:24.852+0000] {logging_mixin.py:188} INFO - [2025-04-27T21:30:24.851+0000] {dag.py:3036} INFO - Sync 1 DAGs
[2025-04-27T21:30:24.882+0000] {logging_mixin.py:188} INFO - [2025-04-27T21:30:24.881+0000] {dag.py:3823} INFO - Setting next_dagrun for clean_orders_csv_dag to None, run_after=None
[2025-04-27T21:30:24.930+0000] {processor.py:183} INFO - Processing /opt/airflow/dags/transform_orders_dag.py took 0.666 seconds
[2025-04-27T21:30:55.344+0000] {processor.py:161} INFO - Started process (PID=3601) to work on /opt/airflow/dags/transform_orders_dag.py
[2025-04-27T21:30:55.345+0000] {processor.py:830} INFO - Processing file /opt/airflow/dags/transform_orders_dag.py for tasks to queue
[2025-04-27T21:30:55.346+0000] {logging_mixin.py:188} INFO - [2025-04-27T21:30:55.346+0000] {dagbag.py:538} INFO - Filling up the DagBag from /opt/airflow/dags/transform_orders_dag.py
[2025-04-27T21:30:55.656+0000] {processor.py:840} INFO - DAG(s) 'clean_orders_csv_dag' retrieved from /opt/airflow/dags/transform_orders_dag.py
[2025-04-27T21:30:55.683+0000] {logging_mixin.py:188} INFO - [2025-04-27T21:30:55.683+0000] {dag.py:3036} INFO - Sync 1 DAGs
[2025-04-27T21:30:55.697+0000] {logging_mixin.py:188} INFO - [2025-04-27T21:30:55.696+0000] {dag.py:3823} INFO - Setting next_dagrun for clean_orders_csv_dag to None, run_after=None
[2025-04-27T21:30:55.720+0000] {processor.py:183} INFO - Processing /opt/airflow/dags/transform_orders_dag.py took 0.379 seconds
[2025-04-27T21:31:26.079+0000] {processor.py:161} INFO - Started process (PID=3644) to work on /opt/airflow/dags/transform_orders_dag.py
[2025-04-27T21:31:26.080+0000] {processor.py:830} INFO - Processing file /opt/airflow/dags/transform_orders_dag.py for tasks to queue
[2025-04-27T21:31:26.082+0000] {logging_mixin.py:188} INFO - [2025-04-27T21:31:26.081+0000] {dagbag.py:538} INFO - Filling up the DagBag from /opt/airflow/dags/transform_orders_dag.py
[2025-04-27T21:31:26.411+0000] {processor.py:840} INFO - DAG(s) 'clean_orders_csv_dag' retrieved from /opt/airflow/dags/transform_orders_dag.py
[2025-04-27T21:31:26.435+0000] {logging_mixin.py:188} INFO - [2025-04-27T21:31:26.434+0000] {dag.py:3036} INFO - Sync 1 DAGs
[2025-04-27T21:31:26.447+0000] {logging_mixin.py:188} INFO - [2025-04-27T21:31:26.447+0000] {dag.py:3823} INFO - Setting next_dagrun for clean_orders_csv_dag to None, run_after=None
[2025-04-27T21:31:26.473+0000] {processor.py:183} INFO - Processing /opt/airflow/dags/transform_orders_dag.py took 0.397 seconds
[2025-04-27T21:31:57.109+0000] {processor.py:161} INFO - Started process (PID=3687) to work on /opt/airflow/dags/transform_orders_dag.py
[2025-04-27T21:31:57.109+0000] {processor.py:830} INFO - Processing file /opt/airflow/dags/transform_orders_dag.py for tasks to queue
[2025-04-27T21:31:57.110+0000] {logging_mixin.py:188} INFO - [2025-04-27T21:31:57.110+0000] {dagbag.py:538} INFO - Filling up the DagBag from /opt/airflow/dags/transform_orders_dag.py
[2025-04-27T21:31:57.355+0000] {processor.py:840} INFO - DAG(s) 'clean_orders_csv_dag' retrieved from /opt/airflow/dags/transform_orders_dag.py
[2025-04-27T21:31:57.402+0000] {logging_mixin.py:188} INFO - [2025-04-27T21:31:57.401+0000] {dag.py:3036} INFO - Sync 1 DAGs
[2025-04-27T21:31:57.434+0000] {logging_mixin.py:188} INFO - [2025-04-27T21:31:57.434+0000] {dag.py:3823} INFO - Setting next_dagrun for clean_orders_csv_dag to None, run_after=None
[2025-04-27T21:31:57.467+0000] {processor.py:183} INFO - Processing /opt/airflow/dags/transform_orders_dag.py took 0.361 seconds
[2025-04-27T21:32:28.187+0000] {processor.py:161} INFO - Started process (PID=3730) to work on /opt/airflow/dags/transform_orders_dag.py
[2025-04-27T21:32:28.189+0000] {processor.py:830} INFO - Processing file /opt/airflow/dags/transform_orders_dag.py for tasks to queue
[2025-04-27T21:32:28.190+0000] {logging_mixin.py:188} INFO - [2025-04-27T21:32:28.190+0000] {dagbag.py:538} INFO - Filling up the DagBag from /opt/airflow/dags/transform_orders_dag.py
[2025-04-27T21:32:28.459+0000] {processor.py:840} INFO - DAG(s) 'clean_orders_csv_dag' retrieved from /opt/airflow/dags/transform_orders_dag.py
[2025-04-27T21:32:28.481+0000] {logging_mixin.py:188} INFO - [2025-04-27T21:32:28.480+0000] {dag.py:3036} INFO - Sync 1 DAGs
[2025-04-27T21:32:28.491+0000] {logging_mixin.py:188} INFO - [2025-04-27T21:32:28.491+0000] {dag.py:3823} INFO - Setting next_dagrun for clean_orders_csv_dag to None, run_after=None
[2025-04-27T21:32:28.508+0000] {processor.py:183} INFO - Processing /opt/airflow/dags/transform_orders_dag.py took 0.325 seconds
[2025-04-27T21:32:58.630+0000] {processor.py:161} INFO - Started process (PID=3773) to work on /opt/airflow/dags/transform_orders_dag.py
[2025-04-27T21:32:58.631+0000] {processor.py:830} INFO - Processing file /opt/airflow/dags/transform_orders_dag.py for tasks to queue
[2025-04-27T21:32:58.632+0000] {logging_mixin.py:188} INFO - [2025-04-27T21:32:58.631+0000] {dagbag.py:538} INFO - Filling up the DagBag from /opt/airflow/dags/transform_orders_dag.py
[2025-04-27T21:32:58.894+0000] {processor.py:840} INFO - DAG(s) 'clean_orders_csv_dag' retrieved from /opt/airflow/dags/transform_orders_dag.py
[2025-04-27T21:32:58.914+0000] {logging_mixin.py:188} INFO - [2025-04-27T21:32:58.914+0000] {dag.py:3036} INFO - Sync 1 DAGs
[2025-04-27T21:32:58.926+0000] {logging_mixin.py:188} INFO - [2025-04-27T21:32:58.925+0000] {dag.py:3823} INFO - Setting next_dagrun for clean_orders_csv_dag to None, run_after=None
[2025-04-27T21:32:58.957+0000] {processor.py:183} INFO - Processing /opt/airflow/dags/transform_orders_dag.py took 0.330 seconds
[2025-04-27T21:33:29.765+0000] {processor.py:161} INFO - Started process (PID=3816) to work on /opt/airflow/dags/transform_orders_dag.py
[2025-04-27T21:33:29.766+0000] {processor.py:830} INFO - Processing file /opt/airflow/dags/transform_orders_dag.py for tasks to queue
[2025-04-27T21:33:29.767+0000] {logging_mixin.py:188} INFO - [2025-04-27T21:33:29.767+0000] {dagbag.py:538} INFO - Filling up the DagBag from /opt/airflow/dags/transform_orders_dag.py
[2025-04-27T21:33:30.049+0000] {processor.py:840} INFO - DAG(s) 'clean_orders_csv_dag' retrieved from /opt/airflow/dags/transform_orders_dag.py
[2025-04-27T21:33:30.071+0000] {logging_mixin.py:188} INFO - [2025-04-27T21:33:30.071+0000] {dag.py:3036} INFO - Sync 1 DAGs
[2025-04-27T21:33:30.095+0000] {logging_mixin.py:188} INFO - [2025-04-27T21:33:30.095+0000] {dag.py:3823} INFO - Setting next_dagrun for clean_orders_csv_dag to None, run_after=None
[2025-04-27T21:33:30.122+0000] {processor.py:183} INFO - Processing /opt/airflow/dags/transform_orders_dag.py took 0.360 seconds
[2025-04-27T21:34:00.429+0000] {processor.py:161} INFO - Started process (PID=3859) to work on /opt/airflow/dags/transform_orders_dag.py
[2025-04-27T21:34:00.430+0000] {processor.py:830} INFO - Processing file /opt/airflow/dags/transform_orders_dag.py for tasks to queue
[2025-04-27T21:34:00.431+0000] {logging_mixin.py:188} INFO - [2025-04-27T21:34:00.431+0000] {dagbag.py:538} INFO - Filling up the DagBag from /opt/airflow/dags/transform_orders_dag.py
[2025-04-27T21:34:00.668+0000] {processor.py:840} INFO - DAG(s) 'clean_orders_csv_dag' retrieved from /opt/airflow/dags/transform_orders_dag.py
[2025-04-27T21:34:00.692+0000] {logging_mixin.py:188} INFO - [2025-04-27T21:34:00.692+0000] {dag.py:3036} INFO - Sync 1 DAGs
[2025-04-27T21:34:00.705+0000] {logging_mixin.py:188} INFO - [2025-04-27T21:34:00.705+0000] {dag.py:3823} INFO - Setting next_dagrun for clean_orders_csv_dag to None, run_after=None
[2025-04-27T21:34:00.728+0000] {processor.py:183} INFO - Processing /opt/airflow/dags/transform_orders_dag.py took 0.301 seconds
[2025-04-27T21:34:31.473+0000] {processor.py:161} INFO - Started process (PID=3902) to work on /opt/airflow/dags/transform_orders_dag.py
[2025-04-27T21:34:31.474+0000] {processor.py:830} INFO - Processing file /opt/airflow/dags/transform_orders_dag.py for tasks to queue
[2025-04-27T21:34:31.475+0000] {logging_mixin.py:188} INFO - [2025-04-27T21:34:31.475+0000] {dagbag.py:538} INFO - Filling up the DagBag from /opt/airflow/dags/transform_orders_dag.py
[2025-04-27T21:34:31.691+0000] {processor.py:840} INFO - DAG(s) 'clean_orders_csv_dag' retrieved from /opt/airflow/dags/transform_orders_dag.py
[2025-04-27T21:34:31.710+0000] {logging_mixin.py:188} INFO - [2025-04-27T21:34:31.710+0000] {dag.py:3036} INFO - Sync 1 DAGs
[2025-04-27T21:34:31.723+0000] {logging_mixin.py:188} INFO - [2025-04-27T21:34:31.723+0000] {dag.py:3823} INFO - Setting next_dagrun for clean_orders_csv_dag to None, run_after=None
[2025-04-27T21:34:31.743+0000] {processor.py:183} INFO - Processing /opt/airflow/dags/transform_orders_dag.py took 0.272 seconds
[2025-04-27T21:35:01.924+0000] {processor.py:161} INFO - Started process (PID=3945) to work on /opt/airflow/dags/transform_orders_dag.py
[2025-04-27T21:35:01.925+0000] {processor.py:830} INFO - Processing file /opt/airflow/dags/transform_orders_dag.py for tasks to queue
[2025-04-27T21:35:01.926+0000] {logging_mixin.py:188} INFO - [2025-04-27T21:35:01.926+0000] {dagbag.py:538} INFO - Filling up the DagBag from /opt/airflow/dags/transform_orders_dag.py
[2025-04-27T21:35:02.142+0000] {processor.py:840} INFO - DAG(s) 'clean_orders_csv_dag' retrieved from /opt/airflow/dags/transform_orders_dag.py
[2025-04-27T21:35:02.161+0000] {logging_mixin.py:188} INFO - [2025-04-27T21:35:02.160+0000] {dag.py:3036} INFO - Sync 1 DAGs
[2025-04-27T21:35:02.170+0000] {logging_mixin.py:188} INFO - [2025-04-27T21:35:02.169+0000] {dag.py:3823} INFO - Setting next_dagrun for clean_orders_csv_dag to None, run_after=None
[2025-04-27T21:35:02.184+0000] {processor.py:183} INFO - Processing /opt/airflow/dags/transform_orders_dag.py took 0.264 seconds
[2025-04-27T21:35:32.425+0000] {processor.py:161} INFO - Started process (PID=3988) to work on /opt/airflow/dags/transform_orders_dag.py
[2025-04-27T21:35:32.426+0000] {processor.py:830} INFO - Processing file /opt/airflow/dags/transform_orders_dag.py for tasks to queue
[2025-04-27T21:35:32.427+0000] {logging_mixin.py:188} INFO - [2025-04-27T21:35:32.426+0000] {dagbag.py:538} INFO - Filling up the DagBag from /opt/airflow/dags/transform_orders_dag.py
[2025-04-27T21:35:32.732+0000] {processor.py:840} INFO - DAG(s) 'clean_orders_csv_dag' retrieved from /opt/airflow/dags/transform_orders_dag.py
[2025-04-27T21:35:32.759+0000] {logging_mixin.py:188} INFO - [2025-04-27T21:35:32.759+0000] {dag.py:3036} INFO - Sync 1 DAGs
[2025-04-27T21:35:32.797+0000] {logging_mixin.py:188} INFO - [2025-04-27T21:35:32.796+0000] {dag.py:3823} INFO - Setting next_dagrun for clean_orders_csv_dag to None, run_after=None
[2025-04-27T21:35:32.838+0000] {processor.py:183} INFO - Processing /opt/airflow/dags/transform_orders_dag.py took 0.416 seconds
[2025-04-27T21:36:03.572+0000] {processor.py:161} INFO - Started process (PID=4031) to work on /opt/airflow/dags/transform_orders_dag.py
[2025-04-27T21:36:03.573+0000] {processor.py:830} INFO - Processing file /opt/airflow/dags/transform_orders_dag.py for tasks to queue
[2025-04-27T21:36:03.574+0000] {logging_mixin.py:188} INFO - [2025-04-27T21:36:03.574+0000] {dagbag.py:538} INFO - Filling up the DagBag from /opt/airflow/dags/transform_orders_dag.py
[2025-04-27T21:36:03.823+0000] {processor.py:840} INFO - DAG(s) 'clean_orders_csv_dag' retrieved from /opt/airflow/dags/transform_orders_dag.py
[2025-04-27T21:36:03.846+0000] {logging_mixin.py:188} INFO - [2025-04-27T21:36:03.846+0000] {dag.py:3036} INFO - Sync 1 DAGs
[2025-04-27T21:36:03.858+0000] {logging_mixin.py:188} INFO - [2025-04-27T21:36:03.858+0000] {dag.py:3823} INFO - Setting next_dagrun for clean_orders_csv_dag to None, run_after=None
[2025-04-27T21:36:03.881+0000] {processor.py:183} INFO - Processing /opt/airflow/dags/transform_orders_dag.py took 0.312 seconds
[2025-04-27T21:36:33.959+0000] {processor.py:161} INFO - Started process (PID=4074) to work on /opt/airflow/dags/transform_orders_dag.py
[2025-04-27T21:36:33.965+0000] {processor.py:830} INFO - Processing file /opt/airflow/dags/transform_orders_dag.py for tasks to queue
[2025-04-27T21:36:33.967+0000] {logging_mixin.py:188} INFO - [2025-04-27T21:36:33.966+0000] {dagbag.py:538} INFO - Filling up the DagBag from /opt/airflow/dags/transform_orders_dag.py
[2025-04-27T21:36:34.248+0000] {processor.py:840} INFO - DAG(s) 'clean_orders_csv_dag' retrieved from /opt/airflow/dags/transform_orders_dag.py
[2025-04-27T21:36:34.268+0000] {logging_mixin.py:188} INFO - [2025-04-27T21:36:34.268+0000] {dag.py:3036} INFO - Sync 1 DAGs
[2025-04-27T21:36:34.278+0000] {logging_mixin.py:188} INFO - [2025-04-27T21:36:34.278+0000] {dag.py:3823} INFO - Setting next_dagrun for clean_orders_csv_dag to None, run_after=None
[2025-04-27T21:36:34.307+0000] {processor.py:183} INFO - Processing /opt/airflow/dags/transform_orders_dag.py took 0.352 seconds
[2025-04-27T21:37:04.461+0000] {processor.py:161} INFO - Started process (PID=4117) to work on /opt/airflow/dags/transform_orders_dag.py
[2025-04-27T21:37:04.462+0000] {processor.py:830} INFO - Processing file /opt/airflow/dags/transform_orders_dag.py for tasks to queue
[2025-04-27T21:37:04.463+0000] {logging_mixin.py:188} INFO - [2025-04-27T21:37:04.462+0000] {dagbag.py:538} INFO - Filling up the DagBag from /opt/airflow/dags/transform_orders_dag.py
[2025-04-27T21:37:04.679+0000] {processor.py:840} INFO - DAG(s) 'clean_orders_csv_dag' retrieved from /opt/airflow/dags/transform_orders_dag.py
[2025-04-27T21:37:04.699+0000] {logging_mixin.py:188} INFO - [2025-04-27T21:37:04.699+0000] {dag.py:3036} INFO - Sync 1 DAGs
[2025-04-27T21:37:04.709+0000] {logging_mixin.py:188} INFO - [2025-04-27T21:37:04.709+0000] {dag.py:3823} INFO - Setting next_dagrun for clean_orders_csv_dag to None, run_after=None
[2025-04-27T21:37:04.727+0000] {processor.py:183} INFO - Processing /opt/airflow/dags/transform_orders_dag.py took 0.269 seconds
[2025-04-27T21:37:34.986+0000] {processor.py:161} INFO - Started process (PID=4160) to work on /opt/airflow/dags/transform_orders_dag.py
[2025-04-27T21:37:34.987+0000] {processor.py:830} INFO - Processing file /opt/airflow/dags/transform_orders_dag.py for tasks to queue
[2025-04-27T21:37:34.988+0000] {logging_mixin.py:188} INFO - [2025-04-27T21:37:34.988+0000] {dagbag.py:538} INFO - Filling up the DagBag from /opt/airflow/dags/transform_orders_dag.py
[2025-04-27T21:37:35.222+0000] {processor.py:840} INFO - DAG(s) 'clean_orders_csv_dag' retrieved from /opt/airflow/dags/transform_orders_dag.py
[2025-04-27T21:37:35.249+0000] {logging_mixin.py:188} INFO - [2025-04-27T21:37:35.249+0000] {dag.py:3036} INFO - Sync 1 DAGs
[2025-04-27T21:37:35.258+0000] {logging_mixin.py:188} INFO - [2025-04-27T21:37:35.258+0000] {dag.py:3823} INFO - Setting next_dagrun for clean_orders_csv_dag to None, run_after=None
[2025-04-27T21:37:35.273+0000] {processor.py:183} INFO - Processing /opt/airflow/dags/transform_orders_dag.py took 0.290 seconds
[2025-04-27T21:38:05.434+0000] {processor.py:161} INFO - Started process (PID=4203) to work on /opt/airflow/dags/transform_orders_dag.py
[2025-04-27T21:38:05.437+0000] {processor.py:830} INFO - Processing file /opt/airflow/dags/transform_orders_dag.py for tasks to queue
[2025-04-27T21:38:05.439+0000] {logging_mixin.py:188} INFO - [2025-04-27T21:38:05.439+0000] {dagbag.py:538} INFO - Filling up the DagBag from /opt/airflow/dags/transform_orders_dag.py
[2025-04-27T21:38:05.725+0000] {processor.py:840} INFO - DAG(s) 'clean_orders_csv_dag' retrieved from /opt/airflow/dags/transform_orders_dag.py
[2025-04-27T21:38:05.753+0000] {logging_mixin.py:188} INFO - [2025-04-27T21:38:05.753+0000] {dag.py:3036} INFO - Sync 1 DAGs
[2025-04-27T21:38:05.771+0000] {logging_mixin.py:188} INFO - [2025-04-27T21:38:05.771+0000] {dag.py:3823} INFO - Setting next_dagrun for clean_orders_csv_dag to None, run_after=None
[2025-04-27T21:38:05.792+0000] {processor.py:183} INFO - Processing /opt/airflow/dags/transform_orders_dag.py took 0.363 seconds
[2025-04-27T21:41:11.283+0000] {processor.py:161} INFO - Started process (PID=4266) to work on /opt/airflow/dags/transform_orders_dag.py
[2025-04-27T21:41:11.286+0000] {processor.py:830} INFO - Processing file /opt/airflow/dags/transform_orders_dag.py for tasks to queue
[2025-04-27T21:41:11.288+0000] {logging_mixin.py:188} INFO - [2025-04-27T21:41:11.287+0000] {dagbag.py:538} INFO - Filling up the DagBag from /opt/airflow/dags/transform_orders_dag.py
[2025-04-27T21:41:11.848+0000] {processor.py:840} INFO - DAG(s) 'clean_orders_csv_dag' retrieved from /opt/airflow/dags/transform_orders_dag.py
[2025-04-27T21:41:11.906+0000] {logging_mixin.py:188} INFO - [2025-04-27T21:41:11.905+0000] {dag.py:3036} INFO - Sync 1 DAGs
[2025-04-27T21:41:11.941+0000] {logging_mixin.py:188} INFO - [2025-04-27T21:41:11.940+0000] {dag.py:3823} INFO - Setting next_dagrun for clean_orders_csv_dag to None, run_after=None
[2025-04-27T21:41:12.009+0000] {processor.py:183} INFO - Processing /opt/airflow/dags/transform_orders_dag.py took 0.731 seconds
[2025-04-27T21:41:42.304+0000] {processor.py:161} INFO - Started process (PID=4311) to work on /opt/airflow/dags/transform_orders_dag.py
[2025-04-27T21:41:42.307+0000] {processor.py:830} INFO - Processing file /opt/airflow/dags/transform_orders_dag.py for tasks to queue
[2025-04-27T21:41:42.309+0000] {logging_mixin.py:188} INFO - [2025-04-27T21:41:42.308+0000] {dagbag.py:538} INFO - Filling up the DagBag from /opt/airflow/dags/transform_orders_dag.py
[2025-04-27T21:41:42.667+0000] {processor.py:840} INFO - DAG(s) 'clean_orders_csv_dag' retrieved from /opt/airflow/dags/transform_orders_dag.py
[2025-04-27T21:41:42.707+0000] {logging_mixin.py:188} INFO - [2025-04-27T21:41:42.706+0000] {dag.py:3036} INFO - Sync 1 DAGs
[2025-04-27T21:41:42.721+0000] {logging_mixin.py:188} INFO - [2025-04-27T21:41:42.720+0000] {dag.py:3823} INFO - Setting next_dagrun for clean_orders_csv_dag to None, run_after=None
[2025-04-27T21:41:42.756+0000] {processor.py:183} INFO - Processing /opt/airflow/dags/transform_orders_dag.py took 0.457 seconds
[2025-04-27T21:42:13.031+0000] {processor.py:161} INFO - Started process (PID=4351) to work on /opt/airflow/dags/transform_orders_dag.py
[2025-04-27T21:42:13.032+0000] {processor.py:830} INFO - Processing file /opt/airflow/dags/transform_orders_dag.py for tasks to queue
[2025-04-27T21:42:13.034+0000] {logging_mixin.py:188} INFO - [2025-04-27T21:42:13.033+0000] {dagbag.py:538} INFO - Filling up the DagBag from /opt/airflow/dags/transform_orders_dag.py
[2025-04-27T21:42:13.333+0000] {processor.py:840} INFO - DAG(s) 'clean_orders_csv_dag' retrieved from /opt/airflow/dags/transform_orders_dag.py
[2025-04-27T21:42:13.365+0000] {logging_mixin.py:188} INFO - [2025-04-27T21:42:13.365+0000] {dag.py:3036} INFO - Sync 1 DAGs
[2025-04-27T21:42:13.382+0000] {logging_mixin.py:188} INFO - [2025-04-27T21:42:13.382+0000] {dag.py:3823} INFO - Setting next_dagrun for clean_orders_csv_dag to None, run_after=None
[2025-04-27T21:42:13.422+0000] {processor.py:183} INFO - Processing /opt/airflow/dags/transform_orders_dag.py took 0.394 seconds
[2025-04-27T21:42:44.012+0000] {processor.py:161} INFO - Started process (PID=4394) to work on /opt/airflow/dags/transform_orders_dag.py
[2025-04-27T21:42:44.013+0000] {processor.py:830} INFO - Processing file /opt/airflow/dags/transform_orders_dag.py for tasks to queue
[2025-04-27T21:42:44.014+0000] {logging_mixin.py:188} INFO - [2025-04-27T21:42:44.013+0000] {dagbag.py:538} INFO - Filling up the DagBag from /opt/airflow/dags/transform_orders_dag.py
[2025-04-27T21:42:44.496+0000] {processor.py:840} INFO - DAG(s) 'clean_orders_csv_dag' retrieved from /opt/airflow/dags/transform_orders_dag.py
[2025-04-27T21:42:44.539+0000] {logging_mixin.py:188} INFO - [2025-04-27T21:42:44.539+0000] {dag.py:3036} INFO - Sync 1 DAGs
[2025-04-27T21:42:44.557+0000] {logging_mixin.py:188} INFO - [2025-04-27T21:42:44.556+0000] {dag.py:3823} INFO - Setting next_dagrun for clean_orders_csv_dag to None, run_after=None
[2025-04-27T21:42:44.592+0000] {processor.py:183} INFO - Processing /opt/airflow/dags/transform_orders_dag.py took 0.583 seconds
[2025-04-27T21:43:15.277+0000] {processor.py:161} INFO - Started process (PID=4440) to work on /opt/airflow/dags/transform_orders_dag.py
[2025-04-27T21:43:15.278+0000] {processor.py:830} INFO - Processing file /opt/airflow/dags/transform_orders_dag.py for tasks to queue
[2025-04-27T21:43:15.280+0000] {logging_mixin.py:188} INFO - [2025-04-27T21:43:15.280+0000] {dagbag.py:538} INFO - Filling up the DagBag from /opt/airflow/dags/transform_orders_dag.py
[2025-04-27T21:43:15.786+0000] {processor.py:840} INFO - DAG(s) 'clean_orders_csv_dag' retrieved from /opt/airflow/dags/transform_orders_dag.py
[2025-04-27T21:43:15.820+0000] {logging_mixin.py:188} INFO - [2025-04-27T21:43:15.820+0000] {dag.py:3036} INFO - Sync 1 DAGs
[2025-04-27T21:43:15.838+0000] {logging_mixin.py:188} INFO - [2025-04-27T21:43:15.837+0000] {dag.py:3823} INFO - Setting next_dagrun for clean_orders_csv_dag to None, run_after=None
[2025-04-27T21:43:15.864+0000] {processor.py:183} INFO - Processing /opt/airflow/dags/transform_orders_dag.py took 0.590 seconds
[2025-04-27T21:43:45.946+0000] {processor.py:161} INFO - Started process (PID=4481) to work on /opt/airflow/dags/transform_orders_dag.py
[2025-04-27T21:43:45.947+0000] {processor.py:830} INFO - Processing file /opt/airflow/dags/transform_orders_dag.py for tasks to queue
[2025-04-27T21:43:45.950+0000] {logging_mixin.py:188} INFO - [2025-04-27T21:43:45.949+0000] {dagbag.py:538} INFO - Filling up the DagBag from /opt/airflow/dags/transform_orders_dag.py
[2025-04-27T21:43:46.523+0000] {processor.py:840} INFO - DAG(s) 'clean_orders_csv_dag' retrieved from /opt/airflow/dags/transform_orders_dag.py
[2025-04-27T21:43:46.572+0000] {logging_mixin.py:188} INFO - [2025-04-27T21:43:46.571+0000] {dag.py:3036} INFO - Sync 1 DAGs
[2025-04-27T21:43:46.597+0000] {logging_mixin.py:188} INFO - [2025-04-27T21:43:46.597+0000] {dag.py:3823} INFO - Setting next_dagrun for clean_orders_csv_dag to None, run_after=None
[2025-04-27T21:43:46.672+0000] {processor.py:183} INFO - Processing /opt/airflow/dags/transform_orders_dag.py took 0.729 seconds
[2025-04-27T21:44:16.972+0000] {processor.py:161} INFO - Started process (PID=4526) to work on /opt/airflow/dags/transform_orders_dag.py
[2025-04-27T21:44:16.973+0000] {processor.py:830} INFO - Processing file /opt/airflow/dags/transform_orders_dag.py for tasks to queue
[2025-04-27T21:44:16.974+0000] {logging_mixin.py:188} INFO - [2025-04-27T21:44:16.974+0000] {dagbag.py:538} INFO - Filling up the DagBag from /opt/airflow/dags/transform_orders_dag.py
[2025-04-27T21:44:17.263+0000] {processor.py:840} INFO - DAG(s) 'clean_orders_csv_dag' retrieved from /opt/airflow/dags/transform_orders_dag.py
[2025-04-27T21:44:17.288+0000] {logging_mixin.py:188} INFO - [2025-04-27T21:44:17.288+0000] {dag.py:3036} INFO - Sync 1 DAGs
[2025-04-27T21:44:17.299+0000] {logging_mixin.py:188} INFO - [2025-04-27T21:44:17.298+0000] {dag.py:3823} INFO - Setting next_dagrun for clean_orders_csv_dag to None, run_after=None
[2025-04-27T21:44:17.326+0000] {processor.py:183} INFO - Processing /opt/airflow/dags/transform_orders_dag.py took 0.358 seconds
[2025-04-27T21:44:47.878+0000] {processor.py:161} INFO - Started process (PID=4566) to work on /opt/airflow/dags/transform_orders_dag.py
[2025-04-27T21:44:47.880+0000] {processor.py:830} INFO - Processing file /opt/airflow/dags/transform_orders_dag.py for tasks to queue
[2025-04-27T21:44:47.882+0000] {logging_mixin.py:188} INFO - [2025-04-27T21:44:47.881+0000] {dagbag.py:538} INFO - Filling up the DagBag from /opt/airflow/dags/transform_orders_dag.py
[2025-04-27T21:44:48.325+0000] {processor.py:840} INFO - DAG(s) 'clean_orders_csv_dag' retrieved from /opt/airflow/dags/transform_orders_dag.py
[2025-04-27T21:44:48.372+0000] {logging_mixin.py:188} INFO - [2025-04-27T21:44:48.371+0000] {dag.py:3036} INFO - Sync 1 DAGs
[2025-04-27T21:44:48.395+0000] {logging_mixin.py:188} INFO - [2025-04-27T21:44:48.394+0000] {dag.py:3823} INFO - Setting next_dagrun for clean_orders_csv_dag to None, run_after=None
[2025-04-27T21:44:48.430+0000] {processor.py:183} INFO - Processing /opt/airflow/dags/transform_orders_dag.py took 0.557 seconds
[2025-04-27T21:45:18.585+0000] {processor.py:161} INFO - Started process (PID=4609) to work on /opt/airflow/dags/transform_orders_dag.py
[2025-04-27T21:45:18.588+0000] {processor.py:830} INFO - Processing file /opt/airflow/dags/transform_orders_dag.py for tasks to queue
[2025-04-27T21:45:18.592+0000] {logging_mixin.py:188} INFO - [2025-04-27T21:45:18.591+0000] {dagbag.py:538} INFO - Filling up the DagBag from /opt/airflow/dags/transform_orders_dag.py
[2025-04-27T21:45:18.950+0000] {processor.py:840} INFO - DAG(s) 'clean_orders_csv_dag' retrieved from /opt/airflow/dags/transform_orders_dag.py
[2025-04-27T21:45:18.973+0000] {logging_mixin.py:188} INFO - [2025-04-27T21:45:18.973+0000] {dag.py:3036} INFO - Sync 1 DAGs
[2025-04-27T21:45:18.985+0000] {logging_mixin.py:188} INFO - [2025-04-27T21:45:18.985+0000] {dag.py:3823} INFO - Setting next_dagrun for clean_orders_csv_dag to None, run_after=None
[2025-04-27T21:45:19.006+0000] {processor.py:183} INFO - Processing /opt/airflow/dags/transform_orders_dag.py took 0.425 seconds
[2025-04-27T21:45:49.540+0000] {processor.py:161} INFO - Started process (PID=4652) to work on /opt/airflow/dags/transform_orders_dag.py
[2025-04-27T21:45:49.541+0000] {processor.py:830} INFO - Processing file /opt/airflow/dags/transform_orders_dag.py for tasks to queue
[2025-04-27T21:45:49.542+0000] {logging_mixin.py:188} INFO - [2025-04-27T21:45:49.542+0000] {dagbag.py:538} INFO - Filling up the DagBag from /opt/airflow/dags/transform_orders_dag.py
[2025-04-27T21:45:49.818+0000] {processor.py:840} INFO - DAG(s) 'clean_orders_csv_dag' retrieved from /opt/airflow/dags/transform_orders_dag.py
[2025-04-27T21:45:49.842+0000] {logging_mixin.py:188} INFO - [2025-04-27T21:45:49.842+0000] {dag.py:3036} INFO - Sync 1 DAGs
[2025-04-27T21:45:49.854+0000] {logging_mixin.py:188} INFO - [2025-04-27T21:45:49.854+0000] {dag.py:3823} INFO - Setting next_dagrun for clean_orders_csv_dag to None, run_after=None
[2025-04-27T21:45:49.875+0000] {processor.py:183} INFO - Processing /opt/airflow/dags/transform_orders_dag.py took 0.338 seconds
[2025-04-27T21:46:20.085+0000] {processor.py:161} INFO - Started process (PID=4695) to work on /opt/airflow/dags/transform_orders_dag.py
[2025-04-27T21:46:20.086+0000] {processor.py:830} INFO - Processing file /opt/airflow/dags/transform_orders_dag.py for tasks to queue
[2025-04-27T21:46:20.087+0000] {logging_mixin.py:188} INFO - [2025-04-27T21:46:20.086+0000] {dagbag.py:538} INFO - Filling up the DagBag from /opt/airflow/dags/transform_orders_dag.py
[2025-04-27T21:46:20.558+0000] {processor.py:840} INFO - DAG(s) 'clean_orders_csv_dag' retrieved from /opt/airflow/dags/transform_orders_dag.py
[2025-04-27T21:46:20.633+0000] {logging_mixin.py:188} INFO - [2025-04-27T21:46:20.632+0000] {dag.py:3036} INFO - Sync 1 DAGs
[2025-04-27T21:46:20.680+0000] {logging_mixin.py:188} INFO - [2025-04-27T21:46:20.680+0000] {dag.py:3823} INFO - Setting next_dagrun for clean_orders_csv_dag to None, run_after=None
[2025-04-27T21:46:20.731+0000] {processor.py:183} INFO - Processing /opt/airflow/dags/transform_orders_dag.py took 0.650 seconds
[2025-04-27T21:46:51.358+0000] {processor.py:161} INFO - Started process (PID=4738) to work on /opt/airflow/dags/transform_orders_dag.py
[2025-04-27T21:46:51.360+0000] {processor.py:830} INFO - Processing file /opt/airflow/dags/transform_orders_dag.py for tasks to queue
[2025-04-27T21:46:51.363+0000] {logging_mixin.py:188} INFO - [2025-04-27T21:46:51.362+0000] {dagbag.py:538} INFO - Filling up the DagBag from /opt/airflow/dags/transform_orders_dag.py
[2025-04-27T21:46:51.860+0000] {processor.py:840} INFO - DAG(s) 'clean_orders_csv_dag' retrieved from /opt/airflow/dags/transform_orders_dag.py
[2025-04-27T21:46:51.896+0000] {logging_mixin.py:188} INFO - [2025-04-27T21:46:51.896+0000] {dag.py:3036} INFO - Sync 1 DAGs
[2025-04-27T21:46:51.919+0000] {logging_mixin.py:188} INFO - [2025-04-27T21:46:51.919+0000] {dag.py:3823} INFO - Setting next_dagrun for clean_orders_csv_dag to None, run_after=None
[2025-04-27T21:46:51.961+0000] {processor.py:183} INFO - Processing /opt/airflow/dags/transform_orders_dag.py took 0.609 seconds
[2025-04-27T21:47:22.077+0000] {processor.py:161} INFO - Started process (PID=4781) to work on /opt/airflow/dags/transform_orders_dag.py
[2025-04-27T21:47:22.078+0000] {processor.py:830} INFO - Processing file /opt/airflow/dags/transform_orders_dag.py for tasks to queue
[2025-04-27T21:47:22.080+0000] {logging_mixin.py:188} INFO - [2025-04-27T21:47:22.079+0000] {dagbag.py:538} INFO - Filling up the DagBag from /opt/airflow/dags/transform_orders_dag.py
[2025-04-27T21:47:22.473+0000] {processor.py:840} INFO - DAG(s) 'clean_orders_csv_dag' retrieved from /opt/airflow/dags/transform_orders_dag.py
[2025-04-27T21:47:22.510+0000] {logging_mixin.py:188} INFO - [2025-04-27T21:47:22.509+0000] {dag.py:3036} INFO - Sync 1 DAGs
[2025-04-27T21:47:22.531+0000] {logging_mixin.py:188} INFO - [2025-04-27T21:47:22.530+0000] {dag.py:3823} INFO - Setting next_dagrun for clean_orders_csv_dag to None, run_after=None
[2025-04-27T21:47:22.577+0000] {processor.py:183} INFO - Processing /opt/airflow/dags/transform_orders_dag.py took 0.503 seconds
[2025-04-27T21:47:53.413+0000] {processor.py:161} INFO - Started process (PID=4824) to work on /opt/airflow/dags/transform_orders_dag.py
[2025-04-27T21:47:53.414+0000] {processor.py:830} INFO - Processing file /opt/airflow/dags/transform_orders_dag.py for tasks to queue
[2025-04-27T21:47:53.416+0000] {logging_mixin.py:188} INFO - [2025-04-27T21:47:53.416+0000] {dagbag.py:538} INFO - Filling up the DagBag from /opt/airflow/dags/transform_orders_dag.py
[2025-04-27T21:47:53.697+0000] {processor.py:840} INFO - DAG(s) 'clean_orders_csv_dag' retrieved from /opt/airflow/dags/transform_orders_dag.py
[2025-04-27T21:47:53.731+0000] {logging_mixin.py:188} INFO - [2025-04-27T21:47:53.731+0000] {dag.py:3036} INFO - Sync 1 DAGs
[2025-04-27T21:47:53.751+0000] {logging_mixin.py:188} INFO - [2025-04-27T21:47:53.751+0000] {dag.py:3823} INFO - Setting next_dagrun for clean_orders_csv_dag to None, run_after=None
[2025-04-27T21:47:53.783+0000] {processor.py:183} INFO - Processing /opt/airflow/dags/transform_orders_dag.py took 0.374 seconds
[2025-04-27T21:48:24.333+0000] {processor.py:161} INFO - Started process (PID=4867) to work on /opt/airflow/dags/transform_orders_dag.py
[2025-04-27T21:48:24.336+0000] {processor.py:830} INFO - Processing file /opt/airflow/dags/transform_orders_dag.py for tasks to queue
[2025-04-27T21:48:24.337+0000] {logging_mixin.py:188} INFO - [2025-04-27T21:48:24.337+0000] {dagbag.py:538} INFO - Filling up the DagBag from /opt/airflow/dags/transform_orders_dag.py
[2025-04-27T21:48:24.862+0000] {processor.py:840} INFO - DAG(s) 'clean_orders_csv_dag' retrieved from /opt/airflow/dags/transform_orders_dag.py
[2025-04-27T21:48:24.932+0000] {logging_mixin.py:188} INFO - [2025-04-27T21:48:24.931+0000] {dag.py:3036} INFO - Sync 1 DAGs
[2025-04-27T21:48:24.961+0000] {logging_mixin.py:188} INFO - [2025-04-27T21:48:24.959+0000] {dag.py:3823} INFO - Setting next_dagrun for clean_orders_csv_dag to None, run_after=None
[2025-04-27T21:48:25.012+0000] {processor.py:183} INFO - Processing /opt/airflow/dags/transform_orders_dag.py took 0.685 seconds
[2025-04-27T21:48:55.146+0000] {processor.py:161} INFO - Started process (PID=4910) to work on /opt/airflow/dags/transform_orders_dag.py
[2025-04-27T21:48:55.148+0000] {processor.py:830} INFO - Processing file /opt/airflow/dags/transform_orders_dag.py for tasks to queue
[2025-04-27T21:48:55.150+0000] {logging_mixin.py:188} INFO - [2025-04-27T21:48:55.149+0000] {dagbag.py:538} INFO - Filling up the DagBag from /opt/airflow/dags/transform_orders_dag.py
[2025-04-27T21:48:55.778+0000] {processor.py:840} INFO - DAG(s) 'clean_orders_csv_dag' retrieved from /opt/airflow/dags/transform_orders_dag.py
[2025-04-27T21:48:55.815+0000] {logging_mixin.py:188} INFO - [2025-04-27T21:48:55.814+0000] {dag.py:3036} INFO - Sync 1 DAGs
[2025-04-27T21:48:55.834+0000] {logging_mixin.py:188} INFO - [2025-04-27T21:48:55.834+0000] {dag.py:3823} INFO - Setting next_dagrun for clean_orders_csv_dag to None, run_after=None
[2025-04-27T21:48:55.865+0000] {processor.py:183} INFO - Processing /opt/airflow/dags/transform_orders_dag.py took 0.724 seconds
[2025-04-27T21:49:26.462+0000] {processor.py:161} INFO - Started process (PID=4953) to work on /opt/airflow/dags/transform_orders_dag.py
[2025-04-27T21:49:26.463+0000] {processor.py:830} INFO - Processing file /opt/airflow/dags/transform_orders_dag.py for tasks to queue
[2025-04-27T21:49:26.465+0000] {logging_mixin.py:188} INFO - [2025-04-27T21:49:26.465+0000] {dagbag.py:538} INFO - Filling up the DagBag from /opt/airflow/dags/transform_orders_dag.py
[2025-04-27T21:49:26.860+0000] {processor.py:840} INFO - DAG(s) 'clean_orders_csv_dag' retrieved from /opt/airflow/dags/transform_orders_dag.py
[2025-04-27T21:49:26.900+0000] {logging_mixin.py:188} INFO - [2025-04-27T21:49:26.899+0000] {dag.py:3036} INFO - Sync 1 DAGs
[2025-04-27T21:49:26.920+0000] {logging_mixin.py:188} INFO - [2025-04-27T21:49:26.920+0000] {dag.py:3823} INFO - Setting next_dagrun for clean_orders_csv_dag to None, run_after=None
[2025-04-27T21:49:26.959+0000] {processor.py:183} INFO - Processing /opt/airflow/dags/transform_orders_dag.py took 0.500 seconds
[2025-04-27T21:49:57.297+0000] {processor.py:161} INFO - Started process (PID=4996) to work on /opt/airflow/dags/transform_orders_dag.py
[2025-04-27T21:49:57.299+0000] {processor.py:830} INFO - Processing file /opt/airflow/dags/transform_orders_dag.py for tasks to queue
[2025-04-27T21:49:57.300+0000] {logging_mixin.py:188} INFO - [2025-04-27T21:49:57.300+0000] {dagbag.py:538} INFO - Filling up the DagBag from /opt/airflow/dags/transform_orders_dag.py
[2025-04-27T21:49:57.616+0000] {processor.py:840} INFO - DAG(s) 'clean_orders_csv_dag' retrieved from /opt/airflow/dags/transform_orders_dag.py
[2025-04-27T21:49:57.648+0000] {logging_mixin.py:188} INFO - [2025-04-27T21:49:57.648+0000] {dag.py:3036} INFO - Sync 1 DAGs
[2025-04-27T21:49:57.663+0000] {logging_mixin.py:188} INFO - [2025-04-27T21:49:57.663+0000] {dag.py:3823} INFO - Setting next_dagrun for clean_orders_csv_dag to None, run_after=None
[2025-04-27T21:49:57.688+0000] {processor.py:183} INFO - Processing /opt/airflow/dags/transform_orders_dag.py took 0.394 seconds
[2025-04-27T21:50:28.065+0000] {processor.py:161} INFO - Started process (PID=5039) to work on /opt/airflow/dags/transform_orders_dag.py
[2025-04-27T21:50:28.066+0000] {processor.py:830} INFO - Processing file /opt/airflow/dags/transform_orders_dag.py for tasks to queue
[2025-04-27T21:50:28.067+0000] {logging_mixin.py:188} INFO - [2025-04-27T21:50:28.067+0000] {dagbag.py:538} INFO - Filling up the DagBag from /opt/airflow/dags/transform_orders_dag.py
[2025-04-27T21:50:28.617+0000] {processor.py:840} INFO - DAG(s) 'clean_orders_csv_dag' retrieved from /opt/airflow/dags/transform_orders_dag.py
[2025-04-27T21:50:28.649+0000] {logging_mixin.py:188} INFO - [2025-04-27T21:50:28.649+0000] {dag.py:3036} INFO - Sync 1 DAGs
[2025-04-27T21:50:28.666+0000] {logging_mixin.py:188} INFO - [2025-04-27T21:50:28.666+0000] {dag.py:3823} INFO - Setting next_dagrun for clean_orders_csv_dag to None, run_after=None
[2025-04-27T21:50:28.693+0000] {processor.py:183} INFO - Processing /opt/airflow/dags/transform_orders_dag.py took 0.631 seconds
[2025-04-27T21:50:58.867+0000] {processor.py:161} INFO - Started process (PID=5082) to work on /opt/airflow/dags/transform_orders_dag.py
[2025-04-27T21:50:58.869+0000] {processor.py:830} INFO - Processing file /opt/airflow/dags/transform_orders_dag.py for tasks to queue
[2025-04-27T21:50:58.870+0000] {logging_mixin.py:188} INFO - [2025-04-27T21:50:58.870+0000] {dagbag.py:538} INFO - Filling up the DagBag from /opt/airflow/dags/transform_orders_dag.py
[2025-04-27T21:50:59.438+0000] {processor.py:840} INFO - DAG(s) 'clean_orders_csv_dag' retrieved from /opt/airflow/dags/transform_orders_dag.py
[2025-04-27T21:50:59.480+0000] {logging_mixin.py:188} INFO - [2025-04-27T21:50:59.480+0000] {dag.py:3036} INFO - Sync 1 DAGs
[2025-04-27T21:50:59.500+0000] {logging_mixin.py:188} INFO - [2025-04-27T21:50:59.500+0000] {dag.py:3823} INFO - Setting next_dagrun for clean_orders_csv_dag to None, run_after=None
[2025-04-27T21:50:59.528+0000] {processor.py:183} INFO - Processing /opt/airflow/dags/transform_orders_dag.py took 0.665 seconds
[2025-04-27T21:51:30.013+0000] {processor.py:161} INFO - Started process (PID=5125) to work on /opt/airflow/dags/transform_orders_dag.py
[2025-04-27T21:51:30.024+0000] {processor.py:830} INFO - Processing file /opt/airflow/dags/transform_orders_dag.py for tasks to queue
[2025-04-27T21:51:30.026+0000] {logging_mixin.py:188} INFO - [2025-04-27T21:51:30.026+0000] {dagbag.py:538} INFO - Filling up the DagBag from /opt/airflow/dags/transform_orders_dag.py
[2025-04-27T21:51:31.561+0000] {processor.py:840} INFO - DAG(s) 'clean_orders_csv_dag' retrieved from /opt/airflow/dags/transform_orders_dag.py
[2025-04-27T21:51:31.885+0000] {logging_mixin.py:188} INFO - [2025-04-27T21:51:31.884+0000] {dag.py:3036} INFO - Sync 1 DAGs
[2025-04-27T21:51:32.063+0000] {logging_mixin.py:188} INFO - [2025-04-27T21:51:32.063+0000] {dag.py:3823} INFO - Setting next_dagrun for clean_orders_csv_dag to None, run_after=None
[2025-04-27T21:51:32.162+0000] {processor.py:183} INFO - Processing /opt/airflow/dags/transform_orders_dag.py took 2.181 seconds
[2025-04-27T21:52:02.946+0000] {processor.py:161} INFO - Started process (PID=5168) to work on /opt/airflow/dags/transform_orders_dag.py
[2025-04-27T21:52:02.949+0000] {processor.py:830} INFO - Processing file /opt/airflow/dags/transform_orders_dag.py for tasks to queue
[2025-04-27T21:52:02.954+0000] {logging_mixin.py:188} INFO - [2025-04-27T21:52:02.951+0000] {dagbag.py:538} INFO - Filling up the DagBag from /opt/airflow/dags/transform_orders_dag.py
[2025-04-27T21:52:05.201+0000] {processor.py:840} INFO - DAG(s) 'clean_orders_csv_dag' retrieved from /opt/airflow/dags/transform_orders_dag.py
[2025-04-27T21:52:05.291+0000] {logging_mixin.py:188} INFO - [2025-04-27T21:52:05.289+0000] {dag.py:3036} INFO - Sync 1 DAGs
[2025-04-27T21:52:05.374+0000] {logging_mixin.py:188} INFO - [2025-04-27T21:52:05.371+0000] {dag.py:3823} INFO - Setting next_dagrun for clean_orders_csv_dag to None, run_after=None
[2025-04-27T21:52:05.481+0000] {processor.py:183} INFO - Processing /opt/airflow/dags/transform_orders_dag.py took 2.580 seconds
[2025-04-27T21:52:35.918+0000] {processor.py:161} INFO - Started process (PID=5211) to work on /opt/airflow/dags/transform_orders_dag.py
[2025-04-27T21:52:35.924+0000] {processor.py:830} INFO - Processing file /opt/airflow/dags/transform_orders_dag.py for tasks to queue
[2025-04-27T21:52:35.929+0000] {logging_mixin.py:188} INFO - [2025-04-27T21:52:35.928+0000] {dagbag.py:538} INFO - Filling up the DagBag from /opt/airflow/dags/transform_orders_dag.py
[2025-04-27T21:52:36.858+0000] {processor.py:840} INFO - DAG(s) 'clean_orders_csv_dag' retrieved from /opt/airflow/dags/transform_orders_dag.py
[2025-04-27T21:52:36.926+0000] {logging_mixin.py:188} INFO - [2025-04-27T21:52:36.925+0000] {dag.py:3036} INFO - Sync 1 DAGs
[2025-04-27T21:52:36.961+0000] {logging_mixin.py:188} INFO - [2025-04-27T21:52:36.961+0000] {dag.py:3823} INFO - Setting next_dagrun for clean_orders_csv_dag to None, run_after=None
[2025-04-27T21:52:37.360+0000] {processor.py:183} INFO - Processing /opt/airflow/dags/transform_orders_dag.py took 1.463 seconds
[2025-04-27T21:53:08.273+0000] {processor.py:161} INFO - Started process (PID=5254) to work on /opt/airflow/dags/transform_orders_dag.py
[2025-04-27T21:53:08.275+0000] {processor.py:830} INFO - Processing file /opt/airflow/dags/transform_orders_dag.py for tasks to queue
[2025-04-27T21:53:08.278+0000] {logging_mixin.py:188} INFO - [2025-04-27T21:53:08.278+0000] {dagbag.py:538} INFO - Filling up the DagBag from /opt/airflow/dags/transform_orders_dag.py
[2025-04-27T21:53:09.075+0000] {processor.py:840} INFO - DAG(s) 'clean_orders_csv_dag' retrieved from /opt/airflow/dags/transform_orders_dag.py
[2025-04-27T21:53:09.172+0000] {logging_mixin.py:188} INFO - [2025-04-27T21:53:09.170+0000] {dag.py:3036} INFO - Sync 1 DAGs
[2025-04-27T21:53:09.217+0000] {logging_mixin.py:188} INFO - [2025-04-27T21:53:09.217+0000] {dag.py:3823} INFO - Setting next_dagrun for clean_orders_csv_dag to None, run_after=None
[2025-04-27T21:53:09.273+0000] {processor.py:183} INFO - Processing /opt/airflow/dags/transform_orders_dag.py took 1.007 seconds
[2025-04-27T21:53:40.015+0000] {processor.py:161} INFO - Started process (PID=5297) to work on /opt/airflow/dags/transform_orders_dag.py
[2025-04-27T21:53:40.017+0000] {processor.py:830} INFO - Processing file /opt/airflow/dags/transform_orders_dag.py for tasks to queue
[2025-04-27T21:53:40.018+0000] {logging_mixin.py:188} INFO - [2025-04-27T21:53:40.018+0000] {dagbag.py:538} INFO - Filling up the DagBag from /opt/airflow/dags/transform_orders_dag.py
[2025-04-27T21:53:40.780+0000] {processor.py:840} INFO - DAG(s) 'clean_orders_csv_dag' retrieved from /opt/airflow/dags/transform_orders_dag.py
[2025-04-27T21:53:40.847+0000] {logging_mixin.py:188} INFO - [2025-04-27T21:53:40.846+0000] {dag.py:3036} INFO - Sync 1 DAGs
[2025-04-27T21:53:40.880+0000] {logging_mixin.py:188} INFO - [2025-04-27T21:53:40.880+0000] {dag.py:3823} INFO - Setting next_dagrun for clean_orders_csv_dag to None, run_after=None
[2025-04-27T21:53:40.919+0000] {processor.py:183} INFO - Processing /opt/airflow/dags/transform_orders_dag.py took 0.907 seconds
[2025-04-27T21:54:11.122+0000] {processor.py:161} INFO - Started process (PID=5340) to work on /opt/airflow/dags/transform_orders_dag.py
[2025-04-27T21:54:11.125+0000] {processor.py:830} INFO - Processing file /opt/airflow/dags/transform_orders_dag.py for tasks to queue
[2025-04-27T21:54:11.127+0000] {logging_mixin.py:188} INFO - [2025-04-27T21:54:11.126+0000] {dagbag.py:538} INFO - Filling up the DagBag from /opt/airflow/dags/transform_orders_dag.py
[2025-04-27T21:54:11.963+0000] {processor.py:840} INFO - DAG(s) 'clean_orders_csv_dag' retrieved from /opt/airflow/dags/transform_orders_dag.py
[2025-04-27T21:54:12.029+0000] {logging_mixin.py:188} INFO - [2025-04-27T21:54:12.029+0000] {dag.py:3036} INFO - Sync 1 DAGs
[2025-04-27T21:54:12.065+0000] {logging_mixin.py:188} INFO - [2025-04-27T21:54:12.065+0000] {dag.py:3823} INFO - Setting next_dagrun for clean_orders_csv_dag to None, run_after=None
[2025-04-27T21:54:12.102+0000] {processor.py:183} INFO - Processing /opt/airflow/dags/transform_orders_dag.py took 1.017 seconds
[2025-04-27T21:54:43.042+0000] {processor.py:161} INFO - Started process (PID=5383) to work on /opt/airflow/dags/transform_orders_dag.py
[2025-04-27T21:54:43.044+0000] {processor.py:830} INFO - Processing file /opt/airflow/dags/transform_orders_dag.py for tasks to queue
[2025-04-27T21:54:43.045+0000] {logging_mixin.py:188} INFO - [2025-04-27T21:54:43.044+0000] {dagbag.py:538} INFO - Filling up the DagBag from /opt/airflow/dags/transform_orders_dag.py
[2025-04-27T21:54:43.380+0000] {processor.py:840} INFO - DAG(s) 'clean_orders_csv_dag' retrieved from /opt/airflow/dags/transform_orders_dag.py
[2025-04-27T21:54:43.418+0000] {logging_mixin.py:188} INFO - [2025-04-27T21:54:43.417+0000] {dag.py:3036} INFO - Sync 1 DAGs
[2025-04-27T21:54:43.433+0000] {logging_mixin.py:188} INFO - [2025-04-27T21:54:43.432+0000] {dag.py:3823} INFO - Setting next_dagrun for clean_orders_csv_dag to None, run_after=None
[2025-04-27T21:54:43.466+0000] {processor.py:183} INFO - Processing /opt/airflow/dags/transform_orders_dag.py took 0.426 seconds
[2025-04-27T21:55:13.668+0000] {processor.py:161} INFO - Started process (PID=5426) to work on /opt/airflow/dags/transform_orders_dag.py
[2025-04-27T21:55:13.669+0000] {processor.py:830} INFO - Processing file /opt/airflow/dags/transform_orders_dag.py for tasks to queue
[2025-04-27T21:55:13.671+0000] {logging_mixin.py:188} INFO - [2025-04-27T21:55:13.671+0000] {dagbag.py:538} INFO - Filling up the DagBag from /opt/airflow/dags/transform_orders_dag.py
[2025-04-27T21:55:13.933+0000] {processor.py:840} INFO - DAG(s) 'clean_orders_csv_dag' retrieved from /opt/airflow/dags/transform_orders_dag.py
[2025-04-27T21:55:13.977+0000] {logging_mixin.py:188} INFO - [2025-04-27T21:55:13.977+0000] {dag.py:3036} INFO - Sync 1 DAGs
[2025-04-27T21:55:13.992+0000] {logging_mixin.py:188} INFO - [2025-04-27T21:55:13.991+0000] {dag.py:3823} INFO - Setting next_dagrun for clean_orders_csv_dag to None, run_after=None
[2025-04-27T21:55:14.015+0000] {processor.py:183} INFO - Processing /opt/airflow/dags/transform_orders_dag.py took 0.350 seconds
[2025-04-27T21:55:44.136+0000] {processor.py:161} INFO - Started process (PID=5469) to work on /opt/airflow/dags/transform_orders_dag.py
[2025-04-27T21:55:44.138+0000] {processor.py:830} INFO - Processing file /opt/airflow/dags/transform_orders_dag.py for tasks to queue
[2025-04-27T21:55:44.139+0000] {logging_mixin.py:188} INFO - [2025-04-27T21:55:44.139+0000] {dagbag.py:538} INFO - Filling up the DagBag from /opt/airflow/dags/transform_orders_dag.py
[2025-04-27T21:55:44.438+0000] {processor.py:840} INFO - DAG(s) 'clean_orders_csv_dag' retrieved from /opt/airflow/dags/transform_orders_dag.py
[2025-04-27T21:55:44.464+0000] {logging_mixin.py:188} INFO - [2025-04-27T21:55:44.464+0000] {dag.py:3036} INFO - Sync 1 DAGs
[2025-04-27T21:55:44.477+0000] {logging_mixin.py:188} INFO - [2025-04-27T21:55:44.477+0000] {dag.py:3823} INFO - Setting next_dagrun for clean_orders_csv_dag to None, run_after=None
[2025-04-27T21:55:44.500+0000] {processor.py:183} INFO - Processing /opt/airflow/dags/transform_orders_dag.py took 0.367 seconds
[2025-04-27T21:56:34.278+0000] {processor.py:161} INFO - Started process (PID=191) to work on /opt/airflow/dags/transform_orders_dag.py
[2025-04-27T21:56:34.281+0000] {processor.py:830} INFO - Processing file /opt/airflow/dags/transform_orders_dag.py for tasks to queue
[2025-04-27T21:56:34.284+0000] {logging_mixin.py:188} INFO - [2025-04-27T21:56:34.283+0000] {dagbag.py:538} INFO - Filling up the DagBag from /opt/airflow/dags/transform_orders_dag.py
[2025-04-27T21:56:34.903+0000] {processor.py:840} INFO - DAG(s) 'clean_orders_csv_dag' retrieved from /opt/airflow/dags/transform_orders_dag.py
[2025-04-27T21:56:34.928+0000] {logging_mixin.py:188} INFO - [2025-04-27T21:56:34.927+0000] {dag.py:3036} INFO - Sync 1 DAGs
[2025-04-27T21:56:34.953+0000] {logging_mixin.py:188} INFO - [2025-04-27T21:56:34.953+0000] {dag.py:3823} INFO - Setting next_dagrun for clean_orders_csv_dag to None, run_after=None
[2025-04-27T21:56:34.992+0000] {processor.py:183} INFO - Processing /opt/airflow/dags/transform_orders_dag.py took 0.721 seconds
[2025-04-27T21:57:05.309+0000] {processor.py:161} INFO - Started process (PID=234) to work on /opt/airflow/dags/transform_orders_dag.py
[2025-04-27T21:57:05.310+0000] {processor.py:830} INFO - Processing file /opt/airflow/dags/transform_orders_dag.py for tasks to queue
[2025-04-27T21:57:05.312+0000] {logging_mixin.py:188} INFO - [2025-04-27T21:57:05.311+0000] {dagbag.py:538} INFO - Filling up the DagBag from /opt/airflow/dags/transform_orders_dag.py
[2025-04-27T21:57:05.867+0000] {processor.py:840} INFO - DAG(s) 'clean_orders_csv_dag' retrieved from /opt/airflow/dags/transform_orders_dag.py
[2025-04-27T21:57:06.045+0000] {logging_mixin.py:188} INFO - [2025-04-27T21:57:06.044+0000] {dag.py:3036} INFO - Sync 1 DAGs
[2025-04-27T21:57:06.061+0000] {logging_mixin.py:188} INFO - [2025-04-27T21:57:06.061+0000] {dag.py:3823} INFO - Setting next_dagrun for clean_orders_csv_dag to None, run_after=None
[2025-04-27T21:57:06.090+0000] {processor.py:183} INFO - Processing /opt/airflow/dags/transform_orders_dag.py took 0.784 seconds
[2025-04-27T21:57:36.519+0000] {processor.py:161} INFO - Started process (PID=276) to work on /opt/airflow/dags/transform_orders_dag.py
[2025-04-27T21:57:36.521+0000] {processor.py:830} INFO - Processing file /opt/airflow/dags/transform_orders_dag.py for tasks to queue
[2025-04-27T21:57:36.522+0000] {logging_mixin.py:188} INFO - [2025-04-27T21:57:36.522+0000] {dagbag.py:538} INFO - Filling up the DagBag from /opt/airflow/dags/transform_orders_dag.py
[2025-04-27T21:57:36.966+0000] {processor.py:840} INFO - DAG(s) 'clean_orders_csv_dag' retrieved from /opt/airflow/dags/transform_orders_dag.py
[2025-04-27T21:57:37.010+0000] {logging_mixin.py:188} INFO - [2025-04-27T21:57:37.009+0000] {dag.py:3036} INFO - Sync 1 DAGs
[2025-04-27T21:57:37.024+0000] {logging_mixin.py:188} INFO - [2025-04-27T21:57:37.024+0000] {dag.py:3823} INFO - Setting next_dagrun for clean_orders_csv_dag to None, run_after=None
[2025-04-27T21:57:37.051+0000] {processor.py:183} INFO - Processing /opt/airflow/dags/transform_orders_dag.py took 0.537 seconds
[2025-04-27T21:58:07.351+0000] {processor.py:161} INFO - Started process (PID=319) to work on /opt/airflow/dags/transform_orders_dag.py
[2025-04-27T21:58:07.352+0000] {processor.py:830} INFO - Processing file /opt/airflow/dags/transform_orders_dag.py for tasks to queue
[2025-04-27T21:58:07.353+0000] {logging_mixin.py:188} INFO - [2025-04-27T21:58:07.352+0000] {dagbag.py:538} INFO - Filling up the DagBag from /opt/airflow/dags/transform_orders_dag.py
[2025-04-27T21:58:07.708+0000] {processor.py:840} INFO - DAG(s) 'clean_orders_csv_dag' retrieved from /opt/airflow/dags/transform_orders_dag.py
[2025-04-27T21:58:07.744+0000] {logging_mixin.py:188} INFO - [2025-04-27T21:58:07.744+0000] {dag.py:3036} INFO - Sync 1 DAGs
[2025-04-27T21:58:07.767+0000] {logging_mixin.py:188} INFO - [2025-04-27T21:58:07.767+0000] {dag.py:3823} INFO - Setting next_dagrun for clean_orders_csv_dag to None, run_after=None
[2025-04-27T21:58:07.799+0000] {processor.py:183} INFO - Processing /opt/airflow/dags/transform_orders_dag.py took 0.452 seconds
[2025-04-27T21:58:38.560+0000] {processor.py:161} INFO - Started process (PID=362) to work on /opt/airflow/dags/transform_orders_dag.py
[2025-04-27T21:58:38.573+0000] {processor.py:830} INFO - Processing file /opt/airflow/dags/transform_orders_dag.py for tasks to queue
[2025-04-27T21:58:38.578+0000] {logging_mixin.py:188} INFO - [2025-04-27T21:58:38.574+0000] {dagbag.py:538} INFO - Filling up the DagBag from /opt/airflow/dags/transform_orders_dag.py
[2025-04-27T21:58:39.676+0000] {processor.py:840} INFO - DAG(s) 'clean_orders_csv_dag' retrieved from /opt/airflow/dags/transform_orders_dag.py
[2025-04-27T21:58:39.733+0000] {logging_mixin.py:188} INFO - [2025-04-27T21:58:39.732+0000] {dag.py:3036} INFO - Sync 1 DAGs
[2025-04-27T21:58:39.753+0000] {logging_mixin.py:188} INFO - [2025-04-27T21:58:39.752+0000] {dag.py:3823} INFO - Setting next_dagrun for clean_orders_csv_dag to None, run_after=None
[2025-04-27T21:58:39.787+0000] {processor.py:183} INFO - Processing /opt/airflow/dags/transform_orders_dag.py took 1.246 seconds
[2025-04-27T21:59:10.095+0000] {processor.py:161} INFO - Started process (PID=408) to work on /opt/airflow/dags/transform_orders_dag.py
[2025-04-27T21:59:10.100+0000] {processor.py:830} INFO - Processing file /opt/airflow/dags/transform_orders_dag.py for tasks to queue
[2025-04-27T21:59:10.104+0000] {logging_mixin.py:188} INFO - [2025-04-27T21:59:10.103+0000] {dagbag.py:538} INFO - Filling up the DagBag from /opt/airflow/dags/transform_orders_dag.py
[2025-04-27T21:59:11.243+0000] {processor.py:840} INFO - DAG(s) 'clean_orders_csv_dag' retrieved from /opt/airflow/dags/transform_orders_dag.py
[2025-04-27T21:59:11.325+0000] {logging_mixin.py:188} INFO - [2025-04-27T21:59:11.324+0000] {dag.py:3036} INFO - Sync 1 DAGs
[2025-04-27T21:59:11.359+0000] {logging_mixin.py:188} INFO - [2025-04-27T21:59:11.358+0000] {dag.py:3823} INFO - Setting next_dagrun for clean_orders_csv_dag to None, run_after=None
[2025-04-27T21:59:11.411+0000] {processor.py:183} INFO - Processing /opt/airflow/dags/transform_orders_dag.py took 1.332 seconds
[2025-04-27T22:35:48.119+0000] {processor.py:161} INFO - Started process (PID=194) to work on /opt/airflow/dags/transform_orders_dag.py
[2025-04-27T22:35:48.121+0000] {processor.py:830} INFO - Processing file /opt/airflow/dags/transform_orders_dag.py for tasks to queue
[2025-04-27T22:35:48.123+0000] {logging_mixin.py:188} INFO - [2025-04-27T22:35:48.123+0000] {dagbag.py:538} INFO - Filling up the DagBag from /opt/airflow/dags/transform_orders_dag.py
[2025-04-27T22:35:48.732+0000] {processor.py:840} INFO - DAG(s) 'clean_orders_csv_dag' retrieved from /opt/airflow/dags/transform_orders_dag.py
[2025-04-27T22:35:48.769+0000] {logging_mixin.py:188} INFO - [2025-04-27T22:35:48.768+0000] {dag.py:3036} INFO - Sync 1 DAGs
[2025-04-27T22:35:48.786+0000] {logging_mixin.py:188} INFO - [2025-04-27T22:35:48.786+0000] {dag.py:3823} INFO - Setting next_dagrun for clean_orders_csv_dag to None, run_after=None
[2025-04-27T22:35:48.823+0000] {processor.py:183} INFO - Processing /opt/airflow/dags/transform_orders_dag.py took 0.709 seconds
[2025-04-27T22:36:18.974+0000] {processor.py:161} INFO - Started process (PID=239) to work on /opt/airflow/dags/transform_orders_dag.py
[2025-04-27T22:36:18.975+0000] {processor.py:830} INFO - Processing file /opt/airflow/dags/transform_orders_dag.py for tasks to queue
[2025-04-27T22:36:18.976+0000] {logging_mixin.py:188} INFO - [2025-04-27T22:36:18.976+0000] {dagbag.py:538} INFO - Filling up the DagBag from /opt/airflow/dags/transform_orders_dag.py
[2025-04-27T22:36:19.235+0000] {processor.py:840} INFO - DAG(s) 'clean_orders_csv_dag' retrieved from /opt/airflow/dags/transform_orders_dag.py
[2025-04-27T22:36:19.310+0000] {logging_mixin.py:188} INFO - [2025-04-27T22:36:19.309+0000] {dag.py:3036} INFO - Sync 1 DAGs
[2025-04-27T22:36:19.319+0000] {logging_mixin.py:188} INFO - [2025-04-27T22:36:19.319+0000] {dag.py:3823} INFO - Setting next_dagrun for clean_orders_csv_dag to None, run_after=None
[2025-04-27T22:36:19.339+0000] {processor.py:183} INFO - Processing /opt/airflow/dags/transform_orders_dag.py took 0.368 seconds
[2025-04-27T22:36:49.723+0000] {processor.py:161} INFO - Started process (PID=283) to work on /opt/airflow/dags/transform_orders_dag.py
[2025-04-27T22:36:49.724+0000] {processor.py:830} INFO - Processing file /opt/airflow/dags/transform_orders_dag.py for tasks to queue
[2025-04-27T22:36:49.725+0000] {logging_mixin.py:188} INFO - [2025-04-27T22:36:49.725+0000] {dagbag.py:538} INFO - Filling up the DagBag from /opt/airflow/dags/transform_orders_dag.py
[2025-04-27T22:36:50.194+0000] {processor.py:840} INFO - DAG(s) 'clean_orders_csv_dag' retrieved from /opt/airflow/dags/transform_orders_dag.py
[2025-04-27T22:36:50.233+0000] {logging_mixin.py:188} INFO - [2025-04-27T22:36:50.232+0000] {dag.py:3036} INFO - Sync 1 DAGs
[2025-04-27T22:36:50.251+0000] {logging_mixin.py:188} INFO - [2025-04-27T22:36:50.250+0000] {dag.py:3823} INFO - Setting next_dagrun for clean_orders_csv_dag to None, run_after=None
[2025-04-27T22:36:50.283+0000] {processor.py:183} INFO - Processing /opt/airflow/dags/transform_orders_dag.py took 0.563 seconds
[2025-04-27T22:37:20.390+0000] {processor.py:161} INFO - Started process (PID=333) to work on /opt/airflow/dags/transform_orders_dag.py
[2025-04-27T22:37:20.392+0000] {processor.py:830} INFO - Processing file /opt/airflow/dags/transform_orders_dag.py for tasks to queue
[2025-04-27T22:37:20.393+0000] {logging_mixin.py:188} INFO - [2025-04-27T22:37:20.392+0000] {dagbag.py:538} INFO - Filling up the DagBag from /opt/airflow/dags/transform_orders_dag.py
[2025-04-27T22:37:20.641+0000] {processor.py:840} INFO - DAG(s) 'clean_orders_csv_dag' retrieved from /opt/airflow/dags/transform_orders_dag.py
[2025-04-27T22:37:20.659+0000] {logging_mixin.py:188} INFO - [2025-04-27T22:37:20.659+0000] {dag.py:3036} INFO - Sync 1 DAGs
[2025-04-27T22:37:20.670+0000] {logging_mixin.py:188} INFO - [2025-04-27T22:37:20.670+0000] {dag.py:3823} INFO - Setting next_dagrun for clean_orders_csv_dag to None, run_after=None
[2025-04-27T22:37:20.685+0000] {processor.py:183} INFO - Processing /opt/airflow/dags/transform_orders_dag.py took 0.297 seconds
[2025-04-27T22:37:50.842+0000] {processor.py:161} INFO - Started process (PID=376) to work on /opt/airflow/dags/transform_orders_dag.py
[2025-04-27T22:37:50.843+0000] {processor.py:830} INFO - Processing file /opt/airflow/dags/transform_orders_dag.py for tasks to queue
[2025-04-27T22:37:50.844+0000] {logging_mixin.py:188} INFO - [2025-04-27T22:37:50.844+0000] {dagbag.py:538} INFO - Filling up the DagBag from /opt/airflow/dags/transform_orders_dag.py
[2025-04-27T22:37:51.092+0000] {processor.py:840} INFO - DAG(s) 'clean_orders_csv_dag' retrieved from /opt/airflow/dags/transform_orders_dag.py
[2025-04-27T22:37:51.114+0000] {logging_mixin.py:188} INFO - [2025-04-27T22:37:51.113+0000] {dag.py:3036} INFO - Sync 1 DAGs
[2025-04-27T22:37:51.124+0000] {logging_mixin.py:188} INFO - [2025-04-27T22:37:51.124+0000] {dag.py:3823} INFO - Setting next_dagrun for clean_orders_csv_dag to None, run_after=None
[2025-04-27T22:37:51.143+0000] {processor.py:183} INFO - Processing /opt/airflow/dags/transform_orders_dag.py took 0.303 seconds
[2025-04-27T22:38:21.774+0000] {processor.py:161} INFO - Started process (PID=412) to work on /opt/airflow/dags/transform_orders_dag.py
[2025-04-27T22:38:21.776+0000] {processor.py:830} INFO - Processing file /opt/airflow/dags/transform_orders_dag.py for tasks to queue
[2025-04-27T22:38:21.778+0000] {logging_mixin.py:188} INFO - [2025-04-27T22:38:21.777+0000] {dagbag.py:538} INFO - Filling up the DagBag from /opt/airflow/dags/transform_orders_dag.py
[2025-04-27T22:38:22.079+0000] {processor.py:840} INFO - DAG(s) 'clean_orders_csv_dag' retrieved from /opt/airflow/dags/transform_orders_dag.py
[2025-04-27T22:38:22.102+0000] {logging_mixin.py:188} INFO - [2025-04-27T22:38:22.101+0000] {dag.py:3036} INFO - Sync 1 DAGs
[2025-04-27T22:38:22.114+0000] {logging_mixin.py:188} INFO - [2025-04-27T22:38:22.114+0000] {dag.py:3823} INFO - Setting next_dagrun for clean_orders_csv_dag to None, run_after=None
[2025-04-27T22:38:22.137+0000] {processor.py:183} INFO - Processing /opt/airflow/dags/transform_orders_dag.py took 0.367 seconds
[2025-04-27T22:38:52.662+0000] {processor.py:161} INFO - Started process (PID=457) to work on /opt/airflow/dags/transform_orders_dag.py
[2025-04-27T22:38:52.663+0000] {processor.py:830} INFO - Processing file /opt/airflow/dags/transform_orders_dag.py for tasks to queue
[2025-04-27T22:38:52.664+0000] {logging_mixin.py:188} INFO - [2025-04-27T22:38:52.664+0000] {dagbag.py:538} INFO - Filling up the DagBag from /opt/airflow/dags/transform_orders_dag.py
[2025-04-27T22:38:53.112+0000] {processor.py:840} INFO - DAG(s) 'clean_orders_csv_dag' retrieved from /opt/airflow/dags/transform_orders_dag.py
[2025-04-27T22:38:53.176+0000] {logging_mixin.py:188} INFO - [2025-04-27T22:38:53.175+0000] {dag.py:3036} INFO - Sync 1 DAGs
[2025-04-27T22:38:53.228+0000] {logging_mixin.py:188} INFO - [2025-04-27T22:38:53.228+0000] {dag.py:3823} INFO - Setting next_dagrun for clean_orders_csv_dag to None, run_after=None
[2025-04-27T22:38:53.269+0000] {processor.py:183} INFO - Processing /opt/airflow/dags/transform_orders_dag.py took 0.610 seconds
[2025-04-27T22:39:23.965+0000] {processor.py:161} INFO - Started process (PID=500) to work on /opt/airflow/dags/transform_orders_dag.py
[2025-04-27T22:39:23.966+0000] {processor.py:830} INFO - Processing file /opt/airflow/dags/transform_orders_dag.py for tasks to queue
[2025-04-27T22:39:23.968+0000] {logging_mixin.py:188} INFO - [2025-04-27T22:39:23.968+0000] {dagbag.py:538} INFO - Filling up the DagBag from /opt/airflow/dags/transform_orders_dag.py
[2025-04-27T22:39:24.247+0000] {processor.py:840} INFO - DAG(s) 'clean_orders_csv_dag' retrieved from /opt/airflow/dags/transform_orders_dag.py
[2025-04-27T22:39:24.274+0000] {logging_mixin.py:188} INFO - [2025-04-27T22:39:24.273+0000] {dag.py:3036} INFO - Sync 1 DAGs
[2025-04-27T22:39:24.286+0000] {logging_mixin.py:188} INFO - [2025-04-27T22:39:24.286+0000] {dag.py:3823} INFO - Setting next_dagrun for clean_orders_csv_dag to None, run_after=None
[2025-04-27T22:39:24.312+0000] {processor.py:183} INFO - Processing /opt/airflow/dags/transform_orders_dag.py took 0.350 seconds
[2025-04-27T22:39:54.439+0000] {processor.py:161} INFO - Started process (PID=543) to work on /opt/airflow/dags/transform_orders_dag.py
[2025-04-27T22:39:54.440+0000] {processor.py:830} INFO - Processing file /opt/airflow/dags/transform_orders_dag.py for tasks to queue
[2025-04-27T22:39:54.441+0000] {logging_mixin.py:188} INFO - [2025-04-27T22:39:54.440+0000] {dagbag.py:538} INFO - Filling up the DagBag from /opt/airflow/dags/transform_orders_dag.py
[2025-04-27T22:39:54.686+0000] {processor.py:840} INFO - DAG(s) 'clean_orders_csv_dag' retrieved from /opt/airflow/dags/transform_orders_dag.py
[2025-04-27T22:39:54.710+0000] {logging_mixin.py:188} INFO - [2025-04-27T22:39:54.709+0000] {dag.py:3036} INFO - Sync 1 DAGs
[2025-04-27T22:39:54.722+0000] {logging_mixin.py:188} INFO - [2025-04-27T22:39:54.722+0000] {dag.py:3823} INFO - Setting next_dagrun for clean_orders_csv_dag to None, run_after=None
[2025-04-27T22:39:54.741+0000] {processor.py:183} INFO - Processing /opt/airflow/dags/transform_orders_dag.py took 0.305 seconds
[2025-04-27T22:40:25.010+0000] {processor.py:161} INFO - Started process (PID=586) to work on /opt/airflow/dags/transform_orders_dag.py
[2025-04-27T22:40:25.013+0000] {processor.py:830} INFO - Processing file /opt/airflow/dags/transform_orders_dag.py for tasks to queue
[2025-04-27T22:40:25.014+0000] {logging_mixin.py:188} INFO - [2025-04-27T22:40:25.014+0000] {dagbag.py:538} INFO - Filling up the DagBag from /opt/airflow/dags/transform_orders_dag.py
[2025-04-27T22:40:25.353+0000] {processor.py:840} INFO - DAG(s) 'clean_orders_csv_dag' retrieved from /opt/airflow/dags/transform_orders_dag.py
[2025-04-27T22:40:25.386+0000] {logging_mixin.py:188} INFO - [2025-04-27T22:40:25.386+0000] {dag.py:3036} INFO - Sync 1 DAGs
[2025-04-27T22:40:25.405+0000] {logging_mixin.py:188} INFO - [2025-04-27T22:40:25.405+0000] {dag.py:3823} INFO - Setting next_dagrun for clean_orders_csv_dag to None, run_after=None
[2025-04-27T22:40:25.432+0000] {processor.py:183} INFO - Processing /opt/airflow/dags/transform_orders_dag.py took 0.426 seconds
[2025-04-27T22:40:56.049+0000] {processor.py:161} INFO - Started process (PID=629) to work on /opt/airflow/dags/transform_orders_dag.py
[2025-04-27T22:40:56.050+0000] {processor.py:830} INFO - Processing file /opt/airflow/dags/transform_orders_dag.py for tasks to queue
[2025-04-27T22:40:56.052+0000] {logging_mixin.py:188} INFO - [2025-04-27T22:40:56.052+0000] {dagbag.py:538} INFO - Filling up the DagBag from /opt/airflow/dags/transform_orders_dag.py
[2025-04-27T22:40:56.392+0000] {processor.py:840} INFO - DAG(s) 'clean_orders_csv_dag' retrieved from /opt/airflow/dags/transform_orders_dag.py
[2025-04-27T22:40:56.416+0000] {logging_mixin.py:188} INFO - [2025-04-27T22:40:56.415+0000] {dag.py:3036} INFO - Sync 1 DAGs
[2025-04-27T22:40:56.430+0000] {logging_mixin.py:188} INFO - [2025-04-27T22:40:56.430+0000] {dag.py:3823} INFO - Setting next_dagrun for clean_orders_csv_dag to None, run_after=None
[2025-04-27T22:40:56.453+0000] {processor.py:183} INFO - Processing /opt/airflow/dags/transform_orders_dag.py took 0.408 seconds
[2025-04-27T22:41:26.813+0000] {processor.py:161} INFO - Started process (PID=672) to work on /opt/airflow/dags/transform_orders_dag.py
[2025-04-27T22:41:26.815+0000] {processor.py:830} INFO - Processing file /opt/airflow/dags/transform_orders_dag.py for tasks to queue
[2025-04-27T22:41:26.818+0000] {logging_mixin.py:188} INFO - [2025-04-27T22:41:26.817+0000] {dagbag.py:538} INFO - Filling up the DagBag from /opt/airflow/dags/transform_orders_dag.py
[2025-04-27T22:41:27.142+0000] {processor.py:840} INFO - DAG(s) 'clean_orders_csv_dag' retrieved from /opt/airflow/dags/transform_orders_dag.py
[2025-04-27T22:41:27.195+0000] {logging_mixin.py:188} INFO - [2025-04-27T22:41:27.195+0000] {dag.py:3036} INFO - Sync 1 DAGs
[2025-04-27T22:41:27.210+0000] {logging_mixin.py:188} INFO - [2025-04-27T22:41:27.210+0000] {dag.py:3823} INFO - Setting next_dagrun for clean_orders_csv_dag to None, run_after=None
[2025-04-27T22:41:27.233+0000] {processor.py:183} INFO - Processing /opt/airflow/dags/transform_orders_dag.py took 0.424 seconds
[2025-04-27T22:41:57.297+0000] {processor.py:161} INFO - Started process (PID=715) to work on /opt/airflow/dags/transform_orders_dag.py
[2025-04-27T22:41:57.298+0000] {processor.py:830} INFO - Processing file /opt/airflow/dags/transform_orders_dag.py for tasks to queue
[2025-04-27T22:41:57.299+0000] {logging_mixin.py:188} INFO - [2025-04-27T22:41:57.299+0000] {dagbag.py:538} INFO - Filling up the DagBag from /opt/airflow/dags/transform_orders_dag.py
[2025-04-27T22:41:57.569+0000] {processor.py:840} INFO - DAG(s) 'clean_orders_csv_dag' retrieved from /opt/airflow/dags/transform_orders_dag.py
[2025-04-27T22:41:57.594+0000] {logging_mixin.py:188} INFO - [2025-04-27T22:41:57.593+0000] {dag.py:3036} INFO - Sync 1 DAGs
[2025-04-27T22:41:57.607+0000] {logging_mixin.py:188} INFO - [2025-04-27T22:41:57.607+0000] {dag.py:3823} INFO - Setting next_dagrun for clean_orders_csv_dag to None, run_after=None
[2025-04-27T22:41:57.633+0000] {processor.py:183} INFO - Processing /opt/airflow/dags/transform_orders_dag.py took 0.338 seconds
[2025-04-27T22:42:27.752+0000] {processor.py:161} INFO - Started process (PID=758) to work on /opt/airflow/dags/transform_orders_dag.py
[2025-04-27T22:42:27.754+0000] {processor.py:830} INFO - Processing file /opt/airflow/dags/transform_orders_dag.py for tasks to queue
[2025-04-27T22:42:27.755+0000] {logging_mixin.py:188} INFO - [2025-04-27T22:42:27.755+0000] {dagbag.py:538} INFO - Filling up the DagBag from /opt/airflow/dags/transform_orders_dag.py
[2025-04-27T22:42:28.095+0000] {processor.py:840} INFO - DAG(s) 'clean_orders_csv_dag' retrieved from /opt/airflow/dags/transform_orders_dag.py
[2025-04-27T22:42:28.125+0000] {logging_mixin.py:188} INFO - [2025-04-27T22:42:28.125+0000] {dag.py:3036} INFO - Sync 1 DAGs
[2025-04-27T22:42:28.139+0000] {logging_mixin.py:188} INFO - [2025-04-27T22:42:28.139+0000] {dag.py:3823} INFO - Setting next_dagrun for clean_orders_csv_dag to None, run_after=None
[2025-04-27T22:42:28.164+0000] {processor.py:183} INFO - Processing /opt/airflow/dags/transform_orders_dag.py took 0.415 seconds
[2025-04-27T22:42:58.531+0000] {processor.py:161} INFO - Started process (PID=801) to work on /opt/airflow/dags/transform_orders_dag.py
[2025-04-27T22:42:58.533+0000] {processor.py:830} INFO - Processing file /opt/airflow/dags/transform_orders_dag.py for tasks to queue
[2025-04-27T22:42:58.535+0000] {logging_mixin.py:188} INFO - [2025-04-27T22:42:58.534+0000] {dagbag.py:538} INFO - Filling up the DagBag from /opt/airflow/dags/transform_orders_dag.py
[2025-04-27T22:42:58.898+0000] {processor.py:840} INFO - DAG(s) 'clean_orders_csv_dag' retrieved from /opt/airflow/dags/transform_orders_dag.py
[2025-04-27T22:42:58.920+0000] {logging_mixin.py:188} INFO - [2025-04-27T22:42:58.919+0000] {dag.py:3036} INFO - Sync 1 DAGs
[2025-04-27T22:42:58.929+0000] {logging_mixin.py:188} INFO - [2025-04-27T22:42:58.929+0000] {dag.py:3823} INFO - Setting next_dagrun for clean_orders_csv_dag to None, run_after=None
[2025-04-27T22:42:58.947+0000] {processor.py:183} INFO - Processing /opt/airflow/dags/transform_orders_dag.py took 0.421 seconds
[2025-04-27T22:43:29.087+0000] {processor.py:161} INFO - Started process (PID=849) to work on /opt/airflow/dags/transform_orders_dag.py
[2025-04-27T22:43:29.089+0000] {processor.py:830} INFO - Processing file /opt/airflow/dags/transform_orders_dag.py for tasks to queue
[2025-04-27T22:43:29.090+0000] {logging_mixin.py:188} INFO - [2025-04-27T22:43:29.090+0000] {dagbag.py:538} INFO - Filling up the DagBag from /opt/airflow/dags/transform_orders_dag.py
[2025-04-27T22:43:29.345+0000] {processor.py:840} INFO - DAG(s) 'clean_orders_csv_dag' retrieved from /opt/airflow/dags/transform_orders_dag.py
[2025-04-27T22:43:29.364+0000] {logging_mixin.py:188} INFO - [2025-04-27T22:43:29.363+0000] {dag.py:3036} INFO - Sync 1 DAGs
[2025-04-27T22:43:29.375+0000] {logging_mixin.py:188} INFO - [2025-04-27T22:43:29.374+0000] {dag.py:3823} INFO - Setting next_dagrun for clean_orders_csv_dag to None, run_after=None
[2025-04-27T22:43:29.395+0000] {processor.py:183} INFO - Processing /opt/airflow/dags/transform_orders_dag.py took 0.312 seconds
[2025-04-27T22:43:59.582+0000] {processor.py:161} INFO - Started process (PID=892) to work on /opt/airflow/dags/transform_orders_dag.py
[2025-04-27T22:43:59.584+0000] {processor.py:830} INFO - Processing file /opt/airflow/dags/transform_orders_dag.py for tasks to queue
[2025-04-27T22:43:59.585+0000] {logging_mixin.py:188} INFO - [2025-04-27T22:43:59.584+0000] {dagbag.py:538} INFO - Filling up the DagBag from /opt/airflow/dags/transform_orders_dag.py
[2025-04-27T22:43:59.853+0000] {processor.py:840} INFO - DAG(s) 'clean_orders_csv_dag' retrieved from /opt/airflow/dags/transform_orders_dag.py
[2025-04-27T22:43:59.872+0000] {logging_mixin.py:188} INFO - [2025-04-27T22:43:59.872+0000] {dag.py:3036} INFO - Sync 1 DAGs
[2025-04-27T22:43:59.884+0000] {logging_mixin.py:188} INFO - [2025-04-27T22:43:59.884+0000] {dag.py:3823} INFO - Setting next_dagrun for clean_orders_csv_dag to None, run_after=None
[2025-04-27T22:43:59.901+0000] {processor.py:183} INFO - Processing /opt/airflow/dags/transform_orders_dag.py took 0.321 seconds
[2025-04-27T22:44:30.406+0000] {processor.py:161} INFO - Started process (PID=930) to work on /opt/airflow/dags/transform_orders_dag.py
[2025-04-27T22:44:30.407+0000] {processor.py:830} INFO - Processing file /opt/airflow/dags/transform_orders_dag.py for tasks to queue
[2025-04-27T22:44:30.408+0000] {logging_mixin.py:188} INFO - [2025-04-27T22:44:30.408+0000] {dagbag.py:538} INFO - Filling up the DagBag from /opt/airflow/dags/transform_orders_dag.py
[2025-04-27T22:44:30.721+0000] {processor.py:840} INFO - DAG(s) 'clean_orders_csv_dag' retrieved from /opt/airflow/dags/transform_orders_dag.py
[2025-04-27T22:44:30.750+0000] {logging_mixin.py:188} INFO - [2025-04-27T22:44:30.749+0000] {dag.py:3036} INFO - Sync 1 DAGs
[2025-04-27T22:44:30.768+0000] {logging_mixin.py:188} INFO - [2025-04-27T22:44:30.768+0000] {dag.py:3823} INFO - Setting next_dagrun for clean_orders_csv_dag to None, run_after=None
[2025-04-27T22:44:30.809+0000] {processor.py:183} INFO - Processing /opt/airflow/dags/transform_orders_dag.py took 0.405 seconds
[2025-04-27T22:45:00.994+0000] {processor.py:161} INFO - Started process (PID=978) to work on /opt/airflow/dags/transform_orders_dag.py
[2025-04-27T22:45:00.995+0000] {processor.py:830} INFO - Processing file /opt/airflow/dags/transform_orders_dag.py for tasks to queue
[2025-04-27T22:45:00.996+0000] {logging_mixin.py:188} INFO - [2025-04-27T22:45:00.996+0000] {dagbag.py:538} INFO - Filling up the DagBag from /opt/airflow/dags/transform_orders_dag.py
[2025-04-27T22:45:01.270+0000] {processor.py:840} INFO - DAG(s) 'clean_orders_csv_dag' retrieved from /opt/airflow/dags/transform_orders_dag.py
[2025-04-27T22:45:01.290+0000] {logging_mixin.py:188} INFO - [2025-04-27T22:45:01.290+0000] {dag.py:3036} INFO - Sync 1 DAGs
[2025-04-27T22:45:01.301+0000] {logging_mixin.py:188} INFO - [2025-04-27T22:45:01.301+0000] {dag.py:3823} INFO - Setting next_dagrun for clean_orders_csv_dag to None, run_after=None
[2025-04-27T22:45:01.321+0000] {processor.py:183} INFO - Processing /opt/airflow/dags/transform_orders_dag.py took 0.330 seconds
[2025-04-27T22:45:31.477+0000] {processor.py:161} INFO - Started process (PID=1016) to work on /opt/airflow/dags/transform_orders_dag.py
[2025-04-27T22:45:31.479+0000] {processor.py:830} INFO - Processing file /opt/airflow/dags/transform_orders_dag.py for tasks to queue
[2025-04-27T22:45:31.486+0000] {logging_mixin.py:188} INFO - [2025-04-27T22:45:31.482+0000] {dagbag.py:538} INFO - Filling up the DagBag from /opt/airflow/dags/transform_orders_dag.py
[2025-04-27T22:45:31.843+0000] {processor.py:840} INFO - DAG(s) 'clean_orders_csv_dag' retrieved from /opt/airflow/dags/transform_orders_dag.py
[2025-04-27T22:45:31.870+0000] {logging_mixin.py:188} INFO - [2025-04-27T22:45:31.869+0000] {dag.py:3036} INFO - Sync 1 DAGs
[2025-04-27T22:45:31.883+0000] {logging_mixin.py:188} INFO - [2025-04-27T22:45:31.883+0000] {dag.py:3823} INFO - Setting next_dagrun for clean_orders_csv_dag to None, run_after=None
[2025-04-27T22:45:31.902+0000] {processor.py:183} INFO - Processing /opt/airflow/dags/transform_orders_dag.py took 0.430 seconds
[2025-04-27T22:46:02.341+0000] {processor.py:161} INFO - Started process (PID=1059) to work on /opt/airflow/dags/transform_orders_dag.py
[2025-04-27T22:46:02.342+0000] {processor.py:830} INFO - Processing file /opt/airflow/dags/transform_orders_dag.py for tasks to queue
[2025-04-27T22:46:02.343+0000] {logging_mixin.py:188} INFO - [2025-04-27T22:46:02.343+0000] {dagbag.py:538} INFO - Filling up the DagBag from /opt/airflow/dags/transform_orders_dag.py
[2025-04-27T22:46:02.604+0000] {processor.py:840} INFO - DAG(s) 'clean_orders_csv_dag' retrieved from /opt/airflow/dags/transform_orders_dag.py
[2025-04-27T22:46:02.626+0000] {logging_mixin.py:188} INFO - [2025-04-27T22:46:02.625+0000] {dag.py:3036} INFO - Sync 1 DAGs
[2025-04-27T22:46:02.642+0000] {logging_mixin.py:188} INFO - [2025-04-27T22:46:02.642+0000] {dag.py:3823} INFO - Setting next_dagrun for clean_orders_csv_dag to None, run_after=None
[2025-04-27T22:46:02.663+0000] {processor.py:183} INFO - Processing /opt/airflow/dags/transform_orders_dag.py took 0.325 seconds
[2025-04-27T22:46:32.938+0000] {processor.py:161} INFO - Started process (PID=1102) to work on /opt/airflow/dags/transform_orders_dag.py
[2025-04-27T22:46:32.940+0000] {processor.py:830} INFO - Processing file /opt/airflow/dags/transform_orders_dag.py for tasks to queue
[2025-04-27T22:46:32.942+0000] {logging_mixin.py:188} INFO - [2025-04-27T22:46:32.941+0000] {dagbag.py:538} INFO - Filling up the DagBag from /opt/airflow/dags/transform_orders_dag.py
[2025-04-27T22:46:33.279+0000] {processor.py:840} INFO - DAG(s) 'clean_orders_csv_dag' retrieved from /opt/airflow/dags/transform_orders_dag.py
[2025-04-27T22:46:33.312+0000] {logging_mixin.py:188} INFO - [2025-04-27T22:46:33.311+0000] {dag.py:3036} INFO - Sync 1 DAGs
[2025-04-27T22:46:33.330+0000] {logging_mixin.py:188} INFO - [2025-04-27T22:46:33.329+0000] {dag.py:3823} INFO - Setting next_dagrun for clean_orders_csv_dag to None, run_after=None
[2025-04-27T22:46:33.357+0000] {processor.py:183} INFO - Processing /opt/airflow/dags/transform_orders_dag.py took 0.424 seconds
[2025-04-27T22:47:03.773+0000] {processor.py:161} INFO - Started process (PID=1145) to work on /opt/airflow/dags/transform_orders_dag.py
[2025-04-27T22:47:03.775+0000] {processor.py:830} INFO - Processing file /opt/airflow/dags/transform_orders_dag.py for tasks to queue
[2025-04-27T22:47:03.776+0000] {logging_mixin.py:188} INFO - [2025-04-27T22:47:03.776+0000] {dagbag.py:538} INFO - Filling up the DagBag from /opt/airflow/dags/transform_orders_dag.py
[2025-04-27T22:47:04.139+0000] {processor.py:840} INFO - DAG(s) 'clean_orders_csv_dag' retrieved from /opt/airflow/dags/transform_orders_dag.py
[2025-04-27T22:47:04.175+0000] {logging_mixin.py:188} INFO - [2025-04-27T22:47:04.174+0000] {dag.py:3036} INFO - Sync 1 DAGs
[2025-04-27T22:47:04.191+0000] {logging_mixin.py:188} INFO - [2025-04-27T22:47:04.190+0000] {dag.py:3823} INFO - Setting next_dagrun for clean_orders_csv_dag to None, run_after=None
[2025-04-27T22:47:04.219+0000] {processor.py:183} INFO - Processing /opt/airflow/dags/transform_orders_dag.py took 0.449 seconds
[2025-04-27T22:47:34.411+0000] {processor.py:161} INFO - Started process (PID=1188) to work on /opt/airflow/dags/transform_orders_dag.py
[2025-04-27T22:47:34.412+0000] {processor.py:830} INFO - Processing file /opt/airflow/dags/transform_orders_dag.py for tasks to queue
[2025-04-27T22:47:34.413+0000] {logging_mixin.py:188} INFO - [2025-04-27T22:47:34.412+0000] {dagbag.py:538} INFO - Filling up the DagBag from /opt/airflow/dags/transform_orders_dag.py
[2025-04-27T22:47:34.709+0000] {processor.py:840} INFO - DAG(s) 'clean_orders_csv_dag' retrieved from /opt/airflow/dags/transform_orders_dag.py
[2025-04-27T22:47:34.728+0000] {logging_mixin.py:188} INFO - [2025-04-27T22:47:34.728+0000] {dag.py:3036} INFO - Sync 1 DAGs
[2025-04-27T22:47:34.738+0000] {logging_mixin.py:188} INFO - [2025-04-27T22:47:34.738+0000] {dag.py:3823} INFO - Setting next_dagrun for clean_orders_csv_dag to None, run_after=None
[2025-04-27T22:47:34.753+0000] {processor.py:183} INFO - Processing /opt/airflow/dags/transform_orders_dag.py took 0.345 seconds
[2025-04-27T22:48:05.155+0000] {processor.py:161} INFO - Started process (PID=1231) to work on /opt/airflow/dags/transform_orders_dag.py
[2025-04-27T22:48:05.156+0000] {processor.py:830} INFO - Processing file /opt/airflow/dags/transform_orders_dag.py for tasks to queue
[2025-04-27T22:48:05.158+0000] {logging_mixin.py:188} INFO - [2025-04-27T22:48:05.157+0000] {dagbag.py:538} INFO - Filling up the DagBag from /opt/airflow/dags/transform_orders_dag.py
[2025-04-27T22:48:05.521+0000] {processor.py:840} INFO - DAG(s) 'clean_orders_csv_dag' retrieved from /opt/airflow/dags/transform_orders_dag.py
[2025-04-27T22:48:05.550+0000] {logging_mixin.py:188} INFO - [2025-04-27T22:48:05.548+0000] {dag.py:3036} INFO - Sync 1 DAGs
[2025-04-27T22:48:05.566+0000] {logging_mixin.py:188} INFO - [2025-04-27T22:48:05.565+0000] {dag.py:3823} INFO - Setting next_dagrun for clean_orders_csv_dag to None, run_after=None
[2025-04-27T22:48:05.593+0000] {processor.py:183} INFO - Processing /opt/airflow/dags/transform_orders_dag.py took 0.440 seconds
[2025-04-27T22:48:35.754+0000] {processor.py:161} INFO - Started process (PID=1279) to work on /opt/airflow/dags/transform_orders_dag.py
[2025-04-27T22:48:35.755+0000] {processor.py:830} INFO - Processing file /opt/airflow/dags/transform_orders_dag.py for tasks to queue
[2025-04-27T22:48:35.756+0000] {logging_mixin.py:188} INFO - [2025-04-27T22:48:35.756+0000] {dagbag.py:538} INFO - Filling up the DagBag from /opt/airflow/dags/transform_orders_dag.py
[2025-04-27T22:48:36.033+0000] {processor.py:840} INFO - DAG(s) 'clean_orders_csv_dag' retrieved from /opt/airflow/dags/transform_orders_dag.py
[2025-04-27T22:48:36.058+0000] {logging_mixin.py:188} INFO - [2025-04-27T22:48:36.058+0000] {dag.py:3036} INFO - Sync 1 DAGs
[2025-04-27T22:48:36.069+0000] {logging_mixin.py:188} INFO - [2025-04-27T22:48:36.069+0000] {dag.py:3823} INFO - Setting next_dagrun for clean_orders_csv_dag to None, run_after=None
[2025-04-27T22:48:36.093+0000] {processor.py:183} INFO - Processing /opt/airflow/dags/transform_orders_dag.py took 0.342 seconds
[2025-04-27T22:49:06.216+0000] {processor.py:161} INFO - Started process (PID=1322) to work on /opt/airflow/dags/transform_orders_dag.py
[2025-04-27T22:49:06.217+0000] {processor.py:830} INFO - Processing file /opt/airflow/dags/transform_orders_dag.py for tasks to queue
[2025-04-27T22:49:06.219+0000] {logging_mixin.py:188} INFO - [2025-04-27T22:49:06.218+0000] {dagbag.py:538} INFO - Filling up the DagBag from /opt/airflow/dags/transform_orders_dag.py
[2025-04-27T22:49:06.529+0000] {processor.py:840} INFO - DAG(s) 'clean_orders_csv_dag' retrieved from /opt/airflow/dags/transform_orders_dag.py
[2025-04-27T22:49:06.550+0000] {logging_mixin.py:188} INFO - [2025-04-27T22:49:06.550+0000] {dag.py:3036} INFO - Sync 1 DAGs
[2025-04-27T22:49:06.560+0000] {logging_mixin.py:188} INFO - [2025-04-27T22:49:06.560+0000] {dag.py:3823} INFO - Setting next_dagrun for clean_orders_csv_dag to None, run_after=None
[2025-04-27T22:49:06.576+0000] {processor.py:183} INFO - Processing /opt/airflow/dags/transform_orders_dag.py took 0.363 seconds
[2025-04-27T22:49:37.428+0000] {processor.py:161} INFO - Started process (PID=1365) to work on /opt/airflow/dags/transform_orders_dag.py
[2025-04-27T22:49:37.429+0000] {processor.py:830} INFO - Processing file /opt/airflow/dags/transform_orders_dag.py for tasks to queue
[2025-04-27T22:49:37.430+0000] {logging_mixin.py:188} INFO - [2025-04-27T22:49:37.430+0000] {dagbag.py:538} INFO - Filling up the DagBag from /opt/airflow/dags/transform_orders_dag.py
[2025-04-27T22:49:37.708+0000] {processor.py:840} INFO - DAG(s) 'clean_orders_csv_dag' retrieved from /opt/airflow/dags/transform_orders_dag.py
[2025-04-27T22:49:37.730+0000] {logging_mixin.py:188} INFO - [2025-04-27T22:49:37.730+0000] {dag.py:3036} INFO - Sync 1 DAGs
[2025-04-27T22:49:37.740+0000] {logging_mixin.py:188} INFO - [2025-04-27T22:49:37.740+0000] {dag.py:3823} INFO - Setting next_dagrun for clean_orders_csv_dag to None, run_after=None
[2025-04-27T22:49:37.757+0000] {processor.py:183} INFO - Processing /opt/airflow/dags/transform_orders_dag.py took 0.331 seconds
[2025-04-27T22:50:07.935+0000] {processor.py:161} INFO - Started process (PID=1408) to work on /opt/airflow/dags/transform_orders_dag.py
[2025-04-27T22:50:07.938+0000] {processor.py:830} INFO - Processing file /opt/airflow/dags/transform_orders_dag.py for tasks to queue
[2025-04-27T22:50:07.939+0000] {logging_mixin.py:188} INFO - [2025-04-27T22:50:07.939+0000] {dagbag.py:538} INFO - Filling up the DagBag from /opt/airflow/dags/transform_orders_dag.py
[2025-04-27T22:50:08.273+0000] {processor.py:840} INFO - DAG(s) 'clean_orders_csv_dag' retrieved from /opt/airflow/dags/transform_orders_dag.py
[2025-04-27T22:50:08.314+0000] {logging_mixin.py:188} INFO - [2025-04-27T22:50:08.314+0000] {dag.py:3036} INFO - Sync 1 DAGs
[2025-04-27T22:50:08.333+0000] {logging_mixin.py:188} INFO - [2025-04-27T22:50:08.332+0000] {dag.py:3823} INFO - Setting next_dagrun for clean_orders_csv_dag to None, run_after=None
[2025-04-27T22:50:08.365+0000] {processor.py:183} INFO - Processing /opt/airflow/dags/transform_orders_dag.py took 0.432 seconds
[2025-04-27T22:50:38.471+0000] {processor.py:161} INFO - Started process (PID=1451) to work on /opt/airflow/dags/transform_orders_dag.py
[2025-04-27T22:50:38.472+0000] {processor.py:830} INFO - Processing file /opt/airflow/dags/transform_orders_dag.py for tasks to queue
[2025-04-27T22:50:38.473+0000] {logging_mixin.py:188} INFO - [2025-04-27T22:50:38.473+0000] {dagbag.py:538} INFO - Filling up the DagBag from /opt/airflow/dags/transform_orders_dag.py
[2025-04-27T22:50:39.019+0000] {processor.py:840} INFO - DAG(s) 'clean_orders_csv_dag' retrieved from /opt/airflow/dags/transform_orders_dag.py
[2025-04-27T22:50:39.054+0000] {logging_mixin.py:188} INFO - [2025-04-27T22:50:39.053+0000] {dag.py:3036} INFO - Sync 1 DAGs
[2025-04-27T22:50:39.069+0000] {logging_mixin.py:188} INFO - [2025-04-27T22:50:39.069+0000] {dag.py:3823} INFO - Setting next_dagrun for clean_orders_csv_dag to None, run_after=None
[2025-04-27T22:50:39.096+0000] {processor.py:183} INFO - Processing /opt/airflow/dags/transform_orders_dag.py took 0.628 seconds
[2025-04-27T22:51:09.616+0000] {processor.py:161} INFO - Started process (PID=1494) to work on /opt/airflow/dags/transform_orders_dag.py
[2025-04-27T22:51:09.617+0000] {processor.py:830} INFO - Processing file /opt/airflow/dags/transform_orders_dag.py for tasks to queue
[2025-04-27T22:51:09.618+0000] {logging_mixin.py:188} INFO - [2025-04-27T22:51:09.618+0000] {dagbag.py:538} INFO - Filling up the DagBag from /opt/airflow/dags/transform_orders_dag.py
[2025-04-27T22:51:09.869+0000] {processor.py:840} INFO - DAG(s) 'clean_orders_csv_dag' retrieved from /opt/airflow/dags/transform_orders_dag.py
[2025-04-27T22:51:09.888+0000] {logging_mixin.py:188} INFO - [2025-04-27T22:51:09.888+0000] {dag.py:3036} INFO - Sync 1 DAGs
[2025-04-27T22:51:09.897+0000] {logging_mixin.py:188} INFO - [2025-04-27T22:51:09.896+0000] {dag.py:3823} INFO - Setting next_dagrun for clean_orders_csv_dag to None, run_after=None
[2025-04-27T22:51:09.914+0000] {processor.py:183} INFO - Processing /opt/airflow/dags/transform_orders_dag.py took 0.300 seconds
[2025-04-27T22:51:40.070+0000] {processor.py:161} INFO - Started process (PID=1537) to work on /opt/airflow/dags/transform_orders_dag.py
[2025-04-27T22:51:40.071+0000] {processor.py:830} INFO - Processing file /opt/airflow/dags/transform_orders_dag.py for tasks to queue
[2025-04-27T22:51:40.073+0000] {logging_mixin.py:188} INFO - [2025-04-27T22:51:40.072+0000] {dagbag.py:538} INFO - Filling up the DagBag from /opt/airflow/dags/transform_orders_dag.py
[2025-04-27T22:51:40.437+0000] {processor.py:840} INFO - DAG(s) 'clean_orders_csv_dag' retrieved from /opt/airflow/dags/transform_orders_dag.py
[2025-04-27T22:51:40.488+0000] {logging_mixin.py:188} INFO - [2025-04-27T22:51:40.488+0000] {dag.py:3036} INFO - Sync 1 DAGs
[2025-04-27T22:51:40.506+0000] {logging_mixin.py:188} INFO - [2025-04-27T22:51:40.505+0000] {dag.py:3823} INFO - Setting next_dagrun for clean_orders_csv_dag to None, run_after=None
[2025-04-27T22:51:40.535+0000] {processor.py:183} INFO - Processing /opt/airflow/dags/transform_orders_dag.py took 0.468 seconds
[2025-04-27T22:52:11.096+0000] {processor.py:161} INFO - Started process (PID=1580) to work on /opt/airflow/dags/transform_orders_dag.py
[2025-04-27T22:52:11.097+0000] {processor.py:830} INFO - Processing file /opt/airflow/dags/transform_orders_dag.py for tasks to queue
[2025-04-27T22:52:11.099+0000] {logging_mixin.py:188} INFO - [2025-04-27T22:52:11.098+0000] {dagbag.py:538} INFO - Filling up the DagBag from /opt/airflow/dags/transform_orders_dag.py
[2025-04-27T22:52:11.420+0000] {processor.py:840} INFO - DAG(s) 'clean_orders_csv_dag' retrieved from /opt/airflow/dags/transform_orders_dag.py
[2025-04-27T22:52:11.444+0000] {logging_mixin.py:188} INFO - [2025-04-27T22:52:11.444+0000] {dag.py:3036} INFO - Sync 1 DAGs
[2025-04-27T22:52:11.456+0000] {logging_mixin.py:188} INFO - [2025-04-27T22:52:11.456+0000] {dag.py:3823} INFO - Setting next_dagrun for clean_orders_csv_dag to None, run_after=None
[2025-04-27T22:52:11.477+0000] {processor.py:183} INFO - Processing /opt/airflow/dags/transform_orders_dag.py took 0.384 seconds
[2025-04-27T22:52:41.823+0000] {processor.py:161} INFO - Started process (PID=1623) to work on /opt/airflow/dags/transform_orders_dag.py
[2025-04-27T22:52:41.824+0000] {processor.py:830} INFO - Processing file /opt/airflow/dags/transform_orders_dag.py for tasks to queue
[2025-04-27T22:52:41.825+0000] {logging_mixin.py:188} INFO - [2025-04-27T22:52:41.825+0000] {dagbag.py:538} INFO - Filling up the DagBag from /opt/airflow/dags/transform_orders_dag.py
[2025-04-27T22:52:42.087+0000] {processor.py:840} INFO - DAG(s) 'clean_orders_csv_dag' retrieved from /opt/airflow/dags/transform_orders_dag.py
[2025-04-27T22:52:42.110+0000] {logging_mixin.py:188} INFO - [2025-04-27T22:52:42.110+0000] {dag.py:3036} INFO - Sync 1 DAGs
[2025-04-27T22:52:42.120+0000] {logging_mixin.py:188} INFO - [2025-04-27T22:52:42.120+0000] {dag.py:3823} INFO - Setting next_dagrun for clean_orders_csv_dag to None, run_after=None
[2025-04-27T22:52:42.136+0000] {processor.py:183} INFO - Processing /opt/airflow/dags/transform_orders_dag.py took 0.315 seconds
[2025-04-27T22:53:12.411+0000] {processor.py:161} INFO - Started process (PID=1666) to work on /opt/airflow/dags/transform_orders_dag.py
[2025-04-27T22:53:12.412+0000] {processor.py:830} INFO - Processing file /opt/airflow/dags/transform_orders_dag.py for tasks to queue
[2025-04-27T22:53:12.413+0000] {logging_mixin.py:188} INFO - [2025-04-27T22:53:12.413+0000] {dagbag.py:538} INFO - Filling up the DagBag from /opt/airflow/dags/transform_orders_dag.py
[2025-04-27T22:53:12.647+0000] {processor.py:840} INFO - DAG(s) 'clean_orders_csv_dag' retrieved from /opt/airflow/dags/transform_orders_dag.py
[2025-04-27T22:53:12.663+0000] {logging_mixin.py:188} INFO - [2025-04-27T22:53:12.663+0000] {dag.py:3036} INFO - Sync 1 DAGs
[2025-04-27T22:53:12.673+0000] {logging_mixin.py:188} INFO - [2025-04-27T22:53:12.672+0000] {dag.py:3823} INFO - Setting next_dagrun for clean_orders_csv_dag to None, run_after=None
[2025-04-27T22:53:12.689+0000] {processor.py:183} INFO - Processing /opt/airflow/dags/transform_orders_dag.py took 0.280 seconds
[2025-04-27T22:53:43.085+0000] {processor.py:161} INFO - Started process (PID=1709) to work on /opt/airflow/dags/transform_orders_dag.py
[2025-04-27T22:53:43.086+0000] {processor.py:830} INFO - Processing file /opt/airflow/dags/transform_orders_dag.py for tasks to queue
[2025-04-27T22:53:43.087+0000] {logging_mixin.py:188} INFO - [2025-04-27T22:53:43.087+0000] {dagbag.py:538} INFO - Filling up the DagBag from /opt/airflow/dags/transform_orders_dag.py
[2025-04-27T22:53:43.315+0000] {processor.py:840} INFO - DAG(s) 'clean_orders_csv_dag' retrieved from /opt/airflow/dags/transform_orders_dag.py
[2025-04-27T22:53:43.332+0000] {logging_mixin.py:188} INFO - [2025-04-27T22:53:43.331+0000] {dag.py:3036} INFO - Sync 1 DAGs
[2025-04-27T22:53:43.341+0000] {logging_mixin.py:188} INFO - [2025-04-27T22:53:43.340+0000] {dag.py:3823} INFO - Setting next_dagrun for clean_orders_csv_dag to None, run_after=None
[2025-04-27T22:53:43.355+0000] {processor.py:183} INFO - Processing /opt/airflow/dags/transform_orders_dag.py took 0.273 seconds
[2025-04-27T22:54:13.586+0000] {processor.py:161} INFO - Started process (PID=1752) to work on /opt/airflow/dags/transform_orders_dag.py
[2025-04-27T22:54:13.587+0000] {processor.py:830} INFO - Processing file /opt/airflow/dags/transform_orders_dag.py for tasks to queue
[2025-04-27T22:54:13.590+0000] {logging_mixin.py:188} INFO - [2025-04-27T22:54:13.588+0000] {dagbag.py:538} INFO - Filling up the DagBag from /opt/airflow/dags/transform_orders_dag.py
[2025-04-27T22:54:13.828+0000] {processor.py:840} INFO - DAG(s) 'clean_orders_csv_dag' retrieved from /opt/airflow/dags/transform_orders_dag.py
[2025-04-27T22:54:13.849+0000] {logging_mixin.py:188} INFO - [2025-04-27T22:54:13.848+0000] {dag.py:3036} INFO - Sync 1 DAGs
[2025-04-27T22:54:13.858+0000] {logging_mixin.py:188} INFO - [2025-04-27T22:54:13.858+0000] {dag.py:3823} INFO - Setting next_dagrun for clean_orders_csv_dag to None, run_after=None
[2025-04-27T22:54:13.873+0000] {processor.py:183} INFO - Processing /opt/airflow/dags/transform_orders_dag.py took 0.290 seconds
[2025-04-27T22:54:43.952+0000] {processor.py:161} INFO - Started process (PID=1795) to work on /opt/airflow/dags/transform_orders_dag.py
[2025-04-27T22:54:43.955+0000] {processor.py:830} INFO - Processing file /opt/airflow/dags/transform_orders_dag.py for tasks to queue
[2025-04-27T22:54:43.956+0000] {logging_mixin.py:188} INFO - [2025-04-27T22:54:43.956+0000] {dagbag.py:538} INFO - Filling up the DagBag from /opt/airflow/dags/transform_orders_dag.py
[2025-04-27T22:54:44.239+0000] {processor.py:840} INFO - DAG(s) 'clean_orders_csv_dag' retrieved from /opt/airflow/dags/transform_orders_dag.py
[2025-04-27T22:54:44.279+0000] {logging_mixin.py:188} INFO - [2025-04-27T22:54:44.279+0000] {dag.py:3036} INFO - Sync 1 DAGs
[2025-04-27T22:54:44.298+0000] {logging_mixin.py:188} INFO - [2025-04-27T22:54:44.298+0000] {dag.py:3823} INFO - Setting next_dagrun for clean_orders_csv_dag to None, run_after=None
[2025-04-27T22:54:44.319+0000] {processor.py:183} INFO - Processing /opt/airflow/dags/transform_orders_dag.py took 0.373 seconds
[2025-04-27T22:55:14.479+0000] {processor.py:161} INFO - Started process (PID=1838) to work on /opt/airflow/dags/transform_orders_dag.py
[2025-04-27T22:55:14.482+0000] {processor.py:830} INFO - Processing file /opt/airflow/dags/transform_orders_dag.py for tasks to queue
[2025-04-27T22:55:14.483+0000] {logging_mixin.py:188} INFO - [2025-04-27T22:55:14.483+0000] {dagbag.py:538} INFO - Filling up the DagBag from /opt/airflow/dags/transform_orders_dag.py
[2025-04-27T22:55:14.721+0000] {processor.py:840} INFO - DAG(s) 'clean_orders_csv_dag' retrieved from /opt/airflow/dags/transform_orders_dag.py
[2025-04-27T22:55:14.737+0000] {logging_mixin.py:188} INFO - [2025-04-27T22:55:14.736+0000] {dag.py:3036} INFO - Sync 1 DAGs
[2025-04-27T22:55:14.746+0000] {logging_mixin.py:188} INFO - [2025-04-27T22:55:14.746+0000] {dag.py:3823} INFO - Setting next_dagrun for clean_orders_csv_dag to None, run_after=None
[2025-04-27T22:55:14.762+0000] {processor.py:183} INFO - Processing /opt/airflow/dags/transform_orders_dag.py took 0.286 seconds
[2025-04-27T22:55:44.942+0000] {processor.py:161} INFO - Started process (PID=1881) to work on /opt/airflow/dags/transform_orders_dag.py
[2025-04-27T22:55:44.943+0000] {processor.py:830} INFO - Processing file /opt/airflow/dags/transform_orders_dag.py for tasks to queue
[2025-04-27T22:55:44.945+0000] {logging_mixin.py:188} INFO - [2025-04-27T22:55:44.944+0000] {dagbag.py:538} INFO - Filling up the DagBag from /opt/airflow/dags/transform_orders_dag.py
[2025-04-27T22:55:45.205+0000] {processor.py:840} INFO - DAG(s) 'clean_orders_csv_dag' retrieved from /opt/airflow/dags/transform_orders_dag.py
[2025-04-27T22:55:45.225+0000] {logging_mixin.py:188} INFO - [2025-04-27T22:55:45.224+0000] {dag.py:3036} INFO - Sync 1 DAGs
[2025-04-27T22:55:45.236+0000] {logging_mixin.py:188} INFO - [2025-04-27T22:55:45.236+0000] {dag.py:3823} INFO - Setting next_dagrun for clean_orders_csv_dag to None, run_after=None
[2025-04-27T22:55:45.254+0000] {processor.py:183} INFO - Processing /opt/airflow/dags/transform_orders_dag.py took 0.315 seconds
[2025-04-27T22:56:15.555+0000] {processor.py:161} INFO - Started process (PID=1924) to work on /opt/airflow/dags/transform_orders_dag.py
[2025-04-27T22:56:15.556+0000] {processor.py:830} INFO - Processing file /opt/airflow/dags/transform_orders_dag.py for tasks to queue
[2025-04-27T22:56:15.557+0000] {logging_mixin.py:188} INFO - [2025-04-27T22:56:15.557+0000] {dagbag.py:538} INFO - Filling up the DagBag from /opt/airflow/dags/transform_orders_dag.py
[2025-04-27T22:56:15.812+0000] {processor.py:840} INFO - DAG(s) 'clean_orders_csv_dag' retrieved from /opt/airflow/dags/transform_orders_dag.py
[2025-04-27T22:56:15.830+0000] {logging_mixin.py:188} INFO - [2025-04-27T22:56:15.830+0000] {dag.py:3036} INFO - Sync 1 DAGs
[2025-04-27T22:56:15.839+0000] {logging_mixin.py:188} INFO - [2025-04-27T22:56:15.839+0000] {dag.py:3823} INFO - Setting next_dagrun for clean_orders_csv_dag to None, run_after=None
[2025-04-27T22:56:15.856+0000] {processor.py:183} INFO - Processing /opt/airflow/dags/transform_orders_dag.py took 0.303 seconds
[2025-04-27T23:11:27.348+0000] {processor.py:161} INFO - Started process (PID=1987) to work on /opt/airflow/dags/transform_orders_dag.py
[2025-04-27T23:11:27.350+0000] {processor.py:830} INFO - Processing file /opt/airflow/dags/transform_orders_dag.py for tasks to queue
[2025-04-27T23:11:27.356+0000] {logging_mixin.py:188} INFO - [2025-04-27T23:11:27.353+0000] {dagbag.py:538} INFO - Filling up the DagBag from /opt/airflow/dags/transform_orders_dag.py
[2025-04-27T23:11:28.194+0000] {processor.py:840} INFO - DAG(s) 'clean_orders_csv_dag' retrieved from /opt/airflow/dags/transform_orders_dag.py
[2025-04-27T23:11:28.236+0000] {logging_mixin.py:188} INFO - [2025-04-27T23:11:28.235+0000] {dag.py:3036} INFO - Sync 1 DAGs
[2025-04-27T23:11:28.257+0000] {logging_mixin.py:188} INFO - [2025-04-27T23:11:28.256+0000] {dag.py:3823} INFO - Setting next_dagrun for clean_orders_csv_dag to None, run_after=None
[2025-04-27T23:11:28.285+0000] {processor.py:183} INFO - Processing /opt/airflow/dags/transform_orders_dag.py took 0.944 seconds
[2025-04-27T23:11:58.711+0000] {processor.py:161} INFO - Started process (PID=2030) to work on /opt/airflow/dags/transform_orders_dag.py
[2025-04-27T23:11:58.712+0000] {processor.py:830} INFO - Processing file /opt/airflow/dags/transform_orders_dag.py for tasks to queue
[2025-04-27T23:11:58.713+0000] {logging_mixin.py:188} INFO - [2025-04-27T23:11:58.713+0000] {dagbag.py:538} INFO - Filling up the DagBag from /opt/airflow/dags/transform_orders_dag.py
[2025-04-27T23:11:59.024+0000] {processor.py:840} INFO - DAG(s) 'clean_orders_csv_dag' retrieved from /opt/airflow/dags/transform_orders_dag.py
[2025-04-27T23:11:59.070+0000] {logging_mixin.py:188} INFO - [2025-04-27T23:11:59.069+0000] {dag.py:3036} INFO - Sync 1 DAGs
[2025-04-27T23:11:59.095+0000] {logging_mixin.py:188} INFO - [2025-04-27T23:11:59.094+0000] {dag.py:3823} INFO - Setting next_dagrun for clean_orders_csv_dag to None, run_after=None
[2025-04-27T23:11:59.127+0000] {processor.py:183} INFO - Processing /opt/airflow/dags/transform_orders_dag.py took 0.418 seconds
[2025-04-27T23:12:29.350+0000] {processor.py:161} INFO - Started process (PID=2073) to work on /opt/airflow/dags/transform_orders_dag.py
[2025-04-27T23:12:29.351+0000] {processor.py:830} INFO - Processing file /opt/airflow/dags/transform_orders_dag.py for tasks to queue
[2025-04-27T23:12:29.352+0000] {logging_mixin.py:188} INFO - [2025-04-27T23:12:29.352+0000] {dagbag.py:538} INFO - Filling up the DagBag from /opt/airflow/dags/transform_orders_dag.py
[2025-04-27T23:12:29.690+0000] {processor.py:840} INFO - DAG(s) 'clean_orders_csv_dag' retrieved from /opt/airflow/dags/transform_orders_dag.py
[2025-04-27T23:12:29.720+0000] {logging_mixin.py:188} INFO - [2025-04-27T23:12:29.720+0000] {dag.py:3036} INFO - Sync 1 DAGs
[2025-04-27T23:12:29.736+0000] {logging_mixin.py:188} INFO - [2025-04-27T23:12:29.736+0000] {dag.py:3823} INFO - Setting next_dagrun for clean_orders_csv_dag to None, run_after=None
[2025-04-27T23:12:29.767+0000] {processor.py:183} INFO - Processing /opt/airflow/dags/transform_orders_dag.py took 0.420 seconds
[2025-04-27T23:17:04.450+0000] {processor.py:161} INFO - Started process (PID=191) to work on /opt/airflow/dags/transform_orders_dag.py
[2025-04-27T23:17:04.452+0000] {processor.py:830} INFO - Processing file /opt/airflow/dags/transform_orders_dag.py for tasks to queue
[2025-04-27T23:17:04.453+0000] {logging_mixin.py:188} INFO - [2025-04-27T23:17:04.453+0000] {dagbag.py:538} INFO - Filling up the DagBag from /opt/airflow/dags/transform_orders_dag.py
[2025-04-27T23:17:04.800+0000] {processor.py:840} INFO - DAG(s) 'clean_orders_csv_dag' retrieved from /opt/airflow/dags/transform_orders_dag.py
[2025-04-27T23:17:04.821+0000] {logging_mixin.py:188} INFO - [2025-04-27T23:17:04.820+0000] {dag.py:3036} INFO - Sync 1 DAGs
[2025-04-27T23:17:04.837+0000] {logging_mixin.py:188} INFO - [2025-04-27T23:17:04.837+0000] {dag.py:3823} INFO - Setting next_dagrun for clean_orders_csv_dag to None, run_after=None
[2025-04-27T23:17:04.874+0000] {processor.py:183} INFO - Processing /opt/airflow/dags/transform_orders_dag.py took 0.427 seconds
[2025-04-27T23:17:35.309+0000] {processor.py:161} INFO - Started process (PID=234) to work on /opt/airflow/dags/transform_orders_dag.py
[2025-04-27T23:17:35.311+0000] {processor.py:830} INFO - Processing file /opt/airflow/dags/transform_orders_dag.py for tasks to queue
[2025-04-27T23:17:35.312+0000] {logging_mixin.py:188} INFO - [2025-04-27T23:17:35.312+0000] {dagbag.py:538} INFO - Filling up the DagBag from /opt/airflow/dags/transform_orders_dag.py
[2025-04-27T23:17:35.945+0000] {processor.py:840} INFO - DAG(s) 'clean_orders_csv_dag' retrieved from /opt/airflow/dags/transform_orders_dag.py
[2025-04-27T23:17:36.110+0000] {logging_mixin.py:188} INFO - [2025-04-27T23:17:36.110+0000] {dag.py:3036} INFO - Sync 1 DAGs
[2025-04-27T23:17:36.130+0000] {logging_mixin.py:188} INFO - [2025-04-27T23:17:36.129+0000] {dag.py:3823} INFO - Setting next_dagrun for clean_orders_csv_dag to None, run_after=None
[2025-04-27T23:17:36.164+0000] {processor.py:183} INFO - Processing /opt/airflow/dags/transform_orders_dag.py took 0.861 seconds
[2025-04-27T23:18:06.463+0000] {processor.py:161} INFO - Started process (PID=279) to work on /opt/airflow/dags/transform_orders_dag.py
[2025-04-27T23:18:06.464+0000] {processor.py:830} INFO - Processing file /opt/airflow/dags/transform_orders_dag.py for tasks to queue
[2025-04-27T23:18:06.465+0000] {logging_mixin.py:188} INFO - [2025-04-27T23:18:06.465+0000] {dagbag.py:538} INFO - Filling up the DagBag from /opt/airflow/dags/transform_orders_dag.py
[2025-04-27T23:18:06.687+0000] {processor.py:840} INFO - DAG(s) 'clean_orders_csv_dag' retrieved from /opt/airflow/dags/transform_orders_dag.py
[2025-04-27T23:18:06.713+0000] {logging_mixin.py:188} INFO - [2025-04-27T23:18:06.713+0000] {dag.py:3036} INFO - Sync 1 DAGs
[2025-04-27T23:18:06.726+0000] {logging_mixin.py:188} INFO - [2025-04-27T23:18:06.726+0000] {dag.py:3823} INFO - Setting next_dagrun for clean_orders_csv_dag to None, run_after=None
[2025-04-27T23:18:06.756+0000] {processor.py:183} INFO - Processing /opt/airflow/dags/transform_orders_dag.py took 0.294 seconds
[2025-04-27T23:18:37.186+0000] {processor.py:161} INFO - Started process (PID=322) to work on /opt/airflow/dags/transform_orders_dag.py
[2025-04-27T23:18:37.187+0000] {processor.py:830} INFO - Processing file /opt/airflow/dags/transform_orders_dag.py for tasks to queue
[2025-04-27T23:18:37.188+0000] {logging_mixin.py:188} INFO - [2025-04-27T23:18:37.188+0000] {dagbag.py:538} INFO - Filling up the DagBag from /opt/airflow/dags/transform_orders_dag.py
[2025-04-27T23:18:37.540+0000] {processor.py:840} INFO - DAG(s) 'clean_orders_csv_dag' retrieved from /opt/airflow/dags/transform_orders_dag.py
[2025-04-27T23:18:37.572+0000] {logging_mixin.py:188} INFO - [2025-04-27T23:18:37.571+0000] {dag.py:3036} INFO - Sync 1 DAGs
[2025-04-27T23:18:37.593+0000] {logging_mixin.py:188} INFO - [2025-04-27T23:18:37.592+0000] {dag.py:3823} INFO - Setting next_dagrun for clean_orders_csv_dag to None, run_after=None
[2025-04-27T23:18:37.618+0000] {processor.py:183} INFO - Processing /opt/airflow/dags/transform_orders_dag.py took 0.434 seconds
[2025-04-27T23:19:07.868+0000] {processor.py:161} INFO - Started process (PID=365) to work on /opt/airflow/dags/transform_orders_dag.py
[2025-04-27T23:19:07.869+0000] {processor.py:830} INFO - Processing file /opt/airflow/dags/transform_orders_dag.py for tasks to queue
[2025-04-27T23:19:07.871+0000] {logging_mixin.py:188} INFO - [2025-04-27T23:19:07.870+0000] {dagbag.py:538} INFO - Filling up the DagBag from /opt/airflow/dags/transform_orders_dag.py
[2025-04-27T23:19:08.152+0000] {processor.py:840} INFO - DAG(s) 'clean_orders_csv_dag' retrieved from /opt/airflow/dags/transform_orders_dag.py
[2025-04-27T23:19:08.182+0000] {logging_mixin.py:188} INFO - [2025-04-27T23:19:08.181+0000] {dag.py:3036} INFO - Sync 1 DAGs
[2025-04-27T23:19:08.196+0000] {logging_mixin.py:188} INFO - [2025-04-27T23:19:08.196+0000] {dag.py:3823} INFO - Setting next_dagrun for clean_orders_csv_dag to None, run_after=None
[2025-04-27T23:19:08.236+0000] {processor.py:183} INFO - Processing /opt/airflow/dags/transform_orders_dag.py took 0.371 seconds
[2025-04-27T23:19:38.452+0000] {processor.py:161} INFO - Started process (PID=408) to work on /opt/airflow/dags/transform_orders_dag.py
[2025-04-27T23:19:38.453+0000] {processor.py:830} INFO - Processing file /opt/airflow/dags/transform_orders_dag.py for tasks to queue
[2025-04-27T23:19:38.454+0000] {logging_mixin.py:188} INFO - [2025-04-27T23:19:38.453+0000] {dagbag.py:538} INFO - Filling up the DagBag from /opt/airflow/dags/transform_orders_dag.py
[2025-04-27T23:19:38.875+0000] {processor.py:840} INFO - DAG(s) 'clean_orders_csv_dag' retrieved from /opt/airflow/dags/transform_orders_dag.py
[2025-04-27T23:19:38.915+0000] {logging_mixin.py:188} INFO - [2025-04-27T23:19:38.914+0000] {dag.py:3036} INFO - Sync 1 DAGs
[2025-04-27T23:19:38.933+0000] {logging_mixin.py:188} INFO - [2025-04-27T23:19:38.933+0000] {dag.py:3823} INFO - Setting next_dagrun for clean_orders_csv_dag to None, run_after=None
[2025-04-27T23:19:38.964+0000] {processor.py:183} INFO - Processing /opt/airflow/dags/transform_orders_dag.py took 0.516 seconds
[2025-04-27T23:20:09.206+0000] {processor.py:161} INFO - Started process (PID=454) to work on /opt/airflow/dags/transform_orders_dag.py
[2025-04-27T23:20:09.206+0000] {processor.py:830} INFO - Processing file /opt/airflow/dags/transform_orders_dag.py for tasks to queue
[2025-04-27T23:20:09.207+0000] {logging_mixin.py:188} INFO - [2025-04-27T23:20:09.207+0000] {dagbag.py:538} INFO - Filling up the DagBag from /opt/airflow/dags/transform_orders_dag.py
[2025-04-27T23:20:09.470+0000] {processor.py:840} INFO - DAG(s) 'clean_orders_csv_dag' retrieved from /opt/airflow/dags/transform_orders_dag.py
[2025-04-27T23:20:09.505+0000] {logging_mixin.py:188} INFO - [2025-04-27T23:20:09.505+0000] {dag.py:3036} INFO - Sync 1 DAGs
[2025-04-27T23:20:09.522+0000] {logging_mixin.py:188} INFO - [2025-04-27T23:20:09.522+0000] {dag.py:3823} INFO - Setting next_dagrun for clean_orders_csv_dag to None, run_after=None
[2025-04-27T23:20:09.546+0000] {processor.py:183} INFO - Processing /opt/airflow/dags/transform_orders_dag.py took 0.342 seconds
[2025-04-27T23:20:40.016+0000] {processor.py:161} INFO - Started process (PID=497) to work on /opt/airflow/dags/transform_orders_dag.py
[2025-04-27T23:20:40.018+0000] {processor.py:830} INFO - Processing file /opt/airflow/dags/transform_orders_dag.py for tasks to queue
[2025-04-27T23:20:40.019+0000] {logging_mixin.py:188} INFO - [2025-04-27T23:20:40.019+0000] {dagbag.py:538} INFO - Filling up the DagBag from /opt/airflow/dags/transform_orders_dag.py
[2025-04-27T23:20:40.369+0000] {processor.py:840} INFO - DAG(s) 'clean_orders_csv_dag' retrieved from /opt/airflow/dags/transform_orders_dag.py
[2025-04-27T23:20:40.397+0000] {logging_mixin.py:188} INFO - [2025-04-27T23:20:40.397+0000] {dag.py:3036} INFO - Sync 1 DAGs
[2025-04-27T23:20:40.419+0000] {logging_mixin.py:188} INFO - [2025-04-27T23:20:40.419+0000] {dag.py:3823} INFO - Setting next_dagrun for clean_orders_csv_dag to None, run_after=None
[2025-04-27T23:20:40.446+0000] {processor.py:183} INFO - Processing /opt/airflow/dags/transform_orders_dag.py took 0.434 seconds
[2025-04-27T23:21:10.801+0000] {processor.py:161} INFO - Started process (PID=540) to work on /opt/airflow/dags/transform_orders_dag.py
[2025-04-27T23:21:10.805+0000] {processor.py:830} INFO - Processing file /opt/airflow/dags/transform_orders_dag.py for tasks to queue
[2025-04-27T23:21:10.806+0000] {logging_mixin.py:188} INFO - [2025-04-27T23:21:10.805+0000] {dagbag.py:538} INFO - Filling up the DagBag from /opt/airflow/dags/transform_orders_dag.py
[2025-04-27T23:21:11.092+0000] {processor.py:840} INFO - DAG(s) 'clean_orders_csv_dag' retrieved from /opt/airflow/dags/transform_orders_dag.py
[2025-04-27T23:21:11.126+0000] {logging_mixin.py:188} INFO - [2025-04-27T23:21:11.126+0000] {dag.py:3036} INFO - Sync 1 DAGs
[2025-04-27T23:21:11.152+0000] {logging_mixin.py:188} INFO - [2025-04-27T23:21:11.152+0000] {dag.py:3823} INFO - Setting next_dagrun for clean_orders_csv_dag to None, run_after=None
[2025-04-27T23:21:11.199+0000] {processor.py:183} INFO - Processing /opt/airflow/dags/transform_orders_dag.py took 0.401 seconds
[2025-04-27T23:21:41.739+0000] {processor.py:161} INFO - Started process (PID=583) to work on /opt/airflow/dags/transform_orders_dag.py
[2025-04-27T23:21:41.741+0000] {processor.py:830} INFO - Processing file /opt/airflow/dags/transform_orders_dag.py for tasks to queue
[2025-04-27T23:21:41.742+0000] {logging_mixin.py:188} INFO - [2025-04-27T23:21:41.742+0000] {dagbag.py:538} INFO - Filling up the DagBag from /opt/airflow/dags/transform_orders_dag.py
[2025-04-27T23:21:42.060+0000] {processor.py:840} INFO - DAG(s) 'clean_orders_csv_dag' retrieved from /opt/airflow/dags/transform_orders_dag.py
[2025-04-27T23:21:42.108+0000] {logging_mixin.py:188} INFO - [2025-04-27T23:21:42.108+0000] {dag.py:3036} INFO - Sync 1 DAGs
[2025-04-27T23:21:42.124+0000] {logging_mixin.py:188} INFO - [2025-04-27T23:21:42.124+0000] {dag.py:3823} INFO - Setting next_dagrun for clean_orders_csv_dag to None, run_after=None
[2025-04-27T23:21:42.154+0000] {processor.py:183} INFO - Processing /opt/airflow/dags/transform_orders_dag.py took 0.418 seconds
[2025-04-27T23:22:12.682+0000] {processor.py:161} INFO - Started process (PID=626) to work on /opt/airflow/dags/transform_orders_dag.py
[2025-04-27T23:22:12.683+0000] {processor.py:830} INFO - Processing file /opt/airflow/dags/transform_orders_dag.py for tasks to queue
[2025-04-27T23:22:12.684+0000] {logging_mixin.py:188} INFO - [2025-04-27T23:22:12.684+0000] {dagbag.py:538} INFO - Filling up the DagBag from /opt/airflow/dags/transform_orders_dag.py
[2025-04-27T23:22:12.963+0000] {processor.py:840} INFO - DAG(s) 'clean_orders_csv_dag' retrieved from /opt/airflow/dags/transform_orders_dag.py
[2025-04-27T23:22:12.996+0000] {logging_mixin.py:188} INFO - [2025-04-27T23:22:12.995+0000] {dag.py:3036} INFO - Sync 1 DAGs
[2025-04-27T23:22:13.026+0000] {logging_mixin.py:188} INFO - [2025-04-27T23:22:13.025+0000] {dag.py:3823} INFO - Setting next_dagrun for clean_orders_csv_dag to None, run_after=None
[2025-04-27T23:22:13.048+0000] {processor.py:183} INFO - Processing /opt/airflow/dags/transform_orders_dag.py took 0.369 seconds
[2025-04-27T23:22:43.338+0000] {processor.py:161} INFO - Started process (PID=669) to work on /opt/airflow/dags/transform_orders_dag.py
[2025-04-27T23:22:43.339+0000] {processor.py:830} INFO - Processing file /opt/airflow/dags/transform_orders_dag.py for tasks to queue
[2025-04-27T23:22:43.340+0000] {logging_mixin.py:188} INFO - [2025-04-27T23:22:43.340+0000] {dagbag.py:538} INFO - Filling up the DagBag from /opt/airflow/dags/transform_orders_dag.py
[2025-04-27T23:22:43.657+0000] {processor.py:840} INFO - DAG(s) 'clean_orders_csv_dag' retrieved from /opt/airflow/dags/transform_orders_dag.py
[2025-04-27T23:22:43.684+0000] {logging_mixin.py:188} INFO - [2025-04-27T23:22:43.684+0000] {dag.py:3036} INFO - Sync 1 DAGs
[2025-04-27T23:22:43.703+0000] {logging_mixin.py:188} INFO - [2025-04-27T23:22:43.702+0000] {dag.py:3823} INFO - Setting next_dagrun for clean_orders_csv_dag to None, run_after=None
[2025-04-27T23:22:43.727+0000] {processor.py:183} INFO - Processing /opt/airflow/dags/transform_orders_dag.py took 0.392 seconds
[2025-04-27T23:23:14.368+0000] {processor.py:161} INFO - Started process (PID=712) to work on /opt/airflow/dags/transform_orders_dag.py
[2025-04-27T23:23:14.370+0000] {processor.py:830} INFO - Processing file /opt/airflow/dags/transform_orders_dag.py for tasks to queue
[2025-04-27T23:23:14.372+0000] {logging_mixin.py:188} INFO - [2025-04-27T23:23:14.371+0000] {dagbag.py:538} INFO - Filling up the DagBag from /opt/airflow/dags/transform_orders_dag.py
[2025-04-27T23:23:14.917+0000] {processor.py:840} INFO - DAG(s) 'clean_orders_csv_dag' retrieved from /opt/airflow/dags/transform_orders_dag.py
[2025-04-27T23:23:14.964+0000] {logging_mixin.py:188} INFO - [2025-04-27T23:23:14.963+0000] {dag.py:3036} INFO - Sync 1 DAGs
[2025-04-27T23:23:14.989+0000] {logging_mixin.py:188} INFO - [2025-04-27T23:23:14.988+0000] {dag.py:3823} INFO - Setting next_dagrun for clean_orders_csv_dag to None, run_after=None
[2025-04-27T23:23:15.042+0000] {processor.py:183} INFO - Processing /opt/airflow/dags/transform_orders_dag.py took 0.678 seconds
[2025-04-27T23:23:45.540+0000] {processor.py:161} INFO - Started process (PID=755) to work on /opt/airflow/dags/transform_orders_dag.py
[2025-04-27T23:23:45.541+0000] {processor.py:830} INFO - Processing file /opt/airflow/dags/transform_orders_dag.py for tasks to queue
[2025-04-27T23:23:45.542+0000] {logging_mixin.py:188} INFO - [2025-04-27T23:23:45.541+0000] {dagbag.py:538} INFO - Filling up the DagBag from /opt/airflow/dags/transform_orders_dag.py
[2025-04-27T23:23:45.818+0000] {processor.py:840} INFO - DAG(s) 'clean_orders_csv_dag' retrieved from /opt/airflow/dags/transform_orders_dag.py
[2025-04-27T23:23:45.846+0000] {logging_mixin.py:188} INFO - [2025-04-27T23:23:45.846+0000] {dag.py:3036} INFO - Sync 1 DAGs
[2025-04-27T23:23:45.866+0000] {logging_mixin.py:188} INFO - [2025-04-27T23:23:45.866+0000] {dag.py:3823} INFO - Setting next_dagrun for clean_orders_csv_dag to None, run_after=None
[2025-04-27T23:23:45.893+0000] {processor.py:183} INFO - Processing /opt/airflow/dags/transform_orders_dag.py took 0.356 seconds
[2025-04-27T23:24:16.043+0000] {processor.py:161} INFO - Started process (PID=798) to work on /opt/airflow/dags/transform_orders_dag.py
[2025-04-27T23:24:16.044+0000] {processor.py:830} INFO - Processing file /opt/airflow/dags/transform_orders_dag.py for tasks to queue
[2025-04-27T23:24:16.045+0000] {logging_mixin.py:188} INFO - [2025-04-27T23:24:16.044+0000] {dagbag.py:538} INFO - Filling up the DagBag from /opt/airflow/dags/transform_orders_dag.py
[2025-04-27T23:24:16.292+0000] {processor.py:840} INFO - DAG(s) 'clean_orders_csv_dag' retrieved from /opt/airflow/dags/transform_orders_dag.py
[2025-04-27T23:24:16.323+0000] {logging_mixin.py:188} INFO - [2025-04-27T23:24:16.322+0000] {dag.py:3036} INFO - Sync 1 DAGs
[2025-04-27T23:24:16.336+0000] {logging_mixin.py:188} INFO - [2025-04-27T23:24:16.336+0000] {dag.py:3823} INFO - Setting next_dagrun for clean_orders_csv_dag to None, run_after=None
[2025-04-27T23:24:16.356+0000] {processor.py:183} INFO - Processing /opt/airflow/dags/transform_orders_dag.py took 0.316 seconds
[2025-04-27T23:24:46.835+0000] {processor.py:161} INFO - Started process (PID=841) to work on /opt/airflow/dags/transform_orders_dag.py
[2025-04-27T23:24:46.836+0000] {processor.py:830} INFO - Processing file /opt/airflow/dags/transform_orders_dag.py for tasks to queue
[2025-04-27T23:24:46.837+0000] {logging_mixin.py:188} INFO - [2025-04-27T23:24:46.836+0000] {dagbag.py:538} INFO - Filling up the DagBag from /opt/airflow/dags/transform_orders_dag.py
[2025-04-27T23:24:47.154+0000] {processor.py:840} INFO - DAG(s) 'clean_orders_csv_dag' retrieved from /opt/airflow/dags/transform_orders_dag.py
[2025-04-27T23:24:47.179+0000] {logging_mixin.py:188} INFO - [2025-04-27T23:24:47.178+0000] {dag.py:3036} INFO - Sync 1 DAGs
[2025-04-27T23:24:47.191+0000] {logging_mixin.py:188} INFO - [2025-04-27T23:24:47.191+0000] {dag.py:3823} INFO - Setting next_dagrun for clean_orders_csv_dag to None, run_after=None
[2025-04-27T23:24:47.214+0000] {processor.py:183} INFO - Processing /opt/airflow/dags/transform_orders_dag.py took 0.382 seconds
[2025-04-27T23:25:17.380+0000] {processor.py:161} INFO - Started process (PID=884) to work on /opt/airflow/dags/transform_orders_dag.py
[2025-04-27T23:25:17.381+0000] {processor.py:830} INFO - Processing file /opt/airflow/dags/transform_orders_dag.py for tasks to queue
[2025-04-27T23:25:17.382+0000] {logging_mixin.py:188} INFO - [2025-04-27T23:25:17.382+0000] {dagbag.py:538} INFO - Filling up the DagBag from /opt/airflow/dags/transform_orders_dag.py
[2025-04-27T23:25:17.639+0000] {processor.py:840} INFO - DAG(s) 'clean_orders_csv_dag' retrieved from /opt/airflow/dags/transform_orders_dag.py
[2025-04-27T23:25:17.661+0000] {logging_mixin.py:188} INFO - [2025-04-27T23:25:17.660+0000] {dag.py:3036} INFO - Sync 1 DAGs
[2025-04-27T23:25:17.671+0000] {logging_mixin.py:188} INFO - [2025-04-27T23:25:17.671+0000] {dag.py:3823} INFO - Setting next_dagrun for clean_orders_csv_dag to None, run_after=None
[2025-04-27T23:25:17.697+0000] {processor.py:183} INFO - Processing /opt/airflow/dags/transform_orders_dag.py took 0.320 seconds
[2025-04-27T23:25:48.612+0000] {processor.py:161} INFO - Started process (PID=927) to work on /opt/airflow/dags/transform_orders_dag.py
[2025-04-27T23:25:48.613+0000] {processor.py:830} INFO - Processing file /opt/airflow/dags/transform_orders_dag.py for tasks to queue
[2025-04-27T23:25:48.614+0000] {logging_mixin.py:188} INFO - [2025-04-27T23:25:48.613+0000] {dagbag.py:538} INFO - Filling up the DagBag from /opt/airflow/dags/transform_orders_dag.py
[2025-04-27T23:25:48.903+0000] {processor.py:840} INFO - DAG(s) 'clean_orders_csv_dag' retrieved from /opt/airflow/dags/transform_orders_dag.py
[2025-04-27T23:25:48.931+0000] {logging_mixin.py:188} INFO - [2025-04-27T23:25:48.931+0000] {dag.py:3036} INFO - Sync 1 DAGs
[2025-04-27T23:25:48.951+0000] {logging_mixin.py:188} INFO - [2025-04-27T23:25:48.951+0000] {dag.py:3823} INFO - Setting next_dagrun for clean_orders_csv_dag to None, run_after=None
[2025-04-27T23:25:48.976+0000] {processor.py:183} INFO - Processing /opt/airflow/dags/transform_orders_dag.py took 0.367 seconds
[2025-04-27T23:26:19.341+0000] {processor.py:161} INFO - Started process (PID=970) to work on /opt/airflow/dags/transform_orders_dag.py
[2025-04-27T23:26:19.342+0000] {processor.py:830} INFO - Processing file /opt/airflow/dags/transform_orders_dag.py for tasks to queue
[2025-04-27T23:26:19.344+0000] {logging_mixin.py:188} INFO - [2025-04-27T23:26:19.343+0000] {dagbag.py:538} INFO - Filling up the DagBag from /opt/airflow/dags/transform_orders_dag.py
[2025-04-27T23:26:19.714+0000] {processor.py:840} INFO - DAG(s) 'clean_orders_csv_dag' retrieved from /opt/airflow/dags/transform_orders_dag.py
[2025-04-27T23:26:19.746+0000] {logging_mixin.py:188} INFO - [2025-04-27T23:26:19.746+0000] {dag.py:3036} INFO - Sync 1 DAGs
[2025-04-27T23:26:19.762+0000] {logging_mixin.py:188} INFO - [2025-04-27T23:26:19.761+0000] {dag.py:3823} INFO - Setting next_dagrun for clean_orders_csv_dag to None, run_after=None
[2025-04-27T23:26:19.790+0000] {processor.py:183} INFO - Processing /opt/airflow/dags/transform_orders_dag.py took 0.452 seconds
[2025-04-27T23:26:50.243+0000] {processor.py:161} INFO - Started process (PID=1013) to work on /opt/airflow/dags/transform_orders_dag.py
[2025-04-27T23:26:50.244+0000] {processor.py:830} INFO - Processing file /opt/airflow/dags/transform_orders_dag.py for tasks to queue
[2025-04-27T23:26:50.245+0000] {logging_mixin.py:188} INFO - [2025-04-27T23:26:50.245+0000] {dagbag.py:538} INFO - Filling up the DagBag from /opt/airflow/dags/transform_orders_dag.py
[2025-04-27T23:26:50.614+0000] {processor.py:840} INFO - DAG(s) 'clean_orders_csv_dag' retrieved from /opt/airflow/dags/transform_orders_dag.py
[2025-04-27T23:26:50.648+0000] {logging_mixin.py:188} INFO - [2025-04-27T23:26:50.648+0000] {dag.py:3036} INFO - Sync 1 DAGs
[2025-04-27T23:26:50.665+0000] {logging_mixin.py:188} INFO - [2025-04-27T23:26:50.665+0000] {dag.py:3823} INFO - Setting next_dagrun for clean_orders_csv_dag to None, run_after=None
[2025-04-27T23:26:50.697+0000] {processor.py:183} INFO - Processing /opt/airflow/dags/transform_orders_dag.py took 0.458 seconds
[2025-04-27T23:27:21.173+0000] {processor.py:161} INFO - Started process (PID=1056) to work on /opt/airflow/dags/transform_orders_dag.py
[2025-04-27T23:27:21.174+0000] {processor.py:830} INFO - Processing file /opt/airflow/dags/transform_orders_dag.py for tasks to queue
[2025-04-27T23:27:21.175+0000] {logging_mixin.py:188} INFO - [2025-04-27T23:27:21.175+0000] {dagbag.py:538} INFO - Filling up the DagBag from /opt/airflow/dags/transform_orders_dag.py
[2025-04-27T23:27:21.541+0000] {processor.py:840} INFO - DAG(s) 'clean_orders_csv_dag' retrieved from /opt/airflow/dags/transform_orders_dag.py
[2025-04-27T23:27:21.581+0000] {logging_mixin.py:188} INFO - [2025-04-27T23:27:21.580+0000] {dag.py:3036} INFO - Sync 1 DAGs
[2025-04-27T23:27:21.599+0000] {logging_mixin.py:188} INFO - [2025-04-27T23:27:21.598+0000] {dag.py:3823} INFO - Setting next_dagrun for clean_orders_csv_dag to None, run_after=None
[2025-04-27T23:27:21.633+0000] {processor.py:183} INFO - Processing /opt/airflow/dags/transform_orders_dag.py took 0.461 seconds
[2025-04-27T23:27:52.184+0000] {processor.py:161} INFO - Started process (PID=1099) to work on /opt/airflow/dags/transform_orders_dag.py
[2025-04-27T23:27:52.185+0000] {processor.py:830} INFO - Processing file /opt/airflow/dags/transform_orders_dag.py for tasks to queue
[2025-04-27T23:27:52.186+0000] {logging_mixin.py:188} INFO - [2025-04-27T23:27:52.186+0000] {dagbag.py:538} INFO - Filling up the DagBag from /opt/airflow/dags/transform_orders_dag.py
[2025-04-27T23:27:52.461+0000] {processor.py:840} INFO - DAG(s) 'clean_orders_csv_dag' retrieved from /opt/airflow/dags/transform_orders_dag.py
[2025-04-27T23:27:52.497+0000] {logging_mixin.py:188} INFO - [2025-04-27T23:27:52.497+0000] {dag.py:3036} INFO - Sync 1 DAGs
[2025-04-27T23:27:52.512+0000] {logging_mixin.py:188} INFO - [2025-04-27T23:27:52.512+0000] {dag.py:3823} INFO - Setting next_dagrun for clean_orders_csv_dag to None, run_after=None
[2025-04-27T23:27:52.545+0000] {processor.py:183} INFO - Processing /opt/airflow/dags/transform_orders_dag.py took 0.363 seconds
[2025-04-27T23:28:22.914+0000] {processor.py:161} INFO - Started process (PID=1142) to work on /opt/airflow/dags/transform_orders_dag.py
[2025-04-27T23:28:22.915+0000] {processor.py:830} INFO - Processing file /opt/airflow/dags/transform_orders_dag.py for tasks to queue
[2025-04-27T23:28:22.916+0000] {logging_mixin.py:188} INFO - [2025-04-27T23:28:22.915+0000] {dagbag.py:538} INFO - Filling up the DagBag from /opt/airflow/dags/transform_orders_dag.py
[2025-04-27T23:28:23.357+0000] {processor.py:840} INFO - DAG(s) 'clean_orders_csv_dag' retrieved from /opt/airflow/dags/transform_orders_dag.py
[2025-04-27T23:28:23.406+0000] {logging_mixin.py:188} INFO - [2025-04-27T23:28:23.406+0000] {dag.py:3036} INFO - Sync 1 DAGs
[2025-04-27T23:28:23.442+0000] {logging_mixin.py:188} INFO - [2025-04-27T23:28:23.442+0000] {dag.py:3823} INFO - Setting next_dagrun for clean_orders_csv_dag to None, run_after=None
[2025-04-27T23:28:23.488+0000] {processor.py:183} INFO - Processing /opt/airflow/dags/transform_orders_dag.py took 0.577 seconds
[2025-04-27T23:28:54.471+0000] {processor.py:161} INFO - Started process (PID=1185) to work on /opt/airflow/dags/transform_orders_dag.py
[2025-04-27T23:28:54.472+0000] {processor.py:830} INFO - Processing file /opt/airflow/dags/transform_orders_dag.py for tasks to queue
[2025-04-27T23:28:54.473+0000] {logging_mixin.py:188} INFO - [2025-04-27T23:28:54.473+0000] {dagbag.py:538} INFO - Filling up the DagBag from /opt/airflow/dags/transform_orders_dag.py
[2025-04-27T23:28:54.748+0000] {processor.py:840} INFO - DAG(s) 'clean_orders_csv_dag' retrieved from /opt/airflow/dags/transform_orders_dag.py
[2025-04-27T23:28:54.779+0000] {logging_mixin.py:188} INFO - [2025-04-27T23:28:54.778+0000] {dag.py:3036} INFO - Sync 1 DAGs
[2025-04-27T23:28:54.795+0000] {logging_mixin.py:188} INFO - [2025-04-27T23:28:54.795+0000] {dag.py:3823} INFO - Setting next_dagrun for clean_orders_csv_dag to None, run_after=None
[2025-04-27T23:28:54.823+0000] {processor.py:183} INFO - Processing /opt/airflow/dags/transform_orders_dag.py took 0.355 seconds
[2025-04-27T23:29:25.102+0000] {processor.py:161} INFO - Started process (PID=1228) to work on /opt/airflow/dags/transform_orders_dag.py
[2025-04-27T23:29:25.102+0000] {processor.py:830} INFO - Processing file /opt/airflow/dags/transform_orders_dag.py for tasks to queue
[2025-04-27T23:29:25.103+0000] {logging_mixin.py:188} INFO - [2025-04-27T23:29:25.103+0000] {dagbag.py:538} INFO - Filling up the DagBag from /opt/airflow/dags/transform_orders_dag.py
[2025-04-27T23:29:25.359+0000] {processor.py:840} INFO - DAG(s) 'clean_orders_csv_dag' retrieved from /opt/airflow/dags/transform_orders_dag.py
[2025-04-27T23:29:25.383+0000] {logging_mixin.py:188} INFO - [2025-04-27T23:29:25.382+0000] {dag.py:3036} INFO - Sync 1 DAGs
[2025-04-27T23:29:25.395+0000] {logging_mixin.py:188} INFO - [2025-04-27T23:29:25.395+0000] {dag.py:3823} INFO - Setting next_dagrun for clean_orders_csv_dag to None, run_after=None
[2025-04-27T23:29:25.423+0000] {processor.py:183} INFO - Processing /opt/airflow/dags/transform_orders_dag.py took 0.324 seconds
[2025-04-27T23:29:55.527+0000] {processor.py:161} INFO - Started process (PID=1271) to work on /opt/airflow/dags/transform_orders_dag.py
[2025-04-27T23:29:55.528+0000] {processor.py:830} INFO - Processing file /opt/airflow/dags/transform_orders_dag.py for tasks to queue
[2025-04-27T23:29:55.529+0000] {logging_mixin.py:188} INFO - [2025-04-27T23:29:55.528+0000] {dagbag.py:538} INFO - Filling up the DagBag from /opt/airflow/dags/transform_orders_dag.py
[2025-04-27T23:29:55.779+0000] {processor.py:840} INFO - DAG(s) 'clean_orders_csv_dag' retrieved from /opt/airflow/dags/transform_orders_dag.py
[2025-04-27T23:29:55.801+0000] {logging_mixin.py:188} INFO - [2025-04-27T23:29:55.801+0000] {dag.py:3036} INFO - Sync 1 DAGs
[2025-04-27T23:29:55.812+0000] {logging_mixin.py:188} INFO - [2025-04-27T23:29:55.812+0000] {dag.py:3823} INFO - Setting next_dagrun for clean_orders_csv_dag to None, run_after=None
[2025-04-27T23:29:55.833+0000] {processor.py:183} INFO - Processing /opt/airflow/dags/transform_orders_dag.py took 0.310 seconds
[2025-04-27T23:30:26.165+0000] {processor.py:161} INFO - Started process (PID=1314) to work on /opt/airflow/dags/transform_orders_dag.py
[2025-04-27T23:30:26.166+0000] {processor.py:830} INFO - Processing file /opt/airflow/dags/transform_orders_dag.py for tasks to queue
[2025-04-27T23:30:26.167+0000] {logging_mixin.py:188} INFO - [2025-04-27T23:30:26.167+0000] {dagbag.py:538} INFO - Filling up the DagBag from /opt/airflow/dags/transform_orders_dag.py
[2025-04-27T23:30:26.424+0000] {processor.py:840} INFO - DAG(s) 'clean_orders_csv_dag' retrieved from /opt/airflow/dags/transform_orders_dag.py
[2025-04-27T23:30:26.450+0000] {logging_mixin.py:188} INFO - [2025-04-27T23:30:26.450+0000] {dag.py:3036} INFO - Sync 1 DAGs
[2025-04-27T23:30:26.463+0000] {logging_mixin.py:188} INFO - [2025-04-27T23:30:26.463+0000] {dag.py:3823} INFO - Setting next_dagrun for clean_orders_csv_dag to None, run_after=None
[2025-04-27T23:30:26.494+0000] {processor.py:183} INFO - Processing /opt/airflow/dags/transform_orders_dag.py took 0.332 seconds
[2025-04-27T23:30:56.994+0000] {processor.py:161} INFO - Started process (PID=1357) to work on /opt/airflow/dags/transform_orders_dag.py
[2025-04-27T23:30:56.995+0000] {processor.py:830} INFO - Processing file /opt/airflow/dags/transform_orders_dag.py for tasks to queue
[2025-04-27T23:30:56.996+0000] {logging_mixin.py:188} INFO - [2025-04-27T23:30:56.996+0000] {dagbag.py:538} INFO - Filling up the DagBag from /opt/airflow/dags/transform_orders_dag.py
[2025-04-27T23:30:57.228+0000] {processor.py:840} INFO - DAG(s) 'clean_orders_csv_dag' retrieved from /opt/airflow/dags/transform_orders_dag.py
[2025-04-27T23:30:57.251+0000] {logging_mixin.py:188} INFO - [2025-04-27T23:30:57.251+0000] {dag.py:3036} INFO - Sync 1 DAGs
[2025-04-27T23:30:57.263+0000] {logging_mixin.py:188} INFO - [2025-04-27T23:30:57.262+0000] {dag.py:3823} INFO - Setting next_dagrun for clean_orders_csv_dag to None, run_after=None
[2025-04-27T23:30:57.284+0000] {processor.py:183} INFO - Processing /opt/airflow/dags/transform_orders_dag.py took 0.292 seconds
[2025-04-27T23:31:27.753+0000] {processor.py:161} INFO - Started process (PID=1400) to work on /opt/airflow/dags/transform_orders_dag.py
[2025-04-27T23:31:27.754+0000] {processor.py:830} INFO - Processing file /opt/airflow/dags/transform_orders_dag.py for tasks to queue
[2025-04-27T23:31:27.755+0000] {logging_mixin.py:188} INFO - [2025-04-27T23:31:27.754+0000] {dagbag.py:538} INFO - Filling up the DagBag from /opt/airflow/dags/transform_orders_dag.py
[2025-04-27T23:31:28.122+0000] {processor.py:840} INFO - DAG(s) 'clean_orders_csv_dag' retrieved from /opt/airflow/dags/transform_orders_dag.py
[2025-04-27T23:31:28.147+0000] {logging_mixin.py:188} INFO - [2025-04-27T23:31:28.146+0000] {dag.py:3036} INFO - Sync 1 DAGs
[2025-04-27T23:31:28.158+0000] {logging_mixin.py:188} INFO - [2025-04-27T23:31:28.158+0000] {dag.py:3823} INFO - Setting next_dagrun for clean_orders_csv_dag to None, run_after=None
[2025-04-27T23:31:28.181+0000] {processor.py:183} INFO - Processing /opt/airflow/dags/transform_orders_dag.py took 0.431 seconds
[2025-04-27T23:31:58.407+0000] {processor.py:161} INFO - Started process (PID=1443) to work on /opt/airflow/dags/transform_orders_dag.py
[2025-04-27T23:31:58.408+0000] {processor.py:830} INFO - Processing file /opt/airflow/dags/transform_orders_dag.py for tasks to queue
[2025-04-27T23:31:58.409+0000] {logging_mixin.py:188} INFO - [2025-04-27T23:31:58.409+0000] {dagbag.py:538} INFO - Filling up the DagBag from /opt/airflow/dags/transform_orders_dag.py
[2025-04-27T23:31:58.734+0000] {processor.py:840} INFO - DAG(s) 'clean_orders_csv_dag' retrieved from /opt/airflow/dags/transform_orders_dag.py
[2025-04-27T23:31:58.763+0000] {logging_mixin.py:188} INFO - [2025-04-27T23:31:58.762+0000] {dag.py:3036} INFO - Sync 1 DAGs
[2025-04-27T23:31:58.778+0000] {logging_mixin.py:188} INFO - [2025-04-27T23:31:58.777+0000] {dag.py:3823} INFO - Setting next_dagrun for clean_orders_csv_dag to None, run_after=None
[2025-04-27T23:31:58.804+0000] {processor.py:183} INFO - Processing /opt/airflow/dags/transform_orders_dag.py took 0.400 seconds
[2025-04-27T23:32:29.156+0000] {processor.py:161} INFO - Started process (PID=1486) to work on /opt/airflow/dags/transform_orders_dag.py
[2025-04-27T23:32:29.158+0000] {processor.py:830} INFO - Processing file /opt/airflow/dags/transform_orders_dag.py for tasks to queue
[2025-04-27T23:32:29.158+0000] {logging_mixin.py:188} INFO - [2025-04-27T23:32:29.158+0000] {dagbag.py:538} INFO - Filling up the DagBag from /opt/airflow/dags/transform_orders_dag.py
[2025-04-27T23:32:29.409+0000] {processor.py:840} INFO - DAG(s) 'clean_orders_csv_dag' retrieved from /opt/airflow/dags/transform_orders_dag.py
[2025-04-27T23:32:29.433+0000] {logging_mixin.py:188} INFO - [2025-04-27T23:32:29.433+0000] {dag.py:3036} INFO - Sync 1 DAGs
[2025-04-27T23:32:29.444+0000] {logging_mixin.py:188} INFO - [2025-04-27T23:32:29.444+0000] {dag.py:3823} INFO - Setting next_dagrun for clean_orders_csv_dag to None, run_after=None
[2025-04-27T23:32:29.464+0000] {processor.py:183} INFO - Processing /opt/airflow/dags/transform_orders_dag.py took 0.310 seconds
[2025-04-27T23:32:59.716+0000] {processor.py:161} INFO - Started process (PID=1529) to work on /opt/airflow/dags/transform_orders_dag.py
[2025-04-27T23:32:59.717+0000] {processor.py:830} INFO - Processing file /opt/airflow/dags/transform_orders_dag.py for tasks to queue
[2025-04-27T23:32:59.718+0000] {logging_mixin.py:188} INFO - [2025-04-27T23:32:59.718+0000] {dagbag.py:538} INFO - Filling up the DagBag from /opt/airflow/dags/transform_orders_dag.py
[2025-04-27T23:32:59.976+0000] {processor.py:840} INFO - DAG(s) 'clean_orders_csv_dag' retrieved from /opt/airflow/dags/transform_orders_dag.py
[2025-04-27T23:33:00.011+0000] {logging_mixin.py:188} INFO - [2025-04-27T23:33:00.010+0000] {dag.py:3036} INFO - Sync 1 DAGs
[2025-04-27T23:33:00.032+0000] {logging_mixin.py:188} INFO - [2025-04-27T23:33:00.032+0000] {dag.py:3823} INFO - Setting next_dagrun for clean_orders_csv_dag to None, run_after=None
[2025-04-27T23:33:00.066+0000] {processor.py:183} INFO - Processing /opt/airflow/dags/transform_orders_dag.py took 0.352 seconds
[2025-04-27T23:33:30.335+0000] {processor.py:161} INFO - Started process (PID=1572) to work on /opt/airflow/dags/transform_orders_dag.py
[2025-04-27T23:33:30.337+0000] {processor.py:830} INFO - Processing file /opt/airflow/dags/transform_orders_dag.py for tasks to queue
[2025-04-27T23:33:30.337+0000] {logging_mixin.py:188} INFO - [2025-04-27T23:33:30.337+0000] {dagbag.py:538} INFO - Filling up the DagBag from /opt/airflow/dags/transform_orders_dag.py
[2025-04-27T23:33:30.636+0000] {processor.py:840} INFO - DAG(s) 'clean_orders_csv_dag' retrieved from /opt/airflow/dags/transform_orders_dag.py
[2025-04-27T23:33:30.660+0000] {logging_mixin.py:188} INFO - [2025-04-27T23:33:30.659+0000] {dag.py:3036} INFO - Sync 1 DAGs
[2025-04-27T23:33:30.674+0000] {logging_mixin.py:188} INFO - [2025-04-27T23:33:30.674+0000] {dag.py:3823} INFO - Setting next_dagrun for clean_orders_csv_dag to None, run_after=None
[2025-04-27T23:33:30.703+0000] {processor.py:183} INFO - Processing /opt/airflow/dags/transform_orders_dag.py took 0.369 seconds
[2025-04-27T23:34:01.064+0000] {processor.py:161} INFO - Started process (PID=1615) to work on /opt/airflow/dags/transform_orders_dag.py
[2025-04-27T23:34:01.065+0000] {processor.py:830} INFO - Processing file /opt/airflow/dags/transform_orders_dag.py for tasks to queue
[2025-04-27T23:34:01.066+0000] {logging_mixin.py:188} INFO - [2025-04-27T23:34:01.066+0000] {dagbag.py:538} INFO - Filling up the DagBag from /opt/airflow/dags/transform_orders_dag.py
[2025-04-27T23:34:01.313+0000] {processor.py:840} INFO - DAG(s) 'clean_orders_csv_dag' retrieved from /opt/airflow/dags/transform_orders_dag.py
[2025-04-27T23:34:01.340+0000] {logging_mixin.py:188} INFO - [2025-04-27T23:34:01.339+0000] {dag.py:3036} INFO - Sync 1 DAGs
[2025-04-27T23:34:01.355+0000] {logging_mixin.py:188} INFO - [2025-04-27T23:34:01.354+0000] {dag.py:3823} INFO - Setting next_dagrun for clean_orders_csv_dag to None, run_after=None
[2025-04-27T23:34:01.381+0000] {processor.py:183} INFO - Processing /opt/airflow/dags/transform_orders_dag.py took 0.320 seconds
[2025-04-27T23:34:31.799+0000] {processor.py:161} INFO - Started process (PID=1658) to work on /opt/airflow/dags/transform_orders_dag.py
[2025-04-27T23:34:31.801+0000] {processor.py:830} INFO - Processing file /opt/airflow/dags/transform_orders_dag.py for tasks to queue
[2025-04-27T23:34:31.805+0000] {logging_mixin.py:188} INFO - [2025-04-27T23:34:31.803+0000] {dagbag.py:538} INFO - Filling up the DagBag from /opt/airflow/dags/transform_orders_dag.py
[2025-04-27T23:34:32.390+0000] {processor.py:840} INFO - DAG(s) 'clean_orders_csv_dag' retrieved from /opt/airflow/dags/transform_orders_dag.py
[2025-04-27T23:34:32.512+0000] {logging_mixin.py:188} INFO - [2025-04-27T23:34:32.509+0000] {dag.py:3036} INFO - Sync 1 DAGs
[2025-04-27T23:34:32.571+0000] {logging_mixin.py:188} INFO - [2025-04-27T23:34:32.570+0000] {dag.py:3823} INFO - Setting next_dagrun for clean_orders_csv_dag to None, run_after=None
[2025-04-27T23:34:32.620+0000] {processor.py:183} INFO - Processing /opt/airflow/dags/transform_orders_dag.py took 0.826 seconds
[2025-04-27T23:35:03.044+0000] {processor.py:161} INFO - Started process (PID=1701) to work on /opt/airflow/dags/transform_orders_dag.py
[2025-04-27T23:35:03.045+0000] {processor.py:830} INFO - Processing file /opt/airflow/dags/transform_orders_dag.py for tasks to queue
[2025-04-27T23:35:03.047+0000] {logging_mixin.py:188} INFO - [2025-04-27T23:35:03.046+0000] {dagbag.py:538} INFO - Filling up the DagBag from /opt/airflow/dags/transform_orders_dag.py
[2025-04-27T23:35:03.303+0000] {processor.py:840} INFO - DAG(s) 'clean_orders_csv_dag' retrieved from /opt/airflow/dags/transform_orders_dag.py
[2025-04-27T23:35:03.327+0000] {logging_mixin.py:188} INFO - [2025-04-27T23:35:03.327+0000] {dag.py:3036} INFO - Sync 1 DAGs
[2025-04-27T23:35:03.341+0000] {logging_mixin.py:188} INFO - [2025-04-27T23:35:03.341+0000] {dag.py:3823} INFO - Setting next_dagrun for clean_orders_csv_dag to None, run_after=None
[2025-04-27T23:35:03.365+0000] {processor.py:183} INFO - Processing /opt/airflow/dags/transform_orders_dag.py took 0.324 seconds
[2025-04-27T23:35:33.645+0000] {processor.py:161} INFO - Started process (PID=1744) to work on /opt/airflow/dags/transform_orders_dag.py
[2025-04-27T23:35:33.646+0000] {processor.py:830} INFO - Processing file /opt/airflow/dags/transform_orders_dag.py for tasks to queue
[2025-04-27T23:35:33.647+0000] {logging_mixin.py:188} INFO - [2025-04-27T23:35:33.647+0000] {dagbag.py:538} INFO - Filling up the DagBag from /opt/airflow/dags/transform_orders_dag.py
[2025-04-27T23:35:33.907+0000] {processor.py:840} INFO - DAG(s) 'clean_orders_csv_dag' retrieved from /opt/airflow/dags/transform_orders_dag.py
[2025-04-27T23:35:33.929+0000] {logging_mixin.py:188} INFO - [2025-04-27T23:35:33.928+0000] {dag.py:3036} INFO - Sync 1 DAGs
[2025-04-27T23:35:33.943+0000] {logging_mixin.py:188} INFO - [2025-04-27T23:35:33.943+0000] {dag.py:3823} INFO - Setting next_dagrun for clean_orders_csv_dag to None, run_after=None
[2025-04-27T23:35:33.978+0000] {processor.py:183} INFO - Processing /opt/airflow/dags/transform_orders_dag.py took 0.339 seconds
[2025-04-27T23:36:04.335+0000] {processor.py:161} INFO - Started process (PID=1787) to work on /opt/airflow/dags/transform_orders_dag.py
[2025-04-27T23:36:04.337+0000] {processor.py:830} INFO - Processing file /opt/airflow/dags/transform_orders_dag.py for tasks to queue
[2025-04-27T23:36:04.338+0000] {logging_mixin.py:188} INFO - [2025-04-27T23:36:04.338+0000] {dagbag.py:538} INFO - Filling up the DagBag from /opt/airflow/dags/transform_orders_dag.py
[2025-04-27T23:36:04.737+0000] {processor.py:840} INFO - DAG(s) 'clean_orders_csv_dag' retrieved from /opt/airflow/dags/transform_orders_dag.py
[2025-04-27T23:36:04.776+0000] {logging_mixin.py:188} INFO - [2025-04-27T23:36:04.775+0000] {dag.py:3036} INFO - Sync 1 DAGs
[2025-04-27T23:36:04.796+0000] {logging_mixin.py:188} INFO - [2025-04-27T23:36:04.795+0000] {dag.py:3823} INFO - Setting next_dagrun for clean_orders_csv_dag to None, run_after=None
[2025-04-27T23:36:04.830+0000] {processor.py:183} INFO - Processing /opt/airflow/dags/transform_orders_dag.py took 0.498 seconds
[2025-04-27T23:36:35.046+0000] {processor.py:161} INFO - Started process (PID=1830) to work on /opt/airflow/dags/transform_orders_dag.py
[2025-04-27T23:36:35.047+0000] {processor.py:830} INFO - Processing file /opt/airflow/dags/transform_orders_dag.py for tasks to queue
[2025-04-27T23:36:35.049+0000] {logging_mixin.py:188} INFO - [2025-04-27T23:36:35.048+0000] {dagbag.py:538} INFO - Filling up the DagBag from /opt/airflow/dags/transform_orders_dag.py
[2025-04-27T23:36:35.319+0000] {processor.py:840} INFO - DAG(s) 'clean_orders_csv_dag' retrieved from /opt/airflow/dags/transform_orders_dag.py
[2025-04-27T23:36:35.342+0000] {logging_mixin.py:188} INFO - [2025-04-27T23:36:35.342+0000] {dag.py:3036} INFO - Sync 1 DAGs
[2025-04-27T23:36:35.354+0000] {logging_mixin.py:188} INFO - [2025-04-27T23:36:35.353+0000] {dag.py:3823} INFO - Setting next_dagrun for clean_orders_csv_dag to None, run_after=None
[2025-04-27T23:36:35.373+0000] {processor.py:183} INFO - Processing /opt/airflow/dags/transform_orders_dag.py took 0.329 seconds
[2025-04-27T23:37:06.004+0000] {processor.py:161} INFO - Started process (PID=1873) to work on /opt/airflow/dags/transform_orders_dag.py
[2025-04-27T23:37:06.005+0000] {processor.py:830} INFO - Processing file /opt/airflow/dags/transform_orders_dag.py for tasks to queue
[2025-04-27T23:37:06.006+0000] {logging_mixin.py:188} INFO - [2025-04-27T23:37:06.006+0000] {dagbag.py:538} INFO - Filling up the DagBag from /opt/airflow/dags/transform_orders_dag.py
[2025-04-27T23:37:06.240+0000] {processor.py:840} INFO - DAG(s) 'clean_orders_csv_dag' retrieved from /opt/airflow/dags/transform_orders_dag.py
[2025-04-27T23:37:06.262+0000] {logging_mixin.py:188} INFO - [2025-04-27T23:37:06.262+0000] {dag.py:3036} INFO - Sync 1 DAGs
[2025-04-27T23:37:06.274+0000] {logging_mixin.py:188} INFO - [2025-04-27T23:37:06.274+0000] {dag.py:3823} INFO - Setting next_dagrun for clean_orders_csv_dag to None, run_after=None
[2025-04-27T23:37:06.295+0000] {processor.py:183} INFO - Processing /opt/airflow/dags/transform_orders_dag.py took 0.293 seconds
[2025-04-27T23:37:36.417+0000] {processor.py:161} INFO - Started process (PID=1916) to work on /opt/airflow/dags/transform_orders_dag.py
[2025-04-27T23:37:36.418+0000] {processor.py:830} INFO - Processing file /opt/airflow/dags/transform_orders_dag.py for tasks to queue
[2025-04-27T23:37:36.419+0000] {logging_mixin.py:188} INFO - [2025-04-27T23:37:36.418+0000] {dagbag.py:538} INFO - Filling up the DagBag from /opt/airflow/dags/transform_orders_dag.py
[2025-04-27T23:37:36.687+0000] {processor.py:840} INFO - DAG(s) 'clean_orders_csv_dag' retrieved from /opt/airflow/dags/transform_orders_dag.py
[2025-04-27T23:37:36.718+0000] {logging_mixin.py:188} INFO - [2025-04-27T23:37:36.717+0000] {dag.py:3036} INFO - Sync 1 DAGs
[2025-04-27T23:37:36.735+0000] {logging_mixin.py:188} INFO - [2025-04-27T23:37:36.735+0000] {dag.py:3823} INFO - Setting next_dagrun for clean_orders_csv_dag to None, run_after=None
[2025-04-27T23:37:36.773+0000] {processor.py:183} INFO - Processing /opt/airflow/dags/transform_orders_dag.py took 0.358 seconds
[2025-04-27T23:38:07.689+0000] {processor.py:161} INFO - Started process (PID=1959) to work on /opt/airflow/dags/transform_orders_dag.py
[2025-04-27T23:38:07.689+0000] {processor.py:830} INFO - Processing file /opt/airflow/dags/transform_orders_dag.py for tasks to queue
[2025-04-27T23:38:07.690+0000] {logging_mixin.py:188} INFO - [2025-04-27T23:38:07.690+0000] {dagbag.py:538} INFO - Filling up the DagBag from /opt/airflow/dags/transform_orders_dag.py
[2025-04-27T23:38:07.931+0000] {processor.py:840} INFO - DAG(s) 'clean_orders_csv_dag' retrieved from /opt/airflow/dags/transform_orders_dag.py
[2025-04-27T23:38:07.958+0000] {logging_mixin.py:188} INFO - [2025-04-27T23:38:07.957+0000] {dag.py:3036} INFO - Sync 1 DAGs
[2025-04-27T23:38:07.970+0000] {logging_mixin.py:188} INFO - [2025-04-27T23:38:07.969+0000] {dag.py:3823} INFO - Setting next_dagrun for clean_orders_csv_dag to None, run_after=None
[2025-04-27T23:38:07.995+0000] {processor.py:183} INFO - Processing /opt/airflow/dags/transform_orders_dag.py took 0.309 seconds
