[2025-03-23T15:41:16.686+0000] {processor.py:157} INFO - Started process (PID=1515) to work on /opt/airflow/dags/exampledag.py
[2025-03-23T15:41:16.689+0000] {processor.py:829} INFO - Processing file /opt/airflow/dags/exampledag.py for tasks to queue
[2025-03-23T15:41:16.703+0000] {logging_mixin.py:154} INFO - [2025-03-23T15:41:16.702+0000] {dagbag.py:536} INFO - Filling up the DagBag from /opt/airflow/dags/exampledag.py
[2025-03-23T15:41:17.663+0000] {processor.py:839} INFO - DAG(s) dict_keys(['chethan_test_dag']) retrieved from /opt/airflow/dags/exampledag.py
[2025-03-23T15:41:17.771+0000] {logging_mixin.py:154} INFO - [2025-03-23T15:41:17.771+0000] {dag.py:2941} INFO - Sync 1 DAGs
[2025-03-23T15:41:17.982+0000] {logging_mixin.py:154} INFO - [2025-03-23T15:41:17.981+0000] {dag.py:3722} INFO - Setting next_dagrun for chethan_test_dag to 2025-03-22T00:00:00+00:00, run_after=2025-03-23T00:00:00+00:00
[2025-03-23T15:41:18.142+0000] {processor.py:179} INFO - Processing /opt/airflow/dags/exampledag.py took 1.465 seconds
[2025-03-23T15:41:49.725+0000] {processor.py:157} INFO - Started process (PID=1518) to work on /opt/airflow/dags/exampledag.py
[2025-03-23T15:41:49.727+0000] {processor.py:829} INFO - Processing file /opt/airflow/dags/exampledag.py for tasks to queue
[2025-03-23T15:41:49.730+0000] {logging_mixin.py:154} INFO - [2025-03-23T15:41:49.729+0000] {dagbag.py:536} INFO - Filling up the DagBag from /opt/airflow/dags/exampledag.py
[2025-03-23T15:41:49.779+0000] {processor.py:839} INFO - DAG(s) dict_keys(['chethan_test_dag']) retrieved from /opt/airflow/dags/exampledag.py
[2025-03-23T15:41:49.813+0000] {logging_mixin.py:154} INFO - [2025-03-23T15:41:49.812+0000] {dag.py:2941} INFO - Sync 1 DAGs
[2025-03-23T15:41:49.842+0000] {logging_mixin.py:154} INFO - [2025-03-23T15:41:49.841+0000] {dag.py:3722} INFO - Setting next_dagrun for chethan_test_dag to 2025-03-22T00:00:00+00:00, run_after=2025-03-23T00:00:00+00:00
[2025-03-23T15:41:49.887+0000] {processor.py:179} INFO - Processing /opt/airflow/dags/exampledag.py took 0.170 seconds
[2025-03-23T15:42:20.051+0000] {processor.py:157} INFO - Started process (PID=1521) to work on /opt/airflow/dags/exampledag.py
[2025-03-23T15:42:20.052+0000] {processor.py:829} INFO - Processing file /opt/airflow/dags/exampledag.py for tasks to queue
[2025-03-23T15:42:20.054+0000] {logging_mixin.py:154} INFO - [2025-03-23T15:42:20.054+0000] {dagbag.py:536} INFO - Filling up the DagBag from /opt/airflow/dags/exampledag.py
[2025-03-23T15:42:20.225+0000] {processor.py:839} INFO - DAG(s) dict_keys(['chethan_test_dag']) retrieved from /opt/airflow/dags/exampledag.py
[2025-03-23T15:42:20.293+0000] {logging_mixin.py:154} INFO - [2025-03-23T15:42:20.293+0000] {dag.py:2941} INFO - Sync 1 DAGs
[2025-03-23T15:42:20.323+0000] {logging_mixin.py:154} INFO - [2025-03-23T15:42:20.323+0000] {dag.py:3722} INFO - Setting next_dagrun for chethan_test_dag to 2025-03-22T00:00:00+00:00, run_after=2025-03-23T00:00:00+00:00
[2025-03-23T15:42:20.349+0000] {processor.py:179} INFO - Processing /opt/airflow/dags/exampledag.py took 0.302 seconds
[2025-03-23T15:42:50.517+0000] {processor.py:157} INFO - Started process (PID=1524) to work on /opt/airflow/dags/exampledag.py
[2025-03-23T15:42:50.520+0000] {processor.py:829} INFO - Processing file /opt/airflow/dags/exampledag.py for tasks to queue
[2025-03-23T15:42:50.524+0000] {logging_mixin.py:154} INFO - [2025-03-23T15:42:50.523+0000] {dagbag.py:536} INFO - Filling up the DagBag from /opt/airflow/dags/exampledag.py
[2025-03-23T15:42:50.592+0000] {processor.py:839} INFO - DAG(s) dict_keys(['chethan_test_dag']) retrieved from /opt/airflow/dags/exampledag.py
[2025-03-23T15:42:50.663+0000] {logging_mixin.py:154} INFO - [2025-03-23T15:42:50.663+0000] {dag.py:2941} INFO - Sync 1 DAGs
[2025-03-23T15:42:50.737+0000] {logging_mixin.py:154} INFO - [2025-03-23T15:42:50.737+0000] {dag.py:3722} INFO - Setting next_dagrun for chethan_test_dag to 2025-03-22T00:00:00+00:00, run_after=2025-03-23T00:00:00+00:00
[2025-03-23T15:42:50.785+0000] {processor.py:179} INFO - Processing /opt/airflow/dags/exampledag.py took 0.282 seconds
[2025-03-23T15:43:21.767+0000] {processor.py:157} INFO - Started process (PID=1527) to work on /opt/airflow/dags/exampledag.py
[2025-03-23T15:43:21.771+0000] {processor.py:829} INFO - Processing file /opt/airflow/dags/exampledag.py for tasks to queue
[2025-03-23T15:43:21.772+0000] {logging_mixin.py:154} INFO - [2025-03-23T15:43:21.772+0000] {dagbag.py:536} INFO - Filling up the DagBag from /opt/airflow/dags/exampledag.py
[2025-03-23T15:43:21.831+0000] {processor.py:839} INFO - DAG(s) dict_keys(['chethan_test_dag']) retrieved from /opt/airflow/dags/exampledag.py
[2025-03-23T15:43:21.925+0000] {logging_mixin.py:154} INFO - [2025-03-23T15:43:21.924+0000] {dag.py:2941} INFO - Sync 1 DAGs
[2025-03-23T15:43:21.982+0000] {logging_mixin.py:154} INFO - [2025-03-23T15:43:21.982+0000] {dag.py:3722} INFO - Setting next_dagrun for chethan_test_dag to 2025-03-22T00:00:00+00:00, run_after=2025-03-23T00:00:00+00:00
[2025-03-23T15:43:22.014+0000] {processor.py:179} INFO - Processing /opt/airflow/dags/exampledag.py took 0.251 seconds
[2025-03-23T15:43:52.320+0000] {processor.py:157} INFO - Started process (PID=1530) to work on /opt/airflow/dags/exampledag.py
[2025-03-23T15:43:52.321+0000] {processor.py:829} INFO - Processing file /opt/airflow/dags/exampledag.py for tasks to queue
[2025-03-23T15:43:52.322+0000] {logging_mixin.py:154} INFO - [2025-03-23T15:43:52.322+0000] {dagbag.py:536} INFO - Filling up the DagBag from /opt/airflow/dags/exampledag.py
[2025-03-23T15:43:52.347+0000] {processor.py:839} INFO - DAG(s) dict_keys(['chethan_test_dag']) retrieved from /opt/airflow/dags/exampledag.py
[2025-03-23T15:43:52.372+0000] {logging_mixin.py:154} INFO - [2025-03-23T15:43:52.372+0000] {dag.py:2941} INFO - Sync 1 DAGs
[2025-03-23T15:43:52.396+0000] {logging_mixin.py:154} INFO - [2025-03-23T15:43:52.396+0000] {dag.py:3722} INFO - Setting next_dagrun for chethan_test_dag to 2025-03-22T00:00:00+00:00, run_after=2025-03-23T00:00:00+00:00
[2025-03-23T15:43:52.416+0000] {processor.py:179} INFO - Processing /opt/airflow/dags/exampledag.py took 0.101 seconds
[2025-03-23T15:44:22.721+0000] {processor.py:157} INFO - Started process (PID=1533) to work on /opt/airflow/dags/exampledag.py
[2025-03-23T15:44:22.723+0000] {processor.py:829} INFO - Processing file /opt/airflow/dags/exampledag.py for tasks to queue
[2025-03-23T15:44:22.724+0000] {logging_mixin.py:154} INFO - [2025-03-23T15:44:22.723+0000] {dagbag.py:536} INFO - Filling up the DagBag from /opt/airflow/dags/exampledag.py
[2025-03-23T15:44:22.753+0000] {processor.py:839} INFO - DAG(s) dict_keys(['chethan_test_dag']) retrieved from /opt/airflow/dags/exampledag.py
[2025-03-23T15:44:22.782+0000] {logging_mixin.py:154} INFO - [2025-03-23T15:44:22.781+0000] {dag.py:2941} INFO - Sync 1 DAGs
[2025-03-23T15:44:22.816+0000] {logging_mixin.py:154} INFO - [2025-03-23T15:44:22.816+0000] {dag.py:3722} INFO - Setting next_dagrun for chethan_test_dag to 2025-03-22T00:00:00+00:00, run_after=2025-03-23T00:00:00+00:00
[2025-03-23T15:44:22.835+0000] {processor.py:179} INFO - Processing /opt/airflow/dags/exampledag.py took 0.118 seconds
[2025-03-23T15:44:53.150+0000] {processor.py:157} INFO - Started process (PID=1536) to work on /opt/airflow/dags/exampledag.py
[2025-03-23T15:44:53.152+0000] {processor.py:829} INFO - Processing file /opt/airflow/dags/exampledag.py for tasks to queue
[2025-03-23T15:44:53.153+0000] {logging_mixin.py:154} INFO - [2025-03-23T15:44:53.153+0000] {dagbag.py:536} INFO - Filling up the DagBag from /opt/airflow/dags/exampledag.py
[2025-03-23T15:44:53.183+0000] {processor.py:839} INFO - DAG(s) dict_keys(['chethan_test_dag']) retrieved from /opt/airflow/dags/exampledag.py
[2025-03-23T15:44:53.215+0000] {logging_mixin.py:154} INFO - [2025-03-23T15:44:53.214+0000] {dag.py:2941} INFO - Sync 1 DAGs
[2025-03-23T15:44:53.240+0000] {logging_mixin.py:154} INFO - [2025-03-23T15:44:53.239+0000] {dag.py:3722} INFO - Setting next_dagrun for chethan_test_dag to 2025-03-22T00:00:00+00:00, run_after=2025-03-23T00:00:00+00:00
[2025-03-23T15:44:53.258+0000] {processor.py:179} INFO - Processing /opt/airflow/dags/exampledag.py took 0.111 seconds
[2025-03-23T15:45:23.502+0000] {processor.py:157} INFO - Started process (PID=1538) to work on /opt/airflow/dags/exampledag.py
[2025-03-23T15:45:23.503+0000] {processor.py:829} INFO - Processing file /opt/airflow/dags/exampledag.py for tasks to queue
[2025-03-23T15:45:23.505+0000] {logging_mixin.py:154} INFO - [2025-03-23T15:45:23.504+0000] {dagbag.py:536} INFO - Filling up the DagBag from /opt/airflow/dags/exampledag.py
[2025-03-23T15:45:23.529+0000] {processor.py:839} INFO - DAG(s) dict_keys(['chethan_test_dag']) retrieved from /opt/airflow/dags/exampledag.py
[2025-03-23T15:45:23.556+0000] {logging_mixin.py:154} INFO - [2025-03-23T15:45:23.556+0000] {dag.py:2941} INFO - Sync 1 DAGs
[2025-03-23T15:45:23.586+0000] {logging_mixin.py:154} INFO - [2025-03-23T15:45:23.585+0000] {dag.py:3722} INFO - Setting next_dagrun for chethan_test_dag to 2025-03-22T00:00:00+00:00, run_after=2025-03-23T00:00:00+00:00
[2025-03-23T15:45:23.607+0000] {processor.py:179} INFO - Processing /opt/airflow/dags/exampledag.py took 0.114 seconds
[2025-03-23T15:45:53.854+0000] {processor.py:157} INFO - Started process (PID=1540) to work on /opt/airflow/dags/exampledag.py
[2025-03-23T15:45:53.855+0000] {processor.py:829} INFO - Processing file /opt/airflow/dags/exampledag.py for tasks to queue
[2025-03-23T15:45:53.857+0000] {logging_mixin.py:154} INFO - [2025-03-23T15:45:53.856+0000] {dagbag.py:536} INFO - Filling up the DagBag from /opt/airflow/dags/exampledag.py
[2025-03-23T15:45:53.889+0000] {processor.py:839} INFO - DAG(s) dict_keys(['chethan_test_dag']) retrieved from /opt/airflow/dags/exampledag.py
[2025-03-23T15:45:53.930+0000] {logging_mixin.py:154} INFO - [2025-03-23T15:45:53.929+0000] {dag.py:2941} INFO - Sync 1 DAGs
[2025-03-23T15:45:53.956+0000] {logging_mixin.py:154} INFO - [2025-03-23T15:45:53.956+0000] {dag.py:3722} INFO - Setting next_dagrun for chethan_test_dag to 2025-03-22T00:00:00+00:00, run_after=2025-03-23T00:00:00+00:00
[2025-03-23T15:45:53.996+0000] {processor.py:179} INFO - Processing /opt/airflow/dags/exampledag.py took 0.146 seconds
[2025-03-23T15:46:24.929+0000] {processor.py:157} INFO - Started process (PID=1543) to work on /opt/airflow/dags/exampledag.py
[2025-03-23T15:46:24.933+0000] {processor.py:829} INFO - Processing file /opt/airflow/dags/exampledag.py for tasks to queue
[2025-03-23T15:46:24.934+0000] {logging_mixin.py:154} INFO - [2025-03-23T15:46:24.934+0000] {dagbag.py:536} INFO - Filling up the DagBag from /opt/airflow/dags/exampledag.py
[2025-03-23T15:46:24.967+0000] {processor.py:839} INFO - DAG(s) dict_keys(['chethan_test_dag']) retrieved from /opt/airflow/dags/exampledag.py
[2025-03-23T15:46:25.003+0000] {logging_mixin.py:154} INFO - [2025-03-23T15:46:25.002+0000] {dag.py:2941} INFO - Sync 1 DAGs
[2025-03-23T15:46:25.034+0000] {logging_mixin.py:154} INFO - [2025-03-23T15:46:25.033+0000] {dag.py:3722} INFO - Setting next_dagrun for chethan_test_dag to 2025-03-22T00:00:00+00:00, run_after=2025-03-23T00:00:00+00:00
[2025-03-23T15:46:25.068+0000] {processor.py:179} INFO - Processing /opt/airflow/dags/exampledag.py took 0.142 seconds
[2025-03-23T15:46:55.533+0000] {processor.py:157} INFO - Started process (PID=1546) to work on /opt/airflow/dags/exampledag.py
[2025-03-23T15:46:55.535+0000] {processor.py:829} INFO - Processing file /opt/airflow/dags/exampledag.py for tasks to queue
[2025-03-23T15:46:55.536+0000] {logging_mixin.py:154} INFO - [2025-03-23T15:46:55.536+0000] {dagbag.py:536} INFO - Filling up the DagBag from /opt/airflow/dags/exampledag.py
[2025-03-23T15:46:55.571+0000] {processor.py:839} INFO - DAG(s) dict_keys(['chethan_test_dag']) retrieved from /opt/airflow/dags/exampledag.py
[2025-03-23T15:46:55.610+0000] {logging_mixin.py:154} INFO - [2025-03-23T15:46:55.610+0000] {dag.py:2941} INFO - Sync 1 DAGs
[2025-03-23T15:46:55.665+0000] {logging_mixin.py:154} INFO - [2025-03-23T15:46:55.665+0000] {dag.py:3722} INFO - Setting next_dagrun for chethan_test_dag to 2025-03-22T00:00:00+00:00, run_after=2025-03-23T00:00:00+00:00
[2025-03-23T15:46:55.702+0000] {processor.py:179} INFO - Processing /opt/airflow/dags/exampledag.py took 0.171 seconds
[2025-03-23T15:47:25.804+0000] {processor.py:157} INFO - Started process (PID=1549) to work on /opt/airflow/dags/exampledag.py
[2025-03-23T15:47:25.805+0000] {processor.py:829} INFO - Processing file /opt/airflow/dags/exampledag.py for tasks to queue
[2025-03-23T15:47:25.806+0000] {logging_mixin.py:154} INFO - [2025-03-23T15:47:25.806+0000] {dagbag.py:536} INFO - Filling up the DagBag from /opt/airflow/dags/exampledag.py
[2025-03-23T15:47:25.828+0000] {processor.py:839} INFO - DAG(s) dict_keys(['chethan_test_dag']) retrieved from /opt/airflow/dags/exampledag.py
[2025-03-23T15:47:25.853+0000] {logging_mixin.py:154} INFO - [2025-03-23T15:47:25.853+0000] {dag.py:2941} INFO - Sync 1 DAGs
[2025-03-23T15:47:25.874+0000] {logging_mixin.py:154} INFO - [2025-03-23T15:47:25.874+0000] {dag.py:3722} INFO - Setting next_dagrun for chethan_test_dag to 2025-03-22T00:00:00+00:00, run_after=2025-03-23T00:00:00+00:00
[2025-03-23T15:47:25.898+0000] {processor.py:179} INFO - Processing /opt/airflow/dags/exampledag.py took 0.097 seconds
[2025-03-23T15:47:56.027+0000] {processor.py:157} INFO - Started process (PID=1552) to work on /opt/airflow/dags/exampledag.py
[2025-03-23T15:47:56.028+0000] {processor.py:829} INFO - Processing file /opt/airflow/dags/exampledag.py for tasks to queue
[2025-03-23T15:47:56.030+0000] {logging_mixin.py:154} INFO - [2025-03-23T15:47:56.029+0000] {dagbag.py:536} INFO - Filling up the DagBag from /opt/airflow/dags/exampledag.py
[2025-03-23T15:47:56.054+0000] {processor.py:839} INFO - DAG(s) dict_keys(['chethan_test_dag']) retrieved from /opt/airflow/dags/exampledag.py
[2025-03-23T15:47:56.086+0000] {logging_mixin.py:154} INFO - [2025-03-23T15:47:56.086+0000] {dag.py:2941} INFO - Sync 1 DAGs
[2025-03-23T15:47:56.109+0000] {logging_mixin.py:154} INFO - [2025-03-23T15:47:56.108+0000] {dag.py:3722} INFO - Setting next_dagrun for chethan_test_dag to 2025-03-22T00:00:00+00:00, run_after=2025-03-23T00:00:00+00:00
[2025-03-23T15:47:56.135+0000] {processor.py:179} INFO - Processing /opt/airflow/dags/exampledag.py took 0.111 seconds
[2025-03-23T15:48:26.573+0000] {processor.py:157} INFO - Started process (PID=1555) to work on /opt/airflow/dags/exampledag.py
[2025-03-23T15:48:26.575+0000] {processor.py:829} INFO - Processing file /opt/airflow/dags/exampledag.py for tasks to queue
[2025-03-23T15:48:26.576+0000] {logging_mixin.py:154} INFO - [2025-03-23T15:48:26.575+0000] {dagbag.py:536} INFO - Filling up the DagBag from /opt/airflow/dags/exampledag.py
[2025-03-23T15:48:26.597+0000] {processor.py:839} INFO - DAG(s) dict_keys(['chethan_test_dag']) retrieved from /opt/airflow/dags/exampledag.py
[2025-03-23T15:48:26.644+0000] {logging_mixin.py:154} INFO - [2025-03-23T15:48:26.644+0000] {dag.py:2941} INFO - Sync 1 DAGs
[2025-03-23T15:48:26.716+0000] {logging_mixin.py:154} INFO - [2025-03-23T15:48:26.716+0000] {dag.py:3722} INFO - Setting next_dagrun for chethan_test_dag to 2025-03-22T00:00:00+00:00, run_after=2025-03-23T00:00:00+00:00
[2025-03-23T15:48:26.771+0000] {processor.py:179} INFO - Processing /opt/airflow/dags/exampledag.py took 0.202 seconds
[2025-03-23T15:48:57.433+0000] {processor.py:157} INFO - Started process (PID=1558) to work on /opt/airflow/dags/exampledag.py
[2025-03-23T15:48:57.434+0000] {processor.py:829} INFO - Processing file /opt/airflow/dags/exampledag.py for tasks to queue
[2025-03-23T15:48:57.435+0000] {logging_mixin.py:154} INFO - [2025-03-23T15:48:57.435+0000] {dagbag.py:536} INFO - Filling up the DagBag from /opt/airflow/dags/exampledag.py
[2025-03-23T15:48:57.611+0000] {processor.py:839} INFO - DAG(s) dict_keys(['chethan_test_dag']) retrieved from /opt/airflow/dags/exampledag.py
[2025-03-23T15:48:57.667+0000] {logging_mixin.py:154} INFO - [2025-03-23T15:48:57.667+0000] {dag.py:2941} INFO - Sync 1 DAGs
[2025-03-23T15:48:57.704+0000] {logging_mixin.py:154} INFO - [2025-03-23T15:48:57.703+0000] {dag.py:3722} INFO - Setting next_dagrun for chethan_test_dag to 2025-03-22T00:00:00+00:00, run_after=2025-03-23T00:00:00+00:00
[2025-03-23T15:48:57.748+0000] {processor.py:179} INFO - Processing /opt/airflow/dags/exampledag.py took 0.319 seconds
[2025-03-23T15:49:28.078+0000] {processor.py:157} INFO - Started process (PID=1561) to work on /opt/airflow/dags/exampledag.py
[2025-03-23T15:49:28.080+0000] {processor.py:829} INFO - Processing file /opt/airflow/dags/exampledag.py for tasks to queue
[2025-03-23T15:49:28.081+0000] {logging_mixin.py:154} INFO - [2025-03-23T15:49:28.080+0000] {dagbag.py:536} INFO - Filling up the DagBag from /opt/airflow/dags/exampledag.py
[2025-03-23T15:49:28.102+0000] {processor.py:839} INFO - DAG(s) dict_keys(['chethan_test_dag']) retrieved from /opt/airflow/dags/exampledag.py
[2025-03-23T15:49:28.124+0000] {logging_mixin.py:154} INFO - [2025-03-23T15:49:28.123+0000] {dag.py:2941} INFO - Sync 1 DAGs
[2025-03-23T15:49:28.150+0000] {logging_mixin.py:154} INFO - [2025-03-23T15:49:28.150+0000] {dag.py:3722} INFO - Setting next_dagrun for chethan_test_dag to 2025-03-22T00:00:00+00:00, run_after=2025-03-23T00:00:00+00:00
[2025-03-23T15:49:28.183+0000] {processor.py:179} INFO - Processing /opt/airflow/dags/exampledag.py took 0.109 seconds
[2025-03-23T15:49:59.003+0000] {processor.py:157} INFO - Started process (PID=1564) to work on /opt/airflow/dags/exampledag.py
[2025-03-23T15:49:59.004+0000] {processor.py:829} INFO - Processing file /opt/airflow/dags/exampledag.py for tasks to queue
[2025-03-23T15:49:59.005+0000] {logging_mixin.py:154} INFO - [2025-03-23T15:49:59.005+0000] {dagbag.py:536} INFO - Filling up the DagBag from /opt/airflow/dags/exampledag.py
[2025-03-23T15:49:59.031+0000] {processor.py:839} INFO - DAG(s) dict_keys(['chethan_test_dag']) retrieved from /opt/airflow/dags/exampledag.py
[2025-03-23T15:49:59.055+0000] {logging_mixin.py:154} INFO - [2025-03-23T15:49:59.055+0000] {dag.py:2941} INFO - Sync 1 DAGs
[2025-03-23T15:49:59.079+0000] {logging_mixin.py:154} INFO - [2025-03-23T15:49:59.079+0000] {dag.py:3722} INFO - Setting next_dagrun for chethan_test_dag to 2025-03-22T00:00:00+00:00, run_after=2025-03-23T00:00:00+00:00
[2025-03-23T15:49:59.118+0000] {processor.py:179} INFO - Processing /opt/airflow/dags/exampledag.py took 0.117 seconds
[2025-03-23T15:50:29.635+0000] {processor.py:157} INFO - Started process (PID=1567) to work on /opt/airflow/dags/exampledag.py
[2025-03-23T15:50:29.640+0000] {processor.py:829} INFO - Processing file /opt/airflow/dags/exampledag.py for tasks to queue
[2025-03-23T15:50:29.647+0000] {logging_mixin.py:154} INFO - [2025-03-23T15:50:29.647+0000] {dagbag.py:536} INFO - Filling up the DagBag from /opt/airflow/dags/exampledag.py
[2025-03-23T15:50:29.696+0000] {processor.py:839} INFO - DAG(s) dict_keys(['chethan_test_dag']) retrieved from /opt/airflow/dags/exampledag.py
[2025-03-23T15:50:29.741+0000] {logging_mixin.py:154} INFO - [2025-03-23T15:50:29.741+0000] {dag.py:2941} INFO - Sync 1 DAGs
[2025-03-23T15:50:29.773+0000] {logging_mixin.py:154} INFO - [2025-03-23T15:50:29.773+0000] {dag.py:3722} INFO - Setting next_dagrun for chethan_test_dag to 2025-03-22T00:00:00+00:00, run_after=2025-03-23T00:00:00+00:00
[2025-03-23T15:50:29.821+0000] {processor.py:179} INFO - Processing /opt/airflow/dags/exampledag.py took 0.190 seconds
[2025-03-23T15:51:00.208+0000] {processor.py:157} INFO - Started process (PID=1570) to work on /opt/airflow/dags/exampledag.py
[2025-03-23T15:51:00.216+0000] {processor.py:829} INFO - Processing file /opt/airflow/dags/exampledag.py for tasks to queue
[2025-03-23T15:51:00.220+0000] {logging_mixin.py:154} INFO - [2025-03-23T15:51:00.218+0000] {dagbag.py:536} INFO - Filling up the DagBag from /opt/airflow/dags/exampledag.py
[2025-03-23T15:51:00.253+0000] {processor.py:839} INFO - DAG(s) dict_keys(['chethan_test_dag']) retrieved from /opt/airflow/dags/exampledag.py
[2025-03-23T15:51:00.281+0000] {logging_mixin.py:154} INFO - [2025-03-23T15:51:00.281+0000] {dag.py:2941} INFO - Sync 1 DAGs
[2025-03-23T15:51:00.317+0000] {logging_mixin.py:154} INFO - [2025-03-23T15:51:00.316+0000] {dag.py:3722} INFO - Setting next_dagrun for chethan_test_dag to 2025-03-22T00:00:00+00:00, run_after=2025-03-23T00:00:00+00:00
[2025-03-23T15:51:00.366+0000] {processor.py:179} INFO - Processing /opt/airflow/dags/exampledag.py took 0.162 seconds
[2025-03-23T15:58:45.201+0000] {processor.py:157} INFO - Started process (PID=1575) to work on /opt/airflow/dags/exampledag.py
[2025-03-23T15:58:45.204+0000] {processor.py:829} INFO - Processing file /opt/airflow/dags/exampledag.py for tasks to queue
[2025-03-23T15:58:45.207+0000] {logging_mixin.py:154} INFO - [2025-03-23T15:58:45.206+0000] {dagbag.py:536} INFO - Filling up the DagBag from /opt/airflow/dags/exampledag.py
[2025-03-23T15:58:45.280+0000] {processor.py:839} INFO - DAG(s) dict_keys(['chethan_test_dag']) retrieved from /opt/airflow/dags/exampledag.py
[2025-03-23T15:58:45.410+0000] {logging_mixin.py:154} INFO - [2025-03-23T15:58:45.410+0000] {dag.py:2941} INFO - Sync 1 DAGs
[2025-03-23T15:58:45.473+0000] {logging_mixin.py:154} INFO - [2025-03-23T15:58:45.472+0000] {dag.py:3722} INFO - Setting next_dagrun for chethan_test_dag to 2025-03-22T00:00:00+00:00, run_after=2025-03-23T00:00:00+00:00
[2025-03-23T15:58:45.520+0000] {processor.py:179} INFO - Processing /opt/airflow/dags/exampledag.py took 0.337 seconds
[2025-03-23T15:59:26.393+0000] {processor.py:157} INFO - Started process (PID=1579) to work on /opt/airflow/dags/exampledag.py
[2025-03-23T15:59:26.396+0000] {processor.py:829} INFO - Processing file /opt/airflow/dags/exampledag.py for tasks to queue
[2025-03-23T15:59:26.400+0000] {logging_mixin.py:154} INFO - [2025-03-23T15:59:26.399+0000] {dagbag.py:536} INFO - Filling up the DagBag from /opt/airflow/dags/exampledag.py
[2025-03-23T15:59:26.526+0000] {processor.py:839} INFO - DAG(s) dict_keys(['chethan_test_dag']) retrieved from /opt/airflow/dags/exampledag.py
[2025-03-23T15:59:26.654+0000] {logging_mixin.py:154} INFO - [2025-03-23T15:59:26.653+0000] {dag.py:2941} INFO - Sync 1 DAGs
[2025-03-23T15:59:26.744+0000] {logging_mixin.py:154} INFO - [2025-03-23T15:59:26.743+0000] {dag.py:3722} INFO - Setting next_dagrun for chethan_test_dag to 2025-03-22T00:00:00+00:00, run_after=2025-03-23T00:00:00+00:00
[2025-03-23T15:59:26.830+0000] {processor.py:179} INFO - Processing /opt/airflow/dags/exampledag.py took 0.459 seconds
[2025-03-23T15:59:57.281+0000] {processor.py:157} INFO - Started process (PID=1581) to work on /opt/airflow/dags/exampledag.py
[2025-03-23T15:59:57.283+0000] {processor.py:829} INFO - Processing file /opt/airflow/dags/exampledag.py for tasks to queue
[2025-03-23T15:59:57.284+0000] {logging_mixin.py:154} INFO - [2025-03-23T15:59:57.284+0000] {dagbag.py:536} INFO - Filling up the DagBag from /opt/airflow/dags/exampledag.py
[2025-03-23T15:59:57.322+0000] {processor.py:839} INFO - DAG(s) dict_keys(['chethan_test_dag']) retrieved from /opt/airflow/dags/exampledag.py
[2025-03-23T15:59:57.364+0000] {logging_mixin.py:154} INFO - [2025-03-23T15:59:57.363+0000] {dag.py:2941} INFO - Sync 1 DAGs
[2025-03-23T15:59:57.396+0000] {logging_mixin.py:154} INFO - [2025-03-23T15:59:57.396+0000] {dag.py:3722} INFO - Setting next_dagrun for chethan_test_dag to 2025-03-22T00:00:00+00:00, run_after=2025-03-23T00:00:00+00:00
[2025-03-23T15:59:57.432+0000] {processor.py:179} INFO - Processing /opt/airflow/dags/exampledag.py took 0.155 seconds
[2025-03-23T16:00:28.011+0000] {processor.py:157} INFO - Started process (PID=1584) to work on /opt/airflow/dags/exampledag.py
[2025-03-23T16:00:28.013+0000] {processor.py:829} INFO - Processing file /opt/airflow/dags/exampledag.py for tasks to queue
[2025-03-23T16:00:28.014+0000] {logging_mixin.py:154} INFO - [2025-03-23T16:00:28.014+0000] {dagbag.py:536} INFO - Filling up the DagBag from /opt/airflow/dags/exampledag.py
[2025-03-23T16:00:28.042+0000] {processor.py:839} INFO - DAG(s) dict_keys(['chethan_test_dag']) retrieved from /opt/airflow/dags/exampledag.py
[2025-03-23T16:00:28.088+0000] {logging_mixin.py:154} INFO - [2025-03-23T16:00:28.088+0000] {dag.py:2941} INFO - Sync 1 DAGs
[2025-03-23T16:00:28.111+0000] {logging_mixin.py:154} INFO - [2025-03-23T16:00:28.110+0000] {dag.py:3722} INFO - Setting next_dagrun for chethan_test_dag to 2025-03-22T00:00:00+00:00, run_after=2025-03-23T00:00:00+00:00
[2025-03-23T16:00:28.146+0000] {processor.py:179} INFO - Processing /opt/airflow/dags/exampledag.py took 0.139 seconds
[2025-03-23T16:00:58.478+0000] {processor.py:157} INFO - Started process (PID=1587) to work on /opt/airflow/dags/exampledag.py
[2025-03-23T16:00:58.479+0000] {processor.py:829} INFO - Processing file /opt/airflow/dags/exampledag.py for tasks to queue
[2025-03-23T16:00:58.481+0000] {logging_mixin.py:154} INFO - [2025-03-23T16:00:58.480+0000] {dagbag.py:536} INFO - Filling up the DagBag from /opt/airflow/dags/exampledag.py
[2025-03-23T16:00:58.510+0000] {processor.py:839} INFO - DAG(s) dict_keys(['chethan_test_dag']) retrieved from /opt/airflow/dags/exampledag.py
[2025-03-23T16:00:58.535+0000] {logging_mixin.py:154} INFO - [2025-03-23T16:00:58.535+0000] {dag.py:2941} INFO - Sync 1 DAGs
[2025-03-23T16:00:58.557+0000] {logging_mixin.py:154} INFO - [2025-03-23T16:00:58.557+0000] {dag.py:3722} INFO - Setting next_dagrun for chethan_test_dag to 2025-03-22T00:00:00+00:00, run_after=2025-03-23T00:00:00+00:00
[2025-03-23T16:00:58.575+0000] {processor.py:179} INFO - Processing /opt/airflow/dags/exampledag.py took 0.104 seconds
[2025-03-23T16:01:28.773+0000] {processor.py:157} INFO - Started process (PID=1590) to work on /opt/airflow/dags/exampledag.py
[2025-03-23T16:01:28.775+0000] {processor.py:829} INFO - Processing file /opt/airflow/dags/exampledag.py for tasks to queue
[2025-03-23T16:01:28.776+0000] {logging_mixin.py:154} INFO - [2025-03-23T16:01:28.776+0000] {dagbag.py:536} INFO - Filling up the DagBag from /opt/airflow/dags/exampledag.py
[2025-03-23T16:01:28.812+0000] {processor.py:839} INFO - DAG(s) dict_keys(['chethan_test_dag']) retrieved from /opt/airflow/dags/exampledag.py
[2025-03-23T16:01:28.839+0000] {logging_mixin.py:154} INFO - [2025-03-23T16:01:28.838+0000] {dag.py:2941} INFO - Sync 1 DAGs
[2025-03-23T16:01:28.863+0000] {logging_mixin.py:154} INFO - [2025-03-23T16:01:28.863+0000] {dag.py:3722} INFO - Setting next_dagrun for chethan_test_dag to 2025-03-22T00:00:00+00:00, run_after=2025-03-23T00:00:00+00:00
[2025-03-23T16:01:28.883+0000] {processor.py:179} INFO - Processing /opt/airflow/dags/exampledag.py took 0.113 seconds
[2025-03-23T16:01:59.729+0000] {processor.py:157} INFO - Started process (PID=1593) to work on /opt/airflow/dags/exampledag.py
[2025-03-23T16:01:59.736+0000] {processor.py:829} INFO - Processing file /opt/airflow/dags/exampledag.py for tasks to queue
[2025-03-23T16:01:59.738+0000] {logging_mixin.py:154} INFO - [2025-03-23T16:01:59.737+0000] {dagbag.py:536} INFO - Filling up the DagBag from /opt/airflow/dags/exampledag.py
[2025-03-23T16:01:59.764+0000] {processor.py:839} INFO - DAG(s) dict_keys(['chethan_test_dag']) retrieved from /opt/airflow/dags/exampledag.py
[2025-03-23T16:01:59.791+0000] {logging_mixin.py:154} INFO - [2025-03-23T16:01:59.791+0000] {dag.py:2941} INFO - Sync 1 DAGs
[2025-03-23T16:01:59.813+0000] {logging_mixin.py:154} INFO - [2025-03-23T16:01:59.813+0000] {dag.py:3722} INFO - Setting next_dagrun for chethan_test_dag to 2025-03-22T00:00:00+00:00, run_after=2025-03-23T00:00:00+00:00
[2025-03-23T16:01:59.845+0000] {processor.py:179} INFO - Processing /opt/airflow/dags/exampledag.py took 0.120 seconds
[2025-03-23T16:02:30.089+0000] {processor.py:157} INFO - Started process (PID=1596) to work on /opt/airflow/dags/exampledag.py
[2025-03-23T16:02:30.091+0000] {processor.py:829} INFO - Processing file /opt/airflow/dags/exampledag.py for tasks to queue
[2025-03-23T16:02:30.092+0000] {logging_mixin.py:154} INFO - [2025-03-23T16:02:30.092+0000] {dagbag.py:536} INFO - Filling up the DagBag from /opt/airflow/dags/exampledag.py
[2025-03-23T16:02:30.119+0000] {processor.py:839} INFO - DAG(s) dict_keys(['chethan_test_dag']) retrieved from /opt/airflow/dags/exampledag.py
[2025-03-23T16:02:30.155+0000] {logging_mixin.py:154} INFO - [2025-03-23T16:02:30.155+0000] {dag.py:2941} INFO - Sync 1 DAGs
[2025-03-23T16:02:30.180+0000] {logging_mixin.py:154} INFO - [2025-03-23T16:02:30.179+0000] {dag.py:3722} INFO - Setting next_dagrun for chethan_test_dag to 2025-03-22T00:00:00+00:00, run_after=2025-03-23T00:00:00+00:00
[2025-03-23T16:02:30.202+0000] {processor.py:179} INFO - Processing /opt/airflow/dags/exampledag.py took 0.119 seconds
[2025-03-23T16:03:00.661+0000] {processor.py:157} INFO - Started process (PID=1599) to work on /opt/airflow/dags/exampledag.py
[2025-03-23T16:03:00.663+0000] {processor.py:829} INFO - Processing file /opt/airflow/dags/exampledag.py for tasks to queue
[2025-03-23T16:03:00.665+0000] {logging_mixin.py:154} INFO - [2025-03-23T16:03:00.664+0000] {dagbag.py:536} INFO - Filling up the DagBag from /opt/airflow/dags/exampledag.py
[2025-03-23T16:03:00.696+0000] {processor.py:839} INFO - DAG(s) dict_keys(['chethan_test_dag']) retrieved from /opt/airflow/dags/exampledag.py
[2025-03-23T16:03:00.719+0000] {logging_mixin.py:154} INFO - [2025-03-23T16:03:00.719+0000] {dag.py:2941} INFO - Sync 1 DAGs
[2025-03-23T16:03:00.742+0000] {logging_mixin.py:154} INFO - [2025-03-23T16:03:00.742+0000] {dag.py:3722} INFO - Setting next_dagrun for chethan_test_dag to 2025-03-22T00:00:00+00:00, run_after=2025-03-23T00:00:00+00:00
[2025-03-23T16:03:00.759+0000] {processor.py:179} INFO - Processing /opt/airflow/dags/exampledag.py took 0.102 seconds
[2025-03-23T16:03:31.197+0000] {processor.py:157} INFO - Started process (PID=1602) to work on /opt/airflow/dags/exampledag.py
[2025-03-23T16:03:31.198+0000] {processor.py:829} INFO - Processing file /opt/airflow/dags/exampledag.py for tasks to queue
[2025-03-23T16:03:31.199+0000] {logging_mixin.py:154} INFO - [2025-03-23T16:03:31.199+0000] {dagbag.py:536} INFO - Filling up the DagBag from /opt/airflow/dags/exampledag.py
[2025-03-23T16:03:31.246+0000] {processor.py:839} INFO - DAG(s) dict_keys(['chethan_test_dag']) retrieved from /opt/airflow/dags/exampledag.py
[2025-03-23T16:03:31.269+0000] {logging_mixin.py:154} INFO - [2025-03-23T16:03:31.269+0000] {dag.py:2941} INFO - Sync 1 DAGs
[2025-03-23T16:03:31.301+0000] {logging_mixin.py:154} INFO - [2025-03-23T16:03:31.301+0000] {dag.py:3722} INFO - Setting next_dagrun for chethan_test_dag to 2025-03-22T00:00:00+00:00, run_after=2025-03-23T00:00:00+00:00
[2025-03-23T16:03:31.348+0000] {processor.py:179} INFO - Processing /opt/airflow/dags/exampledag.py took 0.155 seconds
[2025-03-23T16:04:01.547+0000] {processor.py:157} INFO - Started process (PID=1605) to work on /opt/airflow/dags/exampledag.py
[2025-03-23T16:04:01.548+0000] {processor.py:829} INFO - Processing file /opt/airflow/dags/exampledag.py for tasks to queue
[2025-03-23T16:04:01.550+0000] {logging_mixin.py:154} INFO - [2025-03-23T16:04:01.549+0000] {dagbag.py:536} INFO - Filling up the DagBag from /opt/airflow/dags/exampledag.py
[2025-03-23T16:04:01.571+0000] {processor.py:839} INFO - DAG(s) dict_keys(['chethan_test_dag']) retrieved from /opt/airflow/dags/exampledag.py
[2025-03-23T16:04:01.595+0000] {logging_mixin.py:154} INFO - [2025-03-23T16:04:01.595+0000] {dag.py:2941} INFO - Sync 1 DAGs
[2025-03-23T16:04:01.617+0000] {logging_mixin.py:154} INFO - [2025-03-23T16:04:01.617+0000] {dag.py:3722} INFO - Setting next_dagrun for chethan_test_dag to 2025-03-22T00:00:00+00:00, run_after=2025-03-23T00:00:00+00:00
[2025-03-23T16:04:01.654+0000] {processor.py:179} INFO - Processing /opt/airflow/dags/exampledag.py took 0.111 seconds
[2025-03-23T16:04:31.841+0000] {processor.py:157} INFO - Started process (PID=1608) to work on /opt/airflow/dags/exampledag.py
[2025-03-23T16:04:31.842+0000] {processor.py:829} INFO - Processing file /opt/airflow/dags/exampledag.py for tasks to queue
[2025-03-23T16:04:31.843+0000] {logging_mixin.py:154} INFO - [2025-03-23T16:04:31.843+0000] {dagbag.py:536} INFO - Filling up the DagBag from /opt/airflow/dags/exampledag.py
[2025-03-23T16:04:31.869+0000] {processor.py:839} INFO - DAG(s) dict_keys(['chethan_test_dag']) retrieved from /opt/airflow/dags/exampledag.py
[2025-03-23T16:04:31.910+0000] {logging_mixin.py:154} INFO - [2025-03-23T16:04:31.910+0000] {dag.py:2941} INFO - Sync 1 DAGs
[2025-03-23T16:04:31.933+0000] {logging_mixin.py:154} INFO - [2025-03-23T16:04:31.932+0000] {dag.py:3722} INFO - Setting next_dagrun for chethan_test_dag to 2025-03-22T00:00:00+00:00, run_after=2025-03-23T00:00:00+00:00
[2025-03-23T16:04:31.966+0000] {processor.py:179} INFO - Processing /opt/airflow/dags/exampledag.py took 0.128 seconds
[2025-03-23T16:05:02.044+0000] {processor.py:157} INFO - Started process (PID=1611) to work on /opt/airflow/dags/exampledag.py
[2025-03-23T16:05:02.045+0000] {processor.py:829} INFO - Processing file /opt/airflow/dags/exampledag.py for tasks to queue
[2025-03-23T16:05:02.046+0000] {logging_mixin.py:154} INFO - [2025-03-23T16:05:02.046+0000] {dagbag.py:536} INFO - Filling up the DagBag from /opt/airflow/dags/exampledag.py
[2025-03-23T16:05:02.072+0000] {processor.py:839} INFO - DAG(s) dict_keys(['chethan_test_dag']) retrieved from /opt/airflow/dags/exampledag.py
[2025-03-23T16:05:02.101+0000] {logging_mixin.py:154} INFO - [2025-03-23T16:05:02.101+0000] {dag.py:2941} INFO - Sync 1 DAGs
[2025-03-23T16:05:02.125+0000] {logging_mixin.py:154} INFO - [2025-03-23T16:05:02.125+0000] {dag.py:3722} INFO - Setting next_dagrun for chethan_test_dag to 2025-03-22T00:00:00+00:00, run_after=2025-03-23T00:00:00+00:00
[2025-03-23T16:05:02.159+0000] {processor.py:179} INFO - Processing /opt/airflow/dags/exampledag.py took 0.120 seconds
[2025-03-23T16:05:32.584+0000] {processor.py:157} INFO - Started process (PID=1614) to work on /opt/airflow/dags/exampledag.py
[2025-03-23T16:05:32.585+0000] {processor.py:829} INFO - Processing file /opt/airflow/dags/exampledag.py for tasks to queue
[2025-03-23T16:05:32.586+0000] {logging_mixin.py:154} INFO - [2025-03-23T16:05:32.586+0000] {dagbag.py:536} INFO - Filling up the DagBag from /opt/airflow/dags/exampledag.py
[2025-03-23T16:05:32.611+0000] {processor.py:839} INFO - DAG(s) dict_keys(['chethan_test_dag']) retrieved from /opt/airflow/dags/exampledag.py
[2025-03-23T16:05:32.644+0000] {logging_mixin.py:154} INFO - [2025-03-23T16:05:32.644+0000] {dag.py:2941} INFO - Sync 1 DAGs
[2025-03-23T16:05:32.674+0000] {logging_mixin.py:154} INFO - [2025-03-23T16:05:32.674+0000] {dag.py:3722} INFO - Setting next_dagrun for chethan_test_dag to 2025-03-22T00:00:00+00:00, run_after=2025-03-23T00:00:00+00:00
[2025-03-23T16:05:32.714+0000] {processor.py:179} INFO - Processing /opt/airflow/dags/exampledag.py took 0.134 seconds
[2025-03-23T16:06:03.173+0000] {processor.py:157} INFO - Started process (PID=1617) to work on /opt/airflow/dags/exampledag.py
[2025-03-23T16:06:03.174+0000] {processor.py:829} INFO - Processing file /opt/airflow/dags/exampledag.py for tasks to queue
[2025-03-23T16:06:03.176+0000] {logging_mixin.py:154} INFO - [2025-03-23T16:06:03.175+0000] {dagbag.py:536} INFO - Filling up the DagBag from /opt/airflow/dags/exampledag.py
[2025-03-23T16:06:03.224+0000] {processor.py:839} INFO - DAG(s) dict_keys(['chethan_test_dag']) retrieved from /opt/airflow/dags/exampledag.py
[2025-03-23T16:06:03.259+0000] {logging_mixin.py:154} INFO - [2025-03-23T16:06:03.259+0000] {dag.py:2941} INFO - Sync 1 DAGs
[2025-03-23T16:06:03.284+0000] {logging_mixin.py:154} INFO - [2025-03-23T16:06:03.284+0000] {dag.py:3722} INFO - Setting next_dagrun for chethan_test_dag to 2025-03-22T00:00:00+00:00, run_after=2025-03-23T00:00:00+00:00
[2025-03-23T16:06:03.320+0000] {processor.py:179} INFO - Processing /opt/airflow/dags/exampledag.py took 0.151 seconds
[2025-03-23T16:06:33.682+0000] {processor.py:157} INFO - Started process (PID=1620) to work on /opt/airflow/dags/exampledag.py
[2025-03-23T16:06:33.684+0000] {processor.py:829} INFO - Processing file /opt/airflow/dags/exampledag.py for tasks to queue
[2025-03-23T16:06:33.685+0000] {logging_mixin.py:154} INFO - [2025-03-23T16:06:33.685+0000] {dagbag.py:536} INFO - Filling up the DagBag from /opt/airflow/dags/exampledag.py
[2025-03-23T16:06:33.715+0000] {processor.py:839} INFO - DAG(s) dict_keys(['chethan_test_dag']) retrieved from /opt/airflow/dags/exampledag.py
[2025-03-23T16:06:33.746+0000] {logging_mixin.py:154} INFO - [2025-03-23T16:06:33.746+0000] {dag.py:2941} INFO - Sync 1 DAGs
[2025-03-23T16:06:33.778+0000] {logging_mixin.py:154} INFO - [2025-03-23T16:06:33.778+0000] {dag.py:3722} INFO - Setting next_dagrun for chethan_test_dag to 2025-03-22T00:00:00+00:00, run_after=2025-03-23T00:00:00+00:00
[2025-03-23T16:06:33.810+0000] {processor.py:179} INFO - Processing /opt/airflow/dags/exampledag.py took 0.133 seconds
[2025-03-23T16:07:04.115+0000] {processor.py:157} INFO - Started process (PID=1623) to work on /opt/airflow/dags/exampledag.py
[2025-03-23T16:07:04.116+0000] {processor.py:829} INFO - Processing file /opt/airflow/dags/exampledag.py for tasks to queue
[2025-03-23T16:07:04.117+0000] {logging_mixin.py:154} INFO - [2025-03-23T16:07:04.117+0000] {dagbag.py:536} INFO - Filling up the DagBag from /opt/airflow/dags/exampledag.py
[2025-03-23T16:07:04.146+0000] {processor.py:839} INFO - DAG(s) dict_keys(['chethan_test_dag']) retrieved from /opt/airflow/dags/exampledag.py
[2025-03-23T16:07:04.170+0000] {logging_mixin.py:154} INFO - [2025-03-23T16:07:04.170+0000] {dag.py:2941} INFO - Sync 1 DAGs
[2025-03-23T16:07:04.212+0000] {logging_mixin.py:154} INFO - [2025-03-23T16:07:04.212+0000] {dag.py:3722} INFO - Setting next_dagrun for chethan_test_dag to 2025-03-22T00:00:00+00:00, run_after=2025-03-23T00:00:00+00:00
[2025-03-23T16:07:04.255+0000] {processor.py:179} INFO - Processing /opt/airflow/dags/exampledag.py took 0.144 seconds
[2025-03-23T16:07:34.324+0000] {processor.py:157} INFO - Started process (PID=1626) to work on /opt/airflow/dags/exampledag.py
[2025-03-23T16:07:34.326+0000] {processor.py:829} INFO - Processing file /opt/airflow/dags/exampledag.py for tasks to queue
[2025-03-23T16:07:34.328+0000] {logging_mixin.py:154} INFO - [2025-03-23T16:07:34.327+0000] {dagbag.py:536} INFO - Filling up the DagBag from /opt/airflow/dags/exampledag.py
[2025-03-23T16:07:34.365+0000] {processor.py:839} INFO - DAG(s) dict_keys(['chethan_test_dag']) retrieved from /opt/airflow/dags/exampledag.py
[2025-03-23T16:07:34.405+0000] {logging_mixin.py:154} INFO - [2025-03-23T16:07:34.405+0000] {dag.py:2941} INFO - Sync 1 DAGs
[2025-03-23T16:07:34.436+0000] {logging_mixin.py:154} INFO - [2025-03-23T16:07:34.436+0000] {dag.py:3722} INFO - Setting next_dagrun for chethan_test_dag to 2025-03-22T00:00:00+00:00, run_after=2025-03-23T00:00:00+00:00
[2025-03-23T16:07:34.461+0000] {processor.py:179} INFO - Processing /opt/airflow/dags/exampledag.py took 0.143 seconds
[2025-03-23T16:08:04.942+0000] {processor.py:157} INFO - Started process (PID=1629) to work on /opt/airflow/dags/exampledag.py
[2025-03-23T16:08:04.943+0000] {processor.py:829} INFO - Processing file /opt/airflow/dags/exampledag.py for tasks to queue
[2025-03-23T16:08:04.944+0000] {logging_mixin.py:154} INFO - [2025-03-23T16:08:04.944+0000] {dagbag.py:536} INFO - Filling up the DagBag from /opt/airflow/dags/exampledag.py
[2025-03-23T16:08:04.969+0000] {processor.py:839} INFO - DAG(s) dict_keys(['chethan_test_dag']) retrieved from /opt/airflow/dags/exampledag.py
[2025-03-23T16:08:04.997+0000] {logging_mixin.py:154} INFO - [2025-03-23T16:08:04.997+0000] {dag.py:2941} INFO - Sync 1 DAGs
[2025-03-23T16:08:05.019+0000] {logging_mixin.py:154} INFO - [2025-03-23T16:08:05.019+0000] {dag.py:3722} INFO - Setting next_dagrun for chethan_test_dag to 2025-03-22T00:00:00+00:00, run_after=2025-03-23T00:00:00+00:00
[2025-03-23T16:08:05.049+0000] {processor.py:179} INFO - Processing /opt/airflow/dags/exampledag.py took 0.111 seconds
[2025-03-23T16:08:35.174+0000] {processor.py:157} INFO - Started process (PID=1632) to work on /opt/airflow/dags/exampledag.py
[2025-03-23T16:08:35.176+0000] {processor.py:829} INFO - Processing file /opt/airflow/dags/exampledag.py for tasks to queue
[2025-03-23T16:08:35.177+0000] {logging_mixin.py:154} INFO - [2025-03-23T16:08:35.177+0000] {dagbag.py:536} INFO - Filling up the DagBag from /opt/airflow/dags/exampledag.py
[2025-03-23T16:08:35.210+0000] {processor.py:839} INFO - DAG(s) dict_keys(['chethan_test_dag']) retrieved from /opt/airflow/dags/exampledag.py
[2025-03-23T16:08:35.244+0000] {logging_mixin.py:154} INFO - [2025-03-23T16:08:35.244+0000] {dag.py:2941} INFO - Sync 1 DAGs
[2025-03-23T16:08:35.274+0000] {logging_mixin.py:154} INFO - [2025-03-23T16:08:35.274+0000] {dag.py:3722} INFO - Setting next_dagrun for chethan_test_dag to 2025-03-22T00:00:00+00:00, run_after=2025-03-23T00:00:00+00:00
[2025-03-23T16:08:35.294+0000] {processor.py:179} INFO - Processing /opt/airflow/dags/exampledag.py took 0.129 seconds
[2025-03-23T16:09:05.483+0000] {processor.py:157} INFO - Started process (PID=1635) to work on /opt/airflow/dags/exampledag.py
[2025-03-23T16:09:05.484+0000] {processor.py:829} INFO - Processing file /opt/airflow/dags/exampledag.py for tasks to queue
[2025-03-23T16:09:05.486+0000] {logging_mixin.py:154} INFO - [2025-03-23T16:09:05.486+0000] {dagbag.py:536} INFO - Filling up the DagBag from /opt/airflow/dags/exampledag.py
[2025-03-23T16:09:05.510+0000] {processor.py:839} INFO - DAG(s) dict_keys(['chethan_test_dag']) retrieved from /opt/airflow/dags/exampledag.py
[2025-03-23T16:09:05.537+0000] {logging_mixin.py:154} INFO - [2025-03-23T16:09:05.537+0000] {dag.py:2941} INFO - Sync 1 DAGs
[2025-03-23T16:09:05.562+0000] {logging_mixin.py:154} INFO - [2025-03-23T16:09:05.561+0000] {dag.py:3722} INFO - Setting next_dagrun for chethan_test_dag to 2025-03-22T00:00:00+00:00, run_after=2025-03-23T00:00:00+00:00
[2025-03-23T16:09:05.597+0000] {processor.py:179} INFO - Processing /opt/airflow/dags/exampledag.py took 0.119 seconds
[2025-03-23T16:09:35.927+0000] {processor.py:157} INFO - Started process (PID=1638) to work on /opt/airflow/dags/exampledag.py
[2025-03-23T16:09:35.928+0000] {processor.py:829} INFO - Processing file /opt/airflow/dags/exampledag.py for tasks to queue
[2025-03-23T16:09:35.930+0000] {logging_mixin.py:154} INFO - [2025-03-23T16:09:35.929+0000] {dagbag.py:536} INFO - Filling up the DagBag from /opt/airflow/dags/exampledag.py
[2025-03-23T16:09:35.969+0000] {processor.py:839} INFO - DAG(s) dict_keys(['chethan_test_dag']) retrieved from /opt/airflow/dags/exampledag.py
[2025-03-23T16:09:36.016+0000] {logging_mixin.py:154} INFO - [2025-03-23T16:09:36.015+0000] {dag.py:2941} INFO - Sync 1 DAGs
[2025-03-23T16:09:36.057+0000] {logging_mixin.py:154} INFO - [2025-03-23T16:09:36.057+0000] {dag.py:3722} INFO - Setting next_dagrun for chethan_test_dag to 2025-03-22T00:00:00+00:00, run_after=2025-03-23T00:00:00+00:00
[2025-03-23T16:09:36.103+0000] {processor.py:179} INFO - Processing /opt/airflow/dags/exampledag.py took 0.180 seconds
[2025-03-23T16:10:06.695+0000] {processor.py:157} INFO - Started process (PID=1641) to work on /opt/airflow/dags/exampledag.py
[2025-03-23T16:10:06.696+0000] {processor.py:829} INFO - Processing file /opt/airflow/dags/exampledag.py for tasks to queue
[2025-03-23T16:10:06.697+0000] {logging_mixin.py:154} INFO - [2025-03-23T16:10:06.697+0000] {dagbag.py:536} INFO - Filling up the DagBag from /opt/airflow/dags/exampledag.py
[2025-03-23T16:10:06.739+0000] {processor.py:839} INFO - DAG(s) dict_keys(['chethan_test_dag']) retrieved from /opt/airflow/dags/exampledag.py
[2025-03-23T16:10:06.774+0000] {logging_mixin.py:154} INFO - [2025-03-23T16:10:06.774+0000] {dag.py:2941} INFO - Sync 1 DAGs
[2025-03-23T16:10:06.803+0000] {logging_mixin.py:154} INFO - [2025-03-23T16:10:06.802+0000] {dag.py:3722} INFO - Setting next_dagrun for chethan_test_dag to 2025-03-22T00:00:00+00:00, run_after=2025-03-23T00:00:00+00:00
[2025-03-23T16:10:06.837+0000] {processor.py:179} INFO - Processing /opt/airflow/dags/exampledag.py took 0.147 seconds
[2025-03-23T16:10:37.448+0000] {processor.py:157} INFO - Started process (PID=1644) to work on /opt/airflow/dags/exampledag.py
[2025-03-23T16:10:37.450+0000] {processor.py:829} INFO - Processing file /opt/airflow/dags/exampledag.py for tasks to queue
[2025-03-23T16:10:37.452+0000] {logging_mixin.py:154} INFO - [2025-03-23T16:10:37.451+0000] {dagbag.py:536} INFO - Filling up the DagBag from /opt/airflow/dags/exampledag.py
[2025-03-23T16:10:37.486+0000] {processor.py:839} INFO - DAG(s) dict_keys(['chethan_test_dag']) retrieved from /opt/airflow/dags/exampledag.py
[2025-03-23T16:10:37.513+0000] {logging_mixin.py:154} INFO - [2025-03-23T16:10:37.513+0000] {dag.py:2941} INFO - Sync 1 DAGs
[2025-03-23T16:10:37.538+0000] {logging_mixin.py:154} INFO - [2025-03-23T16:10:37.538+0000] {dag.py:3722} INFO - Setting next_dagrun for chethan_test_dag to 2025-03-22T00:00:00+00:00, run_after=2025-03-23T00:00:00+00:00
[2025-03-23T16:10:37.573+0000] {processor.py:179} INFO - Processing /opt/airflow/dags/exampledag.py took 0.129 seconds
[2025-03-23T16:11:07.927+0000] {processor.py:157} INFO - Started process (PID=1647) to work on /opt/airflow/dags/exampledag.py
[2025-03-23T16:11:07.929+0000] {processor.py:829} INFO - Processing file /opt/airflow/dags/exampledag.py for tasks to queue
[2025-03-23T16:11:07.930+0000] {logging_mixin.py:154} INFO - [2025-03-23T16:11:07.930+0000] {dagbag.py:536} INFO - Filling up the DagBag from /opt/airflow/dags/exampledag.py
[2025-03-23T16:11:07.955+0000] {processor.py:839} INFO - DAG(s) dict_keys(['chethan_test_dag']) retrieved from /opt/airflow/dags/exampledag.py
[2025-03-23T16:11:07.980+0000] {logging_mixin.py:154} INFO - [2025-03-23T16:11:07.979+0000] {dag.py:2941} INFO - Sync 1 DAGs
[2025-03-23T16:11:08.012+0000] {logging_mixin.py:154} INFO - [2025-03-23T16:11:08.012+0000] {dag.py:3722} INFO - Setting next_dagrun for chethan_test_dag to 2025-03-22T00:00:00+00:00, run_after=2025-03-23T00:00:00+00:00
[2025-03-23T16:11:08.063+0000] {processor.py:179} INFO - Processing /opt/airflow/dags/exampledag.py took 0.139 seconds
[2025-03-23T16:11:38.439+0000] {processor.py:157} INFO - Started process (PID=1650) to work on /opt/airflow/dags/exampledag.py
[2025-03-23T16:11:38.441+0000] {processor.py:829} INFO - Processing file /opt/airflow/dags/exampledag.py for tasks to queue
[2025-03-23T16:11:38.442+0000] {logging_mixin.py:154} INFO - [2025-03-23T16:11:38.442+0000] {dagbag.py:536} INFO - Filling up the DagBag from /opt/airflow/dags/exampledag.py
[2025-03-23T16:11:38.469+0000] {processor.py:839} INFO - DAG(s) dict_keys(['chethan_test_dag']) retrieved from /opt/airflow/dags/exampledag.py
[2025-03-23T16:11:38.498+0000] {logging_mixin.py:154} INFO - [2025-03-23T16:11:38.498+0000] {dag.py:2941} INFO - Sync 1 DAGs
[2025-03-23T16:11:38.526+0000] {logging_mixin.py:154} INFO - [2025-03-23T16:11:38.526+0000] {dag.py:3722} INFO - Setting next_dagrun for chethan_test_dag to 2025-03-22T00:00:00+00:00, run_after=2025-03-23T00:00:00+00:00
[2025-03-23T16:11:38.564+0000] {processor.py:179} INFO - Processing /opt/airflow/dags/exampledag.py took 0.128 seconds
[2025-03-23T16:12:08.678+0000] {processor.py:157} INFO - Started process (PID=1653) to work on /opt/airflow/dags/exampledag.py
[2025-03-23T16:12:08.679+0000] {processor.py:829} INFO - Processing file /opt/airflow/dags/exampledag.py for tasks to queue
[2025-03-23T16:12:08.681+0000] {logging_mixin.py:154} INFO - [2025-03-23T16:12:08.680+0000] {dagbag.py:536} INFO - Filling up the DagBag from /opt/airflow/dags/exampledag.py
[2025-03-23T16:12:08.713+0000] {processor.py:839} INFO - DAG(s) dict_keys(['chethan_test_dag']) retrieved from /opt/airflow/dags/exampledag.py
[2025-03-23T16:12:08.745+0000] {logging_mixin.py:154} INFO - [2025-03-23T16:12:08.745+0000] {dag.py:2941} INFO - Sync 1 DAGs
[2025-03-23T16:12:08.767+0000] {logging_mixin.py:154} INFO - [2025-03-23T16:12:08.767+0000] {dag.py:3722} INFO - Setting next_dagrun for chethan_test_dag to 2025-03-22T00:00:00+00:00, run_after=2025-03-23T00:00:00+00:00
[2025-03-23T16:12:08.798+0000] {processor.py:179} INFO - Processing /opt/airflow/dags/exampledag.py took 0.124 seconds
[2025-03-23T16:12:39.270+0000] {processor.py:157} INFO - Started process (PID=1656) to work on /opt/airflow/dags/exampledag.py
[2025-03-23T16:12:39.271+0000] {processor.py:829} INFO - Processing file /opt/airflow/dags/exampledag.py for tasks to queue
[2025-03-23T16:12:39.273+0000] {logging_mixin.py:154} INFO - [2025-03-23T16:12:39.273+0000] {dagbag.py:536} INFO - Filling up the DagBag from /opt/airflow/dags/exampledag.py
[2025-03-23T16:12:39.298+0000] {processor.py:839} INFO - DAG(s) dict_keys(['chethan_test_dag']) retrieved from /opt/airflow/dags/exampledag.py
[2025-03-23T16:12:39.329+0000] {logging_mixin.py:154} INFO - [2025-03-23T16:12:39.329+0000] {dag.py:2941} INFO - Sync 1 DAGs
[2025-03-23T16:12:39.370+0000] {logging_mixin.py:154} INFO - [2025-03-23T16:12:39.370+0000] {dag.py:3722} INFO - Setting next_dagrun for chethan_test_dag to 2025-03-22T00:00:00+00:00, run_after=2025-03-23T00:00:00+00:00
[2025-03-23T16:12:39.418+0000] {processor.py:179} INFO - Processing /opt/airflow/dags/exampledag.py took 0.152 seconds
[2025-03-23T16:13:09.724+0000] {processor.py:157} INFO - Started process (PID=1659) to work on /opt/airflow/dags/exampledag.py
[2025-03-23T16:13:09.725+0000] {processor.py:829} INFO - Processing file /opt/airflow/dags/exampledag.py for tasks to queue
[2025-03-23T16:13:09.729+0000] {logging_mixin.py:154} INFO - [2025-03-23T16:13:09.729+0000] {dagbag.py:536} INFO - Filling up the DagBag from /opt/airflow/dags/exampledag.py
[2025-03-23T16:13:09.784+0000] {processor.py:839} INFO - DAG(s) dict_keys(['chethan_test_dag']) retrieved from /opt/airflow/dags/exampledag.py
[2025-03-23T16:13:09.811+0000] {logging_mixin.py:154} INFO - [2025-03-23T16:13:09.811+0000] {dag.py:2941} INFO - Sync 1 DAGs
[2025-03-23T16:13:09.836+0000] {logging_mixin.py:154} INFO - [2025-03-23T16:13:09.836+0000] {dag.py:3722} INFO - Setting next_dagrun for chethan_test_dag to 2025-03-22T00:00:00+00:00, run_after=2025-03-23T00:00:00+00:00
[2025-03-23T16:13:09.856+0000] {processor.py:179} INFO - Processing /opt/airflow/dags/exampledag.py took 0.136 seconds
[2025-03-23T16:13:40.254+0000] {processor.py:157} INFO - Started process (PID=1662) to work on /opt/airflow/dags/exampledag.py
[2025-03-23T16:13:40.256+0000] {processor.py:829} INFO - Processing file /opt/airflow/dags/exampledag.py for tasks to queue
[2025-03-23T16:13:40.257+0000] {logging_mixin.py:154} INFO - [2025-03-23T16:13:40.257+0000] {dagbag.py:536} INFO - Filling up the DagBag from /opt/airflow/dags/exampledag.py
[2025-03-23T16:13:40.294+0000] {processor.py:839} INFO - DAG(s) dict_keys(['chethan_test_dag']) retrieved from /opt/airflow/dags/exampledag.py
[2025-03-23T16:13:40.324+0000] {logging_mixin.py:154} INFO - [2025-03-23T16:13:40.324+0000] {dag.py:2941} INFO - Sync 1 DAGs
[2025-03-23T16:13:40.350+0000] {logging_mixin.py:154} INFO - [2025-03-23T16:13:40.350+0000] {dag.py:3722} INFO - Setting next_dagrun for chethan_test_dag to 2025-03-22T00:00:00+00:00, run_after=2025-03-23T00:00:00+00:00
[2025-03-23T16:13:40.390+0000] {processor.py:179} INFO - Processing /opt/airflow/dags/exampledag.py took 0.139 seconds
[2025-03-23T16:14:10.615+0000] {processor.py:157} INFO - Started process (PID=1665) to work on /opt/airflow/dags/exampledag.py
[2025-03-23T16:14:10.616+0000] {processor.py:829} INFO - Processing file /opt/airflow/dags/exampledag.py for tasks to queue
[2025-03-23T16:14:10.618+0000] {logging_mixin.py:154} INFO - [2025-03-23T16:14:10.617+0000] {dagbag.py:536} INFO - Filling up the DagBag from /opt/airflow/dags/exampledag.py
[2025-03-23T16:14:10.643+0000] {processor.py:839} INFO - DAG(s) dict_keys(['chethan_test_dag']) retrieved from /opt/airflow/dags/exampledag.py
[2025-03-23T16:14:10.672+0000] {logging_mixin.py:154} INFO - [2025-03-23T16:14:10.672+0000] {dag.py:2941} INFO - Sync 1 DAGs
[2025-03-23T16:14:10.696+0000] {logging_mixin.py:154} INFO - [2025-03-23T16:14:10.696+0000] {dag.py:3722} INFO - Setting next_dagrun for chethan_test_dag to 2025-03-22T00:00:00+00:00, run_after=2025-03-23T00:00:00+00:00
[2025-03-23T16:14:10.732+0000] {processor.py:179} INFO - Processing /opt/airflow/dags/exampledag.py took 0.121 seconds
[2025-03-23T16:14:40.925+0000] {processor.py:157} INFO - Started process (PID=1668) to work on /opt/airflow/dags/exampledag.py
[2025-03-23T16:14:40.928+0000] {processor.py:829} INFO - Processing file /opt/airflow/dags/exampledag.py for tasks to queue
[2025-03-23T16:14:40.929+0000] {logging_mixin.py:154} INFO - [2025-03-23T16:14:40.929+0000] {dagbag.py:536} INFO - Filling up the DagBag from /opt/airflow/dags/exampledag.py
[2025-03-23T16:14:40.959+0000] {processor.py:839} INFO - DAG(s) dict_keys(['chethan_test_dag']) retrieved from /opt/airflow/dags/exampledag.py
[2025-03-23T16:14:40.983+0000] {logging_mixin.py:154} INFO - [2025-03-23T16:14:40.983+0000] {dag.py:2941} INFO - Sync 1 DAGs
[2025-03-23T16:14:41.007+0000] {logging_mixin.py:154} INFO - [2025-03-23T16:14:41.007+0000] {dag.py:3722} INFO - Setting next_dagrun for chethan_test_dag to 2025-03-22T00:00:00+00:00, run_after=2025-03-23T00:00:00+00:00
[2025-03-23T16:14:41.043+0000] {processor.py:179} INFO - Processing /opt/airflow/dags/exampledag.py took 0.122 seconds
[2025-03-23T16:15:11.123+0000] {processor.py:157} INFO - Started process (PID=1671) to work on /opt/airflow/dags/exampledag.py
[2025-03-23T16:15:11.124+0000] {processor.py:829} INFO - Processing file /opt/airflow/dags/exampledag.py for tasks to queue
[2025-03-23T16:15:11.126+0000] {logging_mixin.py:154} INFO - [2025-03-23T16:15:11.126+0000] {dagbag.py:536} INFO - Filling up the DagBag from /opt/airflow/dags/exampledag.py
[2025-03-23T16:15:11.163+0000] {processor.py:839} INFO - DAG(s) dict_keys(['chethan_test_dag']) retrieved from /opt/airflow/dags/exampledag.py
[2025-03-23T16:15:11.212+0000] {logging_mixin.py:154} INFO - [2025-03-23T16:15:11.212+0000] {dag.py:2941} INFO - Sync 1 DAGs
[2025-03-23T16:15:11.246+0000] {logging_mixin.py:154} INFO - [2025-03-23T16:15:11.246+0000] {dag.py:3722} INFO - Setting next_dagrun for chethan_test_dag to 2025-03-22T00:00:00+00:00, run_after=2025-03-23T00:00:00+00:00
[2025-03-23T16:15:11.292+0000] {processor.py:179} INFO - Processing /opt/airflow/dags/exampledag.py took 0.173 seconds
[2025-03-23T16:15:41.383+0000] {processor.py:157} INFO - Started process (PID=1674) to work on /opt/airflow/dags/exampledag.py
[2025-03-23T16:15:41.384+0000] {processor.py:829} INFO - Processing file /opt/airflow/dags/exampledag.py for tasks to queue
[2025-03-23T16:15:41.385+0000] {logging_mixin.py:154} INFO - [2025-03-23T16:15:41.385+0000] {dagbag.py:536} INFO - Filling up the DagBag from /opt/airflow/dags/exampledag.py
[2025-03-23T16:15:41.430+0000] {processor.py:839} INFO - DAG(s) dict_keys(['chethan_test_dag']) retrieved from /opt/airflow/dags/exampledag.py
[2025-03-23T16:15:41.467+0000] {logging_mixin.py:154} INFO - [2025-03-23T16:15:41.467+0000] {dag.py:2941} INFO - Sync 1 DAGs
[2025-03-23T16:15:41.497+0000] {logging_mixin.py:154} INFO - [2025-03-23T16:15:41.497+0000] {dag.py:3722} INFO - Setting next_dagrun for chethan_test_dag to 2025-03-22T00:00:00+00:00, run_after=2025-03-23T00:00:00+00:00
[2025-03-23T16:15:41.539+0000] {processor.py:179} INFO - Processing /opt/airflow/dags/exampledag.py took 0.160 seconds
[2025-03-23T16:16:12.067+0000] {processor.py:157} INFO - Started process (PID=1677) to work on /opt/airflow/dags/exampledag.py
[2025-03-23T16:16:12.069+0000] {processor.py:829} INFO - Processing file /opt/airflow/dags/exampledag.py for tasks to queue
[2025-03-23T16:16:12.070+0000] {logging_mixin.py:154} INFO - [2025-03-23T16:16:12.070+0000] {dagbag.py:536} INFO - Filling up the DagBag from /opt/airflow/dags/exampledag.py
[2025-03-23T16:16:12.106+0000] {processor.py:839} INFO - DAG(s) dict_keys(['chethan_test_dag']) retrieved from /opt/airflow/dags/exampledag.py
[2025-03-23T16:16:12.138+0000] {logging_mixin.py:154} INFO - [2025-03-23T16:16:12.138+0000] {dag.py:2941} INFO - Sync 1 DAGs
[2025-03-23T16:16:12.174+0000] {logging_mixin.py:154} INFO - [2025-03-23T16:16:12.173+0000] {dag.py:3722} INFO - Setting next_dagrun for chethan_test_dag to 2025-03-22T00:00:00+00:00, run_after=2025-03-23T00:00:00+00:00
[2025-03-23T16:16:12.204+0000] {processor.py:179} INFO - Processing /opt/airflow/dags/exampledag.py took 0.142 seconds
[2025-03-23T16:16:42.606+0000] {processor.py:157} INFO - Started process (PID=1680) to work on /opt/airflow/dags/exampledag.py
[2025-03-23T16:16:42.608+0000] {processor.py:829} INFO - Processing file /opt/airflow/dags/exampledag.py for tasks to queue
[2025-03-23T16:16:42.609+0000] {logging_mixin.py:154} INFO - [2025-03-23T16:16:42.609+0000] {dagbag.py:536} INFO - Filling up the DagBag from /opt/airflow/dags/exampledag.py
[2025-03-23T16:16:42.629+0000] {processor.py:839} INFO - DAG(s) dict_keys(['chethan_test_dag']) retrieved from /opt/airflow/dags/exampledag.py
[2025-03-23T16:16:42.652+0000] {logging_mixin.py:154} INFO - [2025-03-23T16:16:42.652+0000] {dag.py:2941} INFO - Sync 1 DAGs
[2025-03-23T16:16:42.673+0000] {logging_mixin.py:154} INFO - [2025-03-23T16:16:42.672+0000] {dag.py:3722} INFO - Setting next_dagrun for chethan_test_dag to 2025-03-22T00:00:00+00:00, run_after=2025-03-23T00:00:00+00:00
[2025-03-23T16:16:42.692+0000] {processor.py:179} INFO - Processing /opt/airflow/dags/exampledag.py took 0.089 seconds
[2025-03-23T16:17:13.069+0000] {processor.py:157} INFO - Started process (PID=1683) to work on /opt/airflow/dags/exampledag.py
[2025-03-23T16:17:13.071+0000] {processor.py:829} INFO - Processing file /opt/airflow/dags/exampledag.py for tasks to queue
[2025-03-23T16:17:13.075+0000] {logging_mixin.py:154} INFO - [2025-03-23T16:17:13.075+0000] {dagbag.py:536} INFO - Filling up the DagBag from /opt/airflow/dags/exampledag.py
[2025-03-23T16:17:13.110+0000] {processor.py:839} INFO - DAG(s) dict_keys(['chethan_test_dag']) retrieved from /opt/airflow/dags/exampledag.py
[2025-03-23T16:17:13.148+0000] {logging_mixin.py:154} INFO - [2025-03-23T16:17:13.148+0000] {dag.py:2941} INFO - Sync 1 DAGs
[2025-03-23T16:17:13.186+0000] {logging_mixin.py:154} INFO - [2025-03-23T16:17:13.186+0000] {dag.py:3722} INFO - Setting next_dagrun for chethan_test_dag to 2025-03-22T00:00:00+00:00, run_after=2025-03-23T00:00:00+00:00
[2025-03-23T16:17:13.220+0000] {processor.py:179} INFO - Processing /opt/airflow/dags/exampledag.py took 0.155 seconds
[2025-03-23T16:17:43.591+0000] {processor.py:157} INFO - Started process (PID=1686) to work on /opt/airflow/dags/exampledag.py
[2025-03-23T16:17:43.592+0000] {processor.py:829} INFO - Processing file /opt/airflow/dags/exampledag.py for tasks to queue
[2025-03-23T16:17:43.594+0000] {logging_mixin.py:154} INFO - [2025-03-23T16:17:43.594+0000] {dagbag.py:536} INFO - Filling up the DagBag from /opt/airflow/dags/exampledag.py
[2025-03-23T16:17:43.643+0000] {processor.py:839} INFO - DAG(s) dict_keys(['chethan_test_dag']) retrieved from /opt/airflow/dags/exampledag.py
[2025-03-23T16:17:43.691+0000] {logging_mixin.py:154} INFO - [2025-03-23T16:17:43.691+0000] {dag.py:2941} INFO - Sync 1 DAGs
[2025-03-23T16:17:43.867+0000] {logging_mixin.py:154} INFO - [2025-03-23T16:17:43.867+0000] {dag.py:3722} INFO - Setting next_dagrun for chethan_test_dag to 2025-03-22T00:00:00+00:00, run_after=2025-03-23T00:00:00+00:00
[2025-03-23T16:17:43.896+0000] {processor.py:179} INFO - Processing /opt/airflow/dags/exampledag.py took 0.309 seconds
[2025-03-23T16:18:14.197+0000] {processor.py:157} INFO - Started process (PID=1689) to work on /opt/airflow/dags/exampledag.py
[2025-03-23T16:18:14.199+0000] {processor.py:829} INFO - Processing file /opt/airflow/dags/exampledag.py for tasks to queue
[2025-03-23T16:18:14.202+0000] {logging_mixin.py:154} INFO - [2025-03-23T16:18:14.201+0000] {dagbag.py:536} INFO - Filling up the DagBag from /opt/airflow/dags/exampledag.py
[2025-03-23T16:18:14.235+0000] {processor.py:839} INFO - DAG(s) dict_keys(['chethan_test_dag']) retrieved from /opt/airflow/dags/exampledag.py
[2025-03-23T16:18:14.274+0000] {logging_mixin.py:154} INFO - [2025-03-23T16:18:14.273+0000] {dag.py:2941} INFO - Sync 1 DAGs
[2025-03-23T16:18:14.324+0000] {logging_mixin.py:154} INFO - [2025-03-23T16:18:14.324+0000] {dag.py:3722} INFO - Setting next_dagrun for chethan_test_dag to 2025-03-22T00:00:00+00:00, run_after=2025-03-23T00:00:00+00:00
[2025-03-23T16:18:14.456+0000] {processor.py:179} INFO - Processing /opt/airflow/dags/exampledag.py took 0.263 seconds
[2025-03-23T16:18:44.728+0000] {processor.py:157} INFO - Started process (PID=1692) to work on /opt/airflow/dags/exampledag.py
[2025-03-23T16:18:44.729+0000] {processor.py:829} INFO - Processing file /opt/airflow/dags/exampledag.py for tasks to queue
[2025-03-23T16:18:44.731+0000] {logging_mixin.py:154} INFO - [2025-03-23T16:18:44.730+0000] {dagbag.py:536} INFO - Filling up the DagBag from /opt/airflow/dags/exampledag.py
[2025-03-23T16:18:44.780+0000] {processor.py:839} INFO - DAG(s) dict_keys(['chethan_test_dag']) retrieved from /opt/airflow/dags/exampledag.py
[2025-03-23T16:18:44.807+0000] {logging_mixin.py:154} INFO - [2025-03-23T16:18:44.807+0000] {dag.py:2941} INFO - Sync 1 DAGs
[2025-03-23T16:18:44.842+0000] {logging_mixin.py:154} INFO - [2025-03-23T16:18:44.841+0000] {dag.py:3722} INFO - Setting next_dagrun for chethan_test_dag to 2025-03-22T00:00:00+00:00, run_after=2025-03-23T00:00:00+00:00
[2025-03-23T16:18:44.893+0000] {processor.py:179} INFO - Processing /opt/airflow/dags/exampledag.py took 0.168 seconds
[2025-03-23T16:19:15.609+0000] {processor.py:157} INFO - Started process (PID=1695) to work on /opt/airflow/dags/exampledag.py
[2025-03-23T16:19:15.613+0000] {processor.py:829} INFO - Processing file /opt/airflow/dags/exampledag.py for tasks to queue
[2025-03-23T16:19:15.616+0000] {logging_mixin.py:154} INFO - [2025-03-23T16:19:15.615+0000] {dagbag.py:536} INFO - Filling up the DagBag from /opt/airflow/dags/exampledag.py
[2025-03-23T16:19:15.693+0000] {processor.py:839} INFO - DAG(s) dict_keys(['chethan_test_dag']) retrieved from /opt/airflow/dags/exampledag.py
[2025-03-23T16:19:15.741+0000] {logging_mixin.py:154} INFO - [2025-03-23T16:19:15.741+0000] {dag.py:2941} INFO - Sync 1 DAGs
[2025-03-23T16:19:15.786+0000] {logging_mixin.py:154} INFO - [2025-03-23T16:19:15.785+0000] {dag.py:3722} INFO - Setting next_dagrun for chethan_test_dag to 2025-03-22T00:00:00+00:00, run_after=2025-03-23T00:00:00+00:00
[2025-03-23T16:19:15.830+0000] {processor.py:179} INFO - Processing /opt/airflow/dags/exampledag.py took 0.228 seconds
[2025-03-23T16:19:45.963+0000] {processor.py:157} INFO - Started process (PID=1698) to work on /opt/airflow/dags/exampledag.py
[2025-03-23T16:19:45.965+0000] {processor.py:829} INFO - Processing file /opt/airflow/dags/exampledag.py for tasks to queue
[2025-03-23T16:19:45.966+0000] {logging_mixin.py:154} INFO - [2025-03-23T16:19:45.966+0000] {dagbag.py:536} INFO - Filling up the DagBag from /opt/airflow/dags/exampledag.py
[2025-03-23T16:19:45.997+0000] {processor.py:839} INFO - DAG(s) dict_keys(['chethan_test_dag']) retrieved from /opt/airflow/dags/exampledag.py
[2025-03-23T16:19:46.031+0000] {logging_mixin.py:154} INFO - [2025-03-23T16:19:46.030+0000] {dag.py:2941} INFO - Sync 1 DAGs
[2025-03-23T16:19:46.061+0000] {logging_mixin.py:154} INFO - [2025-03-23T16:19:46.061+0000] {dag.py:3722} INFO - Setting next_dagrun for chethan_test_dag to 2025-03-22T00:00:00+00:00, run_after=2025-03-23T00:00:00+00:00
[2025-03-23T16:19:46.088+0000] {processor.py:179} INFO - Processing /opt/airflow/dags/exampledag.py took 0.130 seconds
[2025-03-23T16:20:16.477+0000] {processor.py:157} INFO - Started process (PID=1701) to work on /opt/airflow/dags/exampledag.py
[2025-03-23T16:20:16.479+0000] {processor.py:829} INFO - Processing file /opt/airflow/dags/exampledag.py for tasks to queue
[2025-03-23T16:20:16.486+0000] {logging_mixin.py:154} INFO - [2025-03-23T16:20:16.485+0000] {dagbag.py:536} INFO - Filling up the DagBag from /opt/airflow/dags/exampledag.py
[2025-03-23T16:20:16.518+0000] {processor.py:839} INFO - DAG(s) dict_keys(['chethan_test_dag']) retrieved from /opt/airflow/dags/exampledag.py
[2025-03-23T16:20:16.548+0000] {logging_mixin.py:154} INFO - [2025-03-23T16:20:16.548+0000] {dag.py:2941} INFO - Sync 1 DAGs
[2025-03-23T16:20:16.573+0000] {logging_mixin.py:154} INFO - [2025-03-23T16:20:16.573+0000] {dag.py:3722} INFO - Setting next_dagrun for chethan_test_dag to 2025-03-22T00:00:00+00:00, run_after=2025-03-23T00:00:00+00:00
[2025-03-23T16:20:16.615+0000] {processor.py:179} INFO - Processing /opt/airflow/dags/exampledag.py took 0.142 seconds
[2025-03-23T16:20:47.394+0000] {processor.py:157} INFO - Started process (PID=1704) to work on /opt/airflow/dags/exampledag.py
[2025-03-23T16:20:47.401+0000] {processor.py:829} INFO - Processing file /opt/airflow/dags/exampledag.py for tasks to queue
[2025-03-23T16:20:47.407+0000] {logging_mixin.py:154} INFO - [2025-03-23T16:20:47.407+0000] {dagbag.py:536} INFO - Filling up the DagBag from /opt/airflow/dags/exampledag.py
[2025-03-23T16:20:47.511+0000] {processor.py:839} INFO - DAG(s) dict_keys(['chethan_test_dag']) retrieved from /opt/airflow/dags/exampledag.py
[2025-03-23T16:20:47.543+0000] {logging_mixin.py:154} INFO - [2025-03-23T16:20:47.543+0000] {dag.py:2941} INFO - Sync 1 DAGs
[2025-03-23T16:20:47.569+0000] {logging_mixin.py:154} INFO - [2025-03-23T16:20:47.569+0000] {dag.py:3722} INFO - Setting next_dagrun for chethan_test_dag to 2025-03-22T00:00:00+00:00, run_after=2025-03-23T00:00:00+00:00
[2025-03-23T16:20:47.607+0000] {processor.py:179} INFO - Processing /opt/airflow/dags/exampledag.py took 0.218 seconds
[2025-03-23T16:21:18.459+0000] {processor.py:157} INFO - Started process (PID=1707) to work on /opt/airflow/dags/exampledag.py
[2025-03-23T16:21:18.461+0000] {processor.py:829} INFO - Processing file /opt/airflow/dags/exampledag.py for tasks to queue
[2025-03-23T16:21:18.463+0000] {logging_mixin.py:154} INFO - [2025-03-23T16:21:18.463+0000] {dagbag.py:536} INFO - Filling up the DagBag from /opt/airflow/dags/exampledag.py
[2025-03-23T16:21:18.510+0000] {processor.py:839} INFO - DAG(s) dict_keys(['chethan_test_dag']) retrieved from /opt/airflow/dags/exampledag.py
[2025-03-23T16:21:18.563+0000] {logging_mixin.py:154} INFO - [2025-03-23T16:21:18.563+0000] {dag.py:2941} INFO - Sync 1 DAGs
[2025-03-23T16:21:18.602+0000] {logging_mixin.py:154} INFO - [2025-03-23T16:21:18.601+0000] {dag.py:3722} INFO - Setting next_dagrun for chethan_test_dag to 2025-03-22T00:00:00+00:00, run_after=2025-03-23T00:00:00+00:00
[2025-03-23T16:21:18.627+0000] {processor.py:179} INFO - Processing /opt/airflow/dags/exampledag.py took 0.173 seconds
[2025-03-23T16:21:48.949+0000] {processor.py:157} INFO - Started process (PID=1710) to work on /opt/airflow/dags/exampledag.py
[2025-03-23T16:21:48.951+0000] {processor.py:829} INFO - Processing file /opt/airflow/dags/exampledag.py for tasks to queue
[2025-03-23T16:21:48.952+0000] {logging_mixin.py:154} INFO - [2025-03-23T16:21:48.951+0000] {dagbag.py:536} INFO - Filling up the DagBag from /opt/airflow/dags/exampledag.py
[2025-03-23T16:21:48.981+0000] {processor.py:839} INFO - DAG(s) dict_keys(['chethan_test_dag']) retrieved from /opt/airflow/dags/exampledag.py
[2025-03-23T16:21:49.003+0000] {logging_mixin.py:154} INFO - [2025-03-23T16:21:49.003+0000] {dag.py:2941} INFO - Sync 1 DAGs
[2025-03-23T16:21:49.023+0000] {logging_mixin.py:154} INFO - [2025-03-23T16:21:49.022+0000] {dag.py:3722} INFO - Setting next_dagrun for chethan_test_dag to 2025-03-22T00:00:00+00:00, run_after=2025-03-23T00:00:00+00:00
[2025-03-23T16:21:49.042+0000] {processor.py:179} INFO - Processing /opt/airflow/dags/exampledag.py took 0.096 seconds
[2025-03-23T16:22:19.307+0000] {processor.py:157} INFO - Started process (PID=1713) to work on /opt/airflow/dags/exampledag.py
[2025-03-23T16:22:19.308+0000] {processor.py:829} INFO - Processing file /opt/airflow/dags/exampledag.py for tasks to queue
[2025-03-23T16:22:19.308+0000] {logging_mixin.py:154} INFO - [2025-03-23T16:22:19.308+0000] {dagbag.py:536} INFO - Filling up the DagBag from /opt/airflow/dags/exampledag.py
[2025-03-23T16:22:19.335+0000] {processor.py:839} INFO - DAG(s) dict_keys(['chethan_test_dag']) retrieved from /opt/airflow/dags/exampledag.py
[2025-03-23T16:22:19.365+0000] {logging_mixin.py:154} INFO - [2025-03-23T16:22:19.365+0000] {dag.py:2941} INFO - Sync 1 DAGs
[2025-03-23T16:22:19.398+0000] {logging_mixin.py:154} INFO - [2025-03-23T16:22:19.397+0000] {dag.py:3722} INFO - Setting next_dagrun for chethan_test_dag to 2025-03-22T00:00:00+00:00, run_after=2025-03-23T00:00:00+00:00
[2025-03-23T16:22:19.423+0000] {processor.py:179} INFO - Processing /opt/airflow/dags/exampledag.py took 0.119 seconds
[2025-03-23T16:22:49.562+0000] {processor.py:157} INFO - Started process (PID=1715) to work on /opt/airflow/dags/exampledag.py
[2025-03-23T16:22:49.563+0000] {processor.py:829} INFO - Processing file /opt/airflow/dags/exampledag.py for tasks to queue
[2025-03-23T16:22:49.564+0000] {logging_mixin.py:154} INFO - [2025-03-23T16:22:49.564+0000] {dagbag.py:536} INFO - Filling up the DagBag from /opt/airflow/dags/exampledag.py
[2025-03-23T16:22:49.587+0000] {processor.py:839} INFO - DAG(s) dict_keys(['chethan_test_dag']) retrieved from /opt/airflow/dags/exampledag.py
[2025-03-23T16:22:49.616+0000] {logging_mixin.py:154} INFO - [2025-03-23T16:22:49.615+0000] {dag.py:2941} INFO - Sync 1 DAGs
[2025-03-23T16:22:49.640+0000] {logging_mixin.py:154} INFO - [2025-03-23T16:22:49.640+0000] {dag.py:3722} INFO - Setting next_dagrun for chethan_test_dag to 2025-03-22T00:00:00+00:00, run_after=2025-03-23T00:00:00+00:00
[2025-03-23T16:22:49.660+0000] {processor.py:179} INFO - Processing /opt/airflow/dags/exampledag.py took 0.101 seconds
[2025-03-23T16:23:19.916+0000] {processor.py:157} INFO - Started process (PID=1717) to work on /opt/airflow/dags/exampledag.py
[2025-03-23T16:23:19.917+0000] {processor.py:829} INFO - Processing file /opt/airflow/dags/exampledag.py for tasks to queue
[2025-03-23T16:23:19.918+0000] {logging_mixin.py:154} INFO - [2025-03-23T16:23:19.917+0000] {dagbag.py:536} INFO - Filling up the DagBag from /opt/airflow/dags/exampledag.py
[2025-03-23T16:23:19.947+0000] {processor.py:839} INFO - DAG(s) dict_keys(['chethan_test_dag']) retrieved from /opt/airflow/dags/exampledag.py
[2025-03-23T16:23:19.970+0000] {logging_mixin.py:154} INFO - [2025-03-23T16:23:19.970+0000] {dag.py:2941} INFO - Sync 1 DAGs
[2025-03-23T16:23:19.994+0000] {logging_mixin.py:154} INFO - [2025-03-23T16:23:19.994+0000] {dag.py:3722} INFO - Setting next_dagrun for chethan_test_dag to 2025-03-22T00:00:00+00:00, run_after=2025-03-23T00:00:00+00:00
[2025-03-23T16:23:20.012+0000] {processor.py:179} INFO - Processing /opt/airflow/dags/exampledag.py took 0.100 seconds
[2025-03-23T16:23:50.152+0000] {processor.py:157} INFO - Started process (PID=1720) to work on /opt/airflow/dags/exampledag.py
[2025-03-23T16:23:50.153+0000] {processor.py:829} INFO - Processing file /opt/airflow/dags/exampledag.py for tasks to queue
[2025-03-23T16:23:50.154+0000] {logging_mixin.py:154} INFO - [2025-03-23T16:23:50.154+0000] {dagbag.py:536} INFO - Filling up the DagBag from /opt/airflow/dags/exampledag.py
[2025-03-23T16:23:50.184+0000] {processor.py:839} INFO - DAG(s) dict_keys(['chethan_test_dag']) retrieved from /opt/airflow/dags/exampledag.py
[2025-03-23T16:23:50.206+0000] {logging_mixin.py:154} INFO - [2025-03-23T16:23:50.206+0000] {dag.py:2941} INFO - Sync 1 DAGs
[2025-03-23T16:23:50.223+0000] {logging_mixin.py:154} INFO - [2025-03-23T16:23:50.223+0000] {dag.py:3722} INFO - Setting next_dagrun for chethan_test_dag to 2025-03-22T00:00:00+00:00, run_after=2025-03-23T00:00:00+00:00
[2025-03-23T16:23:50.238+0000] {processor.py:179} INFO - Processing /opt/airflow/dags/exampledag.py took 0.091 seconds
[2025-03-23T16:24:20.515+0000] {processor.py:157} INFO - Started process (PID=1723) to work on /opt/airflow/dags/exampledag.py
[2025-03-23T16:24:20.518+0000] {processor.py:829} INFO - Processing file /opt/airflow/dags/exampledag.py for tasks to queue
[2025-03-23T16:24:20.520+0000] {logging_mixin.py:154} INFO - [2025-03-23T16:24:20.520+0000] {dagbag.py:536} INFO - Filling up the DagBag from /opt/airflow/dags/exampledag.py
[2025-03-23T16:24:20.554+0000] {processor.py:839} INFO - DAG(s) dict_keys(['chethan_test_dag']) retrieved from /opt/airflow/dags/exampledag.py
[2025-03-23T16:24:20.602+0000] {logging_mixin.py:154} INFO - [2025-03-23T16:24:20.600+0000] {dag.py:2941} INFO - Sync 1 DAGs
[2025-03-23T16:24:20.645+0000] {logging_mixin.py:154} INFO - [2025-03-23T16:24:20.644+0000] {dag.py:3722} INFO - Setting next_dagrun for chethan_test_dag to 2025-03-22T00:00:00+00:00, run_after=2025-03-23T00:00:00+00:00
[2025-03-23T16:24:20.669+0000] {processor.py:179} INFO - Processing /opt/airflow/dags/exampledag.py took 0.160 seconds
[2025-03-23T16:24:50.962+0000] {processor.py:157} INFO - Started process (PID=1726) to work on /opt/airflow/dags/exampledag.py
[2025-03-23T16:24:50.963+0000] {processor.py:829} INFO - Processing file /opt/airflow/dags/exampledag.py for tasks to queue
[2025-03-23T16:24:50.964+0000] {logging_mixin.py:154} INFO - [2025-03-23T16:24:50.964+0000] {dagbag.py:536} INFO - Filling up the DagBag from /opt/airflow/dags/exampledag.py
[2025-03-23T16:24:50.988+0000] {processor.py:839} INFO - DAG(s) dict_keys(['chethan_test_dag']) retrieved from /opt/airflow/dags/exampledag.py
[2025-03-23T16:24:51.036+0000] {logging_mixin.py:154} INFO - [2025-03-23T16:24:51.036+0000] {dag.py:2941} INFO - Sync 1 DAGs
[2025-03-23T16:24:51.073+0000] {logging_mixin.py:154} INFO - [2025-03-23T16:24:51.072+0000] {dag.py:3722} INFO - Setting next_dagrun for chethan_test_dag to 2025-03-22T00:00:00+00:00, run_after=2025-03-23T00:00:00+00:00
[2025-03-23T16:24:51.098+0000] {processor.py:179} INFO - Processing /opt/airflow/dags/exampledag.py took 0.139 seconds
[2025-03-23T16:25:21.402+0000] {processor.py:157} INFO - Started process (PID=1729) to work on /opt/airflow/dags/exampledag.py
[2025-03-23T16:25:21.405+0000] {processor.py:829} INFO - Processing file /opt/airflow/dags/exampledag.py for tasks to queue
[2025-03-23T16:25:21.408+0000] {logging_mixin.py:154} INFO - [2025-03-23T16:25:21.408+0000] {dagbag.py:536} INFO - Filling up the DagBag from /opt/airflow/dags/exampledag.py
[2025-03-23T16:25:21.452+0000] {processor.py:839} INFO - DAG(s) dict_keys(['chethan_test_dag']) retrieved from /opt/airflow/dags/exampledag.py
[2025-03-23T16:25:21.483+0000] {logging_mixin.py:154} INFO - [2025-03-23T16:25:21.483+0000] {dag.py:2941} INFO - Sync 1 DAGs
[2025-03-23T16:25:21.502+0000] {logging_mixin.py:154} INFO - [2025-03-23T16:25:21.502+0000] {dag.py:3722} INFO - Setting next_dagrun for chethan_test_dag to 2025-03-22T00:00:00+00:00, run_after=2025-03-23T00:00:00+00:00
[2025-03-23T16:25:21.520+0000] {processor.py:179} INFO - Processing /opt/airflow/dags/exampledag.py took 0.124 seconds
[2025-03-23T16:25:51.774+0000] {processor.py:157} INFO - Started process (PID=1732) to work on /opt/airflow/dags/exampledag.py
[2025-03-23T16:25:51.776+0000] {processor.py:829} INFO - Processing file /opt/airflow/dags/exampledag.py for tasks to queue
[2025-03-23T16:25:51.777+0000] {logging_mixin.py:154} INFO - [2025-03-23T16:25:51.777+0000] {dagbag.py:536} INFO - Filling up the DagBag from /opt/airflow/dags/exampledag.py
[2025-03-23T16:25:51.810+0000] {processor.py:839} INFO - DAG(s) dict_keys(['chethan_test_dag']) retrieved from /opt/airflow/dags/exampledag.py
[2025-03-23T16:25:51.837+0000] {logging_mixin.py:154} INFO - [2025-03-23T16:25:51.837+0000] {dag.py:2941} INFO - Sync 1 DAGs
[2025-03-23T16:25:51.864+0000] {logging_mixin.py:154} INFO - [2025-03-23T16:25:51.864+0000] {dag.py:3722} INFO - Setting next_dagrun for chethan_test_dag to 2025-03-22T00:00:00+00:00, run_after=2025-03-23T00:00:00+00:00
[2025-03-23T16:25:51.886+0000] {processor.py:179} INFO - Processing /opt/airflow/dags/exampledag.py took 0.114 seconds
[2025-03-23T16:26:22.110+0000] {processor.py:157} INFO - Started process (PID=1735) to work on /opt/airflow/dags/exampledag.py
[2025-03-23T16:26:22.111+0000] {processor.py:829} INFO - Processing file /opt/airflow/dags/exampledag.py for tasks to queue
[2025-03-23T16:26:22.113+0000] {logging_mixin.py:154} INFO - [2025-03-23T16:26:22.112+0000] {dagbag.py:536} INFO - Filling up the DagBag from /opt/airflow/dags/exampledag.py
[2025-03-23T16:26:22.139+0000] {processor.py:839} INFO - DAG(s) dict_keys(['chethan_test_dag']) retrieved from /opt/airflow/dags/exampledag.py
[2025-03-23T16:26:22.170+0000] {logging_mixin.py:154} INFO - [2025-03-23T16:26:22.170+0000] {dag.py:2941} INFO - Sync 1 DAGs
[2025-03-23T16:26:22.196+0000] {logging_mixin.py:154} INFO - [2025-03-23T16:26:22.196+0000] {dag.py:3722} INFO - Setting next_dagrun for chethan_test_dag to 2025-03-22T00:00:00+00:00, run_after=2025-03-23T00:00:00+00:00
[2025-03-23T16:26:22.213+0000] {processor.py:179} INFO - Processing /opt/airflow/dags/exampledag.py took 0.106 seconds
[2025-03-23T16:26:52.473+0000] {processor.py:157} INFO - Started process (PID=1738) to work on /opt/airflow/dags/exampledag.py
[2025-03-23T16:26:52.475+0000] {processor.py:829} INFO - Processing file /opt/airflow/dags/exampledag.py for tasks to queue
[2025-03-23T16:26:52.476+0000] {logging_mixin.py:154} INFO - [2025-03-23T16:26:52.475+0000] {dagbag.py:536} INFO - Filling up the DagBag from /opt/airflow/dags/exampledag.py
[2025-03-23T16:26:52.501+0000] {processor.py:839} INFO - DAG(s) dict_keys(['chethan_test_dag']) retrieved from /opt/airflow/dags/exampledag.py
[2025-03-23T16:26:52.525+0000] {logging_mixin.py:154} INFO - [2025-03-23T16:26:52.525+0000] {dag.py:2941} INFO - Sync 1 DAGs
[2025-03-23T16:26:52.544+0000] {logging_mixin.py:154} INFO - [2025-03-23T16:26:52.544+0000] {dag.py:3722} INFO - Setting next_dagrun for chethan_test_dag to 2025-03-22T00:00:00+00:00, run_after=2025-03-23T00:00:00+00:00
[2025-03-23T16:26:52.562+0000] {processor.py:179} INFO - Processing /opt/airflow/dags/exampledag.py took 0.091 seconds
[2025-03-23T16:27:22.832+0000] {processor.py:157} INFO - Started process (PID=1741) to work on /opt/airflow/dags/exampledag.py
[2025-03-23T16:27:22.835+0000] {processor.py:829} INFO - Processing file /opt/airflow/dags/exampledag.py for tasks to queue
[2025-03-23T16:27:22.838+0000] {logging_mixin.py:154} INFO - [2025-03-23T16:27:22.838+0000] {dagbag.py:536} INFO - Filling up the DagBag from /opt/airflow/dags/exampledag.py
[2025-03-23T16:27:22.866+0000] {processor.py:839} INFO - DAG(s) dict_keys(['chethan_test_dag']) retrieved from /opt/airflow/dags/exampledag.py
[2025-03-23T16:27:22.884+0000] {logging_mixin.py:154} INFO - [2025-03-23T16:27:22.884+0000] {dag.py:2941} INFO - Sync 1 DAGs
[2025-03-23T16:27:22.901+0000] {logging_mixin.py:154} INFO - [2025-03-23T16:27:22.901+0000] {dag.py:3722} INFO - Setting next_dagrun for chethan_test_dag to 2025-03-22T00:00:00+00:00, run_after=2025-03-23T00:00:00+00:00
[2025-03-23T16:27:22.921+0000] {processor.py:179} INFO - Processing /opt/airflow/dags/exampledag.py took 0.095 seconds
[2025-03-23T16:27:53.176+0000] {processor.py:157} INFO - Started process (PID=1744) to work on /opt/airflow/dags/exampledag.py
[2025-03-23T16:27:53.177+0000] {processor.py:829} INFO - Processing file /opt/airflow/dags/exampledag.py for tasks to queue
[2025-03-23T16:27:53.178+0000] {logging_mixin.py:154} INFO - [2025-03-23T16:27:53.178+0000] {dagbag.py:536} INFO - Filling up the DagBag from /opt/airflow/dags/exampledag.py
[2025-03-23T16:27:53.203+0000] {processor.py:839} INFO - DAG(s) dict_keys(['chethan_test_dag']) retrieved from /opt/airflow/dags/exampledag.py
[2025-03-23T16:27:53.227+0000] {logging_mixin.py:154} INFO - [2025-03-23T16:27:53.227+0000] {dag.py:2941} INFO - Sync 1 DAGs
[2025-03-23T16:27:53.247+0000] {logging_mixin.py:154} INFO - [2025-03-23T16:27:53.247+0000] {dag.py:3722} INFO - Setting next_dagrun for chethan_test_dag to 2025-03-22T00:00:00+00:00, run_after=2025-03-23T00:00:00+00:00
[2025-03-23T16:27:53.266+0000] {processor.py:179} INFO - Processing /opt/airflow/dags/exampledag.py took 0.094 seconds
[2025-03-23T16:28:23.531+0000] {processor.py:157} INFO - Started process (PID=1747) to work on /opt/airflow/dags/exampledag.py
[2025-03-23T16:28:23.532+0000] {processor.py:829} INFO - Processing file /opt/airflow/dags/exampledag.py for tasks to queue
[2025-03-23T16:28:23.533+0000] {logging_mixin.py:154} INFO - [2025-03-23T16:28:23.533+0000] {dagbag.py:536} INFO - Filling up the DagBag from /opt/airflow/dags/exampledag.py
[2025-03-23T16:28:23.557+0000] {processor.py:839} INFO - DAG(s) dict_keys(['chethan_test_dag']) retrieved from /opt/airflow/dags/exampledag.py
[2025-03-23T16:28:23.575+0000] {logging_mixin.py:154} INFO - [2025-03-23T16:28:23.575+0000] {dag.py:2941} INFO - Sync 1 DAGs
[2025-03-23T16:28:23.597+0000] {logging_mixin.py:154} INFO - [2025-03-23T16:28:23.596+0000] {dag.py:3722} INFO - Setting next_dagrun for chethan_test_dag to 2025-03-22T00:00:00+00:00, run_after=2025-03-23T00:00:00+00:00
[2025-03-23T16:28:23.616+0000] {processor.py:179} INFO - Processing /opt/airflow/dags/exampledag.py took 0.088 seconds
[2025-03-23T16:28:53.896+0000] {processor.py:157} INFO - Started process (PID=1750) to work on /opt/airflow/dags/exampledag.py
[2025-03-23T16:28:53.897+0000] {processor.py:829} INFO - Processing file /opt/airflow/dags/exampledag.py for tasks to queue
[2025-03-23T16:28:53.899+0000] {logging_mixin.py:154} INFO - [2025-03-23T16:28:53.898+0000] {dagbag.py:536} INFO - Filling up the DagBag from /opt/airflow/dags/exampledag.py
[2025-03-23T16:28:53.924+0000] {processor.py:839} INFO - DAG(s) dict_keys(['chethan_test_dag']) retrieved from /opt/airflow/dags/exampledag.py
[2025-03-23T16:28:53.947+0000] {logging_mixin.py:154} INFO - [2025-03-23T16:28:53.947+0000] {dag.py:2941} INFO - Sync 1 DAGs
[2025-03-23T16:28:53.970+0000] {logging_mixin.py:154} INFO - [2025-03-23T16:28:53.970+0000] {dag.py:3722} INFO - Setting next_dagrun for chethan_test_dag to 2025-03-22T00:00:00+00:00, run_after=2025-03-23T00:00:00+00:00
[2025-03-23T16:28:53.994+0000] {processor.py:179} INFO - Processing /opt/airflow/dags/exampledag.py took 0.102 seconds
[2025-03-23T16:29:24.296+0000] {processor.py:157} INFO - Started process (PID=1753) to work on /opt/airflow/dags/exampledag.py
[2025-03-23T16:29:24.298+0000] {processor.py:829} INFO - Processing file /opt/airflow/dags/exampledag.py for tasks to queue
[2025-03-23T16:29:24.299+0000] {logging_mixin.py:154} INFO - [2025-03-23T16:29:24.299+0000] {dagbag.py:536} INFO - Filling up the DagBag from /opt/airflow/dags/exampledag.py
[2025-03-23T16:29:24.330+0000] {processor.py:839} INFO - DAG(s) dict_keys(['chethan_test_dag']) retrieved from /opt/airflow/dags/exampledag.py
[2025-03-23T16:29:24.364+0000] {logging_mixin.py:154} INFO - [2025-03-23T16:29:24.363+0000] {dag.py:2941} INFO - Sync 1 DAGs
[2025-03-23T16:29:24.395+0000] {logging_mixin.py:154} INFO - [2025-03-23T16:29:24.395+0000] {dag.py:3722} INFO - Setting next_dagrun for chethan_test_dag to 2025-03-22T00:00:00+00:00, run_after=2025-03-23T00:00:00+00:00
[2025-03-23T16:29:24.419+0000] {processor.py:179} INFO - Processing /opt/airflow/dags/exampledag.py took 0.127 seconds
[2025-03-23T16:29:54.698+0000] {processor.py:157} INFO - Started process (PID=1756) to work on /opt/airflow/dags/exampledag.py
[2025-03-23T16:29:54.699+0000] {processor.py:829} INFO - Processing file /opt/airflow/dags/exampledag.py for tasks to queue
[2025-03-23T16:29:54.700+0000] {logging_mixin.py:154} INFO - [2025-03-23T16:29:54.700+0000] {dagbag.py:536} INFO - Filling up the DagBag from /opt/airflow/dags/exampledag.py
[2025-03-23T16:29:54.722+0000] {processor.py:839} INFO - DAG(s) dict_keys(['chethan_test_dag']) retrieved from /opt/airflow/dags/exampledag.py
[2025-03-23T16:29:54.752+0000] {logging_mixin.py:154} INFO - [2025-03-23T16:29:54.751+0000] {dag.py:2941} INFO - Sync 1 DAGs
[2025-03-23T16:29:54.781+0000] {logging_mixin.py:154} INFO - [2025-03-23T16:29:54.780+0000] {dag.py:3722} INFO - Setting next_dagrun for chethan_test_dag to 2025-03-22T00:00:00+00:00, run_after=2025-03-23T00:00:00+00:00
[2025-03-23T16:29:54.803+0000] {processor.py:179} INFO - Processing /opt/airflow/dags/exampledag.py took 0.109 seconds
[2025-03-23T16:30:25.074+0000] {processor.py:157} INFO - Started process (PID=1759) to work on /opt/airflow/dags/exampledag.py
[2025-03-23T16:30:25.075+0000] {processor.py:829} INFO - Processing file /opt/airflow/dags/exampledag.py for tasks to queue
[2025-03-23T16:30:25.076+0000] {logging_mixin.py:154} INFO - [2025-03-23T16:30:25.076+0000] {dagbag.py:536} INFO - Filling up the DagBag from /opt/airflow/dags/exampledag.py
[2025-03-23T16:30:25.101+0000] {processor.py:839} INFO - DAG(s) dict_keys(['chethan_test_dag']) retrieved from /opt/airflow/dags/exampledag.py
[2025-03-23T16:30:25.121+0000] {logging_mixin.py:154} INFO - [2025-03-23T16:30:25.121+0000] {dag.py:2941} INFO - Sync 1 DAGs
[2025-03-23T16:30:25.140+0000] {logging_mixin.py:154} INFO - [2025-03-23T16:30:25.140+0000] {dag.py:3722} INFO - Setting next_dagrun for chethan_test_dag to 2025-03-22T00:00:00+00:00, run_after=2025-03-23T00:00:00+00:00
[2025-03-23T16:30:25.160+0000] {processor.py:179} INFO - Processing /opt/airflow/dags/exampledag.py took 0.089 seconds
[2025-03-23T16:30:55.469+0000] {processor.py:157} INFO - Started process (PID=1762) to work on /opt/airflow/dags/exampledag.py
[2025-03-23T16:30:55.470+0000] {processor.py:829} INFO - Processing file /opt/airflow/dags/exampledag.py for tasks to queue
[2025-03-23T16:30:55.471+0000] {logging_mixin.py:154} INFO - [2025-03-23T16:30:55.471+0000] {dagbag.py:536} INFO - Filling up the DagBag from /opt/airflow/dags/exampledag.py
[2025-03-23T16:30:55.498+0000] {processor.py:839} INFO - DAG(s) dict_keys(['chethan_test_dag']) retrieved from /opt/airflow/dags/exampledag.py
[2025-03-23T16:30:55.520+0000] {logging_mixin.py:154} INFO - [2025-03-23T16:30:55.520+0000] {dag.py:2941} INFO - Sync 1 DAGs
[2025-03-23T16:30:55.541+0000] {logging_mixin.py:154} INFO - [2025-03-23T16:30:55.541+0000] {dag.py:3722} INFO - Setting next_dagrun for chethan_test_dag to 2025-03-22T00:00:00+00:00, run_after=2025-03-23T00:00:00+00:00
[2025-03-23T16:30:55.561+0000] {processor.py:179} INFO - Processing /opt/airflow/dags/exampledag.py took 0.095 seconds
[2025-03-23T16:31:25.862+0000] {processor.py:157} INFO - Started process (PID=1765) to work on /opt/airflow/dags/exampledag.py
[2025-03-23T16:31:25.864+0000] {processor.py:829} INFO - Processing file /opt/airflow/dags/exampledag.py for tasks to queue
[2025-03-23T16:31:25.865+0000] {logging_mixin.py:154} INFO - [2025-03-23T16:31:25.865+0000] {dagbag.py:536} INFO - Filling up the DagBag from /opt/airflow/dags/exampledag.py
[2025-03-23T16:31:25.888+0000] {processor.py:839} INFO - DAG(s) dict_keys(['chethan_test_dag']) retrieved from /opt/airflow/dags/exampledag.py
[2025-03-23T16:31:25.908+0000] {logging_mixin.py:154} INFO - [2025-03-23T16:31:25.908+0000] {dag.py:2941} INFO - Sync 1 DAGs
[2025-03-23T16:31:25.925+0000] {logging_mixin.py:154} INFO - [2025-03-23T16:31:25.925+0000] {dag.py:3722} INFO - Setting next_dagrun for chethan_test_dag to 2025-03-22T00:00:00+00:00, run_after=2025-03-23T00:00:00+00:00
[2025-03-23T16:31:25.943+0000] {processor.py:179} INFO - Processing /opt/airflow/dags/exampledag.py took 0.083 seconds
[2025-03-23T16:31:56.212+0000] {processor.py:157} INFO - Started process (PID=1768) to work on /opt/airflow/dags/exampledag.py
[2025-03-23T16:31:56.215+0000] {processor.py:829} INFO - Processing file /opt/airflow/dags/exampledag.py for tasks to queue
[2025-03-23T16:31:56.216+0000] {logging_mixin.py:154} INFO - [2025-03-23T16:31:56.215+0000] {dagbag.py:536} INFO - Filling up the DagBag from /opt/airflow/dags/exampledag.py
[2025-03-23T16:31:56.246+0000] {processor.py:839} INFO - DAG(s) dict_keys(['chethan_test_dag']) retrieved from /opt/airflow/dags/exampledag.py
[2025-03-23T16:31:56.268+0000] {logging_mixin.py:154} INFO - [2025-03-23T16:31:56.268+0000] {dag.py:2941} INFO - Sync 1 DAGs
[2025-03-23T16:31:56.288+0000] {logging_mixin.py:154} INFO - [2025-03-23T16:31:56.288+0000] {dag.py:3722} INFO - Setting next_dagrun for chethan_test_dag to 2025-03-22T00:00:00+00:00, run_after=2025-03-23T00:00:00+00:00
[2025-03-23T16:31:56.307+0000] {processor.py:179} INFO - Processing /opt/airflow/dags/exampledag.py took 0.101 seconds
[2025-03-23T16:32:26.572+0000] {processor.py:157} INFO - Started process (PID=1771) to work on /opt/airflow/dags/exampledag.py
[2025-03-23T16:32:26.573+0000] {processor.py:829} INFO - Processing file /opt/airflow/dags/exampledag.py for tasks to queue
[2025-03-23T16:32:26.574+0000] {logging_mixin.py:154} INFO - [2025-03-23T16:32:26.574+0000] {dagbag.py:536} INFO - Filling up the DagBag from /opt/airflow/dags/exampledag.py
[2025-03-23T16:32:26.595+0000] {processor.py:839} INFO - DAG(s) dict_keys(['chethan_test_dag']) retrieved from /opt/airflow/dags/exampledag.py
[2025-03-23T16:32:26.613+0000] {logging_mixin.py:154} INFO - [2025-03-23T16:32:26.613+0000] {dag.py:2941} INFO - Sync 1 DAGs
[2025-03-23T16:32:26.630+0000] {logging_mixin.py:154} INFO - [2025-03-23T16:32:26.630+0000] {dag.py:3722} INFO - Setting next_dagrun for chethan_test_dag to 2025-03-22T00:00:00+00:00, run_after=2025-03-23T00:00:00+00:00
[2025-03-23T16:32:26.655+0000] {processor.py:179} INFO - Processing /opt/airflow/dags/exampledag.py took 0.086 seconds
[2025-03-23T16:32:56.935+0000] {processor.py:157} INFO - Started process (PID=1774) to work on /opt/airflow/dags/exampledag.py
[2025-03-23T16:32:56.936+0000] {processor.py:829} INFO - Processing file /opt/airflow/dags/exampledag.py for tasks to queue
[2025-03-23T16:32:56.937+0000] {logging_mixin.py:154} INFO - [2025-03-23T16:32:56.937+0000] {dagbag.py:536} INFO - Filling up the DagBag from /opt/airflow/dags/exampledag.py
[2025-03-23T16:32:56.962+0000] {processor.py:839} INFO - DAG(s) dict_keys(['chethan_test_dag']) retrieved from /opt/airflow/dags/exampledag.py
[2025-03-23T16:32:56.986+0000] {logging_mixin.py:154} INFO - [2025-03-23T16:32:56.985+0000] {dag.py:2941} INFO - Sync 1 DAGs
[2025-03-23T16:32:57.012+0000] {logging_mixin.py:154} INFO - [2025-03-23T16:32:57.012+0000] {dag.py:3722} INFO - Setting next_dagrun for chethan_test_dag to 2025-03-22T00:00:00+00:00, run_after=2025-03-23T00:00:00+00:00
[2025-03-23T16:32:57.044+0000] {processor.py:179} INFO - Processing /opt/airflow/dags/exampledag.py took 0.112 seconds
[2025-03-23T16:33:27.317+0000] {processor.py:157} INFO - Started process (PID=1777) to work on /opt/airflow/dags/exampledag.py
[2025-03-23T16:33:27.318+0000] {processor.py:829} INFO - Processing file /opt/airflow/dags/exampledag.py for tasks to queue
[2025-03-23T16:33:27.319+0000] {logging_mixin.py:154} INFO - [2025-03-23T16:33:27.319+0000] {dagbag.py:536} INFO - Filling up the DagBag from /opt/airflow/dags/exampledag.py
[2025-03-23T16:33:27.352+0000] {processor.py:839} INFO - DAG(s) dict_keys(['chethan_test_dag']) retrieved from /opt/airflow/dags/exampledag.py
[2025-03-23T16:33:27.386+0000] {logging_mixin.py:154} INFO - [2025-03-23T16:33:27.386+0000] {dag.py:2941} INFO - Sync 1 DAGs
[2025-03-23T16:33:27.409+0000] {logging_mixin.py:154} INFO - [2025-03-23T16:33:27.409+0000] {dag.py:3722} INFO - Setting next_dagrun for chethan_test_dag to 2025-03-22T00:00:00+00:00, run_after=2025-03-23T00:00:00+00:00
[2025-03-23T16:33:27.433+0000] {processor.py:179} INFO - Processing /opt/airflow/dags/exampledag.py took 0.121 seconds
[2025-03-23T16:33:57.771+0000] {processor.py:157} INFO - Started process (PID=1780) to work on /opt/airflow/dags/exampledag.py
[2025-03-23T16:33:57.772+0000] {processor.py:829} INFO - Processing file /opt/airflow/dags/exampledag.py for tasks to queue
[2025-03-23T16:33:57.773+0000] {logging_mixin.py:154} INFO - [2025-03-23T16:33:57.773+0000] {dagbag.py:536} INFO - Filling up the DagBag from /opt/airflow/dags/exampledag.py
[2025-03-23T16:33:57.799+0000] {processor.py:839} INFO - DAG(s) dict_keys(['chethan_test_dag']) retrieved from /opt/airflow/dags/exampledag.py
[2025-03-23T16:33:57.827+0000] {logging_mixin.py:154} INFO - [2025-03-23T16:33:57.827+0000] {dag.py:2941} INFO - Sync 1 DAGs
[2025-03-23T16:33:57.852+0000] {logging_mixin.py:154} INFO - [2025-03-23T16:33:57.852+0000] {dag.py:3722} INFO - Setting next_dagrun for chethan_test_dag to 2025-03-22T00:00:00+00:00, run_after=2025-03-23T00:00:00+00:00
[2025-03-23T16:33:57.874+0000] {processor.py:179} INFO - Processing /opt/airflow/dags/exampledag.py took 0.106 seconds
[2025-03-23T16:34:28.130+0000] {processor.py:157} INFO - Started process (PID=1783) to work on /opt/airflow/dags/exampledag.py
[2025-03-23T16:34:28.131+0000] {processor.py:829} INFO - Processing file /opt/airflow/dags/exampledag.py for tasks to queue
[2025-03-23T16:34:28.132+0000] {logging_mixin.py:154} INFO - [2025-03-23T16:34:28.132+0000] {dagbag.py:536} INFO - Filling up the DagBag from /opt/airflow/dags/exampledag.py
[2025-03-23T16:34:28.160+0000] {processor.py:839} INFO - DAG(s) dict_keys(['chethan_test_dag']) retrieved from /opt/airflow/dags/exampledag.py
[2025-03-23T16:34:28.183+0000] {logging_mixin.py:154} INFO - [2025-03-23T16:34:28.183+0000] {dag.py:2941} INFO - Sync 1 DAGs
[2025-03-23T16:34:28.201+0000] {logging_mixin.py:154} INFO - [2025-03-23T16:34:28.200+0000] {dag.py:3722} INFO - Setting next_dagrun for chethan_test_dag to 2025-03-22T00:00:00+00:00, run_after=2025-03-23T00:00:00+00:00
[2025-03-23T16:34:28.218+0000] {processor.py:179} INFO - Processing /opt/airflow/dags/exampledag.py took 0.092 seconds
[2025-03-23T16:34:58.469+0000] {processor.py:157} INFO - Started process (PID=1786) to work on /opt/airflow/dags/exampledag.py
[2025-03-23T16:34:58.471+0000] {processor.py:829} INFO - Processing file /opt/airflow/dags/exampledag.py for tasks to queue
[2025-03-23T16:34:58.472+0000] {logging_mixin.py:154} INFO - [2025-03-23T16:34:58.472+0000] {dagbag.py:536} INFO - Filling up the DagBag from /opt/airflow/dags/exampledag.py
[2025-03-23T16:34:58.500+0000] {processor.py:839} INFO - DAG(s) dict_keys(['chethan_test_dag']) retrieved from /opt/airflow/dags/exampledag.py
[2025-03-23T16:34:58.521+0000] {logging_mixin.py:154} INFO - [2025-03-23T16:34:58.521+0000] {dag.py:2941} INFO - Sync 1 DAGs
[2025-03-23T16:34:58.539+0000] {logging_mixin.py:154} INFO - [2025-03-23T16:34:58.539+0000] {dag.py:3722} INFO - Setting next_dagrun for chethan_test_dag to 2025-03-22T00:00:00+00:00, run_after=2025-03-23T00:00:00+00:00
[2025-03-23T16:34:58.556+0000] {processor.py:179} INFO - Processing /opt/airflow/dags/exampledag.py took 0.090 seconds
[2025-03-23T16:35:28.842+0000] {processor.py:157} INFO - Started process (PID=1789) to work on /opt/airflow/dags/exampledag.py
[2025-03-23T16:35:28.844+0000] {processor.py:829} INFO - Processing file /opt/airflow/dags/exampledag.py for tasks to queue
[2025-03-23T16:35:28.845+0000] {logging_mixin.py:154} INFO - [2025-03-23T16:35:28.844+0000] {dagbag.py:536} INFO - Filling up the DagBag from /opt/airflow/dags/exampledag.py
[2025-03-23T16:35:28.881+0000] {processor.py:839} INFO - DAG(s) dict_keys(['chethan_test_dag']) retrieved from /opt/airflow/dags/exampledag.py
[2025-03-23T16:35:28.906+0000] {logging_mixin.py:154} INFO - [2025-03-23T16:35:28.905+0000] {dag.py:2941} INFO - Sync 1 DAGs
[2025-03-23T16:35:28.934+0000] {logging_mixin.py:154} INFO - [2025-03-23T16:35:28.934+0000] {dag.py:3722} INFO - Setting next_dagrun for chethan_test_dag to 2025-03-22T00:00:00+00:00, run_after=2025-03-23T00:00:00+00:00
[2025-03-23T16:35:28.951+0000] {processor.py:179} INFO - Processing /opt/airflow/dags/exampledag.py took 0.115 seconds
[2025-03-23T16:35:59.246+0000] {processor.py:157} INFO - Started process (PID=1792) to work on /opt/airflow/dags/exampledag.py
[2025-03-23T16:35:59.247+0000] {processor.py:829} INFO - Processing file /opt/airflow/dags/exampledag.py for tasks to queue
[2025-03-23T16:35:59.248+0000] {logging_mixin.py:154} INFO - [2025-03-23T16:35:59.248+0000] {dagbag.py:536} INFO - Filling up the DagBag from /opt/airflow/dags/exampledag.py
[2025-03-23T16:35:59.274+0000] {processor.py:839} INFO - DAG(s) dict_keys(['chethan_test_dag']) retrieved from /opt/airflow/dags/exampledag.py
[2025-03-23T16:35:59.298+0000] {logging_mixin.py:154} INFO - [2025-03-23T16:35:59.298+0000] {dag.py:2941} INFO - Sync 1 DAGs
[2025-03-23T16:35:59.338+0000] {logging_mixin.py:154} INFO - [2025-03-23T16:35:59.338+0000] {dag.py:3722} INFO - Setting next_dagrun for chethan_test_dag to 2025-03-22T00:00:00+00:00, run_after=2025-03-23T00:00:00+00:00
[2025-03-23T16:35:59.363+0000] {processor.py:179} INFO - Processing /opt/airflow/dags/exampledag.py took 0.121 seconds
[2025-03-23T16:36:29.627+0000] {processor.py:157} INFO - Started process (PID=1795) to work on /opt/airflow/dags/exampledag.py
[2025-03-23T16:36:29.628+0000] {processor.py:829} INFO - Processing file /opt/airflow/dags/exampledag.py for tasks to queue
[2025-03-23T16:36:29.629+0000] {logging_mixin.py:154} INFO - [2025-03-23T16:36:29.629+0000] {dagbag.py:536} INFO - Filling up the DagBag from /opt/airflow/dags/exampledag.py
[2025-03-23T16:36:29.659+0000] {processor.py:839} INFO - DAG(s) dict_keys(['chethan_test_dag']) retrieved from /opt/airflow/dags/exampledag.py
[2025-03-23T16:36:29.686+0000] {logging_mixin.py:154} INFO - [2025-03-23T16:36:29.686+0000] {dag.py:2941} INFO - Sync 1 DAGs
[2025-03-23T16:36:29.729+0000] {logging_mixin.py:154} INFO - [2025-03-23T16:36:29.728+0000] {dag.py:3722} INFO - Setting next_dagrun for chethan_test_dag to 2025-03-22T00:00:00+00:00, run_after=2025-03-23T00:00:00+00:00
[2025-03-23T16:36:29.764+0000] {processor.py:179} INFO - Processing /opt/airflow/dags/exampledag.py took 0.140 seconds
[2025-03-23T16:37:00.043+0000] {processor.py:157} INFO - Started process (PID=1798) to work on /opt/airflow/dags/exampledag.py
[2025-03-23T16:37:00.045+0000] {processor.py:829} INFO - Processing file /opt/airflow/dags/exampledag.py for tasks to queue
[2025-03-23T16:37:00.046+0000] {logging_mixin.py:154} INFO - [2025-03-23T16:37:00.045+0000] {dagbag.py:536} INFO - Filling up the DagBag from /opt/airflow/dags/exampledag.py
[2025-03-23T16:37:00.069+0000] {processor.py:839} INFO - DAG(s) dict_keys(['chethan_test_dag']) retrieved from /opt/airflow/dags/exampledag.py
[2025-03-23T16:37:00.089+0000] {logging_mixin.py:154} INFO - [2025-03-23T16:37:00.089+0000] {dag.py:2941} INFO - Sync 1 DAGs
[2025-03-23T16:37:00.106+0000] {logging_mixin.py:154} INFO - [2025-03-23T16:37:00.106+0000] {dag.py:3722} INFO - Setting next_dagrun for chethan_test_dag to 2025-03-22T00:00:00+00:00, run_after=2025-03-23T00:00:00+00:00
[2025-03-23T16:37:00.121+0000] {processor.py:179} INFO - Processing /opt/airflow/dags/exampledag.py took 0.081 seconds
[2025-03-23T16:37:30.389+0000] {processor.py:157} INFO - Started process (PID=1801) to work on /opt/airflow/dags/exampledag.py
[2025-03-23T16:37:30.391+0000] {processor.py:829} INFO - Processing file /opt/airflow/dags/exampledag.py for tasks to queue
[2025-03-23T16:37:30.392+0000] {logging_mixin.py:154} INFO - [2025-03-23T16:37:30.392+0000] {dagbag.py:536} INFO - Filling up the DagBag from /opt/airflow/dags/exampledag.py
[2025-03-23T16:37:30.425+0000] {processor.py:839} INFO - DAG(s) dict_keys(['chethan_test_dag']) retrieved from /opt/airflow/dags/exampledag.py
[2025-03-23T16:37:30.449+0000] {logging_mixin.py:154} INFO - [2025-03-23T16:37:30.449+0000] {dag.py:2941} INFO - Sync 1 DAGs
[2025-03-23T16:37:30.469+0000] {logging_mixin.py:154} INFO - [2025-03-23T16:37:30.469+0000] {dag.py:3722} INFO - Setting next_dagrun for chethan_test_dag to 2025-03-22T00:00:00+00:00, run_after=2025-03-23T00:00:00+00:00
[2025-03-23T16:37:30.488+0000] {processor.py:179} INFO - Processing /opt/airflow/dags/exampledag.py took 0.102 seconds
[2025-03-23T16:38:00.748+0000] {processor.py:157} INFO - Started process (PID=1804) to work on /opt/airflow/dags/exampledag.py
[2025-03-23T16:38:00.749+0000] {processor.py:829} INFO - Processing file /opt/airflow/dags/exampledag.py for tasks to queue
[2025-03-23T16:38:00.750+0000] {logging_mixin.py:154} INFO - [2025-03-23T16:38:00.750+0000] {dagbag.py:536} INFO - Filling up the DagBag from /opt/airflow/dags/exampledag.py
[2025-03-23T16:38:00.773+0000] {processor.py:839} INFO - DAG(s) dict_keys(['chethan_test_dag']) retrieved from /opt/airflow/dags/exampledag.py
[2025-03-23T16:38:00.797+0000] {logging_mixin.py:154} INFO - [2025-03-23T16:38:00.797+0000] {dag.py:2941} INFO - Sync 1 DAGs
[2025-03-23T16:38:00.821+0000] {logging_mixin.py:154} INFO - [2025-03-23T16:38:00.821+0000] {dag.py:3722} INFO - Setting next_dagrun for chethan_test_dag to 2025-03-22T00:00:00+00:00, run_after=2025-03-23T00:00:00+00:00
[2025-03-23T16:38:00.850+0000] {processor.py:179} INFO - Processing /opt/airflow/dags/exampledag.py took 0.106 seconds
[2025-03-23T16:38:31.126+0000] {processor.py:157} INFO - Started process (PID=1807) to work on /opt/airflow/dags/exampledag.py
[2025-03-23T16:38:31.128+0000] {processor.py:829} INFO - Processing file /opt/airflow/dags/exampledag.py for tasks to queue
[2025-03-23T16:38:31.130+0000] {logging_mixin.py:154} INFO - [2025-03-23T16:38:31.130+0000] {dagbag.py:536} INFO - Filling up the DagBag from /opt/airflow/dags/exampledag.py
[2025-03-23T16:38:31.164+0000] {processor.py:839} INFO - DAG(s) dict_keys(['chethan_test_dag']) retrieved from /opt/airflow/dags/exampledag.py
[2025-03-23T16:38:31.186+0000] {logging_mixin.py:154} INFO - [2025-03-23T16:38:31.185+0000] {dag.py:2941} INFO - Sync 1 DAGs
[2025-03-23T16:38:31.206+0000] {logging_mixin.py:154} INFO - [2025-03-23T16:38:31.205+0000] {dag.py:3722} INFO - Setting next_dagrun for chethan_test_dag to 2025-03-22T00:00:00+00:00, run_after=2025-03-23T00:00:00+00:00
[2025-03-23T16:38:31.226+0000] {processor.py:179} INFO - Processing /opt/airflow/dags/exampledag.py took 0.105 seconds
[2025-03-23T16:39:01.505+0000] {processor.py:157} INFO - Started process (PID=1810) to work on /opt/airflow/dags/exampledag.py
[2025-03-23T16:39:01.506+0000] {processor.py:829} INFO - Processing file /opt/airflow/dags/exampledag.py for tasks to queue
[2025-03-23T16:39:01.507+0000] {logging_mixin.py:154} INFO - [2025-03-23T16:39:01.507+0000] {dagbag.py:536} INFO - Filling up the DagBag from /opt/airflow/dags/exampledag.py
[2025-03-23T16:39:01.535+0000] {processor.py:839} INFO - DAG(s) dict_keys(['chethan_test_dag']) retrieved from /opt/airflow/dags/exampledag.py
[2025-03-23T16:39:01.558+0000] {logging_mixin.py:154} INFO - [2025-03-23T16:39:01.557+0000] {dag.py:2941} INFO - Sync 1 DAGs
[2025-03-23T16:39:01.577+0000] {logging_mixin.py:154} INFO - [2025-03-23T16:39:01.577+0000] {dag.py:3722} INFO - Setting next_dagrun for chethan_test_dag to 2025-03-22T00:00:00+00:00, run_after=2025-03-23T00:00:00+00:00
[2025-03-23T16:39:01.594+0000] {processor.py:179} INFO - Processing /opt/airflow/dags/exampledag.py took 0.093 seconds
[2025-03-23T16:39:31.891+0000] {processor.py:157} INFO - Started process (PID=1813) to work on /opt/airflow/dags/exampledag.py
[2025-03-23T16:39:31.892+0000] {processor.py:829} INFO - Processing file /opt/airflow/dags/exampledag.py for tasks to queue
[2025-03-23T16:39:31.893+0000] {logging_mixin.py:154} INFO - [2025-03-23T16:39:31.893+0000] {dagbag.py:536} INFO - Filling up the DagBag from /opt/airflow/dags/exampledag.py
[2025-03-23T16:39:31.922+0000] {processor.py:839} INFO - DAG(s) dict_keys(['chethan_test_dag']) retrieved from /opt/airflow/dags/exampledag.py
[2025-03-23T16:39:31.945+0000] {logging_mixin.py:154} INFO - [2025-03-23T16:39:31.945+0000] {dag.py:2941} INFO - Sync 1 DAGs
[2025-03-23T16:39:31.963+0000] {logging_mixin.py:154} INFO - [2025-03-23T16:39:31.963+0000] {dag.py:3722} INFO - Setting next_dagrun for chethan_test_dag to 2025-03-22T00:00:00+00:00, run_after=2025-03-23T00:00:00+00:00
[2025-03-23T16:39:31.983+0000] {processor.py:179} INFO - Processing /opt/airflow/dags/exampledag.py took 0.095 seconds
[2025-03-23T16:40:02.230+0000] {processor.py:157} INFO - Started process (PID=1816) to work on /opt/airflow/dags/exampledag.py
[2025-03-23T16:40:02.231+0000] {processor.py:829} INFO - Processing file /opt/airflow/dags/exampledag.py for tasks to queue
[2025-03-23T16:40:02.232+0000] {logging_mixin.py:154} INFO - [2025-03-23T16:40:02.232+0000] {dagbag.py:536} INFO - Filling up the DagBag from /opt/airflow/dags/exampledag.py
[2025-03-23T16:40:02.264+0000] {processor.py:839} INFO - DAG(s) dict_keys(['chethan_test_dag']) retrieved from /opt/airflow/dags/exampledag.py
[2025-03-23T16:40:02.290+0000] {logging_mixin.py:154} INFO - [2025-03-23T16:40:02.290+0000] {dag.py:2941} INFO - Sync 1 DAGs
[2025-03-23T16:40:02.311+0000] {logging_mixin.py:154} INFO - [2025-03-23T16:40:02.311+0000] {dag.py:3722} INFO - Setting next_dagrun for chethan_test_dag to 2025-03-22T00:00:00+00:00, run_after=2025-03-23T00:00:00+00:00
[2025-03-23T16:40:02.331+0000] {processor.py:179} INFO - Processing /opt/airflow/dags/exampledag.py took 0.103 seconds
[2025-03-23T16:40:32.562+0000] {processor.py:157} INFO - Started process (PID=1819) to work on /opt/airflow/dags/exampledag.py
[2025-03-23T16:40:32.563+0000] {processor.py:829} INFO - Processing file /opt/airflow/dags/exampledag.py for tasks to queue
[2025-03-23T16:40:32.564+0000] {logging_mixin.py:154} INFO - [2025-03-23T16:40:32.564+0000] {dagbag.py:536} INFO - Filling up the DagBag from /opt/airflow/dags/exampledag.py
[2025-03-23T16:40:32.593+0000] {processor.py:839} INFO - DAG(s) dict_keys(['chethan_test_dag']) retrieved from /opt/airflow/dags/exampledag.py
[2025-03-23T16:40:32.623+0000] {logging_mixin.py:154} INFO - [2025-03-23T16:40:32.622+0000] {dag.py:2941} INFO - Sync 1 DAGs
[2025-03-23T16:40:32.650+0000] {logging_mixin.py:154} INFO - [2025-03-23T16:40:32.650+0000] {dag.py:3722} INFO - Setting next_dagrun for chethan_test_dag to 2025-03-22T00:00:00+00:00, run_after=2025-03-23T00:00:00+00:00
[2025-03-23T16:40:32.673+0000] {processor.py:179} INFO - Processing /opt/airflow/dags/exampledag.py took 0.114 seconds
[2025-03-23T16:41:02.963+0000] {processor.py:157} INFO - Started process (PID=1822) to work on /opt/airflow/dags/exampledag.py
[2025-03-23T16:41:02.966+0000] {processor.py:829} INFO - Processing file /opt/airflow/dags/exampledag.py for tasks to queue
[2025-03-23T16:41:02.968+0000] {logging_mixin.py:154} INFO - [2025-03-23T16:41:02.967+0000] {dagbag.py:536} INFO - Filling up the DagBag from /opt/airflow/dags/exampledag.py
[2025-03-23T16:41:02.996+0000] {processor.py:839} INFO - DAG(s) dict_keys(['chethan_test_dag']) retrieved from /opt/airflow/dags/exampledag.py
[2025-03-23T16:41:03.027+0000] {logging_mixin.py:154} INFO - [2025-03-23T16:41:03.027+0000] {dag.py:2941} INFO - Sync 1 DAGs
[2025-03-23T16:41:03.065+0000] {logging_mixin.py:154} INFO - [2025-03-23T16:41:03.065+0000] {dag.py:3722} INFO - Setting next_dagrun for chethan_test_dag to 2025-03-22T00:00:00+00:00, run_after=2025-03-23T00:00:00+00:00
[2025-03-23T16:41:03.093+0000] {processor.py:179} INFO - Processing /opt/airflow/dags/exampledag.py took 0.138 seconds
[2025-03-23T16:41:33.408+0000] {processor.py:157} INFO - Started process (PID=1825) to work on /opt/airflow/dags/exampledag.py
[2025-03-23T16:41:33.409+0000] {processor.py:829} INFO - Processing file /opt/airflow/dags/exampledag.py for tasks to queue
[2025-03-23T16:41:33.411+0000] {logging_mixin.py:154} INFO - [2025-03-23T16:41:33.410+0000] {dagbag.py:536} INFO - Filling up the DagBag from /opt/airflow/dags/exampledag.py
[2025-03-23T16:41:33.440+0000] {processor.py:839} INFO - DAG(s) dict_keys(['chethan_test_dag']) retrieved from /opt/airflow/dags/exampledag.py
[2025-03-23T16:41:33.460+0000] {logging_mixin.py:154} INFO - [2025-03-23T16:41:33.459+0000] {dag.py:2941} INFO - Sync 1 DAGs
[2025-03-23T16:41:33.478+0000] {logging_mixin.py:154} INFO - [2025-03-23T16:41:33.478+0000] {dag.py:3722} INFO - Setting next_dagrun for chethan_test_dag to 2025-03-22T00:00:00+00:00, run_after=2025-03-23T00:00:00+00:00
[2025-03-23T16:41:33.492+0000] {processor.py:179} INFO - Processing /opt/airflow/dags/exampledag.py took 0.089 seconds
[2025-03-23T16:42:03.741+0000] {processor.py:157} INFO - Started process (PID=1828) to work on /opt/airflow/dags/exampledag.py
[2025-03-23T16:42:03.742+0000] {processor.py:829} INFO - Processing file /opt/airflow/dags/exampledag.py for tasks to queue
[2025-03-23T16:42:03.743+0000] {logging_mixin.py:154} INFO - [2025-03-23T16:42:03.743+0000] {dagbag.py:536} INFO - Filling up the DagBag from /opt/airflow/dags/exampledag.py
[2025-03-23T16:42:03.766+0000] {processor.py:839} INFO - DAG(s) dict_keys(['chethan_test_dag']) retrieved from /opt/airflow/dags/exampledag.py
[2025-03-23T16:42:03.785+0000] {logging_mixin.py:154} INFO - [2025-03-23T16:42:03.785+0000] {dag.py:2941} INFO - Sync 1 DAGs
[2025-03-23T16:42:03.805+0000] {logging_mixin.py:154} INFO - [2025-03-23T16:42:03.805+0000] {dag.py:3722} INFO - Setting next_dagrun for chethan_test_dag to 2025-03-22T00:00:00+00:00, run_after=2025-03-23T00:00:00+00:00
[2025-03-23T16:42:03.828+0000] {processor.py:179} INFO - Processing /opt/airflow/dags/exampledag.py took 0.091 seconds
[2025-03-23T16:42:34.071+0000] {processor.py:157} INFO - Started process (PID=1831) to work on /opt/airflow/dags/exampledag.py
[2025-03-23T16:42:34.073+0000] {processor.py:829} INFO - Processing file /opt/airflow/dags/exampledag.py for tasks to queue
[2025-03-23T16:42:34.074+0000] {logging_mixin.py:154} INFO - [2025-03-23T16:42:34.074+0000] {dagbag.py:536} INFO - Filling up the DagBag from /opt/airflow/dags/exampledag.py
[2025-03-23T16:42:34.100+0000] {processor.py:839} INFO - DAG(s) dict_keys(['chethan_test_dag']) retrieved from /opt/airflow/dags/exampledag.py
[2025-03-23T16:42:34.124+0000] {logging_mixin.py:154} INFO - [2025-03-23T16:42:34.124+0000] {dag.py:2941} INFO - Sync 1 DAGs
[2025-03-23T16:42:34.144+0000] {logging_mixin.py:154} INFO - [2025-03-23T16:42:34.143+0000] {dag.py:3722} INFO - Setting next_dagrun for chethan_test_dag to 2025-03-22T00:00:00+00:00, run_after=2025-03-23T00:00:00+00:00
[2025-03-23T16:42:34.162+0000] {processor.py:179} INFO - Processing /opt/airflow/dags/exampledag.py took 0.096 seconds
[2025-03-23T16:43:04.412+0000] {processor.py:157} INFO - Started process (PID=1834) to work on /opt/airflow/dags/exampledag.py
[2025-03-23T16:43:04.413+0000] {processor.py:829} INFO - Processing file /opt/airflow/dags/exampledag.py for tasks to queue
[2025-03-23T16:43:04.414+0000] {logging_mixin.py:154} INFO - [2025-03-23T16:43:04.414+0000] {dagbag.py:536} INFO - Filling up the DagBag from /opt/airflow/dags/exampledag.py
[2025-03-23T16:43:04.442+0000] {processor.py:839} INFO - DAG(s) dict_keys(['chethan_test_dag']) retrieved from /opt/airflow/dags/exampledag.py
[2025-03-23T16:43:04.473+0000] {logging_mixin.py:154} INFO - [2025-03-23T16:43:04.473+0000] {dag.py:2941} INFO - Sync 1 DAGs
[2025-03-23T16:43:04.492+0000] {logging_mixin.py:154} INFO - [2025-03-23T16:43:04.492+0000] {dag.py:3722} INFO - Setting next_dagrun for chethan_test_dag to 2025-03-22T00:00:00+00:00, run_after=2025-03-23T00:00:00+00:00
[2025-03-23T16:43:04.510+0000] {processor.py:179} INFO - Processing /opt/airflow/dags/exampledag.py took 0.101 seconds
[2025-03-23T16:43:34.749+0000] {processor.py:157} INFO - Started process (PID=1837) to work on /opt/airflow/dags/exampledag.py
[2025-03-23T16:43:34.751+0000] {processor.py:829} INFO - Processing file /opt/airflow/dags/exampledag.py for tasks to queue
[2025-03-23T16:43:34.752+0000] {logging_mixin.py:154} INFO - [2025-03-23T16:43:34.751+0000] {dagbag.py:536} INFO - Filling up the DagBag from /opt/airflow/dags/exampledag.py
[2025-03-23T16:43:34.777+0000] {processor.py:839} INFO - DAG(s) dict_keys(['chethan_test_dag']) retrieved from /opt/airflow/dags/exampledag.py
[2025-03-23T16:43:34.799+0000] {logging_mixin.py:154} INFO - [2025-03-23T16:43:34.799+0000] {dag.py:2941} INFO - Sync 1 DAGs
[2025-03-23T16:43:34.823+0000] {logging_mixin.py:154} INFO - [2025-03-23T16:43:34.822+0000] {dag.py:3722} INFO - Setting next_dagrun for chethan_test_dag to 2025-03-22T00:00:00+00:00, run_after=2025-03-23T00:00:00+00:00
[2025-03-23T16:43:34.842+0000] {processor.py:179} INFO - Processing /opt/airflow/dags/exampledag.py took 0.096 seconds
[2025-03-23T16:44:05.147+0000] {processor.py:157} INFO - Started process (PID=1840) to work on /opt/airflow/dags/exampledag.py
[2025-03-23T16:44:05.149+0000] {processor.py:829} INFO - Processing file /opt/airflow/dags/exampledag.py for tasks to queue
[2025-03-23T16:44:05.151+0000] {logging_mixin.py:154} INFO - [2025-03-23T16:44:05.151+0000] {dagbag.py:536} INFO - Filling up the DagBag from /opt/airflow/dags/exampledag.py
[2025-03-23T16:44:05.191+0000] {processor.py:839} INFO - DAG(s) dict_keys(['chethan_test_dag']) retrieved from /opt/airflow/dags/exampledag.py
[2025-03-23T16:44:05.214+0000] {logging_mixin.py:154} INFO - [2025-03-23T16:44:05.214+0000] {dag.py:2941} INFO - Sync 1 DAGs
[2025-03-23T16:44:05.233+0000] {logging_mixin.py:154} INFO - [2025-03-23T16:44:05.233+0000] {dag.py:3722} INFO - Setting next_dagrun for chethan_test_dag to 2025-03-22T00:00:00+00:00, run_after=2025-03-23T00:00:00+00:00
[2025-03-23T16:44:05.251+0000] {processor.py:179} INFO - Processing /opt/airflow/dags/exampledag.py took 0.112 seconds
[2025-03-23T16:44:35.494+0000] {processor.py:157} INFO - Started process (PID=1843) to work on /opt/airflow/dags/exampledag.py
[2025-03-23T16:44:35.495+0000] {processor.py:829} INFO - Processing file /opt/airflow/dags/exampledag.py for tasks to queue
[2025-03-23T16:44:35.496+0000] {logging_mixin.py:154} INFO - [2025-03-23T16:44:35.496+0000] {dagbag.py:536} INFO - Filling up the DagBag from /opt/airflow/dags/exampledag.py
[2025-03-23T16:44:35.518+0000] {processor.py:839} INFO - DAG(s) dict_keys(['chethan_test_dag']) retrieved from /opt/airflow/dags/exampledag.py
[2025-03-23T16:44:35.538+0000] {logging_mixin.py:154} INFO - [2025-03-23T16:44:35.538+0000] {dag.py:2941} INFO - Sync 1 DAGs
[2025-03-23T16:44:35.555+0000] {logging_mixin.py:154} INFO - [2025-03-23T16:44:35.555+0000] {dag.py:3722} INFO - Setting next_dagrun for chethan_test_dag to 2025-03-22T00:00:00+00:00, run_after=2025-03-23T00:00:00+00:00
[2025-03-23T16:44:35.575+0000] {processor.py:179} INFO - Processing /opt/airflow/dags/exampledag.py took 0.084 seconds
[2025-03-23T16:45:05.844+0000] {processor.py:157} INFO - Started process (PID=1846) to work on /opt/airflow/dags/exampledag.py
[2025-03-23T16:45:05.845+0000] {processor.py:829} INFO - Processing file /opt/airflow/dags/exampledag.py for tasks to queue
[2025-03-23T16:45:05.847+0000] {logging_mixin.py:154} INFO - [2025-03-23T16:45:05.847+0000] {dagbag.py:536} INFO - Filling up the DagBag from /opt/airflow/dags/exampledag.py
[2025-03-23T16:45:05.883+0000] {processor.py:839} INFO - DAG(s) dict_keys(['chethan_test_dag']) retrieved from /opt/airflow/dags/exampledag.py
[2025-03-23T16:45:05.903+0000] {logging_mixin.py:154} INFO - [2025-03-23T16:45:05.903+0000] {dag.py:2941} INFO - Sync 1 DAGs
[2025-03-23T16:45:05.919+0000] {logging_mixin.py:154} INFO - [2025-03-23T16:45:05.919+0000] {dag.py:3722} INFO - Setting next_dagrun for chethan_test_dag to 2025-03-22T00:00:00+00:00, run_after=2025-03-23T00:00:00+00:00
[2025-03-23T16:45:05.940+0000] {processor.py:179} INFO - Processing /opt/airflow/dags/exampledag.py took 0.101 seconds
[2025-03-23T16:45:36.167+0000] {processor.py:157} INFO - Started process (PID=1849) to work on /opt/airflow/dags/exampledag.py
[2025-03-23T16:45:36.168+0000] {processor.py:829} INFO - Processing file /opt/airflow/dags/exampledag.py for tasks to queue
[2025-03-23T16:45:36.169+0000] {logging_mixin.py:154} INFO - [2025-03-23T16:45:36.169+0000] {dagbag.py:536} INFO - Filling up the DagBag from /opt/airflow/dags/exampledag.py
[2025-03-23T16:45:36.193+0000] {processor.py:839} INFO - DAG(s) dict_keys(['chethan_test_dag']) retrieved from /opt/airflow/dags/exampledag.py
[2025-03-23T16:45:36.216+0000] {logging_mixin.py:154} INFO - [2025-03-23T16:45:36.216+0000] {dag.py:2941} INFO - Sync 1 DAGs
[2025-03-23T16:45:36.235+0000] {logging_mixin.py:154} INFO - [2025-03-23T16:45:36.235+0000] {dag.py:3722} INFO - Setting next_dagrun for chethan_test_dag to 2025-03-22T00:00:00+00:00, run_after=2025-03-23T00:00:00+00:00
[2025-03-23T16:45:36.253+0000] {processor.py:179} INFO - Processing /opt/airflow/dags/exampledag.py took 0.088 seconds
[2025-03-23T16:46:06.489+0000] {processor.py:157} INFO - Started process (PID=1852) to work on /opt/airflow/dags/exampledag.py
[2025-03-23T16:46:06.490+0000] {processor.py:829} INFO - Processing file /opt/airflow/dags/exampledag.py for tasks to queue
[2025-03-23T16:46:06.491+0000] {logging_mixin.py:154} INFO - [2025-03-23T16:46:06.491+0000] {dagbag.py:536} INFO - Filling up the DagBag from /opt/airflow/dags/exampledag.py
[2025-03-23T16:46:06.517+0000] {processor.py:839} INFO - DAG(s) dict_keys(['chethan_test_dag']) retrieved from /opt/airflow/dags/exampledag.py
[2025-03-23T16:46:06.544+0000] {logging_mixin.py:154} INFO - [2025-03-23T16:46:06.544+0000] {dag.py:2941} INFO - Sync 1 DAGs
[2025-03-23T16:46:06.566+0000] {logging_mixin.py:154} INFO - [2025-03-23T16:46:06.565+0000] {dag.py:3722} INFO - Setting next_dagrun for chethan_test_dag to 2025-03-22T00:00:00+00:00, run_after=2025-03-23T00:00:00+00:00
[2025-03-23T16:46:06.584+0000] {processor.py:179} INFO - Processing /opt/airflow/dags/exampledag.py took 0.098 seconds
[2025-03-23T16:46:36.878+0000] {processor.py:157} INFO - Started process (PID=1855) to work on /opt/airflow/dags/exampledag.py
[2025-03-23T16:46:36.879+0000] {processor.py:829} INFO - Processing file /opt/airflow/dags/exampledag.py for tasks to queue
[2025-03-23T16:46:36.880+0000] {logging_mixin.py:154} INFO - [2025-03-23T16:46:36.880+0000] {dagbag.py:536} INFO - Filling up the DagBag from /opt/airflow/dags/exampledag.py
[2025-03-23T16:46:36.907+0000] {processor.py:839} INFO - DAG(s) dict_keys(['chethan_test_dag']) retrieved from /opt/airflow/dags/exampledag.py
[2025-03-23T16:46:36.928+0000] {logging_mixin.py:154} INFO - [2025-03-23T16:46:36.927+0000] {dag.py:2941} INFO - Sync 1 DAGs
[2025-03-23T16:46:36.947+0000] {logging_mixin.py:154} INFO - [2025-03-23T16:46:36.947+0000] {dag.py:3722} INFO - Setting next_dagrun for chethan_test_dag to 2025-03-22T00:00:00+00:00, run_after=2025-03-23T00:00:00+00:00
[2025-03-23T16:46:36.967+0000] {processor.py:179} INFO - Processing /opt/airflow/dags/exampledag.py took 0.092 seconds
[2025-03-23T16:47:07.200+0000] {processor.py:157} INFO - Started process (PID=1857) to work on /opt/airflow/dags/exampledag.py
[2025-03-23T16:47:07.203+0000] {processor.py:829} INFO - Processing file /opt/airflow/dags/exampledag.py for tasks to queue
[2025-03-23T16:47:07.205+0000] {logging_mixin.py:154} INFO - [2025-03-23T16:47:07.205+0000] {dagbag.py:536} INFO - Filling up the DagBag from /opt/airflow/dags/exampledag.py
[2025-03-23T16:47:07.230+0000] {processor.py:839} INFO - DAG(s) dict_keys(['chethan_test_dag']) retrieved from /opt/airflow/dags/exampledag.py
[2025-03-23T16:47:07.256+0000] {logging_mixin.py:154} INFO - [2025-03-23T16:47:07.256+0000] {dag.py:2941} INFO - Sync 1 DAGs
[2025-03-23T16:47:07.280+0000] {logging_mixin.py:154} INFO - [2025-03-23T16:47:07.280+0000] {dag.py:3722} INFO - Setting next_dagrun for chethan_test_dag to 2025-03-22T00:00:00+00:00, run_after=2025-03-23T00:00:00+00:00
[2025-03-23T16:47:07.301+0000] {processor.py:179} INFO - Processing /opt/airflow/dags/exampledag.py took 0.107 seconds
[2025-03-23T16:47:37.554+0000] {processor.py:157} INFO - Started process (PID=1859) to work on /opt/airflow/dags/exampledag.py
[2025-03-23T16:47:37.555+0000] {processor.py:829} INFO - Processing file /opt/airflow/dags/exampledag.py for tasks to queue
[2025-03-23T16:47:37.556+0000] {logging_mixin.py:154} INFO - [2025-03-23T16:47:37.555+0000] {dagbag.py:536} INFO - Filling up the DagBag from /opt/airflow/dags/exampledag.py
[2025-03-23T16:47:37.580+0000] {processor.py:839} INFO - DAG(s) dict_keys(['chethan_test_dag']) retrieved from /opt/airflow/dags/exampledag.py
[2025-03-23T16:47:37.610+0000] {logging_mixin.py:154} INFO - [2025-03-23T16:47:37.610+0000] {dag.py:2941} INFO - Sync 1 DAGs
[2025-03-23T16:47:37.631+0000] {logging_mixin.py:154} INFO - [2025-03-23T16:47:37.631+0000] {dag.py:3722} INFO - Setting next_dagrun for chethan_test_dag to 2025-03-22T00:00:00+00:00, run_after=2025-03-23T00:00:00+00:00
[2025-03-23T16:47:37.648+0000] {processor.py:179} INFO - Processing /opt/airflow/dags/exampledag.py took 0.098 seconds
[2025-03-23T16:48:07.916+0000] {processor.py:157} INFO - Started process (PID=1862) to work on /opt/airflow/dags/exampledag.py
[2025-03-23T16:48:07.917+0000] {processor.py:829} INFO - Processing file /opt/airflow/dags/exampledag.py for tasks to queue
[2025-03-23T16:48:07.918+0000] {logging_mixin.py:154} INFO - [2025-03-23T16:48:07.918+0000] {dagbag.py:536} INFO - Filling up the DagBag from /opt/airflow/dags/exampledag.py
[2025-03-23T16:48:07.941+0000] {processor.py:839} INFO - DAG(s) dict_keys(['chethan_test_dag']) retrieved from /opt/airflow/dags/exampledag.py
[2025-03-23T16:48:07.968+0000] {logging_mixin.py:154} INFO - [2025-03-23T16:48:07.968+0000] {dag.py:2941} INFO - Sync 1 DAGs
[2025-03-23T16:48:07.990+0000] {logging_mixin.py:154} INFO - [2025-03-23T16:48:07.990+0000] {dag.py:3722} INFO - Setting next_dagrun for chethan_test_dag to 2025-03-22T00:00:00+00:00, run_after=2025-03-23T00:00:00+00:00
[2025-03-23T16:48:08.009+0000] {processor.py:179} INFO - Processing /opt/airflow/dags/exampledag.py took 0.096 seconds
[2025-03-23T16:48:38.287+0000] {processor.py:157} INFO - Started process (PID=1865) to work on /opt/airflow/dags/exampledag.py
[2025-03-23T16:48:38.289+0000] {processor.py:829} INFO - Processing file /opt/airflow/dags/exampledag.py for tasks to queue
[2025-03-23T16:48:38.291+0000] {logging_mixin.py:154} INFO - [2025-03-23T16:48:38.290+0000] {dagbag.py:536} INFO - Filling up the DagBag from /opt/airflow/dags/exampledag.py
[2025-03-23T16:48:38.319+0000] {processor.py:839} INFO - DAG(s) dict_keys(['chethan_test_dag']) retrieved from /opt/airflow/dags/exampledag.py
[2025-03-23T16:48:38.361+0000] {logging_mixin.py:154} INFO - [2025-03-23T16:48:38.361+0000] {dag.py:2941} INFO - Sync 1 DAGs
[2025-03-23T16:48:38.398+0000] {logging_mixin.py:154} INFO - [2025-03-23T16:48:38.398+0000] {dag.py:3722} INFO - Setting next_dagrun for chethan_test_dag to 2025-03-22T00:00:00+00:00, run_after=2025-03-23T00:00:00+00:00
[2025-03-23T16:48:38.442+0000] {processor.py:179} INFO - Processing /opt/airflow/dags/exampledag.py took 0.160 seconds
[2025-03-23T16:49:08.749+0000] {processor.py:157} INFO - Started process (PID=1868) to work on /opt/airflow/dags/exampledag.py
[2025-03-23T16:49:08.750+0000] {processor.py:829} INFO - Processing file /opt/airflow/dags/exampledag.py for tasks to queue
[2025-03-23T16:49:08.751+0000] {logging_mixin.py:154} INFO - [2025-03-23T16:49:08.751+0000] {dagbag.py:536} INFO - Filling up the DagBag from /opt/airflow/dags/exampledag.py
[2025-03-23T16:49:08.779+0000] {processor.py:839} INFO - DAG(s) dict_keys(['chethan_test_dag']) retrieved from /opt/airflow/dags/exampledag.py
[2025-03-23T16:49:08.815+0000] {logging_mixin.py:154} INFO - [2025-03-23T16:49:08.815+0000] {dag.py:2941} INFO - Sync 1 DAGs
[2025-03-23T16:49:08.842+0000] {logging_mixin.py:154} INFO - [2025-03-23T16:49:08.841+0000] {dag.py:3722} INFO - Setting next_dagrun for chethan_test_dag to 2025-03-22T00:00:00+00:00, run_after=2025-03-23T00:00:00+00:00
[2025-03-23T16:49:08.866+0000] {processor.py:179} INFO - Processing /opt/airflow/dags/exampledag.py took 0.122 seconds
[2025-03-23T16:49:39.132+0000] {processor.py:157} INFO - Started process (PID=1871) to work on /opt/airflow/dags/exampledag.py
[2025-03-23T16:49:39.133+0000] {processor.py:829} INFO - Processing file /opt/airflow/dags/exampledag.py for tasks to queue
[2025-03-23T16:49:39.135+0000] {logging_mixin.py:154} INFO - [2025-03-23T16:49:39.134+0000] {dagbag.py:536} INFO - Filling up the DagBag from /opt/airflow/dags/exampledag.py
[2025-03-23T16:49:39.167+0000] {processor.py:839} INFO - DAG(s) dict_keys(['chethan_test_dag']) retrieved from /opt/airflow/dags/exampledag.py
[2025-03-23T16:49:39.190+0000] {logging_mixin.py:154} INFO - [2025-03-23T16:49:39.190+0000] {dag.py:2941} INFO - Sync 1 DAGs
[2025-03-23T16:49:39.219+0000] {logging_mixin.py:154} INFO - [2025-03-23T16:49:39.219+0000] {dag.py:3722} INFO - Setting next_dagrun for chethan_test_dag to 2025-03-22T00:00:00+00:00, run_after=2025-03-23T00:00:00+00:00
[2025-03-23T16:49:39.239+0000] {processor.py:179} INFO - Processing /opt/airflow/dags/exampledag.py took 0.111 seconds
[2025-03-23T16:50:09.510+0000] {processor.py:157} INFO - Started process (PID=1874) to work on /opt/airflow/dags/exampledag.py
[2025-03-23T16:50:09.511+0000] {processor.py:829} INFO - Processing file /opt/airflow/dags/exampledag.py for tasks to queue
[2025-03-23T16:50:09.512+0000] {logging_mixin.py:154} INFO - [2025-03-23T16:50:09.512+0000] {dagbag.py:536} INFO - Filling up the DagBag from /opt/airflow/dags/exampledag.py
[2025-03-23T16:50:09.552+0000] {processor.py:839} INFO - DAG(s) dict_keys(['chethan_test_dag']) retrieved from /opt/airflow/dags/exampledag.py
[2025-03-23T16:50:09.607+0000] {logging_mixin.py:154} INFO - [2025-03-23T16:50:09.607+0000] {dag.py:2941} INFO - Sync 1 DAGs
[2025-03-23T16:50:09.638+0000] {logging_mixin.py:154} INFO - [2025-03-23T16:50:09.638+0000] {dag.py:3722} INFO - Setting next_dagrun for chethan_test_dag to 2025-03-22T00:00:00+00:00, run_after=2025-03-23T00:00:00+00:00
[2025-03-23T16:50:09.659+0000] {processor.py:179} INFO - Processing /opt/airflow/dags/exampledag.py took 0.153 seconds
[2025-03-23T16:50:39.916+0000] {processor.py:157} INFO - Started process (PID=1877) to work on /opt/airflow/dags/exampledag.py
[2025-03-23T16:50:39.918+0000] {processor.py:829} INFO - Processing file /opt/airflow/dags/exampledag.py for tasks to queue
[2025-03-23T16:50:39.919+0000] {logging_mixin.py:154} INFO - [2025-03-23T16:50:39.918+0000] {dagbag.py:536} INFO - Filling up the DagBag from /opt/airflow/dags/exampledag.py
[2025-03-23T16:50:39.944+0000] {processor.py:839} INFO - DAG(s) dict_keys(['chethan_test_dag']) retrieved from /opt/airflow/dags/exampledag.py
[2025-03-23T16:50:39.978+0000] {logging_mixin.py:154} INFO - [2025-03-23T16:50:39.978+0000] {dag.py:2941} INFO - Sync 1 DAGs
[2025-03-23T16:50:40.021+0000] {logging_mixin.py:154} INFO - [2025-03-23T16:50:40.021+0000] {dag.py:3722} INFO - Setting next_dagrun for chethan_test_dag to 2025-03-22T00:00:00+00:00, run_after=2025-03-23T00:00:00+00:00
[2025-03-23T16:50:40.051+0000] {processor.py:179} INFO - Processing /opt/airflow/dags/exampledag.py took 0.138 seconds
[2025-03-23T16:51:10.337+0000] {processor.py:157} INFO - Started process (PID=1880) to work on /opt/airflow/dags/exampledag.py
[2025-03-23T16:51:10.338+0000] {processor.py:829} INFO - Processing file /opt/airflow/dags/exampledag.py for tasks to queue
[2025-03-23T16:51:10.340+0000] {logging_mixin.py:154} INFO - [2025-03-23T16:51:10.339+0000] {dagbag.py:536} INFO - Filling up the DagBag from /opt/airflow/dags/exampledag.py
[2025-03-23T16:51:10.367+0000] {processor.py:839} INFO - DAG(s) dict_keys(['chethan_test_dag']) retrieved from /opt/airflow/dags/exampledag.py
[2025-03-23T16:51:10.392+0000] {logging_mixin.py:154} INFO - [2025-03-23T16:51:10.392+0000] {dag.py:2941} INFO - Sync 1 DAGs
[2025-03-23T16:51:10.411+0000] {logging_mixin.py:154} INFO - [2025-03-23T16:51:10.411+0000] {dag.py:3722} INFO - Setting next_dagrun for chethan_test_dag to 2025-03-22T00:00:00+00:00, run_after=2025-03-23T00:00:00+00:00
[2025-03-23T16:51:10.427+0000] {processor.py:179} INFO - Processing /opt/airflow/dags/exampledag.py took 0.093 seconds
[2025-03-23T16:51:40.683+0000] {processor.py:157} INFO - Started process (PID=1883) to work on /opt/airflow/dags/exampledag.py
[2025-03-23T16:51:40.686+0000] {processor.py:829} INFO - Processing file /opt/airflow/dags/exampledag.py for tasks to queue
[2025-03-23T16:51:40.688+0000] {logging_mixin.py:154} INFO - [2025-03-23T16:51:40.687+0000] {dagbag.py:536} INFO - Filling up the DagBag from /opt/airflow/dags/exampledag.py
[2025-03-23T16:51:40.732+0000] {processor.py:839} INFO - DAG(s) dict_keys(['chethan_test_dag']) retrieved from /opt/airflow/dags/exampledag.py
[2025-03-23T16:51:40.768+0000] {logging_mixin.py:154} INFO - [2025-03-23T16:51:40.767+0000] {dag.py:2941} INFO - Sync 1 DAGs
[2025-03-23T16:51:40.786+0000] {logging_mixin.py:154} INFO - [2025-03-23T16:51:40.786+0000] {dag.py:3722} INFO - Setting next_dagrun for chethan_test_dag to 2025-03-22T00:00:00+00:00, run_after=2025-03-23T00:00:00+00:00
[2025-03-23T16:51:40.807+0000] {processor.py:179} INFO - Processing /opt/airflow/dags/exampledag.py took 0.129 seconds
[2025-03-23T16:52:11.089+0000] {processor.py:157} INFO - Started process (PID=1886) to work on /opt/airflow/dags/exampledag.py
[2025-03-23T16:52:11.090+0000] {processor.py:829} INFO - Processing file /opt/airflow/dags/exampledag.py for tasks to queue
[2025-03-23T16:52:11.092+0000] {logging_mixin.py:154} INFO - [2025-03-23T16:52:11.092+0000] {dagbag.py:536} INFO - Filling up the DagBag from /opt/airflow/dags/exampledag.py
[2025-03-23T16:52:11.133+0000] {processor.py:839} INFO - DAG(s) dict_keys(['chethan_test_dag']) retrieved from /opt/airflow/dags/exampledag.py
[2025-03-23T16:52:11.162+0000] {logging_mixin.py:154} INFO - [2025-03-23T16:52:11.162+0000] {dag.py:2941} INFO - Sync 1 DAGs
[2025-03-23T16:52:11.194+0000] {logging_mixin.py:154} INFO - [2025-03-23T16:52:11.194+0000] {dag.py:3722} INFO - Setting next_dagrun for chethan_test_dag to 2025-03-22T00:00:00+00:00, run_after=2025-03-23T00:00:00+00:00
[2025-03-23T16:52:11.235+0000] {processor.py:179} INFO - Processing /opt/airflow/dags/exampledag.py took 0.151 seconds
[2025-03-23T16:52:41.515+0000] {processor.py:157} INFO - Started process (PID=1889) to work on /opt/airflow/dags/exampledag.py
[2025-03-23T16:52:41.517+0000] {processor.py:829} INFO - Processing file /opt/airflow/dags/exampledag.py for tasks to queue
[2025-03-23T16:52:41.519+0000] {logging_mixin.py:154} INFO - [2025-03-23T16:52:41.519+0000] {dagbag.py:536} INFO - Filling up the DagBag from /opt/airflow/dags/exampledag.py
[2025-03-23T16:52:41.552+0000] {processor.py:839} INFO - DAG(s) dict_keys(['chethan_test_dag']) retrieved from /opt/airflow/dags/exampledag.py
[2025-03-23T16:52:41.573+0000] {logging_mixin.py:154} INFO - [2025-03-23T16:52:41.573+0000] {dag.py:2941} INFO - Sync 1 DAGs
[2025-03-23T16:52:41.590+0000] {logging_mixin.py:154} INFO - [2025-03-23T16:52:41.590+0000] {dag.py:3722} INFO - Setting next_dagrun for chethan_test_dag to 2025-03-22T00:00:00+00:00, run_after=2025-03-23T00:00:00+00:00
[2025-03-23T16:52:41.611+0000] {processor.py:179} INFO - Processing /opt/airflow/dags/exampledag.py took 0.103 seconds
[2025-03-23T16:53:11.862+0000] {processor.py:157} INFO - Started process (PID=1892) to work on /opt/airflow/dags/exampledag.py
[2025-03-23T16:53:11.864+0000] {processor.py:829} INFO - Processing file /opt/airflow/dags/exampledag.py for tasks to queue
[2025-03-23T16:53:11.865+0000] {logging_mixin.py:154} INFO - [2025-03-23T16:53:11.865+0000] {dagbag.py:536} INFO - Filling up the DagBag from /opt/airflow/dags/exampledag.py
[2025-03-23T16:53:11.891+0000] {processor.py:839} INFO - DAG(s) dict_keys(['chethan_test_dag']) retrieved from /opt/airflow/dags/exampledag.py
[2025-03-23T16:53:11.917+0000] {logging_mixin.py:154} INFO - [2025-03-23T16:53:11.916+0000] {dag.py:2941} INFO - Sync 1 DAGs
[2025-03-23T16:53:11.938+0000] {logging_mixin.py:154} INFO - [2025-03-23T16:53:11.938+0000] {dag.py:3722} INFO - Setting next_dagrun for chethan_test_dag to 2025-03-22T00:00:00+00:00, run_after=2025-03-23T00:00:00+00:00
[2025-03-23T16:53:11.956+0000] {processor.py:179} INFO - Processing /opt/airflow/dags/exampledag.py took 0.097 seconds
[2025-03-23T16:53:42.214+0000] {processor.py:157} INFO - Started process (PID=1895) to work on /opt/airflow/dags/exampledag.py
[2025-03-23T16:53:42.216+0000] {processor.py:829} INFO - Processing file /opt/airflow/dags/exampledag.py for tasks to queue
[2025-03-23T16:53:42.217+0000] {logging_mixin.py:154} INFO - [2025-03-23T16:53:42.216+0000] {dagbag.py:536} INFO - Filling up the DagBag from /opt/airflow/dags/exampledag.py
[2025-03-23T16:53:42.242+0000] {processor.py:839} INFO - DAG(s) dict_keys(['chethan_test_dag']) retrieved from /opt/airflow/dags/exampledag.py
[2025-03-23T16:53:42.268+0000] {logging_mixin.py:154} INFO - [2025-03-23T16:53:42.267+0000] {dag.py:2941} INFO - Sync 1 DAGs
[2025-03-23T16:53:42.292+0000] {logging_mixin.py:154} INFO - [2025-03-23T16:53:42.292+0000] {dag.py:3722} INFO - Setting next_dagrun for chethan_test_dag to 2025-03-22T00:00:00+00:00, run_after=2025-03-23T00:00:00+00:00
[2025-03-23T16:53:42.313+0000] {processor.py:179} INFO - Processing /opt/airflow/dags/exampledag.py took 0.103 seconds
[2025-03-23T16:54:12.618+0000] {processor.py:157} INFO - Started process (PID=1898) to work on /opt/airflow/dags/exampledag.py
[2025-03-23T16:54:12.620+0000] {processor.py:829} INFO - Processing file /opt/airflow/dags/exampledag.py for tasks to queue
[2025-03-23T16:54:12.622+0000] {logging_mixin.py:154} INFO - [2025-03-23T16:54:12.622+0000] {dagbag.py:536} INFO - Filling up the DagBag from /opt/airflow/dags/exampledag.py
[2025-03-23T16:54:12.654+0000] {processor.py:839} INFO - DAG(s) dict_keys(['chethan_test_dag']) retrieved from /opt/airflow/dags/exampledag.py
[2025-03-23T16:54:12.682+0000] {logging_mixin.py:154} INFO - [2025-03-23T16:54:12.682+0000] {dag.py:2941} INFO - Sync 1 DAGs
[2025-03-23T16:54:12.710+0000] {logging_mixin.py:154} INFO - [2025-03-23T16:54:12.710+0000] {dag.py:3722} INFO - Setting next_dagrun for chethan_test_dag to 2025-03-22T00:00:00+00:00, run_after=2025-03-23T00:00:00+00:00
[2025-03-23T16:54:12.733+0000] {processor.py:179} INFO - Processing /opt/airflow/dags/exampledag.py took 0.120 seconds
[2025-03-23T16:54:43.039+0000] {processor.py:157} INFO - Started process (PID=1901) to work on /opt/airflow/dags/exampledag.py
[2025-03-23T16:54:43.041+0000] {processor.py:829} INFO - Processing file /opt/airflow/dags/exampledag.py for tasks to queue
[2025-03-23T16:54:43.044+0000] {logging_mixin.py:154} INFO - [2025-03-23T16:54:43.043+0000] {dagbag.py:536} INFO - Filling up the DagBag from /opt/airflow/dags/exampledag.py
[2025-03-23T16:54:43.072+0000] {processor.py:839} INFO - DAG(s) dict_keys(['chethan_test_dag']) retrieved from /opt/airflow/dags/exampledag.py
[2025-03-23T16:54:43.098+0000] {logging_mixin.py:154} INFO - [2025-03-23T16:54:43.097+0000] {dag.py:2941} INFO - Sync 1 DAGs
[2025-03-23T16:54:43.122+0000] {logging_mixin.py:154} INFO - [2025-03-23T16:54:43.122+0000] {dag.py:3722} INFO - Setting next_dagrun for chethan_test_dag to 2025-03-22T00:00:00+00:00, run_after=2025-03-23T00:00:00+00:00
[2025-03-23T16:54:43.147+0000] {processor.py:179} INFO - Processing /opt/airflow/dags/exampledag.py took 0.112 seconds
[2025-03-23T16:55:13.404+0000] {processor.py:157} INFO - Started process (PID=1904) to work on /opt/airflow/dags/exampledag.py
[2025-03-23T16:55:13.406+0000] {processor.py:829} INFO - Processing file /opt/airflow/dags/exampledag.py for tasks to queue
[2025-03-23T16:55:13.407+0000] {logging_mixin.py:154} INFO - [2025-03-23T16:55:13.406+0000] {dagbag.py:536} INFO - Filling up the DagBag from /opt/airflow/dags/exampledag.py
[2025-03-23T16:55:13.434+0000] {processor.py:839} INFO - DAG(s) dict_keys(['chethan_test_dag']) retrieved from /opt/airflow/dags/exampledag.py
[2025-03-23T16:55:13.465+0000] {logging_mixin.py:154} INFO - [2025-03-23T16:55:13.465+0000] {dag.py:2941} INFO - Sync 1 DAGs
[2025-03-23T16:55:13.493+0000] {logging_mixin.py:154} INFO - [2025-03-23T16:55:13.493+0000] {dag.py:3722} INFO - Setting next_dagrun for chethan_test_dag to 2025-03-22T00:00:00+00:00, run_after=2025-03-23T00:00:00+00:00
[2025-03-23T16:55:13.514+0000] {processor.py:179} INFO - Processing /opt/airflow/dags/exampledag.py took 0.115 seconds
[2025-03-23T16:55:43.776+0000] {processor.py:157} INFO - Started process (PID=1907) to work on /opt/airflow/dags/exampledag.py
[2025-03-23T16:55:43.777+0000] {processor.py:829} INFO - Processing file /opt/airflow/dags/exampledag.py for tasks to queue
[2025-03-23T16:55:43.779+0000] {logging_mixin.py:154} INFO - [2025-03-23T16:55:43.778+0000] {dagbag.py:536} INFO - Filling up the DagBag from /opt/airflow/dags/exampledag.py
[2025-03-23T16:55:43.808+0000] {processor.py:839} INFO - DAG(s) dict_keys(['chethan_test_dag']) retrieved from /opt/airflow/dags/exampledag.py
[2025-03-23T16:55:43.831+0000] {logging_mixin.py:154} INFO - [2025-03-23T16:55:43.831+0000] {dag.py:2941} INFO - Sync 1 DAGs
[2025-03-23T16:55:43.850+0000] {logging_mixin.py:154} INFO - [2025-03-23T16:55:43.850+0000] {dag.py:3722} INFO - Setting next_dagrun for chethan_test_dag to 2025-03-22T00:00:00+00:00, run_after=2025-03-23T00:00:00+00:00
[2025-03-23T16:55:43.867+0000] {processor.py:179} INFO - Processing /opt/airflow/dags/exampledag.py took 0.094 seconds
[2025-03-23T16:56:14.159+0000] {processor.py:157} INFO - Started process (PID=1910) to work on /opt/airflow/dags/exampledag.py
[2025-03-23T16:56:14.160+0000] {processor.py:829} INFO - Processing file /opt/airflow/dags/exampledag.py for tasks to queue
[2025-03-23T16:56:14.161+0000] {logging_mixin.py:154} INFO - [2025-03-23T16:56:14.161+0000] {dagbag.py:536} INFO - Filling up the DagBag from /opt/airflow/dags/exampledag.py
[2025-03-23T16:56:14.197+0000] {processor.py:839} INFO - DAG(s) dict_keys(['chethan_test_dag']) retrieved from /opt/airflow/dags/exampledag.py
[2025-03-23T16:56:14.230+0000] {logging_mixin.py:154} INFO - [2025-03-23T16:56:14.229+0000] {dag.py:2941} INFO - Sync 1 DAGs
[2025-03-23T16:56:14.253+0000] {logging_mixin.py:154} INFO - [2025-03-23T16:56:14.253+0000] {dag.py:3722} INFO - Setting next_dagrun for chethan_test_dag to 2025-03-22T00:00:00+00:00, run_after=2025-03-23T00:00:00+00:00
[2025-03-23T16:56:14.276+0000] {processor.py:179} INFO - Processing /opt/airflow/dags/exampledag.py took 0.120 seconds
[2025-03-23T16:56:44.566+0000] {processor.py:157} INFO - Started process (PID=1913) to work on /opt/airflow/dags/exampledag.py
[2025-03-23T16:56:44.569+0000] {processor.py:829} INFO - Processing file /opt/airflow/dags/exampledag.py for tasks to queue
[2025-03-23T16:56:44.572+0000] {logging_mixin.py:154} INFO - [2025-03-23T16:56:44.572+0000] {dagbag.py:536} INFO - Filling up the DagBag from /opt/airflow/dags/exampledag.py
[2025-03-23T16:56:44.620+0000] {processor.py:839} INFO - DAG(s) dict_keys(['chethan_test_dag']) retrieved from /opt/airflow/dags/exampledag.py
[2025-03-23T16:56:44.670+0000] {logging_mixin.py:154} INFO - [2025-03-23T16:56:44.669+0000] {dag.py:2941} INFO - Sync 1 DAGs
[2025-03-23T16:56:44.696+0000] {logging_mixin.py:154} INFO - [2025-03-23T16:56:44.696+0000] {dag.py:3722} INFO - Setting next_dagrun for chethan_test_dag to 2025-03-22T00:00:00+00:00, run_after=2025-03-23T00:00:00+00:00
[2025-03-23T16:56:44.729+0000] {processor.py:179} INFO - Processing /opt/airflow/dags/exampledag.py took 0.170 seconds
[2025-03-23T16:57:15.005+0000] {processor.py:157} INFO - Started process (PID=1916) to work on /opt/airflow/dags/exampledag.py
[2025-03-23T16:57:15.006+0000] {processor.py:829} INFO - Processing file /opt/airflow/dags/exampledag.py for tasks to queue
[2025-03-23T16:57:15.007+0000] {logging_mixin.py:154} INFO - [2025-03-23T16:57:15.007+0000] {dagbag.py:536} INFO - Filling up the DagBag from /opt/airflow/dags/exampledag.py
[2025-03-23T16:57:15.031+0000] {processor.py:839} INFO - DAG(s) dict_keys(['chethan_test_dag']) retrieved from /opt/airflow/dags/exampledag.py
[2025-03-23T16:57:15.053+0000] {logging_mixin.py:154} INFO - [2025-03-23T16:57:15.052+0000] {dag.py:2941} INFO - Sync 1 DAGs
[2025-03-23T16:57:15.069+0000] {logging_mixin.py:154} INFO - [2025-03-23T16:57:15.069+0000] {dag.py:3722} INFO - Setting next_dagrun for chethan_test_dag to 2025-03-22T00:00:00+00:00, run_after=2025-03-23T00:00:00+00:00
[2025-03-23T16:57:15.085+0000] {processor.py:179} INFO - Processing /opt/airflow/dags/exampledag.py took 0.083 seconds
[2025-03-23T16:57:45.328+0000] {processor.py:157} INFO - Started process (PID=1919) to work on /opt/airflow/dags/exampledag.py
[2025-03-23T16:57:45.329+0000] {processor.py:829} INFO - Processing file /opt/airflow/dags/exampledag.py for tasks to queue
[2025-03-23T16:57:45.329+0000] {logging_mixin.py:154} INFO - [2025-03-23T16:57:45.329+0000] {dagbag.py:536} INFO - Filling up the DagBag from /opt/airflow/dags/exampledag.py
[2025-03-23T16:57:45.351+0000] {processor.py:839} INFO - DAG(s) dict_keys(['chethan_test_dag']) retrieved from /opt/airflow/dags/exampledag.py
[2025-03-23T16:57:45.377+0000] {logging_mixin.py:154} INFO - [2025-03-23T16:57:45.377+0000] {dag.py:2941} INFO - Sync 1 DAGs
[2025-03-23T16:57:45.399+0000] {logging_mixin.py:154} INFO - [2025-03-23T16:57:45.399+0000] {dag.py:3722} INFO - Setting next_dagrun for chethan_test_dag to 2025-03-22T00:00:00+00:00, run_after=2025-03-23T00:00:00+00:00
[2025-03-23T16:57:45.418+0000] {processor.py:179} INFO - Processing /opt/airflow/dags/exampledag.py took 0.092 seconds
[2025-03-23T16:58:15.650+0000] {processor.py:157} INFO - Started process (PID=1922) to work on /opt/airflow/dags/exampledag.py
[2025-03-23T16:58:15.651+0000] {processor.py:829} INFO - Processing file /opt/airflow/dags/exampledag.py for tasks to queue
[2025-03-23T16:58:15.652+0000] {logging_mixin.py:154} INFO - [2025-03-23T16:58:15.652+0000] {dagbag.py:536} INFO - Filling up the DagBag from /opt/airflow/dags/exampledag.py
[2025-03-23T16:58:15.677+0000] {processor.py:839} INFO - DAG(s) dict_keys(['chethan_test_dag']) retrieved from /opt/airflow/dags/exampledag.py
[2025-03-23T16:58:15.716+0000] {logging_mixin.py:154} INFO - [2025-03-23T16:58:15.716+0000] {dag.py:2941} INFO - Sync 1 DAGs
[2025-03-23T16:58:15.737+0000] {logging_mixin.py:154} INFO - [2025-03-23T16:58:15.737+0000] {dag.py:3722} INFO - Setting next_dagrun for chethan_test_dag to 2025-03-22T00:00:00+00:00, run_after=2025-03-23T00:00:00+00:00
[2025-03-23T16:58:15.754+0000] {processor.py:179} INFO - Processing /opt/airflow/dags/exampledag.py took 0.107 seconds
[2025-03-23T16:58:45.989+0000] {processor.py:157} INFO - Started process (PID=1925) to work on /opt/airflow/dags/exampledag.py
[2025-03-23T16:58:45.990+0000] {processor.py:829} INFO - Processing file /opt/airflow/dags/exampledag.py for tasks to queue
[2025-03-23T16:58:45.991+0000] {logging_mixin.py:154} INFO - [2025-03-23T16:58:45.991+0000] {dagbag.py:536} INFO - Filling up the DagBag from /opt/airflow/dags/exampledag.py
[2025-03-23T16:58:46.013+0000] {processor.py:839} INFO - DAG(s) dict_keys(['chethan_test_dag']) retrieved from /opt/airflow/dags/exampledag.py
[2025-03-23T16:58:46.038+0000] {logging_mixin.py:154} INFO - [2025-03-23T16:58:46.038+0000] {dag.py:2941} INFO - Sync 1 DAGs
[2025-03-23T16:58:46.056+0000] {logging_mixin.py:154} INFO - [2025-03-23T16:58:46.056+0000] {dag.py:3722} INFO - Setting next_dagrun for chethan_test_dag to 2025-03-22T00:00:00+00:00, run_after=2025-03-23T00:00:00+00:00
[2025-03-23T16:58:46.075+0000] {processor.py:179} INFO - Processing /opt/airflow/dags/exampledag.py took 0.091 seconds
[2025-03-23T16:59:16.298+0000] {processor.py:157} INFO - Started process (PID=1928) to work on /opt/airflow/dags/exampledag.py
[2025-03-23T16:59:16.299+0000] {processor.py:829} INFO - Processing file /opt/airflow/dags/exampledag.py for tasks to queue
[2025-03-23T16:59:16.300+0000] {logging_mixin.py:154} INFO - [2025-03-23T16:59:16.300+0000] {dagbag.py:536} INFO - Filling up the DagBag from /opt/airflow/dags/exampledag.py
[2025-03-23T16:59:16.324+0000] {processor.py:839} INFO - DAG(s) dict_keys(['chethan_test_dag']) retrieved from /opt/airflow/dags/exampledag.py
[2025-03-23T16:59:16.343+0000] {logging_mixin.py:154} INFO - [2025-03-23T16:59:16.343+0000] {dag.py:2941} INFO - Sync 1 DAGs
[2025-03-23T16:59:16.361+0000] {logging_mixin.py:154} INFO - [2025-03-23T16:59:16.361+0000] {dag.py:3722} INFO - Setting next_dagrun for chethan_test_dag to 2025-03-22T00:00:00+00:00, run_after=2025-03-23T00:00:00+00:00
[2025-03-23T16:59:16.380+0000] {processor.py:179} INFO - Processing /opt/airflow/dags/exampledag.py took 0.084 seconds
[2025-03-23T16:59:46.603+0000] {processor.py:157} INFO - Started process (PID=1931) to work on /opt/airflow/dags/exampledag.py
[2025-03-23T16:59:46.604+0000] {processor.py:829} INFO - Processing file /opt/airflow/dags/exampledag.py for tasks to queue
[2025-03-23T16:59:46.605+0000] {logging_mixin.py:154} INFO - [2025-03-23T16:59:46.605+0000] {dagbag.py:536} INFO - Filling up the DagBag from /opt/airflow/dags/exampledag.py
[2025-03-23T16:59:46.626+0000] {processor.py:839} INFO - DAG(s) dict_keys(['chethan_test_dag']) retrieved from /opt/airflow/dags/exampledag.py
[2025-03-23T16:59:46.644+0000] {logging_mixin.py:154} INFO - [2025-03-23T16:59:46.644+0000] {dag.py:2941} INFO - Sync 1 DAGs
[2025-03-23T16:59:46.662+0000] {logging_mixin.py:154} INFO - [2025-03-23T16:59:46.662+0000] {dag.py:3722} INFO - Setting next_dagrun for chethan_test_dag to 2025-03-22T00:00:00+00:00, run_after=2025-03-23T00:00:00+00:00
[2025-03-23T16:59:46.684+0000] {processor.py:179} INFO - Processing /opt/airflow/dags/exampledag.py took 0.084 seconds
[2025-03-23T17:00:16.930+0000] {processor.py:157} INFO - Started process (PID=1934) to work on /opt/airflow/dags/exampledag.py
[2025-03-23T17:00:16.932+0000] {processor.py:829} INFO - Processing file /opt/airflow/dags/exampledag.py for tasks to queue
[2025-03-23T17:00:16.933+0000] {logging_mixin.py:154} INFO - [2025-03-23T17:00:16.933+0000] {dagbag.py:536} INFO - Filling up the DagBag from /opt/airflow/dags/exampledag.py
[2025-03-23T17:00:16.961+0000] {processor.py:839} INFO - DAG(s) dict_keys(['chethan_test_dag']) retrieved from /opt/airflow/dags/exampledag.py
[2025-03-23T17:00:16.988+0000] {logging_mixin.py:154} INFO - [2025-03-23T17:00:16.987+0000] {dag.py:2941} INFO - Sync 1 DAGs
[2025-03-23T17:00:17.007+0000] {logging_mixin.py:154} INFO - [2025-03-23T17:00:17.007+0000] {dag.py:3722} INFO - Setting next_dagrun for chethan_test_dag to 2025-03-22T00:00:00+00:00, run_after=2025-03-23T00:00:00+00:00
[2025-03-23T17:00:17.035+0000] {processor.py:179} INFO - Processing /opt/airflow/dags/exampledag.py took 0.108 seconds
[2025-03-23T17:00:47.284+0000] {processor.py:157} INFO - Started process (PID=1937) to work on /opt/airflow/dags/exampledag.py
[2025-03-23T17:00:47.285+0000] {processor.py:829} INFO - Processing file /opt/airflow/dags/exampledag.py for tasks to queue
[2025-03-23T17:00:47.287+0000] {logging_mixin.py:154} INFO - [2025-03-23T17:00:47.286+0000] {dagbag.py:536} INFO - Filling up the DagBag from /opt/airflow/dags/exampledag.py
[2025-03-23T17:00:47.313+0000] {processor.py:839} INFO - DAG(s) dict_keys(['chethan_test_dag']) retrieved from /opt/airflow/dags/exampledag.py
[2025-03-23T17:00:47.337+0000] {logging_mixin.py:154} INFO - [2025-03-23T17:00:47.337+0000] {dag.py:2941} INFO - Sync 1 DAGs
[2025-03-23T17:00:47.355+0000] {logging_mixin.py:154} INFO - [2025-03-23T17:00:47.355+0000] {dag.py:3722} INFO - Setting next_dagrun for chethan_test_dag to 2025-03-22T00:00:00+00:00, run_after=2025-03-23T00:00:00+00:00
[2025-03-23T17:00:47.372+0000] {processor.py:179} INFO - Processing /opt/airflow/dags/exampledag.py took 0.090 seconds
[2025-03-23T17:01:17.609+0000] {processor.py:157} INFO - Started process (PID=1940) to work on /opt/airflow/dags/exampledag.py
[2025-03-23T17:01:17.611+0000] {processor.py:829} INFO - Processing file /opt/airflow/dags/exampledag.py for tasks to queue
[2025-03-23T17:01:17.612+0000] {logging_mixin.py:154} INFO - [2025-03-23T17:01:17.612+0000] {dagbag.py:536} INFO - Filling up the DagBag from /opt/airflow/dags/exampledag.py
[2025-03-23T17:01:17.635+0000] {processor.py:839} INFO - DAG(s) dict_keys(['chethan_test_dag']) retrieved from /opt/airflow/dags/exampledag.py
[2025-03-23T17:01:17.663+0000] {logging_mixin.py:154} INFO - [2025-03-23T17:01:17.663+0000] {dag.py:2941} INFO - Sync 1 DAGs
[2025-03-23T17:01:17.686+0000] {logging_mixin.py:154} INFO - [2025-03-23T17:01:17.685+0000] {dag.py:3722} INFO - Setting next_dagrun for chethan_test_dag to 2025-03-22T00:00:00+00:00, run_after=2025-03-23T00:00:00+00:00
[2025-03-23T17:01:17.708+0000] {processor.py:179} INFO - Processing /opt/airflow/dags/exampledag.py took 0.101 seconds
[2025-03-23T17:01:47.964+0000] {processor.py:157} INFO - Started process (PID=1943) to work on /opt/airflow/dags/exampledag.py
[2025-03-23T17:01:47.966+0000] {processor.py:829} INFO - Processing file /opt/airflow/dags/exampledag.py for tasks to queue
[2025-03-23T17:01:47.967+0000] {logging_mixin.py:154} INFO - [2025-03-23T17:01:47.967+0000] {dagbag.py:536} INFO - Filling up the DagBag from /opt/airflow/dags/exampledag.py
[2025-03-23T17:01:48.001+0000] {processor.py:839} INFO - DAG(s) dict_keys(['chethan_test_dag']) retrieved from /opt/airflow/dags/exampledag.py
[2025-03-23T17:01:48.031+0000] {logging_mixin.py:154} INFO - [2025-03-23T17:01:48.031+0000] {dag.py:2941} INFO - Sync 1 DAGs
[2025-03-23T17:01:48.052+0000] {logging_mixin.py:154} INFO - [2025-03-23T17:01:48.052+0000] {dag.py:3722} INFO - Setting next_dagrun for chethan_test_dag to 2025-03-22T00:00:00+00:00, run_after=2025-03-23T00:00:00+00:00
[2025-03-23T17:01:48.071+0000] {processor.py:179} INFO - Processing /opt/airflow/dags/exampledag.py took 0.111 seconds
[2025-03-23T17:02:18.355+0000] {processor.py:157} INFO - Started process (PID=1946) to work on /opt/airflow/dags/exampledag.py
[2025-03-23T17:02:18.356+0000] {processor.py:829} INFO - Processing file /opt/airflow/dags/exampledag.py for tasks to queue
[2025-03-23T17:02:18.357+0000] {logging_mixin.py:154} INFO - [2025-03-23T17:02:18.357+0000] {dagbag.py:536} INFO - Filling up the DagBag from /opt/airflow/dags/exampledag.py
[2025-03-23T17:02:18.384+0000] {processor.py:839} INFO - DAG(s) dict_keys(['chethan_test_dag']) retrieved from /opt/airflow/dags/exampledag.py
[2025-03-23T17:02:18.407+0000] {logging_mixin.py:154} INFO - [2025-03-23T17:02:18.407+0000] {dag.py:2941} INFO - Sync 1 DAGs
[2025-03-23T17:02:18.426+0000] {logging_mixin.py:154} INFO - [2025-03-23T17:02:18.426+0000] {dag.py:3722} INFO - Setting next_dagrun for chethan_test_dag to 2025-03-22T00:00:00+00:00, run_after=2025-03-23T00:00:00+00:00
[2025-03-23T17:02:18.442+0000] {processor.py:179} INFO - Processing /opt/airflow/dags/exampledag.py took 0.089 seconds
[2025-03-23T17:02:48.719+0000] {processor.py:157} INFO - Started process (PID=1949) to work on /opt/airflow/dags/exampledag.py
[2025-03-23T17:02:48.721+0000] {processor.py:829} INFO - Processing file /opt/airflow/dags/exampledag.py for tasks to queue
[2025-03-23T17:02:48.722+0000] {logging_mixin.py:154} INFO - [2025-03-23T17:02:48.722+0000] {dagbag.py:536} INFO - Filling up the DagBag from /opt/airflow/dags/exampledag.py
[2025-03-23T17:02:48.748+0000] {processor.py:839} INFO - DAG(s) dict_keys(['chethan_test_dag']) retrieved from /opt/airflow/dags/exampledag.py
[2025-03-23T17:02:48.770+0000] {logging_mixin.py:154} INFO - [2025-03-23T17:02:48.770+0000] {dag.py:2941} INFO - Sync 1 DAGs
[2025-03-23T17:02:48.790+0000] {logging_mixin.py:154} INFO - [2025-03-23T17:02:48.790+0000] {dag.py:3722} INFO - Setting next_dagrun for chethan_test_dag to 2025-03-22T00:00:00+00:00, run_after=2025-03-23T00:00:00+00:00
[2025-03-23T17:02:48.809+0000] {processor.py:179} INFO - Processing /opt/airflow/dags/exampledag.py took 0.094 seconds
[2025-03-23T17:03:19.054+0000] {processor.py:157} INFO - Started process (PID=1952) to work on /opt/airflow/dags/exampledag.py
[2025-03-23T17:03:19.055+0000] {processor.py:829} INFO - Processing file /opt/airflow/dags/exampledag.py for tasks to queue
[2025-03-23T17:03:19.056+0000] {logging_mixin.py:154} INFO - [2025-03-23T17:03:19.056+0000] {dagbag.py:536} INFO - Filling up the DagBag from /opt/airflow/dags/exampledag.py
[2025-03-23T17:03:19.082+0000] {processor.py:839} INFO - DAG(s) dict_keys(['chethan_test_dag']) retrieved from /opt/airflow/dags/exampledag.py
[2025-03-23T17:03:19.114+0000] {logging_mixin.py:154} INFO - [2025-03-23T17:03:19.114+0000] {dag.py:2941} INFO - Sync 1 DAGs
[2025-03-23T17:03:19.136+0000] {logging_mixin.py:154} INFO - [2025-03-23T17:03:19.136+0000] {dag.py:3722} INFO - Setting next_dagrun for chethan_test_dag to 2025-03-22T00:00:00+00:00, run_after=2025-03-23T00:00:00+00:00
[2025-03-23T17:03:19.156+0000] {processor.py:179} INFO - Processing /opt/airflow/dags/exampledag.py took 0.105 seconds
[2025-03-23T17:03:49.497+0000] {processor.py:157} INFO - Started process (PID=1955) to work on /opt/airflow/dags/exampledag.py
[2025-03-23T17:03:49.499+0000] {processor.py:829} INFO - Processing file /opt/airflow/dags/exampledag.py for tasks to queue
[2025-03-23T17:03:49.500+0000] {logging_mixin.py:154} INFO - [2025-03-23T17:03:49.500+0000] {dagbag.py:536} INFO - Filling up the DagBag from /opt/airflow/dags/exampledag.py
[2025-03-23T17:03:49.524+0000] {processor.py:839} INFO - DAG(s) dict_keys(['chethan_test_dag']) retrieved from /opt/airflow/dags/exampledag.py
[2025-03-23T17:03:49.552+0000] {logging_mixin.py:154} INFO - [2025-03-23T17:03:49.552+0000] {dag.py:2941} INFO - Sync 1 DAGs
[2025-03-23T17:03:49.588+0000] {logging_mixin.py:154} INFO - [2025-03-23T17:03:49.588+0000] {dag.py:3722} INFO - Setting next_dagrun for chethan_test_dag to 2025-03-22T00:00:00+00:00, run_after=2025-03-23T00:00:00+00:00
[2025-03-23T17:03:49.625+0000] {processor.py:179} INFO - Processing /opt/airflow/dags/exampledag.py took 0.134 seconds
[2025-03-23T17:04:19.874+0000] {processor.py:157} INFO - Started process (PID=1958) to work on /opt/airflow/dags/exampledag.py
[2025-03-23T17:04:19.876+0000] {processor.py:829} INFO - Processing file /opt/airflow/dags/exampledag.py for tasks to queue
[2025-03-23T17:04:19.877+0000] {logging_mixin.py:154} INFO - [2025-03-23T17:04:19.877+0000] {dagbag.py:536} INFO - Filling up the DagBag from /opt/airflow/dags/exampledag.py
[2025-03-23T17:04:19.902+0000] {processor.py:839} INFO - DAG(s) dict_keys(['chethan_test_dag']) retrieved from /opt/airflow/dags/exampledag.py
[2025-03-23T17:04:19.921+0000] {logging_mixin.py:154} INFO - [2025-03-23T17:04:19.921+0000] {dag.py:2941} INFO - Sync 1 DAGs
[2025-03-23T17:04:19.941+0000] {logging_mixin.py:154} INFO - [2025-03-23T17:04:19.941+0000] {dag.py:3722} INFO - Setting next_dagrun for chethan_test_dag to 2025-03-22T00:00:00+00:00, run_after=2025-03-23T00:00:00+00:00
[2025-03-23T17:04:19.963+0000] {processor.py:179} INFO - Processing /opt/airflow/dags/exampledag.py took 0.092 seconds
[2025-03-23T17:04:50.205+0000] {processor.py:157} INFO - Started process (PID=1961) to work on /opt/airflow/dags/exampledag.py
[2025-03-23T17:04:50.207+0000] {processor.py:829} INFO - Processing file /opt/airflow/dags/exampledag.py for tasks to queue
[2025-03-23T17:04:50.208+0000] {logging_mixin.py:154} INFO - [2025-03-23T17:04:50.207+0000] {dagbag.py:536} INFO - Filling up the DagBag from /opt/airflow/dags/exampledag.py
[2025-03-23T17:04:50.233+0000] {processor.py:839} INFO - DAG(s) dict_keys(['chethan_test_dag']) retrieved from /opt/airflow/dags/exampledag.py
[2025-03-23T17:04:50.257+0000] {logging_mixin.py:154} INFO - [2025-03-23T17:04:50.257+0000] {dag.py:2941} INFO - Sync 1 DAGs
[2025-03-23T17:04:50.278+0000] {logging_mixin.py:154} INFO - [2025-03-23T17:04:50.277+0000] {dag.py:3722} INFO - Setting next_dagrun for chethan_test_dag to 2025-03-22T00:00:00+00:00, run_after=2025-03-23T00:00:00+00:00
[2025-03-23T17:04:50.292+0000] {processor.py:179} INFO - Processing /opt/airflow/dags/exampledag.py took 0.090 seconds
[2025-03-23T17:05:20.566+0000] {processor.py:157} INFO - Started process (PID=1964) to work on /opt/airflow/dags/exampledag.py
[2025-03-23T17:05:20.567+0000] {processor.py:829} INFO - Processing file /opt/airflow/dags/exampledag.py for tasks to queue
[2025-03-23T17:05:20.568+0000] {logging_mixin.py:154} INFO - [2025-03-23T17:05:20.568+0000] {dagbag.py:536} INFO - Filling up the DagBag from /opt/airflow/dags/exampledag.py
[2025-03-23T17:05:20.588+0000] {processor.py:839} INFO - DAG(s) dict_keys(['chethan_test_dag']) retrieved from /opt/airflow/dags/exampledag.py
[2025-03-23T17:05:20.608+0000] {logging_mixin.py:154} INFO - [2025-03-23T17:05:20.608+0000] {dag.py:2941} INFO - Sync 1 DAGs
[2025-03-23T17:05:20.626+0000] {logging_mixin.py:154} INFO - [2025-03-23T17:05:20.626+0000] {dag.py:3722} INFO - Setting next_dagrun for chethan_test_dag to 2025-03-22T00:00:00+00:00, run_after=2025-03-23T00:00:00+00:00
[2025-03-23T17:05:20.645+0000] {processor.py:179} INFO - Processing /opt/airflow/dags/exampledag.py took 0.081 seconds
[2025-03-23T17:05:50.944+0000] {processor.py:157} INFO - Started process (PID=1967) to work on /opt/airflow/dags/exampledag.py
[2025-03-23T17:05:50.946+0000] {processor.py:829} INFO - Processing file /opt/airflow/dags/exampledag.py for tasks to queue
[2025-03-23T17:05:50.947+0000] {logging_mixin.py:154} INFO - [2025-03-23T17:05:50.946+0000] {dagbag.py:536} INFO - Filling up the DagBag from /opt/airflow/dags/exampledag.py
[2025-03-23T17:05:50.970+0000] {processor.py:839} INFO - DAG(s) dict_keys(['chethan_test_dag']) retrieved from /opt/airflow/dags/exampledag.py
[2025-03-23T17:05:50.996+0000] {logging_mixin.py:154} INFO - [2025-03-23T17:05:50.996+0000] {dag.py:2941} INFO - Sync 1 DAGs
[2025-03-23T17:05:51.015+0000] {logging_mixin.py:154} INFO - [2025-03-23T17:05:51.015+0000] {dag.py:3722} INFO - Setting next_dagrun for chethan_test_dag to 2025-03-22T00:00:00+00:00, run_after=2025-03-23T00:00:00+00:00
[2025-03-23T17:05:51.035+0000] {processor.py:179} INFO - Processing /opt/airflow/dags/exampledag.py took 0.095 seconds
[2025-03-23T17:06:21.245+0000] {processor.py:157} INFO - Started process (PID=1970) to work on /opt/airflow/dags/exampledag.py
[2025-03-23T17:06:21.246+0000] {processor.py:829} INFO - Processing file /opt/airflow/dags/exampledag.py for tasks to queue
[2025-03-23T17:06:21.247+0000] {logging_mixin.py:154} INFO - [2025-03-23T17:06:21.247+0000] {dagbag.py:536} INFO - Filling up the DagBag from /opt/airflow/dags/exampledag.py
[2025-03-23T17:06:21.272+0000] {processor.py:839} INFO - DAG(s) dict_keys(['chethan_test_dag']) retrieved from /opt/airflow/dags/exampledag.py
[2025-03-23T17:06:21.297+0000] {logging_mixin.py:154} INFO - [2025-03-23T17:06:21.297+0000] {dag.py:2941} INFO - Sync 1 DAGs
[2025-03-23T17:06:21.319+0000] {logging_mixin.py:154} INFO - [2025-03-23T17:06:21.319+0000] {dag.py:3722} INFO - Setting next_dagrun for chethan_test_dag to 2025-03-22T00:00:00+00:00, run_after=2025-03-23T00:00:00+00:00
[2025-03-23T17:06:21.339+0000] {processor.py:179} INFO - Processing /opt/airflow/dags/exampledag.py took 0.097 seconds
[2025-03-23T17:06:51.588+0000] {processor.py:157} INFO - Started process (PID=1973) to work on /opt/airflow/dags/exampledag.py
[2025-03-23T17:06:51.589+0000] {processor.py:829} INFO - Processing file /opt/airflow/dags/exampledag.py for tasks to queue
[2025-03-23T17:06:51.590+0000] {logging_mixin.py:154} INFO - [2025-03-23T17:06:51.590+0000] {dagbag.py:536} INFO - Filling up the DagBag from /opt/airflow/dags/exampledag.py
[2025-03-23T17:06:51.623+0000] {processor.py:839} INFO - DAG(s) dict_keys(['chethan_test_dag']) retrieved from /opt/airflow/dags/exampledag.py
[2025-03-23T17:06:51.647+0000] {logging_mixin.py:154} INFO - [2025-03-23T17:06:51.646+0000] {dag.py:2941} INFO - Sync 1 DAGs
[2025-03-23T17:06:51.666+0000] {logging_mixin.py:154} INFO - [2025-03-23T17:06:51.666+0000] {dag.py:3722} INFO - Setting next_dagrun for chethan_test_dag to 2025-03-22T00:00:00+00:00, run_after=2025-03-23T00:00:00+00:00
[2025-03-23T17:06:51.697+0000] {processor.py:179} INFO - Processing /opt/airflow/dags/exampledag.py took 0.112 seconds
[2025-03-23T17:07:21.954+0000] {processor.py:157} INFO - Started process (PID=1976) to work on /opt/airflow/dags/exampledag.py
[2025-03-23T17:07:21.956+0000] {processor.py:829} INFO - Processing file /opt/airflow/dags/exampledag.py for tasks to queue
[2025-03-23T17:07:21.957+0000] {logging_mixin.py:154} INFO - [2025-03-23T17:07:21.956+0000] {dagbag.py:536} INFO - Filling up the DagBag from /opt/airflow/dags/exampledag.py
[2025-03-23T17:07:21.986+0000] {processor.py:839} INFO - DAG(s) dict_keys(['chethan_test_dag']) retrieved from /opt/airflow/dags/exampledag.py
[2025-03-23T17:07:22.005+0000] {logging_mixin.py:154} INFO - [2025-03-23T17:07:22.005+0000] {dag.py:2941} INFO - Sync 1 DAGs
[2025-03-23T17:07:22.022+0000] {logging_mixin.py:154} INFO - [2025-03-23T17:07:22.022+0000] {dag.py:3722} INFO - Setting next_dagrun for chethan_test_dag to 2025-03-22T00:00:00+00:00, run_after=2025-03-23T00:00:00+00:00
[2025-03-23T17:07:22.041+0000] {processor.py:179} INFO - Processing /opt/airflow/dags/exampledag.py took 0.089 seconds
[2025-03-23T17:07:52.298+0000] {processor.py:157} INFO - Started process (PID=1979) to work on /opt/airflow/dags/exampledag.py
[2025-03-23T17:07:52.299+0000] {processor.py:829} INFO - Processing file /opt/airflow/dags/exampledag.py for tasks to queue
[2025-03-23T17:07:52.300+0000] {logging_mixin.py:154} INFO - [2025-03-23T17:07:52.300+0000] {dagbag.py:536} INFO - Filling up the DagBag from /opt/airflow/dags/exampledag.py
[2025-03-23T17:07:52.327+0000] {processor.py:839} INFO - DAG(s) dict_keys(['chethan_test_dag']) retrieved from /opt/airflow/dags/exampledag.py
[2025-03-23T17:07:52.353+0000] {logging_mixin.py:154} INFO - [2025-03-23T17:07:52.353+0000] {dag.py:2941} INFO - Sync 1 DAGs
[2025-03-23T17:07:52.375+0000] {logging_mixin.py:154} INFO - [2025-03-23T17:07:52.374+0000] {dag.py:3722} INFO - Setting next_dagrun for chethan_test_dag to 2025-03-22T00:00:00+00:00, run_after=2025-03-23T00:00:00+00:00
[2025-03-23T17:07:52.398+0000] {processor.py:179} INFO - Processing /opt/airflow/dags/exampledag.py took 0.104 seconds
[2025-03-23T17:08:22.666+0000] {processor.py:157} INFO - Started process (PID=1982) to work on /opt/airflow/dags/exampledag.py
[2025-03-23T17:08:22.668+0000] {processor.py:829} INFO - Processing file /opt/airflow/dags/exampledag.py for tasks to queue
[2025-03-23T17:08:22.670+0000] {logging_mixin.py:154} INFO - [2025-03-23T17:08:22.669+0000] {dagbag.py:536} INFO - Filling up the DagBag from /opt/airflow/dags/exampledag.py
[2025-03-23T17:08:22.701+0000] {processor.py:839} INFO - DAG(s) dict_keys(['chethan_test_dag']) retrieved from /opt/airflow/dags/exampledag.py
[2025-03-23T17:08:22.732+0000] {logging_mixin.py:154} INFO - [2025-03-23T17:08:22.731+0000] {dag.py:2941} INFO - Sync 1 DAGs
[2025-03-23T17:08:22.751+0000] {logging_mixin.py:154} INFO - [2025-03-23T17:08:22.751+0000] {dag.py:3722} INFO - Setting next_dagrun for chethan_test_dag to 2025-03-22T00:00:00+00:00, run_after=2025-03-23T00:00:00+00:00
[2025-03-23T17:08:22.775+0000] {processor.py:179} INFO - Processing /opt/airflow/dags/exampledag.py took 0.113 seconds
[2025-03-23T17:08:53.000+0000] {processor.py:157} INFO - Started process (PID=1985) to work on /opt/airflow/dags/exampledag.py
[2025-03-23T17:08:53.002+0000] {processor.py:829} INFO - Processing file /opt/airflow/dags/exampledag.py for tasks to queue
[2025-03-23T17:08:53.003+0000] {logging_mixin.py:154} INFO - [2025-03-23T17:08:53.003+0000] {dagbag.py:536} INFO - Filling up the DagBag from /opt/airflow/dags/exampledag.py
[2025-03-23T17:08:53.031+0000] {processor.py:839} INFO - DAG(s) dict_keys(['chethan_test_dag']) retrieved from /opt/airflow/dags/exampledag.py
[2025-03-23T17:08:53.053+0000] {logging_mixin.py:154} INFO - [2025-03-23T17:08:53.053+0000] {dag.py:2941} INFO - Sync 1 DAGs
[2025-03-23T17:08:53.072+0000] {logging_mixin.py:154} INFO - [2025-03-23T17:08:53.072+0000] {dag.py:3722} INFO - Setting next_dagrun for chethan_test_dag to 2025-03-22T00:00:00+00:00, run_after=2025-03-23T00:00:00+00:00
[2025-03-23T17:08:53.104+0000] {processor.py:179} INFO - Processing /opt/airflow/dags/exampledag.py took 0.106 seconds
[2025-03-23T17:09:23.264+0000] {processor.py:157} INFO - Started process (PID=1987) to work on /opt/airflow/dags/exampledag.py
[2025-03-23T17:09:23.266+0000] {processor.py:829} INFO - Processing file /opt/airflow/dags/exampledag.py for tasks to queue
[2025-03-23T17:09:23.267+0000] {logging_mixin.py:154} INFO - [2025-03-23T17:09:23.266+0000] {dagbag.py:536} INFO - Filling up the DagBag from /opt/airflow/dags/exampledag.py
[2025-03-23T17:09:23.292+0000] {processor.py:839} INFO - DAG(s) dict_keys(['chethan_test_dag']) retrieved from /opt/airflow/dags/exampledag.py
[2025-03-23T17:09:23.321+0000] {logging_mixin.py:154} INFO - [2025-03-23T17:09:23.321+0000] {dag.py:2941} INFO - Sync 1 DAGs
[2025-03-23T17:09:23.345+0000] {logging_mixin.py:154} INFO - [2025-03-23T17:09:23.345+0000] {dag.py:3722} INFO - Setting next_dagrun for chethan_test_dag to 2025-03-22T00:00:00+00:00, run_after=2025-03-23T00:00:00+00:00
[2025-03-23T17:09:23.366+0000] {processor.py:179} INFO - Processing /opt/airflow/dags/exampledag.py took 0.105 seconds
[2025-03-23T17:09:53.624+0000] {processor.py:157} INFO - Started process (PID=1989) to work on /opt/airflow/dags/exampledag.py
[2025-03-23T17:09:53.625+0000] {processor.py:829} INFO - Processing file /opt/airflow/dags/exampledag.py for tasks to queue
[2025-03-23T17:09:53.627+0000] {logging_mixin.py:154} INFO - [2025-03-23T17:09:53.626+0000] {dagbag.py:536} INFO - Filling up the DagBag from /opt/airflow/dags/exampledag.py
[2025-03-23T17:09:53.649+0000] {processor.py:839} INFO - DAG(s) dict_keys(['chethan_test_dag']) retrieved from /opt/airflow/dags/exampledag.py
[2025-03-23T17:09:53.675+0000] {logging_mixin.py:154} INFO - [2025-03-23T17:09:53.675+0000] {dag.py:2941} INFO - Sync 1 DAGs
[2025-03-23T17:09:53.715+0000] {logging_mixin.py:154} INFO - [2025-03-23T17:09:53.714+0000] {dag.py:3722} INFO - Setting next_dagrun for chethan_test_dag to 2025-03-22T00:00:00+00:00, run_after=2025-03-23T00:00:00+00:00
[2025-03-23T17:09:53.765+0000] {processor.py:179} INFO - Processing /opt/airflow/dags/exampledag.py took 0.145 seconds
[2025-03-23T17:10:24.045+0000] {processor.py:157} INFO - Started process (PID=1992) to work on /opt/airflow/dags/exampledag.py
[2025-03-23T17:10:24.047+0000] {processor.py:829} INFO - Processing file /opt/airflow/dags/exampledag.py for tasks to queue
[2025-03-23T17:10:24.047+0000] {logging_mixin.py:154} INFO - [2025-03-23T17:10:24.047+0000] {dagbag.py:536} INFO - Filling up the DagBag from /opt/airflow/dags/exampledag.py
[2025-03-23T17:10:24.073+0000] {processor.py:839} INFO - DAG(s) dict_keys(['chethan_test_dag']) retrieved from /opt/airflow/dags/exampledag.py
[2025-03-23T17:10:24.097+0000] {logging_mixin.py:154} INFO - [2025-03-23T17:10:24.097+0000] {dag.py:2941} INFO - Sync 1 DAGs
[2025-03-23T17:10:24.123+0000] {logging_mixin.py:154} INFO - [2025-03-23T17:10:24.123+0000] {dag.py:3722} INFO - Setting next_dagrun for chethan_test_dag to 2025-03-22T00:00:00+00:00, run_after=2025-03-23T00:00:00+00:00
[2025-03-23T17:10:24.140+0000] {processor.py:179} INFO - Processing /opt/airflow/dags/exampledag.py took 0.098 seconds
[2025-03-23T17:10:54.366+0000] {processor.py:157} INFO - Started process (PID=1995) to work on /opt/airflow/dags/exampledag.py
[2025-03-23T17:10:54.367+0000] {processor.py:829} INFO - Processing file /opt/airflow/dags/exampledag.py for tasks to queue
[2025-03-23T17:10:54.368+0000] {logging_mixin.py:154} INFO - [2025-03-23T17:10:54.367+0000] {dagbag.py:536} INFO - Filling up the DagBag from /opt/airflow/dags/exampledag.py
[2025-03-23T17:10:54.392+0000] {processor.py:839} INFO - DAG(s) dict_keys(['chethan_test_dag']) retrieved from /opt/airflow/dags/exampledag.py
[2025-03-23T17:10:54.415+0000] {logging_mixin.py:154} INFO - [2025-03-23T17:10:54.415+0000] {dag.py:2941} INFO - Sync 1 DAGs
[2025-03-23T17:10:54.437+0000] {logging_mixin.py:154} INFO - [2025-03-23T17:10:54.437+0000] {dag.py:3722} INFO - Setting next_dagrun for chethan_test_dag to 2025-03-22T00:00:00+00:00, run_after=2025-03-23T00:00:00+00:00
[2025-03-23T17:10:54.459+0000] {processor.py:179} INFO - Processing /opt/airflow/dags/exampledag.py took 0.097 seconds
[2025-03-23T17:11:24.697+0000] {processor.py:157} INFO - Started process (PID=1998) to work on /opt/airflow/dags/exampledag.py
[2025-03-23T17:11:24.699+0000] {processor.py:829} INFO - Processing file /opt/airflow/dags/exampledag.py for tasks to queue
[2025-03-23T17:11:24.700+0000] {logging_mixin.py:154} INFO - [2025-03-23T17:11:24.700+0000] {dagbag.py:536} INFO - Filling up the DagBag from /opt/airflow/dags/exampledag.py
[2025-03-23T17:11:24.730+0000] {processor.py:839} INFO - DAG(s) dict_keys(['chethan_test_dag']) retrieved from /opt/airflow/dags/exampledag.py
[2025-03-23T17:11:24.757+0000] {logging_mixin.py:154} INFO - [2025-03-23T17:11:24.757+0000] {dag.py:2941} INFO - Sync 1 DAGs
[2025-03-23T17:11:24.782+0000] {logging_mixin.py:154} INFO - [2025-03-23T17:11:24.781+0000] {dag.py:3722} INFO - Setting next_dagrun for chethan_test_dag to 2025-03-22T00:00:00+00:00, run_after=2025-03-23T00:00:00+00:00
[2025-03-23T17:11:24.804+0000] {processor.py:179} INFO - Processing /opt/airflow/dags/exampledag.py took 0.109 seconds
[2025-03-23T17:11:55.021+0000] {processor.py:157} INFO - Started process (PID=2001) to work on /opt/airflow/dags/exampledag.py
[2025-03-23T17:11:55.022+0000] {processor.py:829} INFO - Processing file /opt/airflow/dags/exampledag.py for tasks to queue
[2025-03-23T17:11:55.023+0000] {logging_mixin.py:154} INFO - [2025-03-23T17:11:55.023+0000] {dagbag.py:536} INFO - Filling up the DagBag from /opt/airflow/dags/exampledag.py
[2025-03-23T17:11:55.048+0000] {processor.py:839} INFO - DAG(s) dict_keys(['chethan_test_dag']) retrieved from /opt/airflow/dags/exampledag.py
[2025-03-23T17:11:55.072+0000] {logging_mixin.py:154} INFO - [2025-03-23T17:11:55.072+0000] {dag.py:2941} INFO - Sync 1 DAGs
[2025-03-23T17:11:55.090+0000] {logging_mixin.py:154} INFO - [2025-03-23T17:11:55.090+0000] {dag.py:3722} INFO - Setting next_dagrun for chethan_test_dag to 2025-03-22T00:00:00+00:00, run_after=2025-03-23T00:00:00+00:00
[2025-03-23T17:11:55.119+0000] {processor.py:179} INFO - Processing /opt/airflow/dags/exampledag.py took 0.101 seconds
[2025-03-23T17:12:25.382+0000] {processor.py:157} INFO - Started process (PID=2004) to work on /opt/airflow/dags/exampledag.py
[2025-03-23T17:12:25.384+0000] {processor.py:829} INFO - Processing file /opt/airflow/dags/exampledag.py for tasks to queue
[2025-03-23T17:12:25.385+0000] {logging_mixin.py:154} INFO - [2025-03-23T17:12:25.385+0000] {dagbag.py:536} INFO - Filling up the DagBag from /opt/airflow/dags/exampledag.py
[2025-03-23T17:12:25.414+0000] {processor.py:839} INFO - DAG(s) dict_keys(['chethan_test_dag']) retrieved from /opt/airflow/dags/exampledag.py
[2025-03-23T17:12:25.434+0000] {logging_mixin.py:154} INFO - [2025-03-23T17:12:25.434+0000] {dag.py:2941} INFO - Sync 1 DAGs
[2025-03-23T17:12:25.451+0000] {logging_mixin.py:154} INFO - [2025-03-23T17:12:25.451+0000] {dag.py:3722} INFO - Setting next_dagrun for chethan_test_dag to 2025-03-22T00:00:00+00:00, run_after=2025-03-23T00:00:00+00:00
[2025-03-23T17:12:25.466+0000] {processor.py:179} INFO - Processing /opt/airflow/dags/exampledag.py took 0.088 seconds
[2025-03-23T17:12:55.752+0000] {processor.py:157} INFO - Started process (PID=2007) to work on /opt/airflow/dags/exampledag.py
[2025-03-23T17:12:55.754+0000] {processor.py:829} INFO - Processing file /opt/airflow/dags/exampledag.py for tasks to queue
[2025-03-23T17:12:55.755+0000] {logging_mixin.py:154} INFO - [2025-03-23T17:12:55.755+0000] {dagbag.py:536} INFO - Filling up the DagBag from /opt/airflow/dags/exampledag.py
[2025-03-23T17:12:55.806+0000] {processor.py:839} INFO - DAG(s) dict_keys(['chethan_test_dag']) retrieved from /opt/airflow/dags/exampledag.py
[2025-03-23T17:12:55.861+0000] {logging_mixin.py:154} INFO - [2025-03-23T17:12:55.861+0000] {dag.py:2941} INFO - Sync 1 DAGs
[2025-03-23T17:12:55.884+0000] {logging_mixin.py:154} INFO - [2025-03-23T17:12:55.884+0000] {dag.py:3722} INFO - Setting next_dagrun for chethan_test_dag to 2025-03-22T00:00:00+00:00, run_after=2025-03-23T00:00:00+00:00
[2025-03-23T17:12:55.910+0000] {processor.py:179} INFO - Processing /opt/airflow/dags/exampledag.py took 0.162 seconds
[2025-03-23T17:13:26.139+0000] {processor.py:157} INFO - Started process (PID=2010) to work on /opt/airflow/dags/exampledag.py
[2025-03-23T17:13:26.140+0000] {processor.py:829} INFO - Processing file /opt/airflow/dags/exampledag.py for tasks to queue
[2025-03-23T17:13:26.141+0000] {logging_mixin.py:154} INFO - [2025-03-23T17:13:26.141+0000] {dagbag.py:536} INFO - Filling up the DagBag from /opt/airflow/dags/exampledag.py
[2025-03-23T17:13:26.163+0000] {processor.py:839} INFO - DAG(s) dict_keys(['chethan_test_dag']) retrieved from /opt/airflow/dags/exampledag.py
[2025-03-23T17:13:26.182+0000] {logging_mixin.py:154} INFO - [2025-03-23T17:13:26.182+0000] {dag.py:2941} INFO - Sync 1 DAGs
[2025-03-23T17:13:26.213+0000] {logging_mixin.py:154} INFO - [2025-03-23T17:13:26.213+0000] {dag.py:3722} INFO - Setting next_dagrun for chethan_test_dag to 2025-03-22T00:00:00+00:00, run_after=2025-03-23T00:00:00+00:00
[2025-03-23T17:13:26.238+0000] {processor.py:179} INFO - Processing /opt/airflow/dags/exampledag.py took 0.102 seconds
[2025-03-23T17:13:56.547+0000] {processor.py:157} INFO - Started process (PID=2013) to work on /opt/airflow/dags/exampledag.py
[2025-03-23T17:13:56.549+0000] {processor.py:829} INFO - Processing file /opt/airflow/dags/exampledag.py for tasks to queue
[2025-03-23T17:13:56.549+0000] {logging_mixin.py:154} INFO - [2025-03-23T17:13:56.549+0000] {dagbag.py:536} INFO - Filling up the DagBag from /opt/airflow/dags/exampledag.py
[2025-03-23T17:13:56.572+0000] {processor.py:839} INFO - DAG(s) dict_keys(['chethan_test_dag']) retrieved from /opt/airflow/dags/exampledag.py
[2025-03-23T17:13:56.594+0000] {logging_mixin.py:154} INFO - [2025-03-23T17:13:56.594+0000] {dag.py:2941} INFO - Sync 1 DAGs
[2025-03-23T17:13:56.614+0000] {logging_mixin.py:154} INFO - [2025-03-23T17:13:56.614+0000] {dag.py:3722} INFO - Setting next_dagrun for chethan_test_dag to 2025-03-22T00:00:00+00:00, run_after=2025-03-23T00:00:00+00:00
[2025-03-23T17:13:56.634+0000] {processor.py:179} INFO - Processing /opt/airflow/dags/exampledag.py took 0.090 seconds
[2025-03-23T17:14:26.925+0000] {processor.py:157} INFO - Started process (PID=2016) to work on /opt/airflow/dags/exampledag.py
[2025-03-23T17:14:26.927+0000] {processor.py:829} INFO - Processing file /opt/airflow/dags/exampledag.py for tasks to queue
[2025-03-23T17:14:26.929+0000] {logging_mixin.py:154} INFO - [2025-03-23T17:14:26.929+0000] {dagbag.py:536} INFO - Filling up the DagBag from /opt/airflow/dags/exampledag.py
[2025-03-23T17:14:26.960+0000] {processor.py:839} INFO - DAG(s) dict_keys(['chethan_test_dag']) retrieved from /opt/airflow/dags/exampledag.py
[2025-03-23T17:14:26.989+0000] {logging_mixin.py:154} INFO - [2025-03-23T17:14:26.989+0000] {dag.py:2941} INFO - Sync 1 DAGs
[2025-03-23T17:14:27.010+0000] {logging_mixin.py:154} INFO - [2025-03-23T17:14:27.010+0000] {dag.py:3722} INFO - Setting next_dagrun for chethan_test_dag to 2025-03-22T00:00:00+00:00, run_after=2025-03-23T00:00:00+00:00
[2025-03-23T17:14:27.032+0000] {processor.py:179} INFO - Processing /opt/airflow/dags/exampledag.py took 0.110 seconds
[2025-03-23T17:14:57.295+0000] {processor.py:157} INFO - Started process (PID=2019) to work on /opt/airflow/dags/exampledag.py
[2025-03-23T17:14:57.296+0000] {processor.py:829} INFO - Processing file /opt/airflow/dags/exampledag.py for tasks to queue
[2025-03-23T17:14:57.298+0000] {logging_mixin.py:154} INFO - [2025-03-23T17:14:57.298+0000] {dagbag.py:536} INFO - Filling up the DagBag from /opt/airflow/dags/exampledag.py
[2025-03-23T17:14:57.318+0000] {processor.py:839} INFO - DAG(s) dict_keys(['chethan_test_dag']) retrieved from /opt/airflow/dags/exampledag.py
[2025-03-23T17:14:57.336+0000] {logging_mixin.py:154} INFO - [2025-03-23T17:14:57.336+0000] {dag.py:2941} INFO - Sync 1 DAGs
[2025-03-23T17:14:57.354+0000] {logging_mixin.py:154} INFO - [2025-03-23T17:14:57.354+0000] {dag.py:3722} INFO - Setting next_dagrun for chethan_test_dag to 2025-03-22T00:00:00+00:00, run_after=2025-03-23T00:00:00+00:00
[2025-03-23T17:14:57.369+0000] {processor.py:179} INFO - Processing /opt/airflow/dags/exampledag.py took 0.077 seconds
[2025-03-23T17:15:27.635+0000] {processor.py:157} INFO - Started process (PID=2022) to work on /opt/airflow/dags/exampledag.py
[2025-03-23T17:15:27.637+0000] {processor.py:829} INFO - Processing file /opt/airflow/dags/exampledag.py for tasks to queue
[2025-03-23T17:15:27.638+0000] {logging_mixin.py:154} INFO - [2025-03-23T17:15:27.638+0000] {dagbag.py:536} INFO - Filling up the DagBag from /opt/airflow/dags/exampledag.py
[2025-03-23T17:15:27.670+0000] {processor.py:839} INFO - DAG(s) dict_keys(['chethan_test_dag']) retrieved from /opt/airflow/dags/exampledag.py
[2025-03-23T17:15:27.693+0000] {logging_mixin.py:154} INFO - [2025-03-23T17:15:27.693+0000] {dag.py:2941} INFO - Sync 1 DAGs
[2025-03-23T17:15:27.711+0000] {logging_mixin.py:154} INFO - [2025-03-23T17:15:27.710+0000] {dag.py:3722} INFO - Setting next_dagrun for chethan_test_dag to 2025-03-22T00:00:00+00:00, run_after=2025-03-23T00:00:00+00:00
[2025-03-23T17:15:27.729+0000] {processor.py:179} INFO - Processing /opt/airflow/dags/exampledag.py took 0.097 seconds
[2025-03-23T17:15:57.994+0000] {processor.py:157} INFO - Started process (PID=2025) to work on /opt/airflow/dags/exampledag.py
[2025-03-23T17:15:57.995+0000] {processor.py:829} INFO - Processing file /opt/airflow/dags/exampledag.py for tasks to queue
[2025-03-23T17:15:57.996+0000] {logging_mixin.py:154} INFO - [2025-03-23T17:15:57.996+0000] {dagbag.py:536} INFO - Filling up the DagBag from /opt/airflow/dags/exampledag.py
[2025-03-23T17:15:58.026+0000] {processor.py:839} INFO - DAG(s) dict_keys(['chethan_test_dag']) retrieved from /opt/airflow/dags/exampledag.py
[2025-03-23T17:15:58.055+0000] {logging_mixin.py:154} INFO - [2025-03-23T17:15:58.054+0000] {dag.py:2941} INFO - Sync 1 DAGs
[2025-03-23T17:15:58.082+0000] {logging_mixin.py:154} INFO - [2025-03-23T17:15:58.082+0000] {dag.py:3722} INFO - Setting next_dagrun for chethan_test_dag to 2025-03-22T00:00:00+00:00, run_after=2025-03-23T00:00:00+00:00
[2025-03-23T17:15:58.110+0000] {processor.py:179} INFO - Processing /opt/airflow/dags/exampledag.py took 0.120 seconds
[2025-03-23T17:16:28.351+0000] {processor.py:157} INFO - Started process (PID=2028) to work on /opt/airflow/dags/exampledag.py
[2025-03-23T17:16:28.352+0000] {processor.py:829} INFO - Processing file /opt/airflow/dags/exampledag.py for tasks to queue
[2025-03-23T17:16:28.353+0000] {logging_mixin.py:154} INFO - [2025-03-23T17:16:28.353+0000] {dagbag.py:536} INFO - Filling up the DagBag from /opt/airflow/dags/exampledag.py
[2025-03-23T17:16:28.381+0000] {processor.py:839} INFO - DAG(s) dict_keys(['chethan_test_dag']) retrieved from /opt/airflow/dags/exampledag.py
[2025-03-23T17:16:28.409+0000] {logging_mixin.py:154} INFO - [2025-03-23T17:16:28.409+0000] {dag.py:2941} INFO - Sync 1 DAGs
[2025-03-23T17:16:28.436+0000] {logging_mixin.py:154} INFO - [2025-03-23T17:16:28.436+0000] {dag.py:3722} INFO - Setting next_dagrun for chethan_test_dag to 2025-03-22T00:00:00+00:00, run_after=2025-03-23T00:00:00+00:00
[2025-03-23T17:16:28.464+0000] {processor.py:179} INFO - Processing /opt/airflow/dags/exampledag.py took 0.116 seconds
[2025-03-23T17:16:58.704+0000] {processor.py:157} INFO - Started process (PID=2031) to work on /opt/airflow/dags/exampledag.py
[2025-03-23T17:16:58.705+0000] {processor.py:829} INFO - Processing file /opt/airflow/dags/exampledag.py for tasks to queue
[2025-03-23T17:16:58.706+0000] {logging_mixin.py:154} INFO - [2025-03-23T17:16:58.706+0000] {dagbag.py:536} INFO - Filling up the DagBag from /opt/airflow/dags/exampledag.py
[2025-03-23T17:16:58.731+0000] {processor.py:839} INFO - DAG(s) dict_keys(['chethan_test_dag']) retrieved from /opt/airflow/dags/exampledag.py
[2025-03-23T17:16:58.752+0000] {logging_mixin.py:154} INFO - [2025-03-23T17:16:58.752+0000] {dag.py:2941} INFO - Sync 1 DAGs
[2025-03-23T17:16:58.772+0000] {logging_mixin.py:154} INFO - [2025-03-23T17:16:58.771+0000] {dag.py:3722} INFO - Setting next_dagrun for chethan_test_dag to 2025-03-22T00:00:00+00:00, run_after=2025-03-23T00:00:00+00:00
[2025-03-23T17:16:58.793+0000] {processor.py:179} INFO - Processing /opt/airflow/dags/exampledag.py took 0.091 seconds
[2025-03-23T17:17:29.039+0000] {processor.py:157} INFO - Started process (PID=2034) to work on /opt/airflow/dags/exampledag.py
[2025-03-23T17:17:29.040+0000] {processor.py:829} INFO - Processing file /opt/airflow/dags/exampledag.py for tasks to queue
[2025-03-23T17:17:29.042+0000] {logging_mixin.py:154} INFO - [2025-03-23T17:17:29.041+0000] {dagbag.py:536} INFO - Filling up the DagBag from /opt/airflow/dags/exampledag.py
[2025-03-23T17:17:29.063+0000] {processor.py:839} INFO - DAG(s) dict_keys(['chethan_test_dag']) retrieved from /opt/airflow/dags/exampledag.py
[2025-03-23T17:17:29.095+0000] {logging_mixin.py:154} INFO - [2025-03-23T17:17:29.094+0000] {dag.py:2941} INFO - Sync 1 DAGs
[2025-03-23T17:17:29.122+0000] {logging_mixin.py:154} INFO - [2025-03-23T17:17:29.122+0000] {dag.py:3722} INFO - Setting next_dagrun for chethan_test_dag to 2025-03-22T00:00:00+00:00, run_after=2025-03-23T00:00:00+00:00
[2025-03-23T17:17:29.145+0000] {processor.py:179} INFO - Processing /opt/airflow/dags/exampledag.py took 0.110 seconds
[2025-03-23T17:17:59.413+0000] {processor.py:157} INFO - Started process (PID=2037) to work on /opt/airflow/dags/exampledag.py
[2025-03-23T17:17:59.415+0000] {processor.py:829} INFO - Processing file /opt/airflow/dags/exampledag.py for tasks to queue
[2025-03-23T17:17:59.417+0000] {logging_mixin.py:154} INFO - [2025-03-23T17:17:59.416+0000] {dagbag.py:536} INFO - Filling up the DagBag from /opt/airflow/dags/exampledag.py
[2025-03-23T17:17:59.463+0000] {processor.py:839} INFO - DAG(s) dict_keys(['chethan_test_dag']) retrieved from /opt/airflow/dags/exampledag.py
[2025-03-23T17:17:59.494+0000] {logging_mixin.py:154} INFO - [2025-03-23T17:17:59.493+0000] {dag.py:2941} INFO - Sync 1 DAGs
[2025-03-23T17:17:59.520+0000] {logging_mixin.py:154} INFO - [2025-03-23T17:17:59.520+0000] {dag.py:3722} INFO - Setting next_dagrun for chethan_test_dag to 2025-03-22T00:00:00+00:00, run_after=2025-03-23T00:00:00+00:00
[2025-03-23T17:17:59.539+0000] {processor.py:179} INFO - Processing /opt/airflow/dags/exampledag.py took 0.129 seconds
[2025-03-23T17:18:29.761+0000] {processor.py:157} INFO - Started process (PID=2040) to work on /opt/airflow/dags/exampledag.py
[2025-03-23T17:18:29.764+0000] {processor.py:829} INFO - Processing file /opt/airflow/dags/exampledag.py for tasks to queue
[2025-03-23T17:18:29.766+0000] {logging_mixin.py:154} INFO - [2025-03-23T17:18:29.765+0000] {dagbag.py:536} INFO - Filling up the DagBag from /opt/airflow/dags/exampledag.py
[2025-03-23T17:18:29.788+0000] {processor.py:839} INFO - DAG(s) dict_keys(['chethan_test_dag']) retrieved from /opt/airflow/dags/exampledag.py
[2025-03-23T17:18:29.813+0000] {logging_mixin.py:154} INFO - [2025-03-23T17:18:29.812+0000] {dag.py:2941} INFO - Sync 1 DAGs
[2025-03-23T17:18:29.834+0000] {logging_mixin.py:154} INFO - [2025-03-23T17:18:29.833+0000] {dag.py:3722} INFO - Setting next_dagrun for chethan_test_dag to 2025-03-22T00:00:00+00:00, run_after=2025-03-23T00:00:00+00:00
[2025-03-23T17:18:29.855+0000] {processor.py:179} INFO - Processing /opt/airflow/dags/exampledag.py took 0.098 seconds
[2025-03-23T17:19:00.121+0000] {processor.py:157} INFO - Started process (PID=2043) to work on /opt/airflow/dags/exampledag.py
[2025-03-23T17:19:00.123+0000] {processor.py:829} INFO - Processing file /opt/airflow/dags/exampledag.py for tasks to queue
[2025-03-23T17:19:00.124+0000] {logging_mixin.py:154} INFO - [2025-03-23T17:19:00.123+0000] {dagbag.py:536} INFO - Filling up the DagBag from /opt/airflow/dags/exampledag.py
[2025-03-23T17:19:00.153+0000] {processor.py:839} INFO - DAG(s) dict_keys(['chethan_test_dag']) retrieved from /opt/airflow/dags/exampledag.py
[2025-03-23T17:19:00.181+0000] {logging_mixin.py:154} INFO - [2025-03-23T17:19:00.181+0000] {dag.py:2941} INFO - Sync 1 DAGs
[2025-03-23T17:19:00.203+0000] {logging_mixin.py:154} INFO - [2025-03-23T17:19:00.202+0000] {dag.py:3722} INFO - Setting next_dagrun for chethan_test_dag to 2025-03-22T00:00:00+00:00, run_after=2025-03-23T00:00:00+00:00
[2025-03-23T17:19:00.232+0000] {processor.py:179} INFO - Processing /opt/airflow/dags/exampledag.py took 0.114 seconds
[2025-03-23T17:19:30.495+0000] {processor.py:157} INFO - Started process (PID=2046) to work on /opt/airflow/dags/exampledag.py
[2025-03-23T17:19:30.496+0000] {processor.py:829} INFO - Processing file /opt/airflow/dags/exampledag.py for tasks to queue
[2025-03-23T17:19:30.498+0000] {logging_mixin.py:154} INFO - [2025-03-23T17:19:30.497+0000] {dagbag.py:536} INFO - Filling up the DagBag from /opt/airflow/dags/exampledag.py
[2025-03-23T17:19:30.521+0000] {processor.py:839} INFO - DAG(s) dict_keys(['chethan_test_dag']) retrieved from /opt/airflow/dags/exampledag.py
[2025-03-23T17:19:30.549+0000] {logging_mixin.py:154} INFO - [2025-03-23T17:19:30.549+0000] {dag.py:2941} INFO - Sync 1 DAGs
[2025-03-23T17:19:30.569+0000] {logging_mixin.py:154} INFO - [2025-03-23T17:19:30.569+0000] {dag.py:3722} INFO - Setting next_dagrun for chethan_test_dag to 2025-03-22T00:00:00+00:00, run_after=2025-03-23T00:00:00+00:00
[2025-03-23T17:19:30.590+0000] {processor.py:179} INFO - Processing /opt/airflow/dags/exampledag.py took 0.098 seconds
[2025-03-23T17:20:00.843+0000] {processor.py:157} INFO - Started process (PID=2049) to work on /opt/airflow/dags/exampledag.py
[2025-03-23T17:20:00.846+0000] {processor.py:829} INFO - Processing file /opt/airflow/dags/exampledag.py for tasks to queue
[2025-03-23T17:20:00.849+0000] {logging_mixin.py:154} INFO - [2025-03-23T17:20:00.848+0000] {dagbag.py:536} INFO - Filling up the DagBag from /opt/airflow/dags/exampledag.py
[2025-03-23T17:20:00.883+0000] {processor.py:839} INFO - DAG(s) dict_keys(['chethan_test_dag']) retrieved from /opt/airflow/dags/exampledag.py
[2025-03-23T17:20:00.908+0000] {logging_mixin.py:154} INFO - [2025-03-23T17:20:00.907+0000] {dag.py:2941} INFO - Sync 1 DAGs
[2025-03-23T17:20:00.928+0000] {logging_mixin.py:154} INFO - [2025-03-23T17:20:00.928+0000] {dag.py:3722} INFO - Setting next_dagrun for chethan_test_dag to 2025-03-22T00:00:00+00:00, run_after=2025-03-23T00:00:00+00:00
[2025-03-23T17:20:00.945+0000] {processor.py:179} INFO - Processing /opt/airflow/dags/exampledag.py took 0.109 seconds
[2025-03-23T17:20:31.221+0000] {processor.py:157} INFO - Started process (PID=2052) to work on /opt/airflow/dags/exampledag.py
[2025-03-23T17:20:31.223+0000] {processor.py:829} INFO - Processing file /opt/airflow/dags/exampledag.py for tasks to queue
[2025-03-23T17:20:31.223+0000] {logging_mixin.py:154} INFO - [2025-03-23T17:20:31.223+0000] {dagbag.py:536} INFO - Filling up the DagBag from /opt/airflow/dags/exampledag.py
[2025-03-23T17:20:31.247+0000] {processor.py:839} INFO - DAG(s) dict_keys(['chethan_test_dag']) retrieved from /opt/airflow/dags/exampledag.py
[2025-03-23T17:20:31.273+0000] {logging_mixin.py:154} INFO - [2025-03-23T17:20:31.273+0000] {dag.py:2941} INFO - Sync 1 DAGs
[2025-03-23T17:20:31.296+0000] {logging_mixin.py:154} INFO - [2025-03-23T17:20:31.296+0000] {dag.py:3722} INFO - Setting next_dagrun for chethan_test_dag to 2025-03-22T00:00:00+00:00, run_after=2025-03-23T00:00:00+00:00
[2025-03-23T17:20:31.316+0000] {processor.py:179} INFO - Processing /opt/airflow/dags/exampledag.py took 0.098 seconds
[2025-03-23T17:21:01.544+0000] {processor.py:157} INFO - Started process (PID=2055) to work on /opt/airflow/dags/exampledag.py
[2025-03-23T17:21:01.546+0000] {processor.py:829} INFO - Processing file /opt/airflow/dags/exampledag.py for tasks to queue
[2025-03-23T17:21:01.547+0000] {logging_mixin.py:154} INFO - [2025-03-23T17:21:01.546+0000] {dagbag.py:536} INFO - Filling up the DagBag from /opt/airflow/dags/exampledag.py
[2025-03-23T17:21:01.573+0000] {processor.py:839} INFO - DAG(s) dict_keys(['chethan_test_dag']) retrieved from /opt/airflow/dags/exampledag.py
[2025-03-23T17:21:01.597+0000] {logging_mixin.py:154} INFO - [2025-03-23T17:21:01.597+0000] {dag.py:2941} INFO - Sync 1 DAGs
[2025-03-23T17:21:01.621+0000] {logging_mixin.py:154} INFO - [2025-03-23T17:21:01.620+0000] {dag.py:3722} INFO - Setting next_dagrun for chethan_test_dag to 2025-03-22T00:00:00+00:00, run_after=2025-03-23T00:00:00+00:00
[2025-03-23T17:21:01.642+0000] {processor.py:179} INFO - Processing /opt/airflow/dags/exampledag.py took 0.101 seconds
[2025-03-23T17:21:31.914+0000] {processor.py:157} INFO - Started process (PID=2058) to work on /opt/airflow/dags/exampledag.py
[2025-03-23T17:21:31.915+0000] {processor.py:829} INFO - Processing file /opt/airflow/dags/exampledag.py for tasks to queue
[2025-03-23T17:21:31.916+0000] {logging_mixin.py:154} INFO - [2025-03-23T17:21:31.916+0000] {dagbag.py:536} INFO - Filling up the DagBag from /opt/airflow/dags/exampledag.py
[2025-03-23T17:21:31.939+0000] {processor.py:839} INFO - DAG(s) dict_keys(['chethan_test_dag']) retrieved from /opt/airflow/dags/exampledag.py
[2025-03-23T17:21:31.964+0000] {logging_mixin.py:154} INFO - [2025-03-23T17:21:31.964+0000] {dag.py:2941} INFO - Sync 1 DAGs
[2025-03-23T17:21:31.983+0000] {logging_mixin.py:154} INFO - [2025-03-23T17:21:31.983+0000] {dag.py:3722} INFO - Setting next_dagrun for chethan_test_dag to 2025-03-22T00:00:00+00:00, run_after=2025-03-23T00:00:00+00:00
[2025-03-23T17:21:32.009+0000] {processor.py:179} INFO - Processing /opt/airflow/dags/exampledag.py took 0.100 seconds
[2025-03-23T17:22:02.261+0000] {processor.py:157} INFO - Started process (PID=2061) to work on /opt/airflow/dags/exampledag.py
[2025-03-23T17:22:02.262+0000] {processor.py:829} INFO - Processing file /opt/airflow/dags/exampledag.py for tasks to queue
[2025-03-23T17:22:02.263+0000] {logging_mixin.py:154} INFO - [2025-03-23T17:22:02.263+0000] {dagbag.py:536} INFO - Filling up the DagBag from /opt/airflow/dags/exampledag.py
[2025-03-23T17:22:02.289+0000] {processor.py:839} INFO - DAG(s) dict_keys(['chethan_test_dag']) retrieved from /opt/airflow/dags/exampledag.py
[2025-03-23T17:22:02.336+0000] {logging_mixin.py:154} INFO - [2025-03-23T17:22:02.336+0000] {dag.py:2941} INFO - Sync 1 DAGs
[2025-03-23T17:22:02.357+0000] {logging_mixin.py:154} INFO - [2025-03-23T17:22:02.356+0000] {dag.py:3722} INFO - Setting next_dagrun for chethan_test_dag to 2025-03-22T00:00:00+00:00, run_after=2025-03-23T00:00:00+00:00
[2025-03-23T17:22:02.376+0000] {processor.py:179} INFO - Processing /opt/airflow/dags/exampledag.py took 0.120 seconds
[2025-03-23T17:22:32.627+0000] {processor.py:157} INFO - Started process (PID=2064) to work on /opt/airflow/dags/exampledag.py
[2025-03-23T17:22:32.628+0000] {processor.py:829} INFO - Processing file /opt/airflow/dags/exampledag.py for tasks to queue
[2025-03-23T17:22:32.629+0000] {logging_mixin.py:154} INFO - [2025-03-23T17:22:32.629+0000] {dagbag.py:536} INFO - Filling up the DagBag from /opt/airflow/dags/exampledag.py
[2025-03-23T17:22:32.657+0000] {processor.py:839} INFO - DAG(s) dict_keys(['chethan_test_dag']) retrieved from /opt/airflow/dags/exampledag.py
[2025-03-23T17:22:32.680+0000] {logging_mixin.py:154} INFO - [2025-03-23T17:22:32.680+0000] {dag.py:2941} INFO - Sync 1 DAGs
[2025-03-23T17:22:32.699+0000] {logging_mixin.py:154} INFO - [2025-03-23T17:22:32.699+0000] {dag.py:3722} INFO - Setting next_dagrun for chethan_test_dag to 2025-03-22T00:00:00+00:00, run_after=2025-03-23T00:00:00+00:00
[2025-03-23T17:22:32.723+0000] {processor.py:179} INFO - Processing /opt/airflow/dags/exampledag.py took 0.099 seconds
[2025-03-23T17:23:02.996+0000] {processor.py:157} INFO - Started process (PID=2067) to work on /opt/airflow/dags/exampledag.py
[2025-03-23T17:23:02.997+0000] {processor.py:829} INFO - Processing file /opt/airflow/dags/exampledag.py for tasks to queue
[2025-03-23T17:23:02.997+0000] {logging_mixin.py:154} INFO - [2025-03-23T17:23:02.997+0000] {dagbag.py:536} INFO - Filling up the DagBag from /opt/airflow/dags/exampledag.py
[2025-03-23T17:23:03.020+0000] {processor.py:839} INFO - DAG(s) dict_keys(['chethan_test_dag']) retrieved from /opt/airflow/dags/exampledag.py
[2025-03-23T17:23:03.042+0000] {logging_mixin.py:154} INFO - [2025-03-23T17:23:03.041+0000] {dag.py:2941} INFO - Sync 1 DAGs
[2025-03-23T17:23:03.059+0000] {logging_mixin.py:154} INFO - [2025-03-23T17:23:03.059+0000] {dag.py:3722} INFO - Setting next_dagrun for chethan_test_dag to 2025-03-22T00:00:00+00:00, run_after=2025-03-23T00:00:00+00:00
[2025-03-23T17:23:03.074+0000] {processor.py:179} INFO - Processing /opt/airflow/dags/exampledag.py took 0.081 seconds
[2025-03-23T17:23:33.315+0000] {processor.py:157} INFO - Started process (PID=2070) to work on /opt/airflow/dags/exampledag.py
[2025-03-23T17:23:33.316+0000] {processor.py:829} INFO - Processing file /opt/airflow/dags/exampledag.py for tasks to queue
[2025-03-23T17:23:33.317+0000] {logging_mixin.py:154} INFO - [2025-03-23T17:23:33.317+0000] {dagbag.py:536} INFO - Filling up the DagBag from /opt/airflow/dags/exampledag.py
[2025-03-23T17:23:33.343+0000] {processor.py:839} INFO - DAG(s) dict_keys(['chethan_test_dag']) retrieved from /opt/airflow/dags/exampledag.py
[2025-03-23T17:23:33.365+0000] {logging_mixin.py:154} INFO - [2025-03-23T17:23:33.365+0000] {dag.py:2941} INFO - Sync 1 DAGs
[2025-03-23T17:23:33.385+0000] {logging_mixin.py:154} INFO - [2025-03-23T17:23:33.385+0000] {dag.py:3722} INFO - Setting next_dagrun for chethan_test_dag to 2025-03-22T00:00:00+00:00, run_after=2025-03-23T00:00:00+00:00
[2025-03-23T17:23:33.406+0000] {processor.py:179} INFO - Processing /opt/airflow/dags/exampledag.py took 0.095 seconds
[2025-03-23T17:24:03.763+0000] {processor.py:157} INFO - Started process (PID=2073) to work on /opt/airflow/dags/exampledag.py
[2025-03-23T17:24:03.764+0000] {processor.py:829} INFO - Processing file /opt/airflow/dags/exampledag.py for tasks to queue
[2025-03-23T17:24:03.766+0000] {logging_mixin.py:154} INFO - [2025-03-23T17:24:03.765+0000] {dagbag.py:536} INFO - Filling up the DagBag from /opt/airflow/dags/exampledag.py
[2025-03-23T17:24:03.792+0000] {processor.py:839} INFO - DAG(s) dict_keys(['chethan_test_dag']) retrieved from /opt/airflow/dags/exampledag.py
[2025-03-23T17:24:03.816+0000] {logging_mixin.py:154} INFO - [2025-03-23T17:24:03.816+0000] {dag.py:2941} INFO - Sync 1 DAGs
[2025-03-23T17:24:03.836+0000] {logging_mixin.py:154} INFO - [2025-03-23T17:24:03.836+0000] {dag.py:3722} INFO - Setting next_dagrun for chethan_test_dag to 2025-03-22T00:00:00+00:00, run_after=2025-03-23T00:00:00+00:00
[2025-03-23T17:24:03.857+0000] {processor.py:179} INFO - Processing /opt/airflow/dags/exampledag.py took 0.097 seconds
[2025-03-23T17:24:34.161+0000] {processor.py:157} INFO - Started process (PID=2076) to work on /opt/airflow/dags/exampledag.py
[2025-03-23T17:24:34.163+0000] {processor.py:829} INFO - Processing file /opt/airflow/dags/exampledag.py for tasks to queue
[2025-03-23T17:24:34.165+0000] {logging_mixin.py:154} INFO - [2025-03-23T17:24:34.164+0000] {dagbag.py:536} INFO - Filling up the DagBag from /opt/airflow/dags/exampledag.py
[2025-03-23T17:24:34.193+0000] {processor.py:839} INFO - DAG(s) dict_keys(['chethan_test_dag']) retrieved from /opt/airflow/dags/exampledag.py
[2025-03-23T17:24:34.221+0000] {logging_mixin.py:154} INFO - [2025-03-23T17:24:34.220+0000] {dag.py:2941} INFO - Sync 1 DAGs
[2025-03-23T17:24:34.260+0000] {logging_mixin.py:154} INFO - [2025-03-23T17:24:34.259+0000] {dag.py:3722} INFO - Setting next_dagrun for chethan_test_dag to 2025-03-22T00:00:00+00:00, run_after=2025-03-23T00:00:00+00:00
[2025-03-23T17:24:34.297+0000] {processor.py:179} INFO - Processing /opt/airflow/dags/exampledag.py took 0.142 seconds
[2025-03-23T17:25:04.562+0000] {processor.py:157} INFO - Started process (PID=2079) to work on /opt/airflow/dags/exampledag.py
[2025-03-23T17:25:04.563+0000] {processor.py:829} INFO - Processing file /opt/airflow/dags/exampledag.py for tasks to queue
[2025-03-23T17:25:04.564+0000] {logging_mixin.py:154} INFO - [2025-03-23T17:25:04.564+0000] {dagbag.py:536} INFO - Filling up the DagBag from /opt/airflow/dags/exampledag.py
[2025-03-23T17:25:04.591+0000] {processor.py:839} INFO - DAG(s) dict_keys(['chethan_test_dag']) retrieved from /opt/airflow/dags/exampledag.py
[2025-03-23T17:25:04.616+0000] {logging_mixin.py:154} INFO - [2025-03-23T17:25:04.616+0000] {dag.py:2941} INFO - Sync 1 DAGs
[2025-03-23T17:25:04.639+0000] {logging_mixin.py:154} INFO - [2025-03-23T17:25:04.639+0000] {dag.py:3722} INFO - Setting next_dagrun for chethan_test_dag to 2025-03-22T00:00:00+00:00, run_after=2025-03-23T00:00:00+00:00
[2025-03-23T17:25:04.665+0000] {processor.py:179} INFO - Processing /opt/airflow/dags/exampledag.py took 0.110 seconds
[2025-03-23T17:25:34.919+0000] {processor.py:157} INFO - Started process (PID=2082) to work on /opt/airflow/dags/exampledag.py
[2025-03-23T17:25:34.920+0000] {processor.py:829} INFO - Processing file /opt/airflow/dags/exampledag.py for tasks to queue
[2025-03-23T17:25:34.921+0000] {logging_mixin.py:154} INFO - [2025-03-23T17:25:34.921+0000] {dagbag.py:536} INFO - Filling up the DagBag from /opt/airflow/dags/exampledag.py
[2025-03-23T17:25:34.942+0000] {processor.py:839} INFO - DAG(s) dict_keys(['chethan_test_dag']) retrieved from /opt/airflow/dags/exampledag.py
[2025-03-23T17:25:34.965+0000] {logging_mixin.py:154} INFO - [2025-03-23T17:25:34.965+0000] {dag.py:2941} INFO - Sync 1 DAGs
[2025-03-23T17:25:34.982+0000] {logging_mixin.py:154} INFO - [2025-03-23T17:25:34.982+0000] {dag.py:3722} INFO - Setting next_dagrun for chethan_test_dag to 2025-03-22T00:00:00+00:00, run_after=2025-03-23T00:00:00+00:00
[2025-03-23T17:25:34.997+0000] {processor.py:179} INFO - Processing /opt/airflow/dags/exampledag.py took 0.080 seconds
[2025-03-23T17:26:05.252+0000] {processor.py:157} INFO - Started process (PID=2085) to work on /opt/airflow/dags/exampledag.py
[2025-03-23T17:26:05.254+0000] {processor.py:829} INFO - Processing file /opt/airflow/dags/exampledag.py for tasks to queue
[2025-03-23T17:26:05.255+0000] {logging_mixin.py:154} INFO - [2025-03-23T17:26:05.254+0000] {dagbag.py:536} INFO - Filling up the DagBag from /opt/airflow/dags/exampledag.py
[2025-03-23T17:26:05.291+0000] {processor.py:839} INFO - DAG(s) dict_keys(['chethan_test_dag']) retrieved from /opt/airflow/dags/exampledag.py
[2025-03-23T17:26:05.316+0000] {logging_mixin.py:154} INFO - [2025-03-23T17:26:05.316+0000] {dag.py:2941} INFO - Sync 1 DAGs
[2025-03-23T17:26:05.333+0000] {logging_mixin.py:154} INFO - [2025-03-23T17:26:05.333+0000] {dag.py:3722} INFO - Setting next_dagrun for chethan_test_dag to 2025-03-22T00:00:00+00:00, run_after=2025-03-23T00:00:00+00:00
[2025-03-23T17:26:05.357+0000] {processor.py:179} INFO - Processing /opt/airflow/dags/exampledag.py took 0.109 seconds
[2025-03-23T17:26:35.608+0000] {processor.py:157} INFO - Started process (PID=2088) to work on /opt/airflow/dags/exampledag.py
[2025-03-23T17:26:35.609+0000] {processor.py:829} INFO - Processing file /opt/airflow/dags/exampledag.py for tasks to queue
[2025-03-23T17:26:35.610+0000] {logging_mixin.py:154} INFO - [2025-03-23T17:26:35.610+0000] {dagbag.py:536} INFO - Filling up the DagBag from /opt/airflow/dags/exampledag.py
[2025-03-23T17:26:35.640+0000] {processor.py:839} INFO - DAG(s) dict_keys(['chethan_test_dag']) retrieved from /opt/airflow/dags/exampledag.py
[2025-03-23T17:26:35.660+0000] {logging_mixin.py:154} INFO - [2025-03-23T17:26:35.660+0000] {dag.py:2941} INFO - Sync 1 DAGs
[2025-03-23T17:26:35.677+0000] {logging_mixin.py:154} INFO - [2025-03-23T17:26:35.677+0000] {dag.py:3722} INFO - Setting next_dagrun for chethan_test_dag to 2025-03-22T00:00:00+00:00, run_after=2025-03-23T00:00:00+00:00
[2025-03-23T17:26:35.701+0000] {processor.py:179} INFO - Processing /opt/airflow/dags/exampledag.py took 0.097 seconds
[2025-03-23T17:27:05.967+0000] {processor.py:157} INFO - Started process (PID=2091) to work on /opt/airflow/dags/exampledag.py
[2025-03-23T17:27:05.968+0000] {processor.py:829} INFO - Processing file /opt/airflow/dags/exampledag.py for tasks to queue
[2025-03-23T17:27:05.969+0000] {logging_mixin.py:154} INFO - [2025-03-23T17:27:05.969+0000] {dagbag.py:536} INFO - Filling up the DagBag from /opt/airflow/dags/exampledag.py
[2025-03-23T17:27:05.999+0000] {processor.py:839} INFO - DAG(s) dict_keys(['chethan_test_dag']) retrieved from /opt/airflow/dags/exampledag.py
[2025-03-23T17:27:06.033+0000] {logging_mixin.py:154} INFO - [2025-03-23T17:27:06.032+0000] {dag.py:2941} INFO - Sync 1 DAGs
[2025-03-23T17:27:06.056+0000] {logging_mixin.py:154} INFO - [2025-03-23T17:27:06.056+0000] {dag.py:3722} INFO - Setting next_dagrun for chethan_test_dag to 2025-03-22T00:00:00+00:00, run_after=2025-03-23T00:00:00+00:00
[2025-03-23T17:27:06.080+0000] {processor.py:179} INFO - Processing /opt/airflow/dags/exampledag.py took 0.116 seconds
[2025-03-23T17:27:36.330+0000] {processor.py:157} INFO - Started process (PID=2094) to work on /opt/airflow/dags/exampledag.py
[2025-03-23T17:27:36.331+0000] {processor.py:829} INFO - Processing file /opt/airflow/dags/exampledag.py for tasks to queue
[2025-03-23T17:27:36.333+0000] {logging_mixin.py:154} INFO - [2025-03-23T17:27:36.332+0000] {dagbag.py:536} INFO - Filling up the DagBag from /opt/airflow/dags/exampledag.py
[2025-03-23T17:27:36.363+0000] {processor.py:839} INFO - DAG(s) dict_keys(['chethan_test_dag']) retrieved from /opt/airflow/dags/exampledag.py
[2025-03-23T17:27:36.394+0000] {logging_mixin.py:154} INFO - [2025-03-23T17:27:36.393+0000] {dag.py:2941} INFO - Sync 1 DAGs
[2025-03-23T17:27:36.414+0000] {logging_mixin.py:154} INFO - [2025-03-23T17:27:36.414+0000] {dag.py:3722} INFO - Setting next_dagrun for chethan_test_dag to 2025-03-22T00:00:00+00:00, run_after=2025-03-23T00:00:00+00:00
[2025-03-23T17:27:36.436+0000] {processor.py:179} INFO - Processing /opt/airflow/dags/exampledag.py took 0.109 seconds
[2025-03-23T17:28:06.686+0000] {processor.py:157} INFO - Started process (PID=2097) to work on /opt/airflow/dags/exampledag.py
[2025-03-23T17:28:06.687+0000] {processor.py:829} INFO - Processing file /opt/airflow/dags/exampledag.py for tasks to queue
[2025-03-23T17:28:06.688+0000] {logging_mixin.py:154} INFO - [2025-03-23T17:28:06.687+0000] {dagbag.py:536} INFO - Filling up the DagBag from /opt/airflow/dags/exampledag.py
[2025-03-23T17:28:06.711+0000] {processor.py:839} INFO - DAG(s) dict_keys(['chethan_test_dag']) retrieved from /opt/airflow/dags/exampledag.py
[2025-03-23T17:28:06.741+0000] {logging_mixin.py:154} INFO - [2025-03-23T17:28:06.741+0000] {dag.py:2941} INFO - Sync 1 DAGs
[2025-03-23T17:28:06.766+0000] {logging_mixin.py:154} INFO - [2025-03-23T17:28:06.766+0000] {dag.py:3722} INFO - Setting next_dagrun for chethan_test_dag to 2025-03-22T00:00:00+00:00, run_after=2025-03-23T00:00:00+00:00
[2025-03-23T17:28:06.790+0000] {processor.py:179} INFO - Processing /opt/airflow/dags/exampledag.py took 0.107 seconds
[2025-03-23T17:28:37.050+0000] {processor.py:157} INFO - Started process (PID=2100) to work on /opt/airflow/dags/exampledag.py
[2025-03-23T17:28:37.051+0000] {processor.py:829} INFO - Processing file /opt/airflow/dags/exampledag.py for tasks to queue
[2025-03-23T17:28:37.052+0000] {logging_mixin.py:154} INFO - [2025-03-23T17:28:37.052+0000] {dagbag.py:536} INFO - Filling up the DagBag from /opt/airflow/dags/exampledag.py
[2025-03-23T17:28:37.073+0000] {processor.py:839} INFO - DAG(s) dict_keys(['chethan_test_dag']) retrieved from /opt/airflow/dags/exampledag.py
[2025-03-23T17:28:37.095+0000] {logging_mixin.py:154} INFO - [2025-03-23T17:28:37.095+0000] {dag.py:2941} INFO - Sync 1 DAGs
[2025-03-23T17:28:37.113+0000] {logging_mixin.py:154} INFO - [2025-03-23T17:28:37.113+0000] {dag.py:3722} INFO - Setting next_dagrun for chethan_test_dag to 2025-03-22T00:00:00+00:00, run_after=2025-03-23T00:00:00+00:00
[2025-03-23T17:28:37.134+0000] {processor.py:179} INFO - Processing /opt/airflow/dags/exampledag.py took 0.087 seconds
[2025-03-23T17:29:07.413+0000] {processor.py:157} INFO - Started process (PID=2103) to work on /opt/airflow/dags/exampledag.py
[2025-03-23T17:29:07.414+0000] {processor.py:829} INFO - Processing file /opt/airflow/dags/exampledag.py for tasks to queue
[2025-03-23T17:29:07.415+0000] {logging_mixin.py:154} INFO - [2025-03-23T17:29:07.415+0000] {dagbag.py:536} INFO - Filling up the DagBag from /opt/airflow/dags/exampledag.py
[2025-03-23T17:29:07.437+0000] {processor.py:839} INFO - DAG(s) dict_keys(['chethan_test_dag']) retrieved from /opt/airflow/dags/exampledag.py
[2025-03-23T17:29:07.457+0000] {logging_mixin.py:154} INFO - [2025-03-23T17:29:07.457+0000] {dag.py:2941} INFO - Sync 1 DAGs
[2025-03-23T17:29:07.473+0000] {logging_mixin.py:154} INFO - [2025-03-23T17:29:07.473+0000] {dag.py:3722} INFO - Setting next_dagrun for chethan_test_dag to 2025-03-22T00:00:00+00:00, run_after=2025-03-23T00:00:00+00:00
[2025-03-23T17:29:07.491+0000] {processor.py:179} INFO - Processing /opt/airflow/dags/exampledag.py took 0.080 seconds
[2025-03-23T17:29:37.788+0000] {processor.py:157} INFO - Started process (PID=2106) to work on /opt/airflow/dags/exampledag.py
[2025-03-23T17:29:37.789+0000] {processor.py:829} INFO - Processing file /opt/airflow/dags/exampledag.py for tasks to queue
[2025-03-23T17:29:37.790+0000] {logging_mixin.py:154} INFO - [2025-03-23T17:29:37.789+0000] {dagbag.py:536} INFO - Filling up the DagBag from /opt/airflow/dags/exampledag.py
[2025-03-23T17:29:37.809+0000] {processor.py:839} INFO - DAG(s) dict_keys(['chethan_test_dag']) retrieved from /opt/airflow/dags/exampledag.py
[2025-03-23T17:29:37.828+0000] {logging_mixin.py:154} INFO - [2025-03-23T17:29:37.828+0000] {dag.py:2941} INFO - Sync 1 DAGs
[2025-03-23T17:29:37.845+0000] {logging_mixin.py:154} INFO - [2025-03-23T17:29:37.845+0000] {dag.py:3722} INFO - Setting next_dagrun for chethan_test_dag to 2025-03-22T00:00:00+00:00, run_after=2025-03-23T00:00:00+00:00
[2025-03-23T17:29:37.863+0000] {processor.py:179} INFO - Processing /opt/airflow/dags/exampledag.py took 0.079 seconds
[2025-03-23T17:30:08.114+0000] {processor.py:157} INFO - Started process (PID=2109) to work on /opt/airflow/dags/exampledag.py
[2025-03-23T17:30:08.115+0000] {processor.py:829} INFO - Processing file /opt/airflow/dags/exampledag.py for tasks to queue
[2025-03-23T17:30:08.116+0000] {logging_mixin.py:154} INFO - [2025-03-23T17:30:08.116+0000] {dagbag.py:536} INFO - Filling up the DagBag from /opt/airflow/dags/exampledag.py
[2025-03-23T17:30:08.138+0000] {processor.py:839} INFO - DAG(s) dict_keys(['chethan_test_dag']) retrieved from /opt/airflow/dags/exampledag.py
[2025-03-23T17:30:08.162+0000] {logging_mixin.py:154} INFO - [2025-03-23T17:30:08.162+0000] {dag.py:2941} INFO - Sync 1 DAGs
[2025-03-23T17:30:08.182+0000] {logging_mixin.py:154} INFO - [2025-03-23T17:30:08.182+0000] {dag.py:3722} INFO - Setting next_dagrun for chethan_test_dag to 2025-03-22T00:00:00+00:00, run_after=2025-03-23T00:00:00+00:00
[2025-03-23T17:30:08.205+0000] {processor.py:179} INFO - Processing /opt/airflow/dags/exampledag.py took 0.095 seconds
[2025-03-23T17:30:38.430+0000] {processor.py:157} INFO - Started process (PID=2112) to work on /opt/airflow/dags/exampledag.py
[2025-03-23T17:30:38.431+0000] {processor.py:829} INFO - Processing file /opt/airflow/dags/exampledag.py for tasks to queue
[2025-03-23T17:30:38.432+0000] {logging_mixin.py:154} INFO - [2025-03-23T17:30:38.432+0000] {dagbag.py:536} INFO - Filling up the DagBag from /opt/airflow/dags/exampledag.py
[2025-03-23T17:30:38.460+0000] {processor.py:839} INFO - DAG(s) dict_keys(['chethan_test_dag']) retrieved from /opt/airflow/dags/exampledag.py
[2025-03-23T17:30:38.480+0000] {logging_mixin.py:154} INFO - [2025-03-23T17:30:38.480+0000] {dag.py:2941} INFO - Sync 1 DAGs
[2025-03-23T17:30:38.500+0000] {logging_mixin.py:154} INFO - [2025-03-23T17:30:38.500+0000] {dag.py:3722} INFO - Setting next_dagrun for chethan_test_dag to 2025-03-22T00:00:00+00:00, run_after=2025-03-23T00:00:00+00:00
[2025-03-23T17:30:38.517+0000] {processor.py:179} INFO - Processing /opt/airflow/dags/exampledag.py took 0.090 seconds
[2025-03-23T17:31:08.767+0000] {processor.py:157} INFO - Started process (PID=2115) to work on /opt/airflow/dags/exampledag.py
[2025-03-23T17:31:08.768+0000] {processor.py:829} INFO - Processing file /opt/airflow/dags/exampledag.py for tasks to queue
[2025-03-23T17:31:08.769+0000] {logging_mixin.py:154} INFO - [2025-03-23T17:31:08.769+0000] {dagbag.py:536} INFO - Filling up the DagBag from /opt/airflow/dags/exampledag.py
[2025-03-23T17:31:08.827+0000] {processor.py:839} INFO - DAG(s) dict_keys(['chethan_test_dag']) retrieved from /opt/airflow/dags/exampledag.py
[2025-03-23T17:31:08.898+0000] {logging_mixin.py:154} INFO - [2025-03-23T17:31:08.897+0000] {dag.py:2941} INFO - Sync 1 DAGs
[2025-03-23T17:31:08.938+0000] {logging_mixin.py:154} INFO - [2025-03-23T17:31:08.937+0000] {dag.py:3722} INFO - Setting next_dagrun for chethan_test_dag to 2025-03-22T00:00:00+00:00, run_after=2025-03-23T00:00:00+00:00
[2025-03-23T17:31:08.965+0000] {processor.py:179} INFO - Processing /opt/airflow/dags/exampledag.py took 0.201 seconds
[2025-03-23T17:31:39.223+0000] {processor.py:157} INFO - Started process (PID=2118) to work on /opt/airflow/dags/exampledag.py
[2025-03-23T17:31:39.224+0000] {processor.py:829} INFO - Processing file /opt/airflow/dags/exampledag.py for tasks to queue
[2025-03-23T17:31:39.225+0000] {logging_mixin.py:154} INFO - [2025-03-23T17:31:39.225+0000] {dagbag.py:536} INFO - Filling up the DagBag from /opt/airflow/dags/exampledag.py
[2025-03-23T17:31:39.250+0000] {processor.py:839} INFO - DAG(s) dict_keys(['chethan_test_dag']) retrieved from /opt/airflow/dags/exampledag.py
[2025-03-23T17:31:39.268+0000] {logging_mixin.py:154} INFO - [2025-03-23T17:31:39.268+0000] {dag.py:2941} INFO - Sync 1 DAGs
[2025-03-23T17:31:39.284+0000] {logging_mixin.py:154} INFO - [2025-03-23T17:31:39.284+0000] {dag.py:3722} INFO - Setting next_dagrun for chethan_test_dag to 2025-03-22T00:00:00+00:00, run_after=2025-03-23T00:00:00+00:00
[2025-03-23T17:31:39.300+0000] {processor.py:179} INFO - Processing /opt/airflow/dags/exampledag.py took 0.079 seconds
[2025-03-23T17:32:09.571+0000] {processor.py:157} INFO - Started process (PID=2121) to work on /opt/airflow/dags/exampledag.py
[2025-03-23T17:32:09.573+0000] {processor.py:829} INFO - Processing file /opt/airflow/dags/exampledag.py for tasks to queue
[2025-03-23T17:32:09.576+0000] {logging_mixin.py:154} INFO - [2025-03-23T17:32:09.576+0000] {dagbag.py:536} INFO - Filling up the DagBag from /opt/airflow/dags/exampledag.py
[2025-03-23T17:32:09.630+0000] {processor.py:839} INFO - DAG(s) dict_keys(['chethan_test_dag']) retrieved from /opt/airflow/dags/exampledag.py
[2025-03-23T17:32:09.672+0000] {logging_mixin.py:154} INFO - [2025-03-23T17:32:09.672+0000] {dag.py:2941} INFO - Sync 1 DAGs
[2025-03-23T17:32:09.703+0000] {logging_mixin.py:154} INFO - [2025-03-23T17:32:09.702+0000] {dag.py:3722} INFO - Setting next_dagrun for chethan_test_dag to 2025-03-22T00:00:00+00:00, run_after=2025-03-23T00:00:00+00:00
[2025-03-23T17:32:09.730+0000] {processor.py:179} INFO - Processing /opt/airflow/dags/exampledag.py took 0.164 seconds
[2025-03-23T17:32:39.794+0000] {processor.py:157} INFO - Started process (PID=2123) to work on /opt/airflow/dags/exampledag.py
[2025-03-23T17:32:39.795+0000] {processor.py:829} INFO - Processing file /opt/airflow/dags/exampledag.py for tasks to queue
[2025-03-23T17:32:39.796+0000] {logging_mixin.py:154} INFO - [2025-03-23T17:32:39.796+0000] {dagbag.py:536} INFO - Filling up the DagBag from /opt/airflow/dags/exampledag.py
[2025-03-23T17:32:39.816+0000] {processor.py:839} INFO - DAG(s) dict_keys(['chethan_test_dag']) retrieved from /opt/airflow/dags/exampledag.py
[2025-03-23T17:32:39.837+0000] {logging_mixin.py:154} INFO - [2025-03-23T17:32:39.837+0000] {dag.py:2941} INFO - Sync 1 DAGs
[2025-03-23T17:32:39.857+0000] {logging_mixin.py:154} INFO - [2025-03-23T17:32:39.857+0000] {dag.py:3722} INFO - Setting next_dagrun for chethan_test_dag to 2025-03-22T00:00:00+00:00, run_after=2025-03-23T00:00:00+00:00
[2025-03-23T17:32:39.879+0000] {processor.py:179} INFO - Processing /opt/airflow/dags/exampledag.py took 0.088 seconds
[2025-03-23T17:33:10.176+0000] {processor.py:157} INFO - Started process (PID=2125) to work on /opt/airflow/dags/exampledag.py
[2025-03-23T17:33:10.177+0000] {processor.py:829} INFO - Processing file /opt/airflow/dags/exampledag.py for tasks to queue
[2025-03-23T17:33:10.179+0000] {logging_mixin.py:154} INFO - [2025-03-23T17:33:10.179+0000] {dagbag.py:536} INFO - Filling up the DagBag from /opt/airflow/dags/exampledag.py
[2025-03-23T17:33:10.212+0000] {processor.py:839} INFO - DAG(s) dict_keys(['chethan_test_dag']) retrieved from /opt/airflow/dags/exampledag.py
[2025-03-23T17:33:10.255+0000] {logging_mixin.py:154} INFO - [2025-03-23T17:33:10.255+0000] {dag.py:2941} INFO - Sync 1 DAGs
[2025-03-23T17:33:10.304+0000] {logging_mixin.py:154} INFO - [2025-03-23T17:33:10.304+0000] {dag.py:3722} INFO - Setting next_dagrun for chethan_test_dag to 2025-03-22T00:00:00+00:00, run_after=2025-03-23T00:00:00+00:00
[2025-03-23T17:33:10.345+0000] {processor.py:179} INFO - Processing /opt/airflow/dags/exampledag.py took 0.173 seconds
[2025-03-23T17:33:40.595+0000] {processor.py:157} INFO - Started process (PID=2128) to work on /opt/airflow/dags/exampledag.py
[2025-03-23T17:33:40.596+0000] {processor.py:829} INFO - Processing file /opt/airflow/dags/exampledag.py for tasks to queue
[2025-03-23T17:33:40.597+0000] {logging_mixin.py:154} INFO - [2025-03-23T17:33:40.597+0000] {dagbag.py:536} INFO - Filling up the DagBag from /opt/airflow/dags/exampledag.py
[2025-03-23T17:33:40.622+0000] {processor.py:839} INFO - DAG(s) dict_keys(['chethan_test_dag']) retrieved from /opt/airflow/dags/exampledag.py
[2025-03-23T17:33:40.650+0000] {logging_mixin.py:154} INFO - [2025-03-23T17:33:40.649+0000] {dag.py:2941} INFO - Sync 1 DAGs
[2025-03-23T17:33:40.673+0000] {logging_mixin.py:154} INFO - [2025-03-23T17:33:40.673+0000] {dag.py:3722} INFO - Setting next_dagrun for chethan_test_dag to 2025-03-22T00:00:00+00:00, run_after=2025-03-23T00:00:00+00:00
[2025-03-23T17:33:40.694+0000] {processor.py:179} INFO - Processing /opt/airflow/dags/exampledag.py took 0.103 seconds
[2025-03-23T17:34:11.084+0000] {processor.py:157} INFO - Started process (PID=2131) to work on /opt/airflow/dags/exampledag.py
[2025-03-23T17:34:11.086+0000] {processor.py:829} INFO - Processing file /opt/airflow/dags/exampledag.py for tasks to queue
[2025-03-23T17:34:11.090+0000] {logging_mixin.py:154} INFO - [2025-03-23T17:34:11.089+0000] {dagbag.py:536} INFO - Filling up the DagBag from /opt/airflow/dags/exampledag.py
[2025-03-23T17:34:11.143+0000] {processor.py:839} INFO - DAG(s) dict_keys(['chethan_test_dag']) retrieved from /opt/airflow/dags/exampledag.py
[2025-03-23T17:34:11.194+0000] {logging_mixin.py:154} INFO - [2025-03-23T17:34:11.194+0000] {dag.py:2941} INFO - Sync 1 DAGs
[2025-03-23T17:34:11.229+0000] {logging_mixin.py:154} INFO - [2025-03-23T17:34:11.228+0000] {dag.py:3722} INFO - Setting next_dagrun for chethan_test_dag to 2025-03-22T00:00:00+00:00, run_after=2025-03-23T00:00:00+00:00
[2025-03-23T17:34:11.257+0000] {processor.py:179} INFO - Processing /opt/airflow/dags/exampledag.py took 0.181 seconds
[2025-03-23T17:34:41.541+0000] {processor.py:157} INFO - Started process (PID=2134) to work on /opt/airflow/dags/exampledag.py
[2025-03-23T17:34:41.542+0000] {processor.py:829} INFO - Processing file /opt/airflow/dags/exampledag.py for tasks to queue
[2025-03-23T17:34:41.542+0000] {logging_mixin.py:154} INFO - [2025-03-23T17:34:41.542+0000] {dagbag.py:536} INFO - Filling up the DagBag from /opt/airflow/dags/exampledag.py
[2025-03-23T17:34:41.577+0000] {processor.py:839} INFO - DAG(s) dict_keys(['chethan_test_dag']) retrieved from /opt/airflow/dags/exampledag.py
[2025-03-23T17:34:41.601+0000] {logging_mixin.py:154} INFO - [2025-03-23T17:34:41.601+0000] {dag.py:2941} INFO - Sync 1 DAGs
[2025-03-23T17:34:41.625+0000] {logging_mixin.py:154} INFO - [2025-03-23T17:34:41.625+0000] {dag.py:3722} INFO - Setting next_dagrun for chethan_test_dag to 2025-03-22T00:00:00+00:00, run_after=2025-03-23T00:00:00+00:00
[2025-03-23T17:34:41.646+0000] {processor.py:179} INFO - Processing /opt/airflow/dags/exampledag.py took 0.109 seconds
[2025-03-23T17:35:11.928+0000] {processor.py:157} INFO - Started process (PID=2137) to work on /opt/airflow/dags/exampledag.py
[2025-03-23T17:35:11.930+0000] {processor.py:829} INFO - Processing file /opt/airflow/dags/exampledag.py for tasks to queue
[2025-03-23T17:35:11.931+0000] {logging_mixin.py:154} INFO - [2025-03-23T17:35:11.931+0000] {dagbag.py:536} INFO - Filling up the DagBag from /opt/airflow/dags/exampledag.py
[2025-03-23T17:35:11.956+0000] {processor.py:839} INFO - DAG(s) dict_keys(['chethan_test_dag']) retrieved from /opt/airflow/dags/exampledag.py
[2025-03-23T17:35:11.976+0000] {logging_mixin.py:154} INFO - [2025-03-23T17:35:11.976+0000] {dag.py:2941} INFO - Sync 1 DAGs
[2025-03-23T17:35:12.002+0000] {logging_mixin.py:154} INFO - [2025-03-23T17:35:12.002+0000] {dag.py:3722} INFO - Setting next_dagrun for chethan_test_dag to 2025-03-22T00:00:00+00:00, run_after=2025-03-23T00:00:00+00:00
[2025-03-23T17:35:12.018+0000] {processor.py:179} INFO - Processing /opt/airflow/dags/exampledag.py took 0.094 seconds
[2025-03-23T17:35:42.253+0000] {processor.py:157} INFO - Started process (PID=2140) to work on /opt/airflow/dags/exampledag.py
[2025-03-23T17:35:42.254+0000] {processor.py:829} INFO - Processing file /opt/airflow/dags/exampledag.py for tasks to queue
[2025-03-23T17:35:42.255+0000] {logging_mixin.py:154} INFO - [2025-03-23T17:35:42.255+0000] {dagbag.py:536} INFO - Filling up the DagBag from /opt/airflow/dags/exampledag.py
[2025-03-23T17:35:42.280+0000] {processor.py:839} INFO - DAG(s) dict_keys(['chethan_test_dag']) retrieved from /opt/airflow/dags/exampledag.py
[2025-03-23T17:35:42.338+0000] {logging_mixin.py:154} INFO - [2025-03-23T17:35:42.338+0000] {dag.py:2941} INFO - Sync 1 DAGs
[2025-03-23T17:35:42.395+0000] {logging_mixin.py:154} INFO - [2025-03-23T17:35:42.395+0000] {dag.py:3722} INFO - Setting next_dagrun for chethan_test_dag to 2025-03-22T00:00:00+00:00, run_after=2025-03-23T00:00:00+00:00
[2025-03-23T17:35:42.436+0000] {processor.py:179} INFO - Processing /opt/airflow/dags/exampledag.py took 0.186 seconds
[2025-03-23T17:36:12.694+0000] {processor.py:157} INFO - Started process (PID=2143) to work on /opt/airflow/dags/exampledag.py
[2025-03-23T17:36:12.695+0000] {processor.py:829} INFO - Processing file /opt/airflow/dags/exampledag.py for tasks to queue
[2025-03-23T17:36:12.696+0000] {logging_mixin.py:154} INFO - [2025-03-23T17:36:12.696+0000] {dagbag.py:536} INFO - Filling up the DagBag from /opt/airflow/dags/exampledag.py
[2025-03-23T17:36:12.721+0000] {processor.py:839} INFO - DAG(s) dict_keys(['chethan_test_dag']) retrieved from /opt/airflow/dags/exampledag.py
[2025-03-23T17:36:12.741+0000] {logging_mixin.py:154} INFO - [2025-03-23T17:36:12.740+0000] {dag.py:2941} INFO - Sync 1 DAGs
[2025-03-23T17:36:12.760+0000] {logging_mixin.py:154} INFO - [2025-03-23T17:36:12.760+0000] {dag.py:3722} INFO - Setting next_dagrun for chethan_test_dag to 2025-03-22T00:00:00+00:00, run_after=2025-03-23T00:00:00+00:00
[2025-03-23T17:36:12.777+0000] {processor.py:179} INFO - Processing /opt/airflow/dags/exampledag.py took 0.085 seconds
[2025-03-23T17:36:43.053+0000] {processor.py:157} INFO - Started process (PID=2146) to work on /opt/airflow/dags/exampledag.py
[2025-03-23T17:36:43.055+0000] {processor.py:829} INFO - Processing file /opt/airflow/dags/exampledag.py for tasks to queue
[2025-03-23T17:36:43.056+0000] {logging_mixin.py:154} INFO - [2025-03-23T17:36:43.056+0000] {dagbag.py:536} INFO - Filling up the DagBag from /opt/airflow/dags/exampledag.py
[2025-03-23T17:36:43.093+0000] {processor.py:839} INFO - DAG(s) dict_keys(['chethan_test_dag']) retrieved from /opt/airflow/dags/exampledag.py
[2025-03-23T17:36:43.129+0000] {logging_mixin.py:154} INFO - [2025-03-23T17:36:43.129+0000] {dag.py:2941} INFO - Sync 1 DAGs
[2025-03-23T17:36:43.158+0000] {logging_mixin.py:154} INFO - [2025-03-23T17:36:43.157+0000] {dag.py:3722} INFO - Setting next_dagrun for chethan_test_dag to 2025-03-22T00:00:00+00:00, run_after=2025-03-23T00:00:00+00:00
[2025-03-23T17:36:43.183+0000] {processor.py:179} INFO - Processing /opt/airflow/dags/exampledag.py took 0.132 seconds
[2025-03-23T17:37:13.471+0000] {processor.py:157} INFO - Started process (PID=2149) to work on /opt/airflow/dags/exampledag.py
[2025-03-23T17:37:13.472+0000] {processor.py:829} INFO - Processing file /opt/airflow/dags/exampledag.py for tasks to queue
[2025-03-23T17:37:13.474+0000] {logging_mixin.py:154} INFO - [2025-03-23T17:37:13.473+0000] {dagbag.py:536} INFO - Filling up the DagBag from /opt/airflow/dags/exampledag.py
[2025-03-23T17:37:13.499+0000] {processor.py:839} INFO - DAG(s) dict_keys(['chethan_test_dag']) retrieved from /opt/airflow/dags/exampledag.py
[2025-03-23T17:37:13.521+0000] {logging_mixin.py:154} INFO - [2025-03-23T17:37:13.521+0000] {dag.py:2941} INFO - Sync 1 DAGs
[2025-03-23T17:37:13.539+0000] {logging_mixin.py:154} INFO - [2025-03-23T17:37:13.539+0000] {dag.py:3722} INFO - Setting next_dagrun for chethan_test_dag to 2025-03-22T00:00:00+00:00, run_after=2025-03-23T00:00:00+00:00
[2025-03-23T17:37:13.554+0000] {processor.py:179} INFO - Processing /opt/airflow/dags/exampledag.py took 0.087 seconds
[2025-03-23T17:37:43.795+0000] {processor.py:157} INFO - Started process (PID=2152) to work on /opt/airflow/dags/exampledag.py
[2025-03-23T17:37:43.797+0000] {processor.py:829} INFO - Processing file /opt/airflow/dags/exampledag.py for tasks to queue
[2025-03-23T17:37:43.798+0000] {logging_mixin.py:154} INFO - [2025-03-23T17:37:43.798+0000] {dagbag.py:536} INFO - Filling up the DagBag from /opt/airflow/dags/exampledag.py
[2025-03-23T17:37:43.830+0000] {processor.py:839} INFO - DAG(s) dict_keys(['chethan_test_dag']) retrieved from /opt/airflow/dags/exampledag.py
[2025-03-23T17:37:43.854+0000] {logging_mixin.py:154} INFO - [2025-03-23T17:37:43.853+0000] {dag.py:2941} INFO - Sync 1 DAGs
[2025-03-23T17:37:43.871+0000] {logging_mixin.py:154} INFO - [2025-03-23T17:37:43.871+0000] {dag.py:3722} INFO - Setting next_dagrun for chethan_test_dag to 2025-03-22T00:00:00+00:00, run_after=2025-03-23T00:00:00+00:00
[2025-03-23T17:37:43.913+0000] {processor.py:179} INFO - Processing /opt/airflow/dags/exampledag.py took 0.121 seconds
[2025-03-23T17:38:14.181+0000] {processor.py:157} INFO - Started process (PID=2155) to work on /opt/airflow/dags/exampledag.py
[2025-03-23T17:38:14.184+0000] {processor.py:829} INFO - Processing file /opt/airflow/dags/exampledag.py for tasks to queue
[2025-03-23T17:38:14.185+0000] {logging_mixin.py:154} INFO - [2025-03-23T17:38:14.185+0000] {dagbag.py:536} INFO - Filling up the DagBag from /opt/airflow/dags/exampledag.py
[2025-03-23T17:38:14.221+0000] {processor.py:839} INFO - DAG(s) dict_keys(['chethan_test_dag']) retrieved from /opt/airflow/dags/exampledag.py
[2025-03-23T17:38:14.254+0000] {logging_mixin.py:154} INFO - [2025-03-23T17:38:14.254+0000] {dag.py:2941} INFO - Sync 1 DAGs
[2025-03-23T17:38:14.279+0000] {logging_mixin.py:154} INFO - [2025-03-23T17:38:14.278+0000] {dag.py:3722} INFO - Setting next_dagrun for chethan_test_dag to 2025-03-22T00:00:00+00:00, run_after=2025-03-23T00:00:00+00:00
[2025-03-23T17:38:14.303+0000] {processor.py:179} INFO - Processing /opt/airflow/dags/exampledag.py took 0.126 seconds
[2025-03-23T17:38:44.553+0000] {processor.py:157} INFO - Started process (PID=2158) to work on /opt/airflow/dags/exampledag.py
[2025-03-23T17:38:44.554+0000] {processor.py:829} INFO - Processing file /opt/airflow/dags/exampledag.py for tasks to queue
[2025-03-23T17:38:44.554+0000] {logging_mixin.py:154} INFO - [2025-03-23T17:38:44.554+0000] {dagbag.py:536} INFO - Filling up the DagBag from /opt/airflow/dags/exampledag.py
[2025-03-23T17:38:44.574+0000] {processor.py:839} INFO - DAG(s) dict_keys(['chethan_test_dag']) retrieved from /opt/airflow/dags/exampledag.py
[2025-03-23T17:38:44.594+0000] {logging_mixin.py:154} INFO - [2025-03-23T17:38:44.594+0000] {dag.py:2941} INFO - Sync 1 DAGs
[2025-03-23T17:38:44.614+0000] {logging_mixin.py:154} INFO - [2025-03-23T17:38:44.614+0000] {dag.py:3722} INFO - Setting next_dagrun for chethan_test_dag to 2025-03-22T00:00:00+00:00, run_after=2025-03-23T00:00:00+00:00
[2025-03-23T17:38:44.632+0000] {processor.py:179} INFO - Processing /opt/airflow/dags/exampledag.py took 0.082 seconds
[2025-03-23T17:39:14.997+0000] {processor.py:157} INFO - Started process (PID=2161) to work on /opt/airflow/dags/exampledag.py
[2025-03-23T17:39:14.998+0000] {processor.py:829} INFO - Processing file /opt/airflow/dags/exampledag.py for tasks to queue
[2025-03-23T17:39:14.999+0000] {logging_mixin.py:154} INFO - [2025-03-23T17:39:14.999+0000] {dagbag.py:536} INFO - Filling up the DagBag from /opt/airflow/dags/exampledag.py
[2025-03-23T17:39:15.026+0000] {processor.py:839} INFO - DAG(s) dict_keys(['chethan_test_dag']) retrieved from /opt/airflow/dags/exampledag.py
[2025-03-23T17:39:15.058+0000] {logging_mixin.py:154} INFO - [2025-03-23T17:39:15.058+0000] {dag.py:2941} INFO - Sync 1 DAGs
[2025-03-23T17:39:15.085+0000] {logging_mixin.py:154} INFO - [2025-03-23T17:39:15.085+0000] {dag.py:3722} INFO - Setting next_dagrun for chethan_test_dag to 2025-03-22T00:00:00+00:00, run_after=2025-03-23T00:00:00+00:00
[2025-03-23T17:39:15.109+0000] {processor.py:179} INFO - Processing /opt/airflow/dags/exampledag.py took 0.114 seconds
[2025-03-23T17:39:45.352+0000] {processor.py:157} INFO - Started process (PID=2164) to work on /opt/airflow/dags/exampledag.py
[2025-03-23T17:39:45.354+0000] {processor.py:829} INFO - Processing file /opt/airflow/dags/exampledag.py for tasks to queue
[2025-03-23T17:39:45.355+0000] {logging_mixin.py:154} INFO - [2025-03-23T17:39:45.355+0000] {dagbag.py:536} INFO - Filling up the DagBag from /opt/airflow/dags/exampledag.py
[2025-03-23T17:39:45.380+0000] {processor.py:839} INFO - DAG(s) dict_keys(['chethan_test_dag']) retrieved from /opt/airflow/dags/exampledag.py
[2025-03-23T17:39:45.402+0000] {logging_mixin.py:154} INFO - [2025-03-23T17:39:45.402+0000] {dag.py:2941} INFO - Sync 1 DAGs
[2025-03-23T17:39:45.422+0000] {logging_mixin.py:154} INFO - [2025-03-23T17:39:45.421+0000] {dag.py:3722} INFO - Setting next_dagrun for chethan_test_dag to 2025-03-22T00:00:00+00:00, run_after=2025-03-23T00:00:00+00:00
[2025-03-23T17:39:45.445+0000] {processor.py:179} INFO - Processing /opt/airflow/dags/exampledag.py took 0.097 seconds
[2025-03-23T17:40:15.701+0000] {processor.py:157} INFO - Started process (PID=2167) to work on /opt/airflow/dags/exampledag.py
[2025-03-23T17:40:15.702+0000] {processor.py:829} INFO - Processing file /opt/airflow/dags/exampledag.py for tasks to queue
[2025-03-23T17:40:15.703+0000] {logging_mixin.py:154} INFO - [2025-03-23T17:40:15.703+0000] {dagbag.py:536} INFO - Filling up the DagBag from /opt/airflow/dags/exampledag.py
[2025-03-23T17:40:15.730+0000] {processor.py:839} INFO - DAG(s) dict_keys(['chethan_test_dag']) retrieved from /opt/airflow/dags/exampledag.py
[2025-03-23T17:40:15.758+0000] {logging_mixin.py:154} INFO - [2025-03-23T17:40:15.758+0000] {dag.py:2941} INFO - Sync 1 DAGs
[2025-03-23T17:40:15.776+0000] {logging_mixin.py:154} INFO - [2025-03-23T17:40:15.776+0000] {dag.py:3722} INFO - Setting next_dagrun for chethan_test_dag to 2025-03-22T00:00:00+00:00, run_after=2025-03-23T00:00:00+00:00
[2025-03-23T17:40:15.794+0000] {processor.py:179} INFO - Processing /opt/airflow/dags/exampledag.py took 0.097 seconds
[2025-03-23T17:40:46.118+0000] {processor.py:157} INFO - Started process (PID=2170) to work on /opt/airflow/dags/exampledag.py
[2025-03-23T17:40:46.120+0000] {processor.py:829} INFO - Processing file /opt/airflow/dags/exampledag.py for tasks to queue
[2025-03-23T17:40:46.121+0000] {logging_mixin.py:154} INFO - [2025-03-23T17:40:46.121+0000] {dagbag.py:536} INFO - Filling up the DagBag from /opt/airflow/dags/exampledag.py
[2025-03-23T17:40:46.162+0000] {processor.py:839} INFO - DAG(s) dict_keys(['chethan_test_dag']) retrieved from /opt/airflow/dags/exampledag.py
[2025-03-23T17:40:46.201+0000] {logging_mixin.py:154} INFO - [2025-03-23T17:40:46.201+0000] {dag.py:2941} INFO - Sync 1 DAGs
[2025-03-23T17:40:46.231+0000] {logging_mixin.py:154} INFO - [2025-03-23T17:40:46.231+0000] {dag.py:3722} INFO - Setting next_dagrun for chethan_test_dag to 2025-03-22T00:00:00+00:00, run_after=2025-03-23T00:00:00+00:00
[2025-03-23T17:40:46.252+0000] {processor.py:179} INFO - Processing /opt/airflow/dags/exampledag.py took 0.143 seconds
[2025-03-23T17:41:16.555+0000] {processor.py:157} INFO - Started process (PID=2173) to work on /opt/airflow/dags/exampledag.py
[2025-03-23T17:41:16.557+0000] {processor.py:829} INFO - Processing file /opt/airflow/dags/exampledag.py for tasks to queue
[2025-03-23T17:41:16.559+0000] {logging_mixin.py:154} INFO - [2025-03-23T17:41:16.559+0000] {dagbag.py:536} INFO - Filling up the DagBag from /opt/airflow/dags/exampledag.py
[2025-03-23T17:41:16.586+0000] {processor.py:839} INFO - DAG(s) dict_keys(['chethan_test_dag']) retrieved from /opt/airflow/dags/exampledag.py
[2025-03-23T17:41:16.608+0000] {logging_mixin.py:154} INFO - [2025-03-23T17:41:16.608+0000] {dag.py:2941} INFO - Sync 1 DAGs
[2025-03-23T17:41:16.631+0000] {logging_mixin.py:154} INFO - [2025-03-23T17:41:16.631+0000] {dag.py:3722} INFO - Setting next_dagrun for chethan_test_dag to 2025-03-22T00:00:00+00:00, run_after=2025-03-23T00:00:00+00:00
[2025-03-23T17:41:16.653+0000] {processor.py:179} INFO - Processing /opt/airflow/dags/exampledag.py took 0.107 seconds
[2025-03-23T17:41:46.938+0000] {processor.py:157} INFO - Started process (PID=2176) to work on /opt/airflow/dags/exampledag.py
[2025-03-23T17:41:46.940+0000] {processor.py:829} INFO - Processing file /opt/airflow/dags/exampledag.py for tasks to queue
[2025-03-23T17:41:46.941+0000] {logging_mixin.py:154} INFO - [2025-03-23T17:41:46.941+0000] {dagbag.py:536} INFO - Filling up the DagBag from /opt/airflow/dags/exampledag.py
[2025-03-23T17:41:46.971+0000] {processor.py:839} INFO - DAG(s) dict_keys(['chethan_test_dag']) retrieved from /opt/airflow/dags/exampledag.py
[2025-03-23T17:41:47.011+0000] {logging_mixin.py:154} INFO - [2025-03-23T17:41:47.010+0000] {dag.py:2941} INFO - Sync 1 DAGs
[2025-03-23T17:41:47.038+0000] {logging_mixin.py:154} INFO - [2025-03-23T17:41:47.038+0000] {dag.py:3722} INFO - Setting next_dagrun for chethan_test_dag to 2025-03-22T00:00:00+00:00, run_after=2025-03-23T00:00:00+00:00
[2025-03-23T17:41:47.072+0000] {processor.py:179} INFO - Processing /opt/airflow/dags/exampledag.py took 0.137 seconds
[2025-03-23T17:42:17.343+0000] {processor.py:157} INFO - Started process (PID=2179) to work on /opt/airflow/dags/exampledag.py
[2025-03-23T17:42:17.344+0000] {processor.py:829} INFO - Processing file /opt/airflow/dags/exampledag.py for tasks to queue
[2025-03-23T17:42:17.345+0000] {logging_mixin.py:154} INFO - [2025-03-23T17:42:17.345+0000] {dagbag.py:536} INFO - Filling up the DagBag from /opt/airflow/dags/exampledag.py
[2025-03-23T17:42:17.376+0000] {processor.py:839} INFO - DAG(s) dict_keys(['chethan_test_dag']) retrieved from /opt/airflow/dags/exampledag.py
[2025-03-23T17:42:17.416+0000] {logging_mixin.py:154} INFO - [2025-03-23T17:42:17.415+0000] {dag.py:2941} INFO - Sync 1 DAGs
[2025-03-23T17:42:17.451+0000] {logging_mixin.py:154} INFO - [2025-03-23T17:42:17.450+0000] {dag.py:3722} INFO - Setting next_dagrun for chethan_test_dag to 2025-03-22T00:00:00+00:00, run_after=2025-03-23T00:00:00+00:00
[2025-03-23T17:42:17.478+0000] {processor.py:179} INFO - Processing /opt/airflow/dags/exampledag.py took 0.139 seconds
[2025-03-23T17:42:47.763+0000] {processor.py:157} INFO - Started process (PID=2182) to work on /opt/airflow/dags/exampledag.py
[2025-03-23T17:42:47.764+0000] {processor.py:829} INFO - Processing file /opt/airflow/dags/exampledag.py for tasks to queue
[2025-03-23T17:42:47.765+0000] {logging_mixin.py:154} INFO - [2025-03-23T17:42:47.765+0000] {dagbag.py:536} INFO - Filling up the DagBag from /opt/airflow/dags/exampledag.py
[2025-03-23T17:42:47.790+0000] {processor.py:839} INFO - DAG(s) dict_keys(['chethan_test_dag']) retrieved from /opt/airflow/dags/exampledag.py
[2025-03-23T17:42:47.817+0000] {logging_mixin.py:154} INFO - [2025-03-23T17:42:47.817+0000] {dag.py:2941} INFO - Sync 1 DAGs
[2025-03-23T17:42:47.836+0000] {logging_mixin.py:154} INFO - [2025-03-23T17:42:47.836+0000] {dag.py:3722} INFO - Setting next_dagrun for chethan_test_dag to 2025-03-22T00:00:00+00:00, run_after=2025-03-23T00:00:00+00:00
[2025-03-23T17:42:47.853+0000] {processor.py:179} INFO - Processing /opt/airflow/dags/exampledag.py took 0.094 seconds
[2025-03-23T17:43:18.100+0000] {processor.py:157} INFO - Started process (PID=2185) to work on /opt/airflow/dags/exampledag.py
[2025-03-23T17:43:18.101+0000] {processor.py:829} INFO - Processing file /opt/airflow/dags/exampledag.py for tasks to queue
[2025-03-23T17:43:18.102+0000] {logging_mixin.py:154} INFO - [2025-03-23T17:43:18.102+0000] {dagbag.py:536} INFO - Filling up the DagBag from /opt/airflow/dags/exampledag.py
[2025-03-23T17:43:18.124+0000] {processor.py:839} INFO - DAG(s) dict_keys(['chethan_test_dag']) retrieved from /opt/airflow/dags/exampledag.py
[2025-03-23T17:43:18.146+0000] {logging_mixin.py:154} INFO - [2025-03-23T17:43:18.145+0000] {dag.py:2941} INFO - Sync 1 DAGs
[2025-03-23T17:43:18.168+0000] {logging_mixin.py:154} INFO - [2025-03-23T17:43:18.167+0000] {dag.py:3722} INFO - Setting next_dagrun for chethan_test_dag to 2025-03-22T00:00:00+00:00, run_after=2025-03-23T00:00:00+00:00
[2025-03-23T17:43:18.190+0000] {processor.py:179} INFO - Processing /opt/airflow/dags/exampledag.py took 0.093 seconds
[2025-03-23T17:43:48.483+0000] {processor.py:157} INFO - Started process (PID=2188) to work on /opt/airflow/dags/exampledag.py
[2025-03-23T17:43:48.484+0000] {processor.py:829} INFO - Processing file /opt/airflow/dags/exampledag.py for tasks to queue
[2025-03-23T17:43:48.485+0000] {logging_mixin.py:154} INFO - [2025-03-23T17:43:48.485+0000] {dagbag.py:536} INFO - Filling up the DagBag from /opt/airflow/dags/exampledag.py
[2025-03-23T17:43:48.508+0000] {processor.py:839} INFO - DAG(s) dict_keys(['chethan_test_dag']) retrieved from /opt/airflow/dags/exampledag.py
[2025-03-23T17:43:48.531+0000] {logging_mixin.py:154} INFO - [2025-03-23T17:43:48.530+0000] {dag.py:2941} INFO - Sync 1 DAGs
[2025-03-23T17:43:48.548+0000] {logging_mixin.py:154} INFO - [2025-03-23T17:43:48.548+0000] {dag.py:3722} INFO - Setting next_dagrun for chethan_test_dag to 2025-03-22T00:00:00+00:00, run_after=2025-03-23T00:00:00+00:00
[2025-03-23T17:43:48.567+0000] {processor.py:179} INFO - Processing /opt/airflow/dags/exampledag.py took 0.088 seconds
[2025-03-23T17:44:18.820+0000] {processor.py:157} INFO - Started process (PID=2191) to work on /opt/airflow/dags/exampledag.py
[2025-03-23T17:44:18.822+0000] {processor.py:829} INFO - Processing file /opt/airflow/dags/exampledag.py for tasks to queue
[2025-03-23T17:44:18.824+0000] {logging_mixin.py:154} INFO - [2025-03-23T17:44:18.823+0000] {dagbag.py:536} INFO - Filling up the DagBag from /opt/airflow/dags/exampledag.py
[2025-03-23T17:44:18.858+0000] {processor.py:839} INFO - DAG(s) dict_keys(['chethan_test_dag']) retrieved from /opt/airflow/dags/exampledag.py
[2025-03-23T17:44:18.889+0000] {logging_mixin.py:154} INFO - [2025-03-23T17:44:18.889+0000] {dag.py:2941} INFO - Sync 1 DAGs
[2025-03-23T17:44:18.909+0000] {logging_mixin.py:154} INFO - [2025-03-23T17:44:18.909+0000] {dag.py:3722} INFO - Setting next_dagrun for chethan_test_dag to 2025-03-22T00:00:00+00:00, run_after=2025-03-23T00:00:00+00:00
[2025-03-23T17:44:18.934+0000] {processor.py:179} INFO - Processing /opt/airflow/dags/exampledag.py took 0.119 seconds
[2025-03-23T17:44:49.226+0000] {processor.py:157} INFO - Started process (PID=2194) to work on /opt/airflow/dags/exampledag.py
[2025-03-23T17:44:49.227+0000] {processor.py:829} INFO - Processing file /opt/airflow/dags/exampledag.py for tasks to queue
[2025-03-23T17:44:49.228+0000] {logging_mixin.py:154} INFO - [2025-03-23T17:44:49.228+0000] {dagbag.py:536} INFO - Filling up the DagBag from /opt/airflow/dags/exampledag.py
[2025-03-23T17:44:49.251+0000] {processor.py:839} INFO - DAG(s) dict_keys(['chethan_test_dag']) retrieved from /opt/airflow/dags/exampledag.py
[2025-03-23T17:44:49.271+0000] {logging_mixin.py:154} INFO - [2025-03-23T17:44:49.271+0000] {dag.py:2941} INFO - Sync 1 DAGs
[2025-03-23T17:44:49.289+0000] {logging_mixin.py:154} INFO - [2025-03-23T17:44:49.289+0000] {dag.py:3722} INFO - Setting next_dagrun for chethan_test_dag to 2025-03-22T00:00:00+00:00, run_after=2025-03-23T00:00:00+00:00
[2025-03-23T17:44:49.310+0000] {processor.py:179} INFO - Processing /opt/airflow/dags/exampledag.py took 0.088 seconds
[2025-03-23T17:45:19.619+0000] {processor.py:157} INFO - Started process (PID=2197) to work on /opt/airflow/dags/exampledag.py
[2025-03-23T17:45:19.620+0000] {processor.py:829} INFO - Processing file /opt/airflow/dags/exampledag.py for tasks to queue
[2025-03-23T17:45:19.622+0000] {logging_mixin.py:154} INFO - [2025-03-23T17:45:19.622+0000] {dagbag.py:536} INFO - Filling up the DagBag from /opt/airflow/dags/exampledag.py
[2025-03-23T17:45:19.655+0000] {processor.py:839} INFO - DAG(s) dict_keys(['chethan_test_dag']) retrieved from /opt/airflow/dags/exampledag.py
[2025-03-23T17:45:19.678+0000] {logging_mixin.py:154} INFO - [2025-03-23T17:45:19.678+0000] {dag.py:2941} INFO - Sync 1 DAGs
[2025-03-23T17:45:19.698+0000] {logging_mixin.py:154} INFO - [2025-03-23T17:45:19.698+0000] {dag.py:3722} INFO - Setting next_dagrun for chethan_test_dag to 2025-03-22T00:00:00+00:00, run_after=2025-03-23T00:00:00+00:00
[2025-03-23T17:45:19.715+0000] {processor.py:179} INFO - Processing /opt/airflow/dags/exampledag.py took 0.102 seconds
[2025-03-23T17:45:50.028+0000] {processor.py:157} INFO - Started process (PID=2200) to work on /opt/airflow/dags/exampledag.py
[2025-03-23T17:45:50.029+0000] {processor.py:829} INFO - Processing file /opt/airflow/dags/exampledag.py for tasks to queue
[2025-03-23T17:45:50.030+0000] {logging_mixin.py:154} INFO - [2025-03-23T17:45:50.030+0000] {dagbag.py:536} INFO - Filling up the DagBag from /opt/airflow/dags/exampledag.py
[2025-03-23T17:45:50.100+0000] {processor.py:839} INFO - DAG(s) dict_keys(['chethan_test_dag']) retrieved from /opt/airflow/dags/exampledag.py
[2025-03-23T17:45:50.140+0000] {logging_mixin.py:154} INFO - [2025-03-23T17:45:50.140+0000] {dag.py:2941} INFO - Sync 1 DAGs
[2025-03-23T17:45:50.161+0000] {logging_mixin.py:154} INFO - [2025-03-23T17:45:50.161+0000] {dag.py:3722} INFO - Setting next_dagrun for chethan_test_dag to 2025-03-22T00:00:00+00:00, run_after=2025-03-23T00:00:00+00:00
[2025-03-23T17:45:50.194+0000] {processor.py:179} INFO - Processing /opt/airflow/dags/exampledag.py took 0.169 seconds
[2025-03-23T17:46:20.470+0000] {processor.py:157} INFO - Started process (PID=2203) to work on /opt/airflow/dags/exampledag.py
[2025-03-23T17:46:20.471+0000] {processor.py:829} INFO - Processing file /opt/airflow/dags/exampledag.py for tasks to queue
[2025-03-23T17:46:20.472+0000] {logging_mixin.py:154} INFO - [2025-03-23T17:46:20.472+0000] {dagbag.py:536} INFO - Filling up the DagBag from /opt/airflow/dags/exampledag.py
[2025-03-23T17:46:20.493+0000] {processor.py:839} INFO - DAG(s) dict_keys(['chethan_test_dag']) retrieved from /opt/airflow/dags/exampledag.py
[2025-03-23T17:46:20.517+0000] {logging_mixin.py:154} INFO - [2025-03-23T17:46:20.517+0000] {dag.py:2941} INFO - Sync 1 DAGs
[2025-03-23T17:46:20.540+0000] {logging_mixin.py:154} INFO - [2025-03-23T17:46:20.539+0000] {dag.py:3722} INFO - Setting next_dagrun for chethan_test_dag to 2025-03-22T00:00:00+00:00, run_after=2025-03-23T00:00:00+00:00
[2025-03-23T17:46:20.559+0000] {processor.py:179} INFO - Processing /opt/airflow/dags/exampledag.py took 0.091 seconds
[2025-03-23T17:46:50.882+0000] {processor.py:157} INFO - Started process (PID=2206) to work on /opt/airflow/dags/exampledag.py
[2025-03-23T17:46:50.883+0000] {processor.py:829} INFO - Processing file /opt/airflow/dags/exampledag.py for tasks to queue
[2025-03-23T17:46:50.884+0000] {logging_mixin.py:154} INFO - [2025-03-23T17:46:50.884+0000] {dagbag.py:536} INFO - Filling up the DagBag from /opt/airflow/dags/exampledag.py
[2025-03-23T17:46:50.908+0000] {processor.py:839} INFO - DAG(s) dict_keys(['chethan_test_dag']) retrieved from /opt/airflow/dags/exampledag.py
[2025-03-23T17:46:50.928+0000] {logging_mixin.py:154} INFO - [2025-03-23T17:46:50.928+0000] {dag.py:2941} INFO - Sync 1 DAGs
[2025-03-23T17:46:50.946+0000] {logging_mixin.py:154} INFO - [2025-03-23T17:46:50.946+0000] {dag.py:3722} INFO - Setting next_dagrun for chethan_test_dag to 2025-03-22T00:00:00+00:00, run_after=2025-03-23T00:00:00+00:00
[2025-03-23T17:46:50.965+0000] {processor.py:179} INFO - Processing /opt/airflow/dags/exampledag.py took 0.086 seconds
[2025-03-23T17:47:21.190+0000] {processor.py:157} INFO - Started process (PID=2209) to work on /opt/airflow/dags/exampledag.py
[2025-03-23T17:47:21.191+0000] {processor.py:829} INFO - Processing file /opt/airflow/dags/exampledag.py for tasks to queue
[2025-03-23T17:47:21.192+0000] {logging_mixin.py:154} INFO - [2025-03-23T17:47:21.192+0000] {dagbag.py:536} INFO - Filling up the DagBag from /opt/airflow/dags/exampledag.py
[2025-03-23T17:47:21.213+0000] {processor.py:839} INFO - DAG(s) dict_keys(['chethan_test_dag']) retrieved from /opt/airflow/dags/exampledag.py
[2025-03-23T17:47:21.238+0000] {logging_mixin.py:154} INFO - [2025-03-23T17:47:21.237+0000] {dag.py:2941} INFO - Sync 1 DAGs
[2025-03-23T17:47:21.257+0000] {logging_mixin.py:154} INFO - [2025-03-23T17:47:21.257+0000] {dag.py:3722} INFO - Setting next_dagrun for chethan_test_dag to 2025-03-22T00:00:00+00:00, run_after=2025-03-23T00:00:00+00:00
[2025-03-23T17:47:21.278+0000] {processor.py:179} INFO - Processing /opt/airflow/dags/exampledag.py took 0.091 seconds
[2025-03-23T17:47:51.523+0000] {processor.py:157} INFO - Started process (PID=2212) to work on /opt/airflow/dags/exampledag.py
[2025-03-23T17:47:51.524+0000] {processor.py:829} INFO - Processing file /opt/airflow/dags/exampledag.py for tasks to queue
[2025-03-23T17:47:51.525+0000] {logging_mixin.py:154} INFO - [2025-03-23T17:47:51.525+0000] {dagbag.py:536} INFO - Filling up the DagBag from /opt/airflow/dags/exampledag.py
[2025-03-23T17:47:51.548+0000] {processor.py:839} INFO - DAG(s) dict_keys(['chethan_test_dag']) retrieved from /opt/airflow/dags/exampledag.py
[2025-03-23T17:47:51.576+0000] {logging_mixin.py:154} INFO - [2025-03-23T17:47:51.576+0000] {dag.py:2941} INFO - Sync 1 DAGs
[2025-03-23T17:47:51.598+0000] {logging_mixin.py:154} INFO - [2025-03-23T17:47:51.598+0000] {dag.py:3722} INFO - Setting next_dagrun for chethan_test_dag to 2025-03-22T00:00:00+00:00, run_after=2025-03-23T00:00:00+00:00
[2025-03-23T17:47:51.615+0000] {processor.py:179} INFO - Processing /opt/airflow/dags/exampledag.py took 0.096 seconds
[2025-03-23T17:48:21.883+0000] {processor.py:157} INFO - Started process (PID=2215) to work on /opt/airflow/dags/exampledag.py
[2025-03-23T17:48:21.885+0000] {processor.py:829} INFO - Processing file /opt/airflow/dags/exampledag.py for tasks to queue
[2025-03-23T17:48:21.886+0000] {logging_mixin.py:154} INFO - [2025-03-23T17:48:21.885+0000] {dagbag.py:536} INFO - Filling up the DagBag from /opt/airflow/dags/exampledag.py
[2025-03-23T17:48:21.910+0000] {processor.py:839} INFO - DAG(s) dict_keys(['chethan_test_dag']) retrieved from /opt/airflow/dags/exampledag.py
[2025-03-23T17:48:21.938+0000] {logging_mixin.py:154} INFO - [2025-03-23T17:48:21.938+0000] {dag.py:2941} INFO - Sync 1 DAGs
[2025-03-23T17:48:21.967+0000] {logging_mixin.py:154} INFO - [2025-03-23T17:48:21.967+0000] {dag.py:3722} INFO - Setting next_dagrun for chethan_test_dag to 2025-03-22T00:00:00+00:00, run_after=2025-03-23T00:00:00+00:00
[2025-03-23T17:48:21.987+0000] {processor.py:179} INFO - Processing /opt/airflow/dags/exampledag.py took 0.107 seconds
[2025-03-23T17:48:52.229+0000] {processor.py:157} INFO - Started process (PID=2218) to work on /opt/airflow/dags/exampledag.py
[2025-03-23T17:48:52.230+0000] {processor.py:829} INFO - Processing file /opt/airflow/dags/exampledag.py for tasks to queue
[2025-03-23T17:48:52.231+0000] {logging_mixin.py:154} INFO - [2025-03-23T17:48:52.230+0000] {dagbag.py:536} INFO - Filling up the DagBag from /opt/airflow/dags/exampledag.py
[2025-03-23T17:48:52.255+0000] {processor.py:839} INFO - DAG(s) dict_keys(['chethan_test_dag']) retrieved from /opt/airflow/dags/exampledag.py
[2025-03-23T17:48:52.278+0000] {logging_mixin.py:154} INFO - [2025-03-23T17:48:52.278+0000] {dag.py:2941} INFO - Sync 1 DAGs
[2025-03-23T17:48:52.293+0000] {logging_mixin.py:154} INFO - [2025-03-23T17:48:52.293+0000] {dag.py:3722} INFO - Setting next_dagrun for chethan_test_dag to 2025-03-22T00:00:00+00:00, run_after=2025-03-23T00:00:00+00:00
[2025-03-23T17:48:52.313+0000] {processor.py:179} INFO - Processing /opt/airflow/dags/exampledag.py took 0.086 seconds
[2025-03-23T17:49:22.625+0000] {processor.py:157} INFO - Started process (PID=2221) to work on /opt/airflow/dags/exampledag.py
[2025-03-23T17:49:22.626+0000] {processor.py:829} INFO - Processing file /opt/airflow/dags/exampledag.py for tasks to queue
[2025-03-23T17:49:22.627+0000] {logging_mixin.py:154} INFO - [2025-03-23T17:49:22.627+0000] {dagbag.py:536} INFO - Filling up the DagBag from /opt/airflow/dags/exampledag.py
[2025-03-23T17:49:22.652+0000] {processor.py:839} INFO - DAG(s) dict_keys(['chethan_test_dag']) retrieved from /opt/airflow/dags/exampledag.py
[2025-03-23T17:49:22.671+0000] {logging_mixin.py:154} INFO - [2025-03-23T17:49:22.671+0000] {dag.py:2941} INFO - Sync 1 DAGs
[2025-03-23T17:49:22.689+0000] {logging_mixin.py:154} INFO - [2025-03-23T17:49:22.689+0000] {dag.py:3722} INFO - Setting next_dagrun for chethan_test_dag to 2025-03-22T00:00:00+00:00, run_after=2025-03-23T00:00:00+00:00
[2025-03-23T17:49:22.704+0000] {processor.py:179} INFO - Processing /opt/airflow/dags/exampledag.py took 0.082 seconds
[2025-03-23T17:49:52.972+0000] {processor.py:157} INFO - Started process (PID=2224) to work on /opt/airflow/dags/exampledag.py
[2025-03-23T17:49:52.974+0000] {processor.py:829} INFO - Processing file /opt/airflow/dags/exampledag.py for tasks to queue
[2025-03-23T17:49:52.976+0000] {logging_mixin.py:154} INFO - [2025-03-23T17:49:52.975+0000] {dagbag.py:536} INFO - Filling up the DagBag from /opt/airflow/dags/exampledag.py
[2025-03-23T17:49:53.008+0000] {processor.py:839} INFO - DAG(s) dict_keys(['chethan_test_dag']) retrieved from /opt/airflow/dags/exampledag.py
[2025-03-23T17:49:53.031+0000] {logging_mixin.py:154} INFO - [2025-03-23T17:49:53.030+0000] {dag.py:2941} INFO - Sync 1 DAGs
[2025-03-23T17:49:53.053+0000] {logging_mixin.py:154} INFO - [2025-03-23T17:49:53.052+0000] {dag.py:3722} INFO - Setting next_dagrun for chethan_test_dag to 2025-03-22T00:00:00+00:00, run_after=2025-03-23T00:00:00+00:00
[2025-03-23T17:49:53.071+0000] {processor.py:179} INFO - Processing /opt/airflow/dags/exampledag.py took 0.106 seconds
[2025-03-23T17:50:23.295+0000] {processor.py:157} INFO - Started process (PID=2227) to work on /opt/airflow/dags/exampledag.py
[2025-03-23T17:50:23.297+0000] {processor.py:829} INFO - Processing file /opt/airflow/dags/exampledag.py for tasks to queue
[2025-03-23T17:50:23.298+0000] {logging_mixin.py:154} INFO - [2025-03-23T17:50:23.298+0000] {dagbag.py:536} INFO - Filling up the DagBag from /opt/airflow/dags/exampledag.py
[2025-03-23T17:50:23.321+0000] {processor.py:839} INFO - DAG(s) dict_keys(['chethan_test_dag']) retrieved from /opt/airflow/dags/exampledag.py
[2025-03-23T17:50:23.343+0000] {logging_mixin.py:154} INFO - [2025-03-23T17:50:23.343+0000] {dag.py:2941} INFO - Sync 1 DAGs
[2025-03-23T17:50:23.363+0000] {logging_mixin.py:154} INFO - [2025-03-23T17:50:23.363+0000] {dag.py:3722} INFO - Setting next_dagrun for chethan_test_dag to 2025-03-22T00:00:00+00:00, run_after=2025-03-23T00:00:00+00:00
[2025-03-23T17:50:23.382+0000] {processor.py:179} INFO - Processing /opt/airflow/dags/exampledag.py took 0.091 seconds
[2025-03-23T17:50:53.670+0000] {processor.py:157} INFO - Started process (PID=2230) to work on /opt/airflow/dags/exampledag.py
[2025-03-23T17:50:53.671+0000] {processor.py:829} INFO - Processing file /opt/airflow/dags/exampledag.py for tasks to queue
[2025-03-23T17:50:53.672+0000] {logging_mixin.py:154} INFO - [2025-03-23T17:50:53.672+0000] {dagbag.py:536} INFO - Filling up the DagBag from /opt/airflow/dags/exampledag.py
[2025-03-23T17:50:53.709+0000] {processor.py:839} INFO - DAG(s) dict_keys(['chethan_test_dag']) retrieved from /opt/airflow/dags/exampledag.py
[2025-03-23T17:50:53.732+0000] {logging_mixin.py:154} INFO - [2025-03-23T17:50:53.732+0000] {dag.py:2941} INFO - Sync 1 DAGs
[2025-03-23T17:50:53.758+0000] {logging_mixin.py:154} INFO - [2025-03-23T17:50:53.757+0000] {dag.py:3722} INFO - Setting next_dagrun for chethan_test_dag to 2025-03-22T00:00:00+00:00, run_after=2025-03-23T00:00:00+00:00
[2025-03-23T17:50:53.785+0000] {processor.py:179} INFO - Processing /opt/airflow/dags/exampledag.py took 0.120 seconds
[2025-03-23T17:51:24.027+0000] {processor.py:157} INFO - Started process (PID=2233) to work on /opt/airflow/dags/exampledag.py
[2025-03-23T17:51:24.028+0000] {processor.py:829} INFO - Processing file /opt/airflow/dags/exampledag.py for tasks to queue
[2025-03-23T17:51:24.029+0000] {logging_mixin.py:154} INFO - [2025-03-23T17:51:24.029+0000] {dagbag.py:536} INFO - Filling up the DagBag from /opt/airflow/dags/exampledag.py
[2025-03-23T17:51:24.055+0000] {processor.py:839} INFO - DAG(s) dict_keys(['chethan_test_dag']) retrieved from /opt/airflow/dags/exampledag.py
[2025-03-23T17:51:24.078+0000] {logging_mixin.py:154} INFO - [2025-03-23T17:51:24.078+0000] {dag.py:2941} INFO - Sync 1 DAGs
[2025-03-23T17:51:24.099+0000] {logging_mixin.py:154} INFO - [2025-03-23T17:51:24.099+0000] {dag.py:3722} INFO - Setting next_dagrun for chethan_test_dag to 2025-03-22T00:00:00+00:00, run_after=2025-03-23T00:00:00+00:00
[2025-03-23T17:51:24.116+0000] {processor.py:179} INFO - Processing /opt/airflow/dags/exampledag.py took 0.092 seconds
[2025-03-23T17:51:54.361+0000] {processor.py:157} INFO - Started process (PID=2236) to work on /opt/airflow/dags/exampledag.py
[2025-03-23T17:51:54.363+0000] {processor.py:829} INFO - Processing file /opt/airflow/dags/exampledag.py for tasks to queue
[2025-03-23T17:51:54.364+0000] {logging_mixin.py:154} INFO - [2025-03-23T17:51:54.364+0000] {dagbag.py:536} INFO - Filling up the DagBag from /opt/airflow/dags/exampledag.py
[2025-03-23T17:51:54.405+0000] {processor.py:839} INFO - DAG(s) dict_keys(['chethan_test_dag']) retrieved from /opt/airflow/dags/exampledag.py
[2025-03-23T17:51:54.439+0000] {logging_mixin.py:154} INFO - [2025-03-23T17:51:54.439+0000] {dag.py:2941} INFO - Sync 1 DAGs
[2025-03-23T17:51:54.472+0000] {logging_mixin.py:154} INFO - [2025-03-23T17:51:54.472+0000] {dag.py:3722} INFO - Setting next_dagrun for chethan_test_dag to 2025-03-22T00:00:00+00:00, run_after=2025-03-23T00:00:00+00:00
[2025-03-23T17:51:54.519+0000] {processor.py:179} INFO - Processing /opt/airflow/dags/exampledag.py took 0.161 seconds
[2025-03-23T17:52:24.811+0000] {processor.py:157} INFO - Started process (PID=2239) to work on /opt/airflow/dags/exampledag.py
[2025-03-23T17:52:24.812+0000] {processor.py:829} INFO - Processing file /opt/airflow/dags/exampledag.py for tasks to queue
[2025-03-23T17:52:24.813+0000] {logging_mixin.py:154} INFO - [2025-03-23T17:52:24.813+0000] {dagbag.py:536} INFO - Filling up the DagBag from /opt/airflow/dags/exampledag.py
[2025-03-23T17:52:24.839+0000] {processor.py:839} INFO - DAG(s) dict_keys(['chethan_test_dag']) retrieved from /opt/airflow/dags/exampledag.py
[2025-03-23T17:52:24.861+0000] {logging_mixin.py:154} INFO - [2025-03-23T17:52:24.861+0000] {dag.py:2941} INFO - Sync 1 DAGs
[2025-03-23T17:52:24.880+0000] {logging_mixin.py:154} INFO - [2025-03-23T17:52:24.880+0000] {dag.py:3722} INFO - Setting next_dagrun for chethan_test_dag to 2025-03-22T00:00:00+00:00, run_after=2025-03-23T00:00:00+00:00
[2025-03-23T17:52:24.896+0000] {processor.py:179} INFO - Processing /opt/airflow/dags/exampledag.py took 0.088 seconds
[2025-03-23T17:52:55.135+0000] {processor.py:157} INFO - Started process (PID=2242) to work on /opt/airflow/dags/exampledag.py
[2025-03-23T17:52:55.137+0000] {processor.py:829} INFO - Processing file /opt/airflow/dags/exampledag.py for tasks to queue
[2025-03-23T17:52:55.138+0000] {logging_mixin.py:154} INFO - [2025-03-23T17:52:55.138+0000] {dagbag.py:536} INFO - Filling up the DagBag from /opt/airflow/dags/exampledag.py
[2025-03-23T17:52:55.163+0000] {processor.py:839} INFO - DAG(s) dict_keys(['chethan_test_dag']) retrieved from /opt/airflow/dags/exampledag.py
[2025-03-23T17:52:55.189+0000] {logging_mixin.py:154} INFO - [2025-03-23T17:52:55.189+0000] {dag.py:2941} INFO - Sync 1 DAGs
[2025-03-23T17:52:55.211+0000] {logging_mixin.py:154} INFO - [2025-03-23T17:52:55.210+0000] {dag.py:3722} INFO - Setting next_dagrun for chethan_test_dag to 2025-03-22T00:00:00+00:00, run_after=2025-03-23T00:00:00+00:00
[2025-03-23T17:52:55.231+0000] {processor.py:179} INFO - Processing /opt/airflow/dags/exampledag.py took 0.099 seconds
[2025-03-23T17:53:26.590+0000] {processor.py:157} INFO - Started process (PID=2245) to work on /opt/airflow/dags/exampledag.py
[2025-03-23T17:53:26.592+0000] {processor.py:829} INFO - Processing file /opt/airflow/dags/exampledag.py for tasks to queue
[2025-03-23T17:53:26.593+0000] {logging_mixin.py:154} INFO - [2025-03-23T17:53:26.592+0000] {dagbag.py:536} INFO - Filling up the DagBag from /opt/airflow/dags/exampledag.py
[2025-03-23T17:53:26.621+0000] {processor.py:839} INFO - DAG(s) dict_keys(['chethan_test_dag']) retrieved from /opt/airflow/dags/exampledag.py
[2025-03-23T17:53:26.656+0000] {logging_mixin.py:154} INFO - [2025-03-23T17:53:26.655+0000] {dag.py:2941} INFO - Sync 1 DAGs
[2025-03-23T17:53:26.690+0000] {logging_mixin.py:154} INFO - [2025-03-23T17:53:26.690+0000] {dag.py:3722} INFO - Setting next_dagrun for chethan_test_dag to 2025-03-22T00:00:00+00:00, run_after=2025-03-23T00:00:00+00:00
[2025-03-23T17:53:26.719+0000] {processor.py:179} INFO - Processing /opt/airflow/dags/exampledag.py took 0.132 seconds
[2025-03-23T17:53:57.000+0000] {processor.py:157} INFO - Started process (PID=2248) to work on /opt/airflow/dags/exampledag.py
[2025-03-23T17:53:57.002+0000] {processor.py:829} INFO - Processing file /opt/airflow/dags/exampledag.py for tasks to queue
[2025-03-23T17:53:57.003+0000] {logging_mixin.py:154} INFO - [2025-03-23T17:53:57.003+0000] {dagbag.py:536} INFO - Filling up the DagBag from /opt/airflow/dags/exampledag.py
[2025-03-23T17:53:57.032+0000] {processor.py:839} INFO - DAG(s) dict_keys(['chethan_test_dag']) retrieved from /opt/airflow/dags/exampledag.py
[2025-03-23T17:53:57.056+0000] {logging_mixin.py:154} INFO - [2025-03-23T17:53:57.056+0000] {dag.py:2941} INFO - Sync 1 DAGs
[2025-03-23T17:53:57.080+0000] {logging_mixin.py:154} INFO - [2025-03-23T17:53:57.080+0000] {dag.py:3722} INFO - Setting next_dagrun for chethan_test_dag to 2025-03-22T00:00:00+00:00, run_after=2025-03-23T00:00:00+00:00
[2025-03-23T17:53:57.105+0000] {processor.py:179} INFO - Processing /opt/airflow/dags/exampledag.py took 0.108 seconds
[2025-03-23T17:54:27.373+0000] {processor.py:157} INFO - Started process (PID=2251) to work on /opt/airflow/dags/exampledag.py
[2025-03-23T17:54:27.375+0000] {processor.py:829} INFO - Processing file /opt/airflow/dags/exampledag.py for tasks to queue
[2025-03-23T17:54:27.376+0000] {logging_mixin.py:154} INFO - [2025-03-23T17:54:27.376+0000] {dagbag.py:536} INFO - Filling up the DagBag from /opt/airflow/dags/exampledag.py
[2025-03-23T17:54:27.403+0000] {processor.py:839} INFO - DAG(s) dict_keys(['chethan_test_dag']) retrieved from /opt/airflow/dags/exampledag.py
[2025-03-23T17:54:27.431+0000] {logging_mixin.py:154} INFO - [2025-03-23T17:54:27.431+0000] {dag.py:2941} INFO - Sync 1 DAGs
[2025-03-23T17:54:27.451+0000] {logging_mixin.py:154} INFO - [2025-03-23T17:54:27.451+0000] {dag.py:3722} INFO - Setting next_dagrun for chethan_test_dag to 2025-03-22T00:00:00+00:00, run_after=2025-03-23T00:00:00+00:00
[2025-03-23T17:54:27.468+0000] {processor.py:179} INFO - Processing /opt/airflow/dags/exampledag.py took 0.098 seconds
[2025-03-23T17:54:57.775+0000] {processor.py:157} INFO - Started process (PID=2254) to work on /opt/airflow/dags/exampledag.py
[2025-03-23T17:54:57.777+0000] {processor.py:829} INFO - Processing file /opt/airflow/dags/exampledag.py for tasks to queue
[2025-03-23T17:54:57.778+0000] {logging_mixin.py:154} INFO - [2025-03-23T17:54:57.778+0000] {dagbag.py:536} INFO - Filling up the DagBag from /opt/airflow/dags/exampledag.py
[2025-03-23T17:54:57.806+0000] {processor.py:839} INFO - DAG(s) dict_keys(['chethan_test_dag']) retrieved from /opt/airflow/dags/exampledag.py
[2025-03-23T17:54:57.831+0000] {logging_mixin.py:154} INFO - [2025-03-23T17:54:57.830+0000] {dag.py:2941} INFO - Sync 1 DAGs
[2025-03-23T17:54:57.856+0000] {logging_mixin.py:154} INFO - [2025-03-23T17:54:57.856+0000] {dag.py:3722} INFO - Setting next_dagrun for chethan_test_dag to 2025-03-22T00:00:00+00:00, run_after=2025-03-23T00:00:00+00:00
[2025-03-23T17:54:57.877+0000] {processor.py:179} INFO - Processing /opt/airflow/dags/exampledag.py took 0.106 seconds
[2025-03-23T18:35:28.300+0000] {processor.py:157} INFO - Started process (PID=2260) to work on /opt/airflow/dags/exampledag.py
[2025-03-23T18:35:28.302+0000] {processor.py:829} INFO - Processing file /opt/airflow/dags/exampledag.py for tasks to queue
[2025-03-23T18:35:28.306+0000] {logging_mixin.py:154} INFO - [2025-03-23T18:35:28.305+0000] {dagbag.py:536} INFO - Filling up the DagBag from /opt/airflow/dags/exampledag.py
[2025-03-23T18:35:28.353+0000] {processor.py:839} INFO - DAG(s) dict_keys(['chethan_test_dag']) retrieved from /opt/airflow/dags/exampledag.py
[2025-03-23T18:35:28.416+0000] {logging_mixin.py:154} INFO - [2025-03-23T18:35:28.416+0000] {dag.py:2941} INFO - Sync 1 DAGs
[2025-03-23T18:35:28.518+0000] {logging_mixin.py:154} INFO - [2025-03-23T18:35:28.518+0000] {dag.py:3722} INFO - Setting next_dagrun for chethan_test_dag to 2025-03-22T00:00:00+00:00, run_after=2025-03-23T00:00:00+00:00
[2025-03-23T18:35:28.615+0000] {processor.py:179} INFO - Processing /opt/airflow/dags/exampledag.py took 0.320 seconds
[2025-03-23T18:35:58.962+0000] {processor.py:157} INFO - Started process (PID=2262) to work on /opt/airflow/dags/exampledag.py
[2025-03-23T18:35:58.963+0000] {processor.py:829} INFO - Processing file /opt/airflow/dags/exampledag.py for tasks to queue
[2025-03-23T18:35:58.964+0000] {logging_mixin.py:154} INFO - [2025-03-23T18:35:58.964+0000] {dagbag.py:536} INFO - Filling up the DagBag from /opt/airflow/dags/exampledag.py
[2025-03-23T18:35:58.985+0000] {processor.py:839} INFO - DAG(s) dict_keys(['chethan_test_dag']) retrieved from /opt/airflow/dags/exampledag.py
[2025-03-23T18:35:59.008+0000] {logging_mixin.py:154} INFO - [2025-03-23T18:35:59.008+0000] {dag.py:2941} INFO - Sync 1 DAGs
[2025-03-23T18:35:59.032+0000] {logging_mixin.py:154} INFO - [2025-03-23T18:35:59.032+0000] {dag.py:3722} INFO - Setting next_dagrun for chethan_test_dag to 2025-03-22T00:00:00+00:00, run_after=2025-03-23T00:00:00+00:00
[2025-03-23T18:35:59.055+0000] {processor.py:179} INFO - Processing /opt/airflow/dags/exampledag.py took 0.096 seconds
[2025-03-23T18:36:29.346+0000] {processor.py:157} INFO - Started process (PID=2265) to work on /opt/airflow/dags/exampledag.py
[2025-03-23T18:36:29.348+0000] {processor.py:829} INFO - Processing file /opt/airflow/dags/exampledag.py for tasks to queue
[2025-03-23T18:36:29.349+0000] {logging_mixin.py:154} INFO - [2025-03-23T18:36:29.349+0000] {dagbag.py:536} INFO - Filling up the DagBag from /opt/airflow/dags/exampledag.py
[2025-03-23T18:36:29.372+0000] {processor.py:839} INFO - DAG(s) dict_keys(['chethan_test_dag']) retrieved from /opt/airflow/dags/exampledag.py
[2025-03-23T18:36:29.392+0000] {logging_mixin.py:154} INFO - [2025-03-23T18:36:29.392+0000] {dag.py:2941} INFO - Sync 1 DAGs
[2025-03-23T18:36:29.408+0000] {logging_mixin.py:154} INFO - [2025-03-23T18:36:29.408+0000] {dag.py:3722} INFO - Setting next_dagrun for chethan_test_dag to 2025-03-22T00:00:00+00:00, run_after=2025-03-23T00:00:00+00:00
[2025-03-23T18:36:29.425+0000] {processor.py:179} INFO - Processing /opt/airflow/dags/exampledag.py took 0.082 seconds
[2025-03-23T18:36:59.685+0000] {processor.py:157} INFO - Started process (PID=2268) to work on /opt/airflow/dags/exampledag.py
[2025-03-23T18:36:59.687+0000] {processor.py:829} INFO - Processing file /opt/airflow/dags/exampledag.py for tasks to queue
[2025-03-23T18:36:59.688+0000] {logging_mixin.py:154} INFO - [2025-03-23T18:36:59.688+0000] {dagbag.py:536} INFO - Filling up the DagBag from /opt/airflow/dags/exampledag.py
[2025-03-23T18:36:59.709+0000] {processor.py:839} INFO - DAG(s) dict_keys(['chethan_test_dag']) retrieved from /opt/airflow/dags/exampledag.py
[2025-03-23T18:36:59.730+0000] {logging_mixin.py:154} INFO - [2025-03-23T18:36:59.730+0000] {dag.py:2941} INFO - Sync 1 DAGs
[2025-03-23T18:36:59.749+0000] {logging_mixin.py:154} INFO - [2025-03-23T18:36:59.749+0000] {dag.py:3722} INFO - Setting next_dagrun for chethan_test_dag to 2025-03-22T00:00:00+00:00, run_after=2025-03-23T00:00:00+00:00
[2025-03-23T18:36:59.767+0000] {processor.py:179} INFO - Processing /opt/airflow/dags/exampledag.py took 0.084 seconds
[2025-03-23T18:37:30.049+0000] {processor.py:157} INFO - Started process (PID=2271) to work on /opt/airflow/dags/exampledag.py
[2025-03-23T18:37:30.052+0000] {processor.py:829} INFO - Processing file /opt/airflow/dags/exampledag.py for tasks to queue
[2025-03-23T18:37:30.054+0000] {logging_mixin.py:154} INFO - [2025-03-23T18:37:30.054+0000] {dagbag.py:536} INFO - Filling up the DagBag from /opt/airflow/dags/exampledag.py
[2025-03-23T18:37:30.081+0000] {processor.py:839} INFO - DAG(s) dict_keys(['chethan_test_dag']) retrieved from /opt/airflow/dags/exampledag.py
[2025-03-23T18:37:30.109+0000] {logging_mixin.py:154} INFO - [2025-03-23T18:37:30.109+0000] {dag.py:2941} INFO - Sync 1 DAGs
[2025-03-23T18:37:30.130+0000] {logging_mixin.py:154} INFO - [2025-03-23T18:37:30.130+0000] {dag.py:3722} INFO - Setting next_dagrun for chethan_test_dag to 2025-03-22T00:00:00+00:00, run_after=2025-03-23T00:00:00+00:00
[2025-03-23T18:37:30.147+0000] {processor.py:179} INFO - Processing /opt/airflow/dags/exampledag.py took 0.105 seconds
[2025-03-23T18:38:00.442+0000] {processor.py:157} INFO - Started process (PID=2274) to work on /opt/airflow/dags/exampledag.py
[2025-03-23T18:38:00.444+0000] {processor.py:829} INFO - Processing file /opt/airflow/dags/exampledag.py for tasks to queue
[2025-03-23T18:38:00.445+0000] {logging_mixin.py:154} INFO - [2025-03-23T18:38:00.445+0000] {dagbag.py:536} INFO - Filling up the DagBag from /opt/airflow/dags/exampledag.py
[2025-03-23T18:38:00.470+0000] {processor.py:839} INFO - DAG(s) dict_keys(['chethan_test_dag']) retrieved from /opt/airflow/dags/exampledag.py
[2025-03-23T18:38:00.491+0000] {logging_mixin.py:154} INFO - [2025-03-23T18:38:00.491+0000] {dag.py:2941} INFO - Sync 1 DAGs
[2025-03-23T18:38:00.507+0000] {logging_mixin.py:154} INFO - [2025-03-23T18:38:00.507+0000] {dag.py:3722} INFO - Setting next_dagrun for chethan_test_dag to 2025-03-22T00:00:00+00:00, run_after=2025-03-23T00:00:00+00:00
[2025-03-23T18:38:00.529+0000] {processor.py:179} INFO - Processing /opt/airflow/dags/exampledag.py took 0.090 seconds
[2025-03-23T18:38:31.233+0000] {processor.py:157} INFO - Started process (PID=2277) to work on /opt/airflow/dags/exampledag.py
[2025-03-23T18:38:31.239+0000] {processor.py:829} INFO - Processing file /opt/airflow/dags/exampledag.py for tasks to queue
[2025-03-23T18:38:31.241+0000] {logging_mixin.py:154} INFO - [2025-03-23T18:38:31.241+0000] {dagbag.py:536} INFO - Filling up the DagBag from /opt/airflow/dags/exampledag.py
[2025-03-23T18:38:31.325+0000] {processor.py:839} INFO - DAG(s) dict_keys(['chethan_test_dag']) retrieved from /opt/airflow/dags/exampledag.py
[2025-03-23T18:38:31.404+0000] {logging_mixin.py:154} INFO - [2025-03-23T18:38:31.404+0000] {dag.py:2941} INFO - Sync 1 DAGs
[2025-03-23T18:38:31.462+0000] {logging_mixin.py:154} INFO - [2025-03-23T18:38:31.462+0000] {dag.py:3722} INFO - Setting next_dagrun for chethan_test_dag to 2025-03-22T00:00:00+00:00, run_after=2025-03-23T00:00:00+00:00
[2025-03-23T18:38:31.513+0000] {processor.py:179} INFO - Processing /opt/airflow/dags/exampledag.py took 0.290 seconds
[2025-03-23T18:39:01.899+0000] {processor.py:157} INFO - Started process (PID=2280) to work on /opt/airflow/dags/exampledag.py
[2025-03-23T18:39:01.901+0000] {processor.py:829} INFO - Processing file /opt/airflow/dags/exampledag.py for tasks to queue
[2025-03-23T18:39:01.902+0000] {logging_mixin.py:154} INFO - [2025-03-23T18:39:01.902+0000] {dagbag.py:536} INFO - Filling up the DagBag from /opt/airflow/dags/exampledag.py
[2025-03-23T18:39:01.927+0000] {processor.py:839} INFO - DAG(s) dict_keys(['chethan_test_dag']) retrieved from /opt/airflow/dags/exampledag.py
[2025-03-23T18:39:01.950+0000] {logging_mixin.py:154} INFO - [2025-03-23T18:39:01.949+0000] {dag.py:2941} INFO - Sync 1 DAGs
[2025-03-23T18:39:01.977+0000] {logging_mixin.py:154} INFO - [2025-03-23T18:39:01.977+0000] {dag.py:3722} INFO - Setting next_dagrun for chethan_test_dag to 2025-03-22T00:00:00+00:00, run_after=2025-03-23T00:00:00+00:00
[2025-03-23T18:39:01.996+0000] {processor.py:179} INFO - Processing /opt/airflow/dags/exampledag.py took 0.099 seconds
[2025-03-23T18:39:32.316+0000] {processor.py:157} INFO - Started process (PID=2283) to work on /opt/airflow/dags/exampledag.py
[2025-03-23T18:39:32.319+0000] {processor.py:829} INFO - Processing file /opt/airflow/dags/exampledag.py for tasks to queue
[2025-03-23T18:39:32.322+0000] {logging_mixin.py:154} INFO - [2025-03-23T18:39:32.321+0000] {dagbag.py:536} INFO - Filling up the DagBag from /opt/airflow/dags/exampledag.py
[2025-03-23T18:39:32.348+0000] {processor.py:839} INFO - DAG(s) dict_keys(['chethan_test_dag']) retrieved from /opt/airflow/dags/exampledag.py
[2025-03-23T18:39:32.380+0000] {logging_mixin.py:154} INFO - [2025-03-23T18:39:32.379+0000] {dag.py:2941} INFO - Sync 1 DAGs
[2025-03-23T18:39:32.404+0000] {logging_mixin.py:154} INFO - [2025-03-23T18:39:32.404+0000] {dag.py:3722} INFO - Setting next_dagrun for chethan_test_dag to 2025-03-22T00:00:00+00:00, run_after=2025-03-23T00:00:00+00:00
[2025-03-23T18:39:32.429+0000] {processor.py:179} INFO - Processing /opt/airflow/dags/exampledag.py took 0.118 seconds
[2025-03-23T18:40:02.725+0000] {processor.py:157} INFO - Started process (PID=2286) to work on /opt/airflow/dags/exampledag.py
[2025-03-23T18:40:02.726+0000] {processor.py:829} INFO - Processing file /opt/airflow/dags/exampledag.py for tasks to queue
[2025-03-23T18:40:02.727+0000] {logging_mixin.py:154} INFO - [2025-03-23T18:40:02.727+0000] {dagbag.py:536} INFO - Filling up the DagBag from /opt/airflow/dags/exampledag.py
[2025-03-23T18:40:02.751+0000] {processor.py:839} INFO - DAG(s) dict_keys(['chethan_test_dag']) retrieved from /opt/airflow/dags/exampledag.py
[2025-03-23T18:40:02.777+0000] {logging_mixin.py:154} INFO - [2025-03-23T18:40:02.777+0000] {dag.py:2941} INFO - Sync 1 DAGs
[2025-03-23T18:40:02.797+0000] {logging_mixin.py:154} INFO - [2025-03-23T18:40:02.797+0000] {dag.py:3722} INFO - Setting next_dagrun for chethan_test_dag to 2025-03-22T00:00:00+00:00, run_after=2025-03-23T00:00:00+00:00
[2025-03-23T18:40:02.826+0000] {processor.py:179} INFO - Processing /opt/airflow/dags/exampledag.py took 0.104 seconds
[2025-03-23T18:40:33.124+0000] {processor.py:157} INFO - Started process (PID=2289) to work on /opt/airflow/dags/exampledag.py
[2025-03-23T18:40:33.126+0000] {processor.py:829} INFO - Processing file /opt/airflow/dags/exampledag.py for tasks to queue
[2025-03-23T18:40:33.127+0000] {logging_mixin.py:154} INFO - [2025-03-23T18:40:33.126+0000] {dagbag.py:536} INFO - Filling up the DagBag from /opt/airflow/dags/exampledag.py
[2025-03-23T18:40:33.152+0000] {processor.py:839} INFO - DAG(s) dict_keys(['chethan_test_dag']) retrieved from /opt/airflow/dags/exampledag.py
[2025-03-23T18:40:33.172+0000] {logging_mixin.py:154} INFO - [2025-03-23T18:40:33.172+0000] {dag.py:2941} INFO - Sync 1 DAGs
[2025-03-23T18:40:33.193+0000] {logging_mixin.py:154} INFO - [2025-03-23T18:40:33.193+0000] {dag.py:3722} INFO - Setting next_dagrun for chethan_test_dag to 2025-03-22T00:00:00+00:00, run_after=2025-03-23T00:00:00+00:00
[2025-03-23T18:40:33.218+0000] {processor.py:179} INFO - Processing /opt/airflow/dags/exampledag.py took 0.098 seconds
[2025-03-23T18:41:03.490+0000] {processor.py:157} INFO - Started process (PID=2292) to work on /opt/airflow/dags/exampledag.py
[2025-03-23T18:41:03.491+0000] {processor.py:829} INFO - Processing file /opt/airflow/dags/exampledag.py for tasks to queue
[2025-03-23T18:41:03.492+0000] {logging_mixin.py:154} INFO - [2025-03-23T18:41:03.492+0000] {dagbag.py:536} INFO - Filling up the DagBag from /opt/airflow/dags/exampledag.py
[2025-03-23T18:41:03.513+0000] {processor.py:839} INFO - DAG(s) dict_keys(['chethan_test_dag']) retrieved from /opt/airflow/dags/exampledag.py
[2025-03-23T18:41:03.535+0000] {logging_mixin.py:154} INFO - [2025-03-23T18:41:03.535+0000] {dag.py:2941} INFO - Sync 1 DAGs
[2025-03-23T18:41:03.558+0000] {logging_mixin.py:154} INFO - [2025-03-23T18:41:03.558+0000] {dag.py:3722} INFO - Setting next_dagrun for chethan_test_dag to 2025-03-22T00:00:00+00:00, run_after=2025-03-23T00:00:00+00:00
[2025-03-23T18:41:03.577+0000] {processor.py:179} INFO - Processing /opt/airflow/dags/exampledag.py took 0.090 seconds
[2025-03-23T18:41:33.855+0000] {processor.py:157} INFO - Started process (PID=2295) to work on /opt/airflow/dags/exampledag.py
[2025-03-23T18:41:33.856+0000] {processor.py:829} INFO - Processing file /opt/airflow/dags/exampledag.py for tasks to queue
[2025-03-23T18:41:33.858+0000] {logging_mixin.py:154} INFO - [2025-03-23T18:41:33.857+0000] {dagbag.py:536} INFO - Filling up the DagBag from /opt/airflow/dags/exampledag.py
[2025-03-23T18:41:33.886+0000] {processor.py:839} INFO - DAG(s) dict_keys(['chethan_test_dag']) retrieved from /opt/airflow/dags/exampledag.py
[2025-03-23T18:41:33.912+0000] {logging_mixin.py:154} INFO - [2025-03-23T18:41:33.912+0000] {dag.py:2941} INFO - Sync 1 DAGs
[2025-03-23T18:41:33.932+0000] {logging_mixin.py:154} INFO - [2025-03-23T18:41:33.931+0000] {dag.py:3722} INFO - Setting next_dagrun for chethan_test_dag to 2025-03-22T00:00:00+00:00, run_after=2025-03-23T00:00:00+00:00
[2025-03-23T18:41:33.953+0000] {processor.py:179} INFO - Processing /opt/airflow/dags/exampledag.py took 0.101 seconds
[2025-03-23T18:42:04.223+0000] {processor.py:157} INFO - Started process (PID=2298) to work on /opt/airflow/dags/exampledag.py
[2025-03-23T18:42:04.224+0000] {processor.py:829} INFO - Processing file /opt/airflow/dags/exampledag.py for tasks to queue
[2025-03-23T18:42:04.226+0000] {logging_mixin.py:154} INFO - [2025-03-23T18:42:04.225+0000] {dagbag.py:536} INFO - Filling up the DagBag from /opt/airflow/dags/exampledag.py
[2025-03-23T18:42:04.253+0000] {processor.py:839} INFO - DAG(s) dict_keys(['chethan_test_dag']) retrieved from /opt/airflow/dags/exampledag.py
[2025-03-23T18:42:04.282+0000] {logging_mixin.py:154} INFO - [2025-03-23T18:42:04.282+0000] {dag.py:2941} INFO - Sync 1 DAGs
[2025-03-23T18:42:04.300+0000] {logging_mixin.py:154} INFO - [2025-03-23T18:42:04.300+0000] {dag.py:3722} INFO - Setting next_dagrun for chethan_test_dag to 2025-03-22T00:00:00+00:00, run_after=2025-03-23T00:00:00+00:00
[2025-03-23T18:42:04.318+0000] {processor.py:179} INFO - Processing /opt/airflow/dags/exampledag.py took 0.098 seconds
[2025-03-23T18:42:34.626+0000] {processor.py:157} INFO - Started process (PID=2301) to work on /opt/airflow/dags/exampledag.py
[2025-03-23T18:42:34.629+0000] {processor.py:829} INFO - Processing file /opt/airflow/dags/exampledag.py for tasks to queue
[2025-03-23T18:42:34.631+0000] {logging_mixin.py:154} INFO - [2025-03-23T18:42:34.631+0000] {dagbag.py:536} INFO - Filling up the DagBag from /opt/airflow/dags/exampledag.py
[2025-03-23T18:42:34.664+0000] {processor.py:839} INFO - DAG(s) dict_keys(['chethan_test_dag']) retrieved from /opt/airflow/dags/exampledag.py
[2025-03-23T18:42:34.685+0000] {logging_mixin.py:154} INFO - [2025-03-23T18:42:34.685+0000] {dag.py:2941} INFO - Sync 1 DAGs
[2025-03-23T18:42:34.705+0000] {logging_mixin.py:154} INFO - [2025-03-23T18:42:34.704+0000] {dag.py:3722} INFO - Setting next_dagrun for chethan_test_dag to 2025-03-22T00:00:00+00:00, run_after=2025-03-23T00:00:00+00:00
[2025-03-23T18:42:34.724+0000] {processor.py:179} INFO - Processing /opt/airflow/dags/exampledag.py took 0.103 seconds
[2025-03-23T18:43:05.008+0000] {processor.py:157} INFO - Started process (PID=2304) to work on /opt/airflow/dags/exampledag.py
[2025-03-23T18:43:05.009+0000] {processor.py:829} INFO - Processing file /opt/airflow/dags/exampledag.py for tasks to queue
[2025-03-23T18:43:05.011+0000] {logging_mixin.py:154} INFO - [2025-03-23T18:43:05.010+0000] {dagbag.py:536} INFO - Filling up the DagBag from /opt/airflow/dags/exampledag.py
[2025-03-23T18:43:05.037+0000] {processor.py:839} INFO - DAG(s) dict_keys(['chethan_test_dag']) retrieved from /opt/airflow/dags/exampledag.py
[2025-03-23T18:43:05.057+0000] {logging_mixin.py:154} INFO - [2025-03-23T18:43:05.057+0000] {dag.py:2941} INFO - Sync 1 DAGs
[2025-03-23T18:43:05.077+0000] {logging_mixin.py:154} INFO - [2025-03-23T18:43:05.077+0000] {dag.py:3722} INFO - Setting next_dagrun for chethan_test_dag to 2025-03-22T00:00:00+00:00, run_after=2025-03-23T00:00:00+00:00
[2025-03-23T18:43:05.095+0000] {processor.py:179} INFO - Processing /opt/airflow/dags/exampledag.py took 0.090 seconds
[2025-03-23T18:43:35.335+0000] {processor.py:157} INFO - Started process (PID=2307) to work on /opt/airflow/dags/exampledag.py
[2025-03-23T18:43:35.336+0000] {processor.py:829} INFO - Processing file /opt/airflow/dags/exampledag.py for tasks to queue
[2025-03-23T18:43:35.337+0000] {logging_mixin.py:154} INFO - [2025-03-23T18:43:35.336+0000] {dagbag.py:536} INFO - Filling up the DagBag from /opt/airflow/dags/exampledag.py
[2025-03-23T18:43:35.360+0000] {processor.py:839} INFO - DAG(s) dict_keys(['chethan_test_dag']) retrieved from /opt/airflow/dags/exampledag.py
[2025-03-23T18:43:35.384+0000] {logging_mixin.py:154} INFO - [2025-03-23T18:43:35.384+0000] {dag.py:2941} INFO - Sync 1 DAGs
[2025-03-23T18:43:35.403+0000] {logging_mixin.py:154} INFO - [2025-03-23T18:43:35.403+0000] {dag.py:3722} INFO - Setting next_dagrun for chethan_test_dag to 2025-03-22T00:00:00+00:00, run_after=2025-03-23T00:00:00+00:00
[2025-03-23T18:43:35.420+0000] {processor.py:179} INFO - Processing /opt/airflow/dags/exampledag.py took 0.087 seconds
[2025-03-23T18:44:05.690+0000] {processor.py:157} INFO - Started process (PID=2310) to work on /opt/airflow/dags/exampledag.py
[2025-03-23T18:44:05.693+0000] {processor.py:829} INFO - Processing file /opt/airflow/dags/exampledag.py for tasks to queue
[2025-03-23T18:44:05.696+0000] {logging_mixin.py:154} INFO - [2025-03-23T18:44:05.696+0000] {dagbag.py:536} INFO - Filling up the DagBag from /opt/airflow/dags/exampledag.py
[2025-03-23T18:44:05.758+0000] {processor.py:839} INFO - DAG(s) dict_keys(['chethan_test_dag']) retrieved from /opt/airflow/dags/exampledag.py
[2025-03-23T18:44:05.792+0000] {logging_mixin.py:154} INFO - [2025-03-23T18:44:05.791+0000] {dag.py:2941} INFO - Sync 1 DAGs
[2025-03-23T18:44:05.817+0000] {logging_mixin.py:154} INFO - [2025-03-23T18:44:05.817+0000] {dag.py:3722} INFO - Setting next_dagrun for chethan_test_dag to 2025-03-22T00:00:00+00:00, run_after=2025-03-23T00:00:00+00:00
[2025-03-23T18:44:05.834+0000] {processor.py:179} INFO - Processing /opt/airflow/dags/exampledag.py took 0.150 seconds
[2025-03-23T18:44:36.107+0000] {processor.py:157} INFO - Started process (PID=2313) to work on /opt/airflow/dags/exampledag.py
[2025-03-23T18:44:36.108+0000] {processor.py:829} INFO - Processing file /opt/airflow/dags/exampledag.py for tasks to queue
[2025-03-23T18:44:36.109+0000] {logging_mixin.py:154} INFO - [2025-03-23T18:44:36.109+0000] {dagbag.py:536} INFO - Filling up the DagBag from /opt/airflow/dags/exampledag.py
[2025-03-23T18:44:36.134+0000] {processor.py:839} INFO - DAG(s) dict_keys(['chethan_test_dag']) retrieved from /opt/airflow/dags/exampledag.py
[2025-03-23T18:44:36.157+0000] {logging_mixin.py:154} INFO - [2025-03-23T18:44:36.156+0000] {dag.py:2941} INFO - Sync 1 DAGs
[2025-03-23T18:44:36.177+0000] {logging_mixin.py:154} INFO - [2025-03-23T18:44:36.177+0000] {dag.py:3722} INFO - Setting next_dagrun for chethan_test_dag to 2025-03-22T00:00:00+00:00, run_after=2025-03-23T00:00:00+00:00
[2025-03-23T18:44:36.194+0000] {processor.py:179} INFO - Processing /opt/airflow/dags/exampledag.py took 0.090 seconds
[2025-03-23T18:45:06.480+0000] {processor.py:157} INFO - Started process (PID=2316) to work on /opt/airflow/dags/exampledag.py
[2025-03-23T18:45:06.481+0000] {processor.py:829} INFO - Processing file /opt/airflow/dags/exampledag.py for tasks to queue
[2025-03-23T18:45:06.483+0000] {logging_mixin.py:154} INFO - [2025-03-23T18:45:06.482+0000] {dagbag.py:536} INFO - Filling up the DagBag from /opt/airflow/dags/exampledag.py
[2025-03-23T18:45:06.505+0000] {processor.py:839} INFO - DAG(s) dict_keys(['chethan_test_dag']) retrieved from /opt/airflow/dags/exampledag.py
[2025-03-23T18:45:06.524+0000] {logging_mixin.py:154} INFO - [2025-03-23T18:45:06.524+0000] {dag.py:2941} INFO - Sync 1 DAGs
[2025-03-23T18:45:06.541+0000] {logging_mixin.py:154} INFO - [2025-03-23T18:45:06.540+0000] {dag.py:3722} INFO - Setting next_dagrun for chethan_test_dag to 2025-03-22T00:00:00+00:00, run_after=2025-03-23T00:00:00+00:00
[2025-03-23T18:45:06.559+0000] {processor.py:179} INFO - Processing /opt/airflow/dags/exampledag.py took 0.084 seconds
[2025-03-23T18:45:36.826+0000] {processor.py:157} INFO - Started process (PID=2319) to work on /opt/airflow/dags/exampledag.py
[2025-03-23T18:45:36.828+0000] {processor.py:829} INFO - Processing file /opt/airflow/dags/exampledag.py for tasks to queue
[2025-03-23T18:45:36.829+0000] {logging_mixin.py:154} INFO - [2025-03-23T18:45:36.829+0000] {dagbag.py:536} INFO - Filling up the DagBag from /opt/airflow/dags/exampledag.py
[2025-03-23T18:45:36.886+0000] {processor.py:839} INFO - DAG(s) dict_keys(['chethan_test_dag']) retrieved from /opt/airflow/dags/exampledag.py
[2025-03-23T18:45:36.923+0000] {logging_mixin.py:154} INFO - [2025-03-23T18:45:36.923+0000] {dag.py:2941} INFO - Sync 1 DAGs
[2025-03-23T18:45:36.952+0000] {logging_mixin.py:154} INFO - [2025-03-23T18:45:36.951+0000] {dag.py:3722} INFO - Setting next_dagrun for chethan_test_dag to 2025-03-22T00:00:00+00:00, run_after=2025-03-23T00:00:00+00:00
[2025-03-23T18:45:36.976+0000] {processor.py:179} INFO - Processing /opt/airflow/dags/exampledag.py took 0.153 seconds
[2025-03-23T18:46:07.247+0000] {processor.py:157} INFO - Started process (PID=2322) to work on /opt/airflow/dags/exampledag.py
[2025-03-23T18:46:07.249+0000] {processor.py:829} INFO - Processing file /opt/airflow/dags/exampledag.py for tasks to queue
[2025-03-23T18:46:07.251+0000] {logging_mixin.py:154} INFO - [2025-03-23T18:46:07.250+0000] {dagbag.py:536} INFO - Filling up the DagBag from /opt/airflow/dags/exampledag.py
[2025-03-23T18:46:07.289+0000] {processor.py:839} INFO - DAG(s) dict_keys(['chethan_test_dag']) retrieved from /opt/airflow/dags/exampledag.py
[2025-03-23T18:46:07.324+0000] {logging_mixin.py:154} INFO - [2025-03-23T18:46:07.323+0000] {dag.py:2941} INFO - Sync 1 DAGs
[2025-03-23T18:46:07.351+0000] {logging_mixin.py:154} INFO - [2025-03-23T18:46:07.351+0000] {dag.py:3722} INFO - Setting next_dagrun for chethan_test_dag to 2025-03-22T00:00:00+00:00, run_after=2025-03-23T00:00:00+00:00
[2025-03-23T18:46:07.382+0000] {processor.py:179} INFO - Processing /opt/airflow/dags/exampledag.py took 0.139 seconds
[2025-03-23T18:46:37.662+0000] {processor.py:157} INFO - Started process (PID=2325) to work on /opt/airflow/dags/exampledag.py
[2025-03-23T18:46:37.663+0000] {processor.py:829} INFO - Processing file /opt/airflow/dags/exampledag.py for tasks to queue
[2025-03-23T18:46:37.664+0000] {logging_mixin.py:154} INFO - [2025-03-23T18:46:37.664+0000] {dagbag.py:536} INFO - Filling up the DagBag from /opt/airflow/dags/exampledag.py
[2025-03-23T18:46:37.690+0000] {processor.py:839} INFO - DAG(s) dict_keys(['chethan_test_dag']) retrieved from /opt/airflow/dags/exampledag.py
[2025-03-23T18:46:37.723+0000] {logging_mixin.py:154} INFO - [2025-03-23T18:46:37.723+0000] {dag.py:2941} INFO - Sync 1 DAGs
[2025-03-23T18:46:37.741+0000] {logging_mixin.py:154} INFO - [2025-03-23T18:46:37.741+0000] {dag.py:3722} INFO - Setting next_dagrun for chethan_test_dag to 2025-03-22T00:00:00+00:00, run_after=2025-03-23T00:00:00+00:00
[2025-03-23T18:46:37.756+0000] {processor.py:179} INFO - Processing /opt/airflow/dags/exampledag.py took 0.097 seconds
[2025-03-23T18:47:08.000+0000] {processor.py:157} INFO - Started process (PID=2328) to work on /opt/airflow/dags/exampledag.py
[2025-03-23T18:47:08.001+0000] {processor.py:829} INFO - Processing file /opt/airflow/dags/exampledag.py for tasks to queue
[2025-03-23T18:47:08.003+0000] {logging_mixin.py:154} INFO - [2025-03-23T18:47:08.002+0000] {dagbag.py:536} INFO - Filling up the DagBag from /opt/airflow/dags/exampledag.py
[2025-03-23T18:47:08.027+0000] {processor.py:839} INFO - DAG(s) dict_keys(['chethan_test_dag']) retrieved from /opt/airflow/dags/exampledag.py
[2025-03-23T18:47:08.046+0000] {logging_mixin.py:154} INFO - [2025-03-23T18:47:08.046+0000] {dag.py:2941} INFO - Sync 1 DAGs
[2025-03-23T18:47:08.064+0000] {logging_mixin.py:154} INFO - [2025-03-23T18:47:08.064+0000] {dag.py:3722} INFO - Setting next_dagrun for chethan_test_dag to 2025-03-22T00:00:00+00:00, run_after=2025-03-23T00:00:00+00:00
[2025-03-23T18:47:08.078+0000] {processor.py:179} INFO - Processing /opt/airflow/dags/exampledag.py took 0.081 seconds
[2025-03-23T18:47:38.288+0000] {processor.py:157} INFO - Started process (PID=2331) to work on /opt/airflow/dags/exampledag.py
[2025-03-23T18:47:38.289+0000] {processor.py:829} INFO - Processing file /opt/airflow/dags/exampledag.py for tasks to queue
[2025-03-23T18:47:38.290+0000] {logging_mixin.py:154} INFO - [2025-03-23T18:47:38.289+0000] {dagbag.py:536} INFO - Filling up the DagBag from /opt/airflow/dags/exampledag.py
[2025-03-23T18:47:38.315+0000] {processor.py:839} INFO - DAG(s) dict_keys(['chethan_test_dag']) retrieved from /opt/airflow/dags/exampledag.py
[2025-03-23T18:47:38.333+0000] {logging_mixin.py:154} INFO - [2025-03-23T18:47:38.333+0000] {dag.py:2941} INFO - Sync 1 DAGs
[2025-03-23T18:47:38.351+0000] {logging_mixin.py:154} INFO - [2025-03-23T18:47:38.351+0000] {dag.py:3722} INFO - Setting next_dagrun for chethan_test_dag to 2025-03-22T00:00:00+00:00, run_after=2025-03-23T00:00:00+00:00
[2025-03-23T18:47:38.366+0000] {processor.py:179} INFO - Processing /opt/airflow/dags/exampledag.py took 0.081 seconds
[2025-03-23T18:48:08.618+0000] {processor.py:157} INFO - Started process (PID=2334) to work on /opt/airflow/dags/exampledag.py
[2025-03-23T18:48:08.619+0000] {processor.py:829} INFO - Processing file /opt/airflow/dags/exampledag.py for tasks to queue
[2025-03-23T18:48:08.620+0000] {logging_mixin.py:154} INFO - [2025-03-23T18:48:08.620+0000] {dagbag.py:536} INFO - Filling up the DagBag from /opt/airflow/dags/exampledag.py
[2025-03-23T18:48:08.646+0000] {processor.py:839} INFO - DAG(s) dict_keys(['chethan_test_dag']) retrieved from /opt/airflow/dags/exampledag.py
[2025-03-23T18:48:08.681+0000] {logging_mixin.py:154} INFO - [2025-03-23T18:48:08.680+0000] {dag.py:2941} INFO - Sync 1 DAGs
[2025-03-23T18:48:08.706+0000] {logging_mixin.py:154} INFO - [2025-03-23T18:48:08.706+0000] {dag.py:3722} INFO - Setting next_dagrun for chethan_test_dag to 2025-03-22T00:00:00+00:00, run_after=2025-03-23T00:00:00+00:00
[2025-03-23T18:48:08.731+0000] {processor.py:179} INFO - Processing /opt/airflow/dags/exampledag.py took 0.116 seconds
[2025-03-23T18:48:39.017+0000] {processor.py:157} INFO - Started process (PID=2337) to work on /opt/airflow/dags/exampledag.py
[2025-03-23T18:48:39.018+0000] {processor.py:829} INFO - Processing file /opt/airflow/dags/exampledag.py for tasks to queue
[2025-03-23T18:48:39.020+0000] {logging_mixin.py:154} INFO - [2025-03-23T18:48:39.019+0000] {dagbag.py:536} INFO - Filling up the DagBag from /opt/airflow/dags/exampledag.py
[2025-03-23T18:48:39.046+0000] {processor.py:839} INFO - DAG(s) dict_keys(['chethan_test_dag']) retrieved from /opt/airflow/dags/exampledag.py
[2025-03-23T18:48:39.071+0000] {logging_mixin.py:154} INFO - [2025-03-23T18:48:39.071+0000] {dag.py:2941} INFO - Sync 1 DAGs
[2025-03-23T18:48:39.090+0000] {logging_mixin.py:154} INFO - [2025-03-23T18:48:39.090+0000] {dag.py:3722} INFO - Setting next_dagrun for chethan_test_dag to 2025-03-22T00:00:00+00:00, run_after=2025-03-23T00:00:00+00:00
[2025-03-23T18:48:39.108+0000] {processor.py:179} INFO - Processing /opt/airflow/dags/exampledag.py took 0.094 seconds
[2025-03-23T18:49:09.352+0000] {processor.py:157} INFO - Started process (PID=2340) to work on /opt/airflow/dags/exampledag.py
[2025-03-23T18:49:09.353+0000] {processor.py:829} INFO - Processing file /opt/airflow/dags/exampledag.py for tasks to queue
[2025-03-23T18:49:09.354+0000] {logging_mixin.py:154} INFO - [2025-03-23T18:49:09.354+0000] {dagbag.py:536} INFO - Filling up the DagBag from /opt/airflow/dags/exampledag.py
[2025-03-23T18:49:09.381+0000] {processor.py:839} INFO - DAG(s) dict_keys(['chethan_test_dag']) retrieved from /opt/airflow/dags/exampledag.py
[2025-03-23T18:49:09.417+0000] {logging_mixin.py:154} INFO - [2025-03-23T18:49:09.417+0000] {dag.py:2941} INFO - Sync 1 DAGs
[2025-03-23T18:49:09.436+0000] {logging_mixin.py:154} INFO - [2025-03-23T18:49:09.435+0000] {dag.py:3722} INFO - Setting next_dagrun for chethan_test_dag to 2025-03-22T00:00:00+00:00, run_after=2025-03-23T00:00:00+00:00
[2025-03-23T18:49:09.452+0000] {processor.py:179} INFO - Processing /opt/airflow/dags/exampledag.py took 0.105 seconds
[2025-03-23T18:49:39.800+0000] {processor.py:157} INFO - Started process (PID=2343) to work on /opt/airflow/dags/exampledag.py
[2025-03-23T18:49:39.802+0000] {processor.py:829} INFO - Processing file /opt/airflow/dags/exampledag.py for tasks to queue
[2025-03-23T18:49:39.803+0000] {logging_mixin.py:154} INFO - [2025-03-23T18:49:39.803+0000] {dagbag.py:536} INFO - Filling up the DagBag from /opt/airflow/dags/exampledag.py
[2025-03-23T18:49:39.831+0000] {processor.py:839} INFO - DAG(s) dict_keys(['chethan_test_dag']) retrieved from /opt/airflow/dags/exampledag.py
[2025-03-23T18:49:39.858+0000] {logging_mixin.py:154} INFO - [2025-03-23T18:49:39.858+0000] {dag.py:2941} INFO - Sync 1 DAGs
[2025-03-23T18:49:39.877+0000] {logging_mixin.py:154} INFO - [2025-03-23T18:49:39.877+0000] {dag.py:3722} INFO - Setting next_dagrun for chethan_test_dag to 2025-03-22T00:00:00+00:00, run_after=2025-03-23T00:00:00+00:00
[2025-03-23T18:49:39.895+0000] {processor.py:179} INFO - Processing /opt/airflow/dags/exampledag.py took 0.098 seconds
[2025-03-23T18:50:10.155+0000] {processor.py:157} INFO - Started process (PID=2346) to work on /opt/airflow/dags/exampledag.py
[2025-03-23T18:50:10.156+0000] {processor.py:829} INFO - Processing file /opt/airflow/dags/exampledag.py for tasks to queue
[2025-03-23T18:50:10.157+0000] {logging_mixin.py:154} INFO - [2025-03-23T18:50:10.157+0000] {dagbag.py:536} INFO - Filling up the DagBag from /opt/airflow/dags/exampledag.py
[2025-03-23T18:50:10.180+0000] {processor.py:839} INFO - DAG(s) dict_keys(['chethan_test_dag']) retrieved from /opt/airflow/dags/exampledag.py
[2025-03-23T18:50:10.200+0000] {logging_mixin.py:154} INFO - [2025-03-23T18:50:10.200+0000] {dag.py:2941} INFO - Sync 1 DAGs
[2025-03-23T18:50:10.217+0000] {logging_mixin.py:154} INFO - [2025-03-23T18:50:10.216+0000] {dag.py:3722} INFO - Setting next_dagrun for chethan_test_dag to 2025-03-22T00:00:00+00:00, run_after=2025-03-23T00:00:00+00:00
[2025-03-23T18:50:10.234+0000] {processor.py:179} INFO - Processing /opt/airflow/dags/exampledag.py took 0.082 seconds
[2025-03-23T18:50:40.493+0000] {processor.py:157} INFO - Started process (PID=2349) to work on /opt/airflow/dags/exampledag.py
[2025-03-23T18:50:40.494+0000] {processor.py:829} INFO - Processing file /opt/airflow/dags/exampledag.py for tasks to queue
[2025-03-23T18:50:40.495+0000] {logging_mixin.py:154} INFO - [2025-03-23T18:50:40.495+0000] {dagbag.py:536} INFO - Filling up the DagBag from /opt/airflow/dags/exampledag.py
[2025-03-23T18:50:40.516+0000] {processor.py:839} INFO - DAG(s) dict_keys(['chethan_test_dag']) retrieved from /opt/airflow/dags/exampledag.py
[2025-03-23T18:50:40.535+0000] {logging_mixin.py:154} INFO - [2025-03-23T18:50:40.534+0000] {dag.py:2941} INFO - Sync 1 DAGs
[2025-03-23T18:50:40.552+0000] {logging_mixin.py:154} INFO - [2025-03-23T18:50:40.552+0000] {dag.py:3722} INFO - Setting next_dagrun for chethan_test_dag to 2025-03-22T00:00:00+00:00, run_after=2025-03-23T00:00:00+00:00
[2025-03-23T18:50:40.581+0000] {processor.py:179} INFO - Processing /opt/airflow/dags/exampledag.py took 0.091 seconds
[2025-03-23T18:51:10.848+0000] {processor.py:157} INFO - Started process (PID=2352) to work on /opt/airflow/dags/exampledag.py
[2025-03-23T18:51:10.850+0000] {processor.py:829} INFO - Processing file /opt/airflow/dags/exampledag.py for tasks to queue
[2025-03-23T18:51:10.850+0000] {logging_mixin.py:154} INFO - [2025-03-23T18:51:10.850+0000] {dagbag.py:536} INFO - Filling up the DagBag from /opt/airflow/dags/exampledag.py
[2025-03-23T18:51:10.874+0000] {processor.py:839} INFO - DAG(s) dict_keys(['chethan_test_dag']) retrieved from /opt/airflow/dags/exampledag.py
[2025-03-23T18:51:10.897+0000] {logging_mixin.py:154} INFO - [2025-03-23T18:51:10.896+0000] {dag.py:2941} INFO - Sync 1 DAGs
[2025-03-23T18:51:10.919+0000] {logging_mixin.py:154} INFO - [2025-03-23T18:51:10.918+0000] {dag.py:3722} INFO - Setting next_dagrun for chethan_test_dag to 2025-03-22T00:00:00+00:00, run_after=2025-03-23T00:00:00+00:00
[2025-03-23T18:51:10.952+0000] {processor.py:179} INFO - Processing /opt/airflow/dags/exampledag.py took 0.107 seconds
[2025-03-23T18:51:41.208+0000] {processor.py:157} INFO - Started process (PID=2355) to work on /opt/airflow/dags/exampledag.py
[2025-03-23T18:51:41.210+0000] {processor.py:829} INFO - Processing file /opt/airflow/dags/exampledag.py for tasks to queue
[2025-03-23T18:51:41.212+0000] {logging_mixin.py:154} INFO - [2025-03-23T18:51:41.211+0000] {dagbag.py:536} INFO - Filling up the DagBag from /opt/airflow/dags/exampledag.py
[2025-03-23T18:51:41.244+0000] {processor.py:839} INFO - DAG(s) dict_keys(['chethan_test_dag']) retrieved from /opt/airflow/dags/exampledag.py
[2025-03-23T18:51:41.274+0000] {logging_mixin.py:154} INFO - [2025-03-23T18:51:41.273+0000] {dag.py:2941} INFO - Sync 1 DAGs
[2025-03-23T18:51:41.307+0000] {logging_mixin.py:154} INFO - [2025-03-23T18:51:41.306+0000] {dag.py:3722} INFO - Setting next_dagrun for chethan_test_dag to 2025-03-22T00:00:00+00:00, run_after=2025-03-23T00:00:00+00:00
[2025-03-23T18:51:41.350+0000] {processor.py:179} INFO - Processing /opt/airflow/dags/exampledag.py took 0.146 seconds
[2025-03-23T18:52:11.615+0000] {processor.py:157} INFO - Started process (PID=2358) to work on /opt/airflow/dags/exampledag.py
[2025-03-23T18:52:11.617+0000] {processor.py:829} INFO - Processing file /opt/airflow/dags/exampledag.py for tasks to queue
[2025-03-23T18:52:11.619+0000] {logging_mixin.py:154} INFO - [2025-03-23T18:52:11.618+0000] {dagbag.py:536} INFO - Filling up the DagBag from /opt/airflow/dags/exampledag.py
[2025-03-23T18:52:11.646+0000] {processor.py:839} INFO - DAG(s) dict_keys(['chethan_test_dag']) retrieved from /opt/airflow/dags/exampledag.py
[2025-03-23T18:52:11.680+0000] {logging_mixin.py:154} INFO - [2025-03-23T18:52:11.680+0000] {dag.py:2941} INFO - Sync 1 DAGs
[2025-03-23T18:52:11.715+0000] {logging_mixin.py:154} INFO - [2025-03-23T18:52:11.714+0000] {dag.py:3722} INFO - Setting next_dagrun for chethan_test_dag to 2025-03-22T00:00:00+00:00, run_after=2025-03-23T00:00:00+00:00
[2025-03-23T18:52:11.735+0000] {processor.py:179} INFO - Processing /opt/airflow/dags/exampledag.py took 0.124 seconds
[2025-03-23T18:52:42.007+0000] {processor.py:157} INFO - Started process (PID=2361) to work on /opt/airflow/dags/exampledag.py
[2025-03-23T18:52:42.008+0000] {processor.py:829} INFO - Processing file /opt/airflow/dags/exampledag.py for tasks to queue
[2025-03-23T18:52:42.009+0000] {logging_mixin.py:154} INFO - [2025-03-23T18:52:42.009+0000] {dagbag.py:536} INFO - Filling up the DagBag from /opt/airflow/dags/exampledag.py
[2025-03-23T18:52:42.032+0000] {processor.py:839} INFO - DAG(s) dict_keys(['chethan_test_dag']) retrieved from /opt/airflow/dags/exampledag.py
[2025-03-23T18:52:42.053+0000] {logging_mixin.py:154} INFO - [2025-03-23T18:52:42.053+0000] {dag.py:2941} INFO - Sync 1 DAGs
[2025-03-23T18:52:42.071+0000] {logging_mixin.py:154} INFO - [2025-03-23T18:52:42.070+0000] {dag.py:3722} INFO - Setting next_dagrun for chethan_test_dag to 2025-03-22T00:00:00+00:00, run_after=2025-03-23T00:00:00+00:00
[2025-03-23T18:52:42.090+0000] {processor.py:179} INFO - Processing /opt/airflow/dags/exampledag.py took 0.086 seconds
[2025-03-23T18:53:12.353+0000] {processor.py:157} INFO - Started process (PID=2364) to work on /opt/airflow/dags/exampledag.py
[2025-03-23T18:53:12.354+0000] {processor.py:829} INFO - Processing file /opt/airflow/dags/exampledag.py for tasks to queue
[2025-03-23T18:53:12.355+0000] {logging_mixin.py:154} INFO - [2025-03-23T18:53:12.355+0000] {dagbag.py:536} INFO - Filling up the DagBag from /opt/airflow/dags/exampledag.py
[2025-03-23T18:53:12.373+0000] {processor.py:839} INFO - DAG(s) dict_keys(['chethan_test_dag']) retrieved from /opt/airflow/dags/exampledag.py
[2025-03-23T18:53:12.396+0000] {logging_mixin.py:154} INFO - [2025-03-23T18:53:12.396+0000] {dag.py:2941} INFO - Sync 1 DAGs
[2025-03-23T18:53:12.420+0000] {logging_mixin.py:154} INFO - [2025-03-23T18:53:12.420+0000] {dag.py:3722} INFO - Setting next_dagrun for chethan_test_dag to 2025-03-22T00:00:00+00:00, run_after=2025-03-23T00:00:00+00:00
[2025-03-23T18:53:12.441+0000] {processor.py:179} INFO - Processing /opt/airflow/dags/exampledag.py took 0.091 seconds
[2025-03-23T18:53:42.699+0000] {processor.py:157} INFO - Started process (PID=2367) to work on /opt/airflow/dags/exampledag.py
[2025-03-23T18:53:42.701+0000] {processor.py:829} INFO - Processing file /opt/airflow/dags/exampledag.py for tasks to queue
[2025-03-23T18:53:42.702+0000] {logging_mixin.py:154} INFO - [2025-03-23T18:53:42.702+0000] {dagbag.py:536} INFO - Filling up the DagBag from /opt/airflow/dags/exampledag.py
[2025-03-23T18:53:42.726+0000] {processor.py:839} INFO - DAG(s) dict_keys(['chethan_test_dag']) retrieved from /opt/airflow/dags/exampledag.py
[2025-03-23T18:53:42.753+0000] {logging_mixin.py:154} INFO - [2025-03-23T18:53:42.753+0000] {dag.py:2941} INFO - Sync 1 DAGs
[2025-03-23T18:53:42.774+0000] {logging_mixin.py:154} INFO - [2025-03-23T18:53:42.774+0000] {dag.py:3722} INFO - Setting next_dagrun for chethan_test_dag to 2025-03-22T00:00:00+00:00, run_after=2025-03-23T00:00:00+00:00
[2025-03-23T18:53:42.795+0000] {processor.py:179} INFO - Processing /opt/airflow/dags/exampledag.py took 0.098 seconds
[2025-03-23T18:54:13.067+0000] {processor.py:157} INFO - Started process (PID=2370) to work on /opt/airflow/dags/exampledag.py
[2025-03-23T18:54:13.069+0000] {processor.py:829} INFO - Processing file /opt/airflow/dags/exampledag.py for tasks to queue
[2025-03-23T18:54:13.071+0000] {logging_mixin.py:154} INFO - [2025-03-23T18:54:13.070+0000] {dagbag.py:536} INFO - Filling up the DagBag from /opt/airflow/dags/exampledag.py
[2025-03-23T18:54:13.100+0000] {processor.py:839} INFO - DAG(s) dict_keys(['chethan_test_dag']) retrieved from /opt/airflow/dags/exampledag.py
[2025-03-23T18:54:13.120+0000] {logging_mixin.py:154} INFO - [2025-03-23T18:54:13.120+0000] {dag.py:2941} INFO - Sync 1 DAGs
[2025-03-23T18:54:13.138+0000] {logging_mixin.py:154} INFO - [2025-03-23T18:54:13.138+0000] {dag.py:3722} INFO - Setting next_dagrun for chethan_test_dag to 2025-03-22T00:00:00+00:00, run_after=2025-03-23T00:00:00+00:00
[2025-03-23T18:54:13.154+0000] {processor.py:179} INFO - Processing /opt/airflow/dags/exampledag.py took 0.090 seconds
[2025-03-23T18:54:43.445+0000] {processor.py:157} INFO - Started process (PID=2373) to work on /opt/airflow/dags/exampledag.py
[2025-03-23T18:54:43.447+0000] {processor.py:829} INFO - Processing file /opt/airflow/dags/exampledag.py for tasks to queue
[2025-03-23T18:54:43.448+0000] {logging_mixin.py:154} INFO - [2025-03-23T18:54:43.448+0000] {dagbag.py:536} INFO - Filling up the DagBag from /opt/airflow/dags/exampledag.py
[2025-03-23T18:54:43.478+0000] {processor.py:839} INFO - DAG(s) dict_keys(['chethan_test_dag']) retrieved from /opt/airflow/dags/exampledag.py
[2025-03-23T18:54:43.512+0000] {logging_mixin.py:154} INFO - [2025-03-23T18:54:43.512+0000] {dag.py:2941} INFO - Sync 1 DAGs
[2025-03-23T18:54:43.532+0000] {logging_mixin.py:154} INFO - [2025-03-23T18:54:43.532+0000] {dag.py:3722} INFO - Setting next_dagrun for chethan_test_dag to 2025-03-22T00:00:00+00:00, run_after=2025-03-23T00:00:00+00:00
[2025-03-23T18:54:43.549+0000] {processor.py:179} INFO - Processing /opt/airflow/dags/exampledag.py took 0.110 seconds
[2025-03-23T18:55:13.792+0000] {processor.py:157} INFO - Started process (PID=2376) to work on /opt/airflow/dags/exampledag.py
[2025-03-23T18:55:13.793+0000] {processor.py:829} INFO - Processing file /opt/airflow/dags/exampledag.py for tasks to queue
[2025-03-23T18:55:13.795+0000] {logging_mixin.py:154} INFO - [2025-03-23T18:55:13.794+0000] {dagbag.py:536} INFO - Filling up the DagBag from /opt/airflow/dags/exampledag.py
[2025-03-23T18:55:13.822+0000] {processor.py:839} INFO - DAG(s) dict_keys(['chethan_test_dag']) retrieved from /opt/airflow/dags/exampledag.py
[2025-03-23T18:55:13.854+0000] {logging_mixin.py:154} INFO - [2025-03-23T18:55:13.854+0000] {dag.py:2941} INFO - Sync 1 DAGs
[2025-03-23T18:55:13.880+0000] {logging_mixin.py:154} INFO - [2025-03-23T18:55:13.879+0000] {dag.py:3722} INFO - Setting next_dagrun for chethan_test_dag to 2025-03-22T00:00:00+00:00, run_after=2025-03-23T00:00:00+00:00
[2025-03-23T18:55:13.911+0000] {processor.py:179} INFO - Processing /opt/airflow/dags/exampledag.py took 0.122 seconds
[2025-03-23T18:55:44.157+0000] {processor.py:157} INFO - Started process (PID=2379) to work on /opt/airflow/dags/exampledag.py
[2025-03-23T18:55:44.158+0000] {processor.py:829} INFO - Processing file /opt/airflow/dags/exampledag.py for tasks to queue
[2025-03-23T18:55:44.160+0000] {logging_mixin.py:154} INFO - [2025-03-23T18:55:44.160+0000] {dagbag.py:536} INFO - Filling up the DagBag from /opt/airflow/dags/exampledag.py
[2025-03-23T18:55:44.192+0000] {processor.py:839} INFO - DAG(s) dict_keys(['chethan_test_dag']) retrieved from /opt/airflow/dags/exampledag.py
[2025-03-23T18:55:44.217+0000] {logging_mixin.py:154} INFO - [2025-03-23T18:55:44.217+0000] {dag.py:2941} INFO - Sync 1 DAGs
[2025-03-23T18:55:44.235+0000] {logging_mixin.py:154} INFO - [2025-03-23T18:55:44.235+0000] {dag.py:3722} INFO - Setting next_dagrun for chethan_test_dag to 2025-03-22T00:00:00+00:00, run_after=2025-03-23T00:00:00+00:00
[2025-03-23T18:55:44.252+0000] {processor.py:179} INFO - Processing /opt/airflow/dags/exampledag.py took 0.098 seconds
[2025-03-23T18:56:14.507+0000] {processor.py:157} INFO - Started process (PID=2382) to work on /opt/airflow/dags/exampledag.py
[2025-03-23T18:56:14.509+0000] {processor.py:829} INFO - Processing file /opt/airflow/dags/exampledag.py for tasks to queue
[2025-03-23T18:56:14.510+0000] {logging_mixin.py:154} INFO - [2025-03-23T18:56:14.509+0000] {dagbag.py:536} INFO - Filling up the DagBag from /opt/airflow/dags/exampledag.py
[2025-03-23T18:56:14.537+0000] {processor.py:839} INFO - DAG(s) dict_keys(['chethan_test_dag']) retrieved from /opt/airflow/dags/exampledag.py
[2025-03-23T18:56:14.558+0000] {logging_mixin.py:154} INFO - [2025-03-23T18:56:14.558+0000] {dag.py:2941} INFO - Sync 1 DAGs
[2025-03-23T18:56:14.574+0000] {logging_mixin.py:154} INFO - [2025-03-23T18:56:14.574+0000] {dag.py:3722} INFO - Setting next_dagrun for chethan_test_dag to 2025-03-22T00:00:00+00:00, run_after=2025-03-23T00:00:00+00:00
[2025-03-23T18:56:14.588+0000] {processor.py:179} INFO - Processing /opt/airflow/dags/exampledag.py took 0.085 seconds
[2025-03-23T18:56:44.830+0000] {processor.py:157} INFO - Started process (PID=2385) to work on /opt/airflow/dags/exampledag.py
[2025-03-23T18:56:44.831+0000] {processor.py:829} INFO - Processing file /opt/airflow/dags/exampledag.py for tasks to queue
[2025-03-23T18:56:44.832+0000] {logging_mixin.py:154} INFO - [2025-03-23T18:56:44.832+0000] {dagbag.py:536} INFO - Filling up the DagBag from /opt/airflow/dags/exampledag.py
[2025-03-23T18:56:44.859+0000] {processor.py:839} INFO - DAG(s) dict_keys(['chethan_test_dag']) retrieved from /opt/airflow/dags/exampledag.py
[2025-03-23T18:56:44.883+0000] {logging_mixin.py:154} INFO - [2025-03-23T18:56:44.882+0000] {dag.py:2941} INFO - Sync 1 DAGs
[2025-03-23T18:56:44.902+0000] {logging_mixin.py:154} INFO - [2025-03-23T18:56:44.901+0000] {dag.py:3722} INFO - Setting next_dagrun for chethan_test_dag to 2025-03-22T00:00:00+00:00, run_after=2025-03-23T00:00:00+00:00
[2025-03-23T18:56:44.920+0000] {processor.py:179} INFO - Processing /opt/airflow/dags/exampledag.py took 0.094 seconds
[2025-03-23T18:57:15.145+0000] {processor.py:157} INFO - Started process (PID=2388) to work on /opt/airflow/dags/exampledag.py
[2025-03-23T18:57:15.146+0000] {processor.py:829} INFO - Processing file /opt/airflow/dags/exampledag.py for tasks to queue
[2025-03-23T18:57:15.148+0000] {logging_mixin.py:154} INFO - [2025-03-23T18:57:15.147+0000] {dagbag.py:536} INFO - Filling up the DagBag from /opt/airflow/dags/exampledag.py
[2025-03-23T18:57:15.176+0000] {processor.py:839} INFO - DAG(s) dict_keys(['chethan_test_dag']) retrieved from /opt/airflow/dags/exampledag.py
[2025-03-23T18:57:15.196+0000] {logging_mixin.py:154} INFO - [2025-03-23T18:57:15.196+0000] {dag.py:2941} INFO - Sync 1 DAGs
[2025-03-23T18:57:15.212+0000] {logging_mixin.py:154} INFO - [2025-03-23T18:57:15.212+0000] {dag.py:3722} INFO - Setting next_dagrun for chethan_test_dag to 2025-03-22T00:00:00+00:00, run_after=2025-03-23T00:00:00+00:00
[2025-03-23T18:57:15.229+0000] {processor.py:179} INFO - Processing /opt/airflow/dags/exampledag.py took 0.087 seconds
[2025-03-23T18:57:45.474+0000] {processor.py:157} INFO - Started process (PID=2391) to work on /opt/airflow/dags/exampledag.py
[2025-03-23T18:57:45.475+0000] {processor.py:829} INFO - Processing file /opt/airflow/dags/exampledag.py for tasks to queue
[2025-03-23T18:57:45.478+0000] {logging_mixin.py:154} INFO - [2025-03-23T18:57:45.478+0000] {dagbag.py:536} INFO - Filling up the DagBag from /opt/airflow/dags/exampledag.py
[2025-03-23T18:57:45.504+0000] {processor.py:839} INFO - DAG(s) dict_keys(['chethan_test_dag']) retrieved from /opt/airflow/dags/exampledag.py
[2025-03-23T18:57:45.527+0000] {logging_mixin.py:154} INFO - [2025-03-23T18:57:45.527+0000] {dag.py:2941} INFO - Sync 1 DAGs
[2025-03-23T18:57:45.546+0000] {logging_mixin.py:154} INFO - [2025-03-23T18:57:45.546+0000] {dag.py:3722} INFO - Setting next_dagrun for chethan_test_dag to 2025-03-22T00:00:00+00:00, run_after=2025-03-23T00:00:00+00:00
[2025-03-23T18:57:45.563+0000] {processor.py:179} INFO - Processing /opt/airflow/dags/exampledag.py took 0.092 seconds
[2025-03-23T18:58:15.842+0000] {processor.py:157} INFO - Started process (PID=2394) to work on /opt/airflow/dags/exampledag.py
[2025-03-23T18:58:15.844+0000] {processor.py:829} INFO - Processing file /opt/airflow/dags/exampledag.py for tasks to queue
[2025-03-23T18:58:15.846+0000] {logging_mixin.py:154} INFO - [2025-03-23T18:58:15.846+0000] {dagbag.py:536} INFO - Filling up the DagBag from /opt/airflow/dags/exampledag.py
[2025-03-23T18:58:15.895+0000] {processor.py:839} INFO - DAG(s) dict_keys(['chethan_test_dag']) retrieved from /opt/airflow/dags/exampledag.py
[2025-03-23T18:58:15.925+0000] {logging_mixin.py:154} INFO - [2025-03-23T18:58:15.925+0000] {dag.py:2941} INFO - Sync 1 DAGs
[2025-03-23T18:58:15.944+0000] {logging_mixin.py:154} INFO - [2025-03-23T18:58:15.944+0000] {dag.py:3722} INFO - Setting next_dagrun for chethan_test_dag to 2025-03-22T00:00:00+00:00, run_after=2025-03-23T00:00:00+00:00
[2025-03-23T18:58:15.976+0000] {processor.py:179} INFO - Processing /opt/airflow/dags/exampledag.py took 0.141 seconds
[2025-03-23T18:58:46.267+0000] {processor.py:157} INFO - Started process (PID=2397) to work on /opt/airflow/dags/exampledag.py
[2025-03-23T18:58:46.269+0000] {processor.py:829} INFO - Processing file /opt/airflow/dags/exampledag.py for tasks to queue
[2025-03-23T18:58:46.270+0000] {logging_mixin.py:154} INFO - [2025-03-23T18:58:46.269+0000] {dagbag.py:536} INFO - Filling up the DagBag from /opt/airflow/dags/exampledag.py
[2025-03-23T18:58:46.298+0000] {processor.py:839} INFO - DAG(s) dict_keys(['chethan_test_dag']) retrieved from /opt/airflow/dags/exampledag.py
[2025-03-23T18:58:46.321+0000] {logging_mixin.py:154} INFO - [2025-03-23T18:58:46.321+0000] {dag.py:2941} INFO - Sync 1 DAGs
[2025-03-23T18:58:46.341+0000] {logging_mixin.py:154} INFO - [2025-03-23T18:58:46.341+0000] {dag.py:3722} INFO - Setting next_dagrun for chethan_test_dag to 2025-03-22T00:00:00+00:00, run_after=2025-03-23T00:00:00+00:00
[2025-03-23T18:58:46.361+0000] {processor.py:179} INFO - Processing /opt/airflow/dags/exampledag.py took 0.098 seconds
[2025-03-23T18:59:16.572+0000] {processor.py:157} INFO - Started process (PID=2399) to work on /opt/airflow/dags/exampledag.py
[2025-03-23T18:59:16.576+0000] {processor.py:829} INFO - Processing file /opt/airflow/dags/exampledag.py for tasks to queue
[2025-03-23T18:59:16.579+0000] {logging_mixin.py:154} INFO - [2025-03-23T18:59:16.578+0000] {dagbag.py:536} INFO - Filling up the DagBag from /opt/airflow/dags/exampledag.py
[2025-03-23T18:59:16.625+0000] {processor.py:839} INFO - DAG(s) dict_keys(['chethan_test_dag']) retrieved from /opt/airflow/dags/exampledag.py
[2025-03-23T18:59:16.653+0000] {logging_mixin.py:154} INFO - [2025-03-23T18:59:16.653+0000] {dag.py:2941} INFO - Sync 1 DAGs
[2025-03-23T18:59:16.684+0000] {logging_mixin.py:154} INFO - [2025-03-23T18:59:16.684+0000] {dag.py:3722} INFO - Setting next_dagrun for chethan_test_dag to 2025-03-22T00:00:00+00:00, run_after=2025-03-23T00:00:00+00:00
[2025-03-23T18:59:16.710+0000] {processor.py:179} INFO - Processing /opt/airflow/dags/exampledag.py took 0.145 seconds
[2025-03-23T18:59:47.092+0000] {processor.py:157} INFO - Started process (PID=2402) to work on /opt/airflow/dags/exampledag.py
[2025-03-23T18:59:47.093+0000] {processor.py:829} INFO - Processing file /opt/airflow/dags/exampledag.py for tasks to queue
[2025-03-23T18:59:47.093+0000] {logging_mixin.py:154} INFO - [2025-03-23T18:59:47.093+0000] {dagbag.py:536} INFO - Filling up the DagBag from /opt/airflow/dags/exampledag.py
[2025-03-23T18:59:47.115+0000] {processor.py:839} INFO - DAG(s) dict_keys(['chethan_test_dag']) retrieved from /opt/airflow/dags/exampledag.py
[2025-03-23T18:59:47.137+0000] {logging_mixin.py:154} INFO - [2025-03-23T18:59:47.137+0000] {dag.py:2941} INFO - Sync 1 DAGs
[2025-03-23T18:59:47.156+0000] {logging_mixin.py:154} INFO - [2025-03-23T18:59:47.156+0000] {dag.py:3722} INFO - Setting next_dagrun for chethan_test_dag to 2025-03-22T00:00:00+00:00, run_after=2025-03-23T00:00:00+00:00
[2025-03-23T18:59:47.301+0000] {processor.py:179} INFO - Processing /opt/airflow/dags/exampledag.py took 0.212 seconds
[2025-03-23T19:00:17.609+0000] {processor.py:157} INFO - Started process (PID=2405) to work on /opt/airflow/dags/exampledag.py
[2025-03-23T19:00:17.611+0000] {processor.py:829} INFO - Processing file /opt/airflow/dags/exampledag.py for tasks to queue
[2025-03-23T19:00:17.612+0000] {logging_mixin.py:154} INFO - [2025-03-23T19:00:17.611+0000] {dagbag.py:536} INFO - Filling up the DagBag from /opt/airflow/dags/exampledag.py
[2025-03-23T19:00:17.634+0000] {processor.py:839} INFO - DAG(s) dict_keys(['chethan_test_dag']) retrieved from /opt/airflow/dags/exampledag.py
[2025-03-23T19:00:17.658+0000] {logging_mixin.py:154} INFO - [2025-03-23T19:00:17.658+0000] {dag.py:2941} INFO - Sync 1 DAGs
[2025-03-23T19:00:17.680+0000] {logging_mixin.py:154} INFO - [2025-03-23T19:00:17.680+0000] {dag.py:3722} INFO - Setting next_dagrun for chethan_test_dag to 2025-03-22T00:00:00+00:00, run_after=2025-03-23T00:00:00+00:00
[2025-03-23T19:00:17.705+0000] {processor.py:179} INFO - Processing /opt/airflow/dags/exampledag.py took 0.099 seconds
[2025-03-23T19:00:47.953+0000] {processor.py:157} INFO - Started process (PID=2407) to work on /opt/airflow/dags/exampledag.py
[2025-03-23T19:00:47.954+0000] {processor.py:829} INFO - Processing file /opt/airflow/dags/exampledag.py for tasks to queue
[2025-03-23T19:00:47.955+0000] {logging_mixin.py:154} INFO - [2025-03-23T19:00:47.955+0000] {dagbag.py:536} INFO - Filling up the DagBag from /opt/airflow/dags/exampledag.py
[2025-03-23T19:00:47.979+0000] {processor.py:839} INFO - DAG(s) dict_keys(['chethan_test_dag']) retrieved from /opt/airflow/dags/exampledag.py
[2025-03-23T19:00:47.998+0000] {logging_mixin.py:154} INFO - [2025-03-23T19:00:47.997+0000] {dag.py:2941} INFO - Sync 1 DAGs
[2025-03-23T19:00:48.016+0000] {logging_mixin.py:154} INFO - [2025-03-23T19:00:48.016+0000] {dag.py:3722} INFO - Setting next_dagrun for chethan_test_dag to 2025-03-22T00:00:00+00:00, run_after=2025-03-23T00:00:00+00:00
[2025-03-23T19:00:48.032+0000] {processor.py:179} INFO - Processing /opt/airflow/dags/exampledag.py took 0.083 seconds
[2025-03-23T19:01:18.337+0000] {processor.py:157} INFO - Started process (PID=2410) to work on /opt/airflow/dags/exampledag.py
[2025-03-23T19:01:18.339+0000] {processor.py:829} INFO - Processing file /opt/airflow/dags/exampledag.py for tasks to queue
[2025-03-23T19:01:18.340+0000] {logging_mixin.py:154} INFO - [2025-03-23T19:01:18.340+0000] {dagbag.py:536} INFO - Filling up the DagBag from /opt/airflow/dags/exampledag.py
[2025-03-23T19:01:18.378+0000] {processor.py:839} INFO - DAG(s) dict_keys(['chethan_test_dag']) retrieved from /opt/airflow/dags/exampledag.py
[2025-03-23T19:01:18.405+0000] {logging_mixin.py:154} INFO - [2025-03-23T19:01:18.405+0000] {dag.py:2941} INFO - Sync 1 DAGs
[2025-03-23T19:01:18.433+0000] {logging_mixin.py:154} INFO - [2025-03-23T19:01:18.432+0000] {dag.py:3722} INFO - Setting next_dagrun for chethan_test_dag to 2025-03-22T00:00:00+00:00, run_after=2025-03-23T00:00:00+00:00
[2025-03-23T19:01:18.459+0000] {processor.py:179} INFO - Processing /opt/airflow/dags/exampledag.py took 0.128 seconds
[2025-03-23T19:01:48.729+0000] {processor.py:157} INFO - Started process (PID=2413) to work on /opt/airflow/dags/exampledag.py
[2025-03-23T19:01:48.731+0000] {processor.py:829} INFO - Processing file /opt/airflow/dags/exampledag.py for tasks to queue
[2025-03-23T19:01:48.732+0000] {logging_mixin.py:154} INFO - [2025-03-23T19:01:48.731+0000] {dagbag.py:536} INFO - Filling up the DagBag from /opt/airflow/dags/exampledag.py
[2025-03-23T19:01:48.756+0000] {processor.py:839} INFO - DAG(s) dict_keys(['chethan_test_dag']) retrieved from /opt/airflow/dags/exampledag.py
[2025-03-23T19:01:48.774+0000] {logging_mixin.py:154} INFO - [2025-03-23T19:01:48.774+0000] {dag.py:2941} INFO - Sync 1 DAGs
[2025-03-23T19:01:48.792+0000] {logging_mixin.py:154} INFO - [2025-03-23T19:01:48.792+0000] {dag.py:3722} INFO - Setting next_dagrun for chethan_test_dag to 2025-03-22T00:00:00+00:00, run_after=2025-03-23T00:00:00+00:00
[2025-03-23T19:01:48.812+0000] {processor.py:179} INFO - Processing /opt/airflow/dags/exampledag.py took 0.085 seconds
[2025-03-23T19:02:19.055+0000] {processor.py:157} INFO - Started process (PID=2416) to work on /opt/airflow/dags/exampledag.py
[2025-03-23T19:02:19.057+0000] {processor.py:829} INFO - Processing file /opt/airflow/dags/exampledag.py for tasks to queue
[2025-03-23T19:02:19.060+0000] {logging_mixin.py:154} INFO - [2025-03-23T19:02:19.059+0000] {dagbag.py:536} INFO - Filling up the DagBag from /opt/airflow/dags/exampledag.py
[2025-03-23T19:02:19.103+0000] {processor.py:839} INFO - DAG(s) dict_keys(['chethan_test_dag']) retrieved from /opt/airflow/dags/exampledag.py
[2025-03-23T19:02:19.137+0000] {logging_mixin.py:154} INFO - [2025-03-23T19:02:19.137+0000] {dag.py:2941} INFO - Sync 1 DAGs
[2025-03-23T19:02:19.167+0000] {logging_mixin.py:154} INFO - [2025-03-23T19:02:19.167+0000] {dag.py:3722} INFO - Setting next_dagrun for chethan_test_dag to 2025-03-22T00:00:00+00:00, run_after=2025-03-23T00:00:00+00:00
[2025-03-23T19:02:19.195+0000] {processor.py:179} INFO - Processing /opt/airflow/dags/exampledag.py took 0.143 seconds
[2025-03-23T19:02:49.478+0000] {processor.py:157} INFO - Started process (PID=2419) to work on /opt/airflow/dags/exampledag.py
[2025-03-23T19:02:49.479+0000] {processor.py:829} INFO - Processing file /opt/airflow/dags/exampledag.py for tasks to queue
[2025-03-23T19:02:49.481+0000] {logging_mixin.py:154} INFO - [2025-03-23T19:02:49.481+0000] {dagbag.py:536} INFO - Filling up the DagBag from /opt/airflow/dags/exampledag.py
[2025-03-23T19:02:49.509+0000] {processor.py:839} INFO - DAG(s) dict_keys(['chethan_test_dag']) retrieved from /opt/airflow/dags/exampledag.py
[2025-03-23T19:02:49.545+0000] {logging_mixin.py:154} INFO - [2025-03-23T19:02:49.545+0000] {dag.py:2941} INFO - Sync 1 DAGs
[2025-03-23T19:02:49.584+0000] {logging_mixin.py:154} INFO - [2025-03-23T19:02:49.584+0000] {dag.py:3722} INFO - Setting next_dagrun for chethan_test_dag to 2025-03-22T00:00:00+00:00, run_after=2025-03-23T00:00:00+00:00
[2025-03-23T19:02:49.612+0000] {processor.py:179} INFO - Processing /opt/airflow/dags/exampledag.py took 0.138 seconds
[2025-03-23T19:03:19.876+0000] {processor.py:157} INFO - Started process (PID=2422) to work on /opt/airflow/dags/exampledag.py
[2025-03-23T19:03:19.877+0000] {processor.py:829} INFO - Processing file /opt/airflow/dags/exampledag.py for tasks to queue
[2025-03-23T19:03:19.878+0000] {logging_mixin.py:154} INFO - [2025-03-23T19:03:19.878+0000] {dagbag.py:536} INFO - Filling up the DagBag from /opt/airflow/dags/exampledag.py
[2025-03-23T19:03:19.902+0000] {processor.py:839} INFO - DAG(s) dict_keys(['chethan_test_dag']) retrieved from /opt/airflow/dags/exampledag.py
[2025-03-23T19:03:19.926+0000] {logging_mixin.py:154} INFO - [2025-03-23T19:03:19.926+0000] {dag.py:2941} INFO - Sync 1 DAGs
[2025-03-23T19:03:19.947+0000] {logging_mixin.py:154} INFO - [2025-03-23T19:03:19.947+0000] {dag.py:3722} INFO - Setting next_dagrun for chethan_test_dag to 2025-03-22T00:00:00+00:00, run_after=2025-03-23T00:00:00+00:00
[2025-03-23T19:03:19.970+0000] {processor.py:179} INFO - Processing /opt/airflow/dags/exampledag.py took 0.097 seconds
[2025-03-23T19:03:50.231+0000] {processor.py:157} INFO - Started process (PID=2425) to work on /opt/airflow/dags/exampledag.py
[2025-03-23T19:03:50.232+0000] {processor.py:829} INFO - Processing file /opt/airflow/dags/exampledag.py for tasks to queue
[2025-03-23T19:03:50.233+0000] {logging_mixin.py:154} INFO - [2025-03-23T19:03:50.233+0000] {dagbag.py:536} INFO - Filling up the DagBag from /opt/airflow/dags/exampledag.py
[2025-03-23T19:03:50.259+0000] {processor.py:839} INFO - DAG(s) dict_keys(['chethan_test_dag']) retrieved from /opt/airflow/dags/exampledag.py
[2025-03-23T19:03:50.282+0000] {logging_mixin.py:154} INFO - [2025-03-23T19:03:50.282+0000] {dag.py:2941} INFO - Sync 1 DAGs
[2025-03-23T19:03:50.300+0000] {logging_mixin.py:154} INFO - [2025-03-23T19:03:50.300+0000] {dag.py:3722} INFO - Setting next_dagrun for chethan_test_dag to 2025-03-22T00:00:00+00:00, run_after=2025-03-23T00:00:00+00:00
[2025-03-23T19:03:50.320+0000] {processor.py:179} INFO - Processing /opt/airflow/dags/exampledag.py took 0.093 seconds
[2025-03-23T19:04:20.586+0000] {processor.py:157} INFO - Started process (PID=2428) to work on /opt/airflow/dags/exampledag.py
[2025-03-23T19:04:20.587+0000] {processor.py:829} INFO - Processing file /opt/airflow/dags/exampledag.py for tasks to queue
[2025-03-23T19:04:20.588+0000] {logging_mixin.py:154} INFO - [2025-03-23T19:04:20.588+0000] {dagbag.py:536} INFO - Filling up the DagBag from /opt/airflow/dags/exampledag.py
[2025-03-23T19:04:20.608+0000] {processor.py:839} INFO - DAG(s) dict_keys(['chethan_test_dag']) retrieved from /opt/airflow/dags/exampledag.py
[2025-03-23T19:04:20.630+0000] {logging_mixin.py:154} INFO - [2025-03-23T19:04:20.630+0000] {dag.py:2941} INFO - Sync 1 DAGs
[2025-03-23T19:04:20.666+0000] {logging_mixin.py:154} INFO - [2025-03-23T19:04:20.665+0000] {dag.py:3722} INFO - Setting next_dagrun for chethan_test_dag to 2025-03-22T00:00:00+00:00, run_after=2025-03-23T00:00:00+00:00
[2025-03-23T19:04:20.681+0000] {processor.py:179} INFO - Processing /opt/airflow/dags/exampledag.py took 0.098 seconds
[2025-03-23T19:04:50.944+0000] {processor.py:157} INFO - Started process (PID=2431) to work on /opt/airflow/dags/exampledag.py
[2025-03-23T19:04:50.945+0000] {processor.py:829} INFO - Processing file /opt/airflow/dags/exampledag.py for tasks to queue
[2025-03-23T19:04:50.946+0000] {logging_mixin.py:154} INFO - [2025-03-23T19:04:50.946+0000] {dagbag.py:536} INFO - Filling up the DagBag from /opt/airflow/dags/exampledag.py
[2025-03-23T19:04:50.970+0000] {processor.py:839} INFO - DAG(s) dict_keys(['chethan_test_dag']) retrieved from /opt/airflow/dags/exampledag.py
[2025-03-23T19:04:50.994+0000] {logging_mixin.py:154} INFO - [2025-03-23T19:04:50.994+0000] {dag.py:2941} INFO - Sync 1 DAGs
[2025-03-23T19:04:51.013+0000] {logging_mixin.py:154} INFO - [2025-03-23T19:04:51.013+0000] {dag.py:3722} INFO - Setting next_dagrun for chethan_test_dag to 2025-03-22T00:00:00+00:00, run_after=2025-03-23T00:00:00+00:00
[2025-03-23T19:04:51.034+0000] {processor.py:179} INFO - Processing /opt/airflow/dags/exampledag.py took 0.093 seconds
[2025-03-23T19:05:21.331+0000] {processor.py:157} INFO - Started process (PID=2434) to work on /opt/airflow/dags/exampledag.py
[2025-03-23T19:05:21.333+0000] {processor.py:829} INFO - Processing file /opt/airflow/dags/exampledag.py for tasks to queue
[2025-03-23T19:05:21.337+0000] {logging_mixin.py:154} INFO - [2025-03-23T19:05:21.336+0000] {dagbag.py:536} INFO - Filling up the DagBag from /opt/airflow/dags/exampledag.py
[2025-03-23T19:05:21.373+0000] {processor.py:839} INFO - DAG(s) dict_keys(['chethan_test_dag']) retrieved from /opt/airflow/dags/exampledag.py
[2025-03-23T19:05:21.398+0000] {logging_mixin.py:154} INFO - [2025-03-23T19:05:21.398+0000] {dag.py:2941} INFO - Sync 1 DAGs
[2025-03-23T19:05:21.420+0000] {logging_mixin.py:154} INFO - [2025-03-23T19:05:21.419+0000] {dag.py:3722} INFO - Setting next_dagrun for chethan_test_dag to 2025-03-22T00:00:00+00:00, run_after=2025-03-23T00:00:00+00:00
[2025-03-23T19:05:21.439+0000] {processor.py:179} INFO - Processing /opt/airflow/dags/exampledag.py took 0.113 seconds
[2025-03-23T19:05:51.732+0000] {processor.py:157} INFO - Started process (PID=2437) to work on /opt/airflow/dags/exampledag.py
[2025-03-23T19:05:51.735+0000] {processor.py:829} INFO - Processing file /opt/airflow/dags/exampledag.py for tasks to queue
[2025-03-23T19:05:51.737+0000] {logging_mixin.py:154} INFO - [2025-03-23T19:05:51.736+0000] {dagbag.py:536} INFO - Filling up the DagBag from /opt/airflow/dags/exampledag.py
[2025-03-23T19:05:51.779+0000] {processor.py:839} INFO - DAG(s) dict_keys(['chethan_test_dag']) retrieved from /opt/airflow/dags/exampledag.py
[2025-03-23T19:05:51.834+0000] {logging_mixin.py:154} INFO - [2025-03-23T19:05:51.833+0000] {dag.py:2941} INFO - Sync 1 DAGs
[2025-03-23T19:05:51.878+0000] {logging_mixin.py:154} INFO - [2025-03-23T19:05:51.878+0000] {dag.py:3722} INFO - Setting next_dagrun for chethan_test_dag to 2025-03-22T00:00:00+00:00, run_after=2025-03-23T00:00:00+00:00
[2025-03-23T19:05:51.912+0000] {processor.py:179} INFO - Processing /opt/airflow/dags/exampledag.py took 0.185 seconds
[2025-03-23T19:06:22.182+0000] {processor.py:157} INFO - Started process (PID=2440) to work on /opt/airflow/dags/exampledag.py
[2025-03-23T19:06:22.183+0000] {processor.py:829} INFO - Processing file /opt/airflow/dags/exampledag.py for tasks to queue
[2025-03-23T19:06:22.185+0000] {logging_mixin.py:154} INFO - [2025-03-23T19:06:22.184+0000] {dagbag.py:536} INFO - Filling up the DagBag from /opt/airflow/dags/exampledag.py
[2025-03-23T19:06:22.207+0000] {processor.py:839} INFO - DAG(s) dict_keys(['chethan_test_dag']) retrieved from /opt/airflow/dags/exampledag.py
[2025-03-23T19:06:22.227+0000] {logging_mixin.py:154} INFO - [2025-03-23T19:06:22.227+0000] {dag.py:2941} INFO - Sync 1 DAGs
[2025-03-23T19:06:22.245+0000] {logging_mixin.py:154} INFO - [2025-03-23T19:06:22.245+0000] {dag.py:3722} INFO - Setting next_dagrun for chethan_test_dag to 2025-03-22T00:00:00+00:00, run_after=2025-03-23T00:00:00+00:00
[2025-03-23T19:06:22.266+0000] {processor.py:179} INFO - Processing /opt/airflow/dags/exampledag.py took 0.087 seconds
[2025-03-23T19:06:52.598+0000] {processor.py:157} INFO - Started process (PID=2443) to work on /opt/airflow/dags/exampledag.py
[2025-03-23T19:06:52.599+0000] {processor.py:829} INFO - Processing file /opt/airflow/dags/exampledag.py for tasks to queue
[2025-03-23T19:06:52.600+0000] {logging_mixin.py:154} INFO - [2025-03-23T19:06:52.600+0000] {dagbag.py:536} INFO - Filling up the DagBag from /opt/airflow/dags/exampledag.py
[2025-03-23T19:06:52.635+0000] {processor.py:839} INFO - DAG(s) dict_keys(['chethan_test_dag']) retrieved from /opt/airflow/dags/exampledag.py
[2025-03-23T19:06:52.663+0000] {logging_mixin.py:154} INFO - [2025-03-23T19:06:52.663+0000] {dag.py:2941} INFO - Sync 1 DAGs
[2025-03-23T19:06:52.684+0000] {logging_mixin.py:154} INFO - [2025-03-23T19:06:52.684+0000] {dag.py:3722} INFO - Setting next_dagrun for chethan_test_dag to 2025-03-22T00:00:00+00:00, run_after=2025-03-23T00:00:00+00:00
[2025-03-23T19:06:52.704+0000] {processor.py:179} INFO - Processing /opt/airflow/dags/exampledag.py took 0.110 seconds
[2025-03-23T19:07:23.004+0000] {processor.py:157} INFO - Started process (PID=2446) to work on /opt/airflow/dags/exampledag.py
[2025-03-23T19:07:23.006+0000] {processor.py:829} INFO - Processing file /opt/airflow/dags/exampledag.py for tasks to queue
[2025-03-23T19:07:23.007+0000] {logging_mixin.py:154} INFO - [2025-03-23T19:07:23.006+0000] {dagbag.py:536} INFO - Filling up the DagBag from /opt/airflow/dags/exampledag.py
[2025-03-23T19:07:23.049+0000] {processor.py:839} INFO - DAG(s) dict_keys(['chethan_test_dag']) retrieved from /opt/airflow/dags/exampledag.py
[2025-03-23T19:07:23.094+0000] {logging_mixin.py:154} INFO - [2025-03-23T19:07:23.094+0000] {dag.py:2941} INFO - Sync 1 DAGs
[2025-03-23T19:07:23.135+0000] {logging_mixin.py:154} INFO - [2025-03-23T19:07:23.135+0000] {dag.py:3722} INFO - Setting next_dagrun for chethan_test_dag to 2025-03-22T00:00:00+00:00, run_after=2025-03-23T00:00:00+00:00
[2025-03-23T19:07:23.173+0000] {processor.py:179} INFO - Processing /opt/airflow/dags/exampledag.py took 0.172 seconds
[2025-03-23T19:07:53.447+0000] {processor.py:157} INFO - Started process (PID=2449) to work on /opt/airflow/dags/exampledag.py
[2025-03-23T19:07:53.449+0000] {processor.py:829} INFO - Processing file /opt/airflow/dags/exampledag.py for tasks to queue
[2025-03-23T19:07:53.451+0000] {logging_mixin.py:154} INFO - [2025-03-23T19:07:53.451+0000] {dagbag.py:536} INFO - Filling up the DagBag from /opt/airflow/dags/exampledag.py
[2025-03-23T19:07:53.491+0000] {processor.py:839} INFO - DAG(s) dict_keys(['chethan_test_dag']) retrieved from /opt/airflow/dags/exampledag.py
[2025-03-23T19:07:53.531+0000] {logging_mixin.py:154} INFO - [2025-03-23T19:07:53.530+0000] {dag.py:2941} INFO - Sync 1 DAGs
[2025-03-23T19:07:53.554+0000] {logging_mixin.py:154} INFO - [2025-03-23T19:07:53.554+0000] {dag.py:3722} INFO - Setting next_dagrun for chethan_test_dag to 2025-03-22T00:00:00+00:00, run_after=2025-03-23T00:00:00+00:00
[2025-03-23T19:07:53.573+0000] {processor.py:179} INFO - Processing /opt/airflow/dags/exampledag.py took 0.134 seconds
[2025-03-23T19:08:23.868+0000] {processor.py:157} INFO - Started process (PID=2452) to work on /opt/airflow/dags/exampledag.py
[2025-03-23T19:08:23.870+0000] {processor.py:829} INFO - Processing file /opt/airflow/dags/exampledag.py for tasks to queue
[2025-03-23T19:08:23.872+0000] {logging_mixin.py:154} INFO - [2025-03-23T19:08:23.871+0000] {dagbag.py:536} INFO - Filling up the DagBag from /opt/airflow/dags/exampledag.py
[2025-03-23T19:08:23.917+0000] {processor.py:839} INFO - DAG(s) dict_keys(['chethan_test_dag']) retrieved from /opt/airflow/dags/exampledag.py
[2025-03-23T19:08:23.957+0000] {logging_mixin.py:154} INFO - [2025-03-23T19:08:23.957+0000] {dag.py:2941} INFO - Sync 1 DAGs
[2025-03-23T19:08:23.977+0000] {logging_mixin.py:154} INFO - [2025-03-23T19:08:23.977+0000] {dag.py:3722} INFO - Setting next_dagrun for chethan_test_dag to 2025-03-22T00:00:00+00:00, run_after=2025-03-23T00:00:00+00:00
[2025-03-23T19:08:23.997+0000] {processor.py:179} INFO - Processing /opt/airflow/dags/exampledag.py took 0.136 seconds
[2025-03-23T19:08:54.242+0000] {processor.py:157} INFO - Started process (PID=2455) to work on /opt/airflow/dags/exampledag.py
[2025-03-23T19:08:54.244+0000] {processor.py:829} INFO - Processing file /opt/airflow/dags/exampledag.py for tasks to queue
[2025-03-23T19:08:54.244+0000] {logging_mixin.py:154} INFO - [2025-03-23T19:08:54.244+0000] {dagbag.py:536} INFO - Filling up the DagBag from /opt/airflow/dags/exampledag.py
[2025-03-23T19:08:54.270+0000] {processor.py:839} INFO - DAG(s) dict_keys(['chethan_test_dag']) retrieved from /opt/airflow/dags/exampledag.py
[2025-03-23T19:08:54.289+0000] {logging_mixin.py:154} INFO - [2025-03-23T19:08:54.289+0000] {dag.py:2941} INFO - Sync 1 DAGs
[2025-03-23T19:08:54.306+0000] {logging_mixin.py:154} INFO - [2025-03-23T19:08:54.306+0000] {dag.py:3722} INFO - Setting next_dagrun for chethan_test_dag to 2025-03-22T00:00:00+00:00, run_after=2025-03-23T00:00:00+00:00
[2025-03-23T19:08:54.327+0000] {processor.py:179} INFO - Processing /opt/airflow/dags/exampledag.py took 0.088 seconds
[2025-03-23T19:09:24.573+0000] {processor.py:157} INFO - Started process (PID=2458) to work on /opt/airflow/dags/exampledag.py
[2025-03-23T19:09:24.574+0000] {processor.py:829} INFO - Processing file /opt/airflow/dags/exampledag.py for tasks to queue
[2025-03-23T19:09:24.575+0000] {logging_mixin.py:154} INFO - [2025-03-23T19:09:24.575+0000] {dagbag.py:536} INFO - Filling up the DagBag from /opt/airflow/dags/exampledag.py
[2025-03-23T19:09:24.597+0000] {processor.py:839} INFO - DAG(s) dict_keys(['chethan_test_dag']) retrieved from /opt/airflow/dags/exampledag.py
[2025-03-23T19:09:24.623+0000] {logging_mixin.py:154} INFO - [2025-03-23T19:09:24.623+0000] {dag.py:2941} INFO - Sync 1 DAGs
[2025-03-23T19:09:24.640+0000] {logging_mixin.py:154} INFO - [2025-03-23T19:09:24.640+0000] {dag.py:3722} INFO - Setting next_dagrun for chethan_test_dag to 2025-03-22T00:00:00+00:00, run_after=2025-03-23T00:00:00+00:00
[2025-03-23T19:09:24.656+0000] {processor.py:179} INFO - Processing /opt/airflow/dags/exampledag.py took 0.086 seconds
[2025-03-23T19:09:55.070+0000] {processor.py:157} INFO - Started process (PID=2461) to work on /opt/airflow/dags/exampledag.py
[2025-03-23T19:09:55.071+0000] {processor.py:829} INFO - Processing file /opt/airflow/dags/exampledag.py for tasks to queue
[2025-03-23T19:09:55.072+0000] {logging_mixin.py:154} INFO - [2025-03-23T19:09:55.071+0000] {dagbag.py:536} INFO - Filling up the DagBag from /opt/airflow/dags/exampledag.py
[2025-03-23T19:09:55.093+0000] {processor.py:839} INFO - DAG(s) dict_keys(['chethan_test_dag']) retrieved from /opt/airflow/dags/exampledag.py
[2025-03-23T19:09:55.112+0000] {logging_mixin.py:154} INFO - [2025-03-23T19:09:55.112+0000] {dag.py:2941} INFO - Sync 1 DAGs
[2025-03-23T19:09:55.130+0000] {logging_mixin.py:154} INFO - [2025-03-23T19:09:55.129+0000] {dag.py:3722} INFO - Setting next_dagrun for chethan_test_dag to 2025-03-22T00:00:00+00:00, run_after=2025-03-23T00:00:00+00:00
[2025-03-23T19:09:55.152+0000] {processor.py:179} INFO - Processing /opt/airflow/dags/exampledag.py took 0.086 seconds
[2025-03-23T19:10:25.431+0000] {processor.py:157} INFO - Started process (PID=2464) to work on /opt/airflow/dags/exampledag.py
[2025-03-23T19:10:25.432+0000] {processor.py:829} INFO - Processing file /opt/airflow/dags/exampledag.py for tasks to queue
[2025-03-23T19:10:25.433+0000] {logging_mixin.py:154} INFO - [2025-03-23T19:10:25.433+0000] {dagbag.py:536} INFO - Filling up the DagBag from /opt/airflow/dags/exampledag.py
[2025-03-23T19:10:25.459+0000] {processor.py:839} INFO - DAG(s) dict_keys(['chethan_test_dag']) retrieved from /opt/airflow/dags/exampledag.py
[2025-03-23T19:10:25.484+0000] {logging_mixin.py:154} INFO - [2025-03-23T19:10:25.483+0000] {dag.py:2941} INFO - Sync 1 DAGs
[2025-03-23T19:10:25.508+0000] {logging_mixin.py:154} INFO - [2025-03-23T19:10:25.508+0000] {dag.py:3722} INFO - Setting next_dagrun for chethan_test_dag to 2025-03-22T00:00:00+00:00, run_after=2025-03-23T00:00:00+00:00
[2025-03-23T19:10:25.528+0000] {processor.py:179} INFO - Processing /opt/airflow/dags/exampledag.py took 0.101 seconds
[2025-03-23T19:10:55.783+0000] {processor.py:157} INFO - Started process (PID=2467) to work on /opt/airflow/dags/exampledag.py
[2025-03-23T19:10:55.784+0000] {processor.py:829} INFO - Processing file /opt/airflow/dags/exampledag.py for tasks to queue
[2025-03-23T19:10:55.785+0000] {logging_mixin.py:154} INFO - [2025-03-23T19:10:55.785+0000] {dagbag.py:536} INFO - Filling up the DagBag from /opt/airflow/dags/exampledag.py
[2025-03-23T19:10:55.810+0000] {processor.py:839} INFO - DAG(s) dict_keys(['chethan_test_dag']) retrieved from /opt/airflow/dags/exampledag.py
[2025-03-23T19:10:55.835+0000] {logging_mixin.py:154} INFO - [2025-03-23T19:10:55.835+0000] {dag.py:2941} INFO - Sync 1 DAGs
[2025-03-23T19:10:55.853+0000] {logging_mixin.py:154} INFO - [2025-03-23T19:10:55.853+0000] {dag.py:3722} INFO - Setting next_dagrun for chethan_test_dag to 2025-03-22T00:00:00+00:00, run_after=2025-03-23T00:00:00+00:00
[2025-03-23T19:10:55.877+0000] {processor.py:179} INFO - Processing /opt/airflow/dags/exampledag.py took 0.097 seconds
[2025-03-23T19:11:26.163+0000] {processor.py:157} INFO - Started process (PID=2470) to work on /opt/airflow/dags/exampledag.py
[2025-03-23T19:11:26.164+0000] {processor.py:829} INFO - Processing file /opt/airflow/dags/exampledag.py for tasks to queue
[2025-03-23T19:11:26.165+0000] {logging_mixin.py:154} INFO - [2025-03-23T19:11:26.164+0000] {dagbag.py:536} INFO - Filling up the DagBag from /opt/airflow/dags/exampledag.py
[2025-03-23T19:11:26.186+0000] {processor.py:839} INFO - DAG(s) dict_keys(['chethan_test_dag']) retrieved from /opt/airflow/dags/exampledag.py
[2025-03-23T19:11:26.204+0000] {logging_mixin.py:154} INFO - [2025-03-23T19:11:26.203+0000] {dag.py:2941} INFO - Sync 1 DAGs
[2025-03-23T19:11:26.220+0000] {logging_mixin.py:154} INFO - [2025-03-23T19:11:26.220+0000] {dag.py:3722} INFO - Setting next_dagrun for chethan_test_dag to 2025-03-22T00:00:00+00:00, run_after=2025-03-23T00:00:00+00:00
[2025-03-23T19:11:26.337+0000] {processor.py:179} INFO - Processing /opt/airflow/dags/exampledag.py took 0.176 seconds
[2025-03-23T19:11:56.618+0000] {processor.py:157} INFO - Started process (PID=2473) to work on /opt/airflow/dags/exampledag.py
[2025-03-23T19:11:56.620+0000] {processor.py:829} INFO - Processing file /opt/airflow/dags/exampledag.py for tasks to queue
[2025-03-23T19:11:56.621+0000] {logging_mixin.py:154} INFO - [2025-03-23T19:11:56.621+0000] {dagbag.py:536} INFO - Filling up the DagBag from /opt/airflow/dags/exampledag.py
[2025-03-23T19:11:56.644+0000] {processor.py:839} INFO - DAG(s) dict_keys(['chethan_test_dag']) retrieved from /opt/airflow/dags/exampledag.py
[2025-03-23T19:11:56.666+0000] {logging_mixin.py:154} INFO - [2025-03-23T19:11:56.666+0000] {dag.py:2941} INFO - Sync 1 DAGs
[2025-03-23T19:11:56.686+0000] {logging_mixin.py:154} INFO - [2025-03-23T19:11:56.685+0000] {dag.py:3722} INFO - Setting next_dagrun for chethan_test_dag to 2025-03-22T00:00:00+00:00, run_after=2025-03-23T00:00:00+00:00
[2025-03-23T19:11:56.703+0000] {processor.py:179} INFO - Processing /opt/airflow/dags/exampledag.py took 0.088 seconds
[2025-03-23T19:12:26.963+0000] {processor.py:157} INFO - Started process (PID=2476) to work on /opt/airflow/dags/exampledag.py
[2025-03-23T19:12:26.964+0000] {processor.py:829} INFO - Processing file /opt/airflow/dags/exampledag.py for tasks to queue
[2025-03-23T19:12:26.964+0000] {logging_mixin.py:154} INFO - [2025-03-23T19:12:26.964+0000] {dagbag.py:536} INFO - Filling up the DagBag from /opt/airflow/dags/exampledag.py
[2025-03-23T19:12:26.987+0000] {processor.py:839} INFO - DAG(s) dict_keys(['chethan_test_dag']) retrieved from /opt/airflow/dags/exampledag.py
[2025-03-23T19:12:27.007+0000] {logging_mixin.py:154} INFO - [2025-03-23T19:12:27.007+0000] {dag.py:2941} INFO - Sync 1 DAGs
[2025-03-23T19:12:27.025+0000] {logging_mixin.py:154} INFO - [2025-03-23T19:12:27.025+0000] {dag.py:3722} INFO - Setting next_dagrun for chethan_test_dag to 2025-03-22T00:00:00+00:00, run_after=2025-03-23T00:00:00+00:00
[2025-03-23T19:12:27.048+0000] {processor.py:179} INFO - Processing /opt/airflow/dags/exampledag.py took 0.088 seconds
[2025-03-23T19:12:57.310+0000] {processor.py:157} INFO - Started process (PID=2479) to work on /opt/airflow/dags/exampledag.py
[2025-03-23T19:12:57.312+0000] {processor.py:829} INFO - Processing file /opt/airflow/dags/exampledag.py for tasks to queue
[2025-03-23T19:12:57.313+0000] {logging_mixin.py:154} INFO - [2025-03-23T19:12:57.312+0000] {dagbag.py:536} INFO - Filling up the DagBag from /opt/airflow/dags/exampledag.py
[2025-03-23T19:12:57.347+0000] {processor.py:839} INFO - DAG(s) dict_keys(['chethan_test_dag']) retrieved from /opt/airflow/dags/exampledag.py
[2025-03-23T19:12:57.374+0000] {logging_mixin.py:154} INFO - [2025-03-23T19:12:57.373+0000] {dag.py:2941} INFO - Sync 1 DAGs
[2025-03-23T19:12:57.402+0000] {logging_mixin.py:154} INFO - [2025-03-23T19:12:57.402+0000] {dag.py:3722} INFO - Setting next_dagrun for chethan_test_dag to 2025-03-22T00:00:00+00:00, run_after=2025-03-23T00:00:00+00:00
[2025-03-23T19:12:57.436+0000] {processor.py:179} INFO - Processing /opt/airflow/dags/exampledag.py took 0.130 seconds
[2025-03-23T19:13:27.723+0000] {processor.py:157} INFO - Started process (PID=2482) to work on /opt/airflow/dags/exampledag.py
[2025-03-23T19:13:27.724+0000] {processor.py:829} INFO - Processing file /opt/airflow/dags/exampledag.py for tasks to queue
[2025-03-23T19:13:27.725+0000] {logging_mixin.py:154} INFO - [2025-03-23T19:13:27.725+0000] {dagbag.py:536} INFO - Filling up the DagBag from /opt/airflow/dags/exampledag.py
[2025-03-23T19:13:27.747+0000] {processor.py:839} INFO - DAG(s) dict_keys(['chethan_test_dag']) retrieved from /opt/airflow/dags/exampledag.py
[2025-03-23T19:13:27.766+0000] {logging_mixin.py:154} INFO - [2025-03-23T19:13:27.766+0000] {dag.py:2941} INFO - Sync 1 DAGs
[2025-03-23T19:13:27.786+0000] {logging_mixin.py:154} INFO - [2025-03-23T19:13:27.786+0000] {dag.py:3722} INFO - Setting next_dagrun for chethan_test_dag to 2025-03-22T00:00:00+00:00, run_after=2025-03-23T00:00:00+00:00
[2025-03-23T19:13:27.809+0000] {processor.py:179} INFO - Processing /opt/airflow/dags/exampledag.py took 0.088 seconds
[2025-03-23T19:13:58.121+0000] {processor.py:157} INFO - Started process (PID=2485) to work on /opt/airflow/dags/exampledag.py
[2025-03-23T19:13:58.124+0000] {processor.py:829} INFO - Processing file /opt/airflow/dags/exampledag.py for tasks to queue
[2025-03-23T19:13:58.126+0000] {logging_mixin.py:154} INFO - [2025-03-23T19:13:58.125+0000] {dagbag.py:536} INFO - Filling up the DagBag from /opt/airflow/dags/exampledag.py
[2025-03-23T19:13:58.154+0000] {processor.py:839} INFO - DAG(s) dict_keys(['chethan_test_dag']) retrieved from /opt/airflow/dags/exampledag.py
[2025-03-23T19:13:58.176+0000] {logging_mixin.py:154} INFO - [2025-03-23T19:13:58.176+0000] {dag.py:2941} INFO - Sync 1 DAGs
[2025-03-23T19:13:58.196+0000] {logging_mixin.py:154} INFO - [2025-03-23T19:13:58.196+0000] {dag.py:3722} INFO - Setting next_dagrun for chethan_test_dag to 2025-03-22T00:00:00+00:00, run_after=2025-03-23T00:00:00+00:00
[2025-03-23T19:13:58.215+0000] {processor.py:179} INFO - Processing /opt/airflow/dags/exampledag.py took 0.100 seconds
[2025-03-23T19:14:28.492+0000] {processor.py:157} INFO - Started process (PID=2488) to work on /opt/airflow/dags/exampledag.py
[2025-03-23T19:14:28.493+0000] {processor.py:829} INFO - Processing file /opt/airflow/dags/exampledag.py for tasks to queue
[2025-03-23T19:14:28.494+0000] {logging_mixin.py:154} INFO - [2025-03-23T19:14:28.494+0000] {dagbag.py:536} INFO - Filling up the DagBag from /opt/airflow/dags/exampledag.py
[2025-03-23T19:14:28.519+0000] {processor.py:839} INFO - DAG(s) dict_keys(['chethan_test_dag']) retrieved from /opt/airflow/dags/exampledag.py
[2025-03-23T19:14:28.544+0000] {logging_mixin.py:154} INFO - [2025-03-23T19:14:28.544+0000] {dag.py:2941} INFO - Sync 1 DAGs
[2025-03-23T19:14:28.565+0000] {logging_mixin.py:154} INFO - [2025-03-23T19:14:28.565+0000] {dag.py:3722} INFO - Setting next_dagrun for chethan_test_dag to 2025-03-22T00:00:00+00:00, run_after=2025-03-23T00:00:00+00:00
[2025-03-23T19:14:28.700+0000] {processor.py:179} INFO - Processing /opt/airflow/dags/exampledag.py took 0.211 seconds
[2025-03-23T19:14:59.077+0000] {processor.py:157} INFO - Started process (PID=2491) to work on /opt/airflow/dags/exampledag.py
[2025-03-23T19:14:59.078+0000] {processor.py:829} INFO - Processing file /opt/airflow/dags/exampledag.py for tasks to queue
[2025-03-23T19:14:59.080+0000] {logging_mixin.py:154} INFO - [2025-03-23T19:14:59.080+0000] {dagbag.py:536} INFO - Filling up the DagBag from /opt/airflow/dags/exampledag.py
[2025-03-23T19:14:59.105+0000] {processor.py:839} INFO - DAG(s) dict_keys(['chethan_test_dag']) retrieved from /opt/airflow/dags/exampledag.py
[2025-03-23T19:14:59.124+0000] {logging_mixin.py:154} INFO - [2025-03-23T19:14:59.124+0000] {dag.py:2941} INFO - Sync 1 DAGs
[2025-03-23T19:14:59.142+0000] {logging_mixin.py:154} INFO - [2025-03-23T19:14:59.142+0000] {dag.py:3722} INFO - Setting next_dagrun for chethan_test_dag to 2025-03-22T00:00:00+00:00, run_after=2025-03-23T00:00:00+00:00
[2025-03-23T19:14:59.158+0000] {processor.py:179} INFO - Processing /opt/airflow/dags/exampledag.py took 0.085 seconds
[2025-03-23T19:15:29.450+0000] {processor.py:157} INFO - Started process (PID=2494) to work on /opt/airflow/dags/exampledag.py
[2025-03-23T19:15:29.452+0000] {processor.py:829} INFO - Processing file /opt/airflow/dags/exampledag.py for tasks to queue
[2025-03-23T19:15:29.454+0000] {logging_mixin.py:154} INFO - [2025-03-23T19:15:29.454+0000] {dagbag.py:536} INFO - Filling up the DagBag from /opt/airflow/dags/exampledag.py
[2025-03-23T19:15:29.488+0000] {processor.py:839} INFO - DAG(s) dict_keys(['chethan_test_dag']) retrieved from /opt/airflow/dags/exampledag.py
[2025-03-23T19:15:29.519+0000] {logging_mixin.py:154} INFO - [2025-03-23T19:15:29.518+0000] {dag.py:2941} INFO - Sync 1 DAGs
[2025-03-23T19:15:29.548+0000] {logging_mixin.py:154} INFO - [2025-03-23T19:15:29.548+0000] {dag.py:3722} INFO - Setting next_dagrun for chethan_test_dag to 2025-03-22T00:00:00+00:00, run_after=2025-03-23T00:00:00+00:00
[2025-03-23T19:15:29.568+0000] {processor.py:179} INFO - Processing /opt/airflow/dags/exampledag.py took 0.124 seconds
[2025-03-23T19:15:59.805+0000] {processor.py:157} INFO - Started process (PID=2497) to work on /opt/airflow/dags/exampledag.py
[2025-03-23T19:15:59.806+0000] {processor.py:829} INFO - Processing file /opt/airflow/dags/exampledag.py for tasks to queue
[2025-03-23T19:15:59.808+0000] {logging_mixin.py:154} INFO - [2025-03-23T19:15:59.807+0000] {dagbag.py:536} INFO - Filling up the DagBag from /opt/airflow/dags/exampledag.py
[2025-03-23T19:15:59.831+0000] {processor.py:839} INFO - DAG(s) dict_keys(['chethan_test_dag']) retrieved from /opt/airflow/dags/exampledag.py
[2025-03-23T19:15:59.854+0000] {logging_mixin.py:154} INFO - [2025-03-23T19:15:59.854+0000] {dag.py:2941} INFO - Sync 1 DAGs
[2025-03-23T19:15:59.877+0000] {logging_mixin.py:154} INFO - [2025-03-23T19:15:59.877+0000] {dag.py:3722} INFO - Setting next_dagrun for chethan_test_dag to 2025-03-22T00:00:00+00:00, run_after=2025-03-23T00:00:00+00:00
[2025-03-23T19:15:59.900+0000] {processor.py:179} INFO - Processing /opt/airflow/dags/exampledag.py took 0.098 seconds
[2025-03-23T19:16:30.163+0000] {processor.py:157} INFO - Started process (PID=2500) to work on /opt/airflow/dags/exampledag.py
[2025-03-23T19:16:30.164+0000] {processor.py:829} INFO - Processing file /opt/airflow/dags/exampledag.py for tasks to queue
[2025-03-23T19:16:30.165+0000] {logging_mixin.py:154} INFO - [2025-03-23T19:16:30.165+0000] {dagbag.py:536} INFO - Filling up the DagBag from /opt/airflow/dags/exampledag.py
[2025-03-23T19:16:30.193+0000] {processor.py:839} INFO - DAG(s) dict_keys(['chethan_test_dag']) retrieved from /opt/airflow/dags/exampledag.py
[2025-03-23T19:16:30.221+0000] {logging_mixin.py:154} INFO - [2025-03-23T19:16:30.221+0000] {dag.py:2941} INFO - Sync 1 DAGs
[2025-03-23T19:16:30.248+0000] {logging_mixin.py:154} INFO - [2025-03-23T19:16:30.247+0000] {dag.py:3722} INFO - Setting next_dagrun for chethan_test_dag to 2025-03-22T00:00:00+00:00, run_after=2025-03-23T00:00:00+00:00
[2025-03-23T19:16:30.272+0000] {processor.py:179} INFO - Processing /opt/airflow/dags/exampledag.py took 0.114 seconds
[2025-03-23T19:17:00.523+0000] {processor.py:157} INFO - Started process (PID=2503) to work on /opt/airflow/dags/exampledag.py
[2025-03-23T19:17:00.524+0000] {processor.py:829} INFO - Processing file /opt/airflow/dags/exampledag.py for tasks to queue
[2025-03-23T19:17:00.525+0000] {logging_mixin.py:154} INFO - [2025-03-23T19:17:00.525+0000] {dagbag.py:536} INFO - Filling up the DagBag from /opt/airflow/dags/exampledag.py
[2025-03-23T19:17:00.553+0000] {processor.py:839} INFO - DAG(s) dict_keys(['chethan_test_dag']) retrieved from /opt/airflow/dags/exampledag.py
[2025-03-23T19:17:00.579+0000] {logging_mixin.py:154} INFO - [2025-03-23T19:17:00.579+0000] {dag.py:2941} INFO - Sync 1 DAGs
[2025-03-23T19:17:00.603+0000] {logging_mixin.py:154} INFO - [2025-03-23T19:17:00.603+0000] {dag.py:3722} INFO - Setting next_dagrun for chethan_test_dag to 2025-03-22T00:00:00+00:00, run_after=2025-03-23T00:00:00+00:00
[2025-03-23T19:17:00.627+0000] {processor.py:179} INFO - Processing /opt/airflow/dags/exampledag.py took 0.107 seconds
[2025-03-23T19:17:30.875+0000] {processor.py:157} INFO - Started process (PID=2506) to work on /opt/airflow/dags/exampledag.py
[2025-03-23T19:17:30.877+0000] {processor.py:829} INFO - Processing file /opt/airflow/dags/exampledag.py for tasks to queue
[2025-03-23T19:17:30.878+0000] {logging_mixin.py:154} INFO - [2025-03-23T19:17:30.877+0000] {dagbag.py:536} INFO - Filling up the DagBag from /opt/airflow/dags/exampledag.py
[2025-03-23T19:17:30.902+0000] {processor.py:839} INFO - DAG(s) dict_keys(['chethan_test_dag']) retrieved from /opt/airflow/dags/exampledag.py
[2025-03-23T19:17:30.923+0000] {logging_mixin.py:154} INFO - [2025-03-23T19:17:30.923+0000] {dag.py:2941} INFO - Sync 1 DAGs
[2025-03-23T19:17:31.059+0000] {logging_mixin.py:154} INFO - [2025-03-23T19:17:31.058+0000] {dag.py:3722} INFO - Setting next_dagrun for chethan_test_dag to 2025-03-22T00:00:00+00:00, run_after=2025-03-23T00:00:00+00:00
[2025-03-23T19:17:31.077+0000] {processor.py:179} INFO - Processing /opt/airflow/dags/exampledag.py took 0.204 seconds
[2025-03-23T19:18:01.336+0000] {processor.py:157} INFO - Started process (PID=2509) to work on /opt/airflow/dags/exampledag.py
[2025-03-23T19:18:01.337+0000] {processor.py:829} INFO - Processing file /opt/airflow/dags/exampledag.py for tasks to queue
[2025-03-23T19:18:01.338+0000] {logging_mixin.py:154} INFO - [2025-03-23T19:18:01.338+0000] {dagbag.py:536} INFO - Filling up the DagBag from /opt/airflow/dags/exampledag.py
[2025-03-23T19:18:01.359+0000] {processor.py:839} INFO - DAG(s) dict_keys(['chethan_test_dag']) retrieved from /opt/airflow/dags/exampledag.py
[2025-03-23T19:18:01.390+0000] {logging_mixin.py:154} INFO - [2025-03-23T19:18:01.390+0000] {dag.py:2941} INFO - Sync 1 DAGs
[2025-03-23T19:18:01.416+0000] {logging_mixin.py:154} INFO - [2025-03-23T19:18:01.415+0000] {dag.py:3722} INFO - Setting next_dagrun for chethan_test_dag to 2025-03-22T00:00:00+00:00, run_after=2025-03-23T00:00:00+00:00
[2025-03-23T19:18:01.436+0000] {processor.py:179} INFO - Processing /opt/airflow/dags/exampledag.py took 0.103 seconds
[2025-03-23T19:18:31.643+0000] {processor.py:157} INFO - Started process (PID=2512) to work on /opt/airflow/dags/exampledag.py
[2025-03-23T19:18:31.644+0000] {processor.py:829} INFO - Processing file /opt/airflow/dags/exampledag.py for tasks to queue
[2025-03-23T19:18:31.644+0000] {logging_mixin.py:154} INFO - [2025-03-23T19:18:31.644+0000] {dagbag.py:536} INFO - Filling up the DagBag from /opt/airflow/dags/exampledag.py
[2025-03-23T19:18:31.663+0000] {processor.py:839} INFO - DAG(s) dict_keys(['chethan_test_dag']) retrieved from /opt/airflow/dags/exampledag.py
[2025-03-23T19:18:31.684+0000] {logging_mixin.py:154} INFO - [2025-03-23T19:18:31.684+0000] {dag.py:2941} INFO - Sync 1 DAGs
[2025-03-23T19:18:31.701+0000] {logging_mixin.py:154} INFO - [2025-03-23T19:18:31.701+0000] {dag.py:3722} INFO - Setting next_dagrun for chethan_test_dag to 2025-03-22T00:00:00+00:00, run_after=2025-03-23T00:00:00+00:00
[2025-03-23T19:18:31.717+0000] {processor.py:179} INFO - Processing /opt/airflow/dags/exampledag.py took 0.076 seconds
[2025-03-23T19:19:02.000+0000] {processor.py:157} INFO - Started process (PID=2515) to work on /opt/airflow/dags/exampledag.py
[2025-03-23T19:19:02.003+0000] {processor.py:829} INFO - Processing file /opt/airflow/dags/exampledag.py for tasks to queue
[2025-03-23T19:19:02.006+0000] {logging_mixin.py:154} INFO - [2025-03-23T19:19:02.005+0000] {dagbag.py:536} INFO - Filling up the DagBag from /opt/airflow/dags/exampledag.py
[2025-03-23T19:19:02.051+0000] {processor.py:839} INFO - DAG(s) dict_keys(['chethan_test_dag']) retrieved from /opt/airflow/dags/exampledag.py
[2025-03-23T19:19:02.078+0000] {logging_mixin.py:154} INFO - [2025-03-23T19:19:02.077+0000] {dag.py:2941} INFO - Sync 1 DAGs
[2025-03-23T19:19:02.099+0000] {logging_mixin.py:154} INFO - [2025-03-23T19:19:02.099+0000] {dag.py:3722} INFO - Setting next_dagrun for chethan_test_dag to 2025-03-22T00:00:00+00:00, run_after=2025-03-23T00:00:00+00:00
[2025-03-23T19:19:02.121+0000] {processor.py:179} INFO - Processing /opt/airflow/dags/exampledag.py took 0.130 seconds
[2025-03-23T19:19:32.368+0000] {processor.py:157} INFO - Started process (PID=2518) to work on /opt/airflow/dags/exampledag.py
[2025-03-23T19:19:32.369+0000] {processor.py:829} INFO - Processing file /opt/airflow/dags/exampledag.py for tasks to queue
[2025-03-23T19:19:32.370+0000] {logging_mixin.py:154} INFO - [2025-03-23T19:19:32.370+0000] {dagbag.py:536} INFO - Filling up the DagBag from /opt/airflow/dags/exampledag.py
[2025-03-23T19:19:32.400+0000] {processor.py:839} INFO - DAG(s) dict_keys(['chethan_test_dag']) retrieved from /opt/airflow/dags/exampledag.py
[2025-03-23T19:19:32.425+0000] {logging_mixin.py:154} INFO - [2025-03-23T19:19:32.425+0000] {dag.py:2941} INFO - Sync 1 DAGs
[2025-03-23T19:19:32.446+0000] {logging_mixin.py:154} INFO - [2025-03-23T19:19:32.446+0000] {dag.py:3722} INFO - Setting next_dagrun for chethan_test_dag to 2025-03-22T00:00:00+00:00, run_after=2025-03-23T00:00:00+00:00
[2025-03-23T19:19:32.477+0000] {processor.py:179} INFO - Processing /opt/airflow/dags/exampledag.py took 0.113 seconds
[2025-03-23T19:20:02.768+0000] {processor.py:157} INFO - Started process (PID=2521) to work on /opt/airflow/dags/exampledag.py
[2025-03-23T19:20:02.769+0000] {processor.py:829} INFO - Processing file /opt/airflow/dags/exampledag.py for tasks to queue
[2025-03-23T19:20:02.770+0000] {logging_mixin.py:154} INFO - [2025-03-23T19:20:02.769+0000] {dagbag.py:536} INFO - Filling up the DagBag from /opt/airflow/dags/exampledag.py
[2025-03-23T19:20:02.794+0000] {processor.py:839} INFO - DAG(s) dict_keys(['chethan_test_dag']) retrieved from /opt/airflow/dags/exampledag.py
[2025-03-23T19:20:02.816+0000] {logging_mixin.py:154} INFO - [2025-03-23T19:20:02.815+0000] {dag.py:2941} INFO - Sync 1 DAGs
[2025-03-23T19:20:02.835+0000] {logging_mixin.py:154} INFO - [2025-03-23T19:20:02.834+0000] {dag.py:3722} INFO - Setting next_dagrun for chethan_test_dag to 2025-03-22T00:00:00+00:00, run_after=2025-03-23T00:00:00+00:00
[2025-03-23T19:20:02.991+0000] {processor.py:179} INFO - Processing /opt/airflow/dags/exampledag.py took 0.226 seconds
[2025-03-23T19:20:33.299+0000] {processor.py:157} INFO - Started process (PID=2524) to work on /opt/airflow/dags/exampledag.py
[2025-03-23T19:20:33.300+0000] {processor.py:829} INFO - Processing file /opt/airflow/dags/exampledag.py for tasks to queue
[2025-03-23T19:20:33.301+0000] {logging_mixin.py:154} INFO - [2025-03-23T19:20:33.301+0000] {dagbag.py:536} INFO - Filling up the DagBag from /opt/airflow/dags/exampledag.py
[2025-03-23T19:20:33.336+0000] {processor.py:839} INFO - DAG(s) dict_keys(['chethan_test_dag']) retrieved from /opt/airflow/dags/exampledag.py
[2025-03-23T19:20:33.365+0000] {logging_mixin.py:154} INFO - [2025-03-23T19:20:33.365+0000] {dag.py:2941} INFO - Sync 1 DAGs
[2025-03-23T19:20:33.488+0000] {logging_mixin.py:154} INFO - [2025-03-23T19:20:33.488+0000] {dag.py:3722} INFO - Setting next_dagrun for chethan_test_dag to 2025-03-22T00:00:00+00:00, run_after=2025-03-23T00:00:00+00:00
[2025-03-23T19:20:33.503+0000] {processor.py:179} INFO - Processing /opt/airflow/dags/exampledag.py took 0.209 seconds
[2025-03-23T19:21:03.769+0000] {processor.py:157} INFO - Started process (PID=2527) to work on /opt/airflow/dags/exampledag.py
[2025-03-23T19:21:03.770+0000] {processor.py:829} INFO - Processing file /opt/airflow/dags/exampledag.py for tasks to queue
[2025-03-23T19:21:03.771+0000] {logging_mixin.py:154} INFO - [2025-03-23T19:21:03.770+0000] {dagbag.py:536} INFO - Filling up the DagBag from /opt/airflow/dags/exampledag.py
[2025-03-23T19:21:03.792+0000] {processor.py:839} INFO - DAG(s) dict_keys(['chethan_test_dag']) retrieved from /opt/airflow/dags/exampledag.py
[2025-03-23T19:21:03.811+0000] {logging_mixin.py:154} INFO - [2025-03-23T19:21:03.811+0000] {dag.py:2941} INFO - Sync 1 DAGs
[2025-03-23T19:21:03.829+0000] {logging_mixin.py:154} INFO - [2025-03-23T19:21:03.828+0000] {dag.py:3722} INFO - Setting next_dagrun for chethan_test_dag to 2025-03-22T00:00:00+00:00, run_after=2025-03-23T00:00:00+00:00
[2025-03-23T19:21:03.849+0000] {processor.py:179} INFO - Processing /opt/airflow/dags/exampledag.py took 0.084 seconds
[2025-03-23T19:21:34.084+0000] {processor.py:157} INFO - Started process (PID=2530) to work on /opt/airflow/dags/exampledag.py
[2025-03-23T19:21:34.085+0000] {processor.py:829} INFO - Processing file /opt/airflow/dags/exampledag.py for tasks to queue
[2025-03-23T19:21:34.086+0000] {logging_mixin.py:154} INFO - [2025-03-23T19:21:34.086+0000] {dagbag.py:536} INFO - Filling up the DagBag from /opt/airflow/dags/exampledag.py
[2025-03-23T19:21:34.108+0000] {processor.py:839} INFO - DAG(s) dict_keys(['chethan_test_dag']) retrieved from /opt/airflow/dags/exampledag.py
[2025-03-23T19:21:34.129+0000] {logging_mixin.py:154} INFO - [2025-03-23T19:21:34.129+0000] {dag.py:2941} INFO - Sync 1 DAGs
[2025-03-23T19:21:34.146+0000] {logging_mixin.py:154} INFO - [2025-03-23T19:21:34.146+0000] {dag.py:3722} INFO - Setting next_dagrun for chethan_test_dag to 2025-03-22T00:00:00+00:00, run_after=2025-03-23T00:00:00+00:00
[2025-03-23T19:21:34.161+0000] {processor.py:179} INFO - Processing /opt/airflow/dags/exampledag.py took 0.079 seconds
[2025-03-23T19:22:04.395+0000] {processor.py:157} INFO - Started process (PID=2533) to work on /opt/airflow/dags/exampledag.py
[2025-03-23T19:22:04.397+0000] {processor.py:829} INFO - Processing file /opt/airflow/dags/exampledag.py for tasks to queue
[2025-03-23T19:22:04.400+0000] {logging_mixin.py:154} INFO - [2025-03-23T19:22:04.399+0000] {dagbag.py:536} INFO - Filling up the DagBag from /opt/airflow/dags/exampledag.py
[2025-03-23T19:22:04.425+0000] {processor.py:839} INFO - DAG(s) dict_keys(['chethan_test_dag']) retrieved from /opt/airflow/dags/exampledag.py
[2025-03-23T19:22:04.443+0000] {logging_mixin.py:154} INFO - [2025-03-23T19:22:04.443+0000] {dag.py:2941} INFO - Sync 1 DAGs
[2025-03-23T19:22:04.460+0000] {logging_mixin.py:154} INFO - [2025-03-23T19:22:04.460+0000] {dag.py:3722} INFO - Setting next_dagrun for chethan_test_dag to 2025-03-22T00:00:00+00:00, run_after=2025-03-23T00:00:00+00:00
[2025-03-23T19:22:04.479+0000] {processor.py:179} INFO - Processing /opt/airflow/dags/exampledag.py took 0.087 seconds
[2025-03-23T19:22:34.737+0000] {processor.py:157} INFO - Started process (PID=2536) to work on /opt/airflow/dags/exampledag.py
[2025-03-23T19:22:34.738+0000] {processor.py:829} INFO - Processing file /opt/airflow/dags/exampledag.py for tasks to queue
[2025-03-23T19:22:34.739+0000] {logging_mixin.py:154} INFO - [2025-03-23T19:22:34.738+0000] {dagbag.py:536} INFO - Filling up the DagBag from /opt/airflow/dags/exampledag.py
[2025-03-23T19:22:34.760+0000] {processor.py:839} INFO - DAG(s) dict_keys(['chethan_test_dag']) retrieved from /opt/airflow/dags/exampledag.py
[2025-03-23T19:22:34.781+0000] {logging_mixin.py:154} INFO - [2025-03-23T19:22:34.781+0000] {dag.py:2941} INFO - Sync 1 DAGs
[2025-03-23T19:22:34.801+0000] {logging_mixin.py:154} INFO - [2025-03-23T19:22:34.801+0000] {dag.py:3722} INFO - Setting next_dagrun for chethan_test_dag to 2025-03-22T00:00:00+00:00, run_after=2025-03-23T00:00:00+00:00
[2025-03-23T19:22:34.823+0000] {processor.py:179} INFO - Processing /opt/airflow/dags/exampledag.py took 0.090 seconds
[2025-03-23T19:23:05.055+0000] {processor.py:157} INFO - Started process (PID=2539) to work on /opt/airflow/dags/exampledag.py
[2025-03-23T19:23:05.056+0000] {processor.py:829} INFO - Processing file /opt/airflow/dags/exampledag.py for tasks to queue
[2025-03-23T19:23:05.057+0000] {logging_mixin.py:154} INFO - [2025-03-23T19:23:05.057+0000] {dagbag.py:536} INFO - Filling up the DagBag from /opt/airflow/dags/exampledag.py
[2025-03-23T19:23:05.081+0000] {processor.py:839} INFO - DAG(s) dict_keys(['chethan_test_dag']) retrieved from /opt/airflow/dags/exampledag.py
[2025-03-23T19:23:05.100+0000] {logging_mixin.py:154} INFO - [2025-03-23T19:23:05.100+0000] {dag.py:2941} INFO - Sync 1 DAGs
[2025-03-23T19:23:05.117+0000] {logging_mixin.py:154} INFO - [2025-03-23T19:23:05.116+0000] {dag.py:3722} INFO - Setting next_dagrun for chethan_test_dag to 2025-03-22T00:00:00+00:00, run_after=2025-03-23T00:00:00+00:00
[2025-03-23T19:23:05.218+0000] {processor.py:179} INFO - Processing /opt/airflow/dags/exampledag.py took 0.166 seconds
[2025-03-23T19:23:35.457+0000] {processor.py:157} INFO - Started process (PID=2542) to work on /opt/airflow/dags/exampledag.py
[2025-03-23T19:23:35.458+0000] {processor.py:829} INFO - Processing file /opt/airflow/dags/exampledag.py for tasks to queue
[2025-03-23T19:23:35.459+0000] {logging_mixin.py:154} INFO - [2025-03-23T19:23:35.458+0000] {dagbag.py:536} INFO - Filling up the DagBag from /opt/airflow/dags/exampledag.py
[2025-03-23T19:23:35.478+0000] {processor.py:839} INFO - DAG(s) dict_keys(['chethan_test_dag']) retrieved from /opt/airflow/dags/exampledag.py
[2025-03-23T19:23:35.497+0000] {logging_mixin.py:154} INFO - [2025-03-23T19:23:35.497+0000] {dag.py:2941} INFO - Sync 1 DAGs
[2025-03-23T19:23:35.608+0000] {logging_mixin.py:154} INFO - [2025-03-23T19:23:35.608+0000] {dag.py:3722} INFO - Setting next_dagrun for chethan_test_dag to 2025-03-22T00:00:00+00:00, run_after=2025-03-23T00:00:00+00:00
[2025-03-23T19:23:35.622+0000] {processor.py:179} INFO - Processing /opt/airflow/dags/exampledag.py took 0.167 seconds
[2025-03-23T19:24:05.891+0000] {processor.py:157} INFO - Started process (PID=2545) to work on /opt/airflow/dags/exampledag.py
[2025-03-23T19:24:05.893+0000] {processor.py:829} INFO - Processing file /opt/airflow/dags/exampledag.py for tasks to queue
[2025-03-23T19:24:05.895+0000] {logging_mixin.py:154} INFO - [2025-03-23T19:24:05.895+0000] {dagbag.py:536} INFO - Filling up the DagBag from /opt/airflow/dags/exampledag.py
[2025-03-23T19:24:05.945+0000] {processor.py:839} INFO - DAG(s) dict_keys(['chethan_test_dag']) retrieved from /opt/airflow/dags/exampledag.py
[2025-03-23T19:24:05.973+0000] {logging_mixin.py:154} INFO - [2025-03-23T19:24:05.973+0000] {dag.py:2941} INFO - Sync 1 DAGs
[2025-03-23T19:24:06.009+0000] {logging_mixin.py:154} INFO - [2025-03-23T19:24:06.009+0000] {dag.py:3722} INFO - Setting next_dagrun for chethan_test_dag to 2025-03-22T00:00:00+00:00, run_after=2025-03-23T00:00:00+00:00
[2025-03-23T19:24:06.039+0000] {processor.py:179} INFO - Processing /opt/airflow/dags/exampledag.py took 0.152 seconds
[2025-03-23T19:24:36.297+0000] {processor.py:157} INFO - Started process (PID=2548) to work on /opt/airflow/dags/exampledag.py
[2025-03-23T19:24:36.299+0000] {processor.py:829} INFO - Processing file /opt/airflow/dags/exampledag.py for tasks to queue
[2025-03-23T19:24:36.300+0000] {logging_mixin.py:154} INFO - [2025-03-23T19:24:36.299+0000] {dagbag.py:536} INFO - Filling up the DagBag from /opt/airflow/dags/exampledag.py
[2025-03-23T19:24:36.326+0000] {processor.py:839} INFO - DAG(s) dict_keys(['chethan_test_dag']) retrieved from /opt/airflow/dags/exampledag.py
[2025-03-23T19:24:36.361+0000] {logging_mixin.py:154} INFO - [2025-03-23T19:24:36.359+0000] {dag.py:2941} INFO - Sync 1 DAGs
[2025-03-23T19:24:36.389+0000] {logging_mixin.py:154} INFO - [2025-03-23T19:24:36.389+0000] {dag.py:3722} INFO - Setting next_dagrun for chethan_test_dag to 2025-03-22T00:00:00+00:00, run_after=2025-03-23T00:00:00+00:00
[2025-03-23T19:24:36.406+0000] {processor.py:179} INFO - Processing /opt/airflow/dags/exampledag.py took 0.112 seconds
[2025-03-23T19:25:06.746+0000] {processor.py:157} INFO - Started process (PID=2551) to work on /opt/airflow/dags/exampledag.py
[2025-03-23T19:25:06.747+0000] {processor.py:829} INFO - Processing file /opt/airflow/dags/exampledag.py for tasks to queue
[2025-03-23T19:25:06.748+0000] {logging_mixin.py:154} INFO - [2025-03-23T19:25:06.748+0000] {dagbag.py:536} INFO - Filling up the DagBag from /opt/airflow/dags/exampledag.py
[2025-03-23T19:25:06.773+0000] {processor.py:839} INFO - DAG(s) dict_keys(['chethan_test_dag']) retrieved from /opt/airflow/dags/exampledag.py
[2025-03-23T19:25:06.793+0000] {logging_mixin.py:154} INFO - [2025-03-23T19:25:06.793+0000] {dag.py:2941} INFO - Sync 1 DAGs
[2025-03-23T19:25:06.811+0000] {logging_mixin.py:154} INFO - [2025-03-23T19:25:06.811+0000] {dag.py:3722} INFO - Setting next_dagrun for chethan_test_dag to 2025-03-22T00:00:00+00:00, run_after=2025-03-23T00:00:00+00:00
[2025-03-23T19:25:06.838+0000] {processor.py:179} INFO - Processing /opt/airflow/dags/exampledag.py took 0.095 seconds
[2025-03-23T19:25:37.078+0000] {processor.py:157} INFO - Started process (PID=2554) to work on /opt/airflow/dags/exampledag.py
[2025-03-23T19:25:37.080+0000] {processor.py:829} INFO - Processing file /opt/airflow/dags/exampledag.py for tasks to queue
[2025-03-23T19:25:37.081+0000] {logging_mixin.py:154} INFO - [2025-03-23T19:25:37.080+0000] {dagbag.py:536} INFO - Filling up the DagBag from /opt/airflow/dags/exampledag.py
[2025-03-23T19:25:37.103+0000] {processor.py:839} INFO - DAG(s) dict_keys(['chethan_test_dag']) retrieved from /opt/airflow/dags/exampledag.py
[2025-03-23T19:25:37.125+0000] {logging_mixin.py:154} INFO - [2025-03-23T19:25:37.125+0000] {dag.py:2941} INFO - Sync 1 DAGs
[2025-03-23T19:25:37.142+0000] {logging_mixin.py:154} INFO - [2025-03-23T19:25:37.142+0000] {dag.py:3722} INFO - Setting next_dagrun for chethan_test_dag to 2025-03-22T00:00:00+00:00, run_after=2025-03-23T00:00:00+00:00
[2025-03-23T19:25:37.167+0000] {processor.py:179} INFO - Processing /opt/airflow/dags/exampledag.py took 0.092 seconds
[2025-03-23T19:26:07.333+0000] {processor.py:157} INFO - Started process (PID=2556) to work on /opt/airflow/dags/exampledag.py
[2025-03-23T19:26:07.334+0000] {processor.py:829} INFO - Processing file /opt/airflow/dags/exampledag.py for tasks to queue
[2025-03-23T19:26:07.335+0000] {logging_mixin.py:154} INFO - [2025-03-23T19:26:07.335+0000] {dagbag.py:536} INFO - Filling up the DagBag from /opt/airflow/dags/exampledag.py
[2025-03-23T19:26:07.360+0000] {processor.py:839} INFO - DAG(s) dict_keys(['chethan_test_dag']) retrieved from /opt/airflow/dags/exampledag.py
[2025-03-23T19:26:07.390+0000] {logging_mixin.py:154} INFO - [2025-03-23T19:26:07.390+0000] {dag.py:2941} INFO - Sync 1 DAGs
[2025-03-23T19:26:07.417+0000] {logging_mixin.py:154} INFO - [2025-03-23T19:26:07.417+0000] {dag.py:3722} INFO - Setting next_dagrun for chethan_test_dag to 2025-03-22T00:00:00+00:00, run_after=2025-03-23T00:00:00+00:00
[2025-03-23T19:26:07.582+0000] {processor.py:179} INFO - Processing /opt/airflow/dags/exampledag.py took 0.253 seconds
[2025-03-23T19:26:37.874+0000] {processor.py:157} INFO - Started process (PID=2559) to work on /opt/airflow/dags/exampledag.py
[2025-03-23T19:26:37.875+0000] {processor.py:829} INFO - Processing file /opt/airflow/dags/exampledag.py for tasks to queue
[2025-03-23T19:26:37.876+0000] {logging_mixin.py:154} INFO - [2025-03-23T19:26:37.875+0000] {dagbag.py:536} INFO - Filling up the DagBag from /opt/airflow/dags/exampledag.py
[2025-03-23T19:26:37.898+0000] {processor.py:839} INFO - DAG(s) dict_keys(['chethan_test_dag']) retrieved from /opt/airflow/dags/exampledag.py
[2025-03-23T19:26:37.924+0000] {logging_mixin.py:154} INFO - [2025-03-23T19:26:37.924+0000] {dag.py:2941} INFO - Sync 1 DAGs
[2025-03-23T19:26:37.946+0000] {logging_mixin.py:154} INFO - [2025-03-23T19:26:37.945+0000] {dag.py:3722} INFO - Setting next_dagrun for chethan_test_dag to 2025-03-22T00:00:00+00:00, run_after=2025-03-23T00:00:00+00:00
[2025-03-23T19:26:37.968+0000] {processor.py:179} INFO - Processing /opt/airflow/dags/exampledag.py took 0.097 seconds
[2025-03-23T19:27:08.219+0000] {processor.py:157} INFO - Started process (PID=2561) to work on /opt/airflow/dags/exampledag.py
[2025-03-23T19:27:08.222+0000] {processor.py:829} INFO - Processing file /opt/airflow/dags/exampledag.py for tasks to queue
[2025-03-23T19:27:08.223+0000] {logging_mixin.py:154} INFO - [2025-03-23T19:27:08.222+0000] {dagbag.py:536} INFO - Filling up the DagBag from /opt/airflow/dags/exampledag.py
[2025-03-23T19:27:08.250+0000] {processor.py:839} INFO - DAG(s) dict_keys(['chethan_test_dag']) retrieved from /opt/airflow/dags/exampledag.py
[2025-03-23T19:27:08.275+0000] {logging_mixin.py:154} INFO - [2025-03-23T19:27:08.275+0000] {dag.py:2941} INFO - Sync 1 DAGs
[2025-03-23T19:27:08.294+0000] {logging_mixin.py:154} INFO - [2025-03-23T19:27:08.293+0000] {dag.py:3722} INFO - Setting next_dagrun for chethan_test_dag to 2025-03-22T00:00:00+00:00, run_after=2025-03-23T00:00:00+00:00
[2025-03-23T19:27:08.312+0000] {processor.py:179} INFO - Processing /opt/airflow/dags/exampledag.py took 0.097 seconds
[2025-03-23T19:27:38.562+0000] {processor.py:157} INFO - Started process (PID=2564) to work on /opt/airflow/dags/exampledag.py
[2025-03-23T19:27:38.563+0000] {processor.py:829} INFO - Processing file /opt/airflow/dags/exampledag.py for tasks to queue
[2025-03-23T19:27:38.564+0000] {logging_mixin.py:154} INFO - [2025-03-23T19:27:38.564+0000] {dagbag.py:536} INFO - Filling up the DagBag from /opt/airflow/dags/exampledag.py
[2025-03-23T19:27:38.586+0000] {processor.py:839} INFO - DAG(s) dict_keys(['chethan_test_dag']) retrieved from /opt/airflow/dags/exampledag.py
[2025-03-23T19:27:38.610+0000] {logging_mixin.py:154} INFO - [2025-03-23T19:27:38.609+0000] {dag.py:2941} INFO - Sync 1 DAGs
[2025-03-23T19:27:38.633+0000] {logging_mixin.py:154} INFO - [2025-03-23T19:27:38.633+0000] {dag.py:3722} INFO - Setting next_dagrun for chethan_test_dag to 2025-03-22T00:00:00+00:00, run_after=2025-03-23T00:00:00+00:00
[2025-03-23T19:27:38.656+0000] {processor.py:179} INFO - Processing /opt/airflow/dags/exampledag.py took 0.097 seconds
[2025-03-23T19:28:08.896+0000] {processor.py:157} INFO - Started process (PID=2567) to work on /opt/airflow/dags/exampledag.py
[2025-03-23T19:28:08.897+0000] {processor.py:829} INFO - Processing file /opt/airflow/dags/exampledag.py for tasks to queue
[2025-03-23T19:28:08.898+0000] {logging_mixin.py:154} INFO - [2025-03-23T19:28:08.898+0000] {dagbag.py:536} INFO - Filling up the DagBag from /opt/airflow/dags/exampledag.py
[2025-03-23T19:28:08.925+0000] {processor.py:839} INFO - DAG(s) dict_keys(['chethan_test_dag']) retrieved from /opt/airflow/dags/exampledag.py
[2025-03-23T19:28:08.947+0000] {logging_mixin.py:154} INFO - [2025-03-23T19:28:08.947+0000] {dag.py:2941} INFO - Sync 1 DAGs
[2025-03-23T19:28:08.965+0000] {logging_mixin.py:154} INFO - [2025-03-23T19:28:08.965+0000] {dag.py:3722} INFO - Setting next_dagrun for chethan_test_dag to 2025-03-22T00:00:00+00:00, run_after=2025-03-23T00:00:00+00:00
[2025-03-23T19:28:08.990+0000] {processor.py:179} INFO - Processing /opt/airflow/dags/exampledag.py took 0.097 seconds
[2025-03-23T19:28:39.254+0000] {processor.py:157} INFO - Started process (PID=2570) to work on /opt/airflow/dags/exampledag.py
[2025-03-23T19:28:39.256+0000] {processor.py:829} INFO - Processing file /opt/airflow/dags/exampledag.py for tasks to queue
[2025-03-23T19:28:39.259+0000] {logging_mixin.py:154} INFO - [2025-03-23T19:28:39.258+0000] {dagbag.py:536} INFO - Filling up the DagBag from /opt/airflow/dags/exampledag.py
[2025-03-23T19:28:39.317+0000] {processor.py:839} INFO - DAG(s) dict_keys(['chethan_test_dag']) retrieved from /opt/airflow/dags/exampledag.py
[2025-03-23T19:28:39.358+0000] {logging_mixin.py:154} INFO - [2025-03-23T19:28:39.358+0000] {dag.py:2941} INFO - Sync 1 DAGs
[2025-03-23T19:28:39.392+0000] {logging_mixin.py:154} INFO - [2025-03-23T19:28:39.392+0000] {dag.py:3722} INFO - Setting next_dagrun for chethan_test_dag to 2025-03-22T00:00:00+00:00, run_after=2025-03-23T00:00:00+00:00
[2025-03-23T19:28:39.418+0000] {processor.py:179} INFO - Processing /opt/airflow/dags/exampledag.py took 0.169 seconds
[2025-03-23T19:29:09.700+0000] {processor.py:157} INFO - Started process (PID=2573) to work on /opt/airflow/dags/exampledag.py
[2025-03-23T19:29:09.701+0000] {processor.py:829} INFO - Processing file /opt/airflow/dags/exampledag.py for tasks to queue
[2025-03-23T19:29:09.702+0000] {logging_mixin.py:154} INFO - [2025-03-23T19:29:09.702+0000] {dagbag.py:536} INFO - Filling up the DagBag from /opt/airflow/dags/exampledag.py
[2025-03-23T19:29:09.728+0000] {processor.py:839} INFO - DAG(s) dict_keys(['chethan_test_dag']) retrieved from /opt/airflow/dags/exampledag.py
[2025-03-23T19:29:09.748+0000] {logging_mixin.py:154} INFO - [2025-03-23T19:29:09.748+0000] {dag.py:2941} INFO - Sync 1 DAGs
[2025-03-23T19:29:09.857+0000] {logging_mixin.py:154} INFO - [2025-03-23T19:29:09.857+0000] {dag.py:3722} INFO - Setting next_dagrun for chethan_test_dag to 2025-03-22T00:00:00+00:00, run_after=2025-03-23T00:00:00+00:00
[2025-03-23T19:29:09.878+0000] {processor.py:179} INFO - Processing /opt/airflow/dags/exampledag.py took 0.181 seconds
[2025-03-23T19:29:40.137+0000] {processor.py:157} INFO - Started process (PID=2576) to work on /opt/airflow/dags/exampledag.py
[2025-03-23T19:29:40.139+0000] {processor.py:829} INFO - Processing file /opt/airflow/dags/exampledag.py for tasks to queue
[2025-03-23T19:29:40.140+0000] {logging_mixin.py:154} INFO - [2025-03-23T19:29:40.140+0000] {dagbag.py:536} INFO - Filling up the DagBag from /opt/airflow/dags/exampledag.py
[2025-03-23T19:29:40.174+0000] {processor.py:839} INFO - DAG(s) dict_keys(['chethan_test_dag']) retrieved from /opt/airflow/dags/exampledag.py
[2025-03-23T19:29:40.203+0000] {logging_mixin.py:154} INFO - [2025-03-23T19:29:40.203+0000] {dag.py:2941} INFO - Sync 1 DAGs
[2025-03-23T19:29:40.228+0000] {logging_mixin.py:154} INFO - [2025-03-23T19:29:40.227+0000] {dag.py:3722} INFO - Setting next_dagrun for chethan_test_dag to 2025-03-22T00:00:00+00:00, run_after=2025-03-23T00:00:00+00:00
[2025-03-23T19:29:40.265+0000] {processor.py:179} INFO - Processing /opt/airflow/dags/exampledag.py took 0.133 seconds
[2025-03-23T19:30:10.529+0000] {processor.py:157} INFO - Started process (PID=2579) to work on /opt/airflow/dags/exampledag.py
[2025-03-23T19:30:10.531+0000] {processor.py:829} INFO - Processing file /opt/airflow/dags/exampledag.py for tasks to queue
[2025-03-23T19:30:10.533+0000] {logging_mixin.py:154} INFO - [2025-03-23T19:30:10.532+0000] {dagbag.py:536} INFO - Filling up the DagBag from /opt/airflow/dags/exampledag.py
[2025-03-23T19:30:10.560+0000] {processor.py:839} INFO - DAG(s) dict_keys(['chethan_test_dag']) retrieved from /opt/airflow/dags/exampledag.py
[2025-03-23T19:30:10.592+0000] {logging_mixin.py:154} INFO - [2025-03-23T19:30:10.592+0000] {dag.py:2941} INFO - Sync 1 DAGs
[2025-03-23T19:30:10.619+0000] {logging_mixin.py:154} INFO - [2025-03-23T19:30:10.619+0000] {dag.py:3722} INFO - Setting next_dagrun for chethan_test_dag to 2025-03-22T00:00:00+00:00, run_after=2025-03-23T00:00:00+00:00
[2025-03-23T19:30:10.643+0000] {processor.py:179} INFO - Processing /opt/airflow/dags/exampledag.py took 0.118 seconds
[2025-03-23T19:30:40.932+0000] {processor.py:157} INFO - Started process (PID=2582) to work on /opt/airflow/dags/exampledag.py
[2025-03-23T19:30:40.933+0000] {processor.py:829} INFO - Processing file /opt/airflow/dags/exampledag.py for tasks to queue
[2025-03-23T19:30:40.935+0000] {logging_mixin.py:154} INFO - [2025-03-23T19:30:40.935+0000] {dagbag.py:536} INFO - Filling up the DagBag from /opt/airflow/dags/exampledag.py
[2025-03-23T19:30:40.979+0000] {processor.py:839} INFO - DAG(s) dict_keys(['chethan_test_dag']) retrieved from /opt/airflow/dags/exampledag.py
[2025-03-23T19:30:41.007+0000] {logging_mixin.py:154} INFO - [2025-03-23T19:30:41.007+0000] {dag.py:2941} INFO - Sync 1 DAGs
[2025-03-23T19:30:41.026+0000] {logging_mixin.py:154} INFO - [2025-03-23T19:30:41.026+0000] {dag.py:3722} INFO - Setting next_dagrun for chethan_test_dag to 2025-03-22T00:00:00+00:00, run_after=2025-03-23T00:00:00+00:00
[2025-03-23T19:30:41.047+0000] {processor.py:179} INFO - Processing /opt/airflow/dags/exampledag.py took 0.121 seconds
[2025-03-23T19:31:11.380+0000] {processor.py:157} INFO - Started process (PID=2585) to work on /opt/airflow/dags/exampledag.py
[2025-03-23T19:31:11.383+0000] {processor.py:829} INFO - Processing file /opt/airflow/dags/exampledag.py for tasks to queue
[2025-03-23T19:31:11.386+0000] {logging_mixin.py:154} INFO - [2025-03-23T19:31:11.385+0000] {dagbag.py:536} INFO - Filling up the DagBag from /opt/airflow/dags/exampledag.py
[2025-03-23T19:31:11.436+0000] {processor.py:839} INFO - DAG(s) dict_keys(['chethan_test_dag']) retrieved from /opt/airflow/dags/exampledag.py
[2025-03-23T19:31:11.474+0000] {logging_mixin.py:154} INFO - [2025-03-23T19:31:11.474+0000] {dag.py:2941} INFO - Sync 1 DAGs
[2025-03-23T19:31:11.497+0000] {logging_mixin.py:154} INFO - [2025-03-23T19:31:11.497+0000] {dag.py:3722} INFO - Setting next_dagrun for chethan_test_dag to 2025-03-22T00:00:00+00:00, run_after=2025-03-23T00:00:00+00:00
[2025-03-23T19:31:11.518+0000] {processor.py:179} INFO - Processing /opt/airflow/dags/exampledag.py took 0.147 seconds
[2025-03-23T19:31:41.768+0000] {processor.py:157} INFO - Started process (PID=2588) to work on /opt/airflow/dags/exampledag.py
[2025-03-23T19:31:41.769+0000] {processor.py:829} INFO - Processing file /opt/airflow/dags/exampledag.py for tasks to queue
[2025-03-23T19:31:41.771+0000] {logging_mixin.py:154} INFO - [2025-03-23T19:31:41.770+0000] {dagbag.py:536} INFO - Filling up the DagBag from /opt/airflow/dags/exampledag.py
[2025-03-23T19:31:41.791+0000] {processor.py:839} INFO - DAG(s) dict_keys(['chethan_test_dag']) retrieved from /opt/airflow/dags/exampledag.py
[2025-03-23T19:31:41.808+0000] {logging_mixin.py:154} INFO - [2025-03-23T19:31:41.808+0000] {dag.py:2941} INFO - Sync 1 DAGs
[2025-03-23T19:31:41.825+0000] {logging_mixin.py:154} INFO - [2025-03-23T19:31:41.825+0000] {dag.py:3722} INFO - Setting next_dagrun for chethan_test_dag to 2025-03-22T00:00:00+00:00, run_after=2025-03-23T00:00:00+00:00
[2025-03-23T19:31:41.951+0000] {processor.py:179} INFO - Processing /opt/airflow/dags/exampledag.py took 0.185 seconds
[2025-03-23T19:32:12.205+0000] {processor.py:157} INFO - Started process (PID=2591) to work on /opt/airflow/dags/exampledag.py
[2025-03-23T19:32:12.206+0000] {processor.py:829} INFO - Processing file /opt/airflow/dags/exampledag.py for tasks to queue
[2025-03-23T19:32:12.207+0000] {logging_mixin.py:154} INFO - [2025-03-23T19:32:12.207+0000] {dagbag.py:536} INFO - Filling up the DagBag from /opt/airflow/dags/exampledag.py
[2025-03-23T19:32:12.230+0000] {processor.py:839} INFO - DAG(s) dict_keys(['chethan_test_dag']) retrieved from /opt/airflow/dags/exampledag.py
[2025-03-23T19:32:12.256+0000] {logging_mixin.py:154} INFO - [2025-03-23T19:32:12.256+0000] {dag.py:2941} INFO - Sync 1 DAGs
[2025-03-23T19:32:12.445+0000] {logging_mixin.py:154} INFO - [2025-03-23T19:32:12.444+0000] {dag.py:3722} INFO - Setting next_dagrun for chethan_test_dag to 2025-03-22T00:00:00+00:00, run_after=2025-03-23T00:00:00+00:00
[2025-03-23T19:32:12.479+0000] {processor.py:179} INFO - Processing /opt/airflow/dags/exampledag.py took 0.278 seconds
[2025-03-23T19:32:42.731+0000] {processor.py:157} INFO - Started process (PID=2594) to work on /opt/airflow/dags/exampledag.py
[2025-03-23T19:32:42.732+0000] {processor.py:829} INFO - Processing file /opt/airflow/dags/exampledag.py for tasks to queue
[2025-03-23T19:32:42.733+0000] {logging_mixin.py:154} INFO - [2025-03-23T19:32:42.733+0000] {dagbag.py:536} INFO - Filling up the DagBag from /opt/airflow/dags/exampledag.py
[2025-03-23T19:32:42.760+0000] {processor.py:839} INFO - DAG(s) dict_keys(['chethan_test_dag']) retrieved from /opt/airflow/dags/exampledag.py
[2025-03-23T19:32:42.785+0000] {logging_mixin.py:154} INFO - [2025-03-23T19:32:42.785+0000] {dag.py:2941} INFO - Sync 1 DAGs
[2025-03-23T19:32:42.805+0000] {logging_mixin.py:154} INFO - [2025-03-23T19:32:42.805+0000] {dag.py:3722} INFO - Setting next_dagrun for chethan_test_dag to 2025-03-22T00:00:00+00:00, run_after=2025-03-23T00:00:00+00:00
[2025-03-23T19:32:42.824+0000] {processor.py:179} INFO - Processing /opt/airflow/dags/exampledag.py took 0.097 seconds
[2025-03-23T19:33:13.060+0000] {processor.py:157} INFO - Started process (PID=2597) to work on /opt/airflow/dags/exampledag.py
[2025-03-23T19:33:13.061+0000] {processor.py:829} INFO - Processing file /opt/airflow/dags/exampledag.py for tasks to queue
[2025-03-23T19:33:13.062+0000] {logging_mixin.py:154} INFO - [2025-03-23T19:33:13.061+0000] {dagbag.py:536} INFO - Filling up the DagBag from /opt/airflow/dags/exampledag.py
[2025-03-23T19:33:13.084+0000] {processor.py:839} INFO - DAG(s) dict_keys(['chethan_test_dag']) retrieved from /opt/airflow/dags/exampledag.py
[2025-03-23T19:33:13.104+0000] {logging_mixin.py:154} INFO - [2025-03-23T19:33:13.104+0000] {dag.py:2941} INFO - Sync 1 DAGs
[2025-03-23T19:33:13.123+0000] {logging_mixin.py:154} INFO - [2025-03-23T19:33:13.122+0000] {dag.py:3722} INFO - Setting next_dagrun for chethan_test_dag to 2025-03-22T00:00:00+00:00, run_after=2025-03-23T00:00:00+00:00
[2025-03-23T19:33:13.140+0000] {processor.py:179} INFO - Processing /opt/airflow/dags/exampledag.py took 0.083 seconds
[2025-03-23T19:33:43.388+0000] {processor.py:157} INFO - Started process (PID=2600) to work on /opt/airflow/dags/exampledag.py
[2025-03-23T19:33:43.390+0000] {processor.py:829} INFO - Processing file /opt/airflow/dags/exampledag.py for tasks to queue
[2025-03-23T19:33:43.391+0000] {logging_mixin.py:154} INFO - [2025-03-23T19:33:43.390+0000] {dagbag.py:536} INFO - Filling up the DagBag from /opt/airflow/dags/exampledag.py
[2025-03-23T19:33:43.414+0000] {processor.py:839} INFO - DAG(s) dict_keys(['chethan_test_dag']) retrieved from /opt/airflow/dags/exampledag.py
[2025-03-23T19:33:43.438+0000] {logging_mixin.py:154} INFO - [2025-03-23T19:33:43.438+0000] {dag.py:2941} INFO - Sync 1 DAGs
[2025-03-23T19:33:43.456+0000] {logging_mixin.py:154} INFO - [2025-03-23T19:33:43.456+0000] {dag.py:3722} INFO - Setting next_dagrun for chethan_test_dag to 2025-03-22T00:00:00+00:00, run_after=2025-03-23T00:00:00+00:00
[2025-03-23T19:33:43.474+0000] {processor.py:179} INFO - Processing /opt/airflow/dags/exampledag.py took 0.089 seconds
[2025-03-23T19:34:13.695+0000] {processor.py:157} INFO - Started process (PID=2603) to work on /opt/airflow/dags/exampledag.py
[2025-03-23T19:34:13.696+0000] {processor.py:829} INFO - Processing file /opt/airflow/dags/exampledag.py for tasks to queue
[2025-03-23T19:34:13.698+0000] {logging_mixin.py:154} INFO - [2025-03-23T19:34:13.697+0000] {dagbag.py:536} INFO - Filling up the DagBag from /opt/airflow/dags/exampledag.py
[2025-03-23T19:34:13.730+0000] {processor.py:839} INFO - DAG(s) dict_keys(['chethan_test_dag']) retrieved from /opt/airflow/dags/exampledag.py
[2025-03-23T19:34:13.756+0000] {logging_mixin.py:154} INFO - [2025-03-23T19:34:13.756+0000] {dag.py:2941} INFO - Sync 1 DAGs
[2025-03-23T19:34:13.784+0000] {logging_mixin.py:154} INFO - [2025-03-23T19:34:13.784+0000] {dag.py:3722} INFO - Setting next_dagrun for chethan_test_dag to 2025-03-22T00:00:00+00:00, run_after=2025-03-23T00:00:00+00:00
[2025-03-23T19:34:13.819+0000] {processor.py:179} INFO - Processing /opt/airflow/dags/exampledag.py took 0.129 seconds
[2025-03-23T19:34:44.082+0000] {processor.py:157} INFO - Started process (PID=2606) to work on /opt/airflow/dags/exampledag.py
[2025-03-23T19:34:44.084+0000] {processor.py:829} INFO - Processing file /opt/airflow/dags/exampledag.py for tasks to queue
[2025-03-23T19:34:44.085+0000] {logging_mixin.py:154} INFO - [2025-03-23T19:34:44.084+0000] {dagbag.py:536} INFO - Filling up the DagBag from /opt/airflow/dags/exampledag.py
[2025-03-23T19:34:44.118+0000] {processor.py:839} INFO - DAG(s) dict_keys(['chethan_test_dag']) retrieved from /opt/airflow/dags/exampledag.py
[2025-03-23T19:34:44.139+0000] {logging_mixin.py:154} INFO - [2025-03-23T19:34:44.139+0000] {dag.py:2941} INFO - Sync 1 DAGs
[2025-03-23T19:34:44.160+0000] {logging_mixin.py:154} INFO - [2025-03-23T19:34:44.160+0000] {dag.py:3722} INFO - Setting next_dagrun for chethan_test_dag to 2025-03-22T00:00:00+00:00, run_after=2025-03-23T00:00:00+00:00
[2025-03-23T19:34:44.334+0000] {processor.py:179} INFO - Processing /opt/airflow/dags/exampledag.py took 0.254 seconds
[2025-03-23T19:35:14.604+0000] {processor.py:157} INFO - Started process (PID=2609) to work on /opt/airflow/dags/exampledag.py
[2025-03-23T19:35:14.605+0000] {processor.py:829} INFO - Processing file /opt/airflow/dags/exampledag.py for tasks to queue
[2025-03-23T19:35:14.606+0000] {logging_mixin.py:154} INFO - [2025-03-23T19:35:14.605+0000] {dagbag.py:536} INFO - Filling up the DagBag from /opt/airflow/dags/exampledag.py
[2025-03-23T19:35:14.629+0000] {processor.py:839} INFO - DAG(s) dict_keys(['chethan_test_dag']) retrieved from /opt/airflow/dags/exampledag.py
[2025-03-23T19:35:14.660+0000] {logging_mixin.py:154} INFO - [2025-03-23T19:35:14.659+0000] {dag.py:2941} INFO - Sync 1 DAGs
[2025-03-23T19:35:14.784+0000] {logging_mixin.py:154} INFO - [2025-03-23T19:35:14.783+0000] {dag.py:3722} INFO - Setting next_dagrun for chethan_test_dag to 2025-03-22T00:00:00+00:00, run_after=2025-03-23T00:00:00+00:00
[2025-03-23T19:35:14.803+0000] {processor.py:179} INFO - Processing /opt/airflow/dags/exampledag.py took 0.203 seconds
[2025-03-23T19:35:45.054+0000] {processor.py:157} INFO - Started process (PID=2612) to work on /opt/airflow/dags/exampledag.py
[2025-03-23T19:35:45.055+0000] {processor.py:829} INFO - Processing file /opt/airflow/dags/exampledag.py for tasks to queue
[2025-03-23T19:35:45.057+0000] {logging_mixin.py:154} INFO - [2025-03-23T19:35:45.056+0000] {dagbag.py:536} INFO - Filling up the DagBag from /opt/airflow/dags/exampledag.py
[2025-03-23T19:35:45.089+0000] {processor.py:839} INFO - DAG(s) dict_keys(['chethan_test_dag']) retrieved from /opt/airflow/dags/exampledag.py
[2025-03-23T19:35:45.132+0000] {logging_mixin.py:154} INFO - [2025-03-23T19:35:45.132+0000] {dag.py:2941} INFO - Sync 1 DAGs
[2025-03-23T19:35:45.156+0000] {logging_mixin.py:154} INFO - [2025-03-23T19:35:45.156+0000] {dag.py:3722} INFO - Setting next_dagrun for chethan_test_dag to 2025-03-22T00:00:00+00:00, run_after=2025-03-23T00:00:00+00:00
[2025-03-23T19:35:45.181+0000] {processor.py:179} INFO - Processing /opt/airflow/dags/exampledag.py took 0.131 seconds
[2025-03-23T19:36:15.416+0000] {processor.py:157} INFO - Started process (PID=2615) to work on /opt/airflow/dags/exampledag.py
[2025-03-23T19:36:15.417+0000] {processor.py:829} INFO - Processing file /opt/airflow/dags/exampledag.py for tasks to queue
[2025-03-23T19:36:15.418+0000] {logging_mixin.py:154} INFO - [2025-03-23T19:36:15.418+0000] {dagbag.py:536} INFO - Filling up the DagBag from /opt/airflow/dags/exampledag.py
[2025-03-23T19:36:15.443+0000] {processor.py:839} INFO - DAG(s) dict_keys(['chethan_test_dag']) retrieved from /opt/airflow/dags/exampledag.py
[2025-03-23T19:36:15.463+0000] {logging_mixin.py:154} INFO - [2025-03-23T19:36:15.463+0000] {dag.py:2941} INFO - Sync 1 DAGs
[2025-03-23T19:36:15.480+0000] {logging_mixin.py:154} INFO - [2025-03-23T19:36:15.480+0000] {dag.py:3722} INFO - Setting next_dagrun for chethan_test_dag to 2025-03-22T00:00:00+00:00, run_after=2025-03-23T00:00:00+00:00
[2025-03-23T19:36:15.498+0000] {processor.py:179} INFO - Processing /opt/airflow/dags/exampledag.py took 0.084 seconds
[2025-03-23T19:36:45.742+0000] {processor.py:157} INFO - Started process (PID=2618) to work on /opt/airflow/dags/exampledag.py
[2025-03-23T19:36:45.743+0000] {processor.py:829} INFO - Processing file /opt/airflow/dags/exampledag.py for tasks to queue
[2025-03-23T19:36:45.744+0000] {logging_mixin.py:154} INFO - [2025-03-23T19:36:45.744+0000] {dagbag.py:536} INFO - Filling up the DagBag from /opt/airflow/dags/exampledag.py
[2025-03-23T19:36:45.770+0000] {processor.py:839} INFO - DAG(s) dict_keys(['chethan_test_dag']) retrieved from /opt/airflow/dags/exampledag.py
[2025-03-23T19:36:45.790+0000] {logging_mixin.py:154} INFO - [2025-03-23T19:36:45.790+0000] {dag.py:2941} INFO - Sync 1 DAGs
[2025-03-23T19:36:45.809+0000] {logging_mixin.py:154} INFO - [2025-03-23T19:36:45.809+0000] {dag.py:3722} INFO - Setting next_dagrun for chethan_test_dag to 2025-03-22T00:00:00+00:00, run_after=2025-03-23T00:00:00+00:00
[2025-03-23T19:36:45.829+0000] {processor.py:179} INFO - Processing /opt/airflow/dags/exampledag.py took 0.091 seconds
[2025-03-23T19:37:16.083+0000] {processor.py:157} INFO - Started process (PID=2621) to work on /opt/airflow/dags/exampledag.py
[2025-03-23T19:37:16.084+0000] {processor.py:829} INFO - Processing file /opt/airflow/dags/exampledag.py for tasks to queue
[2025-03-23T19:37:16.085+0000] {logging_mixin.py:154} INFO - [2025-03-23T19:37:16.085+0000] {dagbag.py:536} INFO - Filling up the DagBag from /opt/airflow/dags/exampledag.py
[2025-03-23T19:37:16.105+0000] {processor.py:839} INFO - DAG(s) dict_keys(['chethan_test_dag']) retrieved from /opt/airflow/dags/exampledag.py
[2025-03-23T19:37:16.125+0000] {logging_mixin.py:154} INFO - [2025-03-23T19:37:16.125+0000] {dag.py:2941} INFO - Sync 1 DAGs
[2025-03-23T19:37:16.145+0000] {logging_mixin.py:154} INFO - [2025-03-23T19:37:16.145+0000] {dag.py:3722} INFO - Setting next_dagrun for chethan_test_dag to 2025-03-22T00:00:00+00:00, run_after=2025-03-23T00:00:00+00:00
[2025-03-23T19:37:16.162+0000] {processor.py:179} INFO - Processing /opt/airflow/dags/exampledag.py took 0.082 seconds
[2025-03-23T19:37:46.463+0000] {processor.py:157} INFO - Started process (PID=2624) to work on /opt/airflow/dags/exampledag.py
[2025-03-23T19:37:46.466+0000] {processor.py:829} INFO - Processing file /opt/airflow/dags/exampledag.py for tasks to queue
[2025-03-23T19:37:46.469+0000] {logging_mixin.py:154} INFO - [2025-03-23T19:37:46.468+0000] {dagbag.py:536} INFO - Filling up the DagBag from /opt/airflow/dags/exampledag.py
[2025-03-23T19:37:46.516+0000] {processor.py:839} INFO - DAG(s) dict_keys(['chethan_test_dag']) retrieved from /opt/airflow/dags/exampledag.py
[2025-03-23T19:37:46.553+0000] {logging_mixin.py:154} INFO - [2025-03-23T19:37:46.553+0000] {dag.py:2941} INFO - Sync 1 DAGs
[2025-03-23T19:37:46.747+0000] {logging_mixin.py:154} INFO - [2025-03-23T19:37:46.746+0000] {dag.py:3722} INFO - Setting next_dagrun for chethan_test_dag to 2025-03-22T00:00:00+00:00, run_after=2025-03-23T00:00:00+00:00
[2025-03-23T19:37:46.779+0000] {processor.py:179} INFO - Processing /opt/airflow/dags/exampledag.py took 0.323 seconds
[2025-03-23T19:38:17.081+0000] {processor.py:157} INFO - Started process (PID=2627) to work on /opt/airflow/dags/exampledag.py
[2025-03-23T19:38:17.083+0000] {processor.py:829} INFO - Processing file /opt/airflow/dags/exampledag.py for tasks to queue
[2025-03-23T19:38:17.084+0000] {logging_mixin.py:154} INFO - [2025-03-23T19:38:17.084+0000] {dagbag.py:536} INFO - Filling up the DagBag from /opt/airflow/dags/exampledag.py
[2025-03-23T19:38:17.110+0000] {processor.py:839} INFO - DAG(s) dict_keys(['chethan_test_dag']) retrieved from /opt/airflow/dags/exampledag.py
[2025-03-23T19:38:17.133+0000] {logging_mixin.py:154} INFO - [2025-03-23T19:38:17.133+0000] {dag.py:2941} INFO - Sync 1 DAGs
[2025-03-23T19:38:17.267+0000] {logging_mixin.py:154} INFO - [2025-03-23T19:38:17.267+0000] {dag.py:3722} INFO - Setting next_dagrun for chethan_test_dag to 2025-03-22T00:00:00+00:00, run_after=2025-03-23T00:00:00+00:00
[2025-03-23T19:38:17.283+0000] {processor.py:179} INFO - Processing /opt/airflow/dags/exampledag.py took 0.207 seconds
[2025-03-23T19:38:47.551+0000] {processor.py:157} INFO - Started process (PID=2630) to work on /opt/airflow/dags/exampledag.py
[2025-03-23T19:38:47.552+0000] {processor.py:829} INFO - Processing file /opt/airflow/dags/exampledag.py for tasks to queue
[2025-03-23T19:38:47.553+0000] {logging_mixin.py:154} INFO - [2025-03-23T19:38:47.553+0000] {dagbag.py:536} INFO - Filling up the DagBag from /opt/airflow/dags/exampledag.py
[2025-03-23T19:38:47.575+0000] {processor.py:839} INFO - DAG(s) dict_keys(['chethan_test_dag']) retrieved from /opt/airflow/dags/exampledag.py
[2025-03-23T19:38:47.595+0000] {logging_mixin.py:154} INFO - [2025-03-23T19:38:47.595+0000] {dag.py:2941} INFO - Sync 1 DAGs
[2025-03-23T19:38:47.613+0000] {logging_mixin.py:154} INFO - [2025-03-23T19:38:47.613+0000] {dag.py:3722} INFO - Setting next_dagrun for chethan_test_dag to 2025-03-22T00:00:00+00:00, run_after=2025-03-23T00:00:00+00:00
[2025-03-23T19:38:47.629+0000] {processor.py:179} INFO - Processing /opt/airflow/dags/exampledag.py took 0.081 seconds
[2025-03-23T19:39:17.874+0000] {processor.py:157} INFO - Started process (PID=2633) to work on /opt/airflow/dags/exampledag.py
[2025-03-23T19:39:17.876+0000] {processor.py:829} INFO - Processing file /opt/airflow/dags/exampledag.py for tasks to queue
[2025-03-23T19:39:17.877+0000] {logging_mixin.py:154} INFO - [2025-03-23T19:39:17.876+0000] {dagbag.py:536} INFO - Filling up the DagBag from /opt/airflow/dags/exampledag.py
[2025-03-23T19:39:17.900+0000] {processor.py:839} INFO - DAG(s) dict_keys(['chethan_test_dag']) retrieved from /opt/airflow/dags/exampledag.py
[2025-03-23T19:39:17.921+0000] {logging_mixin.py:154} INFO - [2025-03-23T19:39:17.921+0000] {dag.py:2941} INFO - Sync 1 DAGs
[2025-03-23T19:39:17.938+0000] {logging_mixin.py:154} INFO - [2025-03-23T19:39:17.938+0000] {dag.py:3722} INFO - Setting next_dagrun for chethan_test_dag to 2025-03-22T00:00:00+00:00, run_after=2025-03-23T00:00:00+00:00
[2025-03-23T19:39:17.952+0000] {processor.py:179} INFO - Processing /opt/airflow/dags/exampledag.py took 0.081 seconds
[2025-03-23T19:39:48.207+0000] {processor.py:157} INFO - Started process (PID=2636) to work on /opt/airflow/dags/exampledag.py
[2025-03-23T19:39:48.209+0000] {processor.py:829} INFO - Processing file /opt/airflow/dags/exampledag.py for tasks to queue
[2025-03-23T19:39:48.210+0000] {logging_mixin.py:154} INFO - [2025-03-23T19:39:48.209+0000] {dagbag.py:536} INFO - Filling up the DagBag from /opt/airflow/dags/exampledag.py
[2025-03-23T19:39:48.233+0000] {processor.py:839} INFO - DAG(s) dict_keys(['chethan_test_dag']) retrieved from /opt/airflow/dags/exampledag.py
[2025-03-23T19:39:48.260+0000] {logging_mixin.py:154} INFO - [2025-03-23T19:39:48.260+0000] {dag.py:2941} INFO - Sync 1 DAGs
[2025-03-23T19:39:48.280+0000] {logging_mixin.py:154} INFO - [2025-03-23T19:39:48.280+0000] {dag.py:3722} INFO - Setting next_dagrun for chethan_test_dag to 2025-03-22T00:00:00+00:00, run_after=2025-03-23T00:00:00+00:00
[2025-03-23T19:39:48.297+0000] {processor.py:179} INFO - Processing /opt/airflow/dags/exampledag.py took 0.093 seconds
[2025-03-23T19:40:18.550+0000] {processor.py:157} INFO - Started process (PID=2639) to work on /opt/airflow/dags/exampledag.py
[2025-03-23T19:40:18.551+0000] {processor.py:829} INFO - Processing file /opt/airflow/dags/exampledag.py for tasks to queue
[2025-03-23T19:40:18.553+0000] {logging_mixin.py:154} INFO - [2025-03-23T19:40:18.552+0000] {dagbag.py:536} INFO - Filling up the DagBag from /opt/airflow/dags/exampledag.py
[2025-03-23T19:40:18.581+0000] {processor.py:839} INFO - DAG(s) dict_keys(['chethan_test_dag']) retrieved from /opt/airflow/dags/exampledag.py
[2025-03-23T19:40:18.613+0000] {logging_mixin.py:154} INFO - [2025-03-23T19:40:18.612+0000] {dag.py:2941} INFO - Sync 1 DAGs
[2025-03-23T19:40:18.641+0000] {logging_mixin.py:154} INFO - [2025-03-23T19:40:18.640+0000] {dag.py:3722} INFO - Setting next_dagrun for chethan_test_dag to 2025-03-22T00:00:00+00:00, run_after=2025-03-23T00:00:00+00:00
[2025-03-23T19:40:18.794+0000] {processor.py:179} INFO - Processing /opt/airflow/dags/exampledag.py took 0.248 seconds
[2025-03-23T19:40:49.062+0000] {processor.py:157} INFO - Started process (PID=2642) to work on /opt/airflow/dags/exampledag.py
[2025-03-23T19:40:49.063+0000] {processor.py:829} INFO - Processing file /opt/airflow/dags/exampledag.py for tasks to queue
[2025-03-23T19:40:49.065+0000] {logging_mixin.py:154} INFO - [2025-03-23T19:40:49.065+0000] {dagbag.py:536} INFO - Filling up the DagBag from /opt/airflow/dags/exampledag.py
[2025-03-23T19:40:49.093+0000] {processor.py:839} INFO - DAG(s) dict_keys(['chethan_test_dag']) retrieved from /opt/airflow/dags/exampledag.py
[2025-03-23T19:40:49.121+0000] {logging_mixin.py:154} INFO - [2025-03-23T19:40:49.121+0000] {dag.py:2941} INFO - Sync 1 DAGs
[2025-03-23T19:40:49.317+0000] {logging_mixin.py:154} INFO - [2025-03-23T19:40:49.317+0000] {dag.py:3722} INFO - Setting next_dagrun for chethan_test_dag to 2025-03-22T00:00:00+00:00, run_after=2025-03-23T00:00:00+00:00
[2025-03-23T19:40:49.354+0000] {processor.py:179} INFO - Processing /opt/airflow/dags/exampledag.py took 0.296 seconds
[2025-03-23T19:41:19.642+0000] {processor.py:157} INFO - Started process (PID=2645) to work on /opt/airflow/dags/exampledag.py
[2025-03-23T19:41:19.643+0000] {processor.py:829} INFO - Processing file /opt/airflow/dags/exampledag.py for tasks to queue
[2025-03-23T19:41:19.644+0000] {logging_mixin.py:154} INFO - [2025-03-23T19:41:19.644+0000] {dagbag.py:536} INFO - Filling up the DagBag from /opt/airflow/dags/exampledag.py
[2025-03-23T19:41:19.670+0000] {processor.py:839} INFO - DAG(s) dict_keys(['chethan_test_dag']) retrieved from /opt/airflow/dags/exampledag.py
[2025-03-23T19:41:19.689+0000] {logging_mixin.py:154} INFO - [2025-03-23T19:41:19.689+0000] {dag.py:2941} INFO - Sync 1 DAGs
[2025-03-23T19:41:19.817+0000] {logging_mixin.py:154} INFO - [2025-03-23T19:41:19.817+0000] {dag.py:3722} INFO - Setting next_dagrun for chethan_test_dag to 2025-03-22T00:00:00+00:00, run_after=2025-03-23T00:00:00+00:00
[2025-03-23T19:41:19.833+0000] {processor.py:179} INFO - Processing /opt/airflow/dags/exampledag.py took 0.194 seconds
[2025-03-23T19:41:50.115+0000] {processor.py:157} INFO - Started process (PID=2648) to work on /opt/airflow/dags/exampledag.py
[2025-03-23T19:41:50.116+0000] {processor.py:829} INFO - Processing file /opt/airflow/dags/exampledag.py for tasks to queue
[2025-03-23T19:41:50.117+0000] {logging_mixin.py:154} INFO - [2025-03-23T19:41:50.116+0000] {dagbag.py:536} INFO - Filling up the DagBag from /opt/airflow/dags/exampledag.py
[2025-03-23T19:41:50.137+0000] {processor.py:839} INFO - DAG(s) dict_keys(['chethan_test_dag']) retrieved from /opt/airflow/dags/exampledag.py
[2025-03-23T19:41:50.158+0000] {logging_mixin.py:154} INFO - [2025-03-23T19:41:50.158+0000] {dag.py:2941} INFO - Sync 1 DAGs
[2025-03-23T19:41:50.175+0000] {logging_mixin.py:154} INFO - [2025-03-23T19:41:50.175+0000] {dag.py:3722} INFO - Setting next_dagrun for chethan_test_dag to 2025-03-22T00:00:00+00:00, run_after=2025-03-23T00:00:00+00:00
[2025-03-23T19:41:50.201+0000] {processor.py:179} INFO - Processing /opt/airflow/dags/exampledag.py took 0.089 seconds
[2025-03-23T19:42:20.443+0000] {processor.py:157} INFO - Started process (PID=2651) to work on /opt/airflow/dags/exampledag.py
[2025-03-23T19:42:20.444+0000] {processor.py:829} INFO - Processing file /opt/airflow/dags/exampledag.py for tasks to queue
[2025-03-23T19:42:20.445+0000] {logging_mixin.py:154} INFO - [2025-03-23T19:42:20.445+0000] {dagbag.py:536} INFO - Filling up the DagBag from /opt/airflow/dags/exampledag.py
[2025-03-23T19:42:20.467+0000] {processor.py:839} INFO - DAG(s) dict_keys(['chethan_test_dag']) retrieved from /opt/airflow/dags/exampledag.py
[2025-03-23T19:42:20.490+0000] {logging_mixin.py:154} INFO - [2025-03-23T19:42:20.490+0000] {dag.py:2941} INFO - Sync 1 DAGs
[2025-03-23T19:42:20.510+0000] {logging_mixin.py:154} INFO - [2025-03-23T19:42:20.510+0000] {dag.py:3722} INFO - Setting next_dagrun for chethan_test_dag to 2025-03-22T00:00:00+00:00, run_after=2025-03-23T00:00:00+00:00
[2025-03-23T19:42:20.540+0000] {processor.py:179} INFO - Processing /opt/airflow/dags/exampledag.py took 0.100 seconds
[2025-03-23T19:42:50.815+0000] {processor.py:157} INFO - Started process (PID=2654) to work on /opt/airflow/dags/exampledag.py
[2025-03-23T19:42:50.816+0000] {processor.py:829} INFO - Processing file /opt/airflow/dags/exampledag.py for tasks to queue
[2025-03-23T19:42:50.817+0000] {logging_mixin.py:154} INFO - [2025-03-23T19:42:50.817+0000] {dagbag.py:536} INFO - Filling up the DagBag from /opt/airflow/dags/exampledag.py
[2025-03-23T19:42:50.844+0000] {processor.py:839} INFO - DAG(s) dict_keys(['chethan_test_dag']) retrieved from /opt/airflow/dags/exampledag.py
[2025-03-23T19:42:50.867+0000] {logging_mixin.py:154} INFO - [2025-03-23T19:42:50.867+0000] {dag.py:2941} INFO - Sync 1 DAGs
[2025-03-23T19:42:50.888+0000] {logging_mixin.py:154} INFO - [2025-03-23T19:42:50.888+0000] {dag.py:3722} INFO - Setting next_dagrun for chethan_test_dag to 2025-03-22T00:00:00+00:00, run_after=2025-03-23T00:00:00+00:00
[2025-03-23T19:42:50.906+0000] {processor.py:179} INFO - Processing /opt/airflow/dags/exampledag.py took 0.094 seconds
[2025-03-23T19:43:21.194+0000] {processor.py:157} INFO - Started process (PID=2657) to work on /opt/airflow/dags/exampledag.py
[2025-03-23T19:43:21.195+0000] {processor.py:829} INFO - Processing file /opt/airflow/dags/exampledag.py for tasks to queue
[2025-03-23T19:43:21.196+0000] {logging_mixin.py:154} INFO - [2025-03-23T19:43:21.196+0000] {dagbag.py:536} INFO - Filling up the DagBag from /opt/airflow/dags/exampledag.py
[2025-03-23T19:43:21.230+0000] {processor.py:839} INFO - DAG(s) dict_keys(['chethan_test_dag']) retrieved from /opt/airflow/dags/exampledag.py
[2025-03-23T19:43:21.258+0000] {logging_mixin.py:154} INFO - [2025-03-23T19:43:21.258+0000] {dag.py:2941} INFO - Sync 1 DAGs
[2025-03-23T19:43:21.285+0000] {logging_mixin.py:154} INFO - [2025-03-23T19:43:21.285+0000] {dag.py:3722} INFO - Setting next_dagrun for chethan_test_dag to 2025-03-22T00:00:00+00:00, run_after=2025-03-23T00:00:00+00:00
[2025-03-23T19:43:21.447+0000] {processor.py:179} INFO - Processing /opt/airflow/dags/exampledag.py took 0.257 seconds
[2025-03-23T19:43:51.713+0000] {processor.py:157} INFO - Started process (PID=2660) to work on /opt/airflow/dags/exampledag.py
[2025-03-23T19:43:51.716+0000] {processor.py:829} INFO - Processing file /opt/airflow/dags/exampledag.py for tasks to queue
[2025-03-23T19:43:51.718+0000] {logging_mixin.py:154} INFO - [2025-03-23T19:43:51.718+0000] {dagbag.py:536} INFO - Filling up the DagBag from /opt/airflow/dags/exampledag.py
[2025-03-23T19:43:51.739+0000] {processor.py:839} INFO - DAG(s) dict_keys(['chethan_test_dag']) retrieved from /opt/airflow/dags/exampledag.py
[2025-03-23T19:43:51.759+0000] {logging_mixin.py:154} INFO - [2025-03-23T19:43:51.759+0000] {dag.py:2941} INFO - Sync 1 DAGs
[2025-03-23T19:43:51.886+0000] {logging_mixin.py:154} INFO - [2025-03-23T19:43:51.886+0000] {dag.py:3722} INFO - Setting next_dagrun for chethan_test_dag to 2025-03-22T00:00:00+00:00, run_after=2025-03-23T00:00:00+00:00
[2025-03-23T19:43:51.908+0000] {processor.py:179} INFO - Processing /opt/airflow/dags/exampledag.py took 0.199 seconds
[2025-03-23T19:44:22.175+0000] {processor.py:157} INFO - Started process (PID=2663) to work on /opt/airflow/dags/exampledag.py
[2025-03-23T19:44:22.176+0000] {processor.py:829} INFO - Processing file /opt/airflow/dags/exampledag.py for tasks to queue
[2025-03-23T19:44:22.178+0000] {logging_mixin.py:154} INFO - [2025-03-23T19:44:22.177+0000] {dagbag.py:536} INFO - Filling up the DagBag from /opt/airflow/dags/exampledag.py
[2025-03-23T19:44:22.219+0000] {processor.py:839} INFO - DAG(s) dict_keys(['chethan_test_dag']) retrieved from /opt/airflow/dags/exampledag.py
[2025-03-23T19:44:22.252+0000] {logging_mixin.py:154} INFO - [2025-03-23T19:44:22.252+0000] {dag.py:2941} INFO - Sync 1 DAGs
[2025-03-23T19:44:22.396+0000] {logging_mixin.py:154} INFO - [2025-03-23T19:44:22.395+0000] {dag.py:3722} INFO - Setting next_dagrun for chethan_test_dag to 2025-03-22T00:00:00+00:00, run_after=2025-03-23T00:00:00+00:00
[2025-03-23T19:44:22.421+0000] {processor.py:179} INFO - Processing /opt/airflow/dags/exampledag.py took 0.250 seconds
[2025-03-23T19:44:52.693+0000] {processor.py:157} INFO - Started process (PID=2666) to work on /opt/airflow/dags/exampledag.py
[2025-03-23T19:44:52.696+0000] {processor.py:829} INFO - Processing file /opt/airflow/dags/exampledag.py for tasks to queue
[2025-03-23T19:44:52.697+0000] {logging_mixin.py:154} INFO - [2025-03-23T19:44:52.697+0000] {dagbag.py:536} INFO - Filling up the DagBag from /opt/airflow/dags/exampledag.py
[2025-03-23T19:44:52.722+0000] {processor.py:839} INFO - DAG(s) dict_keys(['chethan_test_dag']) retrieved from /opt/airflow/dags/exampledag.py
[2025-03-23T19:44:52.750+0000] {logging_mixin.py:154} INFO - [2025-03-23T19:44:52.750+0000] {dag.py:2941} INFO - Sync 1 DAGs
[2025-03-23T19:44:52.773+0000] {logging_mixin.py:154} INFO - [2025-03-23T19:44:52.773+0000] {dag.py:3722} INFO - Setting next_dagrun for chethan_test_dag to 2025-03-22T00:00:00+00:00, run_after=2025-03-23T00:00:00+00:00
[2025-03-23T19:44:52.794+0000] {processor.py:179} INFO - Processing /opt/airflow/dags/exampledag.py took 0.103 seconds
[2025-03-23T19:45:23.053+0000] {processor.py:157} INFO - Started process (PID=2669) to work on /opt/airflow/dags/exampledag.py
[2025-03-23T19:45:23.054+0000] {processor.py:829} INFO - Processing file /opt/airflow/dags/exampledag.py for tasks to queue
[2025-03-23T19:45:23.055+0000] {logging_mixin.py:154} INFO - [2025-03-23T19:45:23.055+0000] {dagbag.py:536} INFO - Filling up the DagBag from /opt/airflow/dags/exampledag.py
[2025-03-23T19:45:23.082+0000] {processor.py:839} INFO - DAG(s) dict_keys(['chethan_test_dag']) retrieved from /opt/airflow/dags/exampledag.py
[2025-03-23T19:45:23.106+0000] {logging_mixin.py:154} INFO - [2025-03-23T19:45:23.106+0000] {dag.py:2941} INFO - Sync 1 DAGs
[2025-03-23T19:45:23.132+0000] {logging_mixin.py:154} INFO - [2025-03-23T19:45:23.131+0000] {dag.py:3722} INFO - Setting next_dagrun for chethan_test_dag to 2025-03-22T00:00:00+00:00, run_after=2025-03-23T00:00:00+00:00
[2025-03-23T19:45:23.155+0000] {processor.py:179} INFO - Processing /opt/airflow/dags/exampledag.py took 0.109 seconds
[2025-03-23T19:45:53.439+0000] {processor.py:157} INFO - Started process (PID=2672) to work on /opt/airflow/dags/exampledag.py
[2025-03-23T19:45:53.440+0000] {processor.py:829} INFO - Processing file /opt/airflow/dags/exampledag.py for tasks to queue
[2025-03-23T19:45:53.441+0000] {logging_mixin.py:154} INFO - [2025-03-23T19:45:53.441+0000] {dagbag.py:536} INFO - Filling up the DagBag from /opt/airflow/dags/exampledag.py
[2025-03-23T19:45:53.467+0000] {processor.py:839} INFO - DAG(s) dict_keys(['chethan_test_dag']) retrieved from /opt/airflow/dags/exampledag.py
[2025-03-23T19:45:53.494+0000] {logging_mixin.py:154} INFO - [2025-03-23T19:45:53.494+0000] {dag.py:2941} INFO - Sync 1 DAGs
[2025-03-23T19:45:53.515+0000] {logging_mixin.py:154} INFO - [2025-03-23T19:45:53.515+0000] {dag.py:3722} INFO - Setting next_dagrun for chethan_test_dag to 2025-03-22T00:00:00+00:00, run_after=2025-03-23T00:00:00+00:00
[2025-03-23T19:45:53.537+0000] {processor.py:179} INFO - Processing /opt/airflow/dags/exampledag.py took 0.101 seconds
[2025-03-23T19:46:23.825+0000] {processor.py:157} INFO - Started process (PID=2675) to work on /opt/airflow/dags/exampledag.py
[2025-03-23T19:46:23.826+0000] {processor.py:829} INFO - Processing file /opt/airflow/dags/exampledag.py for tasks to queue
[2025-03-23T19:46:23.827+0000] {logging_mixin.py:154} INFO - [2025-03-23T19:46:23.827+0000] {dagbag.py:536} INFO - Filling up the DagBag from /opt/airflow/dags/exampledag.py
[2025-03-23T19:46:23.859+0000] {processor.py:839} INFO - DAG(s) dict_keys(['chethan_test_dag']) retrieved from /opt/airflow/dags/exampledag.py
[2025-03-23T19:46:23.932+0000] {logging_mixin.py:154} INFO - [2025-03-23T19:46:23.932+0000] {dag.py:2941} INFO - Sync 1 DAGs
[2025-03-23T19:46:23.989+0000] {logging_mixin.py:154} INFO - [2025-03-23T19:46:23.988+0000] {dag.py:3722} INFO - Setting next_dagrun for chethan_test_dag to 2025-03-22T00:00:00+00:00, run_after=2025-03-23T00:00:00+00:00
[2025-03-23T19:46:24.176+0000] {processor.py:179} INFO - Processing /opt/airflow/dags/exampledag.py took 0.354 seconds
[2025-03-23T19:46:54.503+0000] {processor.py:157} INFO - Started process (PID=2678) to work on /opt/airflow/dags/exampledag.py
[2025-03-23T19:46:54.505+0000] {processor.py:829} INFO - Processing file /opt/airflow/dags/exampledag.py for tasks to queue
[2025-03-23T19:46:54.508+0000] {logging_mixin.py:154} INFO - [2025-03-23T19:46:54.508+0000] {dagbag.py:536} INFO - Filling up the DagBag from /opt/airflow/dags/exampledag.py
[2025-03-23T19:46:54.541+0000] {processor.py:839} INFO - DAG(s) dict_keys(['chethan_test_dag']) retrieved from /opt/airflow/dags/exampledag.py
[2025-03-23T19:46:54.565+0000] {logging_mixin.py:154} INFO - [2025-03-23T19:46:54.565+0000] {dag.py:2941} INFO - Sync 1 DAGs
[2025-03-23T19:46:54.717+0000] {logging_mixin.py:154} INFO - [2025-03-23T19:46:54.717+0000] {dag.py:3722} INFO - Setting next_dagrun for chethan_test_dag to 2025-03-22T00:00:00+00:00, run_after=2025-03-23T00:00:00+00:00
[2025-03-23T19:46:54.738+0000] {processor.py:179} INFO - Processing /opt/airflow/dags/exampledag.py took 0.241 seconds
[2025-03-23T19:47:25.008+0000] {processor.py:157} INFO - Started process (PID=2681) to work on /opt/airflow/dags/exampledag.py
[2025-03-23T19:47:25.009+0000] {processor.py:829} INFO - Processing file /opt/airflow/dags/exampledag.py for tasks to queue
[2025-03-23T19:47:25.010+0000] {logging_mixin.py:154} INFO - [2025-03-23T19:47:25.009+0000] {dagbag.py:536} INFO - Filling up the DagBag from /opt/airflow/dags/exampledag.py
[2025-03-23T19:47:25.032+0000] {processor.py:839} INFO - DAG(s) dict_keys(['chethan_test_dag']) retrieved from /opt/airflow/dags/exampledag.py
[2025-03-23T19:47:25.056+0000] {logging_mixin.py:154} INFO - [2025-03-23T19:47:25.056+0000] {dag.py:2941} INFO - Sync 1 DAGs
[2025-03-23T19:47:25.078+0000] {logging_mixin.py:154} INFO - [2025-03-23T19:47:25.077+0000] {dag.py:3722} INFO - Setting next_dagrun for chethan_test_dag to 2025-03-22T00:00:00+00:00, run_after=2025-03-23T00:00:00+00:00
[2025-03-23T19:47:25.098+0000] {processor.py:179} INFO - Processing /opt/airflow/dags/exampledag.py took 0.094 seconds
[2025-03-23T19:47:55.353+0000] {processor.py:157} INFO - Started process (PID=2684) to work on /opt/airflow/dags/exampledag.py
[2025-03-23T19:47:55.354+0000] {processor.py:829} INFO - Processing file /opt/airflow/dags/exampledag.py for tasks to queue
[2025-03-23T19:47:55.355+0000] {logging_mixin.py:154} INFO - [2025-03-23T19:47:55.354+0000] {dagbag.py:536} INFO - Filling up the DagBag from /opt/airflow/dags/exampledag.py
[2025-03-23T19:47:55.378+0000] {processor.py:839} INFO - DAG(s) dict_keys(['chethan_test_dag']) retrieved from /opt/airflow/dags/exampledag.py
[2025-03-23T19:47:55.397+0000] {logging_mixin.py:154} INFO - [2025-03-23T19:47:55.397+0000] {dag.py:2941} INFO - Sync 1 DAGs
[2025-03-23T19:47:55.417+0000] {logging_mixin.py:154} INFO - [2025-03-23T19:47:55.417+0000] {dag.py:3722} INFO - Setting next_dagrun for chethan_test_dag to 2025-03-22T00:00:00+00:00, run_after=2025-03-23T00:00:00+00:00
[2025-03-23T19:47:55.433+0000] {processor.py:179} INFO - Processing /opt/airflow/dags/exampledag.py took 0.084 seconds
[2025-03-23T19:48:25.692+0000] {processor.py:157} INFO - Started process (PID=2687) to work on /opt/airflow/dags/exampledag.py
[2025-03-23T19:48:25.694+0000] {processor.py:829} INFO - Processing file /opt/airflow/dags/exampledag.py for tasks to queue
[2025-03-23T19:48:25.695+0000] {logging_mixin.py:154} INFO - [2025-03-23T19:48:25.695+0000] {dagbag.py:536} INFO - Filling up the DagBag from /opt/airflow/dags/exampledag.py
[2025-03-23T19:48:25.727+0000] {processor.py:839} INFO - DAG(s) dict_keys(['chethan_test_dag']) retrieved from /opt/airflow/dags/exampledag.py
[2025-03-23T19:48:25.755+0000] {logging_mixin.py:154} INFO - [2025-03-23T19:48:25.755+0000] {dag.py:2941} INFO - Sync 1 DAGs
[2025-03-23T19:48:25.776+0000] {logging_mixin.py:154} INFO - [2025-03-23T19:48:25.776+0000] {dag.py:3722} INFO - Setting next_dagrun for chethan_test_dag to 2025-03-22T00:00:00+00:00, run_after=2025-03-23T00:00:00+00:00
[2025-03-23T19:48:25.794+0000] {processor.py:179} INFO - Processing /opt/airflow/dags/exampledag.py took 0.106 seconds
[2025-03-23T19:48:56.039+0000] {processor.py:157} INFO - Started process (PID=2690) to work on /opt/airflow/dags/exampledag.py
[2025-03-23T19:48:56.040+0000] {processor.py:829} INFO - Processing file /opt/airflow/dags/exampledag.py for tasks to queue
[2025-03-23T19:48:56.041+0000] {logging_mixin.py:154} INFO - [2025-03-23T19:48:56.041+0000] {dagbag.py:536} INFO - Filling up the DagBag from /opt/airflow/dags/exampledag.py
[2025-03-23T19:48:56.061+0000] {processor.py:839} INFO - DAG(s) dict_keys(['chethan_test_dag']) retrieved from /opt/airflow/dags/exampledag.py
[2025-03-23T19:48:56.088+0000] {logging_mixin.py:154} INFO - [2025-03-23T19:48:56.088+0000] {dag.py:2941} INFO - Sync 1 DAGs
[2025-03-23T19:48:56.109+0000] {logging_mixin.py:154} INFO - [2025-03-23T19:48:56.109+0000] {dag.py:3722} INFO - Setting next_dagrun for chethan_test_dag to 2025-03-22T00:00:00+00:00, run_after=2025-03-23T00:00:00+00:00
[2025-03-23T19:48:56.127+0000] {processor.py:179} INFO - Processing /opt/airflow/dags/exampledag.py took 0.092 seconds
[2025-03-23T19:49:26.394+0000] {processor.py:157} INFO - Started process (PID=2693) to work on /opt/airflow/dags/exampledag.py
[2025-03-23T19:49:26.395+0000] {processor.py:829} INFO - Processing file /opt/airflow/dags/exampledag.py for tasks to queue
[2025-03-23T19:49:26.396+0000] {logging_mixin.py:154} INFO - [2025-03-23T19:49:26.396+0000] {dagbag.py:536} INFO - Filling up the DagBag from /opt/airflow/dags/exampledag.py
[2025-03-23T19:49:26.422+0000] {processor.py:839} INFO - DAG(s) dict_keys(['chethan_test_dag']) retrieved from /opt/airflow/dags/exampledag.py
[2025-03-23T19:49:26.444+0000] {logging_mixin.py:154} INFO - [2025-03-23T19:49:26.444+0000] {dag.py:2941} INFO - Sync 1 DAGs
[2025-03-23T19:49:26.604+0000] {logging_mixin.py:154} INFO - [2025-03-23T19:49:26.604+0000] {dag.py:3722} INFO - Setting next_dagrun for chethan_test_dag to 2025-03-22T00:00:00+00:00, run_after=2025-03-23T00:00:00+00:00
[2025-03-23T19:49:26.637+0000] {processor.py:179} INFO - Processing /opt/airflow/dags/exampledag.py took 0.247 seconds
[2025-03-23T19:49:56.917+0000] {processor.py:157} INFO - Started process (PID=2696) to work on /opt/airflow/dags/exampledag.py
[2025-03-23T19:49:56.918+0000] {processor.py:829} INFO - Processing file /opt/airflow/dags/exampledag.py for tasks to queue
[2025-03-23T19:49:56.919+0000] {logging_mixin.py:154} INFO - [2025-03-23T19:49:56.919+0000] {dagbag.py:536} INFO - Filling up the DagBag from /opt/airflow/dags/exampledag.py
[2025-03-23T19:49:56.943+0000] {processor.py:839} INFO - DAG(s) dict_keys(['chethan_test_dag']) retrieved from /opt/airflow/dags/exampledag.py
[2025-03-23T19:49:56.966+0000] {logging_mixin.py:154} INFO - [2025-03-23T19:49:56.966+0000] {dag.py:2941} INFO - Sync 1 DAGs
[2025-03-23T19:49:57.111+0000] {logging_mixin.py:154} INFO - [2025-03-23T19:49:57.111+0000] {dag.py:3722} INFO - Setting next_dagrun for chethan_test_dag to 2025-03-22T00:00:00+00:00, run_after=2025-03-23T00:00:00+00:00
[2025-03-23T19:49:57.127+0000] {processor.py:179} INFO - Processing /opt/airflow/dags/exampledag.py took 0.214 seconds
[2025-03-23T19:50:27.391+0000] {processor.py:157} INFO - Started process (PID=2699) to work on /opt/airflow/dags/exampledag.py
[2025-03-23T19:50:27.393+0000] {processor.py:829} INFO - Processing file /opt/airflow/dags/exampledag.py for tasks to queue
[2025-03-23T19:50:27.394+0000] {logging_mixin.py:154} INFO - [2025-03-23T19:50:27.394+0000] {dagbag.py:536} INFO - Filling up the DagBag from /opt/airflow/dags/exampledag.py
[2025-03-23T19:50:27.424+0000] {processor.py:839} INFO - DAG(s) dict_keys(['chethan_test_dag']) retrieved from /opt/airflow/dags/exampledag.py
[2025-03-23T19:50:27.456+0000] {logging_mixin.py:154} INFO - [2025-03-23T19:50:27.455+0000] {dag.py:2941} INFO - Sync 1 DAGs
[2025-03-23T19:50:27.482+0000] {logging_mixin.py:154} INFO - [2025-03-23T19:50:27.481+0000] {dag.py:3722} INFO - Setting next_dagrun for chethan_test_dag to 2025-03-22T00:00:00+00:00, run_after=2025-03-23T00:00:00+00:00
[2025-03-23T19:50:27.496+0000] {processor.py:179} INFO - Processing /opt/airflow/dags/exampledag.py took 0.108 seconds
[2025-03-23T19:50:57.714+0000] {processor.py:157} INFO - Started process (PID=2702) to work on /opt/airflow/dags/exampledag.py
[2025-03-23T19:50:57.715+0000] {processor.py:829} INFO - Processing file /opt/airflow/dags/exampledag.py for tasks to queue
[2025-03-23T19:50:57.715+0000] {logging_mixin.py:154} INFO - [2025-03-23T19:50:57.715+0000] {dagbag.py:536} INFO - Filling up the DagBag from /opt/airflow/dags/exampledag.py
[2025-03-23T19:50:57.740+0000] {processor.py:839} INFO - DAG(s) dict_keys(['chethan_test_dag']) retrieved from /opt/airflow/dags/exampledag.py
[2025-03-23T19:50:57.758+0000] {logging_mixin.py:154} INFO - [2025-03-23T19:50:57.758+0000] {dag.py:2941} INFO - Sync 1 DAGs
[2025-03-23T19:50:57.775+0000] {logging_mixin.py:154} INFO - [2025-03-23T19:50:57.775+0000] {dag.py:3722} INFO - Setting next_dagrun for chethan_test_dag to 2025-03-22T00:00:00+00:00, run_after=2025-03-23T00:00:00+00:00
[2025-03-23T19:50:57.798+0000] {processor.py:179} INFO - Processing /opt/airflow/dags/exampledag.py took 0.086 seconds
[2025-03-23T19:51:28.022+0000] {processor.py:157} INFO - Started process (PID=2705) to work on /opt/airflow/dags/exampledag.py
[2025-03-23T19:51:28.024+0000] {processor.py:829} INFO - Processing file /opt/airflow/dags/exampledag.py for tasks to queue
[2025-03-23T19:51:28.025+0000] {logging_mixin.py:154} INFO - [2025-03-23T19:51:28.024+0000] {dagbag.py:536} INFO - Filling up the DagBag from /opt/airflow/dags/exampledag.py
[2025-03-23T19:51:28.050+0000] {processor.py:839} INFO - DAG(s) dict_keys(['chethan_test_dag']) retrieved from /opt/airflow/dags/exampledag.py
[2025-03-23T19:51:28.074+0000] {logging_mixin.py:154} INFO - [2025-03-23T19:51:28.074+0000] {dag.py:2941} INFO - Sync 1 DAGs
[2025-03-23T19:51:28.095+0000] {logging_mixin.py:154} INFO - [2025-03-23T19:51:28.095+0000] {dag.py:3722} INFO - Setting next_dagrun for chethan_test_dag to 2025-03-22T00:00:00+00:00, run_after=2025-03-23T00:00:00+00:00
[2025-03-23T19:51:28.119+0000] {processor.py:179} INFO - Processing /opt/airflow/dags/exampledag.py took 0.100 seconds
[2025-03-23T19:51:58.357+0000] {processor.py:157} INFO - Started process (PID=2708) to work on /opt/airflow/dags/exampledag.py
[2025-03-23T19:51:58.358+0000] {processor.py:829} INFO - Processing file /opt/airflow/dags/exampledag.py for tasks to queue
[2025-03-23T19:51:58.359+0000] {logging_mixin.py:154} INFO - [2025-03-23T19:51:58.359+0000] {dagbag.py:536} INFO - Filling up the DagBag from /opt/airflow/dags/exampledag.py
[2025-03-23T19:51:58.379+0000] {processor.py:839} INFO - DAG(s) dict_keys(['chethan_test_dag']) retrieved from /opt/airflow/dags/exampledag.py
[2025-03-23T19:51:58.398+0000] {logging_mixin.py:154} INFO - [2025-03-23T19:51:58.398+0000] {dag.py:2941} INFO - Sync 1 DAGs
[2025-03-23T19:51:58.415+0000] {logging_mixin.py:154} INFO - [2025-03-23T19:51:58.415+0000] {dag.py:3722} INFO - Setting next_dagrun for chethan_test_dag to 2025-03-22T00:00:00+00:00, run_after=2025-03-23T00:00:00+00:00
[2025-03-23T19:51:58.544+0000] {processor.py:179} INFO - Processing /opt/airflow/dags/exampledag.py took 0.190 seconds
[2025-03-23T19:52:28.823+0000] {processor.py:157} INFO - Started process (PID=2711) to work on /opt/airflow/dags/exampledag.py
[2025-03-23T19:52:28.829+0000] {processor.py:829} INFO - Processing file /opt/airflow/dags/exampledag.py for tasks to queue
[2025-03-23T19:52:28.831+0000] {logging_mixin.py:154} INFO - [2025-03-23T19:52:28.830+0000] {dagbag.py:536} INFO - Filling up the DagBag from /opt/airflow/dags/exampledag.py
[2025-03-23T19:52:28.876+0000] {processor.py:839} INFO - DAG(s) dict_keys(['chethan_test_dag']) retrieved from /opt/airflow/dags/exampledag.py
[2025-03-23T19:52:28.918+0000] {logging_mixin.py:154} INFO - [2025-03-23T19:52:28.918+0000] {dag.py:2941} INFO - Sync 1 DAGs
[2025-03-23T19:52:29.091+0000] {logging_mixin.py:154} INFO - [2025-03-23T19:52:29.090+0000] {dag.py:3722} INFO - Setting next_dagrun for chethan_test_dag to 2025-03-22T00:00:00+00:00, run_after=2025-03-23T00:00:00+00:00
[2025-03-23T19:52:29.112+0000] {processor.py:179} INFO - Processing /opt/airflow/dags/exampledag.py took 0.295 seconds
[2025-03-23T19:52:59.371+0000] {processor.py:157} INFO - Started process (PID=2714) to work on /opt/airflow/dags/exampledag.py
[2025-03-23T19:52:59.372+0000] {processor.py:829} INFO - Processing file /opt/airflow/dags/exampledag.py for tasks to queue
[2025-03-23T19:52:59.374+0000] {logging_mixin.py:154} INFO - [2025-03-23T19:52:59.373+0000] {dagbag.py:536} INFO - Filling up the DagBag from /opt/airflow/dags/exampledag.py
[2025-03-23T19:52:59.394+0000] {processor.py:839} INFO - DAG(s) dict_keys(['chethan_test_dag']) retrieved from /opt/airflow/dags/exampledag.py
[2025-03-23T19:52:59.415+0000] {logging_mixin.py:154} INFO - [2025-03-23T19:52:59.415+0000] {dag.py:2941} INFO - Sync 1 DAGs
[2025-03-23T19:52:59.530+0000] {logging_mixin.py:154} INFO - [2025-03-23T19:52:59.530+0000] {dag.py:3722} INFO - Setting next_dagrun for chethan_test_dag to 2025-03-22T00:00:00+00:00, run_after=2025-03-23T00:00:00+00:00
[2025-03-23T19:52:59.546+0000] {processor.py:179} INFO - Processing /opt/airflow/dags/exampledag.py took 0.177 seconds
[2025-03-23T19:53:29.824+0000] {processor.py:157} INFO - Started process (PID=2717) to work on /opt/airflow/dags/exampledag.py
[2025-03-23T19:53:29.825+0000] {processor.py:829} INFO - Processing file /opt/airflow/dags/exampledag.py for tasks to queue
[2025-03-23T19:53:29.827+0000] {logging_mixin.py:154} INFO - [2025-03-23T19:53:29.826+0000] {dagbag.py:536} INFO - Filling up the DagBag from /opt/airflow/dags/exampledag.py
[2025-03-23T19:53:29.867+0000] {processor.py:839} INFO - DAG(s) dict_keys(['chethan_test_dag']) retrieved from /opt/airflow/dags/exampledag.py
[2025-03-23T19:53:29.894+0000] {logging_mixin.py:154} INFO - [2025-03-23T19:53:29.894+0000] {dag.py:2941} INFO - Sync 1 DAGs
[2025-03-23T19:53:29.914+0000] {logging_mixin.py:154} INFO - [2025-03-23T19:53:29.914+0000] {dag.py:3722} INFO - Setting next_dagrun for chethan_test_dag to 2025-03-22T00:00:00+00:00, run_after=2025-03-23T00:00:00+00:00
[2025-03-23T19:53:29.932+0000] {processor.py:179} INFO - Processing /opt/airflow/dags/exampledag.py took 0.112 seconds
[2025-03-23T19:54:00.193+0000] {processor.py:157} INFO - Started process (PID=2720) to work on /opt/airflow/dags/exampledag.py
[2025-03-23T19:54:00.194+0000] {processor.py:829} INFO - Processing file /opt/airflow/dags/exampledag.py for tasks to queue
[2025-03-23T19:54:00.196+0000] {logging_mixin.py:154} INFO - [2025-03-23T19:54:00.195+0000] {dagbag.py:536} INFO - Filling up the DagBag from /opt/airflow/dags/exampledag.py
[2025-03-23T19:54:00.226+0000] {processor.py:839} INFO - DAG(s) dict_keys(['chethan_test_dag']) retrieved from /opt/airflow/dags/exampledag.py
[2025-03-23T19:54:00.254+0000] {logging_mixin.py:154} INFO - [2025-03-23T19:54:00.254+0000] {dag.py:2941} INFO - Sync 1 DAGs
[2025-03-23T19:54:00.274+0000] {logging_mixin.py:154} INFO - [2025-03-23T19:54:00.274+0000] {dag.py:3722} INFO - Setting next_dagrun for chethan_test_dag to 2025-03-22T00:00:00+00:00, run_after=2025-03-23T00:00:00+00:00
[2025-03-23T19:54:00.292+0000] {processor.py:179} INFO - Processing /opt/airflow/dags/exampledag.py took 0.102 seconds
[2025-03-23T19:54:30.559+0000] {processor.py:157} INFO - Started process (PID=2723) to work on /opt/airflow/dags/exampledag.py
[2025-03-23T19:54:30.561+0000] {processor.py:829} INFO - Processing file /opt/airflow/dags/exampledag.py for tasks to queue
[2025-03-23T19:54:30.562+0000] {logging_mixin.py:154} INFO - [2025-03-23T19:54:30.562+0000] {dagbag.py:536} INFO - Filling up the DagBag from /opt/airflow/dags/exampledag.py
[2025-03-23T19:54:30.589+0000] {processor.py:839} INFO - DAG(s) dict_keys(['chethan_test_dag']) retrieved from /opt/airflow/dags/exampledag.py
[2025-03-23T19:54:30.614+0000] {logging_mixin.py:154} INFO - [2025-03-23T19:54:30.613+0000] {dag.py:2941} INFO - Sync 1 DAGs
[2025-03-23T19:54:30.633+0000] {logging_mixin.py:154} INFO - [2025-03-23T19:54:30.633+0000] {dag.py:3722} INFO - Setting next_dagrun for chethan_test_dag to 2025-03-22T00:00:00+00:00, run_after=2025-03-23T00:00:00+00:00
[2025-03-23T19:54:30.649+0000] {processor.py:179} INFO - Processing /opt/airflow/dags/exampledag.py took 0.093 seconds
[2025-03-23T19:55:00.899+0000] {processor.py:157} INFO - Started process (PID=2726) to work on /opt/airflow/dags/exampledag.py
[2025-03-23T19:55:00.900+0000] {processor.py:829} INFO - Processing file /opt/airflow/dags/exampledag.py for tasks to queue
[2025-03-23T19:55:00.901+0000] {logging_mixin.py:154} INFO - [2025-03-23T19:55:00.900+0000] {dagbag.py:536} INFO - Filling up the DagBag from /opt/airflow/dags/exampledag.py
[2025-03-23T19:55:00.926+0000] {processor.py:839} INFO - DAG(s) dict_keys(['chethan_test_dag']) retrieved from /opt/airflow/dags/exampledag.py
[2025-03-23T19:55:00.944+0000] {logging_mixin.py:154} INFO - [2025-03-23T19:55:00.944+0000] {dag.py:2941} INFO - Sync 1 DAGs
[2025-03-23T19:55:00.962+0000] {logging_mixin.py:154} INFO - [2025-03-23T19:55:00.962+0000] {dag.py:3722} INFO - Setting next_dagrun for chethan_test_dag to 2025-03-22T00:00:00+00:00, run_after=2025-03-23T00:00:00+00:00
[2025-03-23T19:55:01.111+0000] {processor.py:179} INFO - Processing /opt/airflow/dags/exampledag.py took 0.216 seconds
[2025-03-23T19:55:31.397+0000] {processor.py:157} INFO - Started process (PID=2729) to work on /opt/airflow/dags/exampledag.py
[2025-03-23T19:55:31.398+0000] {processor.py:829} INFO - Processing file /opt/airflow/dags/exampledag.py for tasks to queue
[2025-03-23T19:55:31.399+0000] {logging_mixin.py:154} INFO - [2025-03-23T19:55:31.399+0000] {dagbag.py:536} INFO - Filling up the DagBag from /opt/airflow/dags/exampledag.py
[2025-03-23T19:55:31.429+0000] {processor.py:839} INFO - DAG(s) dict_keys(['chethan_test_dag']) retrieved from /opt/airflow/dags/exampledag.py
[2025-03-23T19:55:31.450+0000] {logging_mixin.py:154} INFO - [2025-03-23T19:55:31.450+0000] {dag.py:2941} INFO - Sync 1 DAGs
[2025-03-23T19:55:31.630+0000] {logging_mixin.py:154} INFO - [2025-03-23T19:55:31.629+0000] {dag.py:3722} INFO - Setting next_dagrun for chethan_test_dag to 2025-03-22T00:00:00+00:00, run_after=2025-03-23T00:00:00+00:00
[2025-03-23T19:55:31.673+0000] {processor.py:179} INFO - Processing /opt/airflow/dags/exampledag.py took 0.279 seconds
[2025-03-23T19:56:01.943+0000] {processor.py:157} INFO - Started process (PID=2732) to work on /opt/airflow/dags/exampledag.py
[2025-03-23T19:56:01.945+0000] {processor.py:829} INFO - Processing file /opt/airflow/dags/exampledag.py for tasks to queue
[2025-03-23T19:56:01.947+0000] {logging_mixin.py:154} INFO - [2025-03-23T19:56:01.946+0000] {dagbag.py:536} INFO - Filling up the DagBag from /opt/airflow/dags/exampledag.py
[2025-03-23T19:56:01.983+0000] {processor.py:839} INFO - DAG(s) dict_keys(['chethan_test_dag']) retrieved from /opt/airflow/dags/exampledag.py
[2025-03-23T19:56:02.022+0000] {logging_mixin.py:154} INFO - [2025-03-23T19:56:02.022+0000] {dag.py:2941} INFO - Sync 1 DAGs
[2025-03-23T19:56:02.176+0000] {logging_mixin.py:154} INFO - [2025-03-23T19:56:02.176+0000] {dag.py:3722} INFO - Setting next_dagrun for chethan_test_dag to 2025-03-22T00:00:00+00:00, run_after=2025-03-23T00:00:00+00:00
[2025-03-23T19:56:02.193+0000] {processor.py:179} INFO - Processing /opt/airflow/dags/exampledag.py took 0.256 seconds
[2025-03-23T19:56:32.403+0000] {processor.py:157} INFO - Started process (PID=2734) to work on /opt/airflow/dags/exampledag.py
[2025-03-23T19:56:32.404+0000] {processor.py:829} INFO - Processing file /opt/airflow/dags/exampledag.py for tasks to queue
[2025-03-23T19:56:32.407+0000] {logging_mixin.py:154} INFO - [2025-03-23T19:56:32.407+0000] {dagbag.py:536} INFO - Filling up the DagBag from /opt/airflow/dags/exampledag.py
[2025-03-23T19:56:32.432+0000] {processor.py:839} INFO - DAG(s) dict_keys(['chethan_test_dag']) retrieved from /opt/airflow/dags/exampledag.py
[2025-03-23T19:56:32.456+0000] {logging_mixin.py:154} INFO - [2025-03-23T19:56:32.456+0000] {dag.py:2941} INFO - Sync 1 DAGs
[2025-03-23T19:56:32.477+0000] {logging_mixin.py:154} INFO - [2025-03-23T19:56:32.476+0000] {dag.py:3722} INFO - Setting next_dagrun for chethan_test_dag to 2025-03-22T00:00:00+00:00, run_after=2025-03-23T00:00:00+00:00
[2025-03-23T19:56:32.497+0000] {processor.py:179} INFO - Processing /opt/airflow/dags/exampledag.py took 0.097 seconds
[2025-03-23T19:57:02.768+0000] {processor.py:157} INFO - Started process (PID=2736) to work on /opt/airflow/dags/exampledag.py
[2025-03-23T19:57:02.770+0000] {processor.py:829} INFO - Processing file /opt/airflow/dags/exampledag.py for tasks to queue
[2025-03-23T19:57:02.770+0000] {logging_mixin.py:154} INFO - [2025-03-23T19:57:02.770+0000] {dagbag.py:536} INFO - Filling up the DagBag from /opt/airflow/dags/exampledag.py
[2025-03-23T19:57:02.794+0000] {processor.py:839} INFO - DAG(s) dict_keys(['chethan_test_dag']) retrieved from /opt/airflow/dags/exampledag.py
[2025-03-23T19:57:02.815+0000] {logging_mixin.py:154} INFO - [2025-03-23T19:57:02.814+0000] {dag.py:2941} INFO - Sync 1 DAGs
[2025-03-23T19:57:02.838+0000] {logging_mixin.py:154} INFO - [2025-03-23T19:57:02.838+0000] {dag.py:3722} INFO - Setting next_dagrun for chethan_test_dag to 2025-03-22T00:00:00+00:00, run_after=2025-03-23T00:00:00+00:00
[2025-03-23T19:57:02.855+0000] {processor.py:179} INFO - Processing /opt/airflow/dags/exampledag.py took 0.091 seconds
[2025-03-23T19:57:33.119+0000] {processor.py:157} INFO - Started process (PID=2739) to work on /opt/airflow/dags/exampledag.py
[2025-03-23T19:57:33.120+0000] {processor.py:829} INFO - Processing file /opt/airflow/dags/exampledag.py for tasks to queue
[2025-03-23T19:57:33.121+0000] {logging_mixin.py:154} INFO - [2025-03-23T19:57:33.121+0000] {dagbag.py:536} INFO - Filling up the DagBag from /opt/airflow/dags/exampledag.py
[2025-03-23T19:57:33.143+0000] {processor.py:839} INFO - DAG(s) dict_keys(['chethan_test_dag']) retrieved from /opt/airflow/dags/exampledag.py
[2025-03-23T19:57:33.162+0000] {logging_mixin.py:154} INFO - [2025-03-23T19:57:33.161+0000] {dag.py:2941} INFO - Sync 1 DAGs
[2025-03-23T19:57:33.178+0000] {logging_mixin.py:154} INFO - [2025-03-23T19:57:33.178+0000] {dag.py:3722} INFO - Setting next_dagrun for chethan_test_dag to 2025-03-22T00:00:00+00:00, run_after=2025-03-23T00:00:00+00:00
[2025-03-23T19:57:33.203+0000] {processor.py:179} INFO - Processing /opt/airflow/dags/exampledag.py took 0.088 seconds
[2025-03-23T19:58:03.443+0000] {processor.py:157} INFO - Started process (PID=2742) to work on /opt/airflow/dags/exampledag.py
[2025-03-23T19:58:03.444+0000] {processor.py:829} INFO - Processing file /opt/airflow/dags/exampledag.py for tasks to queue
[2025-03-23T19:58:03.446+0000] {logging_mixin.py:154} INFO - [2025-03-23T19:58:03.445+0000] {dagbag.py:536} INFO - Filling up the DagBag from /opt/airflow/dags/exampledag.py
[2025-03-23T19:58:03.470+0000] {processor.py:839} INFO - DAG(s) dict_keys(['chethan_test_dag']) retrieved from /opt/airflow/dags/exampledag.py
[2025-03-23T19:58:03.491+0000] {logging_mixin.py:154} INFO - [2025-03-23T19:58:03.491+0000] {dag.py:2941} INFO - Sync 1 DAGs
[2025-03-23T19:58:03.611+0000] {logging_mixin.py:154} INFO - [2025-03-23T19:58:03.611+0000] {dag.py:3722} INFO - Setting next_dagrun for chethan_test_dag to 2025-03-22T00:00:00+00:00, run_after=2025-03-23T00:00:00+00:00
[2025-03-23T19:58:03.633+0000] {processor.py:179} INFO - Processing /opt/airflow/dags/exampledag.py took 0.193 seconds
[2025-03-23T19:58:33.890+0000] {processor.py:157} INFO - Started process (PID=2745) to work on /opt/airflow/dags/exampledag.py
[2025-03-23T19:58:33.892+0000] {processor.py:829} INFO - Processing file /opt/airflow/dags/exampledag.py for tasks to queue
[2025-03-23T19:58:33.893+0000] {logging_mixin.py:154} INFO - [2025-03-23T19:58:33.892+0000] {dagbag.py:536} INFO - Filling up the DagBag from /opt/airflow/dags/exampledag.py
[2025-03-23T19:58:33.912+0000] {processor.py:839} INFO - DAG(s) dict_keys(['chethan_test_dag']) retrieved from /opt/airflow/dags/exampledag.py
[2025-03-23T19:58:33.933+0000] {logging_mixin.py:154} INFO - [2025-03-23T19:58:33.932+0000] {dag.py:2941} INFO - Sync 1 DAGs
[2025-03-23T19:58:34.046+0000] {logging_mixin.py:154} INFO - [2025-03-23T19:58:34.046+0000] {dag.py:3722} INFO - Setting next_dagrun for chethan_test_dag to 2025-03-22T00:00:00+00:00, run_after=2025-03-23T00:00:00+00:00
[2025-03-23T19:58:34.058+0000] {processor.py:179} INFO - Processing /opt/airflow/dags/exampledag.py took 0.172 seconds
[2025-03-23T19:59:04.351+0000] {processor.py:157} INFO - Started process (PID=2748) to work on /opt/airflow/dags/exampledag.py
[2025-03-23T19:59:04.353+0000] {processor.py:829} INFO - Processing file /opt/airflow/dags/exampledag.py for tasks to queue
[2025-03-23T19:59:04.355+0000] {logging_mixin.py:154} INFO - [2025-03-23T19:59:04.354+0000] {dagbag.py:536} INFO - Filling up the DagBag from /opt/airflow/dags/exampledag.py
[2025-03-23T19:59:04.390+0000] {processor.py:839} INFO - DAG(s) dict_keys(['chethan_test_dag']) retrieved from /opt/airflow/dags/exampledag.py
[2025-03-23T19:59:04.414+0000] {logging_mixin.py:154} INFO - [2025-03-23T19:59:04.413+0000] {dag.py:2941} INFO - Sync 1 DAGs
[2025-03-23T19:59:04.546+0000] {logging_mixin.py:154} INFO - [2025-03-23T19:59:04.546+0000] {dag.py:3722} INFO - Setting next_dagrun for chethan_test_dag to 2025-03-22T00:00:00+00:00, run_after=2025-03-23T00:00:00+00:00
[2025-03-23T19:59:04.560+0000] {processor.py:179} INFO - Processing /opt/airflow/dags/exampledag.py took 0.214 seconds
[2025-03-23T19:59:34.792+0000] {processor.py:157} INFO - Started process (PID=2751) to work on /opt/airflow/dags/exampledag.py
[2025-03-23T19:59:34.793+0000] {processor.py:829} INFO - Processing file /opt/airflow/dags/exampledag.py for tasks to queue
[2025-03-23T19:59:34.794+0000] {logging_mixin.py:154} INFO - [2025-03-23T19:59:34.794+0000] {dagbag.py:536} INFO - Filling up the DagBag from /opt/airflow/dags/exampledag.py
[2025-03-23T19:59:34.816+0000] {processor.py:839} INFO - DAG(s) dict_keys(['chethan_test_dag']) retrieved from /opt/airflow/dags/exampledag.py
[2025-03-23T19:59:34.835+0000] {logging_mixin.py:154} INFO - [2025-03-23T19:59:34.835+0000] {dag.py:2941} INFO - Sync 1 DAGs
[2025-03-23T19:59:34.853+0000] {logging_mixin.py:154} INFO - [2025-03-23T19:59:34.853+0000] {dag.py:3722} INFO - Setting next_dagrun for chethan_test_dag to 2025-03-22T00:00:00+00:00, run_after=2025-03-23T00:00:00+00:00
[2025-03-23T19:59:34.873+0000] {processor.py:179} INFO - Processing /opt/airflow/dags/exampledag.py took 0.084 seconds
[2025-03-23T20:00:05.206+0000] {processor.py:157} INFO - Started process (PID=2754) to work on /opt/airflow/dags/exampledag.py
[2025-03-23T20:00:05.207+0000] {processor.py:829} INFO - Processing file /opt/airflow/dags/exampledag.py for tasks to queue
[2025-03-23T20:00:05.208+0000] {logging_mixin.py:154} INFO - [2025-03-23T20:00:05.207+0000] {dagbag.py:536} INFO - Filling up the DagBag from /opt/airflow/dags/exampledag.py
[2025-03-23T20:00:05.229+0000] {processor.py:839} INFO - DAG(s) dict_keys(['chethan_test_dag']) retrieved from /opt/airflow/dags/exampledag.py
[2025-03-23T20:00:05.252+0000] {logging_mixin.py:154} INFO - [2025-03-23T20:00:05.252+0000] {dag.py:2941} INFO - Sync 1 DAGs
[2025-03-23T20:00:05.279+0000] {logging_mixin.py:154} INFO - [2025-03-23T20:00:05.279+0000] {dag.py:3722} INFO - Setting next_dagrun for chethan_test_dag to 2025-03-22T00:00:00+00:00, run_after=2025-03-23T00:00:00+00:00
[2025-03-23T20:00:05.300+0000] {processor.py:179} INFO - Processing /opt/airflow/dags/exampledag.py took 0.097 seconds
[2025-03-23T20:00:35.565+0000] {processor.py:157} INFO - Started process (PID=2757) to work on /opt/airflow/dags/exampledag.py
[2025-03-23T20:00:35.566+0000] {processor.py:829} INFO - Processing file /opt/airflow/dags/exampledag.py for tasks to queue
[2025-03-23T20:00:35.567+0000] {logging_mixin.py:154} INFO - [2025-03-23T20:00:35.567+0000] {dagbag.py:536} INFO - Filling up the DagBag from /opt/airflow/dags/exampledag.py
[2025-03-23T20:00:35.591+0000] {processor.py:839} INFO - DAG(s) dict_keys(['chethan_test_dag']) retrieved from /opt/airflow/dags/exampledag.py
[2025-03-23T20:00:35.611+0000] {logging_mixin.py:154} INFO - [2025-03-23T20:00:35.611+0000] {dag.py:2941} INFO - Sync 1 DAGs
[2025-03-23T20:00:35.628+0000] {logging_mixin.py:154} INFO - [2025-03-23T20:00:35.628+0000] {dag.py:3722} INFO - Setting next_dagrun for chethan_test_dag to 2025-03-22T00:00:00+00:00, run_after=2025-03-23T00:00:00+00:00
[2025-03-23T20:00:35.747+0000] {processor.py:179} INFO - Processing /opt/airflow/dags/exampledag.py took 0.186 seconds
[2025-03-23T20:01:06.031+0000] {processor.py:157} INFO - Started process (PID=2760) to work on /opt/airflow/dags/exampledag.py
[2025-03-23T20:01:06.032+0000] {processor.py:829} INFO - Processing file /opt/airflow/dags/exampledag.py for tasks to queue
[2025-03-23T20:01:06.033+0000] {logging_mixin.py:154} INFO - [2025-03-23T20:01:06.033+0000] {dagbag.py:536} INFO - Filling up the DagBag from /opt/airflow/dags/exampledag.py
[2025-03-23T20:01:06.056+0000] {processor.py:839} INFO - DAG(s) dict_keys(['chethan_test_dag']) retrieved from /opt/airflow/dags/exampledag.py
[2025-03-23T20:01:06.077+0000] {logging_mixin.py:154} INFO - [2025-03-23T20:01:06.077+0000] {dag.py:2941} INFO - Sync 1 DAGs
[2025-03-23T20:01:06.206+0000] {logging_mixin.py:154} INFO - [2025-03-23T20:01:06.205+0000] {dag.py:3722} INFO - Setting next_dagrun for chethan_test_dag to 2025-03-22T00:00:00+00:00, run_after=2025-03-23T00:00:00+00:00
[2025-03-23T20:01:06.233+0000] {processor.py:179} INFO - Processing /opt/airflow/dags/exampledag.py took 0.206 seconds
[2025-03-23T20:01:36.521+0000] {processor.py:157} INFO - Started process (PID=2763) to work on /opt/airflow/dags/exampledag.py
[2025-03-23T20:01:36.522+0000] {processor.py:829} INFO - Processing file /opt/airflow/dags/exampledag.py for tasks to queue
[2025-03-23T20:01:36.523+0000] {logging_mixin.py:154} INFO - [2025-03-23T20:01:36.523+0000] {dagbag.py:536} INFO - Filling up the DagBag from /opt/airflow/dags/exampledag.py
[2025-03-23T20:01:36.550+0000] {processor.py:839} INFO - DAG(s) dict_keys(['chethan_test_dag']) retrieved from /opt/airflow/dags/exampledag.py
[2025-03-23T20:01:36.574+0000] {logging_mixin.py:154} INFO - [2025-03-23T20:01:36.574+0000] {dag.py:2941} INFO - Sync 1 DAGs
[2025-03-23T20:01:36.747+0000] {logging_mixin.py:154} INFO - [2025-03-23T20:01:36.747+0000] {dag.py:3722} INFO - Setting next_dagrun for chethan_test_dag to 2025-03-22T00:00:00+00:00, run_after=2025-03-23T00:00:00+00:00
[2025-03-23T20:01:36.774+0000] {processor.py:179} INFO - Processing /opt/airflow/dags/exampledag.py took 0.258 seconds
[2025-03-23T20:02:07.069+0000] {processor.py:157} INFO - Started process (PID=2766) to work on /opt/airflow/dags/exampledag.py
[2025-03-23T20:02:07.070+0000] {processor.py:829} INFO - Processing file /opt/airflow/dags/exampledag.py for tasks to queue
[2025-03-23T20:02:07.071+0000] {logging_mixin.py:154} INFO - [2025-03-23T20:02:07.071+0000] {dagbag.py:536} INFO - Filling up the DagBag from /opt/airflow/dags/exampledag.py
[2025-03-23T20:02:07.109+0000] {processor.py:839} INFO - DAG(s) dict_keys(['chethan_test_dag']) retrieved from /opt/airflow/dags/exampledag.py
[2025-03-23T20:02:07.143+0000] {logging_mixin.py:154} INFO - [2025-03-23T20:02:07.143+0000] {dag.py:2941} INFO - Sync 1 DAGs
[2025-03-23T20:02:07.171+0000] {logging_mixin.py:154} INFO - [2025-03-23T20:02:07.171+0000] {dag.py:3722} INFO - Setting next_dagrun for chethan_test_dag to 2025-03-22T00:00:00+00:00, run_after=2025-03-23T00:00:00+00:00
[2025-03-23T20:02:07.198+0000] {processor.py:179} INFO - Processing /opt/airflow/dags/exampledag.py took 0.134 seconds
[2025-03-23T20:02:37.480+0000] {processor.py:157} INFO - Started process (PID=2769) to work on /opt/airflow/dags/exampledag.py
[2025-03-23T20:02:37.481+0000] {processor.py:829} INFO - Processing file /opt/airflow/dags/exampledag.py for tasks to queue
[2025-03-23T20:02:37.482+0000] {logging_mixin.py:154} INFO - [2025-03-23T20:02:37.482+0000] {dagbag.py:536} INFO - Filling up the DagBag from /opt/airflow/dags/exampledag.py
[2025-03-23T20:02:37.502+0000] {processor.py:839} INFO - DAG(s) dict_keys(['chethan_test_dag']) retrieved from /opt/airflow/dags/exampledag.py
[2025-03-23T20:02:37.521+0000] {logging_mixin.py:154} INFO - [2025-03-23T20:02:37.521+0000] {dag.py:2941} INFO - Sync 1 DAGs
[2025-03-23T20:02:37.539+0000] {logging_mixin.py:154} INFO - [2025-03-23T20:02:37.538+0000] {dag.py:3722} INFO - Setting next_dagrun for chethan_test_dag to 2025-03-22T00:00:00+00:00, run_after=2025-03-23T00:00:00+00:00
[2025-03-23T20:02:37.554+0000] {processor.py:179} INFO - Processing /opt/airflow/dags/exampledag.py took 0.077 seconds
[2025-03-23T20:03:07.807+0000] {processor.py:157} INFO - Started process (PID=2772) to work on /opt/airflow/dags/exampledag.py
[2025-03-23T20:03:07.809+0000] {processor.py:829} INFO - Processing file /opt/airflow/dags/exampledag.py for tasks to queue
[2025-03-23T20:03:07.810+0000] {logging_mixin.py:154} INFO - [2025-03-23T20:03:07.810+0000] {dagbag.py:536} INFO - Filling up the DagBag from /opt/airflow/dags/exampledag.py
[2025-03-23T20:03:07.833+0000] {processor.py:839} INFO - DAG(s) dict_keys(['chethan_test_dag']) retrieved from /opt/airflow/dags/exampledag.py
[2025-03-23T20:03:07.856+0000] {logging_mixin.py:154} INFO - [2025-03-23T20:03:07.855+0000] {dag.py:2941} INFO - Sync 1 DAGs
[2025-03-23T20:03:07.873+0000] {logging_mixin.py:154} INFO - [2025-03-23T20:03:07.873+0000] {dag.py:3722} INFO - Setting next_dagrun for chethan_test_dag to 2025-03-22T00:00:00+00:00, run_after=2025-03-23T00:00:00+00:00
[2025-03-23T20:03:07.888+0000] {processor.py:179} INFO - Processing /opt/airflow/dags/exampledag.py took 0.085 seconds
[2025-03-23T20:03:38.151+0000] {processor.py:157} INFO - Started process (PID=2775) to work on /opt/airflow/dags/exampledag.py
[2025-03-23T20:03:38.152+0000] {processor.py:829} INFO - Processing file /opt/airflow/dags/exampledag.py for tasks to queue
[2025-03-23T20:03:38.153+0000] {logging_mixin.py:154} INFO - [2025-03-23T20:03:38.153+0000] {dagbag.py:536} INFO - Filling up the DagBag from /opt/airflow/dags/exampledag.py
[2025-03-23T20:03:38.179+0000] {processor.py:839} INFO - DAG(s) dict_keys(['chethan_test_dag']) retrieved from /opt/airflow/dags/exampledag.py
[2025-03-23T20:03:38.198+0000] {logging_mixin.py:154} INFO - [2025-03-23T20:03:38.198+0000] {dag.py:2941} INFO - Sync 1 DAGs
[2025-03-23T20:03:38.223+0000] {logging_mixin.py:154} INFO - [2025-03-23T20:03:38.223+0000] {dag.py:3722} INFO - Setting next_dagrun for chethan_test_dag to 2025-03-22T00:00:00+00:00, run_after=2025-03-23T00:00:00+00:00
[2025-03-23T20:03:38.332+0000] {processor.py:179} INFO - Processing /opt/airflow/dags/exampledag.py took 0.185 seconds
[2025-03-23T20:04:08.561+0000] {processor.py:157} INFO - Started process (PID=2778) to work on /opt/airflow/dags/exampledag.py
[2025-03-23T20:04:08.563+0000] {processor.py:829} INFO - Processing file /opt/airflow/dags/exampledag.py for tasks to queue
[2025-03-23T20:04:08.564+0000] {logging_mixin.py:154} INFO - [2025-03-23T20:04:08.563+0000] {dagbag.py:536} INFO - Filling up the DagBag from /opt/airflow/dags/exampledag.py
[2025-03-23T20:04:08.585+0000] {processor.py:839} INFO - DAG(s) dict_keys(['chethan_test_dag']) retrieved from /opt/airflow/dags/exampledag.py
[2025-03-23T20:04:08.611+0000] {logging_mixin.py:154} INFO - [2025-03-23T20:04:08.611+0000] {dag.py:2941} INFO - Sync 1 DAGs
[2025-03-23T20:04:08.731+0000] {logging_mixin.py:154} INFO - [2025-03-23T20:04:08.731+0000] {dag.py:3722} INFO - Setting next_dagrun for chethan_test_dag to 2025-03-22T00:00:00+00:00, run_after=2025-03-23T00:00:00+00:00
[2025-03-23T20:04:08.752+0000] {processor.py:179} INFO - Processing /opt/airflow/dags/exampledag.py took 0.194 seconds
[2025-03-23T20:04:39.017+0000] {processor.py:157} INFO - Started process (PID=2781) to work on /opt/airflow/dags/exampledag.py
[2025-03-23T20:04:39.019+0000] {processor.py:829} INFO - Processing file /opt/airflow/dags/exampledag.py for tasks to queue
[2025-03-23T20:04:39.020+0000] {logging_mixin.py:154} INFO - [2025-03-23T20:04:39.019+0000] {dagbag.py:536} INFO - Filling up the DagBag from /opt/airflow/dags/exampledag.py
[2025-03-23T20:04:39.046+0000] {processor.py:839} INFO - DAG(s) dict_keys(['chethan_test_dag']) retrieved from /opt/airflow/dags/exampledag.py
[2025-03-23T20:04:39.071+0000] {logging_mixin.py:154} INFO - [2025-03-23T20:04:39.071+0000] {dag.py:2941} INFO - Sync 1 DAGs
[2025-03-23T20:04:39.208+0000] {logging_mixin.py:154} INFO - [2025-03-23T20:04:39.208+0000] {dag.py:3722} INFO - Setting next_dagrun for chethan_test_dag to 2025-03-22T00:00:00+00:00, run_after=2025-03-23T00:00:00+00:00
[2025-03-23T20:04:39.242+0000] {processor.py:179} INFO - Processing /opt/airflow/dags/exampledag.py took 0.228 seconds
[2025-03-23T20:05:09.514+0000] {processor.py:157} INFO - Started process (PID=2784) to work on /opt/airflow/dags/exampledag.py
[2025-03-23T20:05:09.515+0000] {processor.py:829} INFO - Processing file /opt/airflow/dags/exampledag.py for tasks to queue
[2025-03-23T20:05:09.516+0000] {logging_mixin.py:154} INFO - [2025-03-23T20:05:09.516+0000] {dagbag.py:536} INFO - Filling up the DagBag from /opt/airflow/dags/exampledag.py
[2025-03-23T20:05:09.540+0000] {processor.py:839} INFO - DAG(s) dict_keys(['chethan_test_dag']) retrieved from /opt/airflow/dags/exampledag.py
[2025-03-23T20:05:09.560+0000] {logging_mixin.py:154} INFO - [2025-03-23T20:05:09.560+0000] {dag.py:2941} INFO - Sync 1 DAGs
[2025-03-23T20:05:09.577+0000] {logging_mixin.py:154} INFO - [2025-03-23T20:05:09.577+0000] {dag.py:3722} INFO - Setting next_dagrun for chethan_test_dag to 2025-03-22T00:00:00+00:00, run_after=2025-03-23T00:00:00+00:00
[2025-03-23T20:05:09.592+0000] {processor.py:179} INFO - Processing /opt/airflow/dags/exampledag.py took 0.081 seconds
[2025-03-23T20:05:39.853+0000] {processor.py:157} INFO - Started process (PID=2787) to work on /opt/airflow/dags/exampledag.py
[2025-03-23T20:05:39.854+0000] {processor.py:829} INFO - Processing file /opt/airflow/dags/exampledag.py for tasks to queue
[2025-03-23T20:05:39.856+0000] {logging_mixin.py:154} INFO - [2025-03-23T20:05:39.855+0000] {dagbag.py:536} INFO - Filling up the DagBag from /opt/airflow/dags/exampledag.py
[2025-03-23T20:05:39.889+0000] {processor.py:839} INFO - DAG(s) dict_keys(['chethan_test_dag']) retrieved from /opt/airflow/dags/exampledag.py
[2025-03-23T20:05:39.919+0000] {logging_mixin.py:154} INFO - [2025-03-23T20:05:39.918+0000] {dag.py:2941} INFO - Sync 1 DAGs
[2025-03-23T20:05:39.949+0000] {logging_mixin.py:154} INFO - [2025-03-23T20:05:39.948+0000] {dag.py:3722} INFO - Setting next_dagrun for chethan_test_dag to 2025-03-22T00:00:00+00:00, run_after=2025-03-23T00:00:00+00:00
[2025-03-23T20:05:39.964+0000] {processor.py:179} INFO - Processing /opt/airflow/dags/exampledag.py took 0.116 seconds
[2025-03-23T20:06:10.246+0000] {processor.py:157} INFO - Started process (PID=2790) to work on /opt/airflow/dags/exampledag.py
[2025-03-23T20:06:10.249+0000] {processor.py:829} INFO - Processing file /opt/airflow/dags/exampledag.py for tasks to queue
[2025-03-23T20:06:10.252+0000] {logging_mixin.py:154} INFO - [2025-03-23T20:06:10.251+0000] {dagbag.py:536} INFO - Filling up the DagBag from /opt/airflow/dags/exampledag.py
[2025-03-23T20:06:10.291+0000] {processor.py:839} INFO - DAG(s) dict_keys(['chethan_test_dag']) retrieved from /opt/airflow/dags/exampledag.py
[2025-03-23T20:06:10.318+0000] {logging_mixin.py:154} INFO - [2025-03-23T20:06:10.318+0000] {dag.py:2941} INFO - Sync 1 DAGs
[2025-03-23T20:06:10.338+0000] {logging_mixin.py:154} INFO - [2025-03-23T20:06:10.338+0000] {dag.py:3722} INFO - Setting next_dagrun for chethan_test_dag to 2025-03-22T00:00:00+00:00, run_after=2025-03-23T00:00:00+00:00
[2025-03-23T20:06:10.359+0000] {processor.py:179} INFO - Processing /opt/airflow/dags/exampledag.py took 0.119 seconds
[2025-03-23T20:06:40.622+0000] {processor.py:157} INFO - Started process (PID=2793) to work on /opt/airflow/dags/exampledag.py
[2025-03-23T20:06:40.624+0000] {processor.py:829} INFO - Processing file /opt/airflow/dags/exampledag.py for tasks to queue
[2025-03-23T20:06:40.625+0000] {logging_mixin.py:154} INFO - [2025-03-23T20:06:40.624+0000] {dagbag.py:536} INFO - Filling up the DagBag from /opt/airflow/dags/exampledag.py
[2025-03-23T20:06:40.644+0000] {processor.py:839} INFO - DAG(s) dict_keys(['chethan_test_dag']) retrieved from /opt/airflow/dags/exampledag.py
[2025-03-23T20:06:40.679+0000] {logging_mixin.py:154} INFO - [2025-03-23T20:06:40.679+0000] {dag.py:2941} INFO - Sync 1 DAGs
[2025-03-23T20:06:40.799+0000] {logging_mixin.py:154} INFO - [2025-03-23T20:06:40.798+0000] {dag.py:3722} INFO - Setting next_dagrun for chethan_test_dag to 2025-03-22T00:00:00+00:00, run_after=2025-03-23T00:00:00+00:00
[2025-03-23T20:06:40.820+0000] {processor.py:179} INFO - Processing /opt/airflow/dags/exampledag.py took 0.201 seconds
[2025-03-23T20:07:11.074+0000] {processor.py:157} INFO - Started process (PID=2796) to work on /opt/airflow/dags/exampledag.py
[2025-03-23T20:07:11.075+0000] {processor.py:829} INFO - Processing file /opt/airflow/dags/exampledag.py for tasks to queue
[2025-03-23T20:07:11.076+0000] {logging_mixin.py:154} INFO - [2025-03-23T20:07:11.075+0000] {dagbag.py:536} INFO - Filling up the DagBag from /opt/airflow/dags/exampledag.py
[2025-03-23T20:07:11.103+0000] {processor.py:839} INFO - DAG(s) dict_keys(['chethan_test_dag']) retrieved from /opt/airflow/dags/exampledag.py
[2025-03-23T20:07:11.126+0000] {logging_mixin.py:154} INFO - [2025-03-23T20:07:11.126+0000] {dag.py:2941} INFO - Sync 1 DAGs
[2025-03-23T20:07:11.275+0000] {logging_mixin.py:154} INFO - [2025-03-23T20:07:11.274+0000] {dag.py:3722} INFO - Setting next_dagrun for chethan_test_dag to 2025-03-22T00:00:00+00:00, run_after=2025-03-23T00:00:00+00:00
[2025-03-23T20:07:11.298+0000] {processor.py:179} INFO - Processing /opt/airflow/dags/exampledag.py took 0.227 seconds
[2025-03-23T20:07:41.614+0000] {processor.py:157} INFO - Started process (PID=2799) to work on /opt/airflow/dags/exampledag.py
[2025-03-23T20:07:41.615+0000] {processor.py:829} INFO - Processing file /opt/airflow/dags/exampledag.py for tasks to queue
[2025-03-23T20:07:41.616+0000] {logging_mixin.py:154} INFO - [2025-03-23T20:07:41.616+0000] {dagbag.py:536} INFO - Filling up the DagBag from /opt/airflow/dags/exampledag.py
[2025-03-23T20:07:41.640+0000] {processor.py:839} INFO - DAG(s) dict_keys(['chethan_test_dag']) retrieved from /opt/airflow/dags/exampledag.py
[2025-03-23T20:07:41.665+0000] {logging_mixin.py:154} INFO - [2025-03-23T20:07:41.665+0000] {dag.py:2941} INFO - Sync 1 DAGs
[2025-03-23T20:07:41.831+0000] {logging_mixin.py:154} INFO - [2025-03-23T20:07:41.830+0000] {dag.py:3722} INFO - Setting next_dagrun for chethan_test_dag to 2025-03-22T00:00:00+00:00, run_after=2025-03-23T00:00:00+00:00
[2025-03-23T20:07:41.862+0000] {processor.py:179} INFO - Processing /opt/airflow/dags/exampledag.py took 0.251 seconds
[2025-03-23T20:08:12.202+0000] {processor.py:157} INFO - Started process (PID=2802) to work on /opt/airflow/dags/exampledag.py
[2025-03-23T20:08:12.203+0000] {processor.py:829} INFO - Processing file /opt/airflow/dags/exampledag.py for tasks to queue
[2025-03-23T20:08:12.205+0000] {logging_mixin.py:154} INFO - [2025-03-23T20:08:12.205+0000] {dagbag.py:536} INFO - Filling up the DagBag from /opt/airflow/dags/exampledag.py
[2025-03-23T20:08:12.233+0000] {processor.py:839} INFO - DAG(s) dict_keys(['chethan_test_dag']) retrieved from /opt/airflow/dags/exampledag.py
[2025-03-23T20:08:12.261+0000] {logging_mixin.py:154} INFO - [2025-03-23T20:08:12.261+0000] {dag.py:2941} INFO - Sync 1 DAGs
[2025-03-23T20:08:12.283+0000] {logging_mixin.py:154} INFO - [2025-03-23T20:08:12.283+0000] {dag.py:3722} INFO - Setting next_dagrun for chethan_test_dag to 2025-03-22T00:00:00+00:00, run_after=2025-03-23T00:00:00+00:00
[2025-03-23T20:08:12.304+0000] {processor.py:179} INFO - Processing /opt/airflow/dags/exampledag.py took 0.107 seconds
[2025-03-23T20:08:42.580+0000] {processor.py:157} INFO - Started process (PID=2805) to work on /opt/airflow/dags/exampledag.py
[2025-03-23T20:08:42.582+0000] {processor.py:829} INFO - Processing file /opt/airflow/dags/exampledag.py for tasks to queue
[2025-03-23T20:08:42.584+0000] {logging_mixin.py:154} INFO - [2025-03-23T20:08:42.583+0000] {dagbag.py:536} INFO - Filling up the DagBag from /opt/airflow/dags/exampledag.py
[2025-03-23T20:08:42.624+0000] {processor.py:839} INFO - DAG(s) dict_keys(['chethan_test_dag']) retrieved from /opt/airflow/dags/exampledag.py
[2025-03-23T20:08:42.670+0000] {logging_mixin.py:154} INFO - [2025-03-23T20:08:42.670+0000] {dag.py:2941} INFO - Sync 1 DAGs
[2025-03-23T20:08:42.720+0000] {logging_mixin.py:154} INFO - [2025-03-23T20:08:42.720+0000] {dag.py:3722} INFO - Setting next_dagrun for chethan_test_dag to 2025-03-22T00:00:00+00:00, run_after=2025-03-23T00:00:00+00:00
[2025-03-23T20:08:42.769+0000] {processor.py:179} INFO - Processing /opt/airflow/dags/exampledag.py took 0.194 seconds
[2025-03-23T20:09:13.084+0000] {processor.py:157} INFO - Started process (PID=2808) to work on /opt/airflow/dags/exampledag.py
[2025-03-23T20:09:13.085+0000] {processor.py:829} INFO - Processing file /opt/airflow/dags/exampledag.py for tasks to queue
[2025-03-23T20:09:13.087+0000] {logging_mixin.py:154} INFO - [2025-03-23T20:09:13.087+0000] {dagbag.py:536} INFO - Filling up the DagBag from /opt/airflow/dags/exampledag.py
[2025-03-23T20:09:13.134+0000] {processor.py:839} INFO - DAG(s) dict_keys(['chethan_test_dag']) retrieved from /opt/airflow/dags/exampledag.py
[2025-03-23T20:09:13.196+0000] {logging_mixin.py:154} INFO - [2025-03-23T20:09:13.196+0000] {dag.py:2941} INFO - Sync 1 DAGs
[2025-03-23T20:09:13.267+0000] {logging_mixin.py:154} INFO - [2025-03-23T20:09:13.266+0000] {dag.py:3722} INFO - Setting next_dagrun for chethan_test_dag to 2025-03-22T00:00:00+00:00, run_after=2025-03-23T00:00:00+00:00
[2025-03-23T20:09:13.553+0000] {processor.py:179} INFO - Processing /opt/airflow/dags/exampledag.py took 0.474 seconds
[2025-03-23T20:09:43.837+0000] {processor.py:157} INFO - Started process (PID=2811) to work on /opt/airflow/dags/exampledag.py
[2025-03-23T20:09:43.838+0000] {processor.py:829} INFO - Processing file /opt/airflow/dags/exampledag.py for tasks to queue
[2025-03-23T20:09:43.840+0000] {logging_mixin.py:154} INFO - [2025-03-23T20:09:43.840+0000] {dagbag.py:536} INFO - Filling up the DagBag from /opt/airflow/dags/exampledag.py
[2025-03-23T20:09:43.868+0000] {processor.py:839} INFO - DAG(s) dict_keys(['chethan_test_dag']) retrieved from /opt/airflow/dags/exampledag.py
[2025-03-23T20:09:43.903+0000] {logging_mixin.py:154} INFO - [2025-03-23T20:09:43.902+0000] {dag.py:2941} INFO - Sync 1 DAGs
[2025-03-23T20:09:44.065+0000] {logging_mixin.py:154} INFO - [2025-03-23T20:09:44.065+0000] {dag.py:3722} INFO - Setting next_dagrun for chethan_test_dag to 2025-03-22T00:00:00+00:00, run_after=2025-03-23T00:00:00+00:00
[2025-03-23T20:09:44.100+0000] {processor.py:179} INFO - Processing /opt/airflow/dags/exampledag.py took 0.266 seconds
[2025-03-23T20:10:14.378+0000] {processor.py:157} INFO - Started process (PID=2814) to work on /opt/airflow/dags/exampledag.py
[2025-03-23T20:10:14.379+0000] {processor.py:829} INFO - Processing file /opt/airflow/dags/exampledag.py for tasks to queue
[2025-03-23T20:10:14.380+0000] {logging_mixin.py:154} INFO - [2025-03-23T20:10:14.380+0000] {dagbag.py:536} INFO - Filling up the DagBag from /opt/airflow/dags/exampledag.py
[2025-03-23T20:10:14.410+0000] {processor.py:839} INFO - DAG(s) dict_keys(['chethan_test_dag']) retrieved from /opt/airflow/dags/exampledag.py
[2025-03-23T20:10:14.434+0000] {logging_mixin.py:154} INFO - [2025-03-23T20:10:14.433+0000] {dag.py:2941} INFO - Sync 1 DAGs
[2025-03-23T20:10:14.561+0000] {logging_mixin.py:154} INFO - [2025-03-23T20:10:14.560+0000] {dag.py:3722} INFO - Setting next_dagrun for chethan_test_dag to 2025-03-22T00:00:00+00:00, run_after=2025-03-23T00:00:00+00:00
[2025-03-23T20:10:14.583+0000] {processor.py:179} INFO - Processing /opt/airflow/dags/exampledag.py took 0.209 seconds
[2025-03-23T20:10:44.854+0000] {processor.py:157} INFO - Started process (PID=2817) to work on /opt/airflow/dags/exampledag.py
[2025-03-23T20:10:44.855+0000] {processor.py:829} INFO - Processing file /opt/airflow/dags/exampledag.py for tasks to queue
[2025-03-23T20:10:44.857+0000] {logging_mixin.py:154} INFO - [2025-03-23T20:10:44.857+0000] {dagbag.py:536} INFO - Filling up the DagBag from /opt/airflow/dags/exampledag.py
[2025-03-23T20:10:44.880+0000] {processor.py:839} INFO - DAG(s) dict_keys(['chethan_test_dag']) retrieved from /opt/airflow/dags/exampledag.py
[2025-03-23T20:10:45.000+0000] {logging_mixin.py:154} INFO - [2025-03-23T20:10:45.000+0000] {dag.py:2941} INFO - Sync 1 DAGs
[2025-03-23T20:10:45.015+0000] {logging_mixin.py:154} INFO - [2025-03-23T20:10:45.015+0000] {dag.py:3722} INFO - Setting next_dagrun for chethan_test_dag to 2025-03-22T00:00:00+00:00, run_after=2025-03-23T00:00:00+00:00
[2025-03-23T20:10:45.032+0000] {processor.py:179} INFO - Processing /opt/airflow/dags/exampledag.py took 0.180 seconds
[2025-03-23T20:11:15.309+0000] {processor.py:157} INFO - Started process (PID=2820) to work on /opt/airflow/dags/exampledag.py
[2025-03-23T20:11:15.310+0000] {processor.py:829} INFO - Processing file /opt/airflow/dags/exampledag.py for tasks to queue
[2025-03-23T20:11:15.311+0000] {logging_mixin.py:154} INFO - [2025-03-23T20:11:15.311+0000] {dagbag.py:536} INFO - Filling up the DagBag from /opt/airflow/dags/exampledag.py
[2025-03-23T20:11:15.332+0000] {processor.py:839} INFO - DAG(s) dict_keys(['chethan_test_dag']) retrieved from /opt/airflow/dags/exampledag.py
[2025-03-23T20:11:15.352+0000] {logging_mixin.py:154} INFO - [2025-03-23T20:11:15.351+0000] {dag.py:2941} INFO - Sync 1 DAGs
[2025-03-23T20:11:15.369+0000] {logging_mixin.py:154} INFO - [2025-03-23T20:11:15.369+0000] {dag.py:3722} INFO - Setting next_dagrun for chethan_test_dag to 2025-03-22T00:00:00+00:00, run_after=2025-03-23T00:00:00+00:00
[2025-03-23T20:11:15.384+0000] {processor.py:179} INFO - Processing /opt/airflow/dags/exampledag.py took 0.078 seconds
[2025-03-23T20:11:45.625+0000] {processor.py:157} INFO - Started process (PID=2823) to work on /opt/airflow/dags/exampledag.py
[2025-03-23T20:11:45.626+0000] {processor.py:829} INFO - Processing file /opt/airflow/dags/exampledag.py for tasks to queue
[2025-03-23T20:11:45.627+0000] {logging_mixin.py:154} INFO - [2025-03-23T20:11:45.627+0000] {dagbag.py:536} INFO - Filling up the DagBag from /opt/airflow/dags/exampledag.py
[2025-03-23T20:11:45.649+0000] {processor.py:839} INFO - DAG(s) dict_keys(['chethan_test_dag']) retrieved from /opt/airflow/dags/exampledag.py
[2025-03-23T20:11:45.675+0000] {logging_mixin.py:154} INFO - [2025-03-23T20:11:45.675+0000] {dag.py:2941} INFO - Sync 1 DAGs
[2025-03-23T20:11:45.696+0000] {logging_mixin.py:154} INFO - [2025-03-23T20:11:45.696+0000] {dag.py:3722} INFO - Setting next_dagrun for chethan_test_dag to 2025-03-22T00:00:00+00:00, run_after=2025-03-23T00:00:00+00:00
[2025-03-23T20:11:45.722+0000] {processor.py:179} INFO - Processing /opt/airflow/dags/exampledag.py took 0.101 seconds
[2025-03-23T20:12:15.992+0000] {processor.py:157} INFO - Started process (PID=2826) to work on /opt/airflow/dags/exampledag.py
[2025-03-23T20:12:15.994+0000] {processor.py:829} INFO - Processing file /opt/airflow/dags/exampledag.py for tasks to queue
[2025-03-23T20:12:15.995+0000] {logging_mixin.py:154} INFO - [2025-03-23T20:12:15.995+0000] {dagbag.py:536} INFO - Filling up the DagBag from /opt/airflow/dags/exampledag.py
[2025-03-23T20:12:16.019+0000] {processor.py:839} INFO - DAG(s) dict_keys(['chethan_test_dag']) retrieved from /opt/airflow/dags/exampledag.py
[2025-03-23T20:12:16.039+0000] {logging_mixin.py:154} INFO - [2025-03-23T20:12:16.039+0000] {dag.py:2941} INFO - Sync 1 DAGs
[2025-03-23T20:12:16.058+0000] {logging_mixin.py:154} INFO - [2025-03-23T20:12:16.058+0000] {dag.py:3722} INFO - Setting next_dagrun for chethan_test_dag to 2025-03-22T00:00:00+00:00, run_after=2025-03-23T00:00:00+00:00
[2025-03-23T20:12:16.212+0000] {processor.py:179} INFO - Processing /opt/airflow/dags/exampledag.py took 0.224 seconds
[2025-03-23T20:12:46.490+0000] {processor.py:157} INFO - Started process (PID=2829) to work on /opt/airflow/dags/exampledag.py
[2025-03-23T20:12:46.491+0000] {processor.py:829} INFO - Processing file /opt/airflow/dags/exampledag.py for tasks to queue
[2025-03-23T20:12:46.492+0000] {logging_mixin.py:154} INFO - [2025-03-23T20:12:46.492+0000] {dagbag.py:536} INFO - Filling up the DagBag from /opt/airflow/dags/exampledag.py
[2025-03-23T20:12:46.514+0000] {processor.py:839} INFO - DAG(s) dict_keys(['chethan_test_dag']) retrieved from /opt/airflow/dags/exampledag.py
[2025-03-23T20:12:46.536+0000] {logging_mixin.py:154} INFO - [2025-03-23T20:12:46.536+0000] {dag.py:2941} INFO - Sync 1 DAGs
[2025-03-23T20:12:46.666+0000] {logging_mixin.py:154} INFO - [2025-03-23T20:12:46.666+0000] {dag.py:3722} INFO - Setting next_dagrun for chethan_test_dag to 2025-03-22T00:00:00+00:00, run_after=2025-03-23T00:00:00+00:00
[2025-03-23T20:12:46.684+0000] {processor.py:179} INFO - Processing /opt/airflow/dags/exampledag.py took 0.197 seconds
[2025-03-23T20:13:16.936+0000] {processor.py:157} INFO - Started process (PID=2832) to work on /opt/airflow/dags/exampledag.py
[2025-03-23T20:13:16.937+0000] {processor.py:829} INFO - Processing file /opt/airflow/dags/exampledag.py for tasks to queue
[2025-03-23T20:13:16.939+0000] {logging_mixin.py:154} INFO - [2025-03-23T20:13:16.938+0000] {dagbag.py:536} INFO - Filling up the DagBag from /opt/airflow/dags/exampledag.py
[2025-03-23T20:13:16.976+0000] {processor.py:839} INFO - DAG(s) dict_keys(['chethan_test_dag']) retrieved from /opt/airflow/dags/exampledag.py
[2025-03-23T20:13:17.002+0000] {logging_mixin.py:154} INFO - [2025-03-23T20:13:17.002+0000] {dag.py:2941} INFO - Sync 1 DAGs
[2025-03-23T20:13:17.135+0000] {logging_mixin.py:154} INFO - [2025-03-23T20:13:17.135+0000] {dag.py:3722} INFO - Setting next_dagrun for chethan_test_dag to 2025-03-22T00:00:00+00:00, run_after=2025-03-23T00:00:00+00:00
[2025-03-23T20:13:17.152+0000] {processor.py:179} INFO - Processing /opt/airflow/dags/exampledag.py took 0.219 seconds
[2025-03-23T20:13:47.392+0000] {processor.py:157} INFO - Started process (PID=2835) to work on /opt/airflow/dags/exampledag.py
[2025-03-23T20:13:47.393+0000] {processor.py:829} INFO - Processing file /opt/airflow/dags/exampledag.py for tasks to queue
[2025-03-23T20:13:47.394+0000] {logging_mixin.py:154} INFO - [2025-03-23T20:13:47.394+0000] {dagbag.py:536} INFO - Filling up the DagBag from /opt/airflow/dags/exampledag.py
[2025-03-23T20:13:47.416+0000] {processor.py:839} INFO - DAG(s) dict_keys(['chethan_test_dag']) retrieved from /opt/airflow/dags/exampledag.py
[2025-03-23T20:13:47.547+0000] {logging_mixin.py:154} INFO - [2025-03-23T20:13:47.547+0000] {dag.py:2941} INFO - Sync 1 DAGs
[2025-03-23T20:13:47.563+0000] {logging_mixin.py:154} INFO - [2025-03-23T20:13:47.563+0000] {dag.py:3722} INFO - Setting next_dagrun for chethan_test_dag to 2025-03-22T00:00:00+00:00, run_after=2025-03-23T00:00:00+00:00
[2025-03-23T20:13:47.581+0000] {processor.py:179} INFO - Processing /opt/airflow/dags/exampledag.py took 0.191 seconds
[2025-03-23T20:14:17.872+0000] {processor.py:157} INFO - Started process (PID=2838) to work on /opt/airflow/dags/exampledag.py
[2025-03-23T20:14:17.873+0000] {processor.py:829} INFO - Processing file /opt/airflow/dags/exampledag.py for tasks to queue
[2025-03-23T20:14:17.874+0000] {logging_mixin.py:154} INFO - [2025-03-23T20:14:17.874+0000] {dagbag.py:536} INFO - Filling up the DagBag from /opt/airflow/dags/exampledag.py
[2025-03-23T20:14:17.896+0000] {processor.py:839} INFO - DAG(s) dict_keys(['chethan_test_dag']) retrieved from /opt/airflow/dags/exampledag.py
[2025-03-23T20:14:17.923+0000] {logging_mixin.py:154} INFO - [2025-03-23T20:14:17.923+0000] {dag.py:2941} INFO - Sync 1 DAGs
[2025-03-23T20:14:17.942+0000] {logging_mixin.py:154} INFO - [2025-03-23T20:14:17.942+0000] {dag.py:3722} INFO - Setting next_dagrun for chethan_test_dag to 2025-03-22T00:00:00+00:00, run_after=2025-03-23T00:00:00+00:00
[2025-03-23T20:14:17.961+0000] {processor.py:179} INFO - Processing /opt/airflow/dags/exampledag.py took 0.092 seconds
[2025-03-23T20:14:48.197+0000] {processor.py:157} INFO - Started process (PID=2841) to work on /opt/airflow/dags/exampledag.py
[2025-03-23T20:14:48.198+0000] {processor.py:829} INFO - Processing file /opt/airflow/dags/exampledag.py for tasks to queue
[2025-03-23T20:14:48.199+0000] {logging_mixin.py:154} INFO - [2025-03-23T20:14:48.198+0000] {dagbag.py:536} INFO - Filling up the DagBag from /opt/airflow/dags/exampledag.py
[2025-03-23T20:14:48.220+0000] {processor.py:839} INFO - DAG(s) dict_keys(['chethan_test_dag']) retrieved from /opt/airflow/dags/exampledag.py
[2025-03-23T20:14:48.238+0000] {logging_mixin.py:154} INFO - [2025-03-23T20:14:48.238+0000] {dag.py:2941} INFO - Sync 1 DAGs
[2025-03-23T20:14:48.256+0000] {logging_mixin.py:154} INFO - [2025-03-23T20:14:48.255+0000] {dag.py:3722} INFO - Setting next_dagrun for chethan_test_dag to 2025-03-22T00:00:00+00:00, run_after=2025-03-23T00:00:00+00:00
[2025-03-23T20:14:48.277+0000] {processor.py:179} INFO - Processing /opt/airflow/dags/exampledag.py took 0.083 seconds
[2025-03-23T20:15:18.506+0000] {processor.py:157} INFO - Started process (PID=2844) to work on /opt/airflow/dags/exampledag.py
[2025-03-23T20:15:18.507+0000] {processor.py:829} INFO - Processing file /opt/airflow/dags/exampledag.py for tasks to queue
[2025-03-23T20:15:18.508+0000] {logging_mixin.py:154} INFO - [2025-03-23T20:15:18.508+0000] {dagbag.py:536} INFO - Filling up the DagBag from /opt/airflow/dags/exampledag.py
[2025-03-23T20:15:18.530+0000] {processor.py:839} INFO - DAG(s) dict_keys(['chethan_test_dag']) retrieved from /opt/airflow/dags/exampledag.py
[2025-03-23T20:15:18.548+0000] {logging_mixin.py:154} INFO - [2025-03-23T20:15:18.548+0000] {dag.py:2941} INFO - Sync 1 DAGs
[2025-03-23T20:15:18.565+0000] {logging_mixin.py:154} INFO - [2025-03-23T20:15:18.565+0000] {dag.py:3722} INFO - Setting next_dagrun for chethan_test_dag to 2025-03-22T00:00:00+00:00, run_after=2025-03-23T00:00:00+00:00
[2025-03-23T20:15:18.688+0000] {processor.py:179} INFO - Processing /opt/airflow/dags/exampledag.py took 0.185 seconds
[2025-03-23T20:15:48.938+0000] {processor.py:157} INFO - Started process (PID=2847) to work on /opt/airflow/dags/exampledag.py
[2025-03-23T20:15:48.939+0000] {processor.py:829} INFO - Processing file /opt/airflow/dags/exampledag.py for tasks to queue
[2025-03-23T20:15:48.940+0000] {logging_mixin.py:154} INFO - [2025-03-23T20:15:48.940+0000] {dagbag.py:536} INFO - Filling up the DagBag from /opt/airflow/dags/exampledag.py
[2025-03-23T20:15:48.962+0000] {processor.py:839} INFO - DAG(s) dict_keys(['chethan_test_dag']) retrieved from /opt/airflow/dags/exampledag.py
[2025-03-23T20:15:48.981+0000] {logging_mixin.py:154} INFO - [2025-03-23T20:15:48.980+0000] {dag.py:2941} INFO - Sync 1 DAGs
[2025-03-23T20:15:49.092+0000] {logging_mixin.py:154} INFO - [2025-03-23T20:15:49.092+0000] {dag.py:3722} INFO - Setting next_dagrun for chethan_test_dag to 2025-03-22T00:00:00+00:00, run_after=2025-03-23T00:00:00+00:00
[2025-03-23T20:15:49.108+0000] {processor.py:179} INFO - Processing /opt/airflow/dags/exampledag.py took 0.174 seconds
[2025-03-23T20:16:19.366+0000] {processor.py:157} INFO - Started process (PID=2850) to work on /opt/airflow/dags/exampledag.py
[2025-03-23T20:16:19.368+0000] {processor.py:829} INFO - Processing file /opt/airflow/dags/exampledag.py for tasks to queue
[2025-03-23T20:16:19.369+0000] {logging_mixin.py:154} INFO - [2025-03-23T20:16:19.369+0000] {dagbag.py:536} INFO - Filling up the DagBag from /opt/airflow/dags/exampledag.py
[2025-03-23T20:16:19.406+0000] {processor.py:839} INFO - DAG(s) dict_keys(['chethan_test_dag']) retrieved from /opt/airflow/dags/exampledag.py
[2025-03-23T20:16:19.442+0000] {logging_mixin.py:154} INFO - [2025-03-23T20:16:19.442+0000] {dag.py:2941} INFO - Sync 1 DAGs
[2025-03-23T20:16:19.583+0000] {logging_mixin.py:154} INFO - [2025-03-23T20:16:19.583+0000] {dag.py:3722} INFO - Setting next_dagrun for chethan_test_dag to 2025-03-22T00:00:00+00:00, run_after=2025-03-23T00:00:00+00:00
[2025-03-23T20:16:19.600+0000] {processor.py:179} INFO - Processing /opt/airflow/dags/exampledag.py took 0.239 seconds
[2025-03-23T20:16:49.831+0000] {processor.py:157} INFO - Started process (PID=2853) to work on /opt/airflow/dags/exampledag.py
[2025-03-23T20:16:49.832+0000] {processor.py:829} INFO - Processing file /opt/airflow/dags/exampledag.py for tasks to queue
[2025-03-23T20:16:49.833+0000] {logging_mixin.py:154} INFO - [2025-03-23T20:16:49.833+0000] {dagbag.py:536} INFO - Filling up the DagBag from /opt/airflow/dags/exampledag.py
[2025-03-23T20:16:49.856+0000] {processor.py:839} INFO - DAG(s) dict_keys(['chethan_test_dag']) retrieved from /opt/airflow/dags/exampledag.py
[2025-03-23T20:16:49.964+0000] {logging_mixin.py:154} INFO - [2025-03-23T20:16:49.964+0000] {dag.py:2941} INFO - Sync 1 DAGs
[2025-03-23T20:16:49.978+0000] {logging_mixin.py:154} INFO - [2025-03-23T20:16:49.978+0000] {dag.py:3722} INFO - Setting next_dagrun for chethan_test_dag to 2025-03-22T00:00:00+00:00, run_after=2025-03-23T00:00:00+00:00
[2025-03-23T20:16:49.993+0000] {processor.py:179} INFO - Processing /opt/airflow/dags/exampledag.py took 0.165 seconds
[2025-03-23T20:17:20.232+0000] {processor.py:157} INFO - Started process (PID=2856) to work on /opt/airflow/dags/exampledag.py
[2025-03-23T20:17:20.233+0000] {processor.py:829} INFO - Processing file /opt/airflow/dags/exampledag.py for tasks to queue
[2025-03-23T20:17:20.234+0000] {logging_mixin.py:154} INFO - [2025-03-23T20:17:20.234+0000] {dagbag.py:536} INFO - Filling up the DagBag from /opt/airflow/dags/exampledag.py
[2025-03-23T20:17:20.257+0000] {processor.py:839} INFO - DAG(s) dict_keys(['chethan_test_dag']) retrieved from /opt/airflow/dags/exampledag.py
[2025-03-23T20:17:20.275+0000] {logging_mixin.py:154} INFO - [2025-03-23T20:17:20.275+0000] {dag.py:2941} INFO - Sync 1 DAGs
[2025-03-23T20:17:20.292+0000] {logging_mixin.py:154} INFO - [2025-03-23T20:17:20.292+0000] {dag.py:3722} INFO - Setting next_dagrun for chethan_test_dag to 2025-03-22T00:00:00+00:00, run_after=2025-03-23T00:00:00+00:00
[2025-03-23T20:17:20.308+0000] {processor.py:179} INFO - Processing /opt/airflow/dags/exampledag.py took 0.079 seconds
[2025-03-23T20:17:50.557+0000] {processor.py:157} INFO - Started process (PID=2859) to work on /opt/airflow/dags/exampledag.py
[2025-03-23T20:17:50.559+0000] {processor.py:829} INFO - Processing file /opt/airflow/dags/exampledag.py for tasks to queue
[2025-03-23T20:17:50.560+0000] {logging_mixin.py:154} INFO - [2025-03-23T20:17:50.560+0000] {dagbag.py:536} INFO - Filling up the DagBag from /opt/airflow/dags/exampledag.py
[2025-03-23T20:17:50.587+0000] {processor.py:839} INFO - DAG(s) dict_keys(['chethan_test_dag']) retrieved from /opt/airflow/dags/exampledag.py
[2025-03-23T20:17:50.607+0000] {logging_mixin.py:154} INFO - [2025-03-23T20:17:50.607+0000] {dag.py:2941} INFO - Sync 1 DAGs
[2025-03-23T20:17:50.626+0000] {logging_mixin.py:154} INFO - [2025-03-23T20:17:50.626+0000] {dag.py:3722} INFO - Setting next_dagrun for chethan_test_dag to 2025-03-22T00:00:00+00:00, run_after=2025-03-23T00:00:00+00:00
[2025-03-23T20:17:50.643+0000] {processor.py:179} INFO - Processing /opt/airflow/dags/exampledag.py took 0.090 seconds
[2025-03-23T20:18:20.872+0000] {processor.py:157} INFO - Started process (PID=2862) to work on /opt/airflow/dags/exampledag.py
[2025-03-23T20:18:20.873+0000] {processor.py:829} INFO - Processing file /opt/airflow/dags/exampledag.py for tasks to queue
[2025-03-23T20:18:20.875+0000] {logging_mixin.py:154} INFO - [2025-03-23T20:18:20.875+0000] {dagbag.py:536} INFO - Filling up the DagBag from /opt/airflow/dags/exampledag.py
[2025-03-23T20:18:20.924+0000] {processor.py:839} INFO - DAG(s) dict_keys(['chethan_test_dag']) retrieved from /opt/airflow/dags/exampledag.py
[2025-03-23T20:18:20.958+0000] {logging_mixin.py:154} INFO - [2025-03-23T20:18:20.958+0000] {dag.py:2941} INFO - Sync 1 DAGs
[2025-03-23T20:18:21.109+0000] {logging_mixin.py:154} INFO - [2025-03-23T20:18:21.109+0000] {dag.py:3722} INFO - Setting next_dagrun for chethan_test_dag to 2025-03-22T00:00:00+00:00, run_after=2025-03-23T00:00:00+00:00
[2025-03-23T20:18:21.135+0000] {processor.py:179} INFO - Processing /opt/airflow/dags/exampledag.py took 0.267 seconds
[2025-03-23T20:18:51.398+0000] {processor.py:157} INFO - Started process (PID=2865) to work on /opt/airflow/dags/exampledag.py
[2025-03-23T20:18:51.399+0000] {processor.py:829} INFO - Processing file /opt/airflow/dags/exampledag.py for tasks to queue
[2025-03-23T20:18:51.400+0000] {logging_mixin.py:154} INFO - [2025-03-23T20:18:51.400+0000] {dagbag.py:536} INFO - Filling up the DagBag from /opt/airflow/dags/exampledag.py
[2025-03-23T20:18:51.422+0000] {processor.py:839} INFO - DAG(s) dict_keys(['chethan_test_dag']) retrieved from /opt/airflow/dags/exampledag.py
[2025-03-23T20:18:51.441+0000] {logging_mixin.py:154} INFO - [2025-03-23T20:18:51.441+0000] {dag.py:2941} INFO - Sync 1 DAGs
[2025-03-23T20:18:51.559+0000] {logging_mixin.py:154} INFO - [2025-03-23T20:18:51.559+0000] {dag.py:3722} INFO - Setting next_dagrun for chethan_test_dag to 2025-03-22T00:00:00+00:00, run_after=2025-03-23T00:00:00+00:00
[2025-03-23T20:18:51.579+0000] {processor.py:179} INFO - Processing /opt/airflow/dags/exampledag.py took 0.184 seconds
[2025-03-23T20:19:21.839+0000] {processor.py:157} INFO - Started process (PID=2868) to work on /opt/airflow/dags/exampledag.py
[2025-03-23T20:19:21.840+0000] {processor.py:829} INFO - Processing file /opt/airflow/dags/exampledag.py for tasks to queue
[2025-03-23T20:19:21.841+0000] {logging_mixin.py:154} INFO - [2025-03-23T20:19:21.841+0000] {dagbag.py:536} INFO - Filling up the DagBag from /opt/airflow/dags/exampledag.py
[2025-03-23T20:19:21.862+0000] {processor.py:839} INFO - DAG(s) dict_keys(['chethan_test_dag']) retrieved from /opt/airflow/dags/exampledag.py
[2025-03-23T20:19:21.980+0000] {logging_mixin.py:154} INFO - [2025-03-23T20:19:21.979+0000] {dag.py:2941} INFO - Sync 1 DAGs
[2025-03-23T20:19:21.995+0000] {logging_mixin.py:154} INFO - [2025-03-23T20:19:21.994+0000] {dag.py:3722} INFO - Setting next_dagrun for chethan_test_dag to 2025-03-22T00:00:00+00:00, run_after=2025-03-23T00:00:00+00:00
[2025-03-23T20:19:22.010+0000] {processor.py:179} INFO - Processing /opt/airflow/dags/exampledag.py took 0.173 seconds
[2025-03-23T20:19:52.298+0000] {processor.py:157} INFO - Started process (PID=2871) to work on /opt/airflow/dags/exampledag.py
[2025-03-23T20:19:52.299+0000] {processor.py:829} INFO - Processing file /opt/airflow/dags/exampledag.py for tasks to queue
[2025-03-23T20:19:52.300+0000] {logging_mixin.py:154} INFO - [2025-03-23T20:19:52.300+0000] {dagbag.py:536} INFO - Filling up the DagBag from /opt/airflow/dags/exampledag.py
[2025-03-23T20:19:52.321+0000] {processor.py:839} INFO - DAG(s) dict_keys(['chethan_test_dag']) retrieved from /opt/airflow/dags/exampledag.py
[2025-03-23T20:19:52.345+0000] {logging_mixin.py:154} INFO - [2025-03-23T20:19:52.345+0000] {dag.py:2941} INFO - Sync 1 DAGs
[2025-03-23T20:19:52.361+0000] {logging_mixin.py:154} INFO - [2025-03-23T20:19:52.361+0000] {dag.py:3722} INFO - Setting next_dagrun for chethan_test_dag to 2025-03-22T00:00:00+00:00, run_after=2025-03-23T00:00:00+00:00
[2025-03-23T20:19:52.378+0000] {processor.py:179} INFO - Processing /opt/airflow/dags/exampledag.py took 0.083 seconds
[2025-03-23T20:20:22.600+0000] {processor.py:157} INFO - Started process (PID=2874) to work on /opt/airflow/dags/exampledag.py
[2025-03-23T20:20:22.602+0000] {processor.py:829} INFO - Processing file /opt/airflow/dags/exampledag.py for tasks to queue
[2025-03-23T20:20:22.603+0000] {logging_mixin.py:154} INFO - [2025-03-23T20:20:22.602+0000] {dagbag.py:536} INFO - Filling up the DagBag from /opt/airflow/dags/exampledag.py
[2025-03-23T20:20:22.627+0000] {processor.py:839} INFO - DAG(s) dict_keys(['chethan_test_dag']) retrieved from /opt/airflow/dags/exampledag.py
[2025-03-23T20:20:22.670+0000] {logging_mixin.py:154} INFO - [2025-03-23T20:20:22.670+0000] {dag.py:2941} INFO - Sync 1 DAGs
[2025-03-23T20:20:22.712+0000] {logging_mixin.py:154} INFO - [2025-03-23T20:20:22.712+0000] {dag.py:3722} INFO - Setting next_dagrun for chethan_test_dag to 2025-03-22T00:00:00+00:00, run_after=2025-03-23T00:00:00+00:00
[2025-03-23T20:20:22.775+0000] {processor.py:179} INFO - Processing /opt/airflow/dags/exampledag.py took 0.178 seconds
[2025-03-23T20:20:53.028+0000] {processor.py:157} INFO - Started process (PID=2877) to work on /opt/airflow/dags/exampledag.py
[2025-03-23T20:20:53.029+0000] {processor.py:829} INFO - Processing file /opt/airflow/dags/exampledag.py for tasks to queue
[2025-03-23T20:20:53.031+0000] {logging_mixin.py:154} INFO - [2025-03-23T20:20:53.031+0000] {dagbag.py:536} INFO - Filling up the DagBag from /opt/airflow/dags/exampledag.py
[2025-03-23T20:20:53.067+0000] {processor.py:839} INFO - DAG(s) dict_keys(['chethan_test_dag']) retrieved from /opt/airflow/dags/exampledag.py
[2025-03-23T20:20:53.096+0000] {logging_mixin.py:154} INFO - [2025-03-23T20:20:53.096+0000] {dag.py:2941} INFO - Sync 1 DAGs
[2025-03-23T20:20:53.124+0000] {logging_mixin.py:154} INFO - [2025-03-23T20:20:53.124+0000] {dag.py:3722} INFO - Setting next_dagrun for chethan_test_dag to 2025-03-22T00:00:00+00:00, run_after=2025-03-23T00:00:00+00:00
[2025-03-23T20:20:53.263+0000] {processor.py:179} INFO - Processing /opt/airflow/dags/exampledag.py took 0.240 seconds
[2025-03-23T20:21:23.502+0000] {processor.py:157} INFO - Started process (PID=2880) to work on /opt/airflow/dags/exampledag.py
[2025-03-23T20:21:23.504+0000] {processor.py:829} INFO - Processing file /opt/airflow/dags/exampledag.py for tasks to queue
[2025-03-23T20:21:23.505+0000] {logging_mixin.py:154} INFO - [2025-03-23T20:21:23.504+0000] {dagbag.py:536} INFO - Filling up the DagBag from /opt/airflow/dags/exampledag.py
[2025-03-23T20:21:23.532+0000] {processor.py:839} INFO - DAG(s) dict_keys(['chethan_test_dag']) retrieved from /opt/airflow/dags/exampledag.py
[2025-03-23T20:21:23.582+0000] {logging_mixin.py:154} INFO - [2025-03-23T20:21:23.581+0000] {dag.py:2941} INFO - Sync 1 DAGs
[2025-03-23T20:21:23.882+0000] {logging_mixin.py:154} INFO - [2025-03-23T20:21:23.882+0000] {dag.py:3722} INFO - Setting next_dagrun for chethan_test_dag to 2025-03-22T00:00:00+00:00, run_after=2025-03-23T00:00:00+00:00
[2025-03-23T20:21:23.937+0000] {processor.py:179} INFO - Processing /opt/airflow/dags/exampledag.py took 0.438 seconds
[2025-03-23T20:24:53.910+0000] {processor.py:157} INFO - Started process (PID=2886) to work on /opt/airflow/dags/exampledag.py
[2025-03-23T20:24:53.912+0000] {processor.py:829} INFO - Processing file /opt/airflow/dags/exampledag.py for tasks to queue
[2025-03-23T20:24:53.914+0000] {logging_mixin.py:154} INFO - [2025-03-23T20:24:53.914+0000] {dagbag.py:536} INFO - Filling up the DagBag from /opt/airflow/dags/exampledag.py
[2025-03-23T20:24:54.108+0000] {processor.py:839} INFO - DAG(s) dict_keys(['chethan_test_dag']) retrieved from /opt/airflow/dags/exampledag.py
[2025-03-23T20:24:54.242+0000] {logging_mixin.py:154} INFO - [2025-03-23T20:24:54.241+0000] {dag.py:2941} INFO - Sync 1 DAGs
[2025-03-23T20:24:54.570+0000] {logging_mixin.py:154} INFO - [2025-03-23T20:24:54.569+0000] {dag.py:3722} INFO - Setting next_dagrun for chethan_test_dag to 2025-03-22T00:00:00+00:00, run_after=2025-03-23T00:00:00+00:00
[2025-03-23T20:24:54.629+0000] {processor.py:179} INFO - Processing /opt/airflow/dags/exampledag.py took 0.728 seconds
[2025-03-23T20:25:25.159+0000] {processor.py:157} INFO - Started process (PID=2889) to work on /opt/airflow/dags/exampledag.py
[2025-03-23T20:25:25.160+0000] {processor.py:829} INFO - Processing file /opt/airflow/dags/exampledag.py for tasks to queue
[2025-03-23T20:25:25.161+0000] {logging_mixin.py:154} INFO - [2025-03-23T20:25:25.161+0000] {dagbag.py:536} INFO - Filling up the DagBag from /opt/airflow/dags/exampledag.py
[2025-03-23T20:25:25.182+0000] {processor.py:839} INFO - DAG(s) dict_keys(['chethan_test_dag']) retrieved from /opt/airflow/dags/exampledag.py
[2025-03-23T20:25:25.327+0000] {logging_mixin.py:154} INFO - [2025-03-23T20:25:25.327+0000] {dag.py:2941} INFO - Sync 1 DAGs
[2025-03-23T20:25:25.347+0000] {logging_mixin.py:154} INFO - [2025-03-23T20:25:25.347+0000] {dag.py:3722} INFO - Setting next_dagrun for chethan_test_dag to 2025-03-22T00:00:00+00:00, run_after=2025-03-23T00:00:00+00:00
[2025-03-23T20:25:25.369+0000] {processor.py:179} INFO - Processing /opt/airflow/dags/exampledag.py took 0.213 seconds
[2025-03-23T20:25:55.632+0000] {processor.py:157} INFO - Started process (PID=2892) to work on /opt/airflow/dags/exampledag.py
[2025-03-23T20:25:55.634+0000] {processor.py:829} INFO - Processing file /opt/airflow/dags/exampledag.py for tasks to queue
[2025-03-23T20:25:55.634+0000] {logging_mixin.py:154} INFO - [2025-03-23T20:25:55.634+0000] {dagbag.py:536} INFO - Filling up the DagBag from /opt/airflow/dags/exampledag.py
[2025-03-23T20:25:55.658+0000] {processor.py:839} INFO - DAG(s) dict_keys(['chethan_test_dag']) retrieved from /opt/airflow/dags/exampledag.py
[2025-03-23T20:25:55.679+0000] {logging_mixin.py:154} INFO - [2025-03-23T20:25:55.678+0000] {dag.py:2941} INFO - Sync 1 DAGs
[2025-03-23T20:25:55.697+0000] {logging_mixin.py:154} INFO - [2025-03-23T20:25:55.697+0000] {dag.py:3722} INFO - Setting next_dagrun for chethan_test_dag to 2025-03-22T00:00:00+00:00, run_after=2025-03-23T00:00:00+00:00
[2025-03-23T20:25:55.719+0000] {processor.py:179} INFO - Processing /opt/airflow/dags/exampledag.py took 0.089 seconds
[2025-03-23T20:26:26.021+0000] {processor.py:157} INFO - Started process (PID=2894) to work on /opt/airflow/dags/exampledag.py
[2025-03-23T20:26:26.023+0000] {processor.py:829} INFO - Processing file /opt/airflow/dags/exampledag.py for tasks to queue
[2025-03-23T20:26:26.024+0000] {logging_mixin.py:154} INFO - [2025-03-23T20:26:26.024+0000] {dagbag.py:536} INFO - Filling up the DagBag from /opt/airflow/dags/exampledag.py
[2025-03-23T20:26:26.048+0000] {processor.py:839} INFO - DAG(s) dict_keys(['chethan_test_dag']) retrieved from /opt/airflow/dags/exampledag.py
[2025-03-23T20:26:26.089+0000] {logging_mixin.py:154} INFO - [2025-03-23T20:26:26.088+0000] {dag.py:2941} INFO - Sync 1 DAGs
[2025-03-23T20:26:26.121+0000] {logging_mixin.py:154} INFO - [2025-03-23T20:26:26.121+0000] {dag.py:3722} INFO - Setting next_dagrun for chethan_test_dag to 2025-03-22T00:00:00+00:00, run_after=2025-03-23T00:00:00+00:00
[2025-03-23T20:26:26.138+0000] {processor.py:179} INFO - Processing /opt/airflow/dags/exampledag.py took 0.122 seconds
[2025-03-23T20:26:56.396+0000] {processor.py:157} INFO - Started process (PID=2897) to work on /opt/airflow/dags/exampledag.py
[2025-03-23T20:26:56.397+0000] {processor.py:829} INFO - Processing file /opt/airflow/dags/exampledag.py for tasks to queue
[2025-03-23T20:26:56.398+0000] {logging_mixin.py:154} INFO - [2025-03-23T20:26:56.397+0000] {dagbag.py:536} INFO - Filling up the DagBag from /opt/airflow/dags/exampledag.py
[2025-03-23T20:26:56.421+0000] {processor.py:839} INFO - DAG(s) dict_keys(['chethan_test_dag']) retrieved from /opt/airflow/dags/exampledag.py
[2025-03-23T20:26:56.448+0000] {logging_mixin.py:154} INFO - [2025-03-23T20:26:56.447+0000] {dag.py:2941} INFO - Sync 1 DAGs
[2025-03-23T20:26:56.479+0000] {logging_mixin.py:154} INFO - [2025-03-23T20:26:56.479+0000] {dag.py:3722} INFO - Setting next_dagrun for chethan_test_dag to 2025-03-22T00:00:00+00:00, run_after=2025-03-23T00:00:00+00:00
[2025-03-23T20:26:56.633+0000] {processor.py:179} INFO - Processing /opt/airflow/dags/exampledag.py took 0.241 seconds
[2025-03-23T20:27:26.901+0000] {processor.py:157} INFO - Started process (PID=2900) to work on /opt/airflow/dags/exampledag.py
[2025-03-23T20:27:26.903+0000] {processor.py:829} INFO - Processing file /opt/airflow/dags/exampledag.py for tasks to queue
[2025-03-23T20:27:26.905+0000] {logging_mixin.py:154} INFO - [2025-03-23T20:27:26.905+0000] {dagbag.py:536} INFO - Filling up the DagBag from /opt/airflow/dags/exampledag.py
[2025-03-23T20:27:26.937+0000] {processor.py:839} INFO - DAG(s) dict_keys(['chethan_test_dag']) retrieved from /opt/airflow/dags/exampledag.py
[2025-03-23T20:27:26.970+0000] {logging_mixin.py:154} INFO - [2025-03-23T20:27:26.970+0000] {dag.py:2941} INFO - Sync 1 DAGs
[2025-03-23T20:27:27.114+0000] {logging_mixin.py:154} INFO - [2025-03-23T20:27:27.114+0000] {dag.py:3722} INFO - Setting next_dagrun for chethan_test_dag to 2025-03-22T00:00:00+00:00, run_after=2025-03-23T00:00:00+00:00
[2025-03-23T20:27:27.140+0000] {processor.py:179} INFO - Processing /opt/airflow/dags/exampledag.py took 0.244 seconds
[2025-03-23T20:27:57.409+0000] {processor.py:157} INFO - Started process (PID=2903) to work on /opt/airflow/dags/exampledag.py
[2025-03-23T20:27:57.410+0000] {processor.py:829} INFO - Processing file /opt/airflow/dags/exampledag.py for tasks to queue
[2025-03-23T20:27:57.412+0000] {logging_mixin.py:154} INFO - [2025-03-23T20:27:57.412+0000] {dagbag.py:536} INFO - Filling up the DagBag from /opt/airflow/dags/exampledag.py
[2025-03-23T20:27:57.434+0000] {processor.py:839} INFO - DAG(s) dict_keys(['chethan_test_dag']) retrieved from /opt/airflow/dags/exampledag.py
[2025-03-23T20:27:57.453+0000] {logging_mixin.py:154} INFO - [2025-03-23T20:27:57.453+0000] {dag.py:2941} INFO - Sync 1 DAGs
[2025-03-23T20:27:57.562+0000] {logging_mixin.py:154} INFO - [2025-03-23T20:27:57.562+0000] {dag.py:3722} INFO - Setting next_dagrun for chethan_test_dag to 2025-03-22T00:00:00+00:00, run_after=2025-03-23T00:00:00+00:00
[2025-03-23T20:27:57.593+0000] {processor.py:179} INFO - Processing /opt/airflow/dags/exampledag.py took 0.187 seconds
[2025-03-23T20:28:27.864+0000] {processor.py:157} INFO - Started process (PID=2906) to work on /opt/airflow/dags/exampledag.py
[2025-03-23T20:28:27.865+0000] {processor.py:829} INFO - Processing file /opt/airflow/dags/exampledag.py for tasks to queue
[2025-03-23T20:28:27.866+0000] {logging_mixin.py:154} INFO - [2025-03-23T20:28:27.866+0000] {dagbag.py:536} INFO - Filling up the DagBag from /opt/airflow/dags/exampledag.py
[2025-03-23T20:28:27.891+0000] {processor.py:839} INFO - DAG(s) dict_keys(['chethan_test_dag']) retrieved from /opt/airflow/dags/exampledag.py
[2025-03-23T20:28:28.018+0000] {logging_mixin.py:154} INFO - [2025-03-23T20:28:28.018+0000] {dag.py:2941} INFO - Sync 1 DAGs
[2025-03-23T20:28:28.032+0000] {logging_mixin.py:154} INFO - [2025-03-23T20:28:28.032+0000] {dag.py:3722} INFO - Setting next_dagrun for chethan_test_dag to 2025-03-22T00:00:00+00:00, run_after=2025-03-23T00:00:00+00:00
[2025-03-23T20:28:28.046+0000] {processor.py:179} INFO - Processing /opt/airflow/dags/exampledag.py took 0.185 seconds
[2025-03-23T20:28:58.472+0000] {processor.py:157} INFO - Started process (PID=2909) to work on /opt/airflow/dags/exampledag.py
[2025-03-23T20:28:58.475+0000] {processor.py:829} INFO - Processing file /opt/airflow/dags/exampledag.py for tasks to queue
[2025-03-23T20:28:58.477+0000] {logging_mixin.py:154} INFO - [2025-03-23T20:28:58.477+0000] {dagbag.py:536} INFO - Filling up the DagBag from /opt/airflow/dags/exampledag.py
[2025-03-23T20:28:58.503+0000] {processor.py:839} INFO - DAG(s) dict_keys(['chethan_test_dag']) retrieved from /opt/airflow/dags/exampledag.py
[2025-03-23T20:28:58.522+0000] {logging_mixin.py:154} INFO - [2025-03-23T20:28:58.522+0000] {dag.py:2941} INFO - Sync 1 DAGs
[2025-03-23T20:28:58.543+0000] {logging_mixin.py:154} INFO - [2025-03-23T20:28:58.543+0000] {dag.py:3722} INFO - Setting next_dagrun for chethan_test_dag to 2025-03-22T00:00:00+00:00, run_after=2025-03-23T00:00:00+00:00
[2025-03-23T20:28:58.575+0000] {processor.py:179} INFO - Processing /opt/airflow/dags/exampledag.py took 0.109 seconds
[2025-03-23T20:29:28.861+0000] {processor.py:157} INFO - Started process (PID=2912) to work on /opt/airflow/dags/exampledag.py
[2025-03-23T20:29:28.862+0000] {processor.py:829} INFO - Processing file /opt/airflow/dags/exampledag.py for tasks to queue
[2025-03-23T20:29:28.863+0000] {logging_mixin.py:154} INFO - [2025-03-23T20:29:28.862+0000] {dagbag.py:536} INFO - Filling up the DagBag from /opt/airflow/dags/exampledag.py
[2025-03-23T20:29:28.888+0000] {processor.py:839} INFO - DAG(s) dict_keys(['chethan_test_dag']) retrieved from /opt/airflow/dags/exampledag.py
[2025-03-23T20:29:28.910+0000] {logging_mixin.py:154} INFO - [2025-03-23T20:29:28.910+0000] {dag.py:2941} INFO - Sync 1 DAGs
[2025-03-23T20:29:28.936+0000] {logging_mixin.py:154} INFO - [2025-03-23T20:29:28.936+0000] {dag.py:3722} INFO - Setting next_dagrun for chethan_test_dag to 2025-03-22T00:00:00+00:00, run_after=2025-03-23T00:00:00+00:00
[2025-03-23T20:29:28.959+0000] {processor.py:179} INFO - Processing /opt/airflow/dags/exampledag.py took 0.102 seconds
[2025-03-23T20:29:59.346+0000] {processor.py:157} INFO - Started process (PID=2915) to work on /opt/airflow/dags/exampledag.py
[2025-03-23T20:29:59.348+0000] {processor.py:829} INFO - Processing file /opt/airflow/dags/exampledag.py for tasks to queue
[2025-03-23T20:29:59.349+0000] {logging_mixin.py:154} INFO - [2025-03-23T20:29:59.348+0000] {dagbag.py:536} INFO - Filling up the DagBag from /opt/airflow/dags/exampledag.py
[2025-03-23T20:29:59.377+0000] {processor.py:839} INFO - DAG(s) dict_keys(['chethan_test_dag']) retrieved from /opt/airflow/dags/exampledag.py
[2025-03-23T20:29:59.398+0000] {logging_mixin.py:154} INFO - [2025-03-23T20:29:59.398+0000] {dag.py:2941} INFO - Sync 1 DAGs
[2025-03-23T20:29:59.429+0000] {logging_mixin.py:154} INFO - [2025-03-23T20:29:59.429+0000] {dag.py:3722} INFO - Setting next_dagrun for chethan_test_dag to 2025-03-22T00:00:00+00:00, run_after=2025-03-23T00:00:00+00:00
[2025-03-23T20:29:59.454+0000] {processor.py:179} INFO - Processing /opt/airflow/dags/exampledag.py took 0.112 seconds
[2025-03-23T20:30:29.790+0000] {processor.py:157} INFO - Started process (PID=2918) to work on /opt/airflow/dags/exampledag.py
[2025-03-23T20:30:29.791+0000] {processor.py:829} INFO - Processing file /opt/airflow/dags/exampledag.py for tasks to queue
[2025-03-23T20:30:29.793+0000] {logging_mixin.py:154} INFO - [2025-03-23T20:30:29.792+0000] {dagbag.py:536} INFO - Filling up the DagBag from /opt/airflow/dags/exampledag.py
[2025-03-23T20:30:29.850+0000] {processor.py:839} INFO - DAG(s) dict_keys(['chethan_test_dag']) retrieved from /opt/airflow/dags/exampledag.py
[2025-03-23T20:30:29.921+0000] {logging_mixin.py:154} INFO - [2025-03-23T20:30:29.921+0000] {dag.py:2941} INFO - Sync 1 DAGs
[2025-03-23T20:30:29.951+0000] {logging_mixin.py:154} INFO - [2025-03-23T20:30:29.951+0000] {dag.py:3722} INFO - Setting next_dagrun for chethan_test_dag to 2025-03-22T00:00:00+00:00, run_after=2025-03-23T00:00:00+00:00
[2025-03-23T20:30:29.979+0000] {processor.py:179} INFO - Processing /opt/airflow/dags/exampledag.py took 0.192 seconds
[2025-03-23T20:31:00.312+0000] {processor.py:157} INFO - Started process (PID=2921) to work on /opt/airflow/dags/exampledag.py
[2025-03-23T20:31:00.314+0000] {processor.py:829} INFO - Processing file /opt/airflow/dags/exampledag.py for tasks to queue
[2025-03-23T20:31:00.316+0000] {logging_mixin.py:154} INFO - [2025-03-23T20:31:00.315+0000] {dagbag.py:536} INFO - Filling up the DagBag from /opt/airflow/dags/exampledag.py
[2025-03-23T20:31:00.350+0000] {processor.py:839} INFO - DAG(s) dict_keys(['chethan_test_dag']) retrieved from /opt/airflow/dags/exampledag.py
[2025-03-23T20:31:00.378+0000] {logging_mixin.py:154} INFO - [2025-03-23T20:31:00.378+0000] {dag.py:2941} INFO - Sync 1 DAGs
[2025-03-23T20:31:00.395+0000] {logging_mixin.py:154} INFO - [2025-03-23T20:31:00.394+0000] {dag.py:3722} INFO - Setting next_dagrun for chethan_test_dag to 2025-03-22T00:00:00+00:00, run_after=2025-03-23T00:00:00+00:00
[2025-03-23T20:31:00.408+0000] {processor.py:179} INFO - Processing /opt/airflow/dags/exampledag.py took 0.100 seconds
[2025-03-23T20:31:30.686+0000] {processor.py:157} INFO - Started process (PID=2924) to work on /opt/airflow/dags/exampledag.py
[2025-03-23T20:31:30.687+0000] {processor.py:829} INFO - Processing file /opt/airflow/dags/exampledag.py for tasks to queue
[2025-03-23T20:31:30.688+0000] {logging_mixin.py:154} INFO - [2025-03-23T20:31:30.688+0000] {dagbag.py:536} INFO - Filling up the DagBag from /opt/airflow/dags/exampledag.py
[2025-03-23T20:31:30.717+0000] {processor.py:839} INFO - DAG(s) dict_keys(['chethan_test_dag']) retrieved from /opt/airflow/dags/exampledag.py
[2025-03-23T20:31:30.742+0000] {logging_mixin.py:154} INFO - [2025-03-23T20:31:30.742+0000] {dag.py:2941} INFO - Sync 1 DAGs
[2025-03-23T20:31:30.762+0000] {logging_mixin.py:154} INFO - [2025-03-23T20:31:30.762+0000] {dag.py:3722} INFO - Setting next_dagrun for chethan_test_dag to 2025-03-22T00:00:00+00:00, run_after=2025-03-23T00:00:00+00:00
[2025-03-23T20:31:30.778+0000] {processor.py:179} INFO - Processing /opt/airflow/dags/exampledag.py took 0.098 seconds
[2025-03-23T20:32:01.037+0000] {processor.py:157} INFO - Started process (PID=2927) to work on /opt/airflow/dags/exampledag.py
[2025-03-23T20:32:01.038+0000] {processor.py:829} INFO - Processing file /opt/airflow/dags/exampledag.py for tasks to queue
[2025-03-23T20:32:01.039+0000] {logging_mixin.py:154} INFO - [2025-03-23T20:32:01.038+0000] {dagbag.py:536} INFO - Filling up the DagBag from /opt/airflow/dags/exampledag.py
[2025-03-23T20:32:01.061+0000] {processor.py:839} INFO - DAG(s) dict_keys(['chethan_test_dag']) retrieved from /opt/airflow/dags/exampledag.py
[2025-03-23T20:32:01.082+0000] {logging_mixin.py:154} INFO - [2025-03-23T20:32:01.081+0000] {dag.py:2941} INFO - Sync 1 DAGs
[2025-03-23T20:32:01.099+0000] {logging_mixin.py:154} INFO - [2025-03-23T20:32:01.098+0000] {dag.py:3722} INFO - Setting next_dagrun for chethan_test_dag to 2025-03-22T00:00:00+00:00, run_after=2025-03-23T00:00:00+00:00
[2025-03-23T20:32:01.114+0000] {processor.py:179} INFO - Processing /opt/airflow/dags/exampledag.py took 0.081 seconds
[2025-03-23T20:32:31.408+0000] {processor.py:157} INFO - Started process (PID=2930) to work on /opt/airflow/dags/exampledag.py
[2025-03-23T20:32:31.409+0000] {processor.py:829} INFO - Processing file /opt/airflow/dags/exampledag.py for tasks to queue
[2025-03-23T20:32:31.410+0000] {logging_mixin.py:154} INFO - [2025-03-23T20:32:31.409+0000] {dagbag.py:536} INFO - Filling up the DagBag from /opt/airflow/dags/exampledag.py
[2025-03-23T20:32:31.434+0000] {processor.py:839} INFO - DAG(s) dict_keys(['chethan_test_dag']) retrieved from /opt/airflow/dags/exampledag.py
[2025-03-23T20:32:31.454+0000] {logging_mixin.py:154} INFO - [2025-03-23T20:32:31.454+0000] {dag.py:2941} INFO - Sync 1 DAGs
[2025-03-23T20:32:31.471+0000] {logging_mixin.py:154} INFO - [2025-03-23T20:32:31.471+0000] {dag.py:3722} INFO - Setting next_dagrun for chethan_test_dag to 2025-03-22T00:00:00+00:00, run_after=2025-03-23T00:00:00+00:00
[2025-03-23T20:32:31.488+0000] {processor.py:179} INFO - Processing /opt/airflow/dags/exampledag.py took 0.084 seconds
[2025-03-23T20:33:01.773+0000] {processor.py:157} INFO - Started process (PID=2933) to work on /opt/airflow/dags/exampledag.py
[2025-03-23T20:33:01.774+0000] {processor.py:829} INFO - Processing file /opt/airflow/dags/exampledag.py for tasks to queue
[2025-03-23T20:33:01.776+0000] {logging_mixin.py:154} INFO - [2025-03-23T20:33:01.775+0000] {dagbag.py:536} INFO - Filling up the DagBag from /opt/airflow/dags/exampledag.py
[2025-03-23T20:33:01.805+0000] {processor.py:839} INFO - DAG(s) dict_keys(['chethan_test_dag']) retrieved from /opt/airflow/dags/exampledag.py
[2025-03-23T20:33:01.827+0000] {logging_mixin.py:154} INFO - [2025-03-23T20:33:01.827+0000] {dag.py:2941} INFO - Sync 1 DAGs
[2025-03-23T20:33:01.847+0000] {logging_mixin.py:154} INFO - [2025-03-23T20:33:01.847+0000] {dag.py:3722} INFO - Setting next_dagrun for chethan_test_dag to 2025-03-22T00:00:00+00:00, run_after=2025-03-23T00:00:00+00:00
[2025-03-23T20:33:01.863+0000] {processor.py:179} INFO - Processing /opt/airflow/dags/exampledag.py took 0.097 seconds
[2025-03-23T20:33:32.134+0000] {processor.py:157} INFO - Started process (PID=2936) to work on /opt/airflow/dags/exampledag.py
[2025-03-23T20:33:32.135+0000] {processor.py:829} INFO - Processing file /opt/airflow/dags/exampledag.py for tasks to queue
[2025-03-23T20:33:32.136+0000] {logging_mixin.py:154} INFO - [2025-03-23T20:33:32.136+0000] {dagbag.py:536} INFO - Filling up the DagBag from /opt/airflow/dags/exampledag.py
[2025-03-23T20:33:32.170+0000] {processor.py:839} INFO - DAG(s) dict_keys(['chethan_test_dag']) retrieved from /opt/airflow/dags/exampledag.py
[2025-03-23T20:33:32.210+0000] {logging_mixin.py:154} INFO - [2025-03-23T20:33:32.209+0000] {dag.py:2941} INFO - Sync 1 DAGs
[2025-03-23T20:33:32.238+0000] {logging_mixin.py:154} INFO - [2025-03-23T20:33:32.237+0000] {dag.py:3722} INFO - Setting next_dagrun for chethan_test_dag to 2025-03-22T00:00:00+00:00, run_after=2025-03-23T00:00:00+00:00
[2025-03-23T20:33:32.270+0000] {processor.py:179} INFO - Processing /opt/airflow/dags/exampledag.py took 0.140 seconds
[2025-03-23T20:34:02.531+0000] {processor.py:157} INFO - Started process (PID=2939) to work on /opt/airflow/dags/exampledag.py
[2025-03-23T20:34:02.532+0000] {processor.py:829} INFO - Processing file /opt/airflow/dags/exampledag.py for tasks to queue
[2025-03-23T20:34:02.534+0000] {logging_mixin.py:154} INFO - [2025-03-23T20:34:02.533+0000] {dagbag.py:536} INFO - Filling up the DagBag from /opt/airflow/dags/exampledag.py
[2025-03-23T20:34:02.558+0000] {processor.py:839} INFO - DAG(s) dict_keys(['chethan_test_dag']) retrieved from /opt/airflow/dags/exampledag.py
[2025-03-23T20:34:02.582+0000] {logging_mixin.py:154} INFO - [2025-03-23T20:34:02.582+0000] {dag.py:2941} INFO - Sync 1 DAGs
[2025-03-23T20:34:02.602+0000] {logging_mixin.py:154} INFO - [2025-03-23T20:34:02.602+0000] {dag.py:3722} INFO - Setting next_dagrun for chethan_test_dag to 2025-03-22T00:00:00+00:00, run_after=2025-03-23T00:00:00+00:00
[2025-03-23T20:34:02.623+0000] {processor.py:179} INFO - Processing /opt/airflow/dags/exampledag.py took 0.096 seconds
[2025-03-23T20:34:32.908+0000] {processor.py:157} INFO - Started process (PID=2942) to work on /opt/airflow/dags/exampledag.py
[2025-03-23T20:34:32.909+0000] {processor.py:829} INFO - Processing file /opt/airflow/dags/exampledag.py for tasks to queue
[2025-03-23T20:34:32.910+0000] {logging_mixin.py:154} INFO - [2025-03-23T20:34:32.910+0000] {dagbag.py:536} INFO - Filling up the DagBag from /opt/airflow/dags/exampledag.py
[2025-03-23T20:34:32.935+0000] {processor.py:839} INFO - DAG(s) dict_keys(['chethan_test_dag']) retrieved from /opt/airflow/dags/exampledag.py
[2025-03-23T20:34:32.959+0000] {logging_mixin.py:154} INFO - [2025-03-23T20:34:32.958+0000] {dag.py:2941} INFO - Sync 1 DAGs
[2025-03-23T20:34:32.976+0000] {logging_mixin.py:154} INFO - [2025-03-23T20:34:32.976+0000] {dag.py:3722} INFO - Setting next_dagrun for chethan_test_dag to 2025-03-22T00:00:00+00:00, run_after=2025-03-23T00:00:00+00:00
[2025-03-23T20:34:32.993+0000] {processor.py:179} INFO - Processing /opt/airflow/dags/exampledag.py took 0.087 seconds
[2025-03-23T20:35:03.389+0000] {processor.py:157} INFO - Started process (PID=2945) to work on /opt/airflow/dags/exampledag.py
[2025-03-23T20:35:03.390+0000] {processor.py:829} INFO - Processing file /opt/airflow/dags/exampledag.py for tasks to queue
[2025-03-23T20:35:03.391+0000] {logging_mixin.py:154} INFO - [2025-03-23T20:35:03.391+0000] {dagbag.py:536} INFO - Filling up the DagBag from /opt/airflow/dags/exampledag.py
[2025-03-23T20:35:03.416+0000] {processor.py:839} INFO - DAG(s) dict_keys(['chethan_test_dag']) retrieved from /opt/airflow/dags/exampledag.py
[2025-03-23T20:35:03.441+0000] {logging_mixin.py:154} INFO - [2025-03-23T20:35:03.441+0000] {dag.py:2941} INFO - Sync 1 DAGs
[2025-03-23T20:35:03.465+0000] {logging_mixin.py:154} INFO - [2025-03-23T20:35:03.464+0000] {dag.py:3722} INFO - Setting next_dagrun for chethan_test_dag to 2025-03-22T00:00:00+00:00, run_after=2025-03-23T00:00:00+00:00
[2025-03-23T20:35:03.488+0000] {processor.py:179} INFO - Processing /opt/airflow/dags/exampledag.py took 0.102 seconds
[2025-03-23T20:35:33.754+0000] {processor.py:157} INFO - Started process (PID=2948) to work on /opt/airflow/dags/exampledag.py
[2025-03-23T20:35:33.755+0000] {processor.py:829} INFO - Processing file /opt/airflow/dags/exampledag.py for tasks to queue
[2025-03-23T20:35:33.757+0000] {logging_mixin.py:154} INFO - [2025-03-23T20:35:33.756+0000] {dagbag.py:536} INFO - Filling up the DagBag from /opt/airflow/dags/exampledag.py
[2025-03-23T20:35:33.788+0000] {processor.py:839} INFO - DAG(s) dict_keys(['chethan_test_dag']) retrieved from /opt/airflow/dags/exampledag.py
[2025-03-23T20:35:33.819+0000] {logging_mixin.py:154} INFO - [2025-03-23T20:35:33.818+0000] {dag.py:2941} INFO - Sync 1 DAGs
[2025-03-23T20:35:33.847+0000] {logging_mixin.py:154} INFO - [2025-03-23T20:35:33.847+0000] {dag.py:3722} INFO - Setting next_dagrun for chethan_test_dag to 2025-03-22T00:00:00+00:00, run_after=2025-03-23T00:00:00+00:00
[2025-03-23T20:35:33.866+0000] {processor.py:179} INFO - Processing /opt/airflow/dags/exampledag.py took 0.115 seconds
[2025-03-23T20:36:04.127+0000] {processor.py:157} INFO - Started process (PID=2951) to work on /opt/airflow/dags/exampledag.py
[2025-03-23T20:36:04.128+0000] {processor.py:829} INFO - Processing file /opt/airflow/dags/exampledag.py for tasks to queue
[2025-03-23T20:36:04.129+0000] {logging_mixin.py:154} INFO - [2025-03-23T20:36:04.129+0000] {dagbag.py:536} INFO - Filling up the DagBag from /opt/airflow/dags/exampledag.py
[2025-03-23T20:36:04.152+0000] {processor.py:839} INFO - DAG(s) dict_keys(['chethan_test_dag']) retrieved from /opt/airflow/dags/exampledag.py
[2025-03-23T20:36:04.172+0000] {logging_mixin.py:154} INFO - [2025-03-23T20:36:04.172+0000] {dag.py:2941} INFO - Sync 1 DAGs
[2025-03-23T20:36:04.191+0000] {logging_mixin.py:154} INFO - [2025-03-23T20:36:04.191+0000] {dag.py:3722} INFO - Setting next_dagrun for chethan_test_dag to 2025-03-22T00:00:00+00:00, run_after=2025-03-23T00:00:00+00:00
[2025-03-23T20:36:04.207+0000] {processor.py:179} INFO - Processing /opt/airflow/dags/exampledag.py took 0.083 seconds
[2025-03-23T20:36:34.477+0000] {processor.py:157} INFO - Started process (PID=2954) to work on /opt/airflow/dags/exampledag.py
[2025-03-23T20:36:34.478+0000] {processor.py:829} INFO - Processing file /opt/airflow/dags/exampledag.py for tasks to queue
[2025-03-23T20:36:34.479+0000] {logging_mixin.py:154} INFO - [2025-03-23T20:36:34.479+0000] {dagbag.py:536} INFO - Filling up the DagBag from /opt/airflow/dags/exampledag.py
[2025-03-23T20:36:34.504+0000] {processor.py:839} INFO - DAG(s) dict_keys(['chethan_test_dag']) retrieved from /opt/airflow/dags/exampledag.py
[2025-03-23T20:36:34.524+0000] {logging_mixin.py:154} INFO - [2025-03-23T20:36:34.524+0000] {dag.py:2941} INFO - Sync 1 DAGs
[2025-03-23T20:36:34.540+0000] {logging_mixin.py:154} INFO - [2025-03-23T20:36:34.540+0000] {dag.py:3722} INFO - Setting next_dagrun for chethan_test_dag to 2025-03-22T00:00:00+00:00, run_after=2025-03-23T00:00:00+00:00
[2025-03-23T20:36:34.559+0000] {processor.py:179} INFO - Processing /opt/airflow/dags/exampledag.py took 0.085 seconds
[2025-03-23T20:37:04.821+0000] {processor.py:157} INFO - Started process (PID=2957) to work on /opt/airflow/dags/exampledag.py
[2025-03-23T20:37:04.822+0000] {processor.py:829} INFO - Processing file /opt/airflow/dags/exampledag.py for tasks to queue
[2025-03-23T20:37:04.823+0000] {logging_mixin.py:154} INFO - [2025-03-23T20:37:04.823+0000] {dagbag.py:536} INFO - Filling up the DagBag from /opt/airflow/dags/exampledag.py
[2025-03-23T20:37:04.849+0000] {processor.py:839} INFO - DAG(s) dict_keys(['chethan_test_dag']) retrieved from /opt/airflow/dags/exampledag.py
[2025-03-23T20:37:04.876+0000] {logging_mixin.py:154} INFO - [2025-03-23T20:37:04.876+0000] {dag.py:2941} INFO - Sync 1 DAGs
[2025-03-23T20:37:04.893+0000] {logging_mixin.py:154} INFO - [2025-03-23T20:37:04.893+0000] {dag.py:3722} INFO - Setting next_dagrun for chethan_test_dag to 2025-03-22T00:00:00+00:00, run_after=2025-03-23T00:00:00+00:00
[2025-03-23T20:37:04.914+0000] {processor.py:179} INFO - Processing /opt/airflow/dags/exampledag.py took 0.096 seconds
[2025-03-23T20:37:35.224+0000] {processor.py:157} INFO - Started process (PID=2960) to work on /opt/airflow/dags/exampledag.py
[2025-03-23T20:37:35.227+0000] {processor.py:829} INFO - Processing file /opt/airflow/dags/exampledag.py for tasks to queue
[2025-03-23T20:37:35.231+0000] {logging_mixin.py:154} INFO - [2025-03-23T20:37:35.230+0000] {dagbag.py:536} INFO - Filling up the DagBag from /opt/airflow/dags/exampledag.py
[2025-03-23T20:37:35.276+0000] {processor.py:839} INFO - DAG(s) dict_keys(['chethan_test_dag']) retrieved from /opt/airflow/dags/exampledag.py
[2025-03-23T20:37:35.307+0000] {logging_mixin.py:154} INFO - [2025-03-23T20:37:35.306+0000] {dag.py:2941} INFO - Sync 1 DAGs
[2025-03-23T20:37:35.330+0000] {logging_mixin.py:154} INFO - [2025-03-23T20:37:35.330+0000] {dag.py:3722} INFO - Setting next_dagrun for chethan_test_dag to 2025-03-22T00:00:00+00:00, run_after=2025-03-23T00:00:00+00:00
[2025-03-23T20:37:35.349+0000] {processor.py:179} INFO - Processing /opt/airflow/dags/exampledag.py took 0.133 seconds
[2025-03-23T20:38:05.600+0000] {processor.py:157} INFO - Started process (PID=2963) to work on /opt/airflow/dags/exampledag.py
[2025-03-23T20:38:05.601+0000] {processor.py:829} INFO - Processing file /opt/airflow/dags/exampledag.py for tasks to queue
[2025-03-23T20:38:05.602+0000] {logging_mixin.py:154} INFO - [2025-03-23T20:38:05.602+0000] {dagbag.py:536} INFO - Filling up the DagBag from /opt/airflow/dags/exampledag.py
[2025-03-23T20:38:05.622+0000] {processor.py:839} INFO - DAG(s) dict_keys(['chethan_test_dag']) retrieved from /opt/airflow/dags/exampledag.py
[2025-03-23T20:38:05.643+0000] {logging_mixin.py:154} INFO - [2025-03-23T20:38:05.643+0000] {dag.py:2941} INFO - Sync 1 DAGs
[2025-03-23T20:38:05.660+0000] {logging_mixin.py:154} INFO - [2025-03-23T20:38:05.660+0000] {dag.py:3722} INFO - Setting next_dagrun for chethan_test_dag to 2025-03-22T00:00:00+00:00, run_after=2025-03-23T00:00:00+00:00
[2025-03-23T20:38:05.685+0000] {processor.py:179} INFO - Processing /opt/airflow/dags/exampledag.py took 0.089 seconds
[2025-03-23T20:38:35.941+0000] {processor.py:157} INFO - Started process (PID=2966) to work on /opt/airflow/dags/exampledag.py
[2025-03-23T20:38:35.942+0000] {processor.py:829} INFO - Processing file /opt/airflow/dags/exampledag.py for tasks to queue
[2025-03-23T20:38:35.943+0000] {logging_mixin.py:154} INFO - [2025-03-23T20:38:35.943+0000] {dagbag.py:536} INFO - Filling up the DagBag from /opt/airflow/dags/exampledag.py
[2025-03-23T20:38:35.982+0000] {processor.py:839} INFO - DAG(s) dict_keys(['chethan_test_dag']) retrieved from /opt/airflow/dags/exampledag.py
[2025-03-23T20:38:36.007+0000] {logging_mixin.py:154} INFO - [2025-03-23T20:38:36.006+0000] {dag.py:2941} INFO - Sync 1 DAGs
[2025-03-23T20:38:36.025+0000] {logging_mixin.py:154} INFO - [2025-03-23T20:38:36.025+0000] {dag.py:3722} INFO - Setting next_dagrun for chethan_test_dag to 2025-03-22T00:00:00+00:00, run_after=2025-03-23T00:00:00+00:00
[2025-03-23T20:38:36.042+0000] {processor.py:179} INFO - Processing /opt/airflow/dags/exampledag.py took 0.103 seconds
[2025-03-23T20:39:06.300+0000] {processor.py:157} INFO - Started process (PID=2969) to work on /opt/airflow/dags/exampledag.py
[2025-03-23T20:39:06.301+0000] {processor.py:829} INFO - Processing file /opt/airflow/dags/exampledag.py for tasks to queue
[2025-03-23T20:39:06.302+0000] {logging_mixin.py:154} INFO - [2025-03-23T20:39:06.302+0000] {dagbag.py:536} INFO - Filling up the DagBag from /opt/airflow/dags/exampledag.py
[2025-03-23T20:39:06.325+0000] {processor.py:839} INFO - DAG(s) dict_keys(['chethan_test_dag']) retrieved from /opt/airflow/dags/exampledag.py
[2025-03-23T20:39:06.344+0000] {logging_mixin.py:154} INFO - [2025-03-23T20:39:06.344+0000] {dag.py:2941} INFO - Sync 1 DAGs
[2025-03-23T20:39:06.363+0000] {logging_mixin.py:154} INFO - [2025-03-23T20:39:06.362+0000] {dag.py:3722} INFO - Setting next_dagrun for chethan_test_dag to 2025-03-22T00:00:00+00:00, run_after=2025-03-23T00:00:00+00:00
[2025-03-23T20:39:06.379+0000] {processor.py:179} INFO - Processing /opt/airflow/dags/exampledag.py took 0.082 seconds
[2025-03-23T21:10:23.945+0000] {processor.py:157} INFO - Started process (PID=2977) to work on /opt/airflow/dags/exampledag.py
[2025-03-23T21:10:23.961+0000] {processor.py:829} INFO - Processing file /opt/airflow/dags/exampledag.py for tasks to queue
[2025-03-23T21:10:23.975+0000] {logging_mixin.py:154} INFO - [2025-03-23T21:10:23.974+0000] {dagbag.py:536} INFO - Filling up the DagBag from /opt/airflow/dags/exampledag.py
[2025-03-23T21:10:24.143+0000] {processor.py:839} INFO - DAG(s) dict_keys(['chethan_test_dag']) retrieved from /opt/airflow/dags/exampledag.py
[2025-03-23T21:10:24.194+0000] {logging_mixin.py:154} INFO - [2025-03-23T21:10:24.194+0000] {dag.py:2941} INFO - Sync 1 DAGs
[2025-03-23T21:10:24.242+0000] {logging_mixin.py:154} INFO - [2025-03-23T21:10:24.241+0000] {dag.py:3722} INFO - Setting next_dagrun for chethan_test_dag to 2025-03-22T00:00:00+00:00, run_after=2025-03-23T00:00:00+00:00
[2025-03-23T21:10:24.288+0000] {processor.py:179} INFO - Processing /opt/airflow/dags/exampledag.py took 0.350 seconds
[2025-03-23T21:10:55.206+0000] {processor.py:157} INFO - Started process (PID=2980) to work on /opt/airflow/dags/exampledag.py
[2025-03-23T21:10:55.207+0000] {processor.py:829} INFO - Processing file /opt/airflow/dags/exampledag.py for tasks to queue
[2025-03-23T21:10:55.208+0000] {logging_mixin.py:154} INFO - [2025-03-23T21:10:55.208+0000] {dagbag.py:536} INFO - Filling up the DagBag from /opt/airflow/dags/exampledag.py
[2025-03-23T21:10:55.236+0000] {processor.py:839} INFO - DAG(s) dict_keys(['chethan_test_dag']) retrieved from /opt/airflow/dags/exampledag.py
[2025-03-23T21:10:55.260+0000] {logging_mixin.py:154} INFO - [2025-03-23T21:10:55.260+0000] {dag.py:2941} INFO - Sync 1 DAGs
[2025-03-23T21:10:55.282+0000] {logging_mixin.py:154} INFO - [2025-03-23T21:10:55.282+0000] {dag.py:3722} INFO - Setting next_dagrun for chethan_test_dag to 2025-03-22T00:00:00+00:00, run_after=2025-03-23T00:00:00+00:00
[2025-03-23T21:10:55.303+0000] {processor.py:179} INFO - Processing /opt/airflow/dags/exampledag.py took 0.101 seconds
[2025-03-23T21:11:25.631+0000] {processor.py:157} INFO - Started process (PID=2983) to work on /opt/airflow/dags/exampledag.py
[2025-03-23T21:11:25.633+0000] {processor.py:829} INFO - Processing file /opt/airflow/dags/exampledag.py for tasks to queue
[2025-03-23T21:11:25.635+0000] {logging_mixin.py:154} INFO - [2025-03-23T21:11:25.635+0000] {dagbag.py:536} INFO - Filling up the DagBag from /opt/airflow/dags/exampledag.py
[2025-03-23T21:11:25.681+0000] {processor.py:839} INFO - DAG(s) dict_keys(['chethan_test_dag']) retrieved from /opt/airflow/dags/exampledag.py
[2025-03-23T21:11:25.725+0000] {logging_mixin.py:154} INFO - [2025-03-23T21:11:25.724+0000] {dag.py:2941} INFO - Sync 1 DAGs
[2025-03-23T21:11:25.770+0000] {logging_mixin.py:154} INFO - [2025-03-23T21:11:25.770+0000] {dag.py:3722} INFO - Setting next_dagrun for chethan_test_dag to 2025-03-22T00:00:00+00:00, run_after=2025-03-23T00:00:00+00:00
[2025-03-23T21:11:25.801+0000] {processor.py:179} INFO - Processing /opt/airflow/dags/exampledag.py took 0.177 seconds
[2025-03-23T21:11:56.152+0000] {processor.py:157} INFO - Started process (PID=2986) to work on /opt/airflow/dags/exampledag.py
[2025-03-23T21:11:56.153+0000] {processor.py:829} INFO - Processing file /opt/airflow/dags/exampledag.py for tasks to queue
[2025-03-23T21:11:56.155+0000] {logging_mixin.py:154} INFO - [2025-03-23T21:11:56.155+0000] {dagbag.py:536} INFO - Filling up the DagBag from /opt/airflow/dags/exampledag.py
[2025-03-23T21:11:56.196+0000] {processor.py:839} INFO - DAG(s) dict_keys(['chethan_test_dag']) retrieved from /opt/airflow/dags/exampledag.py
[2025-03-23T21:11:56.226+0000] {logging_mixin.py:154} INFO - [2025-03-23T21:11:56.226+0000] {dag.py:2941} INFO - Sync 1 DAGs
[2025-03-23T21:11:56.252+0000] {logging_mixin.py:154} INFO - [2025-03-23T21:11:56.252+0000] {dag.py:3722} INFO - Setting next_dagrun for chethan_test_dag to 2025-03-22T00:00:00+00:00, run_after=2025-03-23T00:00:00+00:00
[2025-03-23T21:11:56.272+0000] {processor.py:179} INFO - Processing /opt/airflow/dags/exampledag.py took 0.123 seconds
[2025-03-23T21:12:26.657+0000] {processor.py:157} INFO - Started process (PID=2989) to work on /opt/airflow/dags/exampledag.py
[2025-03-23T21:12:26.658+0000] {processor.py:829} INFO - Processing file /opt/airflow/dags/exampledag.py for tasks to queue
[2025-03-23T21:12:26.660+0000] {logging_mixin.py:154} INFO - [2025-03-23T21:12:26.659+0000] {dagbag.py:536} INFO - Filling up the DagBag from /opt/airflow/dags/exampledag.py
[2025-03-23T21:12:26.694+0000] {processor.py:839} INFO - DAG(s) dict_keys(['chethan_test_dag']) retrieved from /opt/airflow/dags/exampledag.py
[2025-03-23T21:12:26.726+0000] {logging_mixin.py:154} INFO - [2025-03-23T21:12:26.726+0000] {dag.py:2941} INFO - Sync 1 DAGs
[2025-03-23T21:12:26.749+0000] {logging_mixin.py:154} INFO - [2025-03-23T21:12:26.749+0000] {dag.py:3722} INFO - Setting next_dagrun for chethan_test_dag to 2025-03-22T00:00:00+00:00, run_after=2025-03-23T00:00:00+00:00
[2025-03-23T21:12:26.774+0000] {processor.py:179} INFO - Processing /opt/airflow/dags/exampledag.py took 0.123 seconds
[2025-03-23T21:12:57.056+0000] {processor.py:157} INFO - Started process (PID=2991) to work on /opt/airflow/dags/exampledag.py
[2025-03-23T21:12:57.057+0000] {processor.py:829} INFO - Processing file /opt/airflow/dags/exampledag.py for tasks to queue
[2025-03-23T21:12:57.058+0000] {logging_mixin.py:154} INFO - [2025-03-23T21:12:57.058+0000] {dagbag.py:536} INFO - Filling up the DagBag from /opt/airflow/dags/exampledag.py
[2025-03-23T21:12:57.090+0000] {processor.py:839} INFO - DAG(s) dict_keys(['chethan_test_dag']) retrieved from /opt/airflow/dags/exampledag.py
[2025-03-23T21:12:57.112+0000] {logging_mixin.py:154} INFO - [2025-03-23T21:12:57.112+0000] {dag.py:2941} INFO - Sync 1 DAGs
[2025-03-23T21:12:57.133+0000] {logging_mixin.py:154} INFO - [2025-03-23T21:12:57.133+0000] {dag.py:3722} INFO - Setting next_dagrun for chethan_test_dag to 2025-03-22T00:00:00+00:00, run_after=2025-03-23T00:00:00+00:00
[2025-03-23T21:12:57.155+0000] {processor.py:179} INFO - Processing /opt/airflow/dags/exampledag.py took 0.103 seconds
[2025-03-23T21:13:27.445+0000] {processor.py:157} INFO - Started process (PID=2994) to work on /opt/airflow/dags/exampledag.py
[2025-03-23T21:13:27.447+0000] {processor.py:829} INFO - Processing file /opt/airflow/dags/exampledag.py for tasks to queue
[2025-03-23T21:13:27.450+0000] {logging_mixin.py:154} INFO - [2025-03-23T21:13:27.449+0000] {dagbag.py:536} INFO - Filling up the DagBag from /opt/airflow/dags/exampledag.py
[2025-03-23T21:13:27.498+0000] {processor.py:839} INFO - DAG(s) dict_keys(['chethan_test_dag']) retrieved from /opt/airflow/dags/exampledag.py
[2025-03-23T21:13:27.538+0000] {logging_mixin.py:154} INFO - [2025-03-23T21:13:27.537+0000] {dag.py:2941} INFO - Sync 1 DAGs
[2025-03-23T21:13:27.578+0000] {logging_mixin.py:154} INFO - [2025-03-23T21:13:27.578+0000] {dag.py:3722} INFO - Setting next_dagrun for chethan_test_dag to 2025-03-22T00:00:00+00:00, run_after=2025-03-23T00:00:00+00:00
[2025-03-23T21:13:27.637+0000] {processor.py:179} INFO - Processing /opt/airflow/dags/exampledag.py took 0.204 seconds
[2025-03-23T21:13:57.943+0000] {processor.py:157} INFO - Started process (PID=2997) to work on /opt/airflow/dags/exampledag.py
[2025-03-23T21:13:57.947+0000] {processor.py:829} INFO - Processing file /opt/airflow/dags/exampledag.py for tasks to queue
[2025-03-23T21:13:57.950+0000] {logging_mixin.py:154} INFO - [2025-03-23T21:13:57.949+0000] {dagbag.py:536} INFO - Filling up the DagBag from /opt/airflow/dags/exampledag.py
[2025-03-23T21:13:58.003+0000] {processor.py:839} INFO - DAG(s) dict_keys(['chethan_test_dag']) retrieved from /opt/airflow/dags/exampledag.py
[2025-03-23T21:13:58.061+0000] {logging_mixin.py:154} INFO - [2025-03-23T21:13:58.060+0000] {dag.py:2941} INFO - Sync 1 DAGs
[2025-03-23T21:13:58.096+0000] {logging_mixin.py:154} INFO - [2025-03-23T21:13:58.096+0000] {dag.py:3722} INFO - Setting next_dagrun for chethan_test_dag to 2025-03-22T00:00:00+00:00, run_after=2025-03-23T00:00:00+00:00
[2025-03-23T21:13:58.128+0000] {processor.py:179} INFO - Processing /opt/airflow/dags/exampledag.py took 0.192 seconds
[2025-03-23T21:14:28.475+0000] {processor.py:157} INFO - Started process (PID=3000) to work on /opt/airflow/dags/exampledag.py
[2025-03-23T21:14:28.478+0000] {processor.py:829} INFO - Processing file /opt/airflow/dags/exampledag.py for tasks to queue
[2025-03-23T21:14:28.480+0000] {logging_mixin.py:154} INFO - [2025-03-23T21:14:28.479+0000] {dagbag.py:536} INFO - Filling up the DagBag from /opt/airflow/dags/exampledag.py
[2025-03-23T21:14:28.542+0000] {processor.py:839} INFO - DAG(s) dict_keys(['chethan_test_dag']) retrieved from /opt/airflow/dags/exampledag.py
[2025-03-23T21:14:28.589+0000] {logging_mixin.py:154} INFO - [2025-03-23T21:14:28.589+0000] {dag.py:2941} INFO - Sync 1 DAGs
[2025-03-23T21:14:28.646+0000] {logging_mixin.py:154} INFO - [2025-03-23T21:14:28.646+0000] {dag.py:3722} INFO - Setting next_dagrun for chethan_test_dag to 2025-03-22T00:00:00+00:00, run_after=2025-03-23T00:00:00+00:00
[2025-03-23T21:14:28.686+0000] {processor.py:179} INFO - Processing /opt/airflow/dags/exampledag.py took 0.218 seconds
[2025-03-23T21:14:59.000+0000] {processor.py:157} INFO - Started process (PID=3003) to work on /opt/airflow/dags/exampledag.py
[2025-03-23T21:14:59.001+0000] {processor.py:829} INFO - Processing file /opt/airflow/dags/exampledag.py for tasks to queue
[2025-03-23T21:14:59.002+0000] {logging_mixin.py:154} INFO - [2025-03-23T21:14:59.002+0000] {dagbag.py:536} INFO - Filling up the DagBag from /opt/airflow/dags/exampledag.py
[2025-03-23T21:14:59.030+0000] {processor.py:839} INFO - DAG(s) dict_keys(['chethan_test_dag']) retrieved from /opt/airflow/dags/exampledag.py
[2025-03-23T21:14:59.053+0000] {logging_mixin.py:154} INFO - [2025-03-23T21:14:59.052+0000] {dag.py:2941} INFO - Sync 1 DAGs
[2025-03-23T21:14:59.072+0000] {logging_mixin.py:154} INFO - [2025-03-23T21:14:59.072+0000] {dag.py:3722} INFO - Setting next_dagrun for chethan_test_dag to 2025-03-22T00:00:00+00:00, run_after=2025-03-23T00:00:00+00:00
[2025-03-23T21:14:59.087+0000] {processor.py:179} INFO - Processing /opt/airflow/dags/exampledag.py took 0.089 seconds
[2025-03-23T21:15:29.446+0000] {processor.py:157} INFO - Started process (PID=3006) to work on /opt/airflow/dags/exampledag.py
[2025-03-23T21:15:29.447+0000] {processor.py:829} INFO - Processing file /opt/airflow/dags/exampledag.py for tasks to queue
[2025-03-23T21:15:29.448+0000] {logging_mixin.py:154} INFO - [2025-03-23T21:15:29.448+0000] {dagbag.py:536} INFO - Filling up the DagBag from /opt/airflow/dags/exampledag.py
[2025-03-23T21:15:29.474+0000] {processor.py:839} INFO - DAG(s) dict_keys(['chethan_test_dag']) retrieved from /opt/airflow/dags/exampledag.py
[2025-03-23T21:15:29.498+0000] {logging_mixin.py:154} INFO - [2025-03-23T21:15:29.498+0000] {dag.py:2941} INFO - Sync 1 DAGs
[2025-03-23T21:15:29.518+0000] {logging_mixin.py:154} INFO - [2025-03-23T21:15:29.518+0000] {dag.py:3722} INFO - Setting next_dagrun for chethan_test_dag to 2025-03-22T00:00:00+00:00, run_after=2025-03-23T00:00:00+00:00
[2025-03-23T21:15:29.535+0000] {processor.py:179} INFO - Processing /opt/airflow/dags/exampledag.py took 0.092 seconds
[2025-03-23T21:15:59.830+0000] {processor.py:157} INFO - Started process (PID=3009) to work on /opt/airflow/dags/exampledag.py
[2025-03-23T21:15:59.832+0000] {processor.py:829} INFO - Processing file /opt/airflow/dags/exampledag.py for tasks to queue
[2025-03-23T21:15:59.834+0000] {logging_mixin.py:154} INFO - [2025-03-23T21:15:59.833+0000] {dagbag.py:536} INFO - Filling up the DagBag from /opt/airflow/dags/exampledag.py
[2025-03-23T21:15:59.874+0000] {processor.py:839} INFO - DAG(s) dict_keys(['chethan_test_dag']) retrieved from /opt/airflow/dags/exampledag.py
[2025-03-23T21:15:59.900+0000] {logging_mixin.py:154} INFO - [2025-03-23T21:15:59.899+0000] {dag.py:2941} INFO - Sync 1 DAGs
[2025-03-23T21:15:59.944+0000] {logging_mixin.py:154} INFO - [2025-03-23T21:15:59.944+0000] {dag.py:3722} INFO - Setting next_dagrun for chethan_test_dag to 2025-03-22T00:00:00+00:00, run_after=2025-03-23T00:00:00+00:00
[2025-03-23T21:15:59.964+0000] {processor.py:179} INFO - Processing /opt/airflow/dags/exampledag.py took 0.139 seconds
[2025-03-23T21:16:30.270+0000] {processor.py:157} INFO - Started process (PID=3012) to work on /opt/airflow/dags/exampledag.py
[2025-03-23T21:16:30.271+0000] {processor.py:829} INFO - Processing file /opt/airflow/dags/exampledag.py for tasks to queue
[2025-03-23T21:16:30.273+0000] {logging_mixin.py:154} INFO - [2025-03-23T21:16:30.273+0000] {dagbag.py:536} INFO - Filling up the DagBag from /opt/airflow/dags/exampledag.py
[2025-03-23T21:16:30.296+0000] {processor.py:839} INFO - DAG(s) dict_keys(['chethan_test_dag']) retrieved from /opt/airflow/dags/exampledag.py
[2025-03-23T21:16:30.318+0000] {logging_mixin.py:154} INFO - [2025-03-23T21:16:30.318+0000] {dag.py:2941} INFO - Sync 1 DAGs
[2025-03-23T21:16:30.336+0000] {logging_mixin.py:154} INFO - [2025-03-23T21:16:30.336+0000] {dag.py:3722} INFO - Setting next_dagrun for chethan_test_dag to 2025-03-22T00:00:00+00:00, run_after=2025-03-23T00:00:00+00:00
[2025-03-23T21:16:30.356+0000] {processor.py:179} INFO - Processing /opt/airflow/dags/exampledag.py took 0.088 seconds
[2025-03-23T21:17:00.644+0000] {processor.py:157} INFO - Started process (PID=3015) to work on /opt/airflow/dags/exampledag.py
[2025-03-23T21:17:00.645+0000] {processor.py:829} INFO - Processing file /opt/airflow/dags/exampledag.py for tasks to queue
[2025-03-23T21:17:00.647+0000] {logging_mixin.py:154} INFO - [2025-03-23T21:17:00.647+0000] {dagbag.py:536} INFO - Filling up the DagBag from /opt/airflow/dags/exampledag.py
[2025-03-23T21:17:00.690+0000] {processor.py:839} INFO - DAG(s) dict_keys(['chethan_test_dag']) retrieved from /opt/airflow/dags/exampledag.py
[2025-03-23T21:17:00.730+0000] {logging_mixin.py:154} INFO - [2025-03-23T21:17:00.730+0000] {dag.py:2941} INFO - Sync 1 DAGs
[2025-03-23T21:17:00.793+0000] {logging_mixin.py:154} INFO - [2025-03-23T21:17:00.791+0000] {dag.py:3722} INFO - Setting next_dagrun for chethan_test_dag to 2025-03-22T00:00:00+00:00, run_after=2025-03-23T00:00:00+00:00
[2025-03-23T21:17:00.870+0000] {processor.py:179} INFO - Processing /opt/airflow/dags/exampledag.py took 0.230 seconds
[2025-03-23T21:17:31.211+0000] {processor.py:157} INFO - Started process (PID=3018) to work on /opt/airflow/dags/exampledag.py
[2025-03-23T21:17:31.212+0000] {processor.py:829} INFO - Processing file /opt/airflow/dags/exampledag.py for tasks to queue
[2025-03-23T21:17:31.213+0000] {logging_mixin.py:154} INFO - [2025-03-23T21:17:31.213+0000] {dagbag.py:536} INFO - Filling up the DagBag from /opt/airflow/dags/exampledag.py
[2025-03-23T21:17:31.237+0000] {processor.py:839} INFO - DAG(s) dict_keys(['chethan_test_dag']) retrieved from /opt/airflow/dags/exampledag.py
[2025-03-23T21:17:31.262+0000] {logging_mixin.py:154} INFO - [2025-03-23T21:17:31.262+0000] {dag.py:2941} INFO - Sync 1 DAGs
[2025-03-23T21:17:31.283+0000] {logging_mixin.py:154} INFO - [2025-03-23T21:17:31.283+0000] {dag.py:3722} INFO - Setting next_dagrun for chethan_test_dag to 2025-03-22T00:00:00+00:00, run_after=2025-03-23T00:00:00+00:00
[2025-03-23T21:17:31.305+0000] {processor.py:179} INFO - Processing /opt/airflow/dags/exampledag.py took 0.098 seconds
[2025-03-23T21:18:01.566+0000] {processor.py:157} INFO - Started process (PID=3021) to work on /opt/airflow/dags/exampledag.py
[2025-03-23T21:18:01.567+0000] {processor.py:829} INFO - Processing file /opt/airflow/dags/exampledag.py for tasks to queue
[2025-03-23T21:18:01.568+0000] {logging_mixin.py:154} INFO - [2025-03-23T21:18:01.568+0000] {dagbag.py:536} INFO - Filling up the DagBag from /opt/airflow/dags/exampledag.py
[2025-03-23T21:18:01.595+0000] {processor.py:839} INFO - DAG(s) dict_keys(['chethan_test_dag']) retrieved from /opt/airflow/dags/exampledag.py
[2025-03-23T21:18:01.619+0000] {logging_mixin.py:154} INFO - [2025-03-23T21:18:01.619+0000] {dag.py:2941} INFO - Sync 1 DAGs
[2025-03-23T21:18:01.643+0000] {logging_mixin.py:154} INFO - [2025-03-23T21:18:01.643+0000] {dag.py:3722} INFO - Setting next_dagrun for chethan_test_dag to 2025-03-22T00:00:00+00:00, run_after=2025-03-23T00:00:00+00:00
[2025-03-23T21:18:01.667+0000] {processor.py:179} INFO - Processing /opt/airflow/dags/exampledag.py took 0.104 seconds
[2025-03-23T21:18:31.964+0000] {processor.py:157} INFO - Started process (PID=3024) to work on /opt/airflow/dags/exampledag.py
[2025-03-23T21:18:31.965+0000] {processor.py:829} INFO - Processing file /opt/airflow/dags/exampledag.py for tasks to queue
[2025-03-23T21:18:31.966+0000] {logging_mixin.py:154} INFO - [2025-03-23T21:18:31.966+0000] {dagbag.py:536} INFO - Filling up the DagBag from /opt/airflow/dags/exampledag.py
[2025-03-23T21:18:31.998+0000] {processor.py:839} INFO - DAG(s) dict_keys(['chethan_test_dag']) retrieved from /opt/airflow/dags/exampledag.py
[2025-03-23T21:18:32.029+0000] {logging_mixin.py:154} INFO - [2025-03-23T21:18:32.029+0000] {dag.py:2941} INFO - Sync 1 DAGs
[2025-03-23T21:18:32.062+0000] {logging_mixin.py:154} INFO - [2025-03-23T21:18:32.062+0000] {dag.py:3722} INFO - Setting next_dagrun for chethan_test_dag to 2025-03-22T00:00:00+00:00, run_after=2025-03-23T00:00:00+00:00
[2025-03-23T21:18:32.097+0000] {processor.py:179} INFO - Processing /opt/airflow/dags/exampledag.py took 0.137 seconds
[2025-03-23T21:19:02.377+0000] {processor.py:157} INFO - Started process (PID=3027) to work on /opt/airflow/dags/exampledag.py
[2025-03-23T21:19:02.378+0000] {processor.py:829} INFO - Processing file /opt/airflow/dags/exampledag.py for tasks to queue
[2025-03-23T21:19:02.379+0000] {logging_mixin.py:154} INFO - [2025-03-23T21:19:02.379+0000] {dagbag.py:536} INFO - Filling up the DagBag from /opt/airflow/dags/exampledag.py
[2025-03-23T21:19:02.408+0000] {processor.py:839} INFO - DAG(s) dict_keys(['chethan_test_dag']) retrieved from /opt/airflow/dags/exampledag.py
[2025-03-23T21:19:02.431+0000] {logging_mixin.py:154} INFO - [2025-03-23T21:19:02.431+0000] {dag.py:2941} INFO - Sync 1 DAGs
[2025-03-23T21:19:02.450+0000] {logging_mixin.py:154} INFO - [2025-03-23T21:19:02.450+0000] {dag.py:3722} INFO - Setting next_dagrun for chethan_test_dag to 2025-03-22T00:00:00+00:00, run_after=2025-03-23T00:00:00+00:00
[2025-03-23T21:19:02.466+0000] {processor.py:179} INFO - Processing /opt/airflow/dags/exampledag.py took 0.091 seconds
[2025-03-23T21:19:32.782+0000] {processor.py:157} INFO - Started process (PID=3030) to work on /opt/airflow/dags/exampledag.py
[2025-03-23T21:19:32.783+0000] {processor.py:829} INFO - Processing file /opt/airflow/dags/exampledag.py for tasks to queue
[2025-03-23T21:19:32.784+0000] {logging_mixin.py:154} INFO - [2025-03-23T21:19:32.784+0000] {dagbag.py:536} INFO - Filling up the DagBag from /opt/airflow/dags/exampledag.py
[2025-03-23T21:19:32.810+0000] {processor.py:839} INFO - DAG(s) dict_keys(['chethan_test_dag']) retrieved from /opt/airflow/dags/exampledag.py
[2025-03-23T21:19:32.838+0000] {logging_mixin.py:154} INFO - [2025-03-23T21:19:32.838+0000] {dag.py:2941} INFO - Sync 1 DAGs
[2025-03-23T21:19:32.860+0000] {logging_mixin.py:154} INFO - [2025-03-23T21:19:32.860+0000] {dag.py:3722} INFO - Setting next_dagrun for chethan_test_dag to 2025-03-22T00:00:00+00:00, run_after=2025-03-23T00:00:00+00:00
[2025-03-23T21:19:32.881+0000] {processor.py:179} INFO - Processing /opt/airflow/dags/exampledag.py took 0.102 seconds
[2025-03-23T21:20:03.166+0000] {processor.py:157} INFO - Started process (PID=3033) to work on /opt/airflow/dags/exampledag.py
[2025-03-23T21:20:03.167+0000] {processor.py:829} INFO - Processing file /opt/airflow/dags/exampledag.py for tasks to queue
[2025-03-23T21:20:03.168+0000] {logging_mixin.py:154} INFO - [2025-03-23T21:20:03.168+0000] {dagbag.py:536} INFO - Filling up the DagBag from /opt/airflow/dags/exampledag.py
[2025-03-23T21:20:03.189+0000] {processor.py:839} INFO - DAG(s) dict_keys(['chethan_test_dag']) retrieved from /opt/airflow/dags/exampledag.py
[2025-03-23T21:20:03.212+0000] {logging_mixin.py:154} INFO - [2025-03-23T21:20:03.211+0000] {dag.py:2941} INFO - Sync 1 DAGs
[2025-03-23T21:20:03.230+0000] {logging_mixin.py:154} INFO - [2025-03-23T21:20:03.229+0000] {dag.py:3722} INFO - Setting next_dagrun for chethan_test_dag to 2025-03-22T00:00:00+00:00, run_after=2025-03-23T00:00:00+00:00
[2025-03-23T21:20:03.246+0000] {processor.py:179} INFO - Processing /opt/airflow/dags/exampledag.py took 0.083 seconds
[2025-03-23T21:20:33.667+0000] {processor.py:157} INFO - Started process (PID=3036) to work on /opt/airflow/dags/exampledag.py
[2025-03-23T21:20:33.668+0000] {processor.py:829} INFO - Processing file /opt/airflow/dags/exampledag.py for tasks to queue
[2025-03-23T21:20:33.670+0000] {logging_mixin.py:154} INFO - [2025-03-23T21:20:33.669+0000] {dagbag.py:536} INFO - Filling up the DagBag from /opt/airflow/dags/exampledag.py
[2025-03-23T21:20:33.705+0000] {processor.py:839} INFO - DAG(s) dict_keys(['chethan_test_dag']) retrieved from /opt/airflow/dags/exampledag.py
[2025-03-23T21:20:33.742+0000] {logging_mixin.py:154} INFO - [2025-03-23T21:20:33.741+0000] {dag.py:2941} INFO - Sync 1 DAGs
[2025-03-23T21:20:33.764+0000] {logging_mixin.py:154} INFO - [2025-03-23T21:20:33.763+0000] {dag.py:3722} INFO - Setting next_dagrun for chethan_test_dag to 2025-03-22T00:00:00+00:00, run_after=2025-03-23T00:00:00+00:00
[2025-03-23T21:20:33.785+0000] {processor.py:179} INFO - Processing /opt/airflow/dags/exampledag.py took 0.125 seconds
[2025-03-23T21:21:04.066+0000] {processor.py:157} INFO - Started process (PID=3039) to work on /opt/airflow/dags/exampledag.py
[2025-03-23T21:21:04.068+0000] {processor.py:829} INFO - Processing file /opt/airflow/dags/exampledag.py for tasks to queue
[2025-03-23T21:21:04.069+0000] {logging_mixin.py:154} INFO - [2025-03-23T21:21:04.068+0000] {dagbag.py:536} INFO - Filling up the DagBag from /opt/airflow/dags/exampledag.py
[2025-03-23T21:21:04.095+0000] {processor.py:839} INFO - DAG(s) dict_keys(['chethan_test_dag']) retrieved from /opt/airflow/dags/exampledag.py
[2025-03-23T21:21:04.115+0000] {logging_mixin.py:154} INFO - [2025-03-23T21:21:04.114+0000] {dag.py:2941} INFO - Sync 1 DAGs
[2025-03-23T21:21:04.133+0000] {logging_mixin.py:154} INFO - [2025-03-23T21:21:04.133+0000] {dag.py:3722} INFO - Setting next_dagrun for chethan_test_dag to 2025-03-22T00:00:00+00:00, run_after=2025-03-23T00:00:00+00:00
[2025-03-23T21:21:04.149+0000] {processor.py:179} INFO - Processing /opt/airflow/dags/exampledag.py took 0.086 seconds
[2025-03-23T21:21:34.412+0000] {processor.py:157} INFO - Started process (PID=3042) to work on /opt/airflow/dags/exampledag.py
[2025-03-23T21:21:34.414+0000] {processor.py:829} INFO - Processing file /opt/airflow/dags/exampledag.py for tasks to queue
[2025-03-23T21:21:34.415+0000] {logging_mixin.py:154} INFO - [2025-03-23T21:21:34.415+0000] {dagbag.py:536} INFO - Filling up the DagBag from /opt/airflow/dags/exampledag.py
[2025-03-23T21:21:34.439+0000] {processor.py:839} INFO - DAG(s) dict_keys(['chethan_test_dag']) retrieved from /opt/airflow/dags/exampledag.py
[2025-03-23T21:21:34.460+0000] {logging_mixin.py:154} INFO - [2025-03-23T21:21:34.460+0000] {dag.py:2941} INFO - Sync 1 DAGs
[2025-03-23T21:21:34.479+0000] {logging_mixin.py:154} INFO - [2025-03-23T21:21:34.479+0000] {dag.py:3722} INFO - Setting next_dagrun for chethan_test_dag to 2025-03-22T00:00:00+00:00, run_after=2025-03-23T00:00:00+00:00
[2025-03-23T21:21:34.496+0000] {processor.py:179} INFO - Processing /opt/airflow/dags/exampledag.py took 0.089 seconds
[2025-03-23T21:22:04.761+0000] {processor.py:157} INFO - Started process (PID=3045) to work on /opt/airflow/dags/exampledag.py
[2025-03-23T21:22:04.762+0000] {processor.py:829} INFO - Processing file /opt/airflow/dags/exampledag.py for tasks to queue
[2025-03-23T21:22:04.764+0000] {logging_mixin.py:154} INFO - [2025-03-23T21:22:04.763+0000] {dagbag.py:536} INFO - Filling up the DagBag from /opt/airflow/dags/exampledag.py
[2025-03-23T21:22:04.789+0000] {processor.py:839} INFO - DAG(s) dict_keys(['chethan_test_dag']) retrieved from /opt/airflow/dags/exampledag.py
[2025-03-23T21:22:04.820+0000] {logging_mixin.py:154} INFO - [2025-03-23T21:22:04.819+0000] {dag.py:2941} INFO - Sync 1 DAGs
[2025-03-23T21:22:04.848+0000] {logging_mixin.py:154} INFO - [2025-03-23T21:22:04.848+0000] {dag.py:3722} INFO - Setting next_dagrun for chethan_test_dag to 2025-03-22T00:00:00+00:00, run_after=2025-03-23T00:00:00+00:00
[2025-03-23T21:22:04.868+0000] {processor.py:179} INFO - Processing /opt/airflow/dags/exampledag.py took 0.111 seconds
[2025-03-23T21:22:35.166+0000] {processor.py:157} INFO - Started process (PID=3048) to work on /opt/airflow/dags/exampledag.py
[2025-03-23T21:22:35.167+0000] {processor.py:829} INFO - Processing file /opt/airflow/dags/exampledag.py for tasks to queue
[2025-03-23T21:22:35.169+0000] {logging_mixin.py:154} INFO - [2025-03-23T21:22:35.168+0000] {dagbag.py:536} INFO - Filling up the DagBag from /opt/airflow/dags/exampledag.py
[2025-03-23T21:22:35.209+0000] {processor.py:839} INFO - DAG(s) dict_keys(['chethan_test_dag']) retrieved from /opt/airflow/dags/exampledag.py
[2025-03-23T21:22:35.241+0000] {logging_mixin.py:154} INFO - [2025-03-23T21:22:35.240+0000] {dag.py:2941} INFO - Sync 1 DAGs
[2025-03-23T21:22:35.266+0000] {logging_mixin.py:154} INFO - [2025-03-23T21:22:35.266+0000] {dag.py:3722} INFO - Setting next_dagrun for chethan_test_dag to 2025-03-22T00:00:00+00:00, run_after=2025-03-23T00:00:00+00:00
[2025-03-23T21:22:35.290+0000] {processor.py:179} INFO - Processing /opt/airflow/dags/exampledag.py took 0.128 seconds
[2025-03-23T21:23:05.585+0000] {processor.py:157} INFO - Started process (PID=3051) to work on /opt/airflow/dags/exampledag.py
[2025-03-23T21:23:05.586+0000] {processor.py:829} INFO - Processing file /opt/airflow/dags/exampledag.py for tasks to queue
[2025-03-23T21:23:05.587+0000] {logging_mixin.py:154} INFO - [2025-03-23T21:23:05.587+0000] {dagbag.py:536} INFO - Filling up the DagBag from /opt/airflow/dags/exampledag.py
[2025-03-23T21:23:05.611+0000] {processor.py:839} INFO - DAG(s) dict_keys(['chethan_test_dag']) retrieved from /opt/airflow/dags/exampledag.py
[2025-03-23T21:23:05.639+0000] {logging_mixin.py:154} INFO - [2025-03-23T21:23:05.638+0000] {dag.py:2941} INFO - Sync 1 DAGs
[2025-03-23T21:23:05.663+0000] {logging_mixin.py:154} INFO - [2025-03-23T21:23:05.663+0000] {dag.py:3722} INFO - Setting next_dagrun for chethan_test_dag to 2025-03-22T00:00:00+00:00, run_after=2025-03-23T00:00:00+00:00
[2025-03-23T21:23:05.680+0000] {processor.py:179} INFO - Processing /opt/airflow/dags/exampledag.py took 0.098 seconds
[2025-03-23T21:23:35.950+0000] {processor.py:157} INFO - Started process (PID=3054) to work on /opt/airflow/dags/exampledag.py
[2025-03-23T21:23:35.952+0000] {processor.py:829} INFO - Processing file /opt/airflow/dags/exampledag.py for tasks to queue
[2025-03-23T21:23:35.953+0000] {logging_mixin.py:154} INFO - [2025-03-23T21:23:35.952+0000] {dagbag.py:536} INFO - Filling up the DagBag from /opt/airflow/dags/exampledag.py
[2025-03-23T21:23:35.979+0000] {processor.py:839} INFO - DAG(s) dict_keys(['chethan_test_dag']) retrieved from /opt/airflow/dags/exampledag.py
[2025-03-23T21:23:36.003+0000] {logging_mixin.py:154} INFO - [2025-03-23T21:23:36.003+0000] {dag.py:2941} INFO - Sync 1 DAGs
[2025-03-23T21:23:36.022+0000] {logging_mixin.py:154} INFO - [2025-03-23T21:23:36.022+0000] {dag.py:3722} INFO - Setting next_dagrun for chethan_test_dag to 2025-03-22T00:00:00+00:00, run_after=2025-03-23T00:00:00+00:00
[2025-03-23T21:23:36.038+0000] {processor.py:179} INFO - Processing /opt/airflow/dags/exampledag.py took 0.092 seconds
[2025-03-23T21:24:06.299+0000] {processor.py:157} INFO - Started process (PID=3057) to work on /opt/airflow/dags/exampledag.py
[2025-03-23T21:24:06.300+0000] {processor.py:829} INFO - Processing file /opt/airflow/dags/exampledag.py for tasks to queue
[2025-03-23T21:24:06.301+0000] {logging_mixin.py:154} INFO - [2025-03-23T21:24:06.301+0000] {dagbag.py:536} INFO - Filling up the DagBag from /opt/airflow/dags/exampledag.py
[2025-03-23T21:24:06.324+0000] {processor.py:839} INFO - DAG(s) dict_keys(['chethan_test_dag']) retrieved from /opt/airflow/dags/exampledag.py
[2025-03-23T21:24:06.349+0000] {logging_mixin.py:154} INFO - [2025-03-23T21:24:06.349+0000] {dag.py:2941} INFO - Sync 1 DAGs
[2025-03-23T21:24:06.373+0000] {logging_mixin.py:154} INFO - [2025-03-23T21:24:06.372+0000] {dag.py:3722} INFO - Setting next_dagrun for chethan_test_dag to 2025-03-22T00:00:00+00:00, run_after=2025-03-23T00:00:00+00:00
[2025-03-23T21:24:06.389+0000] {processor.py:179} INFO - Processing /opt/airflow/dags/exampledag.py took 0.093 seconds
[2025-03-23T21:24:36.653+0000] {processor.py:157} INFO - Started process (PID=3060) to work on /opt/airflow/dags/exampledag.py
[2025-03-23T21:24:36.655+0000] {processor.py:829} INFO - Processing file /opt/airflow/dags/exampledag.py for tasks to queue
[2025-03-23T21:24:36.656+0000] {logging_mixin.py:154} INFO - [2025-03-23T21:24:36.656+0000] {dagbag.py:536} INFO - Filling up the DagBag from /opt/airflow/dags/exampledag.py
[2025-03-23T21:24:36.696+0000] {processor.py:839} INFO - DAG(s) dict_keys(['chethan_test_dag']) retrieved from /opt/airflow/dags/exampledag.py
[2025-03-23T21:24:36.732+0000] {logging_mixin.py:154} INFO - [2025-03-23T21:24:36.731+0000] {dag.py:2941} INFO - Sync 1 DAGs
[2025-03-23T21:24:36.760+0000] {logging_mixin.py:154} INFO - [2025-03-23T21:24:36.760+0000] {dag.py:3722} INFO - Setting next_dagrun for chethan_test_dag to 2025-03-22T00:00:00+00:00, run_after=2025-03-23T00:00:00+00:00
[2025-03-23T21:24:36.789+0000] {processor.py:179} INFO - Processing /opt/airflow/dags/exampledag.py took 0.140 seconds
[2025-03-23T21:25:07.057+0000] {processor.py:157} INFO - Started process (PID=3063) to work on /opt/airflow/dags/exampledag.py
[2025-03-23T21:25:07.059+0000] {processor.py:829} INFO - Processing file /opt/airflow/dags/exampledag.py for tasks to queue
[2025-03-23T21:25:07.060+0000] {logging_mixin.py:154} INFO - [2025-03-23T21:25:07.060+0000] {dagbag.py:536} INFO - Filling up the DagBag from /opt/airflow/dags/exampledag.py
[2025-03-23T21:25:07.085+0000] {processor.py:839} INFO - DAG(s) dict_keys(['chethan_test_dag']) retrieved from /opt/airflow/dags/exampledag.py
[2025-03-23T21:25:07.108+0000] {logging_mixin.py:154} INFO - [2025-03-23T21:25:07.108+0000] {dag.py:2941} INFO - Sync 1 DAGs
[2025-03-23T21:25:07.127+0000] {logging_mixin.py:154} INFO - [2025-03-23T21:25:07.127+0000] {dag.py:3722} INFO - Setting next_dagrun for chethan_test_dag to 2025-03-22T00:00:00+00:00, run_after=2025-03-23T00:00:00+00:00
[2025-03-23T21:25:07.144+0000] {processor.py:179} INFO - Processing /opt/airflow/dags/exampledag.py took 0.090 seconds
[2025-03-23T21:25:37.449+0000] {processor.py:157} INFO - Started process (PID=3066) to work on /opt/airflow/dags/exampledag.py
[2025-03-23T21:25:37.450+0000] {processor.py:829} INFO - Processing file /opt/airflow/dags/exampledag.py for tasks to queue
[2025-03-23T21:25:37.451+0000] {logging_mixin.py:154} INFO - [2025-03-23T21:25:37.451+0000] {dagbag.py:536} INFO - Filling up the DagBag from /opt/airflow/dags/exampledag.py
[2025-03-23T21:25:37.476+0000] {processor.py:839} INFO - DAG(s) dict_keys(['chethan_test_dag']) retrieved from /opt/airflow/dags/exampledag.py
[2025-03-23T21:25:37.501+0000] {logging_mixin.py:154} INFO - [2025-03-23T21:25:37.501+0000] {dag.py:2941} INFO - Sync 1 DAGs
[2025-03-23T21:25:37.520+0000] {logging_mixin.py:154} INFO - [2025-03-23T21:25:37.520+0000] {dag.py:3722} INFO - Setting next_dagrun for chethan_test_dag to 2025-03-22T00:00:00+00:00, run_after=2025-03-23T00:00:00+00:00
[2025-03-23T21:25:37.537+0000] {processor.py:179} INFO - Processing /opt/airflow/dags/exampledag.py took 0.093 seconds
[2025-03-23T21:26:07.785+0000] {processor.py:157} INFO - Started process (PID=3069) to work on /opt/airflow/dags/exampledag.py
[2025-03-23T21:26:07.787+0000] {processor.py:829} INFO - Processing file /opt/airflow/dags/exampledag.py for tasks to queue
[2025-03-23T21:26:07.787+0000] {logging_mixin.py:154} INFO - [2025-03-23T21:26:07.787+0000] {dagbag.py:536} INFO - Filling up the DagBag from /opt/airflow/dags/exampledag.py
[2025-03-23T21:26:07.811+0000] {processor.py:839} INFO - DAG(s) dict_keys(['chethan_test_dag']) retrieved from /opt/airflow/dags/exampledag.py
[2025-03-23T21:26:07.832+0000] {logging_mixin.py:154} INFO - [2025-03-23T21:26:07.832+0000] {dag.py:2941} INFO - Sync 1 DAGs
[2025-03-23T21:26:07.871+0000] {logging_mixin.py:154} INFO - [2025-03-23T21:26:07.871+0000] {dag.py:3722} INFO - Setting next_dagrun for chethan_test_dag to 2025-03-22T00:00:00+00:00, run_after=2025-03-23T00:00:00+00:00
[2025-03-23T21:26:07.916+0000] {processor.py:179} INFO - Processing /opt/airflow/dags/exampledag.py took 0.137 seconds
[2025-03-23T21:26:38.204+0000] {processor.py:157} INFO - Started process (PID=3072) to work on /opt/airflow/dags/exampledag.py
[2025-03-23T21:26:38.206+0000] {processor.py:829} INFO - Processing file /opt/airflow/dags/exampledag.py for tasks to queue
[2025-03-23T21:26:38.208+0000] {logging_mixin.py:154} INFO - [2025-03-23T21:26:38.208+0000] {dagbag.py:536} INFO - Filling up the DagBag from /opt/airflow/dags/exampledag.py
[2025-03-23T21:26:38.244+0000] {processor.py:839} INFO - DAG(s) dict_keys(['chethan_test_dag']) retrieved from /opt/airflow/dags/exampledag.py
[2025-03-23T21:26:38.284+0000] {logging_mixin.py:154} INFO - [2025-03-23T21:26:38.283+0000] {dag.py:2941} INFO - Sync 1 DAGs
[2025-03-23T21:26:38.331+0000] {logging_mixin.py:154} INFO - [2025-03-23T21:26:38.331+0000] {dag.py:3722} INFO - Setting next_dagrun for chethan_test_dag to 2025-03-22T00:00:00+00:00, run_after=2025-03-23T00:00:00+00:00
[2025-03-23T21:26:38.362+0000] {processor.py:179} INFO - Processing /opt/airflow/dags/exampledag.py took 0.164 seconds
[2025-03-23T21:27:08.643+0000] {processor.py:157} INFO - Started process (PID=3075) to work on /opt/airflow/dags/exampledag.py
[2025-03-23T21:27:08.645+0000] {processor.py:829} INFO - Processing file /opt/airflow/dags/exampledag.py for tasks to queue
[2025-03-23T21:27:08.647+0000] {logging_mixin.py:154} INFO - [2025-03-23T21:27:08.647+0000] {dagbag.py:536} INFO - Filling up the DagBag from /opt/airflow/dags/exampledag.py
[2025-03-23T21:27:08.685+0000] {processor.py:839} INFO - DAG(s) dict_keys(['chethan_test_dag']) retrieved from /opt/airflow/dags/exampledag.py
[2025-03-23T21:27:08.716+0000] {logging_mixin.py:154} INFO - [2025-03-23T21:27:08.716+0000] {dag.py:2941} INFO - Sync 1 DAGs
[2025-03-23T21:27:08.736+0000] {logging_mixin.py:154} INFO - [2025-03-23T21:27:08.736+0000] {dag.py:3722} INFO - Setting next_dagrun for chethan_test_dag to 2025-03-22T00:00:00+00:00, run_after=2025-03-23T00:00:00+00:00
[2025-03-23T21:27:08.754+0000] {processor.py:179} INFO - Processing /opt/airflow/dags/exampledag.py took 0.115 seconds
[2025-03-23T21:27:39.053+0000] {processor.py:157} INFO - Started process (PID=3078) to work on /opt/airflow/dags/exampledag.py
[2025-03-23T21:27:39.055+0000] {processor.py:829} INFO - Processing file /opt/airflow/dags/exampledag.py for tasks to queue
[2025-03-23T21:27:39.056+0000] {logging_mixin.py:154} INFO - [2025-03-23T21:27:39.055+0000] {dagbag.py:536} INFO - Filling up the DagBag from /opt/airflow/dags/exampledag.py
[2025-03-23T21:27:39.084+0000] {processor.py:839} INFO - DAG(s) dict_keys(['chethan_test_dag']) retrieved from /opt/airflow/dags/exampledag.py
[2025-03-23T21:27:39.106+0000] {logging_mixin.py:154} INFO - [2025-03-23T21:27:39.106+0000] {dag.py:2941} INFO - Sync 1 DAGs
[2025-03-23T21:27:39.122+0000] {logging_mixin.py:154} INFO - [2025-03-23T21:27:39.122+0000] {dag.py:3722} INFO - Setting next_dagrun for chethan_test_dag to 2025-03-22T00:00:00+00:00, run_after=2025-03-23T00:00:00+00:00
[2025-03-23T21:27:39.136+0000] {processor.py:179} INFO - Processing /opt/airflow/dags/exampledag.py took 0.086 seconds
[2025-03-23T21:28:09.431+0000] {processor.py:157} INFO - Started process (PID=3081) to work on /opt/airflow/dags/exampledag.py
[2025-03-23T21:28:09.432+0000] {processor.py:829} INFO - Processing file /opt/airflow/dags/exampledag.py for tasks to queue
[2025-03-23T21:28:09.433+0000] {logging_mixin.py:154} INFO - [2025-03-23T21:28:09.433+0000] {dagbag.py:536} INFO - Filling up the DagBag from /opt/airflow/dags/exampledag.py
[2025-03-23T21:28:09.454+0000] {processor.py:839} INFO - DAG(s) dict_keys(['chethan_test_dag']) retrieved from /opt/airflow/dags/exampledag.py
[2025-03-23T21:28:09.480+0000] {logging_mixin.py:154} INFO - [2025-03-23T21:28:09.480+0000] {dag.py:2941} INFO - Sync 1 DAGs
[2025-03-23T21:28:09.501+0000] {logging_mixin.py:154} INFO - [2025-03-23T21:28:09.501+0000] {dag.py:3722} INFO - Setting next_dagrun for chethan_test_dag to 2025-03-22T00:00:00+00:00, run_after=2025-03-23T00:00:00+00:00
[2025-03-23T21:28:09.520+0000] {processor.py:179} INFO - Processing /opt/airflow/dags/exampledag.py took 0.092 seconds
[2025-03-23T21:28:39.787+0000] {processor.py:157} INFO - Started process (PID=3084) to work on /opt/airflow/dags/exampledag.py
[2025-03-23T21:28:39.788+0000] {processor.py:829} INFO - Processing file /opt/airflow/dags/exampledag.py for tasks to queue
[2025-03-23T21:28:39.789+0000] {logging_mixin.py:154} INFO - [2025-03-23T21:28:39.788+0000] {dagbag.py:536} INFO - Filling up the DagBag from /opt/airflow/dags/exampledag.py
[2025-03-23T21:28:39.818+0000] {processor.py:839} INFO - DAG(s) dict_keys(['chethan_test_dag']) retrieved from /opt/airflow/dags/exampledag.py
[2025-03-23T21:28:39.854+0000] {logging_mixin.py:154} INFO - [2025-03-23T21:28:39.853+0000] {dag.py:2941} INFO - Sync 1 DAGs
[2025-03-23T21:28:39.874+0000] {logging_mixin.py:154} INFO - [2025-03-23T21:28:39.873+0000] {dag.py:3722} INFO - Setting next_dagrun for chethan_test_dag to 2025-03-22T00:00:00+00:00, run_after=2025-03-23T00:00:00+00:00
[2025-03-23T21:28:39.890+0000] {processor.py:179} INFO - Processing /opt/airflow/dags/exampledag.py took 0.106 seconds
[2025-03-23T21:29:10.176+0000] {processor.py:157} INFO - Started process (PID=3087) to work on /opt/airflow/dags/exampledag.py
[2025-03-23T21:29:10.177+0000] {processor.py:829} INFO - Processing file /opt/airflow/dags/exampledag.py for tasks to queue
[2025-03-23T21:29:10.178+0000] {logging_mixin.py:154} INFO - [2025-03-23T21:29:10.178+0000] {dagbag.py:536} INFO - Filling up the DagBag from /opt/airflow/dags/exampledag.py
[2025-03-23T21:29:10.203+0000] {processor.py:839} INFO - DAG(s) dict_keys(['chethan_test_dag']) retrieved from /opt/airflow/dags/exampledag.py
[2025-03-23T21:29:10.225+0000] {logging_mixin.py:154} INFO - [2025-03-23T21:29:10.225+0000] {dag.py:2941} INFO - Sync 1 DAGs
[2025-03-23T21:29:10.243+0000] {logging_mixin.py:154} INFO - [2025-03-23T21:29:10.243+0000] {dag.py:3722} INFO - Setting next_dagrun for chethan_test_dag to 2025-03-22T00:00:00+00:00, run_after=2025-03-23T00:00:00+00:00
[2025-03-23T21:29:10.262+0000] {processor.py:179} INFO - Processing /opt/airflow/dags/exampledag.py took 0.088 seconds
[2025-03-23T21:29:40.527+0000] {processor.py:157} INFO - Started process (PID=3090) to work on /opt/airflow/dags/exampledag.py
[2025-03-23T21:29:40.529+0000] {processor.py:829} INFO - Processing file /opt/airflow/dags/exampledag.py for tasks to queue
[2025-03-23T21:29:40.530+0000] {logging_mixin.py:154} INFO - [2025-03-23T21:29:40.529+0000] {dagbag.py:536} INFO - Filling up the DagBag from /opt/airflow/dags/exampledag.py
[2025-03-23T21:29:40.573+0000] {processor.py:839} INFO - DAG(s) dict_keys(['chethan_test_dag']) retrieved from /opt/airflow/dags/exampledag.py
[2025-03-23T21:29:40.601+0000] {logging_mixin.py:154} INFO - [2025-03-23T21:29:40.601+0000] {dag.py:2941} INFO - Sync 1 DAGs
[2025-03-23T21:29:40.624+0000] {logging_mixin.py:154} INFO - [2025-03-23T21:29:40.624+0000] {dag.py:3722} INFO - Setting next_dagrun for chethan_test_dag to 2025-03-22T00:00:00+00:00, run_after=2025-03-23T00:00:00+00:00
[2025-03-23T21:29:40.643+0000] {processor.py:179} INFO - Processing /opt/airflow/dags/exampledag.py took 0.119 seconds
[2025-03-23T21:30:10.893+0000] {processor.py:157} INFO - Started process (PID=3093) to work on /opt/airflow/dags/exampledag.py
[2025-03-23T21:30:10.894+0000] {processor.py:829} INFO - Processing file /opt/airflow/dags/exampledag.py for tasks to queue
[2025-03-23T21:30:10.895+0000] {logging_mixin.py:154} INFO - [2025-03-23T21:30:10.895+0000] {dagbag.py:536} INFO - Filling up the DagBag from /opt/airflow/dags/exampledag.py
[2025-03-23T21:30:10.920+0000] {processor.py:839} INFO - DAG(s) dict_keys(['chethan_test_dag']) retrieved from /opt/airflow/dags/exampledag.py
[2025-03-23T21:30:10.943+0000] {logging_mixin.py:154} INFO - [2025-03-23T21:30:10.943+0000] {dag.py:2941} INFO - Sync 1 DAGs
[2025-03-23T21:30:10.964+0000] {logging_mixin.py:154} INFO - [2025-03-23T21:30:10.964+0000] {dag.py:3722} INFO - Setting next_dagrun for chethan_test_dag to 2025-03-22T00:00:00+00:00, run_after=2025-03-23T00:00:00+00:00
[2025-03-23T21:30:10.984+0000] {processor.py:179} INFO - Processing /opt/airflow/dags/exampledag.py took 0.094 seconds
[2025-03-23T21:30:41.339+0000] {processor.py:157} INFO - Started process (PID=3096) to work on /opt/airflow/dags/exampledag.py
[2025-03-23T21:30:41.340+0000] {processor.py:829} INFO - Processing file /opt/airflow/dags/exampledag.py for tasks to queue
[2025-03-23T21:30:41.342+0000] {logging_mixin.py:154} INFO - [2025-03-23T21:30:41.341+0000] {dagbag.py:536} INFO - Filling up the DagBag from /opt/airflow/dags/exampledag.py
[2025-03-23T21:30:41.367+0000] {processor.py:839} INFO - DAG(s) dict_keys(['chethan_test_dag']) retrieved from /opt/airflow/dags/exampledag.py
[2025-03-23T21:30:41.392+0000] {logging_mixin.py:154} INFO - [2025-03-23T21:30:41.392+0000] {dag.py:2941} INFO - Sync 1 DAGs
[2025-03-23T21:30:41.410+0000] {logging_mixin.py:154} INFO - [2025-03-23T21:30:41.409+0000] {dag.py:3722} INFO - Setting next_dagrun for chethan_test_dag to 2025-03-22T00:00:00+00:00, run_after=2025-03-23T00:00:00+00:00
[2025-03-23T21:30:41.427+0000] {processor.py:179} INFO - Processing /opt/airflow/dags/exampledag.py took 0.092 seconds
[2025-03-23T21:31:11.677+0000] {processor.py:157} INFO - Started process (PID=3099) to work on /opt/airflow/dags/exampledag.py
[2025-03-23T21:31:11.678+0000] {processor.py:829} INFO - Processing file /opt/airflow/dags/exampledag.py for tasks to queue
[2025-03-23T21:31:11.679+0000] {logging_mixin.py:154} INFO - [2025-03-23T21:31:11.679+0000] {dagbag.py:536} INFO - Filling up the DagBag from /opt/airflow/dags/exampledag.py
[2025-03-23T21:31:11.703+0000] {processor.py:839} INFO - DAG(s) dict_keys(['chethan_test_dag']) retrieved from /opt/airflow/dags/exampledag.py
[2025-03-23T21:31:11.723+0000] {logging_mixin.py:154} INFO - [2025-03-23T21:31:11.723+0000] {dag.py:2941} INFO - Sync 1 DAGs
[2025-03-23T21:31:11.741+0000] {logging_mixin.py:154} INFO - [2025-03-23T21:31:11.741+0000] {dag.py:3722} INFO - Setting next_dagrun for chethan_test_dag to 2025-03-22T00:00:00+00:00, run_after=2025-03-23T00:00:00+00:00
[2025-03-23T21:31:11.757+0000] {processor.py:179} INFO - Processing /opt/airflow/dags/exampledag.py took 0.083 seconds
[2025-03-23T21:31:42.044+0000] {processor.py:157} INFO - Started process (PID=3102) to work on /opt/airflow/dags/exampledag.py
[2025-03-23T21:31:42.046+0000] {processor.py:829} INFO - Processing file /opt/airflow/dags/exampledag.py for tasks to queue
[2025-03-23T21:31:42.047+0000] {logging_mixin.py:154} INFO - [2025-03-23T21:31:42.046+0000] {dagbag.py:536} INFO - Filling up the DagBag from /opt/airflow/dags/exampledag.py
[2025-03-23T21:31:42.071+0000] {processor.py:839} INFO - DAG(s) dict_keys(['chethan_test_dag']) retrieved from /opt/airflow/dags/exampledag.py
[2025-03-23T21:31:42.092+0000] {logging_mixin.py:154} INFO - [2025-03-23T21:31:42.092+0000] {dag.py:2941} INFO - Sync 1 DAGs
[2025-03-23T21:31:42.110+0000] {logging_mixin.py:154} INFO - [2025-03-23T21:31:42.110+0000] {dag.py:3722} INFO - Setting next_dagrun for chethan_test_dag to 2025-03-22T00:00:00+00:00, run_after=2025-03-23T00:00:00+00:00
[2025-03-23T21:31:42.129+0000] {processor.py:179} INFO - Processing /opt/airflow/dags/exampledag.py took 0.088 seconds
[2025-03-23T21:32:12.392+0000] {processor.py:157} INFO - Started process (PID=3105) to work on /opt/airflow/dags/exampledag.py
[2025-03-23T21:32:12.394+0000] {processor.py:829} INFO - Processing file /opt/airflow/dags/exampledag.py for tasks to queue
[2025-03-23T21:32:12.396+0000] {logging_mixin.py:154} INFO - [2025-03-23T21:32:12.396+0000] {dagbag.py:536} INFO - Filling up the DagBag from /opt/airflow/dags/exampledag.py
[2025-03-23T21:32:12.428+0000] {processor.py:839} INFO - DAG(s) dict_keys(['chethan_test_dag']) retrieved from /opt/airflow/dags/exampledag.py
[2025-03-23T21:32:12.449+0000] {logging_mixin.py:154} INFO - [2025-03-23T21:32:12.449+0000] {dag.py:2941} INFO - Sync 1 DAGs
[2025-03-23T21:32:12.467+0000] {logging_mixin.py:154} INFO - [2025-03-23T21:32:12.467+0000] {dag.py:3722} INFO - Setting next_dagrun for chethan_test_dag to 2025-03-22T00:00:00+00:00, run_after=2025-03-23T00:00:00+00:00
[2025-03-23T21:32:12.489+0000] {processor.py:179} INFO - Processing /opt/airflow/dags/exampledag.py took 0.100 seconds
[2025-03-23T21:32:42.727+0000] {processor.py:157} INFO - Started process (PID=3108) to work on /opt/airflow/dags/exampledag.py
[2025-03-23T21:32:42.728+0000] {processor.py:829} INFO - Processing file /opt/airflow/dags/exampledag.py for tasks to queue
[2025-03-23T21:32:42.729+0000] {logging_mixin.py:154} INFO - [2025-03-23T21:32:42.729+0000] {dagbag.py:536} INFO - Filling up the DagBag from /opt/airflow/dags/exampledag.py
[2025-03-23T21:32:42.760+0000] {processor.py:839} INFO - DAG(s) dict_keys(['chethan_test_dag']) retrieved from /opt/airflow/dags/exampledag.py
[2025-03-23T21:32:42.788+0000] {logging_mixin.py:154} INFO - [2025-03-23T21:32:42.788+0000] {dag.py:2941} INFO - Sync 1 DAGs
[2025-03-23T21:32:42.810+0000] {logging_mixin.py:154} INFO - [2025-03-23T21:32:42.809+0000] {dag.py:3722} INFO - Setting next_dagrun for chethan_test_dag to 2025-03-22T00:00:00+00:00, run_after=2025-03-23T00:00:00+00:00
[2025-03-23T21:32:42.824+0000] {processor.py:179} INFO - Processing /opt/airflow/dags/exampledag.py took 0.100 seconds
[2025-03-23T21:33:13.097+0000] {processor.py:157} INFO - Started process (PID=3111) to work on /opt/airflow/dags/exampledag.py
[2025-03-23T21:33:13.098+0000] {processor.py:829} INFO - Processing file /opt/airflow/dags/exampledag.py for tasks to queue
[2025-03-23T21:33:13.099+0000] {logging_mixin.py:154} INFO - [2025-03-23T21:33:13.099+0000] {dagbag.py:536} INFO - Filling up the DagBag from /opt/airflow/dags/exampledag.py
[2025-03-23T21:33:13.123+0000] {processor.py:839} INFO - DAG(s) dict_keys(['chethan_test_dag']) retrieved from /opt/airflow/dags/exampledag.py
[2025-03-23T21:33:13.144+0000] {logging_mixin.py:154} INFO - [2025-03-23T21:33:13.143+0000] {dag.py:2941} INFO - Sync 1 DAGs
[2025-03-23T21:33:13.161+0000] {logging_mixin.py:154} INFO - [2025-03-23T21:33:13.161+0000] {dag.py:3722} INFO - Setting next_dagrun for chethan_test_dag to 2025-03-22T00:00:00+00:00, run_after=2025-03-23T00:00:00+00:00
[2025-03-23T21:33:13.180+0000] {processor.py:179} INFO - Processing /opt/airflow/dags/exampledag.py took 0.088 seconds
[2025-03-23T21:33:43.464+0000] {processor.py:157} INFO - Started process (PID=3114) to work on /opt/airflow/dags/exampledag.py
[2025-03-23T21:33:43.466+0000] {processor.py:829} INFO - Processing file /opt/airflow/dags/exampledag.py for tasks to queue
[2025-03-23T21:33:43.467+0000] {logging_mixin.py:154} INFO - [2025-03-23T21:33:43.467+0000] {dagbag.py:536} INFO - Filling up the DagBag from /opt/airflow/dags/exampledag.py
[2025-03-23T21:33:43.504+0000] {processor.py:839} INFO - DAG(s) dict_keys(['chethan_test_dag']) retrieved from /opt/airflow/dags/exampledag.py
[2025-03-23T21:33:43.536+0000] {logging_mixin.py:154} INFO - [2025-03-23T21:33:43.536+0000] {dag.py:2941} INFO - Sync 1 DAGs
[2025-03-23T21:33:43.552+0000] {logging_mixin.py:154} INFO - [2025-03-23T21:33:43.552+0000] {dag.py:3722} INFO - Setting next_dagrun for chethan_test_dag to 2025-03-22T00:00:00+00:00, run_after=2025-03-23T00:00:00+00:00
[2025-03-23T21:33:43.570+0000] {processor.py:179} INFO - Processing /opt/airflow/dags/exampledag.py took 0.109 seconds
[2025-03-23T21:34:13.833+0000] {processor.py:157} INFO - Started process (PID=3117) to work on /opt/airflow/dags/exampledag.py
[2025-03-23T21:34:13.834+0000] {processor.py:829} INFO - Processing file /opt/airflow/dags/exampledag.py for tasks to queue
[2025-03-23T21:34:13.835+0000] {logging_mixin.py:154} INFO - [2025-03-23T21:34:13.835+0000] {dagbag.py:536} INFO - Filling up the DagBag from /opt/airflow/dags/exampledag.py
[2025-03-23T21:34:13.859+0000] {processor.py:839} INFO - DAG(s) dict_keys(['chethan_test_dag']) retrieved from /opt/airflow/dags/exampledag.py
[2025-03-23T21:34:13.881+0000] {logging_mixin.py:154} INFO - [2025-03-23T21:34:13.880+0000] {dag.py:2941} INFO - Sync 1 DAGs
[2025-03-23T21:34:13.899+0000] {logging_mixin.py:154} INFO - [2025-03-23T21:34:13.899+0000] {dag.py:3722} INFO - Setting next_dagrun for chethan_test_dag to 2025-03-22T00:00:00+00:00, run_after=2025-03-23T00:00:00+00:00
[2025-03-23T21:34:13.921+0000] {processor.py:179} INFO - Processing /opt/airflow/dags/exampledag.py took 0.092 seconds
[2025-03-23T21:41:56.927+0000] {processor.py:157} INFO - Started process (PID=3121) to work on /opt/airflow/dags/exampledag.py
[2025-03-23T21:41:56.930+0000] {processor.py:829} INFO - Processing file /opt/airflow/dags/exampledag.py for tasks to queue
[2025-03-23T21:41:56.932+0000] {logging_mixin.py:154} INFO - [2025-03-23T21:41:56.931+0000] {dagbag.py:536} INFO - Filling up the DagBag from /opt/airflow/dags/exampledag.py
[2025-03-23T21:41:57.118+0000] {processor.py:839} INFO - DAG(s) dict_keys(['chethan_test_dag']) retrieved from /opt/airflow/dags/exampledag.py
[2025-03-23T21:41:57.217+0000] {logging_mixin.py:154} INFO - [2025-03-23T21:41:57.216+0000] {dag.py:2941} INFO - Sync 1 DAGs
[2025-03-23T21:41:57.279+0000] {logging_mixin.py:154} INFO - [2025-03-23T21:41:57.278+0000] {dag.py:3722} INFO - Setting next_dagrun for chethan_test_dag to 2025-03-22T00:00:00+00:00, run_after=2025-03-23T00:00:00+00:00
[2025-03-23T21:41:57.357+0000] {processor.py:179} INFO - Processing /opt/airflow/dags/exampledag.py took 0.441 seconds
[2025-03-23T21:42:28.278+0000] {processor.py:157} INFO - Started process (PID=3126) to work on /opt/airflow/dags/exampledag.py
[2025-03-23T21:42:28.280+0000] {processor.py:829} INFO - Processing file /opt/airflow/dags/exampledag.py for tasks to queue
[2025-03-23T21:42:28.282+0000] {logging_mixin.py:154} INFO - [2025-03-23T21:42:28.281+0000] {dagbag.py:536} INFO - Filling up the DagBag from /opt/airflow/dags/exampledag.py
[2025-03-23T21:42:28.322+0000] {processor.py:839} INFO - DAG(s) dict_keys(['chethan_test_dag']) retrieved from /opt/airflow/dags/exampledag.py
[2025-03-23T21:42:28.375+0000] {logging_mixin.py:154} INFO - [2025-03-23T21:42:28.375+0000] {dag.py:2941} INFO - Sync 1 DAGs
[2025-03-23T21:42:28.434+0000] {logging_mixin.py:154} INFO - [2025-03-23T21:42:28.434+0000] {dag.py:3722} INFO - Setting next_dagrun for chethan_test_dag to 2025-03-22T00:00:00+00:00, run_after=2025-03-23T00:00:00+00:00
[2025-03-23T21:42:28.474+0000] {processor.py:179} INFO - Processing /opt/airflow/dags/exampledag.py took 0.203 seconds
[2025-03-23T21:42:58.743+0000] {processor.py:157} INFO - Started process (PID=3128) to work on /opt/airflow/dags/exampledag.py
[2025-03-23T21:42:58.744+0000] {processor.py:829} INFO - Processing file /opt/airflow/dags/exampledag.py for tasks to queue
[2025-03-23T21:42:58.745+0000] {logging_mixin.py:154} INFO - [2025-03-23T21:42:58.745+0000] {dagbag.py:536} INFO - Filling up the DagBag from /opt/airflow/dags/exampledag.py
[2025-03-23T21:42:58.771+0000] {processor.py:839} INFO - DAG(s) dict_keys(['chethan_test_dag']) retrieved from /opt/airflow/dags/exampledag.py
[2025-03-23T21:42:58.797+0000] {logging_mixin.py:154} INFO - [2025-03-23T21:42:58.797+0000] {dag.py:2941} INFO - Sync 1 DAGs
[2025-03-23T21:42:58.821+0000] {logging_mixin.py:154} INFO - [2025-03-23T21:42:58.821+0000] {dag.py:3722} INFO - Setting next_dagrun for chethan_test_dag to 2025-03-22T00:00:00+00:00, run_after=2025-03-23T00:00:00+00:00
[2025-03-23T21:42:58.842+0000] {processor.py:179} INFO - Processing /opt/airflow/dags/exampledag.py took 0.102 seconds
[2025-03-23T21:43:29.110+0000] {processor.py:157} INFO - Started process (PID=3131) to work on /opt/airflow/dags/exampledag.py
[2025-03-23T21:43:29.111+0000] {processor.py:829} INFO - Processing file /opt/airflow/dags/exampledag.py for tasks to queue
[2025-03-23T21:43:29.112+0000] {logging_mixin.py:154} INFO - [2025-03-23T21:43:29.112+0000] {dagbag.py:536} INFO - Filling up the DagBag from /opt/airflow/dags/exampledag.py
[2025-03-23T21:43:29.143+0000] {processor.py:839} INFO - DAG(s) dict_keys(['chethan_test_dag']) retrieved from /opt/airflow/dags/exampledag.py
[2025-03-23T21:43:29.164+0000] {logging_mixin.py:154} INFO - [2025-03-23T21:43:29.164+0000] {dag.py:2941} INFO - Sync 1 DAGs
[2025-03-23T21:43:29.194+0000] {logging_mixin.py:154} INFO - [2025-03-23T21:43:29.194+0000] {dag.py:3722} INFO - Setting next_dagrun for chethan_test_dag to 2025-03-22T00:00:00+00:00, run_after=2025-03-23T00:00:00+00:00
[2025-03-23T21:43:29.224+0000] {processor.py:179} INFO - Processing /opt/airflow/dags/exampledag.py took 0.117 seconds
[2025-03-23T21:43:59.532+0000] {processor.py:157} INFO - Started process (PID=3134) to work on /opt/airflow/dags/exampledag.py
[2025-03-23T21:43:59.534+0000] {processor.py:829} INFO - Processing file /opt/airflow/dags/exampledag.py for tasks to queue
[2025-03-23T21:43:59.535+0000] {logging_mixin.py:154} INFO - [2025-03-23T21:43:59.534+0000] {dagbag.py:536} INFO - Filling up the DagBag from /opt/airflow/dags/exampledag.py
[2025-03-23T21:43:59.585+0000] {processor.py:839} INFO - DAG(s) dict_keys(['chethan_test_dag']) retrieved from /opt/airflow/dags/exampledag.py
[2025-03-23T21:43:59.627+0000] {logging_mixin.py:154} INFO - [2025-03-23T21:43:59.627+0000] {dag.py:2941} INFO - Sync 1 DAGs
[2025-03-23T21:43:59.650+0000] {logging_mixin.py:154} INFO - [2025-03-23T21:43:59.650+0000] {dag.py:3722} INFO - Setting next_dagrun for chethan_test_dag to 2025-03-22T00:00:00+00:00, run_after=2025-03-23T00:00:00+00:00
[2025-03-23T21:43:59.674+0000] {processor.py:179} INFO - Processing /opt/airflow/dags/exampledag.py took 0.145 seconds
[2025-03-23T21:44:29.972+0000] {processor.py:157} INFO - Started process (PID=3137) to work on /opt/airflow/dags/exampledag.py
[2025-03-23T21:44:29.973+0000] {processor.py:829} INFO - Processing file /opt/airflow/dags/exampledag.py for tasks to queue
[2025-03-23T21:44:29.976+0000] {logging_mixin.py:154} INFO - [2025-03-23T21:44:29.975+0000] {dagbag.py:536} INFO - Filling up the DagBag from /opt/airflow/dags/exampledag.py
[2025-03-23T21:44:30.013+0000] {processor.py:839} INFO - DAG(s) dict_keys(['chethan_test_dag']) retrieved from /opt/airflow/dags/exampledag.py
[2025-03-23T21:44:30.033+0000] {logging_mixin.py:154} INFO - [2025-03-23T21:44:30.033+0000] {dag.py:2941} INFO - Sync 1 DAGs
[2025-03-23T21:44:30.053+0000] {logging_mixin.py:154} INFO - [2025-03-23T21:44:30.053+0000] {dag.py:3722} INFO - Setting next_dagrun for chethan_test_dag to 2025-03-22T00:00:00+00:00, run_after=2025-03-23T00:00:00+00:00
[2025-03-23T21:44:30.070+0000] {processor.py:179} INFO - Processing /opt/airflow/dags/exampledag.py took 0.104 seconds
[2025-03-23T21:45:00.392+0000] {processor.py:157} INFO - Started process (PID=3140) to work on /opt/airflow/dags/exampledag.py
[2025-03-23T21:45:00.393+0000] {processor.py:829} INFO - Processing file /opt/airflow/dags/exampledag.py for tasks to queue
[2025-03-23T21:45:00.394+0000] {logging_mixin.py:154} INFO - [2025-03-23T21:45:00.393+0000] {dagbag.py:536} INFO - Filling up the DagBag from /opt/airflow/dags/exampledag.py
[2025-03-23T21:45:00.420+0000] {processor.py:839} INFO - DAG(s) dict_keys(['chethan_test_dag']) retrieved from /opt/airflow/dags/exampledag.py
[2025-03-23T21:45:00.454+0000] {logging_mixin.py:154} INFO - [2025-03-23T21:45:00.454+0000] {dag.py:2941} INFO - Sync 1 DAGs
[2025-03-23T21:45:00.484+0000] {logging_mixin.py:154} INFO - [2025-03-23T21:45:00.484+0000] {dag.py:3722} INFO - Setting next_dagrun for chethan_test_dag to 2025-03-22T00:00:00+00:00, run_after=2025-03-23T00:00:00+00:00
[2025-03-23T21:45:00.521+0000] {processor.py:179} INFO - Processing /opt/airflow/dags/exampledag.py took 0.134 seconds
[2025-03-23T21:45:30.823+0000] {processor.py:157} INFO - Started process (PID=3143) to work on /opt/airflow/dags/exampledag.py
[2025-03-23T21:45:30.825+0000] {processor.py:829} INFO - Processing file /opt/airflow/dags/exampledag.py for tasks to queue
[2025-03-23T21:45:30.825+0000] {logging_mixin.py:154} INFO - [2025-03-23T21:45:30.825+0000] {dagbag.py:536} INFO - Filling up the DagBag from /opt/airflow/dags/exampledag.py
[2025-03-23T21:45:30.851+0000] {processor.py:839} INFO - DAG(s) dict_keys(['chethan_test_dag']) retrieved from /opt/airflow/dags/exampledag.py
[2025-03-23T21:45:30.871+0000] {logging_mixin.py:154} INFO - [2025-03-23T21:45:30.871+0000] {dag.py:2941} INFO - Sync 1 DAGs
[2025-03-23T21:45:30.894+0000] {logging_mixin.py:154} INFO - [2025-03-23T21:45:30.894+0000] {dag.py:3722} INFO - Setting next_dagrun for chethan_test_dag to 2025-03-22T00:00:00+00:00, run_after=2025-03-23T00:00:00+00:00
[2025-03-23T21:45:30.914+0000] {processor.py:179} INFO - Processing /opt/airflow/dags/exampledag.py took 0.094 seconds
[2025-03-23T21:46:01.203+0000] {processor.py:157} INFO - Started process (PID=3146) to work on /opt/airflow/dags/exampledag.py
[2025-03-23T21:46:01.206+0000] {processor.py:829} INFO - Processing file /opt/airflow/dags/exampledag.py for tasks to queue
[2025-03-23T21:46:01.208+0000] {logging_mixin.py:154} INFO - [2025-03-23T21:46:01.208+0000] {dagbag.py:536} INFO - Filling up the DagBag from /opt/airflow/dags/exampledag.py
[2025-03-23T21:46:01.243+0000] {processor.py:839} INFO - DAG(s) dict_keys(['chethan_test_dag']) retrieved from /opt/airflow/dags/exampledag.py
[2025-03-23T21:46:01.271+0000] {logging_mixin.py:154} INFO - [2025-03-23T21:46:01.271+0000] {dag.py:2941} INFO - Sync 1 DAGs
[2025-03-23T21:46:01.293+0000] {logging_mixin.py:154} INFO - [2025-03-23T21:46:01.293+0000] {dag.py:3722} INFO - Setting next_dagrun for chethan_test_dag to 2025-03-22T00:00:00+00:00, run_after=2025-03-23T00:00:00+00:00
[2025-03-23T21:46:01.318+0000] {processor.py:179} INFO - Processing /opt/airflow/dags/exampledag.py took 0.120 seconds
[2025-03-23T21:46:31.580+0000] {processor.py:157} INFO - Started process (PID=3149) to work on /opt/airflow/dags/exampledag.py
[2025-03-23T21:46:31.581+0000] {processor.py:829} INFO - Processing file /opt/airflow/dags/exampledag.py for tasks to queue
[2025-03-23T21:46:31.583+0000] {logging_mixin.py:154} INFO - [2025-03-23T21:46:31.582+0000] {dagbag.py:536} INFO - Filling up the DagBag from /opt/airflow/dags/exampledag.py
[2025-03-23T21:46:31.618+0000] {processor.py:839} INFO - DAG(s) dict_keys(['chethan_test_dag']) retrieved from /opt/airflow/dags/exampledag.py
[2025-03-23T21:46:31.648+0000] {logging_mixin.py:154} INFO - [2025-03-23T21:46:31.648+0000] {dag.py:2941} INFO - Sync 1 DAGs
[2025-03-23T21:46:31.670+0000] {logging_mixin.py:154} INFO - [2025-03-23T21:46:31.670+0000] {dag.py:3722} INFO - Setting next_dagrun for chethan_test_dag to 2025-03-22T00:00:00+00:00, run_after=2025-03-23T00:00:00+00:00
[2025-03-23T21:46:31.690+0000] {processor.py:179} INFO - Processing /opt/airflow/dags/exampledag.py took 0.114 seconds
[2025-03-23T21:47:02.111+0000] {processor.py:157} INFO - Started process (PID=3152) to work on /opt/airflow/dags/exampledag.py
[2025-03-23T21:47:02.113+0000] {processor.py:829} INFO - Processing file /opt/airflow/dags/exampledag.py for tasks to queue
[2025-03-23T21:47:02.115+0000] {logging_mixin.py:154} INFO - [2025-03-23T21:47:02.115+0000] {dagbag.py:536} INFO - Filling up the DagBag from /opt/airflow/dags/exampledag.py
[2025-03-23T21:47:02.159+0000] {processor.py:839} INFO - DAG(s) dict_keys(['chethan_test_dag']) retrieved from /opt/airflow/dags/exampledag.py
[2025-03-23T21:47:02.192+0000] {logging_mixin.py:154} INFO - [2025-03-23T21:47:02.191+0000] {dag.py:2941} INFO - Sync 1 DAGs
[2025-03-23T21:47:02.220+0000] {logging_mixin.py:154} INFO - [2025-03-23T21:47:02.219+0000] {dag.py:3722} INFO - Setting next_dagrun for chethan_test_dag to 2025-03-22T00:00:00+00:00, run_after=2025-03-23T00:00:00+00:00
[2025-03-23T21:47:02.240+0000] {processor.py:179} INFO - Processing /opt/airflow/dags/exampledag.py took 0.135 seconds
[2025-03-23T21:47:32.488+0000] {processor.py:157} INFO - Started process (PID=3155) to work on /opt/airflow/dags/exampledag.py
[2025-03-23T21:47:32.489+0000] {processor.py:829} INFO - Processing file /opt/airflow/dags/exampledag.py for tasks to queue
[2025-03-23T21:47:32.490+0000] {logging_mixin.py:154} INFO - [2025-03-23T21:47:32.489+0000] {dagbag.py:536} INFO - Filling up the DagBag from /opt/airflow/dags/exampledag.py
[2025-03-23T21:47:32.515+0000] {processor.py:839} INFO - DAG(s) dict_keys(['chethan_test_dag']) retrieved from /opt/airflow/dags/exampledag.py
[2025-03-23T21:47:32.539+0000] {logging_mixin.py:154} INFO - [2025-03-23T21:47:32.539+0000] {dag.py:2941} INFO - Sync 1 DAGs
[2025-03-23T21:47:32.563+0000] {logging_mixin.py:154} INFO - [2025-03-23T21:47:32.563+0000] {dag.py:3722} INFO - Setting next_dagrun for chethan_test_dag to 2025-03-22T00:00:00+00:00, run_after=2025-03-23T00:00:00+00:00
[2025-03-23T21:47:32.583+0000] {processor.py:179} INFO - Processing /opt/airflow/dags/exampledag.py took 0.098 seconds
[2025-03-23T21:48:02.828+0000] {processor.py:157} INFO - Started process (PID=3158) to work on /opt/airflow/dags/exampledag.py
[2025-03-23T21:48:02.829+0000] {processor.py:829} INFO - Processing file /opt/airflow/dags/exampledag.py for tasks to queue
[2025-03-23T21:48:02.830+0000] {logging_mixin.py:154} INFO - [2025-03-23T21:48:02.830+0000] {dagbag.py:536} INFO - Filling up the DagBag from /opt/airflow/dags/exampledag.py
[2025-03-23T21:48:02.862+0000] {processor.py:839} INFO - DAG(s) dict_keys(['chethan_test_dag']) retrieved from /opt/airflow/dags/exampledag.py
[2025-03-23T21:48:02.886+0000] {logging_mixin.py:154} INFO - [2025-03-23T21:48:02.886+0000] {dag.py:2941} INFO - Sync 1 DAGs
[2025-03-23T21:48:02.910+0000] {logging_mixin.py:154} INFO - [2025-03-23T21:48:02.909+0000] {dag.py:3722} INFO - Setting next_dagrun for chethan_test_dag to 2025-03-22T00:00:00+00:00, run_after=2025-03-23T00:00:00+00:00
[2025-03-23T21:48:02.931+0000] {processor.py:179} INFO - Processing /opt/airflow/dags/exampledag.py took 0.106 seconds
[2025-03-23T21:48:33.270+0000] {processor.py:157} INFO - Started process (PID=3161) to work on /opt/airflow/dags/exampledag.py
[2025-03-23T21:48:33.272+0000] {processor.py:829} INFO - Processing file /opt/airflow/dags/exampledag.py for tasks to queue
[2025-03-23T21:48:33.273+0000] {logging_mixin.py:154} INFO - [2025-03-23T21:48:33.273+0000] {dagbag.py:536} INFO - Filling up the DagBag from /opt/airflow/dags/exampledag.py
[2025-03-23T21:48:33.342+0000] {processor.py:839} INFO - DAG(s) dict_keys(['chethan_test_dag']) retrieved from /opt/airflow/dags/exampledag.py
[2025-03-23T21:48:33.402+0000] {logging_mixin.py:154} INFO - [2025-03-23T21:48:33.402+0000] {dag.py:2941} INFO - Sync 1 DAGs
[2025-03-23T21:48:33.457+0000] {logging_mixin.py:154} INFO - [2025-03-23T21:48:33.457+0000] {dag.py:3722} INFO - Setting next_dagrun for chethan_test_dag to 2025-03-22T00:00:00+00:00, run_after=2025-03-23T00:00:00+00:00
[2025-03-23T21:48:33.491+0000] {processor.py:179} INFO - Processing /opt/airflow/dags/exampledag.py took 0.225 seconds
[2025-03-23T21:49:03.793+0000] {processor.py:157} INFO - Started process (PID=3164) to work on /opt/airflow/dags/exampledag.py
[2025-03-23T21:49:03.795+0000] {processor.py:829} INFO - Processing file /opt/airflow/dags/exampledag.py for tasks to queue
[2025-03-23T21:49:03.796+0000] {logging_mixin.py:154} INFO - [2025-03-23T21:49:03.796+0000] {dagbag.py:536} INFO - Filling up the DagBag from /opt/airflow/dags/exampledag.py
[2025-03-23T21:49:03.824+0000] {processor.py:839} INFO - DAG(s) dict_keys(['chethan_test_dag']) retrieved from /opt/airflow/dags/exampledag.py
[2025-03-23T21:49:03.852+0000] {logging_mixin.py:154} INFO - [2025-03-23T21:49:03.852+0000] {dag.py:2941} INFO - Sync 1 DAGs
[2025-03-23T21:49:03.873+0000] {logging_mixin.py:154} INFO - [2025-03-23T21:49:03.873+0000] {dag.py:3722} INFO - Setting next_dagrun for chethan_test_dag to 2025-03-22T00:00:00+00:00, run_after=2025-03-23T00:00:00+00:00
[2025-03-23T21:49:03.903+0000] {processor.py:179} INFO - Processing /opt/airflow/dags/exampledag.py took 0.115 seconds
[2025-03-23T21:49:34.199+0000] {processor.py:157} INFO - Started process (PID=3167) to work on /opt/airflow/dags/exampledag.py
[2025-03-23T21:49:34.200+0000] {processor.py:829} INFO - Processing file /opt/airflow/dags/exampledag.py for tasks to queue
[2025-03-23T21:49:34.202+0000] {logging_mixin.py:154} INFO - [2025-03-23T21:49:34.202+0000] {dagbag.py:536} INFO - Filling up the DagBag from /opt/airflow/dags/exampledag.py
[2025-03-23T21:49:34.229+0000] {processor.py:839} INFO - DAG(s) dict_keys(['chethan_test_dag']) retrieved from /opt/airflow/dags/exampledag.py
[2025-03-23T21:49:34.252+0000] {logging_mixin.py:154} INFO - [2025-03-23T21:49:34.252+0000] {dag.py:2941} INFO - Sync 1 DAGs
[2025-03-23T21:49:34.273+0000] {logging_mixin.py:154} INFO - [2025-03-23T21:49:34.273+0000] {dag.py:3722} INFO - Setting next_dagrun for chethan_test_dag to 2025-03-22T00:00:00+00:00, run_after=2025-03-23T00:00:00+00:00
[2025-03-23T21:49:34.293+0000] {processor.py:179} INFO - Processing /opt/airflow/dags/exampledag.py took 0.098 seconds
[2025-03-23T21:50:04.591+0000] {processor.py:157} INFO - Started process (PID=3170) to work on /opt/airflow/dags/exampledag.py
[2025-03-23T21:50:04.593+0000] {processor.py:829} INFO - Processing file /opt/airflow/dags/exampledag.py for tasks to queue
[2025-03-23T21:50:04.594+0000] {logging_mixin.py:154} INFO - [2025-03-23T21:50:04.593+0000] {dagbag.py:536} INFO - Filling up the DagBag from /opt/airflow/dags/exampledag.py
[2025-03-23T21:50:04.618+0000] {processor.py:839} INFO - DAG(s) dict_keys(['chethan_test_dag']) retrieved from /opt/airflow/dags/exampledag.py
[2025-03-23T21:50:04.640+0000] {logging_mixin.py:154} INFO - [2025-03-23T21:50:04.640+0000] {dag.py:2941} INFO - Sync 1 DAGs
[2025-03-23T21:50:04.665+0000] {logging_mixin.py:154} INFO - [2025-03-23T21:50:04.665+0000] {dag.py:3722} INFO - Setting next_dagrun for chethan_test_dag to 2025-03-22T00:00:00+00:00, run_after=2025-03-23T00:00:00+00:00
[2025-03-23T21:50:04.681+0000] {processor.py:179} INFO - Processing /opt/airflow/dags/exampledag.py took 0.092 seconds
[2025-03-23T21:50:34.964+0000] {processor.py:157} INFO - Started process (PID=3173) to work on /opt/airflow/dags/exampledag.py
[2025-03-23T21:50:34.965+0000] {processor.py:829} INFO - Processing file /opt/airflow/dags/exampledag.py for tasks to queue
[2025-03-23T21:50:34.965+0000] {logging_mixin.py:154} INFO - [2025-03-23T21:50:34.965+0000] {dagbag.py:536} INFO - Filling up the DagBag from /opt/airflow/dags/exampledag.py
[2025-03-23T21:50:34.988+0000] {processor.py:839} INFO - DAG(s) dict_keys(['chethan_test_dag']) retrieved from /opt/airflow/dags/exampledag.py
[2025-03-23T21:50:35.009+0000] {logging_mixin.py:154} INFO - [2025-03-23T21:50:35.008+0000] {dag.py:2941} INFO - Sync 1 DAGs
[2025-03-23T21:50:35.028+0000] {logging_mixin.py:154} INFO - [2025-03-23T21:50:35.028+0000] {dag.py:3722} INFO - Setting next_dagrun for chethan_test_dag to 2025-03-22T00:00:00+00:00, run_after=2025-03-23T00:00:00+00:00
[2025-03-23T21:50:35.051+0000] {processor.py:179} INFO - Processing /opt/airflow/dags/exampledag.py took 0.090 seconds
[2025-03-23T21:51:05.355+0000] {processor.py:157} INFO - Started process (PID=3176) to work on /opt/airflow/dags/exampledag.py
[2025-03-23T21:51:05.357+0000] {processor.py:829} INFO - Processing file /opt/airflow/dags/exampledag.py for tasks to queue
[2025-03-23T21:51:05.358+0000] {logging_mixin.py:154} INFO - [2025-03-23T21:51:05.358+0000] {dagbag.py:536} INFO - Filling up the DagBag from /opt/airflow/dags/exampledag.py
[2025-03-23T21:51:05.412+0000] {processor.py:839} INFO - DAG(s) dict_keys(['chethan_test_dag']) retrieved from /opt/airflow/dags/exampledag.py
[2025-03-23T21:51:05.588+0000] {logging_mixin.py:154} INFO - [2025-03-23T21:51:05.588+0000] {dag.py:2941} INFO - Sync 1 DAGs
[2025-03-23T21:51:05.719+0000] {logging_mixin.py:154} INFO - [2025-03-23T21:51:05.719+0000] {dag.py:3722} INFO - Setting next_dagrun for chethan_test_dag to 2025-03-22T00:00:00+00:00, run_after=2025-03-23T00:00:00+00:00
[2025-03-23T21:51:05.789+0000] {processor.py:179} INFO - Processing /opt/airflow/dags/exampledag.py took 0.440 seconds
[2025-03-23T21:51:35.838+0000] {processor.py:157} INFO - Started process (PID=3179) to work on /opt/airflow/dags/exampledag.py
[2025-03-23T21:51:35.839+0000] {processor.py:829} INFO - Processing file /opt/airflow/dags/exampledag.py for tasks to queue
[2025-03-23T21:51:35.841+0000] {logging_mixin.py:154} INFO - [2025-03-23T21:51:35.840+0000] {dagbag.py:536} INFO - Filling up the DagBag from /opt/airflow/dags/exampledag.py
[2025-03-23T21:51:35.869+0000] {processor.py:839} INFO - DAG(s) dict_keys(['chethan_test_dag']) retrieved from /opt/airflow/dags/exampledag.py
[2025-03-23T21:51:35.899+0000] {logging_mixin.py:154} INFO - [2025-03-23T21:51:35.899+0000] {dag.py:2941} INFO - Sync 1 DAGs
[2025-03-23T21:51:35.922+0000] {logging_mixin.py:154} INFO - [2025-03-23T21:51:35.922+0000] {dag.py:3722} INFO - Setting next_dagrun for chethan_test_dag to 2025-03-22T00:00:00+00:00, run_after=2025-03-23T00:00:00+00:00
[2025-03-23T21:51:35.947+0000] {processor.py:179} INFO - Processing /opt/airflow/dags/exampledag.py took 0.112 seconds
[2025-03-23T21:52:06.453+0000] {processor.py:157} INFO - Started process (PID=3182) to work on /opt/airflow/dags/exampledag.py
[2025-03-23T21:52:06.455+0000] {processor.py:829} INFO - Processing file /opt/airflow/dags/exampledag.py for tasks to queue
[2025-03-23T21:52:06.457+0000] {logging_mixin.py:154} INFO - [2025-03-23T21:52:06.456+0000] {dagbag.py:536} INFO - Filling up the DagBag from /opt/airflow/dags/exampledag.py
[2025-03-23T21:52:06.498+0000] {processor.py:839} INFO - DAG(s) dict_keys(['chethan_test_dag']) retrieved from /opt/airflow/dags/exampledag.py
[2025-03-23T21:52:06.550+0000] {logging_mixin.py:154} INFO - [2025-03-23T21:52:06.550+0000] {dag.py:2941} INFO - Sync 1 DAGs
[2025-03-23T21:52:06.591+0000] {logging_mixin.py:154} INFO - [2025-03-23T21:52:06.591+0000] {dag.py:3722} INFO - Setting next_dagrun for chethan_test_dag to 2025-03-22T00:00:00+00:00, run_after=2025-03-23T00:00:00+00:00
[2025-03-23T21:52:06.627+0000] {processor.py:179} INFO - Processing /opt/airflow/dags/exampledag.py took 0.177 seconds
[2025-03-23T21:52:36.915+0000] {processor.py:157} INFO - Started process (PID=3185) to work on /opt/airflow/dags/exampledag.py
[2025-03-23T21:52:36.917+0000] {processor.py:829} INFO - Processing file /opt/airflow/dags/exampledag.py for tasks to queue
[2025-03-23T21:52:36.918+0000] {logging_mixin.py:154} INFO - [2025-03-23T21:52:36.918+0000] {dagbag.py:536} INFO - Filling up the DagBag from /opt/airflow/dags/exampledag.py
[2025-03-23T21:52:36.946+0000] {processor.py:839} INFO - DAG(s) dict_keys(['chethan_test_dag']) retrieved from /opt/airflow/dags/exampledag.py
[2025-03-23T21:52:36.969+0000] {logging_mixin.py:154} INFO - [2025-03-23T21:52:36.969+0000] {dag.py:2941} INFO - Sync 1 DAGs
[2025-03-23T21:52:36.988+0000] {logging_mixin.py:154} INFO - [2025-03-23T21:52:36.988+0000] {dag.py:3722} INFO - Setting next_dagrun for chethan_test_dag to 2025-03-22T00:00:00+00:00, run_after=2025-03-23T00:00:00+00:00
[2025-03-23T21:52:37.013+0000] {processor.py:179} INFO - Processing /opt/airflow/dags/exampledag.py took 0.100 seconds
[2025-03-23T21:53:07.319+0000] {processor.py:157} INFO - Started process (PID=3188) to work on /opt/airflow/dags/exampledag.py
[2025-03-23T21:53:07.325+0000] {processor.py:829} INFO - Processing file /opt/airflow/dags/exampledag.py for tasks to queue
[2025-03-23T21:53:07.328+0000] {logging_mixin.py:154} INFO - [2025-03-23T21:53:07.327+0000] {dagbag.py:536} INFO - Filling up the DagBag from /opt/airflow/dags/exampledag.py
[2025-03-23T21:53:07.365+0000] {processor.py:839} INFO - DAG(s) dict_keys(['chethan_test_dag']) retrieved from /opt/airflow/dags/exampledag.py
[2025-03-23T21:53:07.403+0000] {logging_mixin.py:154} INFO - [2025-03-23T21:53:07.403+0000] {dag.py:2941} INFO - Sync 1 DAGs
[2025-03-23T21:53:07.461+0000] {logging_mixin.py:154} INFO - [2025-03-23T21:53:07.460+0000] {dag.py:3722} INFO - Setting next_dagrun for chethan_test_dag to 2025-03-22T00:00:00+00:00, run_after=2025-03-23T00:00:00+00:00
[2025-03-23T21:53:07.490+0000] {processor.py:179} INFO - Processing /opt/airflow/dags/exampledag.py took 0.211 seconds
[2025-03-23T21:53:37.805+0000] {processor.py:157} INFO - Started process (PID=3191) to work on /opt/airflow/dags/exampledag.py
[2025-03-23T21:53:37.808+0000] {processor.py:829} INFO - Processing file /opt/airflow/dags/exampledag.py for tasks to queue
[2025-03-23T21:53:37.811+0000] {logging_mixin.py:154} INFO - [2025-03-23T21:53:37.810+0000] {dagbag.py:536} INFO - Filling up the DagBag from /opt/airflow/dags/exampledag.py
[2025-03-23T21:53:37.868+0000] {processor.py:839} INFO - DAG(s) dict_keys(['chethan_test_dag']) retrieved from /opt/airflow/dags/exampledag.py
[2025-03-23T21:53:37.923+0000] {logging_mixin.py:154} INFO - [2025-03-23T21:53:37.923+0000] {dag.py:2941} INFO - Sync 1 DAGs
[2025-03-23T21:53:37.966+0000] {logging_mixin.py:154} INFO - [2025-03-23T21:53:37.965+0000] {dag.py:3722} INFO - Setting next_dagrun for chethan_test_dag to 2025-03-22T00:00:00+00:00, run_after=2025-03-23T00:00:00+00:00
[2025-03-23T21:53:38.004+0000] {processor.py:179} INFO - Processing /opt/airflow/dags/exampledag.py took 0.207 seconds
[2025-03-23T21:54:08.275+0000] {processor.py:157} INFO - Started process (PID=3194) to work on /opt/airflow/dags/exampledag.py
[2025-03-23T21:54:08.277+0000] {processor.py:829} INFO - Processing file /opt/airflow/dags/exampledag.py for tasks to queue
[2025-03-23T21:54:08.278+0000] {logging_mixin.py:154} INFO - [2025-03-23T21:54:08.277+0000] {dagbag.py:536} INFO - Filling up the DagBag from /opt/airflow/dags/exampledag.py
[2025-03-23T21:54:08.302+0000] {processor.py:839} INFO - DAG(s) dict_keys(['chethan_test_dag']) retrieved from /opt/airflow/dags/exampledag.py
[2025-03-23T21:54:08.323+0000] {logging_mixin.py:154} INFO - [2025-03-23T21:54:08.322+0000] {dag.py:2941} INFO - Sync 1 DAGs
[2025-03-23T21:54:08.341+0000] {logging_mixin.py:154} INFO - [2025-03-23T21:54:08.341+0000] {dag.py:3722} INFO - Setting next_dagrun for chethan_test_dag to 2025-03-22T00:00:00+00:00, run_after=2025-03-23T00:00:00+00:00
[2025-03-23T21:54:08.361+0000] {processor.py:179} INFO - Processing /opt/airflow/dags/exampledag.py took 0.090 seconds
[2025-03-23T21:54:38.619+0000] {processor.py:157} INFO - Started process (PID=3197) to work on /opt/airflow/dags/exampledag.py
[2025-03-23T21:54:38.621+0000] {processor.py:829} INFO - Processing file /opt/airflow/dags/exampledag.py for tasks to queue
[2025-03-23T21:54:38.623+0000] {logging_mixin.py:154} INFO - [2025-03-23T21:54:38.622+0000] {dagbag.py:536} INFO - Filling up the DagBag from /opt/airflow/dags/exampledag.py
[2025-03-23T21:54:38.649+0000] {processor.py:839} INFO - DAG(s) dict_keys(['chethan_test_dag']) retrieved from /opt/airflow/dags/exampledag.py
[2025-03-23T21:54:38.676+0000] {logging_mixin.py:154} INFO - [2025-03-23T21:54:38.676+0000] {dag.py:2941} INFO - Sync 1 DAGs
[2025-03-23T21:54:38.697+0000] {logging_mixin.py:154} INFO - [2025-03-23T21:54:38.697+0000] {dag.py:3722} INFO - Setting next_dagrun for chethan_test_dag to 2025-03-22T00:00:00+00:00, run_after=2025-03-23T00:00:00+00:00
[2025-03-23T21:54:38.715+0000] {processor.py:179} INFO - Processing /opt/airflow/dags/exampledag.py took 0.099 seconds
[2025-03-23T21:55:08.991+0000] {processor.py:157} INFO - Started process (PID=3200) to work on /opt/airflow/dags/exampledag.py
[2025-03-23T21:55:08.992+0000] {processor.py:829} INFO - Processing file /opt/airflow/dags/exampledag.py for tasks to queue
[2025-03-23T21:55:08.993+0000] {logging_mixin.py:154} INFO - [2025-03-23T21:55:08.993+0000] {dagbag.py:536} INFO - Filling up the DagBag from /opt/airflow/dags/exampledag.py
[2025-03-23T21:55:09.018+0000] {processor.py:839} INFO - DAG(s) dict_keys(['chethan_test_dag']) retrieved from /opt/airflow/dags/exampledag.py
[2025-03-23T21:55:09.042+0000] {logging_mixin.py:154} INFO - [2025-03-23T21:55:09.042+0000] {dag.py:2941} INFO - Sync 1 DAGs
[2025-03-23T21:55:09.061+0000] {logging_mixin.py:154} INFO - [2025-03-23T21:55:09.061+0000] {dag.py:3722} INFO - Setting next_dagrun for chethan_test_dag to 2025-03-22T00:00:00+00:00, run_after=2025-03-23T00:00:00+00:00
[2025-03-23T21:55:09.079+0000] {processor.py:179} INFO - Processing /opt/airflow/dags/exampledag.py took 0.092 seconds
[2025-03-23T21:55:39.384+0000] {processor.py:157} INFO - Started process (PID=3203) to work on /opt/airflow/dags/exampledag.py
[2025-03-23T21:55:39.386+0000] {processor.py:829} INFO - Processing file /opt/airflow/dags/exampledag.py for tasks to queue
[2025-03-23T21:55:39.387+0000] {logging_mixin.py:154} INFO - [2025-03-23T21:55:39.387+0000] {dagbag.py:536} INFO - Filling up the DagBag from /opt/airflow/dags/exampledag.py
[2025-03-23T21:55:39.413+0000] {processor.py:839} INFO - DAG(s) dict_keys(['chethan_test_dag']) retrieved from /opt/airflow/dags/exampledag.py
[2025-03-23T21:55:39.439+0000] {logging_mixin.py:154} INFO - [2025-03-23T21:55:39.439+0000] {dag.py:2941} INFO - Sync 1 DAGs
[2025-03-23T21:55:39.459+0000] {logging_mixin.py:154} INFO - [2025-03-23T21:55:39.459+0000] {dag.py:3722} INFO - Setting next_dagrun for chethan_test_dag to 2025-03-22T00:00:00+00:00, run_after=2025-03-23T00:00:00+00:00
[2025-03-23T21:55:39.477+0000] {processor.py:179} INFO - Processing /opt/airflow/dags/exampledag.py took 0.100 seconds
[2025-03-23T21:56:09.788+0000] {processor.py:157} INFO - Started process (PID=3206) to work on /opt/airflow/dags/exampledag.py
[2025-03-23T21:56:09.790+0000] {processor.py:829} INFO - Processing file /opt/airflow/dags/exampledag.py for tasks to queue
[2025-03-23T21:56:09.791+0000] {logging_mixin.py:154} INFO - [2025-03-23T21:56:09.790+0000] {dagbag.py:536} INFO - Filling up the DagBag from /opt/airflow/dags/exampledag.py
[2025-03-23T21:56:09.824+0000] {processor.py:839} INFO - DAG(s) dict_keys(['chethan_test_dag']) retrieved from /opt/airflow/dags/exampledag.py
[2025-03-23T21:56:09.857+0000] {logging_mixin.py:154} INFO - [2025-03-23T21:56:09.856+0000] {dag.py:2941} INFO - Sync 1 DAGs
[2025-03-23T21:56:09.879+0000] {logging_mixin.py:154} INFO - [2025-03-23T21:56:09.879+0000] {dag.py:3722} INFO - Setting next_dagrun for chethan_test_dag to 2025-03-22T00:00:00+00:00, run_after=2025-03-23T00:00:00+00:00
[2025-03-23T21:56:09.920+0000] {processor.py:179} INFO - Processing /opt/airflow/dags/exampledag.py took 0.136 seconds
[2025-03-23T21:56:40.190+0000] {processor.py:157} INFO - Started process (PID=3209) to work on /opt/airflow/dags/exampledag.py
[2025-03-23T21:56:40.191+0000] {processor.py:829} INFO - Processing file /opt/airflow/dags/exampledag.py for tasks to queue
[2025-03-23T21:56:40.192+0000] {logging_mixin.py:154} INFO - [2025-03-23T21:56:40.192+0000] {dagbag.py:536} INFO - Filling up the DagBag from /opt/airflow/dags/exampledag.py
[2025-03-23T21:56:40.214+0000] {processor.py:839} INFO - DAG(s) dict_keys(['chethan_test_dag']) retrieved from /opt/airflow/dags/exampledag.py
[2025-03-23T21:56:40.234+0000] {logging_mixin.py:154} INFO - [2025-03-23T21:56:40.234+0000] {dag.py:2941} INFO - Sync 1 DAGs
[2025-03-23T21:56:40.258+0000] {logging_mixin.py:154} INFO - [2025-03-23T21:56:40.257+0000] {dag.py:3722} INFO - Setting next_dagrun for chethan_test_dag to 2025-03-22T00:00:00+00:00, run_after=2025-03-23T00:00:00+00:00
[2025-03-23T21:56:40.281+0000] {processor.py:179} INFO - Processing /opt/airflow/dags/exampledag.py took 0.094 seconds
[2025-03-23T21:57:10.668+0000] {processor.py:157} INFO - Started process (PID=3212) to work on /opt/airflow/dags/exampledag.py
[2025-03-23T21:57:10.670+0000] {processor.py:829} INFO - Processing file /opt/airflow/dags/exampledag.py for tasks to queue
[2025-03-23T21:57:10.671+0000] {logging_mixin.py:154} INFO - [2025-03-23T21:57:10.671+0000] {dagbag.py:536} INFO - Filling up the DagBag from /opt/airflow/dags/exampledag.py
[2025-03-23T21:57:10.710+0000] {processor.py:839} INFO - DAG(s) dict_keys(['chethan_test_dag']) retrieved from /opt/airflow/dags/exampledag.py
[2025-03-23T21:57:10.755+0000] {logging_mixin.py:154} INFO - [2025-03-23T21:57:10.755+0000] {dag.py:2941} INFO - Sync 1 DAGs
[2025-03-23T21:57:10.789+0000] {logging_mixin.py:154} INFO - [2025-03-23T21:57:10.788+0000] {dag.py:3722} INFO - Setting next_dagrun for chethan_test_dag to 2025-03-22T00:00:00+00:00, run_after=2025-03-23T00:00:00+00:00
[2025-03-23T21:57:10.815+0000] {processor.py:179} INFO - Processing /opt/airflow/dags/exampledag.py took 0.151 seconds
[2025-03-23T21:57:41.086+0000] {processor.py:157} INFO - Started process (PID=3215) to work on /opt/airflow/dags/exampledag.py
[2025-03-23T21:57:41.088+0000] {processor.py:829} INFO - Processing file /opt/airflow/dags/exampledag.py for tasks to queue
[2025-03-23T21:57:41.089+0000] {logging_mixin.py:154} INFO - [2025-03-23T21:57:41.088+0000] {dagbag.py:536} INFO - Filling up the DagBag from /opt/airflow/dags/exampledag.py
[2025-03-23T21:57:41.129+0000] {processor.py:839} INFO - DAG(s) dict_keys(['chethan_test_dag']) retrieved from /opt/airflow/dags/exampledag.py
[2025-03-23T21:57:41.172+0000] {logging_mixin.py:154} INFO - [2025-03-23T21:57:41.172+0000] {dag.py:2941} INFO - Sync 1 DAGs
[2025-03-23T21:57:41.207+0000] {logging_mixin.py:154} INFO - [2025-03-23T21:57:41.206+0000] {dag.py:3722} INFO - Setting next_dagrun for chethan_test_dag to 2025-03-22T00:00:00+00:00, run_after=2025-03-23T00:00:00+00:00
[2025-03-23T21:57:41.242+0000] {processor.py:179} INFO - Processing /opt/airflow/dags/exampledag.py took 0.161 seconds
[2025-03-23T21:58:11.523+0000] {processor.py:157} INFO - Started process (PID=3218) to work on /opt/airflow/dags/exampledag.py
[2025-03-23T21:58:11.525+0000] {processor.py:829} INFO - Processing file /opt/airflow/dags/exampledag.py for tasks to queue
[2025-03-23T21:58:11.526+0000] {logging_mixin.py:154} INFO - [2025-03-23T21:58:11.525+0000] {dagbag.py:536} INFO - Filling up the DagBag from /opt/airflow/dags/exampledag.py
[2025-03-23T21:58:11.549+0000] {processor.py:839} INFO - DAG(s) dict_keys(['chethan_test_dag']) retrieved from /opt/airflow/dags/exampledag.py
[2025-03-23T21:58:11.580+0000] {logging_mixin.py:154} INFO - [2025-03-23T21:58:11.580+0000] {dag.py:2941} INFO - Sync 1 DAGs
[2025-03-23T21:58:11.599+0000] {logging_mixin.py:154} INFO - [2025-03-23T21:58:11.598+0000] {dag.py:3722} INFO - Setting next_dagrun for chethan_test_dag to 2025-03-22T00:00:00+00:00, run_after=2025-03-23T00:00:00+00:00
[2025-03-23T21:58:11.614+0000] {processor.py:179} INFO - Processing /opt/airflow/dags/exampledag.py took 0.095 seconds
[2025-03-23T21:58:41.909+0000] {processor.py:157} INFO - Started process (PID=3221) to work on /opt/airflow/dags/exampledag.py
[2025-03-23T21:58:41.910+0000] {processor.py:829} INFO - Processing file /opt/airflow/dags/exampledag.py for tasks to queue
[2025-03-23T21:58:41.911+0000] {logging_mixin.py:154} INFO - [2025-03-23T21:58:41.911+0000] {dagbag.py:536} INFO - Filling up the DagBag from /opt/airflow/dags/exampledag.py
[2025-03-23T21:58:41.978+0000] {processor.py:839} INFO - DAG(s) dict_keys(['chethan_test_dag']) retrieved from /opt/airflow/dags/exampledag.py
[2025-03-23T21:58:42.018+0000] {logging_mixin.py:154} INFO - [2025-03-23T21:58:42.018+0000] {dag.py:2941} INFO - Sync 1 DAGs
[2025-03-23T21:58:42.054+0000] {logging_mixin.py:154} INFO - [2025-03-23T21:58:42.054+0000] {dag.py:3722} INFO - Setting next_dagrun for chethan_test_dag to 2025-03-22T00:00:00+00:00, run_after=2025-03-23T00:00:00+00:00
[2025-03-23T21:58:42.084+0000] {processor.py:179} INFO - Processing /opt/airflow/dags/exampledag.py took 0.178 seconds
[2025-03-23T21:59:12.425+0000] {processor.py:157} INFO - Started process (PID=3224) to work on /opt/airflow/dags/exampledag.py
[2025-03-23T21:59:12.426+0000] {processor.py:829} INFO - Processing file /opt/airflow/dags/exampledag.py for tasks to queue
[2025-03-23T21:59:12.427+0000] {logging_mixin.py:154} INFO - [2025-03-23T21:59:12.427+0000] {dagbag.py:536} INFO - Filling up the DagBag from /opt/airflow/dags/exampledag.py
[2025-03-23T21:59:12.453+0000] {processor.py:839} INFO - DAG(s) dict_keys(['chethan_test_dag']) retrieved from /opt/airflow/dags/exampledag.py
[2025-03-23T21:59:12.477+0000] {logging_mixin.py:154} INFO - [2025-03-23T21:59:12.477+0000] {dag.py:2941} INFO - Sync 1 DAGs
[2025-03-23T21:59:12.495+0000] {logging_mixin.py:154} INFO - [2025-03-23T21:59:12.495+0000] {dag.py:3722} INFO - Setting next_dagrun for chethan_test_dag to 2025-03-22T00:00:00+00:00, run_after=2025-03-23T00:00:00+00:00
[2025-03-23T21:59:12.511+0000] {processor.py:179} INFO - Processing /opt/airflow/dags/exampledag.py took 0.089 seconds
[2025-03-23T21:59:42.815+0000] {processor.py:157} INFO - Started process (PID=3227) to work on /opt/airflow/dags/exampledag.py
[2025-03-23T21:59:42.816+0000] {processor.py:829} INFO - Processing file /opt/airflow/dags/exampledag.py for tasks to queue
[2025-03-23T21:59:42.817+0000] {logging_mixin.py:154} INFO - [2025-03-23T21:59:42.817+0000] {dagbag.py:536} INFO - Filling up the DagBag from /opt/airflow/dags/exampledag.py
[2025-03-23T21:59:42.846+0000] {processor.py:839} INFO - DAG(s) dict_keys(['chethan_test_dag']) retrieved from /opt/airflow/dags/exampledag.py
[2025-03-23T21:59:42.870+0000] {logging_mixin.py:154} INFO - [2025-03-23T21:59:42.870+0000] {dag.py:2941} INFO - Sync 1 DAGs
[2025-03-23T21:59:42.891+0000] {logging_mixin.py:154} INFO - [2025-03-23T21:59:42.891+0000] {dag.py:3722} INFO - Setting next_dagrun for chethan_test_dag to 2025-03-22T00:00:00+00:00, run_after=2025-03-23T00:00:00+00:00
[2025-03-23T21:59:42.909+0000] {processor.py:179} INFO - Processing /opt/airflow/dags/exampledag.py took 0.098 seconds
[2025-03-23T22:00:13.183+0000] {processor.py:157} INFO - Started process (PID=3230) to work on /opt/airflow/dags/exampledag.py
[2025-03-23T22:00:13.184+0000] {processor.py:829} INFO - Processing file /opt/airflow/dags/exampledag.py for tasks to queue
[2025-03-23T22:00:13.187+0000] {logging_mixin.py:154} INFO - [2025-03-23T22:00:13.186+0000] {dagbag.py:536} INFO - Filling up the DagBag from /opt/airflow/dags/exampledag.py
[2025-03-23T22:00:13.228+0000] {processor.py:839} INFO - DAG(s) dict_keys(['chethan_test_dag']) retrieved from /opt/airflow/dags/exampledag.py
[2025-03-23T22:00:13.270+0000] {logging_mixin.py:154} INFO - [2025-03-23T22:00:13.269+0000] {dag.py:2941} INFO - Sync 1 DAGs
[2025-03-23T22:00:13.299+0000] {logging_mixin.py:154} INFO - [2025-03-23T22:00:13.298+0000] {dag.py:3722} INFO - Setting next_dagrun for chethan_test_dag to 2025-03-22T00:00:00+00:00, run_after=2025-03-23T00:00:00+00:00
[2025-03-23T22:00:13.322+0000] {processor.py:179} INFO - Processing /opt/airflow/dags/exampledag.py took 0.143 seconds
[2025-03-23T22:00:43.587+0000] {processor.py:157} INFO - Started process (PID=3233) to work on /opt/airflow/dags/exampledag.py
[2025-03-23T22:00:43.589+0000] {processor.py:829} INFO - Processing file /opt/airflow/dags/exampledag.py for tasks to queue
[2025-03-23T22:00:43.590+0000] {logging_mixin.py:154} INFO - [2025-03-23T22:00:43.590+0000] {dagbag.py:536} INFO - Filling up the DagBag from /opt/airflow/dags/exampledag.py
[2025-03-23T22:00:43.617+0000] {processor.py:839} INFO - DAG(s) dict_keys(['chethan_test_dag']) retrieved from /opt/airflow/dags/exampledag.py
[2025-03-23T22:00:43.641+0000] {logging_mixin.py:154} INFO - [2025-03-23T22:00:43.641+0000] {dag.py:2941} INFO - Sync 1 DAGs
[2025-03-23T22:00:43.664+0000] {logging_mixin.py:154} INFO - [2025-03-23T22:00:43.664+0000] {dag.py:3722} INFO - Setting next_dagrun for chethan_test_dag to 2025-03-22T00:00:00+00:00, run_after=2025-03-23T00:00:00+00:00
[2025-03-23T22:00:43.687+0000] {processor.py:179} INFO - Processing /opt/airflow/dags/exampledag.py took 0.107 seconds
[2025-03-23T22:01:13.936+0000] {processor.py:157} INFO - Started process (PID=3236) to work on /opt/airflow/dags/exampledag.py
[2025-03-23T22:01:13.937+0000] {processor.py:829} INFO - Processing file /opt/airflow/dags/exampledag.py for tasks to queue
[2025-03-23T22:01:13.938+0000] {logging_mixin.py:154} INFO - [2025-03-23T22:01:13.937+0000] {dagbag.py:536} INFO - Filling up the DagBag from /opt/airflow/dags/exampledag.py
[2025-03-23T22:01:13.958+0000] {processor.py:839} INFO - DAG(s) dict_keys(['chethan_test_dag']) retrieved from /opt/airflow/dags/exampledag.py
[2025-03-23T22:01:13.978+0000] {logging_mixin.py:154} INFO - [2025-03-23T22:01:13.978+0000] {dag.py:2941} INFO - Sync 1 DAGs
[2025-03-23T22:01:13.995+0000] {logging_mixin.py:154} INFO - [2025-03-23T22:01:13.995+0000] {dag.py:3722} INFO - Setting next_dagrun for chethan_test_dag to 2025-03-22T00:00:00+00:00, run_after=2025-03-23T00:00:00+00:00
[2025-03-23T22:01:14.020+0000] {processor.py:179} INFO - Processing /opt/airflow/dags/exampledag.py took 0.087 seconds
[2025-03-23T22:01:44.284+0000] {processor.py:157} INFO - Started process (PID=3239) to work on /opt/airflow/dags/exampledag.py
[2025-03-23T22:01:44.286+0000] {processor.py:829} INFO - Processing file /opt/airflow/dags/exampledag.py for tasks to queue
[2025-03-23T22:01:44.288+0000] {logging_mixin.py:154} INFO - [2025-03-23T22:01:44.287+0000] {dagbag.py:536} INFO - Filling up the DagBag from /opt/airflow/dags/exampledag.py
[2025-03-23T22:01:44.325+0000] {processor.py:839} INFO - DAG(s) dict_keys(['chethan_test_dag']) retrieved from /opt/airflow/dags/exampledag.py
[2025-03-23T22:01:44.355+0000] {logging_mixin.py:154} INFO - [2025-03-23T22:01:44.355+0000] {dag.py:2941} INFO - Sync 1 DAGs
[2025-03-23T22:01:44.382+0000] {logging_mixin.py:154} INFO - [2025-03-23T22:01:44.382+0000] {dag.py:3722} INFO - Setting next_dagrun for chethan_test_dag to 2025-03-22T00:00:00+00:00, run_after=2025-03-23T00:00:00+00:00
[2025-03-23T22:01:44.409+0000] {processor.py:179} INFO - Processing /opt/airflow/dags/exampledag.py took 0.129 seconds
[2025-03-23T22:02:14.820+0000] {processor.py:157} INFO - Started process (PID=3242) to work on /opt/airflow/dags/exampledag.py
[2025-03-23T22:02:14.821+0000] {processor.py:829} INFO - Processing file /opt/airflow/dags/exampledag.py for tasks to queue
[2025-03-23T22:02:14.822+0000] {logging_mixin.py:154} INFO - [2025-03-23T22:02:14.822+0000] {dagbag.py:536} INFO - Filling up the DagBag from /opt/airflow/dags/exampledag.py
[2025-03-23T22:02:14.849+0000] {processor.py:839} INFO - DAG(s) dict_keys(['chethan_test_dag']) retrieved from /opt/airflow/dags/exampledag.py
[2025-03-23T22:02:14.875+0000] {logging_mixin.py:154} INFO - [2025-03-23T22:02:14.875+0000] {dag.py:2941} INFO - Sync 1 DAGs
[2025-03-23T22:02:14.892+0000] {logging_mixin.py:154} INFO - [2025-03-23T22:02:14.892+0000] {dag.py:3722} INFO - Setting next_dagrun for chethan_test_dag to 2025-03-22T00:00:00+00:00, run_after=2025-03-23T00:00:00+00:00
[2025-03-23T22:02:14.910+0000] {processor.py:179} INFO - Processing /opt/airflow/dags/exampledag.py took 0.093 seconds
[2025-03-23T22:02:45.176+0000] {processor.py:157} INFO - Started process (PID=3245) to work on /opt/airflow/dags/exampledag.py
[2025-03-23T22:02:45.178+0000] {processor.py:829} INFO - Processing file /opt/airflow/dags/exampledag.py for tasks to queue
[2025-03-23T22:02:45.179+0000] {logging_mixin.py:154} INFO - [2025-03-23T22:02:45.179+0000] {dagbag.py:536} INFO - Filling up the DagBag from /opt/airflow/dags/exampledag.py
[2025-03-23T22:02:45.208+0000] {processor.py:839} INFO - DAG(s) dict_keys(['chethan_test_dag']) retrieved from /opt/airflow/dags/exampledag.py
[2025-03-23T22:02:45.235+0000] {logging_mixin.py:154} INFO - [2025-03-23T22:02:45.234+0000] {dag.py:2941} INFO - Sync 1 DAGs
[2025-03-23T22:02:45.257+0000] {logging_mixin.py:154} INFO - [2025-03-23T22:02:45.256+0000] {dag.py:3722} INFO - Setting next_dagrun for chethan_test_dag to 2025-03-22T00:00:00+00:00, run_after=2025-03-23T00:00:00+00:00
[2025-03-23T22:02:45.280+0000] {processor.py:179} INFO - Processing /opt/airflow/dags/exampledag.py took 0.108 seconds
[2025-03-23T22:03:15.512+0000] {processor.py:157} INFO - Started process (PID=3248) to work on /opt/airflow/dags/exampledag.py
[2025-03-23T22:03:15.513+0000] {processor.py:829} INFO - Processing file /opt/airflow/dags/exampledag.py for tasks to queue
[2025-03-23T22:03:15.514+0000] {logging_mixin.py:154} INFO - [2025-03-23T22:03:15.514+0000] {dagbag.py:536} INFO - Filling up the DagBag from /opt/airflow/dags/exampledag.py
[2025-03-23T22:03:15.539+0000] {processor.py:839} INFO - DAG(s) dict_keys(['chethan_test_dag']) retrieved from /opt/airflow/dags/exampledag.py
[2025-03-23T22:03:15.560+0000] {logging_mixin.py:154} INFO - [2025-03-23T22:03:15.560+0000] {dag.py:2941} INFO - Sync 1 DAGs
[2025-03-23T22:03:15.580+0000] {logging_mixin.py:154} INFO - [2025-03-23T22:03:15.580+0000] {dag.py:3722} INFO - Setting next_dagrun for chethan_test_dag to 2025-03-22T00:00:00+00:00, run_after=2025-03-23T00:00:00+00:00
[2025-03-23T22:03:15.599+0000] {processor.py:179} INFO - Processing /opt/airflow/dags/exampledag.py took 0.090 seconds
[2025-03-23T22:03:45.877+0000] {processor.py:157} INFO - Started process (PID=3251) to work on /opt/airflow/dags/exampledag.py
[2025-03-23T22:03:45.878+0000] {processor.py:829} INFO - Processing file /opt/airflow/dags/exampledag.py for tasks to queue
[2025-03-23T22:03:45.879+0000] {logging_mixin.py:154} INFO - [2025-03-23T22:03:45.879+0000] {dagbag.py:536} INFO - Filling up the DagBag from /opt/airflow/dags/exampledag.py
[2025-03-23T22:03:45.905+0000] {processor.py:839} INFO - DAG(s) dict_keys(['chethan_test_dag']) retrieved from /opt/airflow/dags/exampledag.py
[2025-03-23T22:03:45.933+0000] {logging_mixin.py:154} INFO - [2025-03-23T22:03:45.933+0000] {dag.py:2941} INFO - Sync 1 DAGs
[2025-03-23T22:03:45.959+0000] {logging_mixin.py:154} INFO - [2025-03-23T22:03:45.958+0000] {dag.py:3722} INFO - Setting next_dagrun for chethan_test_dag to 2025-03-22T00:00:00+00:00, run_after=2025-03-23T00:00:00+00:00
[2025-03-23T22:03:45.978+0000] {processor.py:179} INFO - Processing /opt/airflow/dags/exampledag.py took 0.105 seconds
[2025-03-23T22:04:16.236+0000] {processor.py:157} INFO - Started process (PID=3254) to work on /opt/airflow/dags/exampledag.py
[2025-03-23T22:04:16.237+0000] {processor.py:829} INFO - Processing file /opt/airflow/dags/exampledag.py for tasks to queue
[2025-03-23T22:04:16.239+0000] {logging_mixin.py:154} INFO - [2025-03-23T22:04:16.238+0000] {dagbag.py:536} INFO - Filling up the DagBag from /opt/airflow/dags/exampledag.py
[2025-03-23T22:04:16.262+0000] {processor.py:839} INFO - DAG(s) dict_keys(['chethan_test_dag']) retrieved from /opt/airflow/dags/exampledag.py
[2025-03-23T22:04:16.284+0000] {logging_mixin.py:154} INFO - [2025-03-23T22:04:16.284+0000] {dag.py:2941} INFO - Sync 1 DAGs
[2025-03-23T22:04:16.302+0000] {logging_mixin.py:154} INFO - [2025-03-23T22:04:16.302+0000] {dag.py:3722} INFO - Setting next_dagrun for chethan_test_dag to 2025-03-22T00:00:00+00:00, run_after=2025-03-23T00:00:00+00:00
[2025-03-23T22:04:16.319+0000] {processor.py:179} INFO - Processing /opt/airflow/dags/exampledag.py took 0.086 seconds
[2025-03-23T22:04:46.572+0000] {processor.py:157} INFO - Started process (PID=3257) to work on /opt/airflow/dags/exampledag.py
[2025-03-23T22:04:46.574+0000] {processor.py:829} INFO - Processing file /opt/airflow/dags/exampledag.py for tasks to queue
[2025-03-23T22:04:46.575+0000] {logging_mixin.py:154} INFO - [2025-03-23T22:04:46.574+0000] {dagbag.py:536} INFO - Filling up the DagBag from /opt/airflow/dags/exampledag.py
[2025-03-23T22:04:46.599+0000] {processor.py:839} INFO - DAG(s) dict_keys(['chethan_test_dag']) retrieved from /opt/airflow/dags/exampledag.py
[2025-03-23T22:04:46.624+0000] {logging_mixin.py:154} INFO - [2025-03-23T22:04:46.624+0000] {dag.py:2941} INFO - Sync 1 DAGs
[2025-03-23T22:04:46.648+0000] {logging_mixin.py:154} INFO - [2025-03-23T22:04:46.648+0000] {dag.py:3722} INFO - Setting next_dagrun for chethan_test_dag to 2025-03-22T00:00:00+00:00, run_after=2025-03-23T00:00:00+00:00
[2025-03-23T22:04:46.674+0000] {processor.py:179} INFO - Processing /opt/airflow/dags/exampledag.py took 0.105 seconds
[2025-03-23T22:05:16.937+0000] {processor.py:157} INFO - Started process (PID=3260) to work on /opt/airflow/dags/exampledag.py
[2025-03-23T22:05:16.938+0000] {processor.py:829} INFO - Processing file /opt/airflow/dags/exampledag.py for tasks to queue
[2025-03-23T22:05:16.939+0000] {logging_mixin.py:154} INFO - [2025-03-23T22:05:16.938+0000] {dagbag.py:536} INFO - Filling up the DagBag from /opt/airflow/dags/exampledag.py
[2025-03-23T22:05:16.964+0000] {processor.py:839} INFO - DAG(s) dict_keys(['chethan_test_dag']) retrieved from /opt/airflow/dags/exampledag.py
[2025-03-23T22:05:16.986+0000] {logging_mixin.py:154} INFO - [2025-03-23T22:05:16.986+0000] {dag.py:2941} INFO - Sync 1 DAGs
[2025-03-23T22:05:17.004+0000] {logging_mixin.py:154} INFO - [2025-03-23T22:05:17.004+0000] {dag.py:3722} INFO - Setting next_dagrun for chethan_test_dag to 2025-03-22T00:00:00+00:00, run_after=2025-03-23T00:00:00+00:00
[2025-03-23T22:05:17.023+0000] {processor.py:179} INFO - Processing /opt/airflow/dags/exampledag.py took 0.090 seconds
[2025-03-23T22:05:47.318+0000] {processor.py:157} INFO - Started process (PID=3263) to work on /opt/airflow/dags/exampledag.py
[2025-03-23T22:05:47.319+0000] {processor.py:829} INFO - Processing file /opt/airflow/dags/exampledag.py for tasks to queue
[2025-03-23T22:05:47.320+0000] {logging_mixin.py:154} INFO - [2025-03-23T22:05:47.320+0000] {dagbag.py:536} INFO - Filling up the DagBag from /opt/airflow/dags/exampledag.py
[2025-03-23T22:05:47.348+0000] {processor.py:839} INFO - DAG(s) dict_keys(['chethan_test_dag']) retrieved from /opt/airflow/dags/exampledag.py
[2025-03-23T22:05:47.376+0000] {logging_mixin.py:154} INFO - [2025-03-23T22:05:47.376+0000] {dag.py:2941} INFO - Sync 1 DAGs
[2025-03-23T22:05:47.396+0000] {logging_mixin.py:154} INFO - [2025-03-23T22:05:47.396+0000] {dag.py:3722} INFO - Setting next_dagrun for chethan_test_dag to 2025-03-22T00:00:00+00:00, run_after=2025-03-23T00:00:00+00:00
[2025-03-23T22:05:47.414+0000] {processor.py:179} INFO - Processing /opt/airflow/dags/exampledag.py took 0.100 seconds
[2025-03-23T22:06:17.685+0000] {processor.py:157} INFO - Started process (PID=3266) to work on /opt/airflow/dags/exampledag.py
[2025-03-23T22:06:17.687+0000] {processor.py:829} INFO - Processing file /opt/airflow/dags/exampledag.py for tasks to queue
[2025-03-23T22:06:17.687+0000] {logging_mixin.py:154} INFO - [2025-03-23T22:06:17.687+0000] {dagbag.py:536} INFO - Filling up the DagBag from /opt/airflow/dags/exampledag.py
[2025-03-23T22:06:17.713+0000] {processor.py:839} INFO - DAG(s) dict_keys(['chethan_test_dag']) retrieved from /opt/airflow/dags/exampledag.py
[2025-03-23T22:06:17.737+0000] {logging_mixin.py:154} INFO - [2025-03-23T22:06:17.736+0000] {dag.py:2941} INFO - Sync 1 DAGs
[2025-03-23T22:06:17.781+0000] {logging_mixin.py:154} INFO - [2025-03-23T22:06:17.781+0000] {dag.py:3722} INFO - Setting next_dagrun for chethan_test_dag to 2025-03-22T00:00:00+00:00, run_after=2025-03-23T00:00:00+00:00
[2025-03-23T22:06:17.823+0000] {processor.py:179} INFO - Processing /opt/airflow/dags/exampledag.py took 0.140 seconds
[2025-03-23T22:06:48.102+0000] {processor.py:157} INFO - Started process (PID=3269) to work on /opt/airflow/dags/exampledag.py
[2025-03-23T22:06:48.103+0000] {processor.py:829} INFO - Processing file /opt/airflow/dags/exampledag.py for tasks to queue
[2025-03-23T22:06:48.104+0000] {logging_mixin.py:154} INFO - [2025-03-23T22:06:48.104+0000] {dagbag.py:536} INFO - Filling up the DagBag from /opt/airflow/dags/exampledag.py
[2025-03-23T22:06:48.146+0000] {processor.py:839} INFO - DAG(s) dict_keys(['chethan_test_dag']) retrieved from /opt/airflow/dags/exampledag.py
[2025-03-23T22:06:48.195+0000] {logging_mixin.py:154} INFO - [2025-03-23T22:06:48.194+0000] {dag.py:2941} INFO - Sync 1 DAGs
[2025-03-23T22:06:48.245+0000] {logging_mixin.py:154} INFO - [2025-03-23T22:06:48.245+0000] {dag.py:3722} INFO - Setting next_dagrun for chethan_test_dag to 2025-03-22T00:00:00+00:00, run_after=2025-03-23T00:00:00+00:00
[2025-03-23T22:06:48.292+0000] {processor.py:179} INFO - Processing /opt/airflow/dags/exampledag.py took 0.194 seconds
[2025-03-23T22:07:18.582+0000] {processor.py:157} INFO - Started process (PID=3272) to work on /opt/airflow/dags/exampledag.py
[2025-03-23T22:07:18.584+0000] {processor.py:829} INFO - Processing file /opt/airflow/dags/exampledag.py for tasks to queue
[2025-03-23T22:07:18.584+0000] {logging_mixin.py:154} INFO - [2025-03-23T22:07:18.584+0000] {dagbag.py:536} INFO - Filling up the DagBag from /opt/airflow/dags/exampledag.py
[2025-03-23T22:07:18.608+0000] {processor.py:839} INFO - DAG(s) dict_keys(['chethan_test_dag']) retrieved from /opt/airflow/dags/exampledag.py
[2025-03-23T22:07:18.630+0000] {logging_mixin.py:154} INFO - [2025-03-23T22:07:18.630+0000] {dag.py:2941} INFO - Sync 1 DAGs
[2025-03-23T22:07:18.647+0000] {logging_mixin.py:154} INFO - [2025-03-23T22:07:18.647+0000] {dag.py:3722} INFO - Setting next_dagrun for chethan_test_dag to 2025-03-22T00:00:00+00:00, run_after=2025-03-23T00:00:00+00:00
[2025-03-23T22:07:18.667+0000] {processor.py:179} INFO - Processing /opt/airflow/dags/exampledag.py took 0.087 seconds
[2025-03-23T22:07:48.973+0000] {processor.py:157} INFO - Started process (PID=3275) to work on /opt/airflow/dags/exampledag.py
[2025-03-23T22:07:48.974+0000] {processor.py:829} INFO - Processing file /opt/airflow/dags/exampledag.py for tasks to queue
[2025-03-23T22:07:48.976+0000] {logging_mixin.py:154} INFO - [2025-03-23T22:07:48.975+0000] {dagbag.py:536} INFO - Filling up the DagBag from /opt/airflow/dags/exampledag.py
[2025-03-23T22:07:49.004+0000] {processor.py:839} INFO - DAG(s) dict_keys(['chethan_test_dag']) retrieved from /opt/airflow/dags/exampledag.py
[2025-03-23T22:07:49.031+0000] {logging_mixin.py:154} INFO - [2025-03-23T22:07:49.030+0000] {dag.py:2941} INFO - Sync 1 DAGs
[2025-03-23T22:07:49.054+0000] {logging_mixin.py:154} INFO - [2025-03-23T22:07:49.053+0000] {dag.py:3722} INFO - Setting next_dagrun for chethan_test_dag to 2025-03-22T00:00:00+00:00, run_after=2025-03-23T00:00:00+00:00
[2025-03-23T22:07:49.073+0000] {processor.py:179} INFO - Processing /opt/airflow/dags/exampledag.py took 0.104 seconds
[2025-03-23T22:08:19.347+0000] {processor.py:157} INFO - Started process (PID=3278) to work on /opt/airflow/dags/exampledag.py
[2025-03-23T22:08:19.348+0000] {processor.py:829} INFO - Processing file /opt/airflow/dags/exampledag.py for tasks to queue
[2025-03-23T22:08:19.349+0000] {logging_mixin.py:154} INFO - [2025-03-23T22:08:19.349+0000] {dagbag.py:536} INFO - Filling up the DagBag from /opt/airflow/dags/exampledag.py
[2025-03-23T22:08:19.385+0000] {processor.py:839} INFO - DAG(s) dict_keys(['chethan_test_dag']) retrieved from /opt/airflow/dags/exampledag.py
[2025-03-23T22:08:19.406+0000] {logging_mixin.py:154} INFO - [2025-03-23T22:08:19.406+0000] {dag.py:2941} INFO - Sync 1 DAGs
[2025-03-23T22:08:19.428+0000] {logging_mixin.py:154} INFO - [2025-03-23T22:08:19.428+0000] {dag.py:3722} INFO - Setting next_dagrun for chethan_test_dag to 2025-03-22T00:00:00+00:00, run_after=2025-03-23T00:00:00+00:00
[2025-03-23T22:08:19.451+0000] {processor.py:179} INFO - Processing /opt/airflow/dags/exampledag.py took 0.108 seconds
[2025-03-23T22:08:49.710+0000] {processor.py:157} INFO - Started process (PID=3281) to work on /opt/airflow/dags/exampledag.py
[2025-03-23T22:08:49.711+0000] {processor.py:829} INFO - Processing file /opt/airflow/dags/exampledag.py for tasks to queue
[2025-03-23T22:08:49.712+0000] {logging_mixin.py:154} INFO - [2025-03-23T22:08:49.712+0000] {dagbag.py:536} INFO - Filling up the DagBag from /opt/airflow/dags/exampledag.py
[2025-03-23T22:08:49.743+0000] {processor.py:839} INFO - DAG(s) dict_keys(['chethan_test_dag']) retrieved from /opt/airflow/dags/exampledag.py
[2025-03-23T22:08:49.768+0000] {logging_mixin.py:154} INFO - [2025-03-23T22:08:49.767+0000] {dag.py:2941} INFO - Sync 1 DAGs
[2025-03-23T22:08:49.786+0000] {logging_mixin.py:154} INFO - [2025-03-23T22:08:49.786+0000] {dag.py:3722} INFO - Setting next_dagrun for chethan_test_dag to 2025-03-22T00:00:00+00:00, run_after=2025-03-23T00:00:00+00:00
[2025-03-23T22:08:49.801+0000] {processor.py:179} INFO - Processing /opt/airflow/dags/exampledag.py took 0.095 seconds
[2025-03-23T22:09:20.048+0000] {processor.py:157} INFO - Started process (PID=3284) to work on /opt/airflow/dags/exampledag.py
[2025-03-23T22:09:20.049+0000] {processor.py:829} INFO - Processing file /opt/airflow/dags/exampledag.py for tasks to queue
[2025-03-23T22:09:20.050+0000] {logging_mixin.py:154} INFO - [2025-03-23T22:09:20.049+0000] {dagbag.py:536} INFO - Filling up the DagBag from /opt/airflow/dags/exampledag.py
[2025-03-23T22:09:20.076+0000] {processor.py:839} INFO - DAG(s) dict_keys(['chethan_test_dag']) retrieved from /opt/airflow/dags/exampledag.py
[2025-03-23T22:09:20.097+0000] {logging_mixin.py:154} INFO - [2025-03-23T22:09:20.096+0000] {dag.py:2941} INFO - Sync 1 DAGs
[2025-03-23T22:09:20.113+0000] {logging_mixin.py:154} INFO - [2025-03-23T22:09:20.113+0000] {dag.py:3722} INFO - Setting next_dagrun for chethan_test_dag to 2025-03-22T00:00:00+00:00, run_after=2025-03-23T00:00:00+00:00
[2025-03-23T22:09:20.134+0000] {processor.py:179} INFO - Processing /opt/airflow/dags/exampledag.py took 0.088 seconds
[2025-03-23T22:09:50.413+0000] {processor.py:157} INFO - Started process (PID=3287) to work on /opt/airflow/dags/exampledag.py
[2025-03-23T22:09:50.414+0000] {processor.py:829} INFO - Processing file /opt/airflow/dags/exampledag.py for tasks to queue
[2025-03-23T22:09:50.415+0000] {logging_mixin.py:154} INFO - [2025-03-23T22:09:50.415+0000] {dagbag.py:536} INFO - Filling up the DagBag from /opt/airflow/dags/exampledag.py
[2025-03-23T22:09:50.448+0000] {processor.py:839} INFO - DAG(s) dict_keys(['chethan_test_dag']) retrieved from /opt/airflow/dags/exampledag.py
[2025-03-23T22:09:50.478+0000] {logging_mixin.py:154} INFO - [2025-03-23T22:09:50.478+0000] {dag.py:2941} INFO - Sync 1 DAGs
[2025-03-23T22:09:50.511+0000] {logging_mixin.py:154} INFO - [2025-03-23T22:09:50.511+0000] {dag.py:3722} INFO - Setting next_dagrun for chethan_test_dag to 2025-03-22T00:00:00+00:00, run_after=2025-03-23T00:00:00+00:00
[2025-03-23T22:09:50.539+0000] {processor.py:179} INFO - Processing /opt/airflow/dags/exampledag.py took 0.130 seconds
[2025-03-23T22:10:20.793+0000] {processor.py:157} INFO - Started process (PID=3290) to work on /opt/airflow/dags/exampledag.py
[2025-03-23T22:10:20.795+0000] {processor.py:829} INFO - Processing file /opt/airflow/dags/exampledag.py for tasks to queue
[2025-03-23T22:10:20.796+0000] {logging_mixin.py:154} INFO - [2025-03-23T22:10:20.796+0000] {dagbag.py:536} INFO - Filling up the DagBag from /opt/airflow/dags/exampledag.py
[2025-03-23T22:10:20.842+0000] {processor.py:839} INFO - DAG(s) dict_keys(['chethan_test_dag']) retrieved from /opt/airflow/dags/exampledag.py
[2025-03-23T22:10:20.863+0000] {logging_mixin.py:154} INFO - [2025-03-23T22:10:20.863+0000] {dag.py:2941} INFO - Sync 1 DAGs
[2025-03-23T22:10:20.882+0000] {logging_mixin.py:154} INFO - [2025-03-23T22:10:20.882+0000] {dag.py:3722} INFO - Setting next_dagrun for chethan_test_dag to 2025-03-22T00:00:00+00:00, run_after=2025-03-23T00:00:00+00:00
[2025-03-23T22:10:20.898+0000] {processor.py:179} INFO - Processing /opt/airflow/dags/exampledag.py took 0.109 seconds
[2025-03-23T22:10:51.186+0000] {processor.py:157} INFO - Started process (PID=3293) to work on /opt/airflow/dags/exampledag.py
[2025-03-23T22:10:51.188+0000] {processor.py:829} INFO - Processing file /opt/airflow/dags/exampledag.py for tasks to queue
[2025-03-23T22:10:51.191+0000] {logging_mixin.py:154} INFO - [2025-03-23T22:10:51.190+0000] {dagbag.py:536} INFO - Filling up the DagBag from /opt/airflow/dags/exampledag.py
[2025-03-23T22:10:51.245+0000] {processor.py:839} INFO - DAG(s) dict_keys(['chethan_test_dag']) retrieved from /opt/airflow/dags/exampledag.py
[2025-03-23T22:10:51.296+0000] {logging_mixin.py:154} INFO - [2025-03-23T22:10:51.295+0000] {dag.py:2941} INFO - Sync 1 DAGs
[2025-03-23T22:10:51.341+0000] {logging_mixin.py:154} INFO - [2025-03-23T22:10:51.340+0000] {dag.py:3722} INFO - Setting next_dagrun for chethan_test_dag to 2025-03-22T00:00:00+00:00, run_after=2025-03-23T00:00:00+00:00
[2025-03-23T22:10:51.376+0000] {processor.py:179} INFO - Processing /opt/airflow/dags/exampledag.py took 0.195 seconds
[2025-03-23T22:11:21.649+0000] {processor.py:157} INFO - Started process (PID=3296) to work on /opt/airflow/dags/exampledag.py
[2025-03-23T22:11:21.651+0000] {processor.py:829} INFO - Processing file /opt/airflow/dags/exampledag.py for tasks to queue
[2025-03-23T22:11:21.652+0000] {logging_mixin.py:154} INFO - [2025-03-23T22:11:21.652+0000] {dagbag.py:536} INFO - Filling up the DagBag from /opt/airflow/dags/exampledag.py
[2025-03-23T22:11:21.685+0000] {processor.py:839} INFO - DAG(s) dict_keys(['chethan_test_dag']) retrieved from /opt/airflow/dags/exampledag.py
[2025-03-23T22:11:21.716+0000] {logging_mixin.py:154} INFO - [2025-03-23T22:11:21.716+0000] {dag.py:2941} INFO - Sync 1 DAGs
[2025-03-23T22:11:21.743+0000] {logging_mixin.py:154} INFO - [2025-03-23T22:11:21.743+0000] {dag.py:3722} INFO - Setting next_dagrun for chethan_test_dag to 2025-03-22T00:00:00+00:00, run_after=2025-03-23T00:00:00+00:00
[2025-03-23T22:11:21.770+0000] {processor.py:179} INFO - Processing /opt/airflow/dags/exampledag.py took 0.124 seconds
[2025-03-23T22:11:52.037+0000] {processor.py:157} INFO - Started process (PID=3299) to work on /opt/airflow/dags/exampledag.py
[2025-03-23T22:11:52.040+0000] {processor.py:829} INFO - Processing file /opt/airflow/dags/exampledag.py for tasks to queue
[2025-03-23T22:11:52.042+0000] {logging_mixin.py:154} INFO - [2025-03-23T22:11:52.041+0000] {dagbag.py:536} INFO - Filling up the DagBag from /opt/airflow/dags/exampledag.py
[2025-03-23T22:11:52.094+0000] {processor.py:839} INFO - DAG(s) dict_keys(['chethan_test_dag']) retrieved from /opt/airflow/dags/exampledag.py
[2025-03-23T22:11:52.131+0000] {logging_mixin.py:154} INFO - [2025-03-23T22:11:52.130+0000] {dag.py:2941} INFO - Sync 1 DAGs
[2025-03-23T22:11:52.164+0000] {logging_mixin.py:154} INFO - [2025-03-23T22:11:52.163+0000] {dag.py:3722} INFO - Setting next_dagrun for chethan_test_dag to 2025-03-22T00:00:00+00:00, run_after=2025-03-23T00:00:00+00:00
[2025-03-23T22:11:52.197+0000] {processor.py:179} INFO - Processing /opt/airflow/dags/exampledag.py took 0.166 seconds
[2025-03-23T22:12:22.351+0000] {processor.py:157} INFO - Started process (PID=3302) to work on /opt/airflow/dags/exampledag.py
[2025-03-23T22:12:22.352+0000] {processor.py:829} INFO - Processing file /opt/airflow/dags/exampledag.py for tasks to queue
[2025-03-23T22:12:22.354+0000] {logging_mixin.py:154} INFO - [2025-03-23T22:12:22.353+0000] {dagbag.py:536} INFO - Filling up the DagBag from /opt/airflow/dags/exampledag.py
[2025-03-23T22:12:22.385+0000] {processor.py:839} INFO - DAG(s) dict_keys(['chethan_test_dag']) retrieved from /opt/airflow/dags/exampledag.py
[2025-03-23T22:12:22.414+0000] {logging_mixin.py:154} INFO - [2025-03-23T22:12:22.413+0000] {dag.py:2941} INFO - Sync 1 DAGs
[2025-03-23T22:12:22.437+0000] {logging_mixin.py:154} INFO - [2025-03-23T22:12:22.437+0000] {dag.py:3722} INFO - Setting next_dagrun for chethan_test_dag to 2025-03-22T00:00:00+00:00, run_after=2025-03-23T00:00:00+00:00
[2025-03-23T22:12:22.462+0000] {processor.py:179} INFO - Processing /opt/airflow/dags/exampledag.py took 0.114 seconds
[2025-03-23T22:12:52.759+0000] {processor.py:157} INFO - Started process (PID=3305) to work on /opt/airflow/dags/exampledag.py
[2025-03-23T22:12:52.760+0000] {processor.py:829} INFO - Processing file /opt/airflow/dags/exampledag.py for tasks to queue
[2025-03-23T22:12:52.762+0000] {logging_mixin.py:154} INFO - [2025-03-23T22:12:52.762+0000] {dagbag.py:536} INFO - Filling up the DagBag from /opt/airflow/dags/exampledag.py
[2025-03-23T22:12:52.790+0000] {processor.py:839} INFO - DAG(s) dict_keys(['chethan_test_dag']) retrieved from /opt/airflow/dags/exampledag.py
[2025-03-23T22:12:52.818+0000] {logging_mixin.py:154} INFO - [2025-03-23T22:12:52.817+0000] {dag.py:2941} INFO - Sync 1 DAGs
[2025-03-23T22:12:52.838+0000] {logging_mixin.py:154} INFO - [2025-03-23T22:12:52.838+0000] {dag.py:3722} INFO - Setting next_dagrun for chethan_test_dag to 2025-03-22T00:00:00+00:00, run_after=2025-03-23T00:00:00+00:00
[2025-03-23T22:12:52.855+0000] {processor.py:179} INFO - Processing /opt/airflow/dags/exampledag.py took 0.099 seconds
[2025-03-23T22:13:23.130+0000] {processor.py:157} INFO - Started process (PID=3308) to work on /opt/airflow/dags/exampledag.py
[2025-03-23T22:13:23.132+0000] {processor.py:829} INFO - Processing file /opt/airflow/dags/exampledag.py for tasks to queue
[2025-03-23T22:13:23.133+0000] {logging_mixin.py:154} INFO - [2025-03-23T22:13:23.133+0000] {dagbag.py:536} INFO - Filling up the DagBag from /opt/airflow/dags/exampledag.py
[2025-03-23T22:13:23.166+0000] {processor.py:839} INFO - DAG(s) dict_keys(['chethan_test_dag']) retrieved from /opt/airflow/dags/exampledag.py
[2025-03-23T22:13:23.191+0000] {logging_mixin.py:154} INFO - [2025-03-23T22:13:23.191+0000] {dag.py:2941} INFO - Sync 1 DAGs
[2025-03-23T22:13:23.223+0000] {logging_mixin.py:154} INFO - [2025-03-23T22:13:23.223+0000] {dag.py:3722} INFO - Setting next_dagrun for chethan_test_dag to 2025-03-22T00:00:00+00:00, run_after=2025-03-23T00:00:00+00:00
[2025-03-23T22:13:23.261+0000] {processor.py:179} INFO - Processing /opt/airflow/dags/exampledag.py took 0.138 seconds
[2025-03-23T22:13:53.562+0000] {processor.py:157} INFO - Started process (PID=3311) to work on /opt/airflow/dags/exampledag.py
[2025-03-23T22:13:53.563+0000] {processor.py:829} INFO - Processing file /opt/airflow/dags/exampledag.py for tasks to queue
[2025-03-23T22:13:53.564+0000] {logging_mixin.py:154} INFO - [2025-03-23T22:13:53.564+0000] {dagbag.py:536} INFO - Filling up the DagBag from /opt/airflow/dags/exampledag.py
[2025-03-23T22:13:53.587+0000] {processor.py:839} INFO - DAG(s) dict_keys(['chethan_test_dag']) retrieved from /opt/airflow/dags/exampledag.py
[2025-03-23T22:13:53.607+0000] {logging_mixin.py:154} INFO - [2025-03-23T22:13:53.607+0000] {dag.py:2941} INFO - Sync 1 DAGs
[2025-03-23T22:13:53.626+0000] {logging_mixin.py:154} INFO - [2025-03-23T22:13:53.626+0000] {dag.py:3722} INFO - Setting next_dagrun for chethan_test_dag to 2025-03-22T00:00:00+00:00, run_after=2025-03-23T00:00:00+00:00
[2025-03-23T22:13:53.649+0000] {processor.py:179} INFO - Processing /opt/airflow/dags/exampledag.py took 0.089 seconds
[2025-03-23T22:14:23.937+0000] {processor.py:157} INFO - Started process (PID=3314) to work on /opt/airflow/dags/exampledag.py
[2025-03-23T22:14:23.938+0000] {processor.py:829} INFO - Processing file /opt/airflow/dags/exampledag.py for tasks to queue
[2025-03-23T22:14:23.939+0000] {logging_mixin.py:154} INFO - [2025-03-23T22:14:23.939+0000] {dagbag.py:536} INFO - Filling up the DagBag from /opt/airflow/dags/exampledag.py
[2025-03-23T22:14:23.974+0000] {processor.py:839} INFO - DAG(s) dict_keys(['chethan_test_dag']) retrieved from /opt/airflow/dags/exampledag.py
[2025-03-23T22:14:24.002+0000] {logging_mixin.py:154} INFO - [2025-03-23T22:14:24.002+0000] {dag.py:2941} INFO - Sync 1 DAGs
[2025-03-23T22:14:24.029+0000] {logging_mixin.py:154} INFO - [2025-03-23T22:14:24.028+0000] {dag.py:3722} INFO - Setting next_dagrun for chethan_test_dag to 2025-03-22T00:00:00+00:00, run_after=2025-03-23T00:00:00+00:00
[2025-03-23T22:14:24.059+0000] {processor.py:179} INFO - Processing /opt/airflow/dags/exampledag.py took 0.125 seconds
[2025-03-23T22:14:54.329+0000] {processor.py:157} INFO - Started process (PID=3317) to work on /opt/airflow/dags/exampledag.py
[2025-03-23T22:14:54.331+0000] {processor.py:829} INFO - Processing file /opt/airflow/dags/exampledag.py for tasks to queue
[2025-03-23T22:14:54.332+0000] {logging_mixin.py:154} INFO - [2025-03-23T22:14:54.331+0000] {dagbag.py:536} INFO - Filling up the DagBag from /opt/airflow/dags/exampledag.py
[2025-03-23T22:14:54.359+0000] {processor.py:839} INFO - DAG(s) dict_keys(['chethan_test_dag']) retrieved from /opt/airflow/dags/exampledag.py
[2025-03-23T22:14:54.381+0000] {logging_mixin.py:154} INFO - [2025-03-23T22:14:54.381+0000] {dag.py:2941} INFO - Sync 1 DAGs
[2025-03-23T22:14:54.403+0000] {logging_mixin.py:154} INFO - [2025-03-23T22:14:54.403+0000] {dag.py:3722} INFO - Setting next_dagrun for chethan_test_dag to 2025-03-22T00:00:00+00:00, run_after=2025-03-23T00:00:00+00:00
[2025-03-23T22:14:54.420+0000] {processor.py:179} INFO - Processing /opt/airflow/dags/exampledag.py took 0.094 seconds
[2025-03-23T22:15:24.761+0000] {processor.py:157} INFO - Started process (PID=3320) to work on /opt/airflow/dags/exampledag.py
[2025-03-23T22:15:24.763+0000] {processor.py:829} INFO - Processing file /opt/airflow/dags/exampledag.py for tasks to queue
[2025-03-23T22:15:24.766+0000] {logging_mixin.py:154} INFO - [2025-03-23T22:15:24.765+0000] {dagbag.py:536} INFO - Filling up the DagBag from /opt/airflow/dags/exampledag.py
[2025-03-23T22:15:24.816+0000] {processor.py:839} INFO - DAG(s) dict_keys(['chethan_test_dag']) retrieved from /opt/airflow/dags/exampledag.py
[2025-03-23T22:15:24.860+0000] {logging_mixin.py:154} INFO - [2025-03-23T22:15:24.860+0000] {dag.py:2941} INFO - Sync 1 DAGs
[2025-03-23T22:15:24.896+0000] {logging_mixin.py:154} INFO - [2025-03-23T22:15:24.896+0000] {dag.py:3722} INFO - Setting next_dagrun for chethan_test_dag to 2025-03-22T00:00:00+00:00, run_after=2025-03-23T00:00:00+00:00
[2025-03-23T22:15:24.929+0000] {processor.py:179} INFO - Processing /opt/airflow/dags/exampledag.py took 0.181 seconds
[2025-03-23T22:15:55.265+0000] {processor.py:157} INFO - Started process (PID=3323) to work on /opt/airflow/dags/exampledag.py
[2025-03-23T22:15:55.266+0000] {processor.py:829} INFO - Processing file /opt/airflow/dags/exampledag.py for tasks to queue
[2025-03-23T22:15:55.267+0000] {logging_mixin.py:154} INFO - [2025-03-23T22:15:55.267+0000] {dagbag.py:536} INFO - Filling up the DagBag from /opt/airflow/dags/exampledag.py
[2025-03-23T22:15:55.298+0000] {processor.py:839} INFO - DAG(s) dict_keys(['chethan_test_dag']) retrieved from /opt/airflow/dags/exampledag.py
[2025-03-23T22:15:55.323+0000] {logging_mixin.py:154} INFO - [2025-03-23T22:15:55.323+0000] {dag.py:2941} INFO - Sync 1 DAGs
[2025-03-23T22:15:55.341+0000] {logging_mixin.py:154} INFO - [2025-03-23T22:15:55.341+0000] {dag.py:3722} INFO - Setting next_dagrun for chethan_test_dag to 2025-03-22T00:00:00+00:00, run_after=2025-03-23T00:00:00+00:00
[2025-03-23T22:15:55.357+0000] {processor.py:179} INFO - Processing /opt/airflow/dags/exampledag.py took 0.096 seconds
[2025-03-23T22:16:25.611+0000] {processor.py:157} INFO - Started process (PID=3326) to work on /opt/airflow/dags/exampledag.py
[2025-03-23T22:16:25.613+0000] {processor.py:829} INFO - Processing file /opt/airflow/dags/exampledag.py for tasks to queue
[2025-03-23T22:16:25.614+0000] {logging_mixin.py:154} INFO - [2025-03-23T22:16:25.614+0000] {dagbag.py:536} INFO - Filling up the DagBag from /opt/airflow/dags/exampledag.py
[2025-03-23T22:16:25.658+0000] {processor.py:839} INFO - DAG(s) dict_keys(['chethan_test_dag']) retrieved from /opt/airflow/dags/exampledag.py
[2025-03-23T22:16:25.680+0000] {logging_mixin.py:154} INFO - [2025-03-23T22:16:25.680+0000] {dag.py:2941} INFO - Sync 1 DAGs
[2025-03-23T22:16:25.698+0000] {logging_mixin.py:154} INFO - [2025-03-23T22:16:25.697+0000] {dag.py:3722} INFO - Setting next_dagrun for chethan_test_dag to 2025-03-22T00:00:00+00:00, run_after=2025-03-23T00:00:00+00:00
[2025-03-23T22:16:25.717+0000] {processor.py:179} INFO - Processing /opt/airflow/dags/exampledag.py took 0.111 seconds
[2025-03-23T22:16:55.982+0000] {processor.py:157} INFO - Started process (PID=3329) to work on /opt/airflow/dags/exampledag.py
[2025-03-23T22:16:55.984+0000] {processor.py:829} INFO - Processing file /opt/airflow/dags/exampledag.py for tasks to queue
[2025-03-23T22:16:55.985+0000] {logging_mixin.py:154} INFO - [2025-03-23T22:16:55.984+0000] {dagbag.py:536} INFO - Filling up the DagBag from /opt/airflow/dags/exampledag.py
[2025-03-23T22:16:56.009+0000] {processor.py:839} INFO - DAG(s) dict_keys(['chethan_test_dag']) retrieved from /opt/airflow/dags/exampledag.py
[2025-03-23T22:16:56.030+0000] {logging_mixin.py:154} INFO - [2025-03-23T22:16:56.030+0000] {dag.py:2941} INFO - Sync 1 DAGs
[2025-03-23T22:16:56.047+0000] {logging_mixin.py:154} INFO - [2025-03-23T22:16:56.047+0000] {dag.py:3722} INFO - Setting next_dagrun for chethan_test_dag to 2025-03-22T00:00:00+00:00, run_after=2025-03-23T00:00:00+00:00
[2025-03-23T22:16:56.065+0000] {processor.py:179} INFO - Processing /opt/airflow/dags/exampledag.py took 0.086 seconds
[2025-03-23T22:17:26.339+0000] {processor.py:157} INFO - Started process (PID=3332) to work on /opt/airflow/dags/exampledag.py
[2025-03-23T22:17:26.340+0000] {processor.py:829} INFO - Processing file /opt/airflow/dags/exampledag.py for tasks to queue
[2025-03-23T22:17:26.341+0000] {logging_mixin.py:154} INFO - [2025-03-23T22:17:26.341+0000] {dagbag.py:536} INFO - Filling up the DagBag from /opt/airflow/dags/exampledag.py
[2025-03-23T22:17:26.364+0000] {processor.py:839} INFO - DAG(s) dict_keys(['chethan_test_dag']) retrieved from /opt/airflow/dags/exampledag.py
[2025-03-23T22:17:26.384+0000] {logging_mixin.py:154} INFO - [2025-03-23T22:17:26.384+0000] {dag.py:2941} INFO - Sync 1 DAGs
[2025-03-23T22:17:26.402+0000] {logging_mixin.py:154} INFO - [2025-03-23T22:17:26.402+0000] {dag.py:3722} INFO - Setting next_dagrun for chethan_test_dag to 2025-03-22T00:00:00+00:00, run_after=2025-03-23T00:00:00+00:00
[2025-03-23T22:17:26.419+0000] {processor.py:179} INFO - Processing /opt/airflow/dags/exampledag.py took 0.083 seconds
[2025-03-23T22:17:56.683+0000] {processor.py:157} INFO - Started process (PID=3335) to work on /opt/airflow/dags/exampledag.py
[2025-03-23T22:17:56.685+0000] {processor.py:829} INFO - Processing file /opt/airflow/dags/exampledag.py for tasks to queue
[2025-03-23T22:17:56.686+0000] {logging_mixin.py:154} INFO - [2025-03-23T22:17:56.685+0000] {dagbag.py:536} INFO - Filling up the DagBag from /opt/airflow/dags/exampledag.py
[2025-03-23T22:17:56.720+0000] {processor.py:839} INFO - DAG(s) dict_keys(['chethan_test_dag']) retrieved from /opt/airflow/dags/exampledag.py
[2025-03-23T22:17:56.747+0000] {logging_mixin.py:154} INFO - [2025-03-23T22:17:56.747+0000] {dag.py:2941} INFO - Sync 1 DAGs
[2025-03-23T22:17:56.769+0000] {logging_mixin.py:154} INFO - [2025-03-23T22:17:56.768+0000] {dag.py:3722} INFO - Setting next_dagrun for chethan_test_dag to 2025-03-22T00:00:00+00:00, run_after=2025-03-23T00:00:00+00:00
[2025-03-23T22:17:56.792+0000] {processor.py:179} INFO - Processing /opt/airflow/dags/exampledag.py took 0.113 seconds
[2025-03-23T22:18:27.070+0000] {processor.py:157} INFO - Started process (PID=3338) to work on /opt/airflow/dags/exampledag.py
[2025-03-23T22:18:27.072+0000] {processor.py:829} INFO - Processing file /opt/airflow/dags/exampledag.py for tasks to queue
[2025-03-23T22:18:27.075+0000] {logging_mixin.py:154} INFO - [2025-03-23T22:18:27.074+0000] {dagbag.py:536} INFO - Filling up the DagBag from /opt/airflow/dags/exampledag.py
[2025-03-23T22:18:27.127+0000] {processor.py:839} INFO - DAG(s) dict_keys(['chethan_test_dag']) retrieved from /opt/airflow/dags/exampledag.py
[2025-03-23T22:18:27.162+0000] {logging_mixin.py:154} INFO - [2025-03-23T22:18:27.161+0000] {dag.py:2941} INFO - Sync 1 DAGs
[2025-03-23T22:18:27.192+0000] {logging_mixin.py:154} INFO - [2025-03-23T22:18:27.191+0000] {dag.py:3722} INFO - Setting next_dagrun for chethan_test_dag to 2025-03-22T00:00:00+00:00, run_after=2025-03-23T00:00:00+00:00
[2025-03-23T22:18:27.222+0000] {processor.py:179} INFO - Processing /opt/airflow/dags/exampledag.py took 0.160 seconds
[2025-03-23T22:18:57.475+0000] {processor.py:157} INFO - Started process (PID=3341) to work on /opt/airflow/dags/exampledag.py
[2025-03-23T22:18:57.477+0000] {processor.py:829} INFO - Processing file /opt/airflow/dags/exampledag.py for tasks to queue
[2025-03-23T22:18:57.478+0000] {logging_mixin.py:154} INFO - [2025-03-23T22:18:57.477+0000] {dagbag.py:536} INFO - Filling up the DagBag from /opt/airflow/dags/exampledag.py
[2025-03-23T22:18:57.502+0000] {processor.py:839} INFO - DAG(s) dict_keys(['chethan_test_dag']) retrieved from /opt/airflow/dags/exampledag.py
[2025-03-23T22:18:57.522+0000] {logging_mixin.py:154} INFO - [2025-03-23T22:18:57.522+0000] {dag.py:2941} INFO - Sync 1 DAGs
[2025-03-23T22:18:57.541+0000] {logging_mixin.py:154} INFO - [2025-03-23T22:18:57.541+0000] {dag.py:3722} INFO - Setting next_dagrun for chethan_test_dag to 2025-03-22T00:00:00+00:00, run_after=2025-03-23T00:00:00+00:00
[2025-03-23T22:18:57.563+0000] {processor.py:179} INFO - Processing /opt/airflow/dags/exampledag.py took 0.090 seconds
[2025-03-23T22:19:27.777+0000] {processor.py:157} INFO - Started process (PID=3344) to work on /opt/airflow/dags/exampledag.py
[2025-03-23T22:19:27.778+0000] {processor.py:829} INFO - Processing file /opt/airflow/dags/exampledag.py for tasks to queue
[2025-03-23T22:19:27.780+0000] {logging_mixin.py:154} INFO - [2025-03-23T22:19:27.779+0000] {dagbag.py:536} INFO - Filling up the DagBag from /opt/airflow/dags/exampledag.py
[2025-03-23T22:19:27.804+0000] {processor.py:839} INFO - DAG(s) dict_keys(['chethan_test_dag']) retrieved from /opt/airflow/dags/exampledag.py
[2025-03-23T22:19:27.823+0000] {logging_mixin.py:154} INFO - [2025-03-23T22:19:27.823+0000] {dag.py:2941} INFO - Sync 1 DAGs
[2025-03-23T22:19:27.840+0000] {logging_mixin.py:154} INFO - [2025-03-23T22:19:27.839+0000] {dag.py:3722} INFO - Setting next_dagrun for chethan_test_dag to 2025-03-22T00:00:00+00:00, run_after=2025-03-23T00:00:00+00:00
[2025-03-23T22:19:27.855+0000] {processor.py:179} INFO - Processing /opt/airflow/dags/exampledag.py took 0.081 seconds
[2025-03-23T22:19:58.106+0000] {processor.py:157} INFO - Started process (PID=3347) to work on /opt/airflow/dags/exampledag.py
[2025-03-23T22:19:58.106+0000] {processor.py:829} INFO - Processing file /opt/airflow/dags/exampledag.py for tasks to queue
[2025-03-23T22:19:58.107+0000] {logging_mixin.py:154} INFO - [2025-03-23T22:19:58.107+0000] {dagbag.py:536} INFO - Filling up the DagBag from /opt/airflow/dags/exampledag.py
[2025-03-23T22:19:58.128+0000] {processor.py:839} INFO - DAG(s) dict_keys(['chethan_test_dag']) retrieved from /opt/airflow/dags/exampledag.py
[2025-03-23T22:19:58.149+0000] {logging_mixin.py:154} INFO - [2025-03-23T22:19:58.148+0000] {dag.py:2941} INFO - Sync 1 DAGs
[2025-03-23T22:19:58.167+0000] {logging_mixin.py:154} INFO - [2025-03-23T22:19:58.167+0000] {dag.py:3722} INFO - Setting next_dagrun for chethan_test_dag to 2025-03-22T00:00:00+00:00, run_after=2025-03-23T00:00:00+00:00
[2025-03-23T22:19:58.185+0000] {processor.py:179} INFO - Processing /opt/airflow/dags/exampledag.py took 0.082 seconds
[2025-03-23T22:20:28.428+0000] {processor.py:157} INFO - Started process (PID=3350) to work on /opt/airflow/dags/exampledag.py
[2025-03-23T22:20:28.430+0000] {processor.py:829} INFO - Processing file /opt/airflow/dags/exampledag.py for tasks to queue
[2025-03-23T22:20:28.431+0000] {logging_mixin.py:154} INFO - [2025-03-23T22:20:28.431+0000] {dagbag.py:536} INFO - Filling up the DagBag from /opt/airflow/dags/exampledag.py
[2025-03-23T22:20:28.457+0000] {processor.py:839} INFO - DAG(s) dict_keys(['chethan_test_dag']) retrieved from /opt/airflow/dags/exampledag.py
[2025-03-23T22:20:28.481+0000] {logging_mixin.py:154} INFO - [2025-03-23T22:20:28.480+0000] {dag.py:2941} INFO - Sync 1 DAGs
[2025-03-23T22:20:28.503+0000] {logging_mixin.py:154} INFO - [2025-03-23T22:20:28.503+0000] {dag.py:3722} INFO - Setting next_dagrun for chethan_test_dag to 2025-03-22T00:00:00+00:00, run_after=2025-03-23T00:00:00+00:00
[2025-03-23T22:20:28.529+0000] {processor.py:179} INFO - Processing /opt/airflow/dags/exampledag.py took 0.104 seconds
[2025-03-23T22:20:58.815+0000] {processor.py:157} INFO - Started process (PID=3353) to work on /opt/airflow/dags/exampledag.py
[2025-03-23T22:20:58.816+0000] {processor.py:829} INFO - Processing file /opt/airflow/dags/exampledag.py for tasks to queue
[2025-03-23T22:20:58.817+0000] {logging_mixin.py:154} INFO - [2025-03-23T22:20:58.817+0000] {dagbag.py:536} INFO - Filling up the DagBag from /opt/airflow/dags/exampledag.py
[2025-03-23T22:20:58.846+0000] {processor.py:839} INFO - DAG(s) dict_keys(['chethan_test_dag']) retrieved from /opt/airflow/dags/exampledag.py
[2025-03-23T22:20:58.870+0000] {logging_mixin.py:154} INFO - [2025-03-23T22:20:58.870+0000] {dag.py:2941} INFO - Sync 1 DAGs
[2025-03-23T22:20:58.892+0000] {logging_mixin.py:154} INFO - [2025-03-23T22:20:58.892+0000] {dag.py:3722} INFO - Setting next_dagrun for chethan_test_dag to 2025-03-22T00:00:00+00:00, run_after=2025-03-23T00:00:00+00:00
[2025-03-23T22:20:58.911+0000] {processor.py:179} INFO - Processing /opt/airflow/dags/exampledag.py took 0.102 seconds
[2025-03-23T22:21:29.161+0000] {processor.py:157} INFO - Started process (PID=3356) to work on /opt/airflow/dags/exampledag.py
[2025-03-23T22:21:29.163+0000] {processor.py:829} INFO - Processing file /opt/airflow/dags/exampledag.py for tasks to queue
[2025-03-23T22:21:29.165+0000] {logging_mixin.py:154} INFO - [2025-03-23T22:21:29.164+0000] {dagbag.py:536} INFO - Filling up the DagBag from /opt/airflow/dags/exampledag.py
[2025-03-23T22:21:29.194+0000] {processor.py:839} INFO - DAG(s) dict_keys(['chethan_test_dag']) retrieved from /opt/airflow/dags/exampledag.py
[2025-03-23T22:21:29.218+0000] {logging_mixin.py:154} INFO - [2025-03-23T22:21:29.218+0000] {dag.py:2941} INFO - Sync 1 DAGs
[2025-03-23T22:21:29.238+0000] {logging_mixin.py:154} INFO - [2025-03-23T22:21:29.238+0000] {dag.py:3722} INFO - Setting next_dagrun for chethan_test_dag to 2025-03-22T00:00:00+00:00, run_after=2025-03-23T00:00:00+00:00
[2025-03-23T22:21:29.255+0000] {processor.py:179} INFO - Processing /opt/airflow/dags/exampledag.py took 0.098 seconds
[2025-03-23T22:21:59.599+0000] {processor.py:157} INFO - Started process (PID=3359) to work on /opt/airflow/dags/exampledag.py
[2025-03-23T22:21:59.600+0000] {processor.py:829} INFO - Processing file /opt/airflow/dags/exampledag.py for tasks to queue
[2025-03-23T22:21:59.601+0000] {logging_mixin.py:154} INFO - [2025-03-23T22:21:59.601+0000] {dagbag.py:536} INFO - Filling up the DagBag from /opt/airflow/dags/exampledag.py
[2025-03-23T22:21:59.629+0000] {processor.py:839} INFO - DAG(s) dict_keys(['chethan_test_dag']) retrieved from /opt/airflow/dags/exampledag.py
[2025-03-23T22:21:59.650+0000] {logging_mixin.py:154} INFO - [2025-03-23T22:21:59.650+0000] {dag.py:2941} INFO - Sync 1 DAGs
[2025-03-23T22:21:59.670+0000] {logging_mixin.py:154} INFO - [2025-03-23T22:21:59.670+0000] {dag.py:3722} INFO - Setting next_dagrun for chethan_test_dag to 2025-03-22T00:00:00+00:00, run_after=2025-03-23T00:00:00+00:00
[2025-03-23T22:21:59.689+0000] {processor.py:179} INFO - Processing /opt/airflow/dags/exampledag.py took 0.093 seconds
[2025-03-23T22:22:29.910+0000] {processor.py:157} INFO - Started process (PID=3362) to work on /opt/airflow/dags/exampledag.py
[2025-03-23T22:22:29.911+0000] {processor.py:829} INFO - Processing file /opt/airflow/dags/exampledag.py for tasks to queue
[2025-03-23T22:22:29.912+0000] {logging_mixin.py:154} INFO - [2025-03-23T22:22:29.912+0000] {dagbag.py:536} INFO - Filling up the DagBag from /opt/airflow/dags/exampledag.py
[2025-03-23T22:22:29.935+0000] {processor.py:839} INFO - DAG(s) dict_keys(['chethan_test_dag']) retrieved from /opt/airflow/dags/exampledag.py
[2025-03-23T22:22:29.962+0000] {logging_mixin.py:154} INFO - [2025-03-23T22:22:29.962+0000] {dag.py:2941} INFO - Sync 1 DAGs
[2025-03-23T22:22:29.984+0000] {logging_mixin.py:154} INFO - [2025-03-23T22:22:29.984+0000] {dag.py:3722} INFO - Setting next_dagrun for chethan_test_dag to 2025-03-22T00:00:00+00:00, run_after=2025-03-23T00:00:00+00:00
[2025-03-23T22:22:30.000+0000] {processor.py:179} INFO - Processing /opt/airflow/dags/exampledag.py took 0.093 seconds
[2025-03-23T22:23:00.240+0000] {processor.py:157} INFO - Started process (PID=3365) to work on /opt/airflow/dags/exampledag.py
[2025-03-23T22:23:00.242+0000] {processor.py:829} INFO - Processing file /opt/airflow/dags/exampledag.py for tasks to queue
[2025-03-23T22:23:00.243+0000] {logging_mixin.py:154} INFO - [2025-03-23T22:23:00.243+0000] {dagbag.py:536} INFO - Filling up the DagBag from /opt/airflow/dags/exampledag.py
[2025-03-23T22:23:00.270+0000] {processor.py:839} INFO - DAG(s) dict_keys(['chethan_test_dag']) retrieved from /opt/airflow/dags/exampledag.py
[2025-03-23T22:23:00.294+0000] {logging_mixin.py:154} INFO - [2025-03-23T22:23:00.294+0000] {dag.py:2941} INFO - Sync 1 DAGs
[2025-03-23T22:23:00.316+0000] {logging_mixin.py:154} INFO - [2025-03-23T22:23:00.316+0000] {dag.py:3722} INFO - Setting next_dagrun for chethan_test_dag to 2025-03-22T00:00:00+00:00, run_after=2025-03-23T00:00:00+00:00
[2025-03-23T22:23:00.339+0000] {processor.py:179} INFO - Processing /opt/airflow/dags/exampledag.py took 0.103 seconds
[2025-03-23T22:23:30.595+0000] {processor.py:157} INFO - Started process (PID=3368) to work on /opt/airflow/dags/exampledag.py
[2025-03-23T22:23:30.596+0000] {processor.py:829} INFO - Processing file /opt/airflow/dags/exampledag.py for tasks to queue
[2025-03-23T22:23:30.597+0000] {logging_mixin.py:154} INFO - [2025-03-23T22:23:30.597+0000] {dagbag.py:536} INFO - Filling up the DagBag from /opt/airflow/dags/exampledag.py
[2025-03-23T22:23:30.621+0000] {processor.py:839} INFO - DAG(s) dict_keys(['chethan_test_dag']) retrieved from /opt/airflow/dags/exampledag.py
[2025-03-23T22:23:30.640+0000] {logging_mixin.py:154} INFO - [2025-03-23T22:23:30.640+0000] {dag.py:2941} INFO - Sync 1 DAGs
[2025-03-23T22:23:30.657+0000] {logging_mixin.py:154} INFO - [2025-03-23T22:23:30.657+0000] {dag.py:3722} INFO - Setting next_dagrun for chethan_test_dag to 2025-03-22T00:00:00+00:00, run_after=2025-03-23T00:00:00+00:00
[2025-03-23T22:23:30.671+0000] {processor.py:179} INFO - Processing /opt/airflow/dags/exampledag.py took 0.079 seconds
[2025-03-23T22:24:00.897+0000] {processor.py:157} INFO - Started process (PID=3371) to work on /opt/airflow/dags/exampledag.py
[2025-03-23T22:24:00.899+0000] {processor.py:829} INFO - Processing file /opt/airflow/dags/exampledag.py for tasks to queue
[2025-03-23T22:24:00.900+0000] {logging_mixin.py:154} INFO - [2025-03-23T22:24:00.900+0000] {dagbag.py:536} INFO - Filling up the DagBag from /opt/airflow/dags/exampledag.py
[2025-03-23T22:24:00.927+0000] {processor.py:839} INFO - DAG(s) dict_keys(['chethan_test_dag']) retrieved from /opt/airflow/dags/exampledag.py
[2025-03-23T22:24:00.948+0000] {logging_mixin.py:154} INFO - [2025-03-23T22:24:00.948+0000] {dag.py:2941} INFO - Sync 1 DAGs
[2025-03-23T22:24:00.968+0000] {logging_mixin.py:154} INFO - [2025-03-23T22:24:00.968+0000] {dag.py:3722} INFO - Setting next_dagrun for chethan_test_dag to 2025-03-22T00:00:00+00:00, run_after=2025-03-23T00:00:00+00:00
[2025-03-23T22:24:00.986+0000] {processor.py:179} INFO - Processing /opt/airflow/dags/exampledag.py took 0.092 seconds
[2025-03-23T22:24:31.240+0000] {processor.py:157} INFO - Started process (PID=3374) to work on /opt/airflow/dags/exampledag.py
[2025-03-23T22:24:31.241+0000] {processor.py:829} INFO - Processing file /opt/airflow/dags/exampledag.py for tasks to queue
[2025-03-23T22:24:31.242+0000] {logging_mixin.py:154} INFO - [2025-03-23T22:24:31.242+0000] {dagbag.py:536} INFO - Filling up the DagBag from /opt/airflow/dags/exampledag.py
[2025-03-23T22:24:31.270+0000] {processor.py:839} INFO - DAG(s) dict_keys(['chethan_test_dag']) retrieved from /opt/airflow/dags/exampledag.py
[2025-03-23T22:24:31.292+0000] {logging_mixin.py:154} INFO - [2025-03-23T22:24:31.291+0000] {dag.py:2941} INFO - Sync 1 DAGs
[2025-03-23T22:24:31.311+0000] {logging_mixin.py:154} INFO - [2025-03-23T22:24:31.310+0000] {dag.py:3722} INFO - Setting next_dagrun for chethan_test_dag to 2025-03-22T00:00:00+00:00, run_after=2025-03-23T00:00:00+00:00
[2025-03-23T22:24:31.326+0000] {processor.py:179} INFO - Processing /opt/airflow/dags/exampledag.py took 0.089 seconds
[2025-03-23T22:25:01.546+0000] {processor.py:157} INFO - Started process (PID=3377) to work on /opt/airflow/dags/exampledag.py
[2025-03-23T22:25:01.547+0000] {processor.py:829} INFO - Processing file /opt/airflow/dags/exampledag.py for tasks to queue
[2025-03-23T22:25:01.548+0000] {logging_mixin.py:154} INFO - [2025-03-23T22:25:01.548+0000] {dagbag.py:536} INFO - Filling up the DagBag from /opt/airflow/dags/exampledag.py
[2025-03-23T22:25:01.581+0000] {processor.py:839} INFO - DAG(s) dict_keys(['chethan_test_dag']) retrieved from /opt/airflow/dags/exampledag.py
[2025-03-23T22:25:01.617+0000] {logging_mixin.py:154} INFO - [2025-03-23T22:25:01.617+0000] {dag.py:2941} INFO - Sync 1 DAGs
[2025-03-23T22:25:01.644+0000] {logging_mixin.py:154} INFO - [2025-03-23T22:25:01.644+0000] {dag.py:3722} INFO - Setting next_dagrun for chethan_test_dag to 2025-03-22T00:00:00+00:00, run_after=2025-03-23T00:00:00+00:00
[2025-03-23T22:25:01.669+0000] {processor.py:179} INFO - Processing /opt/airflow/dags/exampledag.py took 0.125 seconds
[2025-03-23T22:25:31.927+0000] {processor.py:157} INFO - Started process (PID=3380) to work on /opt/airflow/dags/exampledag.py
[2025-03-23T22:25:31.929+0000] {processor.py:829} INFO - Processing file /opt/airflow/dags/exampledag.py for tasks to queue
[2025-03-23T22:25:31.931+0000] {logging_mixin.py:154} INFO - [2025-03-23T22:25:31.930+0000] {dagbag.py:536} INFO - Filling up the DagBag from /opt/airflow/dags/exampledag.py
[2025-03-23T22:25:31.966+0000] {processor.py:839} INFO - DAG(s) dict_keys(['chethan_test_dag']) retrieved from /opt/airflow/dags/exampledag.py
[2025-03-23T22:25:31.991+0000] {logging_mixin.py:154} INFO - [2025-03-23T22:25:31.991+0000] {dag.py:2941} INFO - Sync 1 DAGs
[2025-03-23T22:25:32.015+0000] {logging_mixin.py:154} INFO - [2025-03-23T22:25:32.015+0000] {dag.py:3722} INFO - Setting next_dagrun for chethan_test_dag to 2025-03-22T00:00:00+00:00, run_after=2025-03-23T00:00:00+00:00
[2025-03-23T22:25:32.033+0000] {processor.py:179} INFO - Processing /opt/airflow/dags/exampledag.py took 0.111 seconds
[2025-03-23T22:26:02.181+0000] {processor.py:157} INFO - Started process (PID=3382) to work on /opt/airflow/dags/exampledag.py
[2025-03-23T22:26:02.182+0000] {processor.py:829} INFO - Processing file /opt/airflow/dags/exampledag.py for tasks to queue
[2025-03-23T22:26:02.183+0000] {logging_mixin.py:154} INFO - [2025-03-23T22:26:02.182+0000] {dagbag.py:536} INFO - Filling up the DagBag from /opt/airflow/dags/exampledag.py
[2025-03-23T22:26:02.212+0000] {processor.py:839} INFO - DAG(s) dict_keys(['chethan_test_dag']) retrieved from /opt/airflow/dags/exampledag.py
[2025-03-23T22:26:02.237+0000] {logging_mixin.py:154} INFO - [2025-03-23T22:26:02.237+0000] {dag.py:2941} INFO - Sync 1 DAGs
[2025-03-23T22:26:02.261+0000] {logging_mixin.py:154} INFO - [2025-03-23T22:26:02.260+0000] {dag.py:3722} INFO - Setting next_dagrun for chethan_test_dag to 2025-03-22T00:00:00+00:00, run_after=2025-03-23T00:00:00+00:00
[2025-03-23T22:26:02.279+0000] {processor.py:179} INFO - Processing /opt/airflow/dags/exampledag.py took 0.102 seconds
[2025-03-23T22:26:32.514+0000] {processor.py:157} INFO - Started process (PID=3384) to work on /opt/airflow/dags/exampledag.py
[2025-03-23T22:26:32.516+0000] {processor.py:829} INFO - Processing file /opt/airflow/dags/exampledag.py for tasks to queue
[2025-03-23T22:26:32.517+0000] {logging_mixin.py:154} INFO - [2025-03-23T22:26:32.516+0000] {dagbag.py:536} INFO - Filling up the DagBag from /opt/airflow/dags/exampledag.py
[2025-03-23T22:26:32.538+0000] {processor.py:839} INFO - DAG(s) dict_keys(['chethan_test_dag']) retrieved from /opt/airflow/dags/exampledag.py
[2025-03-23T22:26:32.558+0000] {logging_mixin.py:154} INFO - [2025-03-23T22:26:32.558+0000] {dag.py:2941} INFO - Sync 1 DAGs
[2025-03-23T22:26:32.575+0000] {logging_mixin.py:154} INFO - [2025-03-23T22:26:32.575+0000] {dag.py:3722} INFO - Setting next_dagrun for chethan_test_dag to 2025-03-22T00:00:00+00:00, run_after=2025-03-23T00:00:00+00:00
[2025-03-23T22:26:32.594+0000] {processor.py:179} INFO - Processing /opt/airflow/dags/exampledag.py took 0.083 seconds
[2025-03-23T22:27:02.975+0000] {processor.py:157} INFO - Started process (PID=3388) to work on /opt/airflow/dags/exampledag.py
[2025-03-23T22:27:02.976+0000] {processor.py:829} INFO - Processing file /opt/airflow/dags/exampledag.py for tasks to queue
[2025-03-23T22:27:02.977+0000] {logging_mixin.py:154} INFO - [2025-03-23T22:27:02.977+0000] {dagbag.py:536} INFO - Filling up the DagBag from /opt/airflow/dags/exampledag.py
[2025-03-23T22:27:03.005+0000] {processor.py:839} INFO - DAG(s) dict_keys(['chethan_test_dag']) retrieved from /opt/airflow/dags/exampledag.py
[2025-03-23T22:27:03.033+0000] {logging_mixin.py:154} INFO - [2025-03-23T22:27:03.032+0000] {dag.py:2941} INFO - Sync 1 DAGs
[2025-03-23T22:27:03.056+0000] {logging_mixin.py:154} INFO - [2025-03-23T22:27:03.056+0000] {dag.py:3722} INFO - Setting next_dagrun for chethan_test_dag to 2025-03-22T00:00:00+00:00, run_after=2025-03-23T00:00:00+00:00
[2025-03-23T22:27:03.078+0000] {processor.py:179} INFO - Processing /opt/airflow/dags/exampledag.py took 0.105 seconds
[2025-03-23T22:27:33.339+0000] {processor.py:157} INFO - Started process (PID=3391) to work on /opt/airflow/dags/exampledag.py
[2025-03-23T22:27:33.340+0000] {processor.py:829} INFO - Processing file /opt/airflow/dags/exampledag.py for tasks to queue
[2025-03-23T22:27:33.341+0000] {logging_mixin.py:154} INFO - [2025-03-23T22:27:33.340+0000] {dagbag.py:536} INFO - Filling up the DagBag from /opt/airflow/dags/exampledag.py
[2025-03-23T22:27:33.365+0000] {processor.py:839} INFO - DAG(s) dict_keys(['chethan_test_dag']) retrieved from /opt/airflow/dags/exampledag.py
[2025-03-23T22:27:33.390+0000] {logging_mixin.py:154} INFO - [2025-03-23T22:27:33.390+0000] {dag.py:2941} INFO - Sync 1 DAGs
[2025-03-23T22:27:33.414+0000] {logging_mixin.py:154} INFO - [2025-03-23T22:27:33.414+0000] {dag.py:3722} INFO - Setting next_dagrun for chethan_test_dag to 2025-03-22T00:00:00+00:00, run_after=2025-03-23T00:00:00+00:00
[2025-03-23T22:27:33.437+0000] {processor.py:179} INFO - Processing /opt/airflow/dags/exampledag.py took 0.101 seconds
[2025-03-23T22:28:03.731+0000] {processor.py:157} INFO - Started process (PID=3394) to work on /opt/airflow/dags/exampledag.py
[2025-03-23T22:28:03.732+0000] {processor.py:829} INFO - Processing file /opt/airflow/dags/exampledag.py for tasks to queue
[2025-03-23T22:28:03.732+0000] {logging_mixin.py:154} INFO - [2025-03-23T22:28:03.732+0000] {dagbag.py:536} INFO - Filling up the DagBag from /opt/airflow/dags/exampledag.py
[2025-03-23T22:28:03.757+0000] {processor.py:839} INFO - DAG(s) dict_keys(['chethan_test_dag']) retrieved from /opt/airflow/dags/exampledag.py
[2025-03-23T22:28:03.781+0000] {logging_mixin.py:154} INFO - [2025-03-23T22:28:03.781+0000] {dag.py:2941} INFO - Sync 1 DAGs
[2025-03-23T22:28:03.800+0000] {logging_mixin.py:154} INFO - [2025-03-23T22:28:03.800+0000] {dag.py:3722} INFO - Setting next_dagrun for chethan_test_dag to 2025-03-22T00:00:00+00:00, run_after=2025-03-23T00:00:00+00:00
[2025-03-23T22:28:03.822+0000] {processor.py:179} INFO - Processing /opt/airflow/dags/exampledag.py took 0.095 seconds
[2025-03-23T22:28:34.134+0000] {processor.py:157} INFO - Started process (PID=3397) to work on /opt/airflow/dags/exampledag.py
[2025-03-23T22:28:34.136+0000] {processor.py:829} INFO - Processing file /opt/airflow/dags/exampledag.py for tasks to queue
[2025-03-23T22:28:34.137+0000] {logging_mixin.py:154} INFO - [2025-03-23T22:28:34.136+0000] {dagbag.py:536} INFO - Filling up the DagBag from /opt/airflow/dags/exampledag.py
[2025-03-23T22:28:34.179+0000] {processor.py:839} INFO - DAG(s) dict_keys(['chethan_test_dag']) retrieved from /opt/airflow/dags/exampledag.py
[2025-03-23T22:28:34.228+0000] {logging_mixin.py:154} INFO - [2025-03-23T22:28:34.228+0000] {dag.py:2941} INFO - Sync 1 DAGs
[2025-03-23T22:28:34.273+0000] {logging_mixin.py:154} INFO - [2025-03-23T22:28:34.273+0000] {dag.py:3722} INFO - Setting next_dagrun for chethan_test_dag to 2025-03-22T00:00:00+00:00, run_after=2025-03-23T00:00:00+00:00
[2025-03-23T22:28:34.315+0000] {processor.py:179} INFO - Processing /opt/airflow/dags/exampledag.py took 0.185 seconds
[2025-03-23T22:29:04.634+0000] {processor.py:157} INFO - Started process (PID=3399) to work on /opt/airflow/dags/exampledag.py
[2025-03-23T22:29:04.636+0000] {processor.py:829} INFO - Processing file /opt/airflow/dags/exampledag.py for tasks to queue
[2025-03-23T22:29:04.639+0000] {logging_mixin.py:154} INFO - [2025-03-23T22:29:04.638+0000] {dagbag.py:536} INFO - Filling up the DagBag from /opt/airflow/dags/exampledag.py
[2025-03-23T22:29:04.685+0000] {processor.py:839} INFO - DAG(s) dict_keys(['chethan_test_dag']) retrieved from /opt/airflow/dags/exampledag.py
[2025-03-23T22:29:04.728+0000] {logging_mixin.py:154} INFO - [2025-03-23T22:29:04.728+0000] {dag.py:2941} INFO - Sync 1 DAGs
[2025-03-23T22:29:04.772+0000] {logging_mixin.py:154} INFO - [2025-03-23T22:29:04.771+0000] {dag.py:3722} INFO - Setting next_dagrun for chethan_test_dag to 2025-03-22T00:00:00+00:00, run_after=2025-03-23T00:00:00+00:00
[2025-03-23T22:29:04.813+0000] {processor.py:179} INFO - Processing /opt/airflow/dags/exampledag.py took 0.184 seconds
[2025-03-23T22:29:35.148+0000] {processor.py:157} INFO - Started process (PID=3402) to work on /opt/airflow/dags/exampledag.py
[2025-03-23T22:29:35.151+0000] {processor.py:829} INFO - Processing file /opt/airflow/dags/exampledag.py for tasks to queue
[2025-03-23T22:29:35.153+0000] {logging_mixin.py:154} INFO - [2025-03-23T22:29:35.153+0000] {dagbag.py:536} INFO - Filling up the DagBag from /opt/airflow/dags/exampledag.py
[2025-03-23T22:29:35.202+0000] {processor.py:839} INFO - DAG(s) dict_keys(['chethan_test_dag']) retrieved from /opt/airflow/dags/exampledag.py
[2025-03-23T22:29:35.257+0000] {logging_mixin.py:154} INFO - [2025-03-23T22:29:35.257+0000] {dag.py:2941} INFO - Sync 1 DAGs
[2025-03-23T22:29:35.298+0000] {logging_mixin.py:154} INFO - [2025-03-23T22:29:35.297+0000] {dag.py:3722} INFO - Setting next_dagrun for chethan_test_dag to 2025-03-22T00:00:00+00:00, run_after=2025-03-23T00:00:00+00:00
[2025-03-23T22:29:35.324+0000] {processor.py:179} INFO - Processing /opt/airflow/dags/exampledag.py took 0.184 seconds
[2025-03-23T22:30:05.616+0000] {processor.py:157} INFO - Started process (PID=3405) to work on /opt/airflow/dags/exampledag.py
[2025-03-23T22:30:05.617+0000] {processor.py:829} INFO - Processing file /opt/airflow/dags/exampledag.py for tasks to queue
[2025-03-23T22:30:05.618+0000] {logging_mixin.py:154} INFO - [2025-03-23T22:30:05.618+0000] {dagbag.py:536} INFO - Filling up the DagBag from /opt/airflow/dags/exampledag.py
[2025-03-23T22:30:05.650+0000] {processor.py:839} INFO - DAG(s) dict_keys(['chethan_test_dag']) retrieved from /opt/airflow/dags/exampledag.py
[2025-03-23T22:30:05.677+0000] {logging_mixin.py:154} INFO - [2025-03-23T22:30:05.677+0000] {dag.py:2941} INFO - Sync 1 DAGs
[2025-03-23T22:30:05.704+0000] {logging_mixin.py:154} INFO - [2025-03-23T22:30:05.704+0000] {dag.py:3722} INFO - Setting next_dagrun for chethan_test_dag to 2025-03-22T00:00:00+00:00, run_after=2025-03-23T00:00:00+00:00
[2025-03-23T22:30:05.723+0000] {processor.py:179} INFO - Processing /opt/airflow/dags/exampledag.py took 0.111 seconds
[2025-03-23T22:30:35.974+0000] {processor.py:157} INFO - Started process (PID=3408) to work on /opt/airflow/dags/exampledag.py
[2025-03-23T22:30:35.975+0000] {processor.py:829} INFO - Processing file /opt/airflow/dags/exampledag.py for tasks to queue
[2025-03-23T22:30:35.976+0000] {logging_mixin.py:154} INFO - [2025-03-23T22:30:35.976+0000] {dagbag.py:536} INFO - Filling up the DagBag from /opt/airflow/dags/exampledag.py
[2025-03-23T22:30:35.999+0000] {processor.py:839} INFO - DAG(s) dict_keys(['chethan_test_dag']) retrieved from /opt/airflow/dags/exampledag.py
[2025-03-23T22:30:36.020+0000] {logging_mixin.py:154} INFO - [2025-03-23T22:30:36.020+0000] {dag.py:2941} INFO - Sync 1 DAGs
[2025-03-23T22:30:36.037+0000] {logging_mixin.py:154} INFO - [2025-03-23T22:30:36.037+0000] {dag.py:3722} INFO - Setting next_dagrun for chethan_test_dag to 2025-03-22T00:00:00+00:00, run_after=2025-03-23T00:00:00+00:00
[2025-03-23T22:30:36.053+0000] {processor.py:179} INFO - Processing /opt/airflow/dags/exampledag.py took 0.082 seconds
[2025-03-23T22:31:06.291+0000] {processor.py:157} INFO - Started process (PID=3411) to work on /opt/airflow/dags/exampledag.py
[2025-03-23T22:31:06.292+0000] {processor.py:829} INFO - Processing file /opt/airflow/dags/exampledag.py for tasks to queue
[2025-03-23T22:31:06.293+0000] {logging_mixin.py:154} INFO - [2025-03-23T22:31:06.292+0000] {dagbag.py:536} INFO - Filling up the DagBag from /opt/airflow/dags/exampledag.py
[2025-03-23T22:31:06.313+0000] {processor.py:839} INFO - DAG(s) dict_keys(['chethan_test_dag']) retrieved from /opt/airflow/dags/exampledag.py
[2025-03-23T22:31:06.333+0000] {logging_mixin.py:154} INFO - [2025-03-23T22:31:06.333+0000] {dag.py:2941} INFO - Sync 1 DAGs
[2025-03-23T22:31:06.353+0000] {logging_mixin.py:154} INFO - [2025-03-23T22:31:06.352+0000] {dag.py:3722} INFO - Setting next_dagrun for chethan_test_dag to 2025-03-22T00:00:00+00:00, run_after=2025-03-23T00:00:00+00:00
[2025-03-23T22:31:06.378+0000] {processor.py:179} INFO - Processing /opt/airflow/dags/exampledag.py took 0.090 seconds
[2025-03-23T22:31:36.691+0000] {processor.py:157} INFO - Started process (PID=3414) to work on /opt/airflow/dags/exampledag.py
[2025-03-23T22:31:36.693+0000] {processor.py:829} INFO - Processing file /opt/airflow/dags/exampledag.py for tasks to queue
[2025-03-23T22:31:36.694+0000] {logging_mixin.py:154} INFO - [2025-03-23T22:31:36.693+0000] {dagbag.py:536} INFO - Filling up the DagBag from /opt/airflow/dags/exampledag.py
[2025-03-23T22:31:36.717+0000] {processor.py:839} INFO - DAG(s) dict_keys(['chethan_test_dag']) retrieved from /opt/airflow/dags/exampledag.py
[2025-03-23T22:31:36.739+0000] {logging_mixin.py:154} INFO - [2025-03-23T22:31:36.739+0000] {dag.py:2941} INFO - Sync 1 DAGs
[2025-03-23T22:31:36.759+0000] {logging_mixin.py:154} INFO - [2025-03-23T22:31:36.759+0000] {dag.py:3722} INFO - Setting next_dagrun for chethan_test_dag to 2025-03-22T00:00:00+00:00, run_after=2025-03-23T00:00:00+00:00
[2025-03-23T22:31:36.777+0000] {processor.py:179} INFO - Processing /opt/airflow/dags/exampledag.py took 0.089 seconds
[2025-03-23T22:32:07.106+0000] {processor.py:157} INFO - Started process (PID=3417) to work on /opt/airflow/dags/exampledag.py
[2025-03-23T22:32:07.107+0000] {processor.py:829} INFO - Processing file /opt/airflow/dags/exampledag.py for tasks to queue
[2025-03-23T22:32:07.108+0000] {logging_mixin.py:154} INFO - [2025-03-23T22:32:07.108+0000] {dagbag.py:536} INFO - Filling up the DagBag from /opt/airflow/dags/exampledag.py
[2025-03-23T22:32:07.131+0000] {processor.py:839} INFO - DAG(s) dict_keys(['chethan_test_dag']) retrieved from /opt/airflow/dags/exampledag.py
[2025-03-23T22:32:07.153+0000] {logging_mixin.py:154} INFO - [2025-03-23T22:32:07.153+0000] {dag.py:2941} INFO - Sync 1 DAGs
[2025-03-23T22:32:07.173+0000] {logging_mixin.py:154} INFO - [2025-03-23T22:32:07.172+0000] {dag.py:3722} INFO - Setting next_dagrun for chethan_test_dag to 2025-03-22T00:00:00+00:00, run_after=2025-03-23T00:00:00+00:00
[2025-03-23T22:32:07.210+0000] {processor.py:179} INFO - Processing /opt/airflow/dags/exampledag.py took 0.106 seconds
[2025-03-23T22:32:37.525+0000] {processor.py:157} INFO - Started process (PID=3420) to work on /opt/airflow/dags/exampledag.py
[2025-03-23T22:32:37.526+0000] {processor.py:829} INFO - Processing file /opt/airflow/dags/exampledag.py for tasks to queue
[2025-03-23T22:32:37.527+0000] {logging_mixin.py:154} INFO - [2025-03-23T22:32:37.527+0000] {dagbag.py:536} INFO - Filling up the DagBag from /opt/airflow/dags/exampledag.py
[2025-03-23T22:32:37.554+0000] {processor.py:839} INFO - DAG(s) dict_keys(['chethan_test_dag']) retrieved from /opt/airflow/dags/exampledag.py
[2025-03-23T22:32:37.577+0000] {logging_mixin.py:154} INFO - [2025-03-23T22:32:37.577+0000] {dag.py:2941} INFO - Sync 1 DAGs
[2025-03-23T22:32:37.596+0000] {logging_mixin.py:154} INFO - [2025-03-23T22:32:37.596+0000] {dag.py:3722} INFO - Setting next_dagrun for chethan_test_dag to 2025-03-22T00:00:00+00:00, run_after=2025-03-23T00:00:00+00:00
[2025-03-23T22:32:37.611+0000] {processor.py:179} INFO - Processing /opt/airflow/dags/exampledag.py took 0.091 seconds
[2025-03-23T22:33:07.880+0000] {processor.py:157} INFO - Started process (PID=3423) to work on /opt/airflow/dags/exampledag.py
[2025-03-23T22:33:07.881+0000] {processor.py:829} INFO - Processing file /opt/airflow/dags/exampledag.py for tasks to queue
[2025-03-23T22:33:07.882+0000] {logging_mixin.py:154} INFO - [2025-03-23T22:33:07.882+0000] {dagbag.py:536} INFO - Filling up the DagBag from /opt/airflow/dags/exampledag.py
[2025-03-23T22:33:07.907+0000] {processor.py:839} INFO - DAG(s) dict_keys(['chethan_test_dag']) retrieved from /opt/airflow/dags/exampledag.py
[2025-03-23T22:33:07.932+0000] {logging_mixin.py:154} INFO - [2025-03-23T22:33:07.932+0000] {dag.py:2941} INFO - Sync 1 DAGs
[2025-03-23T22:33:07.950+0000] {logging_mixin.py:154} INFO - [2025-03-23T22:33:07.950+0000] {dag.py:3722} INFO - Setting next_dagrun for chethan_test_dag to 2025-03-22T00:00:00+00:00, run_after=2025-03-23T00:00:00+00:00
[2025-03-23T22:33:07.966+0000] {processor.py:179} INFO - Processing /opt/airflow/dags/exampledag.py took 0.089 seconds
[2025-03-23T22:33:38.242+0000] {processor.py:157} INFO - Started process (PID=3426) to work on /opt/airflow/dags/exampledag.py
[2025-03-23T22:33:38.244+0000] {processor.py:829} INFO - Processing file /opt/airflow/dags/exampledag.py for tasks to queue
[2025-03-23T22:33:38.246+0000] {logging_mixin.py:154} INFO - [2025-03-23T22:33:38.245+0000] {dagbag.py:536} INFO - Filling up the DagBag from /opt/airflow/dags/exampledag.py
[2025-03-23T22:33:38.275+0000] {processor.py:839} INFO - DAG(s) dict_keys(['chethan_test_dag']) retrieved from /opt/airflow/dags/exampledag.py
[2025-03-23T22:33:38.294+0000] {logging_mixin.py:154} INFO - [2025-03-23T22:33:38.294+0000] {dag.py:2941} INFO - Sync 1 DAGs
[2025-03-23T22:33:38.311+0000] {logging_mixin.py:154} INFO - [2025-03-23T22:33:38.311+0000] {dag.py:3722} INFO - Setting next_dagrun for chethan_test_dag to 2025-03-22T00:00:00+00:00, run_after=2025-03-23T00:00:00+00:00
[2025-03-23T22:33:38.328+0000] {processor.py:179} INFO - Processing /opt/airflow/dags/exampledag.py took 0.090 seconds
[2025-03-23T22:34:08.600+0000] {processor.py:157} INFO - Started process (PID=3429) to work on /opt/airflow/dags/exampledag.py
[2025-03-23T22:34:08.601+0000] {processor.py:829} INFO - Processing file /opt/airflow/dags/exampledag.py for tasks to queue
[2025-03-23T22:34:08.603+0000] {logging_mixin.py:154} INFO - [2025-03-23T22:34:08.602+0000] {dagbag.py:536} INFO - Filling up the DagBag from /opt/airflow/dags/exampledag.py
[2025-03-23T22:34:08.628+0000] {processor.py:839} INFO - DAG(s) dict_keys(['chethan_test_dag']) retrieved from /opt/airflow/dags/exampledag.py
[2025-03-23T22:34:08.649+0000] {logging_mixin.py:154} INFO - [2025-03-23T22:34:08.648+0000] {dag.py:2941} INFO - Sync 1 DAGs
[2025-03-23T22:34:08.667+0000] {logging_mixin.py:154} INFO - [2025-03-23T22:34:08.667+0000] {dag.py:3722} INFO - Setting next_dagrun for chethan_test_dag to 2025-03-22T00:00:00+00:00, run_after=2025-03-23T00:00:00+00:00
[2025-03-23T22:34:08.687+0000] {processor.py:179} INFO - Processing /opt/airflow/dags/exampledag.py took 0.090 seconds
[2025-03-23T22:34:38.929+0000] {processor.py:157} INFO - Started process (PID=3432) to work on /opt/airflow/dags/exampledag.py
[2025-03-23T22:34:38.930+0000] {processor.py:829} INFO - Processing file /opt/airflow/dags/exampledag.py for tasks to queue
[2025-03-23T22:34:38.932+0000] {logging_mixin.py:154} INFO - [2025-03-23T22:34:38.932+0000] {dagbag.py:536} INFO - Filling up the DagBag from /opt/airflow/dags/exampledag.py
[2025-03-23T22:34:38.954+0000] {processor.py:839} INFO - DAG(s) dict_keys(['chethan_test_dag']) retrieved from /opt/airflow/dags/exampledag.py
[2025-03-23T22:34:38.978+0000] {logging_mixin.py:154} INFO - [2025-03-23T22:34:38.978+0000] {dag.py:2941} INFO - Sync 1 DAGs
[2025-03-23T22:34:39.000+0000] {logging_mixin.py:154} INFO - [2025-03-23T22:34:38.999+0000] {dag.py:3722} INFO - Setting next_dagrun for chethan_test_dag to 2025-03-22T00:00:00+00:00, run_after=2025-03-23T00:00:00+00:00
[2025-03-23T22:34:39.026+0000] {processor.py:179} INFO - Processing /opt/airflow/dags/exampledag.py took 0.099 seconds
[2025-03-23T22:35:09.318+0000] {processor.py:157} INFO - Started process (PID=3435) to work on /opt/airflow/dags/exampledag.py
[2025-03-23T22:35:09.320+0000] {processor.py:829} INFO - Processing file /opt/airflow/dags/exampledag.py for tasks to queue
[2025-03-23T22:35:09.323+0000] {logging_mixin.py:154} INFO - [2025-03-23T22:35:09.322+0000] {dagbag.py:536} INFO - Filling up the DagBag from /opt/airflow/dags/exampledag.py
[2025-03-23T22:35:09.360+0000] {processor.py:839} INFO - DAG(s) dict_keys(['chethan_test_dag']) retrieved from /opt/airflow/dags/exampledag.py
[2025-03-23T22:35:09.385+0000] {logging_mixin.py:154} INFO - [2025-03-23T22:35:09.385+0000] {dag.py:2941} INFO - Sync 1 DAGs
[2025-03-23T22:35:09.412+0000] {logging_mixin.py:154} INFO - [2025-03-23T22:35:09.411+0000] {dag.py:3722} INFO - Setting next_dagrun for chethan_test_dag to 2025-03-22T00:00:00+00:00, run_after=2025-03-23T00:00:00+00:00
[2025-03-23T22:35:09.432+0000] {processor.py:179} INFO - Processing /opt/airflow/dags/exampledag.py took 0.119 seconds
[2025-03-23T22:35:39.694+0000] {processor.py:157} INFO - Started process (PID=3438) to work on /opt/airflow/dags/exampledag.py
[2025-03-23T22:35:39.696+0000] {processor.py:829} INFO - Processing file /opt/airflow/dags/exampledag.py for tasks to queue
[2025-03-23T22:35:39.697+0000] {logging_mixin.py:154} INFO - [2025-03-23T22:35:39.697+0000] {dagbag.py:536} INFO - Filling up the DagBag from /opt/airflow/dags/exampledag.py
[2025-03-23T22:35:39.724+0000] {processor.py:839} INFO - DAG(s) dict_keys(['chethan_test_dag']) retrieved from /opt/airflow/dags/exampledag.py
[2025-03-23T22:35:39.752+0000] {logging_mixin.py:154} INFO - [2025-03-23T22:35:39.752+0000] {dag.py:2941} INFO - Sync 1 DAGs
[2025-03-23T22:35:39.771+0000] {logging_mixin.py:154} INFO - [2025-03-23T22:35:39.770+0000] {dag.py:3722} INFO - Setting next_dagrun for chethan_test_dag to 2025-03-22T00:00:00+00:00, run_after=2025-03-23T00:00:00+00:00
[2025-03-23T22:35:39.794+0000] {processor.py:179} INFO - Processing /opt/airflow/dags/exampledag.py took 0.103 seconds
[2025-03-23T22:36:10.026+0000] {processor.py:157} INFO - Started process (PID=3441) to work on /opt/airflow/dags/exampledag.py
[2025-03-23T22:36:10.027+0000] {processor.py:829} INFO - Processing file /opt/airflow/dags/exampledag.py for tasks to queue
[2025-03-23T22:36:10.029+0000] {logging_mixin.py:154} INFO - [2025-03-23T22:36:10.028+0000] {dagbag.py:536} INFO - Filling up the DagBag from /opt/airflow/dags/exampledag.py
[2025-03-23T22:36:10.062+0000] {processor.py:839} INFO - DAG(s) dict_keys(['chethan_test_dag']) retrieved from /opt/airflow/dags/exampledag.py
[2025-03-23T22:36:10.089+0000] {logging_mixin.py:154} INFO - [2025-03-23T22:36:10.088+0000] {dag.py:2941} INFO - Sync 1 DAGs
[2025-03-23T22:36:10.114+0000] {logging_mixin.py:154} INFO - [2025-03-23T22:36:10.114+0000] {dag.py:3722} INFO - Setting next_dagrun for chethan_test_dag to 2025-03-22T00:00:00+00:00, run_after=2025-03-23T00:00:00+00:00
[2025-03-23T22:36:10.131+0000] {processor.py:179} INFO - Processing /opt/airflow/dags/exampledag.py took 0.109 seconds
[2025-03-23T22:36:40.382+0000] {processor.py:157} INFO - Started process (PID=3444) to work on /opt/airflow/dags/exampledag.py
[2025-03-23T22:36:40.383+0000] {processor.py:829} INFO - Processing file /opt/airflow/dags/exampledag.py for tasks to queue
[2025-03-23T22:36:40.384+0000] {logging_mixin.py:154} INFO - [2025-03-23T22:36:40.383+0000] {dagbag.py:536} INFO - Filling up the DagBag from /opt/airflow/dags/exampledag.py
[2025-03-23T22:36:40.407+0000] {processor.py:839} INFO - DAG(s) dict_keys(['chethan_test_dag']) retrieved from /opt/airflow/dags/exampledag.py
[2025-03-23T22:36:40.426+0000] {logging_mixin.py:154} INFO - [2025-03-23T22:36:40.426+0000] {dag.py:2941} INFO - Sync 1 DAGs
[2025-03-23T22:36:40.444+0000] {logging_mixin.py:154} INFO - [2025-03-23T22:36:40.444+0000] {dag.py:3722} INFO - Setting next_dagrun for chethan_test_dag to 2025-03-22T00:00:00+00:00, run_after=2025-03-23T00:00:00+00:00
[2025-03-23T22:36:40.462+0000] {processor.py:179} INFO - Processing /opt/airflow/dags/exampledag.py took 0.083 seconds
[2025-03-23T22:37:10.834+0000] {processor.py:157} INFO - Started process (PID=3447) to work on /opt/airflow/dags/exampledag.py
[2025-03-23T22:37:10.836+0000] {processor.py:829} INFO - Processing file /opt/airflow/dags/exampledag.py for tasks to queue
[2025-03-23T22:37:10.837+0000] {logging_mixin.py:154} INFO - [2025-03-23T22:37:10.837+0000] {dagbag.py:536} INFO - Filling up the DagBag from /opt/airflow/dags/exampledag.py
[2025-03-23T22:37:10.862+0000] {processor.py:839} INFO - DAG(s) dict_keys(['chethan_test_dag']) retrieved from /opt/airflow/dags/exampledag.py
[2025-03-23T22:37:10.884+0000] {logging_mixin.py:154} INFO - [2025-03-23T22:37:10.884+0000] {dag.py:2941} INFO - Sync 1 DAGs
[2025-03-23T22:37:10.915+0000] {logging_mixin.py:154} INFO - [2025-03-23T22:37:10.915+0000] {dag.py:3722} INFO - Setting next_dagrun for chethan_test_dag to 2025-03-22T00:00:00+00:00, run_after=2025-03-23T00:00:00+00:00
[2025-03-23T22:37:10.941+0000] {processor.py:179} INFO - Processing /opt/airflow/dags/exampledag.py took 0.109 seconds
[2025-03-23T22:37:41.211+0000] {processor.py:157} INFO - Started process (PID=3450) to work on /opt/airflow/dags/exampledag.py
[2025-03-23T22:37:41.212+0000] {processor.py:829} INFO - Processing file /opt/airflow/dags/exampledag.py for tasks to queue
[2025-03-23T22:37:41.214+0000] {logging_mixin.py:154} INFO - [2025-03-23T22:37:41.214+0000] {dagbag.py:536} INFO - Filling up the DagBag from /opt/airflow/dags/exampledag.py
[2025-03-23T22:37:41.236+0000] {processor.py:839} INFO - DAG(s) dict_keys(['chethan_test_dag']) retrieved from /opt/airflow/dags/exampledag.py
[2025-03-23T22:37:41.258+0000] {logging_mixin.py:154} INFO - [2025-03-23T22:37:41.257+0000] {dag.py:2941} INFO - Sync 1 DAGs
[2025-03-23T22:37:41.276+0000] {logging_mixin.py:154} INFO - [2025-03-23T22:37:41.276+0000] {dag.py:3722} INFO - Setting next_dagrun for chethan_test_dag to 2025-03-22T00:00:00+00:00, run_after=2025-03-23T00:00:00+00:00
[2025-03-23T22:37:41.291+0000] {processor.py:179} INFO - Processing /opt/airflow/dags/exampledag.py took 0.083 seconds
[2025-03-23T22:38:11.570+0000] {processor.py:157} INFO - Started process (PID=3453) to work on /opt/airflow/dags/exampledag.py
[2025-03-23T22:38:11.572+0000] {processor.py:829} INFO - Processing file /opt/airflow/dags/exampledag.py for tasks to queue
[2025-03-23T22:38:11.572+0000] {logging_mixin.py:154} INFO - [2025-03-23T22:38:11.572+0000] {dagbag.py:536} INFO - Filling up the DagBag from /opt/airflow/dags/exampledag.py
[2025-03-23T22:38:11.594+0000] {processor.py:839} INFO - DAG(s) dict_keys(['chethan_test_dag']) retrieved from /opt/airflow/dags/exampledag.py
[2025-03-23T22:38:11.613+0000] {logging_mixin.py:154} INFO - [2025-03-23T22:38:11.613+0000] {dag.py:2941} INFO - Sync 1 DAGs
[2025-03-23T22:38:11.634+0000] {logging_mixin.py:154} INFO - [2025-03-23T22:38:11.634+0000] {dag.py:3722} INFO - Setting next_dagrun for chethan_test_dag to 2025-03-22T00:00:00+00:00, run_after=2025-03-23T00:00:00+00:00
[2025-03-23T22:38:11.653+0000] {processor.py:179} INFO - Processing /opt/airflow/dags/exampledag.py took 0.087 seconds
[2025-03-23T22:38:41.955+0000] {processor.py:157} INFO - Started process (PID=3456) to work on /opt/airflow/dags/exampledag.py
[2025-03-23T22:38:41.956+0000] {processor.py:829} INFO - Processing file /opt/airflow/dags/exampledag.py for tasks to queue
[2025-03-23T22:38:41.957+0000] {logging_mixin.py:154} INFO - [2025-03-23T22:38:41.957+0000] {dagbag.py:536} INFO - Filling up the DagBag from /opt/airflow/dags/exampledag.py
[2025-03-23T22:38:41.977+0000] {processor.py:839} INFO - DAG(s) dict_keys(['chethan_test_dag']) retrieved from /opt/airflow/dags/exampledag.py
[2025-03-23T22:38:41.997+0000] {logging_mixin.py:154} INFO - [2025-03-23T22:38:41.996+0000] {dag.py:2941} INFO - Sync 1 DAGs
[2025-03-23T22:38:42.017+0000] {logging_mixin.py:154} INFO - [2025-03-23T22:38:42.017+0000] {dag.py:3722} INFO - Setting next_dagrun for chethan_test_dag to 2025-03-22T00:00:00+00:00, run_after=2025-03-23T00:00:00+00:00
[2025-03-23T22:38:42.040+0000] {processor.py:179} INFO - Processing /opt/airflow/dags/exampledag.py took 0.087 seconds
[2025-03-23T22:39:12.270+0000] {processor.py:157} INFO - Started process (PID=3459) to work on /opt/airflow/dags/exampledag.py
[2025-03-23T22:39:12.271+0000] {processor.py:829} INFO - Processing file /opt/airflow/dags/exampledag.py for tasks to queue
[2025-03-23T22:39:12.272+0000] {logging_mixin.py:154} INFO - [2025-03-23T22:39:12.272+0000] {dagbag.py:536} INFO - Filling up the DagBag from /opt/airflow/dags/exampledag.py
[2025-03-23T22:39:12.298+0000] {processor.py:839} INFO - DAG(s) dict_keys(['chethan_test_dag']) retrieved from /opt/airflow/dags/exampledag.py
[2025-03-23T22:39:12.323+0000] {logging_mixin.py:154} INFO - [2025-03-23T22:39:12.323+0000] {dag.py:2941} INFO - Sync 1 DAGs
[2025-03-23T22:39:12.345+0000] {logging_mixin.py:154} INFO - [2025-03-23T22:39:12.345+0000] {dag.py:3722} INFO - Setting next_dagrun for chethan_test_dag to 2025-03-22T00:00:00+00:00, run_after=2025-03-23T00:00:00+00:00
[2025-03-23T22:39:12.364+0000] {processor.py:179} INFO - Processing /opt/airflow/dags/exampledag.py took 0.097 seconds
[2025-03-23T22:39:42.677+0000] {processor.py:157} INFO - Started process (PID=3462) to work on /opt/airflow/dags/exampledag.py
[2025-03-23T22:39:42.680+0000] {processor.py:829} INFO - Processing file /opt/airflow/dags/exampledag.py for tasks to queue
[2025-03-23T22:39:42.682+0000] {logging_mixin.py:154} INFO - [2025-03-23T22:39:42.682+0000] {dagbag.py:536} INFO - Filling up the DagBag from /opt/airflow/dags/exampledag.py
[2025-03-23T22:39:42.719+0000] {processor.py:839} INFO - DAG(s) dict_keys(['chethan_test_dag']) retrieved from /opt/airflow/dags/exampledag.py
[2025-03-23T22:39:42.749+0000] {logging_mixin.py:154} INFO - [2025-03-23T22:39:42.749+0000] {dag.py:2941} INFO - Sync 1 DAGs
[2025-03-23T22:39:42.770+0000] {logging_mixin.py:154} INFO - [2025-03-23T22:39:42.769+0000] {dag.py:3722} INFO - Setting next_dagrun for chethan_test_dag to 2025-03-22T00:00:00+00:00, run_after=2025-03-23T00:00:00+00:00
[2025-03-23T22:39:42.797+0000] {processor.py:179} INFO - Processing /opt/airflow/dags/exampledag.py took 0.126 seconds
[2025-03-23T22:40:13.077+0000] {processor.py:157} INFO - Started process (PID=3465) to work on /opt/airflow/dags/exampledag.py
[2025-03-23T22:40:13.078+0000] {processor.py:829} INFO - Processing file /opt/airflow/dags/exampledag.py for tasks to queue
[2025-03-23T22:40:13.079+0000] {logging_mixin.py:154} INFO - [2025-03-23T22:40:13.079+0000] {dagbag.py:536} INFO - Filling up the DagBag from /opt/airflow/dags/exampledag.py
[2025-03-23T22:40:13.115+0000] {processor.py:839} INFO - DAG(s) dict_keys(['chethan_test_dag']) retrieved from /opt/airflow/dags/exampledag.py
[2025-03-23T22:40:13.144+0000] {logging_mixin.py:154} INFO - [2025-03-23T22:40:13.143+0000] {dag.py:2941} INFO - Sync 1 DAGs
[2025-03-23T22:40:13.172+0000] {logging_mixin.py:154} INFO - [2025-03-23T22:40:13.172+0000] {dag.py:3722} INFO - Setting next_dagrun for chethan_test_dag to 2025-03-22T00:00:00+00:00, run_after=2025-03-23T00:00:00+00:00
[2025-03-23T22:40:13.206+0000] {processor.py:179} INFO - Processing /opt/airflow/dags/exampledag.py took 0.133 seconds
[2025-03-23T22:40:43.467+0000] {processor.py:157} INFO - Started process (PID=3468) to work on /opt/airflow/dags/exampledag.py
[2025-03-23T22:40:43.468+0000] {processor.py:829} INFO - Processing file /opt/airflow/dags/exampledag.py for tasks to queue
[2025-03-23T22:40:43.470+0000] {logging_mixin.py:154} INFO - [2025-03-23T22:40:43.469+0000] {dagbag.py:536} INFO - Filling up the DagBag from /opt/airflow/dags/exampledag.py
[2025-03-23T22:40:43.505+0000] {processor.py:839} INFO - DAG(s) dict_keys(['chethan_test_dag']) retrieved from /opt/airflow/dags/exampledag.py
[2025-03-23T22:40:43.535+0000] {logging_mixin.py:154} INFO - [2025-03-23T22:40:43.535+0000] {dag.py:2941} INFO - Sync 1 DAGs
[2025-03-23T22:40:43.567+0000] {logging_mixin.py:154} INFO - [2025-03-23T22:40:43.567+0000] {dag.py:3722} INFO - Setting next_dagrun for chethan_test_dag to 2025-03-22T00:00:00+00:00, run_after=2025-03-23T00:00:00+00:00
[2025-03-23T22:40:43.592+0000] {processor.py:179} INFO - Processing /opt/airflow/dags/exampledag.py took 0.128 seconds
[2025-03-23T22:41:13.872+0000] {processor.py:157} INFO - Started process (PID=3471) to work on /opt/airflow/dags/exampledag.py
[2025-03-23T22:41:13.873+0000] {processor.py:829} INFO - Processing file /opt/airflow/dags/exampledag.py for tasks to queue
[2025-03-23T22:41:13.874+0000] {logging_mixin.py:154} INFO - [2025-03-23T22:41:13.874+0000] {dagbag.py:536} INFO - Filling up the DagBag from /opt/airflow/dags/exampledag.py
[2025-03-23T22:41:13.898+0000] {processor.py:839} INFO - DAG(s) dict_keys(['chethan_test_dag']) retrieved from /opt/airflow/dags/exampledag.py
[2025-03-23T22:41:13.922+0000] {logging_mixin.py:154} INFO - [2025-03-23T22:41:13.922+0000] {dag.py:2941} INFO - Sync 1 DAGs
[2025-03-23T22:41:13.938+0000] {logging_mixin.py:154} INFO - [2025-03-23T22:41:13.938+0000] {dag.py:3722} INFO - Setting next_dagrun for chethan_test_dag to 2025-03-22T00:00:00+00:00, run_after=2025-03-23T00:00:00+00:00
[2025-03-23T22:41:13.955+0000] {processor.py:179} INFO - Processing /opt/airflow/dags/exampledag.py took 0.087 seconds
[2025-03-23T22:41:44.201+0000] {processor.py:157} INFO - Started process (PID=3474) to work on /opt/airflow/dags/exampledag.py
[2025-03-23T22:41:44.202+0000] {processor.py:829} INFO - Processing file /opt/airflow/dags/exampledag.py for tasks to queue
[2025-03-23T22:41:44.203+0000] {logging_mixin.py:154} INFO - [2025-03-23T22:41:44.202+0000] {dagbag.py:536} INFO - Filling up the DagBag from /opt/airflow/dags/exampledag.py
[2025-03-23T22:41:44.225+0000] {processor.py:839} INFO - DAG(s) dict_keys(['chethan_test_dag']) retrieved from /opt/airflow/dags/exampledag.py
[2025-03-23T22:41:44.248+0000] {logging_mixin.py:154} INFO - [2025-03-23T22:41:44.248+0000] {dag.py:2941} INFO - Sync 1 DAGs
[2025-03-23T22:41:44.267+0000] {logging_mixin.py:154} INFO - [2025-03-23T22:41:44.267+0000] {dag.py:3722} INFO - Setting next_dagrun for chethan_test_dag to 2025-03-22T00:00:00+00:00, run_after=2025-03-23T00:00:00+00:00
[2025-03-23T22:41:44.293+0000] {processor.py:179} INFO - Processing /opt/airflow/dags/exampledag.py took 0.095 seconds
[2025-03-23T22:42:14.570+0000] {processor.py:157} INFO - Started process (PID=3477) to work on /opt/airflow/dags/exampledag.py
[2025-03-23T22:42:14.571+0000] {processor.py:829} INFO - Processing file /opt/airflow/dags/exampledag.py for tasks to queue
[2025-03-23T22:42:14.572+0000] {logging_mixin.py:154} INFO - [2025-03-23T22:42:14.572+0000] {dagbag.py:536} INFO - Filling up the DagBag from /opt/airflow/dags/exampledag.py
[2025-03-23T22:42:14.597+0000] {processor.py:839} INFO - DAG(s) dict_keys(['chethan_test_dag']) retrieved from /opt/airflow/dags/exampledag.py
[2025-03-23T22:42:14.621+0000] {logging_mixin.py:154} INFO - [2025-03-23T22:42:14.621+0000] {dag.py:2941} INFO - Sync 1 DAGs
[2025-03-23T22:42:14.640+0000] {logging_mixin.py:154} INFO - [2025-03-23T22:42:14.639+0000] {dag.py:3722} INFO - Setting next_dagrun for chethan_test_dag to 2025-03-22T00:00:00+00:00, run_after=2025-03-23T00:00:00+00:00
[2025-03-23T22:42:14.656+0000] {processor.py:179} INFO - Processing /opt/airflow/dags/exampledag.py took 0.090 seconds
[2025-03-23T22:42:44.918+0000] {processor.py:157} INFO - Started process (PID=3480) to work on /opt/airflow/dags/exampledag.py
[2025-03-23T22:42:44.919+0000] {processor.py:829} INFO - Processing file /opt/airflow/dags/exampledag.py for tasks to queue
[2025-03-23T22:42:44.920+0000] {logging_mixin.py:154} INFO - [2025-03-23T22:42:44.920+0000] {dagbag.py:536} INFO - Filling up the DagBag from /opt/airflow/dags/exampledag.py
[2025-03-23T22:42:44.943+0000] {processor.py:839} INFO - DAG(s) dict_keys(['chethan_test_dag']) retrieved from /opt/airflow/dags/exampledag.py
[2025-03-23T22:42:44.963+0000] {logging_mixin.py:154} INFO - [2025-03-23T22:42:44.963+0000] {dag.py:2941} INFO - Sync 1 DAGs
[2025-03-23T22:42:44.979+0000] {logging_mixin.py:154} INFO - [2025-03-23T22:42:44.979+0000] {dag.py:3722} INFO - Setting next_dagrun for chethan_test_dag to 2025-03-22T00:00:00+00:00, run_after=2025-03-23T00:00:00+00:00
[2025-03-23T22:42:45.001+0000] {processor.py:179} INFO - Processing /opt/airflow/dags/exampledag.py took 0.086 seconds
[2025-03-23T22:43:15.255+0000] {processor.py:157} INFO - Started process (PID=3483) to work on /opt/airflow/dags/exampledag.py
[2025-03-23T22:43:15.256+0000] {processor.py:829} INFO - Processing file /opt/airflow/dags/exampledag.py for tasks to queue
[2025-03-23T22:43:15.257+0000] {logging_mixin.py:154} INFO - [2025-03-23T22:43:15.257+0000] {dagbag.py:536} INFO - Filling up the DagBag from /opt/airflow/dags/exampledag.py
[2025-03-23T22:43:15.282+0000] {processor.py:839} INFO - DAG(s) dict_keys(['chethan_test_dag']) retrieved from /opt/airflow/dags/exampledag.py
[2025-03-23T22:43:15.306+0000] {logging_mixin.py:154} INFO - [2025-03-23T22:43:15.306+0000] {dag.py:2941} INFO - Sync 1 DAGs
[2025-03-23T22:43:15.332+0000] {logging_mixin.py:154} INFO - [2025-03-23T22:43:15.332+0000] {dag.py:3722} INFO - Setting next_dagrun for chethan_test_dag to 2025-03-22T00:00:00+00:00, run_after=2025-03-23T00:00:00+00:00
[2025-03-23T22:43:15.348+0000] {processor.py:179} INFO - Processing /opt/airflow/dags/exampledag.py took 0.096 seconds
[2025-03-23T22:43:45.600+0000] {processor.py:157} INFO - Started process (PID=3486) to work on /opt/airflow/dags/exampledag.py
[2025-03-23T22:43:45.601+0000] {processor.py:829} INFO - Processing file /opt/airflow/dags/exampledag.py for tasks to queue
[2025-03-23T22:43:45.602+0000] {logging_mixin.py:154} INFO - [2025-03-23T22:43:45.602+0000] {dagbag.py:536} INFO - Filling up the DagBag from /opt/airflow/dags/exampledag.py
[2025-03-23T22:43:45.629+0000] {processor.py:839} INFO - DAG(s) dict_keys(['chethan_test_dag']) retrieved from /opt/airflow/dags/exampledag.py
[2025-03-23T22:43:45.649+0000] {logging_mixin.py:154} INFO - [2025-03-23T22:43:45.649+0000] {dag.py:2941} INFO - Sync 1 DAGs
[2025-03-23T22:43:45.673+0000] {logging_mixin.py:154} INFO - [2025-03-23T22:43:45.673+0000] {dag.py:3722} INFO - Setting next_dagrun for chethan_test_dag to 2025-03-22T00:00:00+00:00, run_after=2025-03-23T00:00:00+00:00
[2025-03-23T22:43:45.690+0000] {processor.py:179} INFO - Processing /opt/airflow/dags/exampledag.py took 0.094 seconds
[2025-03-23T22:44:15.925+0000] {processor.py:157} INFO - Started process (PID=3489) to work on /opt/airflow/dags/exampledag.py
[2025-03-23T22:44:15.926+0000] {processor.py:829} INFO - Processing file /opt/airflow/dags/exampledag.py for tasks to queue
[2025-03-23T22:44:15.927+0000] {logging_mixin.py:154} INFO - [2025-03-23T22:44:15.926+0000] {dagbag.py:536} INFO - Filling up the DagBag from /opt/airflow/dags/exampledag.py
[2025-03-23T22:44:15.947+0000] {processor.py:839} INFO - DAG(s) dict_keys(['chethan_test_dag']) retrieved from /opt/airflow/dags/exampledag.py
[2025-03-23T22:44:15.965+0000] {logging_mixin.py:154} INFO - [2025-03-23T22:44:15.965+0000] {dag.py:2941} INFO - Sync 1 DAGs
[2025-03-23T22:44:15.984+0000] {logging_mixin.py:154} INFO - [2025-03-23T22:44:15.984+0000] {dag.py:3722} INFO - Setting next_dagrun for chethan_test_dag to 2025-03-22T00:00:00+00:00, run_after=2025-03-23T00:00:00+00:00
[2025-03-23T22:44:16.000+0000] {processor.py:179} INFO - Processing /opt/airflow/dags/exampledag.py took 0.079 seconds
[2025-03-23T22:44:46.259+0000] {processor.py:157} INFO - Started process (PID=3492) to work on /opt/airflow/dags/exampledag.py
[2025-03-23T22:44:46.260+0000] {processor.py:829} INFO - Processing file /opt/airflow/dags/exampledag.py for tasks to queue
[2025-03-23T22:44:46.260+0000] {logging_mixin.py:154} INFO - [2025-03-23T22:44:46.260+0000] {dagbag.py:536} INFO - Filling up the DagBag from /opt/airflow/dags/exampledag.py
[2025-03-23T22:44:46.284+0000] {processor.py:839} INFO - DAG(s) dict_keys(['chethan_test_dag']) retrieved from /opt/airflow/dags/exampledag.py
[2025-03-23T22:44:46.303+0000] {logging_mixin.py:154} INFO - [2025-03-23T22:44:46.303+0000] {dag.py:2941} INFO - Sync 1 DAGs
[2025-03-23T22:44:46.321+0000] {logging_mixin.py:154} INFO - [2025-03-23T22:44:46.321+0000] {dag.py:3722} INFO - Setting next_dagrun for chethan_test_dag to 2025-03-22T00:00:00+00:00, run_after=2025-03-23T00:00:00+00:00
[2025-03-23T22:44:46.338+0000] {processor.py:179} INFO - Processing /opt/airflow/dags/exampledag.py took 0.082 seconds
[2025-03-23T22:45:16.593+0000] {processor.py:157} INFO - Started process (PID=3495) to work on /opt/airflow/dags/exampledag.py
[2025-03-23T22:45:16.594+0000] {processor.py:829} INFO - Processing file /opt/airflow/dags/exampledag.py for tasks to queue
[2025-03-23T22:45:16.595+0000] {logging_mixin.py:154} INFO - [2025-03-23T22:45:16.595+0000] {dagbag.py:536} INFO - Filling up the DagBag from /opt/airflow/dags/exampledag.py
[2025-03-23T22:45:16.640+0000] {processor.py:839} INFO - DAG(s) dict_keys(['chethan_test_dag']) retrieved from /opt/airflow/dags/exampledag.py
[2025-03-23T22:45:16.666+0000] {logging_mixin.py:154} INFO - [2025-03-23T22:45:16.666+0000] {dag.py:2941} INFO - Sync 1 DAGs
[2025-03-23T22:45:16.683+0000] {logging_mixin.py:154} INFO - [2025-03-23T22:45:16.683+0000] {dag.py:3722} INFO - Setting next_dagrun for chethan_test_dag to 2025-03-22T00:00:00+00:00, run_after=2025-03-23T00:00:00+00:00
[2025-03-23T22:45:16.701+0000] {processor.py:179} INFO - Processing /opt/airflow/dags/exampledag.py took 0.111 seconds
[2025-03-23T22:45:46.985+0000] {processor.py:157} INFO - Started process (PID=3498) to work on /opt/airflow/dags/exampledag.py
[2025-03-23T22:45:46.987+0000] {processor.py:829} INFO - Processing file /opt/airflow/dags/exampledag.py for tasks to queue
[2025-03-23T22:45:46.988+0000] {logging_mixin.py:154} INFO - [2025-03-23T22:45:46.988+0000] {dagbag.py:536} INFO - Filling up the DagBag from /opt/airflow/dags/exampledag.py
[2025-03-23T22:45:47.020+0000] {processor.py:839} INFO - DAG(s) dict_keys(['chethan_test_dag']) retrieved from /opt/airflow/dags/exampledag.py
[2025-03-23T22:45:47.040+0000] {logging_mixin.py:154} INFO - [2025-03-23T22:45:47.040+0000] {dag.py:2941} INFO - Sync 1 DAGs
[2025-03-23T22:45:47.057+0000] {logging_mixin.py:154} INFO - [2025-03-23T22:45:47.057+0000] {dag.py:3722} INFO - Setting next_dagrun for chethan_test_dag to 2025-03-22T00:00:00+00:00, run_after=2025-03-23T00:00:00+00:00
[2025-03-23T22:45:47.074+0000] {processor.py:179} INFO - Processing /opt/airflow/dags/exampledag.py took 0.093 seconds
[2025-03-23T22:46:17.313+0000] {processor.py:157} INFO - Started process (PID=3501) to work on /opt/airflow/dags/exampledag.py
[2025-03-23T22:46:17.314+0000] {processor.py:829} INFO - Processing file /opt/airflow/dags/exampledag.py for tasks to queue
[2025-03-23T22:46:17.315+0000] {logging_mixin.py:154} INFO - [2025-03-23T22:46:17.315+0000] {dagbag.py:536} INFO - Filling up the DagBag from /opt/airflow/dags/exampledag.py
[2025-03-23T22:46:17.344+0000] {processor.py:839} INFO - DAG(s) dict_keys(['chethan_test_dag']) retrieved from /opt/airflow/dags/exampledag.py
[2025-03-23T22:46:17.371+0000] {logging_mixin.py:154} INFO - [2025-03-23T22:46:17.371+0000] {dag.py:2941} INFO - Sync 1 DAGs
[2025-03-23T22:46:17.408+0000] {logging_mixin.py:154} INFO - [2025-03-23T22:46:17.407+0000] {dag.py:3722} INFO - Setting next_dagrun for chethan_test_dag to 2025-03-22T00:00:00+00:00, run_after=2025-03-23T00:00:00+00:00
[2025-03-23T22:46:17.427+0000] {processor.py:179} INFO - Processing /opt/airflow/dags/exampledag.py took 0.118 seconds
[2025-03-23T23:10:36.454+0000] {processor.py:157} INFO - Started process (PID=3504) to work on /opt/airflow/dags/exampledag.py
[2025-03-23T23:10:36.456+0000] {processor.py:829} INFO - Processing file /opt/airflow/dags/exampledag.py for tasks to queue
[2025-03-23T23:10:36.457+0000] {logging_mixin.py:154} INFO - [2025-03-23T23:10:36.457+0000] {dagbag.py:536} INFO - Filling up the DagBag from /opt/airflow/dags/exampledag.py
[2025-03-23T23:10:36.501+0000] {processor.py:839} INFO - DAG(s) dict_keys(['chethan_test_dag']) retrieved from /opt/airflow/dags/exampledag.py
[2025-03-23T23:10:36.598+0000] {logging_mixin.py:154} INFO - [2025-03-23T23:10:36.597+0000] {dag.py:2941} INFO - Sync 1 DAGs
[2025-03-23T23:10:36.744+0000] {logging_mixin.py:154} INFO - [2025-03-23T23:10:36.733+0000] {dag.py:3722} INFO - Setting next_dagrun for chethan_test_dag to 2025-03-22T00:00:00+00:00, run_after=2025-03-23T00:00:00+00:00
[2025-03-23T23:10:37.006+0000] {processor.py:179} INFO - Processing /opt/airflow/dags/exampledag.py took 0.559 seconds
[2025-03-23T23:11:07.503+0000] {processor.py:157} INFO - Started process (PID=3507) to work on /opt/airflow/dags/exampledag.py
[2025-03-23T23:11:07.505+0000] {processor.py:829} INFO - Processing file /opt/airflow/dags/exampledag.py for tasks to queue
[2025-03-23T23:11:07.506+0000] {logging_mixin.py:154} INFO - [2025-03-23T23:11:07.506+0000] {dagbag.py:536} INFO - Filling up the DagBag from /opt/airflow/dags/exampledag.py
[2025-03-23T23:11:07.534+0000] {processor.py:839} INFO - DAG(s) dict_keys(['chethan_test_dag']) retrieved from /opt/airflow/dags/exampledag.py
[2025-03-23T23:11:07.567+0000] {logging_mixin.py:154} INFO - [2025-03-23T23:11:07.567+0000] {dag.py:2941} INFO - Sync 1 DAGs
[2025-03-23T23:11:07.592+0000] {logging_mixin.py:154} INFO - [2025-03-23T23:11:07.591+0000] {dag.py:3722} INFO - Setting next_dagrun for chethan_test_dag to 2025-03-22T00:00:00+00:00, run_after=2025-03-23T00:00:00+00:00
[2025-03-23T23:11:07.609+0000] {processor.py:179} INFO - Processing /opt/airflow/dags/exampledag.py took 0.109 seconds
[2025-03-23T23:11:37.862+0000] {processor.py:157} INFO - Started process (PID=3510) to work on /opt/airflow/dags/exampledag.py
[2025-03-23T23:11:37.863+0000] {processor.py:829} INFO - Processing file /opt/airflow/dags/exampledag.py for tasks to queue
[2025-03-23T23:11:37.864+0000] {logging_mixin.py:154} INFO - [2025-03-23T23:11:37.863+0000] {dagbag.py:536} INFO - Filling up the DagBag from /opt/airflow/dags/exampledag.py
[2025-03-23T23:11:37.886+0000] {processor.py:839} INFO - DAG(s) dict_keys(['chethan_test_dag']) retrieved from /opt/airflow/dags/exampledag.py
[2025-03-23T23:11:37.910+0000] {logging_mixin.py:154} INFO - [2025-03-23T23:11:37.910+0000] {dag.py:2941} INFO - Sync 1 DAGs
[2025-03-23T23:11:37.930+0000] {logging_mixin.py:154} INFO - [2025-03-23T23:11:37.930+0000] {dag.py:3722} INFO - Setting next_dagrun for chethan_test_dag to 2025-03-22T00:00:00+00:00, run_after=2025-03-23T00:00:00+00:00
[2025-03-23T23:11:37.948+0000] {processor.py:179} INFO - Processing /opt/airflow/dags/exampledag.py took 0.089 seconds
[2025-03-23T23:12:08.205+0000] {processor.py:157} INFO - Started process (PID=3513) to work on /opt/airflow/dags/exampledag.py
[2025-03-23T23:12:08.206+0000] {processor.py:829} INFO - Processing file /opt/airflow/dags/exampledag.py for tasks to queue
[2025-03-23T23:12:08.207+0000] {logging_mixin.py:154} INFO - [2025-03-23T23:12:08.206+0000] {dagbag.py:536} INFO - Filling up the DagBag from /opt/airflow/dags/exampledag.py
[2025-03-23T23:12:08.230+0000] {processor.py:839} INFO - DAG(s) dict_keys(['chethan_test_dag']) retrieved from /opt/airflow/dags/exampledag.py
[2025-03-23T23:12:08.249+0000] {logging_mixin.py:154} INFO - [2025-03-23T23:12:08.248+0000] {dag.py:2941} INFO - Sync 1 DAGs
[2025-03-23T23:12:08.267+0000] {logging_mixin.py:154} INFO - [2025-03-23T23:12:08.267+0000] {dag.py:3722} INFO - Setting next_dagrun for chethan_test_dag to 2025-03-22T00:00:00+00:00, run_after=2025-03-23T00:00:00+00:00
[2025-03-23T23:12:08.282+0000] {processor.py:179} INFO - Processing /opt/airflow/dags/exampledag.py took 0.080 seconds
[2025-03-23T23:12:38.533+0000] {processor.py:157} INFO - Started process (PID=3516) to work on /opt/airflow/dags/exampledag.py
[2025-03-23T23:12:38.534+0000] {processor.py:829} INFO - Processing file /opt/airflow/dags/exampledag.py for tasks to queue
[2025-03-23T23:12:38.535+0000] {logging_mixin.py:154} INFO - [2025-03-23T23:12:38.535+0000] {dagbag.py:536} INFO - Filling up the DagBag from /opt/airflow/dags/exampledag.py
[2025-03-23T23:12:38.557+0000] {processor.py:839} INFO - DAG(s) dict_keys(['chethan_test_dag']) retrieved from /opt/airflow/dags/exampledag.py
[2025-03-23T23:12:38.577+0000] {logging_mixin.py:154} INFO - [2025-03-23T23:12:38.577+0000] {dag.py:2941} INFO - Sync 1 DAGs
[2025-03-23T23:12:38.595+0000] {logging_mixin.py:154} INFO - [2025-03-23T23:12:38.595+0000] {dag.py:3722} INFO - Setting next_dagrun for chethan_test_dag to 2025-03-22T00:00:00+00:00, run_after=2025-03-23T00:00:00+00:00
[2025-03-23T23:12:38.619+0000] {processor.py:179} INFO - Processing /opt/airflow/dags/exampledag.py took 0.088 seconds
[2025-03-23T23:13:08.869+0000] {processor.py:157} INFO - Started process (PID=3519) to work on /opt/airflow/dags/exampledag.py
[2025-03-23T23:13:08.870+0000] {processor.py:829} INFO - Processing file /opt/airflow/dags/exampledag.py for tasks to queue
[2025-03-23T23:13:08.871+0000] {logging_mixin.py:154} INFO - [2025-03-23T23:13:08.871+0000] {dagbag.py:536} INFO - Filling up the DagBag from /opt/airflow/dags/exampledag.py
[2025-03-23T23:13:08.897+0000] {processor.py:839} INFO - DAG(s) dict_keys(['chethan_test_dag']) retrieved from /opt/airflow/dags/exampledag.py
[2025-03-23T23:13:08.916+0000] {logging_mixin.py:154} INFO - [2025-03-23T23:13:08.916+0000] {dag.py:2941} INFO - Sync 1 DAGs
[2025-03-23T23:13:08.933+0000] {logging_mixin.py:154} INFO - [2025-03-23T23:13:08.933+0000] {dag.py:3722} INFO - Setting next_dagrun for chethan_test_dag to 2025-03-22T00:00:00+00:00, run_after=2025-03-23T00:00:00+00:00
[2025-03-23T23:13:08.954+0000] {processor.py:179} INFO - Processing /opt/airflow/dags/exampledag.py took 0.089 seconds
[2025-03-23T23:13:39.210+0000] {processor.py:157} INFO - Started process (PID=3522) to work on /opt/airflow/dags/exampledag.py
[2025-03-23T23:13:39.211+0000] {processor.py:829} INFO - Processing file /opt/airflow/dags/exampledag.py for tasks to queue
[2025-03-23T23:13:39.212+0000] {logging_mixin.py:154} INFO - [2025-03-23T23:13:39.212+0000] {dagbag.py:536} INFO - Filling up the DagBag from /opt/airflow/dags/exampledag.py
[2025-03-23T23:13:39.238+0000] {processor.py:839} INFO - DAG(s) dict_keys(['chethan_test_dag']) retrieved from /opt/airflow/dags/exampledag.py
[2025-03-23T23:13:39.258+0000] {logging_mixin.py:154} INFO - [2025-03-23T23:13:39.258+0000] {dag.py:2941} INFO - Sync 1 DAGs
[2025-03-23T23:13:39.275+0000] {logging_mixin.py:154} INFO - [2025-03-23T23:13:39.275+0000] {dag.py:3722} INFO - Setting next_dagrun for chethan_test_dag to 2025-03-22T00:00:00+00:00, run_after=2025-03-23T00:00:00+00:00
[2025-03-23T23:13:39.293+0000] {processor.py:179} INFO - Processing /opt/airflow/dags/exampledag.py took 0.086 seconds
[2025-03-23T23:14:09.536+0000] {processor.py:157} INFO - Started process (PID=3525) to work on /opt/airflow/dags/exampledag.py
[2025-03-23T23:14:09.538+0000] {processor.py:829} INFO - Processing file /opt/airflow/dags/exampledag.py for tasks to queue
[2025-03-23T23:14:09.538+0000] {logging_mixin.py:154} INFO - [2025-03-23T23:14:09.538+0000] {dagbag.py:536} INFO - Filling up the DagBag from /opt/airflow/dags/exampledag.py
[2025-03-23T23:14:09.562+0000] {processor.py:839} INFO - DAG(s) dict_keys(['chethan_test_dag']) retrieved from /opt/airflow/dags/exampledag.py
[2025-03-23T23:14:09.590+0000] {logging_mixin.py:154} INFO - [2025-03-23T23:14:09.589+0000] {dag.py:2941} INFO - Sync 1 DAGs
[2025-03-23T23:14:09.610+0000] {logging_mixin.py:154} INFO - [2025-03-23T23:14:09.610+0000] {dag.py:3722} INFO - Setting next_dagrun for chethan_test_dag to 2025-03-22T00:00:00+00:00, run_after=2025-03-23T00:00:00+00:00
[2025-03-23T23:14:09.628+0000] {processor.py:179} INFO - Processing /opt/airflow/dags/exampledag.py took 0.094 seconds
[2025-03-23T23:14:39.874+0000] {processor.py:157} INFO - Started process (PID=3528) to work on /opt/airflow/dags/exampledag.py
[2025-03-23T23:14:39.875+0000] {processor.py:829} INFO - Processing file /opt/airflow/dags/exampledag.py for tasks to queue
[2025-03-23T23:14:39.876+0000] {logging_mixin.py:154} INFO - [2025-03-23T23:14:39.876+0000] {dagbag.py:536} INFO - Filling up the DagBag from /opt/airflow/dags/exampledag.py
[2025-03-23T23:14:39.899+0000] {processor.py:839} INFO - DAG(s) dict_keys(['chethan_test_dag']) retrieved from /opt/airflow/dags/exampledag.py
[2025-03-23T23:14:39.920+0000] {logging_mixin.py:154} INFO - [2025-03-23T23:14:39.920+0000] {dag.py:2941} INFO - Sync 1 DAGs
[2025-03-23T23:14:39.936+0000] {logging_mixin.py:154} INFO - [2025-03-23T23:14:39.936+0000] {dag.py:3722} INFO - Setting next_dagrun for chethan_test_dag to 2025-03-22T00:00:00+00:00, run_after=2025-03-23T00:00:00+00:00
[2025-03-23T23:14:39.955+0000] {processor.py:179} INFO - Processing /opt/airflow/dags/exampledag.py took 0.084 seconds
[2025-03-23T23:15:10.214+0000] {processor.py:157} INFO - Started process (PID=3531) to work on /opt/airflow/dags/exampledag.py
[2025-03-23T23:15:10.215+0000] {processor.py:829} INFO - Processing file /opt/airflow/dags/exampledag.py for tasks to queue
[2025-03-23T23:15:10.216+0000] {logging_mixin.py:154} INFO - [2025-03-23T23:15:10.216+0000] {dagbag.py:536} INFO - Filling up the DagBag from /opt/airflow/dags/exampledag.py
[2025-03-23T23:15:10.257+0000] {processor.py:839} INFO - DAG(s) dict_keys(['chethan_test_dag']) retrieved from /opt/airflow/dags/exampledag.py
[2025-03-23T23:15:10.284+0000] {logging_mixin.py:154} INFO - [2025-03-23T23:15:10.284+0000] {dag.py:2941} INFO - Sync 1 DAGs
[2025-03-23T23:15:10.308+0000] {logging_mixin.py:154} INFO - [2025-03-23T23:15:10.308+0000] {dag.py:3722} INFO - Setting next_dagrun for chethan_test_dag to 2025-03-22T00:00:00+00:00, run_after=2025-03-23T00:00:00+00:00
[2025-03-23T23:15:10.332+0000] {processor.py:179} INFO - Processing /opt/airflow/dags/exampledag.py took 0.121 seconds
[2025-03-23T23:15:40.740+0000] {processor.py:157} INFO - Started process (PID=3534) to work on /opt/airflow/dags/exampledag.py
[2025-03-23T23:15:40.741+0000] {processor.py:829} INFO - Processing file /opt/airflow/dags/exampledag.py for tasks to queue
[2025-03-23T23:15:40.742+0000] {logging_mixin.py:154} INFO - [2025-03-23T23:15:40.742+0000] {dagbag.py:536} INFO - Filling up the DagBag from /opt/airflow/dags/exampledag.py
[2025-03-23T23:15:40.765+0000] {processor.py:839} INFO - DAG(s) dict_keys(['chethan_test_dag']) retrieved from /opt/airflow/dags/exampledag.py
[2025-03-23T23:15:40.784+0000] {logging_mixin.py:154} INFO - [2025-03-23T23:15:40.784+0000] {dag.py:2941} INFO - Sync 1 DAGs
[2025-03-23T23:15:40.802+0000] {logging_mixin.py:154} INFO - [2025-03-23T23:15:40.802+0000] {dag.py:3722} INFO - Setting next_dagrun for chethan_test_dag to 2025-03-22T00:00:00+00:00, run_after=2025-03-23T00:00:00+00:00
[2025-03-23T23:15:40.820+0000] {processor.py:179} INFO - Processing /opt/airflow/dags/exampledag.py took 0.082 seconds
[2025-03-23T23:16:11.104+0000] {processor.py:157} INFO - Started process (PID=3537) to work on /opt/airflow/dags/exampledag.py
[2025-03-23T23:16:11.105+0000] {processor.py:829} INFO - Processing file /opt/airflow/dags/exampledag.py for tasks to queue
[2025-03-23T23:16:11.107+0000] {logging_mixin.py:154} INFO - [2025-03-23T23:16:11.106+0000] {dagbag.py:536} INFO - Filling up the DagBag from /opt/airflow/dags/exampledag.py
[2025-03-23T23:16:11.144+0000] {processor.py:839} INFO - DAG(s) dict_keys(['chethan_test_dag']) retrieved from /opt/airflow/dags/exampledag.py
[2025-03-23T23:16:11.177+0000] {logging_mixin.py:154} INFO - [2025-03-23T23:16:11.177+0000] {dag.py:2941} INFO - Sync 1 DAGs
[2025-03-23T23:16:11.205+0000] {logging_mixin.py:154} INFO - [2025-03-23T23:16:11.205+0000] {dag.py:3722} INFO - Setting next_dagrun for chethan_test_dag to 2025-03-22T00:00:00+00:00, run_after=2025-03-23T00:00:00+00:00
[2025-03-23T23:16:11.229+0000] {processor.py:179} INFO - Processing /opt/airflow/dags/exampledag.py took 0.129 seconds
[2025-03-23T23:16:41.522+0000] {processor.py:157} INFO - Started process (PID=3540) to work on /opt/airflow/dags/exampledag.py
[2025-03-23T23:16:41.527+0000] {processor.py:829} INFO - Processing file /opt/airflow/dags/exampledag.py for tasks to queue
[2025-03-23T23:16:41.531+0000] {logging_mixin.py:154} INFO - [2025-03-23T23:16:41.530+0000] {dagbag.py:536} INFO - Filling up the DagBag from /opt/airflow/dags/exampledag.py
[2025-03-23T23:16:41.577+0000] {processor.py:839} INFO - DAG(s) dict_keys(['chethan_test_dag']) retrieved from /opt/airflow/dags/exampledag.py
[2025-03-23T23:16:41.614+0000] {logging_mixin.py:154} INFO - [2025-03-23T23:16:41.614+0000] {dag.py:2941} INFO - Sync 1 DAGs
[2025-03-23T23:16:41.637+0000] {logging_mixin.py:154} INFO - [2025-03-23T23:16:41.637+0000] {dag.py:3722} INFO - Setting next_dagrun for chethan_test_dag to 2025-03-22T00:00:00+00:00, run_after=2025-03-23T00:00:00+00:00
[2025-03-23T23:16:41.651+0000] {processor.py:179} INFO - Processing /opt/airflow/dags/exampledag.py took 0.138 seconds
[2025-03-23T23:26:41.801+0000] {processor.py:157} INFO - Started process (PID=3546) to work on /opt/airflow/dags/exampledag.py
[2025-03-23T23:26:41.807+0000] {processor.py:829} INFO - Processing file /opt/airflow/dags/exampledag.py for tasks to queue
[2025-03-23T23:26:41.815+0000] {logging_mixin.py:154} INFO - [2025-03-23T23:26:41.814+0000] {dagbag.py:536} INFO - Filling up the DagBag from /opt/airflow/dags/exampledag.py
[2025-03-23T23:26:41.918+0000] {processor.py:839} INFO - DAG(s) dict_keys(['chethan_test_dag']) retrieved from /opt/airflow/dags/exampledag.py
[2025-03-23T23:26:42.002+0000] {logging_mixin.py:154} INFO - [2025-03-23T23:26:42.001+0000] {dag.py:2941} INFO - Sync 1 DAGs
[2025-03-23T23:26:42.063+0000] {logging_mixin.py:154} INFO - [2025-03-23T23:26:42.062+0000] {dag.py:3722} INFO - Setting next_dagrun for chethan_test_dag to 2025-03-22T00:00:00+00:00, run_after=2025-03-23T00:00:00+00:00
[2025-03-23T23:26:42.133+0000] {processor.py:179} INFO - Processing /opt/airflow/dags/exampledag.py took 0.338 seconds
[2025-03-23T23:27:12.497+0000] {processor.py:157} INFO - Started process (PID=3548) to work on /opt/airflow/dags/exampledag.py
[2025-03-23T23:27:12.498+0000] {processor.py:829} INFO - Processing file /opt/airflow/dags/exampledag.py for tasks to queue
[2025-03-23T23:27:12.499+0000] {logging_mixin.py:154} INFO - [2025-03-23T23:27:12.499+0000] {dagbag.py:536} INFO - Filling up the DagBag from /opt/airflow/dags/exampledag.py
[2025-03-23T23:27:12.560+0000] {processor.py:839} INFO - DAG(s) dict_keys(['chethan_test_dag']) retrieved from /opt/airflow/dags/exampledag.py
[2025-03-23T23:27:12.613+0000] {logging_mixin.py:154} INFO - [2025-03-23T23:27:12.613+0000] {dag.py:2941} INFO - Sync 1 DAGs
[2025-03-23T23:27:12.638+0000] {logging_mixin.py:154} INFO - [2025-03-23T23:27:12.638+0000] {dag.py:3722} INFO - Setting next_dagrun for chethan_test_dag to 2025-03-22T00:00:00+00:00, run_after=2025-03-23T00:00:00+00:00
[2025-03-23T23:27:12.661+0000] {processor.py:179} INFO - Processing /opt/airflow/dags/exampledag.py took 0.168 seconds
[2025-03-23T23:27:42.933+0000] {processor.py:157} INFO - Started process (PID=3551) to work on /opt/airflow/dags/exampledag.py
[2025-03-23T23:27:42.935+0000] {processor.py:829} INFO - Processing file /opt/airflow/dags/exampledag.py for tasks to queue
[2025-03-23T23:27:42.936+0000] {logging_mixin.py:154} INFO - [2025-03-23T23:27:42.935+0000] {dagbag.py:536} INFO - Filling up the DagBag from /opt/airflow/dags/exampledag.py
[2025-03-23T23:27:42.968+0000] {processor.py:839} INFO - DAG(s) dict_keys(['chethan_test_dag']) retrieved from /opt/airflow/dags/exampledag.py
[2025-03-23T23:27:42.991+0000] {logging_mixin.py:154} INFO - [2025-03-23T23:27:42.991+0000] {dag.py:2941} INFO - Sync 1 DAGs
[2025-03-23T23:27:43.010+0000] {logging_mixin.py:154} INFO - [2025-03-23T23:27:43.010+0000] {dag.py:3722} INFO - Setting next_dagrun for chethan_test_dag to 2025-03-22T00:00:00+00:00, run_after=2025-03-23T00:00:00+00:00
[2025-03-23T23:27:43.028+0000] {processor.py:179} INFO - Processing /opt/airflow/dags/exampledag.py took 0.098 seconds
[2025-03-23T23:28:13.299+0000] {processor.py:157} INFO - Started process (PID=3554) to work on /opt/airflow/dags/exampledag.py
[2025-03-23T23:28:13.300+0000] {processor.py:829} INFO - Processing file /opt/airflow/dags/exampledag.py for tasks to queue
[2025-03-23T23:28:13.301+0000] {logging_mixin.py:154} INFO - [2025-03-23T23:28:13.301+0000] {dagbag.py:536} INFO - Filling up the DagBag from /opt/airflow/dags/exampledag.py
[2025-03-23T23:28:13.335+0000] {processor.py:839} INFO - DAG(s) dict_keys(['chethan_test_dag']) retrieved from /opt/airflow/dags/exampledag.py
[2025-03-23T23:28:13.360+0000] {logging_mixin.py:154} INFO - [2025-03-23T23:28:13.360+0000] {dag.py:2941} INFO - Sync 1 DAGs
[2025-03-23T23:28:13.379+0000] {logging_mixin.py:154} INFO - [2025-03-23T23:28:13.379+0000] {dag.py:3722} INFO - Setting next_dagrun for chethan_test_dag to 2025-03-22T00:00:00+00:00, run_after=2025-03-23T00:00:00+00:00
[2025-03-23T23:28:13.400+0000] {processor.py:179} INFO - Processing /opt/airflow/dags/exampledag.py took 0.104 seconds
[2025-03-23T23:28:43.712+0000] {processor.py:157} INFO - Started process (PID=3557) to work on /opt/airflow/dags/exampledag.py
[2025-03-23T23:28:43.713+0000] {processor.py:829} INFO - Processing file /opt/airflow/dags/exampledag.py for tasks to queue
[2025-03-23T23:28:43.714+0000] {logging_mixin.py:154} INFO - [2025-03-23T23:28:43.714+0000] {dagbag.py:536} INFO - Filling up the DagBag from /opt/airflow/dags/exampledag.py
[2025-03-23T23:28:43.742+0000] {processor.py:839} INFO - DAG(s) dict_keys(['chethan_test_dag']) retrieved from /opt/airflow/dags/exampledag.py
[2025-03-23T23:28:43.763+0000] {logging_mixin.py:154} INFO - [2025-03-23T23:28:43.763+0000] {dag.py:2941} INFO - Sync 1 DAGs
[2025-03-23T23:28:43.782+0000] {logging_mixin.py:154} INFO - [2025-03-23T23:28:43.782+0000] {dag.py:3722} INFO - Setting next_dagrun for chethan_test_dag to 2025-03-22T00:00:00+00:00, run_after=2025-03-23T00:00:00+00:00
[2025-03-23T23:28:43.801+0000] {processor.py:179} INFO - Processing /opt/airflow/dags/exampledag.py took 0.093 seconds
[2025-03-23T23:29:14.053+0000] {processor.py:157} INFO - Started process (PID=3560) to work on /opt/airflow/dags/exampledag.py
[2025-03-23T23:29:14.054+0000] {processor.py:829} INFO - Processing file /opt/airflow/dags/exampledag.py for tasks to queue
[2025-03-23T23:29:14.055+0000] {logging_mixin.py:154} INFO - [2025-03-23T23:29:14.055+0000] {dagbag.py:536} INFO - Filling up the DagBag from /opt/airflow/dags/exampledag.py
[2025-03-23T23:29:14.078+0000] {processor.py:839} INFO - DAG(s) dict_keys(['chethan_test_dag']) retrieved from /opt/airflow/dags/exampledag.py
[2025-03-23T23:29:14.099+0000] {logging_mixin.py:154} INFO - [2025-03-23T23:29:14.098+0000] {dag.py:2941} INFO - Sync 1 DAGs
[2025-03-23T23:29:14.119+0000] {logging_mixin.py:154} INFO - [2025-03-23T23:29:14.119+0000] {dag.py:3722} INFO - Setting next_dagrun for chethan_test_dag to 2025-03-22T00:00:00+00:00, run_after=2025-03-23T00:00:00+00:00
[2025-03-23T23:29:14.136+0000] {processor.py:179} INFO - Processing /opt/airflow/dags/exampledag.py took 0.085 seconds
[2025-03-23T23:29:44.398+0000] {processor.py:157} INFO - Started process (PID=3563) to work on /opt/airflow/dags/exampledag.py
[2025-03-23T23:29:44.399+0000] {processor.py:829} INFO - Processing file /opt/airflow/dags/exampledag.py for tasks to queue
[2025-03-23T23:29:44.401+0000] {logging_mixin.py:154} INFO - [2025-03-23T23:29:44.401+0000] {dagbag.py:536} INFO - Filling up the DagBag from /opt/airflow/dags/exampledag.py
[2025-03-23T23:29:44.430+0000] {processor.py:839} INFO - DAG(s) dict_keys(['chethan_test_dag']) retrieved from /opt/airflow/dags/exampledag.py
[2025-03-23T23:29:44.461+0000] {logging_mixin.py:154} INFO - [2025-03-23T23:29:44.461+0000] {dag.py:2941} INFO - Sync 1 DAGs
[2025-03-23T23:29:44.484+0000] {logging_mixin.py:154} INFO - [2025-03-23T23:29:44.484+0000] {dag.py:3722} INFO - Setting next_dagrun for chethan_test_dag to 2025-03-22T00:00:00+00:00, run_after=2025-03-23T00:00:00+00:00
[2025-03-23T23:29:44.507+0000] {processor.py:179} INFO - Processing /opt/airflow/dags/exampledag.py took 0.112 seconds
[2025-03-23T23:30:14.789+0000] {processor.py:157} INFO - Started process (PID=3566) to work on /opt/airflow/dags/exampledag.py
[2025-03-23T23:30:14.791+0000] {processor.py:829} INFO - Processing file /opt/airflow/dags/exampledag.py for tasks to queue
[2025-03-23T23:30:14.792+0000] {logging_mixin.py:154} INFO - [2025-03-23T23:30:14.792+0000] {dagbag.py:536} INFO - Filling up the DagBag from /opt/airflow/dags/exampledag.py
[2025-03-23T23:30:14.827+0000] {processor.py:839} INFO - DAG(s) dict_keys(['chethan_test_dag']) retrieved from /opt/airflow/dags/exampledag.py
[2025-03-23T23:30:14.871+0000] {logging_mixin.py:154} INFO - [2025-03-23T23:30:14.871+0000] {dag.py:2941} INFO - Sync 1 DAGs
[2025-03-23T23:30:14.893+0000] {logging_mixin.py:154} INFO - [2025-03-23T23:30:14.893+0000] {dag.py:3722} INFO - Setting next_dagrun for chethan_test_dag to 2025-03-22T00:00:00+00:00, run_after=2025-03-23T00:00:00+00:00
[2025-03-23T23:30:14.912+0000] {processor.py:179} INFO - Processing /opt/airflow/dags/exampledag.py took 0.127 seconds
[2025-03-23T23:30:45.191+0000] {processor.py:157} INFO - Started process (PID=3569) to work on /opt/airflow/dags/exampledag.py
[2025-03-23T23:30:45.192+0000] {processor.py:829} INFO - Processing file /opt/airflow/dags/exampledag.py for tasks to queue
[2025-03-23T23:30:45.193+0000] {logging_mixin.py:154} INFO - [2025-03-23T23:30:45.193+0000] {dagbag.py:536} INFO - Filling up the DagBag from /opt/airflow/dags/exampledag.py
[2025-03-23T23:30:45.217+0000] {processor.py:839} INFO - DAG(s) dict_keys(['chethan_test_dag']) retrieved from /opt/airflow/dags/exampledag.py
[2025-03-23T23:30:45.237+0000] {logging_mixin.py:154} INFO - [2025-03-23T23:30:45.237+0000] {dag.py:2941} INFO - Sync 1 DAGs
[2025-03-23T23:30:45.263+0000] {logging_mixin.py:154} INFO - [2025-03-23T23:30:45.263+0000] {dag.py:3722} INFO - Setting next_dagrun for chethan_test_dag to 2025-03-22T00:00:00+00:00, run_after=2025-03-23T00:00:00+00:00
[2025-03-23T23:30:45.300+0000] {processor.py:179} INFO - Processing /opt/airflow/dags/exampledag.py took 0.111 seconds
[2025-03-23T23:31:15.577+0000] {processor.py:157} INFO - Started process (PID=3572) to work on /opt/airflow/dags/exampledag.py
[2025-03-23T23:31:15.578+0000] {processor.py:829} INFO - Processing file /opt/airflow/dags/exampledag.py for tasks to queue
[2025-03-23T23:31:15.579+0000] {logging_mixin.py:154} INFO - [2025-03-23T23:31:15.579+0000] {dagbag.py:536} INFO - Filling up the DagBag from /opt/airflow/dags/exampledag.py
[2025-03-23T23:31:15.610+0000] {processor.py:839} INFO - DAG(s) dict_keys(['chethan_test_dag']) retrieved from /opt/airflow/dags/exampledag.py
[2025-03-23T23:31:15.630+0000] {logging_mixin.py:154} INFO - [2025-03-23T23:31:15.630+0000] {dag.py:2941} INFO - Sync 1 DAGs
[2025-03-23T23:31:15.649+0000] {logging_mixin.py:154} INFO - [2025-03-23T23:31:15.649+0000] {dag.py:3722} INFO - Setting next_dagrun for chethan_test_dag to 2025-03-22T00:00:00+00:00, run_after=2025-03-23T00:00:00+00:00
[2025-03-23T23:31:15.682+0000] {processor.py:179} INFO - Processing /opt/airflow/dags/exampledag.py took 0.113 seconds
[2025-03-23T23:31:45.961+0000] {processor.py:157} INFO - Started process (PID=3575) to work on /opt/airflow/dags/exampledag.py
[2025-03-23T23:31:45.963+0000] {processor.py:829} INFO - Processing file /opt/airflow/dags/exampledag.py for tasks to queue
[2025-03-23T23:31:45.964+0000] {logging_mixin.py:154} INFO - [2025-03-23T23:31:45.964+0000] {dagbag.py:536} INFO - Filling up the DagBag from /opt/airflow/dags/exampledag.py
[2025-03-23T23:31:45.996+0000] {processor.py:839} INFO - DAG(s) dict_keys(['chethan_test_dag']) retrieved from /opt/airflow/dags/exampledag.py
[2025-03-23T23:31:46.027+0000] {logging_mixin.py:154} INFO - [2025-03-23T23:31:46.027+0000] {dag.py:2941} INFO - Sync 1 DAGs
[2025-03-23T23:31:46.052+0000] {logging_mixin.py:154} INFO - [2025-03-23T23:31:46.051+0000] {dag.py:3722} INFO - Setting next_dagrun for chethan_test_dag to 2025-03-22T00:00:00+00:00, run_after=2025-03-23T00:00:00+00:00
[2025-03-23T23:31:46.066+0000] {processor.py:179} INFO - Processing /opt/airflow/dags/exampledag.py took 0.109 seconds
[2025-03-23T23:32:16.350+0000] {processor.py:157} INFO - Started process (PID=3578) to work on /opt/airflow/dags/exampledag.py
[2025-03-23T23:32:16.351+0000] {processor.py:829} INFO - Processing file /opt/airflow/dags/exampledag.py for tasks to queue
[2025-03-23T23:32:16.352+0000] {logging_mixin.py:154} INFO - [2025-03-23T23:32:16.352+0000] {dagbag.py:536} INFO - Filling up the DagBag from /opt/airflow/dags/exampledag.py
[2025-03-23T23:32:16.375+0000] {processor.py:839} INFO - DAG(s) dict_keys(['chethan_test_dag']) retrieved from /opt/airflow/dags/exampledag.py
[2025-03-23T23:32:16.399+0000] {logging_mixin.py:154} INFO - [2025-03-23T23:32:16.398+0000] {dag.py:2941} INFO - Sync 1 DAGs
[2025-03-23T23:32:16.420+0000] {logging_mixin.py:154} INFO - [2025-03-23T23:32:16.419+0000] {dag.py:3722} INFO - Setting next_dagrun for chethan_test_dag to 2025-03-22T00:00:00+00:00, run_after=2025-03-23T00:00:00+00:00
[2025-03-23T23:32:16.440+0000] {processor.py:179} INFO - Processing /opt/airflow/dags/exampledag.py took 0.092 seconds
[2025-03-23T23:32:46.720+0000] {processor.py:157} INFO - Started process (PID=3581) to work on /opt/airflow/dags/exampledag.py
[2025-03-23T23:32:46.721+0000] {processor.py:829} INFO - Processing file /opt/airflow/dags/exampledag.py for tasks to queue
[2025-03-23T23:32:46.722+0000] {logging_mixin.py:154} INFO - [2025-03-23T23:32:46.722+0000] {dagbag.py:536} INFO - Filling up the DagBag from /opt/airflow/dags/exampledag.py
[2025-03-23T23:32:46.745+0000] {processor.py:839} INFO - DAG(s) dict_keys(['chethan_test_dag']) retrieved from /opt/airflow/dags/exampledag.py
[2025-03-23T23:32:46.771+0000] {logging_mixin.py:154} INFO - [2025-03-23T23:32:46.771+0000] {dag.py:2941} INFO - Sync 1 DAGs
[2025-03-23T23:32:46.796+0000] {logging_mixin.py:154} INFO - [2025-03-23T23:32:46.796+0000] {dag.py:3722} INFO - Setting next_dagrun for chethan_test_dag to 2025-03-22T00:00:00+00:00, run_after=2025-03-23T00:00:00+00:00
[2025-03-23T23:32:46.818+0000] {processor.py:179} INFO - Processing /opt/airflow/dags/exampledag.py took 0.101 seconds
[2025-03-23T23:33:17.052+0000] {processor.py:157} INFO - Started process (PID=3584) to work on /opt/airflow/dags/exampledag.py
[2025-03-23T23:33:17.053+0000] {processor.py:829} INFO - Processing file /opt/airflow/dags/exampledag.py for tasks to queue
[2025-03-23T23:33:17.054+0000] {logging_mixin.py:154} INFO - [2025-03-23T23:33:17.054+0000] {dagbag.py:536} INFO - Filling up the DagBag from /opt/airflow/dags/exampledag.py
[2025-03-23T23:33:17.082+0000] {processor.py:839} INFO - DAG(s) dict_keys(['chethan_test_dag']) retrieved from /opt/airflow/dags/exampledag.py
[2025-03-23T23:33:17.103+0000] {logging_mixin.py:154} INFO - [2025-03-23T23:33:17.103+0000] {dag.py:2941} INFO - Sync 1 DAGs
[2025-03-23T23:33:17.121+0000] {logging_mixin.py:154} INFO - [2025-03-23T23:33:17.120+0000] {dag.py:3722} INFO - Setting next_dagrun for chethan_test_dag to 2025-03-22T00:00:00+00:00, run_after=2025-03-23T00:00:00+00:00
[2025-03-23T23:33:17.137+0000] {processor.py:179} INFO - Processing /opt/airflow/dags/exampledag.py took 0.088 seconds
[2025-03-23T23:33:47.395+0000] {processor.py:157} INFO - Started process (PID=3587) to work on /opt/airflow/dags/exampledag.py
[2025-03-23T23:33:47.396+0000] {processor.py:829} INFO - Processing file /opt/airflow/dags/exampledag.py for tasks to queue
[2025-03-23T23:33:47.398+0000] {logging_mixin.py:154} INFO - [2025-03-23T23:33:47.398+0000] {dagbag.py:536} INFO - Filling up the DagBag from /opt/airflow/dags/exampledag.py
[2025-03-23T23:33:47.426+0000] {processor.py:839} INFO - DAG(s) dict_keys(['chethan_test_dag']) retrieved from /opt/airflow/dags/exampledag.py
[2025-03-23T23:33:47.448+0000] {logging_mixin.py:154} INFO - [2025-03-23T23:33:47.448+0000] {dag.py:2941} INFO - Sync 1 DAGs
[2025-03-23T23:33:47.465+0000] {logging_mixin.py:154} INFO - [2025-03-23T23:33:47.465+0000] {dag.py:3722} INFO - Setting next_dagrun for chethan_test_dag to 2025-03-22T00:00:00+00:00, run_after=2025-03-23T00:00:00+00:00
[2025-03-23T23:33:47.482+0000] {processor.py:179} INFO - Processing /opt/airflow/dags/exampledag.py took 0.090 seconds
[2025-03-23T23:34:17.743+0000] {processor.py:157} INFO - Started process (PID=3590) to work on /opt/airflow/dags/exampledag.py
[2025-03-23T23:34:17.744+0000] {processor.py:829} INFO - Processing file /opt/airflow/dags/exampledag.py for tasks to queue
[2025-03-23T23:34:17.745+0000] {logging_mixin.py:154} INFO - [2025-03-23T23:34:17.745+0000] {dagbag.py:536} INFO - Filling up the DagBag from /opt/airflow/dags/exampledag.py
[2025-03-23T23:34:17.769+0000] {processor.py:839} INFO - DAG(s) dict_keys(['chethan_test_dag']) retrieved from /opt/airflow/dags/exampledag.py
[2025-03-23T23:34:17.791+0000] {logging_mixin.py:154} INFO - [2025-03-23T23:34:17.791+0000] {dag.py:2941} INFO - Sync 1 DAGs
[2025-03-23T23:34:17.813+0000] {logging_mixin.py:154} INFO - [2025-03-23T23:34:17.813+0000] {dag.py:3722} INFO - Setting next_dagrun for chethan_test_dag to 2025-03-22T00:00:00+00:00, run_after=2025-03-23T00:00:00+00:00
[2025-03-23T23:34:17.839+0000] {processor.py:179} INFO - Processing /opt/airflow/dags/exampledag.py took 0.099 seconds
[2025-03-23T23:34:48.110+0000] {processor.py:157} INFO - Started process (PID=3593) to work on /opt/airflow/dags/exampledag.py
[2025-03-23T23:34:48.112+0000] {processor.py:829} INFO - Processing file /opt/airflow/dags/exampledag.py for tasks to queue
[2025-03-23T23:34:48.113+0000] {logging_mixin.py:154} INFO - [2025-03-23T23:34:48.112+0000] {dagbag.py:536} INFO - Filling up the DagBag from /opt/airflow/dags/exampledag.py
[2025-03-23T23:34:48.136+0000] {processor.py:839} INFO - DAG(s) dict_keys(['chethan_test_dag']) retrieved from /opt/airflow/dags/exampledag.py
[2025-03-23T23:34:48.159+0000] {logging_mixin.py:154} INFO - [2025-03-23T23:34:48.159+0000] {dag.py:2941} INFO - Sync 1 DAGs
[2025-03-23T23:34:48.178+0000] {logging_mixin.py:154} INFO - [2025-03-23T23:34:48.178+0000] {dag.py:3722} INFO - Setting next_dagrun for chethan_test_dag to 2025-03-22T00:00:00+00:00, run_after=2025-03-23T00:00:00+00:00
[2025-03-23T23:34:48.195+0000] {processor.py:179} INFO - Processing /opt/airflow/dags/exampledag.py took 0.088 seconds
[2025-03-23T23:35:18.475+0000] {processor.py:157} INFO - Started process (PID=3596) to work on /opt/airflow/dags/exampledag.py
[2025-03-23T23:35:18.476+0000] {processor.py:829} INFO - Processing file /opt/airflow/dags/exampledag.py for tasks to queue
[2025-03-23T23:35:18.477+0000] {logging_mixin.py:154} INFO - [2025-03-23T23:35:18.477+0000] {dagbag.py:536} INFO - Filling up the DagBag from /opt/airflow/dags/exampledag.py
[2025-03-23T23:35:18.499+0000] {processor.py:839} INFO - DAG(s) dict_keys(['chethan_test_dag']) retrieved from /opt/airflow/dags/exampledag.py
[2025-03-23T23:35:18.517+0000] {logging_mixin.py:154} INFO - [2025-03-23T23:35:18.517+0000] {dag.py:2941} INFO - Sync 1 DAGs
[2025-03-23T23:35:18.537+0000] {logging_mixin.py:154} INFO - [2025-03-23T23:35:18.536+0000] {dag.py:3722} INFO - Setting next_dagrun for chethan_test_dag to 2025-03-22T00:00:00+00:00, run_after=2025-03-23T00:00:00+00:00
[2025-03-23T23:35:18.555+0000] {processor.py:179} INFO - Processing /opt/airflow/dags/exampledag.py took 0.084 seconds
[2025-03-23T23:35:48.818+0000] {processor.py:157} INFO - Started process (PID=3599) to work on /opt/airflow/dags/exampledag.py
[2025-03-23T23:35:48.819+0000] {processor.py:829} INFO - Processing file /opt/airflow/dags/exampledag.py for tasks to queue
[2025-03-23T23:35:48.821+0000] {logging_mixin.py:154} INFO - [2025-03-23T23:35:48.820+0000] {dagbag.py:536} INFO - Filling up the DagBag from /opt/airflow/dags/exampledag.py
[2025-03-23T23:35:48.848+0000] {processor.py:839} INFO - DAG(s) dict_keys(['chethan_test_dag']) retrieved from /opt/airflow/dags/exampledag.py
[2025-03-23T23:35:48.877+0000] {logging_mixin.py:154} INFO - [2025-03-23T23:35:48.877+0000] {dag.py:2941} INFO - Sync 1 DAGs
[2025-03-23T23:35:48.899+0000] {logging_mixin.py:154} INFO - [2025-03-23T23:35:48.899+0000] {dag.py:3722} INFO - Setting next_dagrun for chethan_test_dag to 2025-03-22T00:00:00+00:00, run_after=2025-03-23T00:00:00+00:00
[2025-03-23T23:35:48.921+0000] {processor.py:179} INFO - Processing /opt/airflow/dags/exampledag.py took 0.107 seconds
[2025-03-23T23:36:19.193+0000] {processor.py:157} INFO - Started process (PID=3602) to work on /opt/airflow/dags/exampledag.py
[2025-03-23T23:36:19.194+0000] {processor.py:829} INFO - Processing file /opt/airflow/dags/exampledag.py for tasks to queue
[2025-03-23T23:36:19.195+0000] {logging_mixin.py:154} INFO - [2025-03-23T23:36:19.195+0000] {dagbag.py:536} INFO - Filling up the DagBag from /opt/airflow/dags/exampledag.py
[2025-03-23T23:36:19.221+0000] {processor.py:839} INFO - DAG(s) dict_keys(['chethan_test_dag']) retrieved from /opt/airflow/dags/exampledag.py
[2025-03-23T23:36:19.241+0000] {logging_mixin.py:154} INFO - [2025-03-23T23:36:19.241+0000] {dag.py:2941} INFO - Sync 1 DAGs
[2025-03-23T23:36:19.259+0000] {logging_mixin.py:154} INFO - [2025-03-23T23:36:19.258+0000] {dag.py:3722} INFO - Setting next_dagrun for chethan_test_dag to 2025-03-22T00:00:00+00:00, run_after=2025-03-23T00:00:00+00:00
[2025-03-23T23:36:19.275+0000] {processor.py:179} INFO - Processing /opt/airflow/dags/exampledag.py took 0.085 seconds
[2025-03-23T23:36:49.640+0000] {processor.py:157} INFO - Started process (PID=3605) to work on /opt/airflow/dags/exampledag.py
[2025-03-23T23:36:49.642+0000] {processor.py:829} INFO - Processing file /opt/airflow/dags/exampledag.py for tasks to queue
[2025-03-23T23:36:49.642+0000] {logging_mixin.py:154} INFO - [2025-03-23T23:36:49.642+0000] {dagbag.py:536} INFO - Filling up the DagBag from /opt/airflow/dags/exampledag.py
[2025-03-23T23:36:49.668+0000] {processor.py:839} INFO - DAG(s) dict_keys(['chethan_test_dag']) retrieved from /opt/airflow/dags/exampledag.py
[2025-03-23T23:36:49.691+0000] {logging_mixin.py:154} INFO - [2025-03-23T23:36:49.691+0000] {dag.py:2941} INFO - Sync 1 DAGs
[2025-03-23T23:36:49.708+0000] {logging_mixin.py:154} INFO - [2025-03-23T23:36:49.708+0000] {dag.py:3722} INFO - Setting next_dagrun for chethan_test_dag to 2025-03-22T00:00:00+00:00, run_after=2025-03-23T00:00:00+00:00
[2025-03-23T23:36:49.725+0000] {processor.py:179} INFO - Processing /opt/airflow/dags/exampledag.py took 0.087 seconds
[2025-03-23T23:37:19.960+0000] {processor.py:157} INFO - Started process (PID=3608) to work on /opt/airflow/dags/exampledag.py
[2025-03-23T23:37:19.961+0000] {processor.py:829} INFO - Processing file /opt/airflow/dags/exampledag.py for tasks to queue
[2025-03-23T23:37:19.963+0000] {logging_mixin.py:154} INFO - [2025-03-23T23:37:19.962+0000] {dagbag.py:536} INFO - Filling up the DagBag from /opt/airflow/dags/exampledag.py
[2025-03-23T23:37:19.988+0000] {processor.py:839} INFO - DAG(s) dict_keys(['chethan_test_dag']) retrieved from /opt/airflow/dags/exampledag.py
[2025-03-23T23:37:20.012+0000] {logging_mixin.py:154} INFO - [2025-03-23T23:37:20.012+0000] {dag.py:2941} INFO - Sync 1 DAGs
[2025-03-23T23:37:20.036+0000] {logging_mixin.py:154} INFO - [2025-03-23T23:37:20.036+0000] {dag.py:3722} INFO - Setting next_dagrun for chethan_test_dag to 2025-03-22T00:00:00+00:00, run_after=2025-03-23T00:00:00+00:00
[2025-03-23T23:37:20.053+0000] {processor.py:179} INFO - Processing /opt/airflow/dags/exampledag.py took 0.097 seconds
[2025-03-23T23:37:50.325+0000] {processor.py:157} INFO - Started process (PID=3611) to work on /opt/airflow/dags/exampledag.py
[2025-03-23T23:37:50.327+0000] {processor.py:829} INFO - Processing file /opt/airflow/dags/exampledag.py for tasks to queue
[2025-03-23T23:37:50.328+0000] {logging_mixin.py:154} INFO - [2025-03-23T23:37:50.327+0000] {dagbag.py:536} INFO - Filling up the DagBag from /opt/airflow/dags/exampledag.py
[2025-03-23T23:37:50.352+0000] {processor.py:839} INFO - DAG(s) dict_keys(['chethan_test_dag']) retrieved from /opt/airflow/dags/exampledag.py
[2025-03-23T23:37:50.372+0000] {logging_mixin.py:154} INFO - [2025-03-23T23:37:50.372+0000] {dag.py:2941} INFO - Sync 1 DAGs
[2025-03-23T23:37:50.389+0000] {logging_mixin.py:154} INFO - [2025-03-23T23:37:50.389+0000] {dag.py:3722} INFO - Setting next_dagrun for chethan_test_dag to 2025-03-22T00:00:00+00:00, run_after=2025-03-23T00:00:00+00:00
[2025-03-23T23:37:50.410+0000] {processor.py:179} INFO - Processing /opt/airflow/dags/exampledag.py took 0.088 seconds
[2025-03-23T23:38:20.691+0000] {processor.py:157} INFO - Started process (PID=3614) to work on /opt/airflow/dags/exampledag.py
[2025-03-23T23:38:20.693+0000] {processor.py:829} INFO - Processing file /opt/airflow/dags/exampledag.py for tasks to queue
[2025-03-23T23:38:20.695+0000] {logging_mixin.py:154} INFO - [2025-03-23T23:38:20.694+0000] {dagbag.py:536} INFO - Filling up the DagBag from /opt/airflow/dags/exampledag.py
[2025-03-23T23:38:20.754+0000] {processor.py:839} INFO - DAG(s) dict_keys(['chethan_test_dag']) retrieved from /opt/airflow/dags/exampledag.py
[2025-03-23T23:38:20.793+0000] {logging_mixin.py:154} INFO - [2025-03-23T23:38:20.793+0000] {dag.py:2941} INFO - Sync 1 DAGs
[2025-03-23T23:38:20.831+0000] {logging_mixin.py:154} INFO - [2025-03-23T23:38:20.830+0000] {dag.py:3722} INFO - Setting next_dagrun for chethan_test_dag to 2025-03-22T00:00:00+00:00, run_after=2025-03-23T00:00:00+00:00
[2025-03-23T23:38:20.863+0000] {processor.py:179} INFO - Processing /opt/airflow/dags/exampledag.py took 0.178 seconds
[2025-03-23T23:38:51.176+0000] {processor.py:157} INFO - Started process (PID=3617) to work on /opt/airflow/dags/exampledag.py
[2025-03-23T23:38:51.178+0000] {processor.py:829} INFO - Processing file /opt/airflow/dags/exampledag.py for tasks to queue
[2025-03-23T23:38:51.180+0000] {logging_mixin.py:154} INFO - [2025-03-23T23:38:51.180+0000] {dagbag.py:536} INFO - Filling up the DagBag from /opt/airflow/dags/exampledag.py
[2025-03-23T23:38:51.216+0000] {processor.py:839} INFO - DAG(s) dict_keys(['chethan_test_dag']) retrieved from /opt/airflow/dags/exampledag.py
[2025-03-23T23:38:51.241+0000] {logging_mixin.py:154} INFO - [2025-03-23T23:38:51.241+0000] {dag.py:2941} INFO - Sync 1 DAGs
[2025-03-23T23:38:51.266+0000] {logging_mixin.py:154} INFO - [2025-03-23T23:38:51.266+0000] {dag.py:3722} INFO - Setting next_dagrun for chethan_test_dag to 2025-03-22T00:00:00+00:00, run_after=2025-03-23T00:00:00+00:00
[2025-03-23T23:38:51.289+0000] {processor.py:179} INFO - Processing /opt/airflow/dags/exampledag.py took 0.117 seconds
[2025-03-23T23:39:21.580+0000] {processor.py:157} INFO - Started process (PID=3620) to work on /opt/airflow/dags/exampledag.py
[2025-03-23T23:39:21.581+0000] {processor.py:829} INFO - Processing file /opt/airflow/dags/exampledag.py for tasks to queue
[2025-03-23T23:39:21.581+0000] {logging_mixin.py:154} INFO - [2025-03-23T23:39:21.581+0000] {dagbag.py:536} INFO - Filling up the DagBag from /opt/airflow/dags/exampledag.py
[2025-03-23T23:39:21.605+0000] {processor.py:839} INFO - DAG(s) dict_keys(['chethan_test_dag']) retrieved from /opt/airflow/dags/exampledag.py
[2025-03-23T23:39:21.627+0000] {logging_mixin.py:154} INFO - [2025-03-23T23:39:21.626+0000] {dag.py:2941} INFO - Sync 1 DAGs
[2025-03-23T23:39:21.646+0000] {logging_mixin.py:154} INFO - [2025-03-23T23:39:21.646+0000] {dag.py:3722} INFO - Setting next_dagrun for chethan_test_dag to 2025-03-22T00:00:00+00:00, run_after=2025-03-23T00:00:00+00:00
[2025-03-23T23:39:21.675+0000] {processor.py:179} INFO - Processing /opt/airflow/dags/exampledag.py took 0.098 seconds
[2025-03-23T23:39:51.959+0000] {processor.py:157} INFO - Started process (PID=3623) to work on /opt/airflow/dags/exampledag.py
[2025-03-23T23:39:51.960+0000] {processor.py:829} INFO - Processing file /opt/airflow/dags/exampledag.py for tasks to queue
[2025-03-23T23:39:51.961+0000] {logging_mixin.py:154} INFO - [2025-03-23T23:39:51.961+0000] {dagbag.py:536} INFO - Filling up the DagBag from /opt/airflow/dags/exampledag.py
[2025-03-23T23:39:51.984+0000] {processor.py:839} INFO - DAG(s) dict_keys(['chethan_test_dag']) retrieved from /opt/airflow/dags/exampledag.py
[2025-03-23T23:39:52.006+0000] {logging_mixin.py:154} INFO - [2025-03-23T23:39:52.006+0000] {dag.py:2941} INFO - Sync 1 DAGs
[2025-03-23T23:39:52.024+0000] {logging_mixin.py:154} INFO - [2025-03-23T23:39:52.024+0000] {dag.py:3722} INFO - Setting next_dagrun for chethan_test_dag to 2025-03-22T00:00:00+00:00, run_after=2025-03-23T00:00:00+00:00
[2025-03-23T23:39:52.048+0000] {processor.py:179} INFO - Processing /opt/airflow/dags/exampledag.py took 0.091 seconds
[2025-03-23T23:40:22.379+0000] {processor.py:157} INFO - Started process (PID=3626) to work on /opt/airflow/dags/exampledag.py
[2025-03-23T23:40:22.380+0000] {processor.py:829} INFO - Processing file /opt/airflow/dags/exampledag.py for tasks to queue
[2025-03-23T23:40:22.381+0000] {logging_mixin.py:154} INFO - [2025-03-23T23:40:22.381+0000] {dagbag.py:536} INFO - Filling up the DagBag from /opt/airflow/dags/exampledag.py
[2025-03-23T23:40:22.409+0000] {processor.py:839} INFO - DAG(s) dict_keys(['chethan_test_dag']) retrieved from /opt/airflow/dags/exampledag.py
[2025-03-23T23:40:22.431+0000] {logging_mixin.py:154} INFO - [2025-03-23T23:40:22.431+0000] {dag.py:2941} INFO - Sync 1 DAGs
[2025-03-23T23:40:22.456+0000] {logging_mixin.py:154} INFO - [2025-03-23T23:40:22.456+0000] {dag.py:3722} INFO - Setting next_dagrun for chethan_test_dag to 2025-03-22T00:00:00+00:00, run_after=2025-03-23T00:00:00+00:00
[2025-03-23T23:40:22.482+0000] {processor.py:179} INFO - Processing /opt/airflow/dags/exampledag.py took 0.106 seconds
[2025-03-23T23:40:52.820+0000] {processor.py:157} INFO - Started process (PID=3629) to work on /opt/airflow/dags/exampledag.py
[2025-03-23T23:40:52.823+0000] {processor.py:829} INFO - Processing file /opt/airflow/dags/exampledag.py for tasks to queue
[2025-03-23T23:40:52.826+0000] {logging_mixin.py:154} INFO - [2025-03-23T23:40:52.825+0000] {dagbag.py:536} INFO - Filling up the DagBag from /opt/airflow/dags/exampledag.py
[2025-03-23T23:40:52.866+0000] {processor.py:839} INFO - DAG(s) dict_keys(['chethan_test_dag']) retrieved from /opt/airflow/dags/exampledag.py
[2025-03-23T23:40:52.894+0000] {logging_mixin.py:154} INFO - [2025-03-23T23:40:52.894+0000] {dag.py:2941} INFO - Sync 1 DAGs
[2025-03-23T23:40:52.916+0000] {logging_mixin.py:154} INFO - [2025-03-23T23:40:52.916+0000] {dag.py:3722} INFO - Setting next_dagrun for chethan_test_dag to 2025-03-22T00:00:00+00:00, run_after=2025-03-23T00:00:00+00:00
[2025-03-23T23:40:52.936+0000] {processor.py:179} INFO - Processing /opt/airflow/dags/exampledag.py took 0.121 seconds
[2025-03-23T23:41:23.287+0000] {processor.py:157} INFO - Started process (PID=3632) to work on /opt/airflow/dags/exampledag.py
[2025-03-23T23:41:23.292+0000] {processor.py:829} INFO - Processing file /opt/airflow/dags/exampledag.py for tasks to queue
[2025-03-23T23:41:23.295+0000] {logging_mixin.py:154} INFO - [2025-03-23T23:41:23.295+0000] {dagbag.py:536} INFO - Filling up the DagBag from /opt/airflow/dags/exampledag.py
[2025-03-23T23:41:23.355+0000] {processor.py:839} INFO - DAG(s) dict_keys(['chethan_test_dag']) retrieved from /opt/airflow/dags/exampledag.py
[2025-03-23T23:41:23.391+0000] {logging_mixin.py:154} INFO - [2025-03-23T23:41:23.391+0000] {dag.py:2941} INFO - Sync 1 DAGs
[2025-03-23T23:41:23.416+0000] {logging_mixin.py:154} INFO - [2025-03-23T23:41:23.415+0000] {dag.py:3722} INFO - Setting next_dagrun for chethan_test_dag to 2025-03-22T00:00:00+00:00, run_after=2025-03-23T00:00:00+00:00
[2025-03-23T23:41:23.440+0000] {processor.py:179} INFO - Processing /opt/airflow/dags/exampledag.py took 0.166 seconds
[2025-03-23T23:41:53.887+0000] {processor.py:157} INFO - Started process (PID=3635) to work on /opt/airflow/dags/exampledag.py
[2025-03-23T23:41:53.888+0000] {processor.py:829} INFO - Processing file /opt/airflow/dags/exampledag.py for tasks to queue
[2025-03-23T23:41:53.889+0000] {logging_mixin.py:154} INFO - [2025-03-23T23:41:53.889+0000] {dagbag.py:536} INFO - Filling up the DagBag from /opt/airflow/dags/exampledag.py
[2025-03-23T23:41:53.925+0000] {processor.py:839} INFO - DAG(s) dict_keys(['chethan_test_dag']) retrieved from /opt/airflow/dags/exampledag.py
[2025-03-23T23:41:53.951+0000] {logging_mixin.py:154} INFO - [2025-03-23T23:41:53.951+0000] {dag.py:2941} INFO - Sync 1 DAGs
[2025-03-23T23:41:53.972+0000] {logging_mixin.py:154} INFO - [2025-03-23T23:41:53.972+0000] {dag.py:3722} INFO - Setting next_dagrun for chethan_test_dag to 2025-03-22T00:00:00+00:00, run_after=2025-03-23T00:00:00+00:00
[2025-03-23T23:41:53.991+0000] {processor.py:179} INFO - Processing /opt/airflow/dags/exampledag.py took 0.109 seconds
[2025-03-23T23:42:24.295+0000] {processor.py:157} INFO - Started process (PID=3638) to work on /opt/airflow/dags/exampledag.py
[2025-03-23T23:42:24.296+0000] {processor.py:829} INFO - Processing file /opt/airflow/dags/exampledag.py for tasks to queue
[2025-03-23T23:42:24.297+0000] {logging_mixin.py:154} INFO - [2025-03-23T23:42:24.297+0000] {dagbag.py:536} INFO - Filling up the DagBag from /opt/airflow/dags/exampledag.py
[2025-03-23T23:42:24.324+0000] {processor.py:839} INFO - DAG(s) dict_keys(['chethan_test_dag']) retrieved from /opt/airflow/dags/exampledag.py
[2025-03-23T23:42:24.350+0000] {logging_mixin.py:154} INFO - [2025-03-23T23:42:24.350+0000] {dag.py:2941} INFO - Sync 1 DAGs
[2025-03-23T23:42:24.369+0000] {logging_mixin.py:154} INFO - [2025-03-23T23:42:24.369+0000] {dag.py:3722} INFO - Setting next_dagrun for chethan_test_dag to 2025-03-22T00:00:00+00:00, run_after=2025-03-23T00:00:00+00:00
[2025-03-23T23:42:24.389+0000] {processor.py:179} INFO - Processing /opt/airflow/dags/exampledag.py took 0.097 seconds
[2025-03-23T23:42:54.668+0000] {processor.py:157} INFO - Started process (PID=3641) to work on /opt/airflow/dags/exampledag.py
[2025-03-23T23:42:54.671+0000] {processor.py:829} INFO - Processing file /opt/airflow/dags/exampledag.py for tasks to queue
[2025-03-23T23:42:54.673+0000] {logging_mixin.py:154} INFO - [2025-03-23T23:42:54.672+0000] {dagbag.py:536} INFO - Filling up the DagBag from /opt/airflow/dags/exampledag.py
[2025-03-23T23:42:54.717+0000] {processor.py:839} INFO - DAG(s) dict_keys(['chethan_test_dag']) retrieved from /opt/airflow/dags/exampledag.py
[2025-03-23T23:42:54.748+0000] {logging_mixin.py:154} INFO - [2025-03-23T23:42:54.748+0000] {dag.py:2941} INFO - Sync 1 DAGs
[2025-03-23T23:42:54.769+0000] {logging_mixin.py:154} INFO - [2025-03-23T23:42:54.769+0000] {dag.py:3722} INFO - Setting next_dagrun for chethan_test_dag to 2025-03-22T00:00:00+00:00, run_after=2025-03-23T00:00:00+00:00
[2025-03-23T23:42:54.805+0000] {processor.py:179} INFO - Processing /opt/airflow/dags/exampledag.py took 0.140 seconds
[2025-03-23T23:43:25.067+0000] {processor.py:157} INFO - Started process (PID=3644) to work on /opt/airflow/dags/exampledag.py
[2025-03-23T23:43:25.069+0000] {processor.py:829} INFO - Processing file /opt/airflow/dags/exampledag.py for tasks to queue
[2025-03-23T23:43:25.070+0000] {logging_mixin.py:154} INFO - [2025-03-23T23:43:25.069+0000] {dagbag.py:536} INFO - Filling up the DagBag from /opt/airflow/dags/exampledag.py
[2025-03-23T23:43:25.098+0000] {processor.py:839} INFO - DAG(s) dict_keys(['chethan_test_dag']) retrieved from /opt/airflow/dags/exampledag.py
[2025-03-23T23:43:25.123+0000] {logging_mixin.py:154} INFO - [2025-03-23T23:43:25.122+0000] {dag.py:2941} INFO - Sync 1 DAGs
[2025-03-23T23:43:25.146+0000] {logging_mixin.py:154} INFO - [2025-03-23T23:43:25.146+0000] {dag.py:3722} INFO - Setting next_dagrun for chethan_test_dag to 2025-03-22T00:00:00+00:00, run_after=2025-03-23T00:00:00+00:00
[2025-03-23T23:43:25.174+0000] {processor.py:179} INFO - Processing /opt/airflow/dags/exampledag.py took 0.110 seconds
[2025-03-23T23:43:55.449+0000] {processor.py:157} INFO - Started process (PID=3647) to work on /opt/airflow/dags/exampledag.py
[2025-03-23T23:43:55.451+0000] {processor.py:829} INFO - Processing file /opt/airflow/dags/exampledag.py for tasks to queue
[2025-03-23T23:43:55.453+0000] {logging_mixin.py:154} INFO - [2025-03-23T23:43:55.452+0000] {dagbag.py:536} INFO - Filling up the DagBag from /opt/airflow/dags/exampledag.py
[2025-03-23T23:43:55.483+0000] {processor.py:839} INFO - DAG(s) dict_keys(['chethan_test_dag']) retrieved from /opt/airflow/dags/exampledag.py
[2025-03-23T23:43:55.515+0000] {logging_mixin.py:154} INFO - [2025-03-23T23:43:55.515+0000] {dag.py:2941} INFO - Sync 1 DAGs
[2025-03-23T23:43:55.547+0000] {logging_mixin.py:154} INFO - [2025-03-23T23:43:55.546+0000] {dag.py:3722} INFO - Setting next_dagrun for chethan_test_dag to 2025-03-22T00:00:00+00:00, run_after=2025-03-23T00:00:00+00:00
[2025-03-23T23:43:55.595+0000] {processor.py:179} INFO - Processing /opt/airflow/dags/exampledag.py took 0.149 seconds
[2025-03-23T23:44:25.872+0000] {processor.py:157} INFO - Started process (PID=3650) to work on /opt/airflow/dags/exampledag.py
[2025-03-23T23:44:25.873+0000] {processor.py:829} INFO - Processing file /opt/airflow/dags/exampledag.py for tasks to queue
[2025-03-23T23:44:25.874+0000] {logging_mixin.py:154} INFO - [2025-03-23T23:44:25.874+0000] {dagbag.py:536} INFO - Filling up the DagBag from /opt/airflow/dags/exampledag.py
[2025-03-23T23:44:25.907+0000] {processor.py:839} INFO - DAG(s) dict_keys(['chethan_test_dag']) retrieved from /opt/airflow/dags/exampledag.py
[2025-03-23T23:44:25.943+0000] {logging_mixin.py:154} INFO - [2025-03-23T23:44:25.942+0000] {dag.py:2941} INFO - Sync 1 DAGs
[2025-03-23T23:44:25.979+0000] {logging_mixin.py:154} INFO - [2025-03-23T23:44:25.979+0000] {dag.py:3722} INFO - Setting next_dagrun for chethan_test_dag to 2025-03-22T00:00:00+00:00, run_after=2025-03-23T00:00:00+00:00
[2025-03-23T23:44:26.007+0000] {processor.py:179} INFO - Processing /opt/airflow/dags/exampledag.py took 0.140 seconds
[2025-03-23T23:44:56.259+0000] {processor.py:157} INFO - Started process (PID=3653) to work on /opt/airflow/dags/exampledag.py
[2025-03-23T23:44:56.261+0000] {processor.py:829} INFO - Processing file /opt/airflow/dags/exampledag.py for tasks to queue
[2025-03-23T23:44:56.262+0000] {logging_mixin.py:154} INFO - [2025-03-23T23:44:56.262+0000] {dagbag.py:536} INFO - Filling up the DagBag from /opt/airflow/dags/exampledag.py
[2025-03-23T23:44:56.286+0000] {processor.py:839} INFO - DAG(s) dict_keys(['chethan_test_dag']) retrieved from /opt/airflow/dags/exampledag.py
[2025-03-23T23:44:56.314+0000] {logging_mixin.py:154} INFO - [2025-03-23T23:44:56.313+0000] {dag.py:2941} INFO - Sync 1 DAGs
[2025-03-23T23:44:56.332+0000] {logging_mixin.py:154} INFO - [2025-03-23T23:44:56.332+0000] {dag.py:3722} INFO - Setting next_dagrun for chethan_test_dag to 2025-03-22T00:00:00+00:00, run_after=2025-03-23T00:00:00+00:00
[2025-03-23T23:44:56.347+0000] {processor.py:179} INFO - Processing /opt/airflow/dags/exampledag.py took 0.091 seconds
[2025-03-23T23:45:26.598+0000] {processor.py:157} INFO - Started process (PID=3656) to work on /opt/airflow/dags/exampledag.py
[2025-03-23T23:45:26.600+0000] {processor.py:829} INFO - Processing file /opt/airflow/dags/exampledag.py for tasks to queue
[2025-03-23T23:45:26.601+0000] {logging_mixin.py:154} INFO - [2025-03-23T23:45:26.600+0000] {dagbag.py:536} INFO - Filling up the DagBag from /opt/airflow/dags/exampledag.py
[2025-03-23T23:45:26.626+0000] {processor.py:839} INFO - DAG(s) dict_keys(['chethan_test_dag']) retrieved from /opt/airflow/dags/exampledag.py
[2025-03-23T23:45:26.646+0000] {logging_mixin.py:154} INFO - [2025-03-23T23:45:26.645+0000] {dag.py:2941} INFO - Sync 1 DAGs
[2025-03-23T23:45:26.664+0000] {logging_mixin.py:154} INFO - [2025-03-23T23:45:26.664+0000] {dag.py:3722} INFO - Setting next_dagrun for chethan_test_dag to 2025-03-22T00:00:00+00:00, run_after=2025-03-23T00:00:00+00:00
[2025-03-23T23:45:26.687+0000] {processor.py:179} INFO - Processing /opt/airflow/dags/exampledag.py took 0.092 seconds
[2025-03-23T23:45:56.940+0000] {processor.py:157} INFO - Started process (PID=3659) to work on /opt/airflow/dags/exampledag.py
[2025-03-23T23:45:56.941+0000] {processor.py:829} INFO - Processing file /opt/airflow/dags/exampledag.py for tasks to queue
[2025-03-23T23:45:56.943+0000] {logging_mixin.py:154} INFO - [2025-03-23T23:45:56.943+0000] {dagbag.py:536} INFO - Filling up the DagBag from /opt/airflow/dags/exampledag.py
[2025-03-23T23:45:56.967+0000] {processor.py:839} INFO - DAG(s) dict_keys(['chethan_test_dag']) retrieved from /opt/airflow/dags/exampledag.py
[2025-03-23T23:45:56.987+0000] {logging_mixin.py:154} INFO - [2025-03-23T23:45:56.987+0000] {dag.py:2941} INFO - Sync 1 DAGs
[2025-03-23T23:45:57.005+0000] {logging_mixin.py:154} INFO - [2025-03-23T23:45:57.005+0000] {dag.py:3722} INFO - Setting next_dagrun for chethan_test_dag to 2025-03-22T00:00:00+00:00, run_after=2025-03-23T00:00:00+00:00
[2025-03-23T23:45:57.022+0000] {processor.py:179} INFO - Processing /opt/airflow/dags/exampledag.py took 0.085 seconds
[2025-03-23T23:46:27.264+0000] {processor.py:157} INFO - Started process (PID=3662) to work on /opt/airflow/dags/exampledag.py
[2025-03-23T23:46:27.265+0000] {processor.py:829} INFO - Processing file /opt/airflow/dags/exampledag.py for tasks to queue
[2025-03-23T23:46:27.266+0000] {logging_mixin.py:154} INFO - [2025-03-23T23:46:27.266+0000] {dagbag.py:536} INFO - Filling up the DagBag from /opt/airflow/dags/exampledag.py
[2025-03-23T23:46:27.290+0000] {processor.py:839} INFO - DAG(s) dict_keys(['chethan_test_dag']) retrieved from /opt/airflow/dags/exampledag.py
[2025-03-23T23:46:27.315+0000] {logging_mixin.py:154} INFO - [2025-03-23T23:46:27.315+0000] {dag.py:2941} INFO - Sync 1 DAGs
[2025-03-23T23:46:27.334+0000] {logging_mixin.py:154} INFO - [2025-03-23T23:46:27.333+0000] {dag.py:3722} INFO - Setting next_dagrun for chethan_test_dag to 2025-03-22T00:00:00+00:00, run_after=2025-03-23T00:00:00+00:00
[2025-03-23T23:46:27.352+0000] {processor.py:179} INFO - Processing /opt/airflow/dags/exampledag.py took 0.091 seconds
[2025-03-23T23:46:57.607+0000] {processor.py:157} INFO - Started process (PID=3665) to work on /opt/airflow/dags/exampledag.py
[2025-03-23T23:46:57.608+0000] {processor.py:829} INFO - Processing file /opt/airflow/dags/exampledag.py for tasks to queue
[2025-03-23T23:46:57.609+0000] {logging_mixin.py:154} INFO - [2025-03-23T23:46:57.609+0000] {dagbag.py:536} INFO - Filling up the DagBag from /opt/airflow/dags/exampledag.py
[2025-03-23T23:46:57.639+0000] {processor.py:839} INFO - DAG(s) dict_keys(['chethan_test_dag']) retrieved from /opt/airflow/dags/exampledag.py
[2025-03-23T23:46:57.660+0000] {logging_mixin.py:154} INFO - [2025-03-23T23:46:57.660+0000] {dag.py:2941} INFO - Sync 1 DAGs
[2025-03-23T23:46:57.679+0000] {logging_mixin.py:154} INFO - [2025-03-23T23:46:57.679+0000] {dag.py:3722} INFO - Setting next_dagrun for chethan_test_dag to 2025-03-22T00:00:00+00:00, run_after=2025-03-23T00:00:00+00:00
[2025-03-23T23:46:57.698+0000] {processor.py:179} INFO - Processing /opt/airflow/dags/exampledag.py took 0.094 seconds
[2025-03-23T23:47:27.939+0000] {processor.py:157} INFO - Started process (PID=3668) to work on /opt/airflow/dags/exampledag.py
[2025-03-23T23:47:27.940+0000] {processor.py:829} INFO - Processing file /opt/airflow/dags/exampledag.py for tasks to queue
[2025-03-23T23:47:27.940+0000] {logging_mixin.py:154} INFO - [2025-03-23T23:47:27.940+0000] {dagbag.py:536} INFO - Filling up the DagBag from /opt/airflow/dags/exampledag.py
[2025-03-23T23:47:27.964+0000] {processor.py:839} INFO - DAG(s) dict_keys(['chethan_test_dag']) retrieved from /opt/airflow/dags/exampledag.py
[2025-03-23T23:47:27.986+0000] {logging_mixin.py:154} INFO - [2025-03-23T23:47:27.986+0000] {dag.py:2941} INFO - Sync 1 DAGs
[2025-03-23T23:47:28.005+0000] {logging_mixin.py:154} INFO - [2025-03-23T23:47:28.005+0000] {dag.py:3722} INFO - Setting next_dagrun for chethan_test_dag to 2025-03-22T00:00:00+00:00, run_after=2025-03-23T00:00:00+00:00
[2025-03-23T23:47:28.022+0000] {processor.py:179} INFO - Processing /opt/airflow/dags/exampledag.py took 0.087 seconds
[2025-03-23T23:47:58.287+0000] {processor.py:157} INFO - Started process (PID=3671) to work on /opt/airflow/dags/exampledag.py
[2025-03-23T23:47:58.289+0000] {processor.py:829} INFO - Processing file /opt/airflow/dags/exampledag.py for tasks to queue
[2025-03-23T23:47:58.290+0000] {logging_mixin.py:154} INFO - [2025-03-23T23:47:58.289+0000] {dagbag.py:536} INFO - Filling up the DagBag from /opt/airflow/dags/exampledag.py
[2025-03-23T23:47:58.315+0000] {processor.py:839} INFO - DAG(s) dict_keys(['chethan_test_dag']) retrieved from /opt/airflow/dags/exampledag.py
[2025-03-23T23:47:58.339+0000] {logging_mixin.py:154} INFO - [2025-03-23T23:47:58.339+0000] {dag.py:2941} INFO - Sync 1 DAGs
[2025-03-23T23:47:58.356+0000] {logging_mixin.py:154} INFO - [2025-03-23T23:47:58.356+0000] {dag.py:3722} INFO - Setting next_dagrun for chethan_test_dag to 2025-03-22T00:00:00+00:00, run_after=2025-03-23T00:00:00+00:00
[2025-03-23T23:47:58.376+0000] {processor.py:179} INFO - Processing /opt/airflow/dags/exampledag.py took 0.092 seconds
[2025-03-23T23:48:28.610+0000] {processor.py:157} INFO - Started process (PID=3674) to work on /opt/airflow/dags/exampledag.py
[2025-03-23T23:48:28.611+0000] {processor.py:829} INFO - Processing file /opt/airflow/dags/exampledag.py for tasks to queue
[2025-03-23T23:48:28.612+0000] {logging_mixin.py:154} INFO - [2025-03-23T23:48:28.612+0000] {dagbag.py:536} INFO - Filling up the DagBag from /opt/airflow/dags/exampledag.py
[2025-03-23T23:48:28.636+0000] {processor.py:839} INFO - DAG(s) dict_keys(['chethan_test_dag']) retrieved from /opt/airflow/dags/exampledag.py
[2025-03-23T23:48:28.655+0000] {logging_mixin.py:154} INFO - [2025-03-23T23:48:28.655+0000] {dag.py:2941} INFO - Sync 1 DAGs
[2025-03-23T23:48:28.673+0000] {logging_mixin.py:154} INFO - [2025-03-23T23:48:28.673+0000] {dag.py:3722} INFO - Setting next_dagrun for chethan_test_dag to 2025-03-22T00:00:00+00:00, run_after=2025-03-23T00:00:00+00:00
[2025-03-23T23:48:28.691+0000] {processor.py:179} INFO - Processing /opt/airflow/dags/exampledag.py took 0.084 seconds
[2025-03-23T23:48:58.927+0000] {processor.py:157} INFO - Started process (PID=3677) to work on /opt/airflow/dags/exampledag.py
[2025-03-23T23:48:58.929+0000] {processor.py:829} INFO - Processing file /opt/airflow/dags/exampledag.py for tasks to queue
[2025-03-23T23:48:58.930+0000] {logging_mixin.py:154} INFO - [2025-03-23T23:48:58.929+0000] {dagbag.py:536} INFO - Filling up the DagBag from /opt/airflow/dags/exampledag.py
[2025-03-23T23:48:58.954+0000] {processor.py:839} INFO - DAG(s) dict_keys(['chethan_test_dag']) retrieved from /opt/airflow/dags/exampledag.py
[2025-03-23T23:48:58.976+0000] {logging_mixin.py:154} INFO - [2025-03-23T23:48:58.976+0000] {dag.py:2941} INFO - Sync 1 DAGs
[2025-03-23T23:48:58.995+0000] {logging_mixin.py:154} INFO - [2025-03-23T23:48:58.994+0000] {dag.py:3722} INFO - Setting next_dagrun for chethan_test_dag to 2025-03-22T00:00:00+00:00, run_after=2025-03-23T00:00:00+00:00
[2025-03-23T23:48:59.015+0000] {processor.py:179} INFO - Processing /opt/airflow/dags/exampledag.py took 0.091 seconds
[2025-03-23T23:49:29.293+0000] {processor.py:157} INFO - Started process (PID=3680) to work on /opt/airflow/dags/exampledag.py
[2025-03-23T23:49:29.295+0000] {processor.py:829} INFO - Processing file /opt/airflow/dags/exampledag.py for tasks to queue
[2025-03-23T23:49:29.296+0000] {logging_mixin.py:154} INFO - [2025-03-23T23:49:29.295+0000] {dagbag.py:536} INFO - Filling up the DagBag from /opt/airflow/dags/exampledag.py
[2025-03-23T23:49:29.320+0000] {processor.py:839} INFO - DAG(s) dict_keys(['chethan_test_dag']) retrieved from /opt/airflow/dags/exampledag.py
[2025-03-23T23:49:29.343+0000] {logging_mixin.py:154} INFO - [2025-03-23T23:49:29.342+0000] {dag.py:2941} INFO - Sync 1 DAGs
[2025-03-23T23:49:29.362+0000] {logging_mixin.py:154} INFO - [2025-03-23T23:49:29.362+0000] {dag.py:3722} INFO - Setting next_dagrun for chethan_test_dag to 2025-03-22T00:00:00+00:00, run_after=2025-03-23T00:00:00+00:00
[2025-03-23T23:49:29.378+0000] {processor.py:179} INFO - Processing /opt/airflow/dags/exampledag.py took 0.088 seconds
[2025-03-23T23:49:59.617+0000] {processor.py:157} INFO - Started process (PID=3683) to work on /opt/airflow/dags/exampledag.py
[2025-03-23T23:49:59.618+0000] {processor.py:829} INFO - Processing file /opt/airflow/dags/exampledag.py for tasks to queue
[2025-03-23T23:49:59.618+0000] {logging_mixin.py:154} INFO - [2025-03-23T23:49:59.618+0000] {dagbag.py:536} INFO - Filling up the DagBag from /opt/airflow/dags/exampledag.py
[2025-03-23T23:49:59.643+0000] {processor.py:839} INFO - DAG(s) dict_keys(['chethan_test_dag']) retrieved from /opt/airflow/dags/exampledag.py
[2025-03-23T23:49:59.662+0000] {logging_mixin.py:154} INFO - [2025-03-23T23:49:59.662+0000] {dag.py:2941} INFO - Sync 1 DAGs
[2025-03-23T23:49:59.681+0000] {logging_mixin.py:154} INFO - [2025-03-23T23:49:59.680+0000] {dag.py:3722} INFO - Setting next_dagrun for chethan_test_dag to 2025-03-22T00:00:00+00:00, run_after=2025-03-23T00:00:00+00:00
[2025-03-23T23:49:59.697+0000] {processor.py:179} INFO - Processing /opt/airflow/dags/exampledag.py took 0.083 seconds
[2025-03-23T23:50:29.966+0000] {processor.py:157} INFO - Started process (PID=3686) to work on /opt/airflow/dags/exampledag.py
[2025-03-23T23:50:29.968+0000] {processor.py:829} INFO - Processing file /opt/airflow/dags/exampledag.py for tasks to queue
[2025-03-23T23:50:29.969+0000] {logging_mixin.py:154} INFO - [2025-03-23T23:50:29.969+0000] {dagbag.py:536} INFO - Filling up the DagBag from /opt/airflow/dags/exampledag.py
[2025-03-23T23:50:29.997+0000] {processor.py:839} INFO - DAG(s) dict_keys(['chethan_test_dag']) retrieved from /opt/airflow/dags/exampledag.py
[2025-03-23T23:50:30.029+0000] {logging_mixin.py:154} INFO - [2025-03-23T23:50:30.029+0000] {dag.py:2941} INFO - Sync 1 DAGs
[2025-03-23T23:50:30.063+0000] {logging_mixin.py:154} INFO - [2025-03-23T23:50:30.063+0000] {dag.py:3722} INFO - Setting next_dagrun for chethan_test_dag to 2025-03-22T00:00:00+00:00, run_after=2025-03-23T00:00:00+00:00
[2025-03-23T23:50:30.081+0000] {processor.py:179} INFO - Processing /opt/airflow/dags/exampledag.py took 0.118 seconds
[2025-03-23T23:51:00.343+0000] {processor.py:157} INFO - Started process (PID=3689) to work on /opt/airflow/dags/exampledag.py
[2025-03-23T23:51:00.345+0000] {processor.py:829} INFO - Processing file /opt/airflow/dags/exampledag.py for tasks to queue
[2025-03-23T23:51:00.347+0000] {logging_mixin.py:154} INFO - [2025-03-23T23:51:00.347+0000] {dagbag.py:536} INFO - Filling up the DagBag from /opt/airflow/dags/exampledag.py
[2025-03-23T23:51:00.403+0000] {processor.py:839} INFO - DAG(s) dict_keys(['chethan_test_dag']) retrieved from /opt/airflow/dags/exampledag.py
[2025-03-23T23:51:00.495+0000] {logging_mixin.py:154} INFO - [2025-03-23T23:51:00.494+0000] {dag.py:2941} INFO - Sync 1 DAGs
[2025-03-23T23:51:00.537+0000] {logging_mixin.py:154} INFO - [2025-03-23T23:51:00.536+0000] {dag.py:3722} INFO - Setting next_dagrun for chethan_test_dag to 2025-03-22T00:00:00+00:00, run_after=2025-03-23T00:00:00+00:00
[2025-03-23T23:51:00.573+0000] {processor.py:179} INFO - Processing /opt/airflow/dags/exampledag.py took 0.233 seconds
[2025-03-23T23:51:30.875+0000] {processor.py:157} INFO - Started process (PID=3692) to work on /opt/airflow/dags/exampledag.py
[2025-03-23T23:51:30.877+0000] {processor.py:829} INFO - Processing file /opt/airflow/dags/exampledag.py for tasks to queue
[2025-03-23T23:51:30.878+0000] {logging_mixin.py:154} INFO - [2025-03-23T23:51:30.878+0000] {dagbag.py:536} INFO - Filling up the DagBag from /opt/airflow/dags/exampledag.py
[2025-03-23T23:51:30.903+0000] {processor.py:839} INFO - DAG(s) dict_keys(['chethan_test_dag']) retrieved from /opt/airflow/dags/exampledag.py
[2025-03-23T23:51:30.925+0000] {logging_mixin.py:154} INFO - [2025-03-23T23:51:30.925+0000] {dag.py:2941} INFO - Sync 1 DAGs
[2025-03-23T23:51:30.943+0000] {logging_mixin.py:154} INFO - [2025-03-23T23:51:30.943+0000] {dag.py:3722} INFO - Setting next_dagrun for chethan_test_dag to 2025-03-22T00:00:00+00:00, run_after=2025-03-23T00:00:00+00:00
[2025-03-23T23:51:30.961+0000] {processor.py:179} INFO - Processing /opt/airflow/dags/exampledag.py took 0.089 seconds
[2025-03-23T23:52:01.216+0000] {processor.py:157} INFO - Started process (PID=3695) to work on /opt/airflow/dags/exampledag.py
[2025-03-23T23:52:01.217+0000] {processor.py:829} INFO - Processing file /opt/airflow/dags/exampledag.py for tasks to queue
[2025-03-23T23:52:01.218+0000] {logging_mixin.py:154} INFO - [2025-03-23T23:52:01.218+0000] {dagbag.py:536} INFO - Filling up the DagBag from /opt/airflow/dags/exampledag.py
[2025-03-23T23:52:01.249+0000] {processor.py:839} INFO - DAG(s) dict_keys(['chethan_test_dag']) retrieved from /opt/airflow/dags/exampledag.py
[2025-03-23T23:52:01.290+0000] {logging_mixin.py:154} INFO - [2025-03-23T23:52:01.290+0000] {dag.py:2941} INFO - Sync 1 DAGs
[2025-03-23T23:52:01.310+0000] {logging_mixin.py:154} INFO - [2025-03-23T23:52:01.310+0000] {dag.py:3722} INFO - Setting next_dagrun for chethan_test_dag to 2025-03-22T00:00:00+00:00, run_after=2025-03-23T00:00:00+00:00
[2025-03-23T23:52:01.329+0000] {processor.py:179} INFO - Processing /opt/airflow/dags/exampledag.py took 0.116 seconds
[2025-03-23T23:52:31.595+0000] {processor.py:157} INFO - Started process (PID=3698) to work on /opt/airflow/dags/exampledag.py
[2025-03-23T23:52:31.596+0000] {processor.py:829} INFO - Processing file /opt/airflow/dags/exampledag.py for tasks to queue
[2025-03-23T23:52:31.597+0000] {logging_mixin.py:154} INFO - [2025-03-23T23:52:31.597+0000] {dagbag.py:536} INFO - Filling up the DagBag from /opt/airflow/dags/exampledag.py
[2025-03-23T23:52:31.623+0000] {processor.py:839} INFO - DAG(s) dict_keys(['chethan_test_dag']) retrieved from /opt/airflow/dags/exampledag.py
[2025-03-23T23:52:31.644+0000] {logging_mixin.py:154} INFO - [2025-03-23T23:52:31.643+0000] {dag.py:2941} INFO - Sync 1 DAGs
[2025-03-23T23:52:31.662+0000] {logging_mixin.py:154} INFO - [2025-03-23T23:52:31.662+0000] {dag.py:3722} INFO - Setting next_dagrun for chethan_test_dag to 2025-03-22T00:00:00+00:00, run_after=2025-03-23T00:00:00+00:00
[2025-03-23T23:52:31.678+0000] {processor.py:179} INFO - Processing /opt/airflow/dags/exampledag.py took 0.087 seconds
[2025-03-23T23:53:01.952+0000] {processor.py:157} INFO - Started process (PID=3701) to work on /opt/airflow/dags/exampledag.py
[2025-03-23T23:53:01.953+0000] {processor.py:829} INFO - Processing file /opt/airflow/dags/exampledag.py for tasks to queue
[2025-03-23T23:53:01.954+0000] {logging_mixin.py:154} INFO - [2025-03-23T23:53:01.953+0000] {dagbag.py:536} INFO - Filling up the DagBag from /opt/airflow/dags/exampledag.py
[2025-03-23T23:53:01.980+0000] {processor.py:839} INFO - DAG(s) dict_keys(['chethan_test_dag']) retrieved from /opt/airflow/dags/exampledag.py
[2025-03-23T23:53:02.006+0000] {logging_mixin.py:154} INFO - [2025-03-23T23:53:02.006+0000] {dag.py:2941} INFO - Sync 1 DAGs
[2025-03-23T23:53:02.026+0000] {logging_mixin.py:154} INFO - [2025-03-23T23:53:02.026+0000] {dag.py:3722} INFO - Setting next_dagrun for chethan_test_dag to 2025-03-22T00:00:00+00:00, run_after=2025-03-23T00:00:00+00:00
[2025-03-23T23:53:02.048+0000] {processor.py:179} INFO - Processing /opt/airflow/dags/exampledag.py took 0.098 seconds
[2025-03-23T23:53:32.325+0000] {processor.py:157} INFO - Started process (PID=3704) to work on /opt/airflow/dags/exampledag.py
[2025-03-23T23:53:32.326+0000] {processor.py:829} INFO - Processing file /opt/airflow/dags/exampledag.py for tasks to queue
[2025-03-23T23:53:32.327+0000] {logging_mixin.py:154} INFO - [2025-03-23T23:53:32.327+0000] {dagbag.py:536} INFO - Filling up the DagBag from /opt/airflow/dags/exampledag.py
[2025-03-23T23:53:32.352+0000] {processor.py:839} INFO - DAG(s) dict_keys(['chethan_test_dag']) retrieved from /opt/airflow/dags/exampledag.py
[2025-03-23T23:53:32.372+0000] {logging_mixin.py:154} INFO - [2025-03-23T23:53:32.372+0000] {dag.py:2941} INFO - Sync 1 DAGs
[2025-03-23T23:53:32.390+0000] {logging_mixin.py:154} INFO - [2025-03-23T23:53:32.390+0000] {dag.py:3722} INFO - Setting next_dagrun for chethan_test_dag to 2025-03-22T00:00:00+00:00, run_after=2025-03-23T00:00:00+00:00
[2025-03-23T23:53:32.406+0000] {processor.py:179} INFO - Processing /opt/airflow/dags/exampledag.py took 0.084 seconds
[2025-03-23T23:54:02.680+0000] {processor.py:157} INFO - Started process (PID=3707) to work on /opt/airflow/dags/exampledag.py
[2025-03-23T23:54:02.682+0000] {processor.py:829} INFO - Processing file /opt/airflow/dags/exampledag.py for tasks to queue
[2025-03-23T23:54:02.684+0000] {logging_mixin.py:154} INFO - [2025-03-23T23:54:02.683+0000] {dagbag.py:536} INFO - Filling up the DagBag from /opt/airflow/dags/exampledag.py
[2025-03-23T23:54:02.721+0000] {processor.py:839} INFO - DAG(s) dict_keys(['chethan_test_dag']) retrieved from /opt/airflow/dags/exampledag.py
[2025-03-23T23:54:02.756+0000] {logging_mixin.py:154} INFO - [2025-03-23T23:54:02.756+0000] {dag.py:2941} INFO - Sync 1 DAGs
[2025-03-23T23:54:02.784+0000] {logging_mixin.py:154} INFO - [2025-03-23T23:54:02.784+0000] {dag.py:3722} INFO - Setting next_dagrun for chethan_test_dag to 2025-03-22T00:00:00+00:00, run_after=2025-03-23T00:00:00+00:00
[2025-03-23T23:54:02.809+0000] {processor.py:179} INFO - Processing /opt/airflow/dags/exampledag.py took 0.133 seconds
[2025-03-23T23:54:33.084+0000] {processor.py:157} INFO - Started process (PID=3710) to work on /opt/airflow/dags/exampledag.py
[2025-03-23T23:54:33.086+0000] {processor.py:829} INFO - Processing file /opt/airflow/dags/exampledag.py for tasks to queue
[2025-03-23T23:54:33.087+0000] {logging_mixin.py:154} INFO - [2025-03-23T23:54:33.086+0000] {dagbag.py:536} INFO - Filling up the DagBag from /opt/airflow/dags/exampledag.py
[2025-03-23T23:54:33.111+0000] {processor.py:839} INFO - DAG(s) dict_keys(['chethan_test_dag']) retrieved from /opt/airflow/dags/exampledag.py
[2025-03-23T23:54:33.137+0000] {logging_mixin.py:154} INFO - [2025-03-23T23:54:33.137+0000] {dag.py:2941} INFO - Sync 1 DAGs
[2025-03-23T23:54:33.161+0000] {logging_mixin.py:154} INFO - [2025-03-23T23:54:33.161+0000] {dag.py:3722} INFO - Setting next_dagrun for chethan_test_dag to 2025-03-22T00:00:00+00:00, run_after=2025-03-23T00:00:00+00:00
[2025-03-23T23:54:33.180+0000] {processor.py:179} INFO - Processing /opt/airflow/dags/exampledag.py took 0.099 seconds
[2025-03-23T23:55:03.466+0000] {processor.py:157} INFO - Started process (PID=3713) to work on /opt/airflow/dags/exampledag.py
[2025-03-23T23:55:03.468+0000] {processor.py:829} INFO - Processing file /opt/airflow/dags/exampledag.py for tasks to queue
[2025-03-23T23:55:03.468+0000] {logging_mixin.py:154} INFO - [2025-03-23T23:55:03.468+0000] {dagbag.py:536} INFO - Filling up the DagBag from /opt/airflow/dags/exampledag.py
[2025-03-23T23:55:03.494+0000] {processor.py:839} INFO - DAG(s) dict_keys(['chethan_test_dag']) retrieved from /opt/airflow/dags/exampledag.py
[2025-03-23T23:55:03.515+0000] {logging_mixin.py:154} INFO - [2025-03-23T23:55:03.515+0000] {dag.py:2941} INFO - Sync 1 DAGs
[2025-03-23T23:55:03.533+0000] {logging_mixin.py:154} INFO - [2025-03-23T23:55:03.533+0000] {dag.py:3722} INFO - Setting next_dagrun for chethan_test_dag to 2025-03-22T00:00:00+00:00, run_after=2025-03-23T00:00:00+00:00
[2025-03-23T23:55:03.551+0000] {processor.py:179} INFO - Processing /opt/airflow/dags/exampledag.py took 0.088 seconds
[2025-03-23T23:55:33.797+0000] {processor.py:157} INFO - Started process (PID=3716) to work on /opt/airflow/dags/exampledag.py
[2025-03-23T23:55:33.798+0000] {processor.py:829} INFO - Processing file /opt/airflow/dags/exampledag.py for tasks to queue
[2025-03-23T23:55:33.799+0000] {logging_mixin.py:154} INFO - [2025-03-23T23:55:33.799+0000] {dagbag.py:536} INFO - Filling up the DagBag from /opt/airflow/dags/exampledag.py
[2025-03-23T23:55:33.821+0000] {processor.py:839} INFO - DAG(s) dict_keys(['chethan_test_dag']) retrieved from /opt/airflow/dags/exampledag.py
[2025-03-23T23:55:33.841+0000] {logging_mixin.py:154} INFO - [2025-03-23T23:55:33.841+0000] {dag.py:2941} INFO - Sync 1 DAGs
[2025-03-23T23:55:33.861+0000] {logging_mixin.py:154} INFO - [2025-03-23T23:55:33.861+0000] {dag.py:3722} INFO - Setting next_dagrun for chethan_test_dag to 2025-03-22T00:00:00+00:00, run_after=2025-03-23T00:00:00+00:00
[2025-03-23T23:55:33.898+0000] {processor.py:179} INFO - Processing /opt/airflow/dags/exampledag.py took 0.104 seconds
[2025-03-23T23:56:04.199+0000] {processor.py:157} INFO - Started process (PID=3719) to work on /opt/airflow/dags/exampledag.py
[2025-03-23T23:56:04.200+0000] {processor.py:829} INFO - Processing file /opt/airflow/dags/exampledag.py for tasks to queue
[2025-03-23T23:56:04.201+0000] {logging_mixin.py:154} INFO - [2025-03-23T23:56:04.200+0000] {dagbag.py:536} INFO - Filling up the DagBag from /opt/airflow/dags/exampledag.py
[2025-03-23T23:56:04.228+0000] {processor.py:839} INFO - DAG(s) dict_keys(['chethan_test_dag']) retrieved from /opt/airflow/dags/exampledag.py
[2025-03-23T23:56:04.258+0000] {logging_mixin.py:154} INFO - [2025-03-23T23:56:04.257+0000] {dag.py:2941} INFO - Sync 1 DAGs
[2025-03-23T23:56:04.293+0000] {logging_mixin.py:154} INFO - [2025-03-23T23:56:04.292+0000] {dag.py:3722} INFO - Setting next_dagrun for chethan_test_dag to 2025-03-22T00:00:00+00:00, run_after=2025-03-23T00:00:00+00:00
[2025-03-23T23:56:04.329+0000] {processor.py:179} INFO - Processing /opt/airflow/dags/exampledag.py took 0.133 seconds
[2025-03-23T23:56:34.605+0000] {processor.py:157} INFO - Started process (PID=3722) to work on /opt/airflow/dags/exampledag.py
[2025-03-23T23:56:34.607+0000] {processor.py:829} INFO - Processing file /opt/airflow/dags/exampledag.py for tasks to queue
[2025-03-23T23:56:34.608+0000] {logging_mixin.py:154} INFO - [2025-03-23T23:56:34.608+0000] {dagbag.py:536} INFO - Filling up the DagBag from /opt/airflow/dags/exampledag.py
[2025-03-23T23:56:34.633+0000] {processor.py:839} INFO - DAG(s) dict_keys(['chethan_test_dag']) retrieved from /opt/airflow/dags/exampledag.py
[2025-03-23T23:56:34.654+0000] {logging_mixin.py:154} INFO - [2025-03-23T23:56:34.653+0000] {dag.py:2941} INFO - Sync 1 DAGs
[2025-03-23T23:56:34.672+0000] {logging_mixin.py:154} INFO - [2025-03-23T23:56:34.672+0000] {dag.py:3722} INFO - Setting next_dagrun for chethan_test_dag to 2025-03-22T00:00:00+00:00, run_after=2025-03-23T00:00:00+00:00
[2025-03-23T23:56:34.693+0000] {processor.py:179} INFO - Processing /opt/airflow/dags/exampledag.py took 0.091 seconds
[2025-03-23T23:57:04.953+0000] {processor.py:157} INFO - Started process (PID=3725) to work on /opt/airflow/dags/exampledag.py
[2025-03-23T23:57:04.954+0000] {processor.py:829} INFO - Processing file /opt/airflow/dags/exampledag.py for tasks to queue
[2025-03-23T23:57:04.955+0000] {logging_mixin.py:154} INFO - [2025-03-23T23:57:04.955+0000] {dagbag.py:536} INFO - Filling up the DagBag from /opt/airflow/dags/exampledag.py
[2025-03-23T23:57:04.977+0000] {processor.py:839} INFO - DAG(s) dict_keys(['chethan_test_dag']) retrieved from /opt/airflow/dags/exampledag.py
[2025-03-23T23:57:04.999+0000] {logging_mixin.py:154} INFO - [2025-03-23T23:57:04.998+0000] {dag.py:2941} INFO - Sync 1 DAGs
[2025-03-23T23:57:05.017+0000] {logging_mixin.py:154} INFO - [2025-03-23T23:57:05.017+0000] {dag.py:3722} INFO - Setting next_dagrun for chethan_test_dag to 2025-03-22T00:00:00+00:00, run_after=2025-03-23T00:00:00+00:00
[2025-03-23T23:57:05.034+0000] {processor.py:179} INFO - Processing /opt/airflow/dags/exampledag.py took 0.084 seconds
[2025-03-23T23:57:35.292+0000] {processor.py:157} INFO - Started process (PID=3728) to work on /opt/airflow/dags/exampledag.py
[2025-03-23T23:57:35.293+0000] {processor.py:829} INFO - Processing file /opt/airflow/dags/exampledag.py for tasks to queue
[2025-03-23T23:57:35.294+0000] {logging_mixin.py:154} INFO - [2025-03-23T23:57:35.294+0000] {dagbag.py:536} INFO - Filling up the DagBag from /opt/airflow/dags/exampledag.py
[2025-03-23T23:57:35.323+0000] {processor.py:839} INFO - DAG(s) dict_keys(['chethan_test_dag']) retrieved from /opt/airflow/dags/exampledag.py
[2025-03-23T23:57:35.344+0000] {logging_mixin.py:154} INFO - [2025-03-23T23:57:35.344+0000] {dag.py:2941} INFO - Sync 1 DAGs
[2025-03-23T23:57:35.362+0000] {logging_mixin.py:154} INFO - [2025-03-23T23:57:35.361+0000] {dag.py:3722} INFO - Setting next_dagrun for chethan_test_dag to 2025-03-22T00:00:00+00:00, run_after=2025-03-23T00:00:00+00:00
[2025-03-23T23:57:35.378+0000] {processor.py:179} INFO - Processing /opt/airflow/dags/exampledag.py took 0.090 seconds
[2025-03-23T23:58:05.650+0000] {processor.py:157} INFO - Started process (PID=3731) to work on /opt/airflow/dags/exampledag.py
[2025-03-23T23:58:05.651+0000] {processor.py:829} INFO - Processing file /opt/airflow/dags/exampledag.py for tasks to queue
[2025-03-23T23:58:05.652+0000] {logging_mixin.py:154} INFO - [2025-03-23T23:58:05.652+0000] {dagbag.py:536} INFO - Filling up the DagBag from /opt/airflow/dags/exampledag.py
[2025-03-23T23:58:05.672+0000] {processor.py:839} INFO - DAG(s) dict_keys(['chethan_test_dag']) retrieved from /opt/airflow/dags/exampledag.py
[2025-03-23T23:58:05.692+0000] {logging_mixin.py:154} INFO - [2025-03-23T23:58:05.692+0000] {dag.py:2941} INFO - Sync 1 DAGs
[2025-03-23T23:58:05.710+0000] {logging_mixin.py:154} INFO - [2025-03-23T23:58:05.710+0000] {dag.py:3722} INFO - Setting next_dagrun for chethan_test_dag to 2025-03-22T00:00:00+00:00, run_after=2025-03-23T00:00:00+00:00
[2025-03-23T23:58:05.728+0000] {processor.py:179} INFO - Processing /opt/airflow/dags/exampledag.py took 0.080 seconds
[2025-03-23T23:58:35.953+0000] {processor.py:157} INFO - Started process (PID=3734) to work on /opt/airflow/dags/exampledag.py
[2025-03-23T23:58:35.955+0000] {processor.py:829} INFO - Processing file /opt/airflow/dags/exampledag.py for tasks to queue
[2025-03-23T23:58:35.956+0000] {logging_mixin.py:154} INFO - [2025-03-23T23:58:35.955+0000] {dagbag.py:536} INFO - Filling up the DagBag from /opt/airflow/dags/exampledag.py
[2025-03-23T23:58:35.978+0000] {processor.py:839} INFO - DAG(s) dict_keys(['chethan_test_dag']) retrieved from /opt/airflow/dags/exampledag.py
[2025-03-23T23:58:35.999+0000] {logging_mixin.py:154} INFO - [2025-03-23T23:58:35.999+0000] {dag.py:2941} INFO - Sync 1 DAGs
[2025-03-23T23:58:36.019+0000] {logging_mixin.py:154} INFO - [2025-03-23T23:58:36.019+0000] {dag.py:3722} INFO - Setting next_dagrun for chethan_test_dag to 2025-03-22T00:00:00+00:00, run_after=2025-03-23T00:00:00+00:00
[2025-03-23T23:58:36.037+0000] {processor.py:179} INFO - Processing /opt/airflow/dags/exampledag.py took 0.086 seconds
[2025-03-23T23:59:06.266+0000] {processor.py:157} INFO - Started process (PID=3737) to work on /opt/airflow/dags/exampledag.py
[2025-03-23T23:59:06.267+0000] {processor.py:829} INFO - Processing file /opt/airflow/dags/exampledag.py for tasks to queue
[2025-03-23T23:59:06.269+0000] {logging_mixin.py:154} INFO - [2025-03-23T23:59:06.268+0000] {dagbag.py:536} INFO - Filling up the DagBag from /opt/airflow/dags/exampledag.py
[2025-03-23T23:59:06.291+0000] {processor.py:839} INFO - DAG(s) dict_keys(['chethan_test_dag']) retrieved from /opt/airflow/dags/exampledag.py
[2025-03-23T23:59:06.321+0000] {logging_mixin.py:154} INFO - [2025-03-23T23:59:06.320+0000] {dag.py:2941} INFO - Sync 1 DAGs
[2025-03-23T23:59:06.345+0000] {logging_mixin.py:154} INFO - [2025-03-23T23:59:06.345+0000] {dag.py:3722} INFO - Setting next_dagrun for chethan_test_dag to 2025-03-22T00:00:00+00:00, run_after=2025-03-23T00:00:00+00:00
[2025-03-23T23:59:06.364+0000] {processor.py:179} INFO - Processing /opt/airflow/dags/exampledag.py took 0.100 seconds
[2025-03-23T23:59:36.617+0000] {processor.py:157} INFO - Started process (PID=3740) to work on /opt/airflow/dags/exampledag.py
[2025-03-23T23:59:36.619+0000] {processor.py:829} INFO - Processing file /opt/airflow/dags/exampledag.py for tasks to queue
[2025-03-23T23:59:36.620+0000] {logging_mixin.py:154} INFO - [2025-03-23T23:59:36.620+0000] {dagbag.py:536} INFO - Filling up the DagBag from /opt/airflow/dags/exampledag.py
[2025-03-23T23:59:36.643+0000] {processor.py:839} INFO - DAG(s) dict_keys(['chethan_test_dag']) retrieved from /opt/airflow/dags/exampledag.py
[2025-03-23T23:59:36.663+0000] {logging_mixin.py:154} INFO - [2025-03-23T23:59:36.663+0000] {dag.py:2941} INFO - Sync 1 DAGs
[2025-03-23T23:59:36.718+0000] {logging_mixin.py:154} INFO - [2025-03-23T23:59:36.718+0000] {dag.py:3722} INFO - Setting next_dagrun for chethan_test_dag to 2025-03-22T00:00:00+00:00, run_after=2025-03-23T00:00:00+00:00
[2025-03-23T23:59:36.757+0000] {processor.py:179} INFO - Processing /opt/airflow/dags/exampledag.py took 0.143 seconds
