[2025-04-12T15:31:36.115+0000] {processor.py:157} INFO - Started process (PID=3020) to work on /opt/airflow/dags/exampledag.py
[2025-04-12T15:31:36.145+0000] {processor.py:829} INFO - Processing file /opt/airflow/dags/exampledag.py for tasks to queue
[2025-04-12T15:31:36.173+0000] {logging_mixin.py:154} INFO - [2025-04-12T15:31:36.172+0000] {dagbag.py:536} INFO - Filling up the DagBag from /opt/airflow/dags/exampledag.py
[2025-04-12T15:31:36.541+0000] {processor.py:839} INFO - DAG(s) dict_keys(['chethan_test_dag']) retrieved from /opt/airflow/dags/exampledag.py
[2025-04-12T15:31:36.607+0000] {logging_mixin.py:154} INFO - [2025-04-12T15:31:36.605+0000] {dag.py:2941} INFO - Sync 1 DAGs
[2025-04-12T15:31:36.708+0000] {logging_mixin.py:154} INFO - [2025-04-12T15:31:36.707+0000] {dag.py:3722} INFO - Setting next_dagrun for chethan_test_dag to 2025-04-11T00:00:00+00:00, run_after=2025-04-12T00:00:00+00:00
[2025-04-12T15:31:36.872+0000] {processor.py:179} INFO - Processing /opt/airflow/dags/exampledag.py took 0.776 seconds
[2025-04-12T16:36:06.401+0000] {processor.py:157} INFO - Started process (PID=3032) to work on /opt/airflow/dags/exampledag.py
[2025-04-12T16:36:06.408+0000] {processor.py:829} INFO - Processing file /opt/airflow/dags/exampledag.py for tasks to queue
[2025-04-12T16:36:06.412+0000] {logging_mixin.py:154} INFO - [2025-04-12T16:36:06.412+0000] {dagbag.py:536} INFO - Filling up the DagBag from /opt/airflow/dags/exampledag.py
[2025-04-12T16:36:06.534+0000] {processor.py:839} INFO - DAG(s) dict_keys(['chethan_test_dag']) retrieved from /opt/airflow/dags/exampledag.py
[2025-04-12T16:36:06.604+0000] {logging_mixin.py:154} INFO - [2025-04-12T16:36:06.603+0000] {dag.py:2941} INFO - Sync 1 DAGs
[2025-04-12T16:36:06.690+0000] {logging_mixin.py:154} INFO - [2025-04-12T16:36:06.689+0000] {dag.py:3722} INFO - Setting next_dagrun for chethan_test_dag to 2025-04-11T00:00:00+00:00, run_after=2025-04-12T00:00:00+00:00
[2025-04-12T16:36:06.754+0000] {processor.py:179} INFO - Processing /opt/airflow/dags/exampledag.py took 0.360 seconds
[2025-04-12T16:36:36.901+0000] {processor.py:157} INFO - Started process (PID=3041) to work on /opt/airflow/dags/exampledag.py
[2025-04-12T16:36:36.903+0000] {processor.py:829} INFO - Processing file /opt/airflow/dags/exampledag.py for tasks to queue
[2025-04-12T16:36:36.905+0000] {logging_mixin.py:154} INFO - [2025-04-12T16:36:36.904+0000] {dagbag.py:536} INFO - Filling up the DagBag from /opt/airflow/dags/exampledag.py
[2025-04-12T16:36:36.945+0000] {processor.py:839} INFO - DAG(s) dict_keys(['chethan_test_dag']) retrieved from /opt/airflow/dags/exampledag.py
[2025-04-12T16:36:36.994+0000] {logging_mixin.py:154} INFO - [2025-04-12T16:36:36.994+0000] {dag.py:2941} INFO - Sync 1 DAGs
[2025-04-12T16:36:37.043+0000] {logging_mixin.py:154} INFO - [2025-04-12T16:36:37.042+0000] {dag.py:3722} INFO - Setting next_dagrun for chethan_test_dag to 2025-04-11T00:00:00+00:00, run_after=2025-04-12T00:00:00+00:00
[2025-04-12T16:36:37.081+0000] {processor.py:179} INFO - Processing /opt/airflow/dags/exampledag.py took 0.184 seconds
[2025-04-12T16:37:09.178+0000] {processor.py:157} INFO - Started process (PID=3052) to work on /opt/airflow/dags/exampledag.py
[2025-04-12T16:37:09.180+0000] {processor.py:829} INFO - Processing file /opt/airflow/dags/exampledag.py for tasks to queue
[2025-04-12T16:37:09.183+0000] {logging_mixin.py:154} INFO - [2025-04-12T16:37:09.182+0000] {dagbag.py:536} INFO - Filling up the DagBag from /opt/airflow/dags/exampledag.py
[2025-04-12T16:37:09.240+0000] {processor.py:839} INFO - DAG(s) dict_keys(['chethan_test_dag']) retrieved from /opt/airflow/dags/exampledag.py
[2025-04-12T16:37:09.298+0000] {logging_mixin.py:154} INFO - [2025-04-12T16:37:09.297+0000] {dag.py:2941} INFO - Sync 1 DAGs
[2025-04-12T16:37:09.351+0000] {logging_mixin.py:154} INFO - [2025-04-12T16:37:09.351+0000] {dag.py:3722} INFO - Setting next_dagrun for chethan_test_dag to 2025-04-11T00:00:00+00:00, run_after=2025-04-12T00:00:00+00:00
[2025-04-12T16:37:09.393+0000] {processor.py:179} INFO - Processing /opt/airflow/dags/exampledag.py took 0.222 seconds
[2025-04-12T16:37:47.397+0000] {processor.py:157} INFO - Started process (PID=3062) to work on /opt/airflow/dags/exampledag.py
[2025-04-12T16:37:47.401+0000] {processor.py:829} INFO - Processing file /opt/airflow/dags/exampledag.py for tasks to queue
[2025-04-12T16:37:47.403+0000] {logging_mixin.py:154} INFO - [2025-04-12T16:37:47.403+0000] {dagbag.py:536} INFO - Filling up the DagBag from /opt/airflow/dags/exampledag.py
[2025-04-12T16:37:47.638+0000] {processor.py:839} INFO - DAG(s) dict_keys(['chethan_test_dag']) retrieved from /opt/airflow/dags/exampledag.py
[2025-04-12T16:37:47.684+0000] {logging_mixin.py:154} INFO - [2025-04-12T16:37:47.684+0000] {dag.py:2941} INFO - Sync 1 DAGs
[2025-04-12T16:37:47.734+0000] {logging_mixin.py:154} INFO - [2025-04-12T16:37:47.734+0000] {dag.py:3722} INFO - Setting next_dagrun for chethan_test_dag to 2025-04-11T00:00:00+00:00, run_after=2025-04-12T00:00:00+00:00
[2025-04-12T16:37:47.802+0000] {processor.py:179} INFO - Processing /opt/airflow/dags/exampledag.py took 0.410 seconds
[2025-04-12T16:38:18.408+0000] {processor.py:157} INFO - Started process (PID=3069) to work on /opt/airflow/dags/exampledag.py
[2025-04-12T16:38:18.415+0000] {processor.py:829} INFO - Processing file /opt/airflow/dags/exampledag.py for tasks to queue
[2025-04-12T16:38:18.417+0000] {logging_mixin.py:154} INFO - [2025-04-12T16:38:18.417+0000] {dagbag.py:536} INFO - Filling up the DagBag from /opt/airflow/dags/exampledag.py
[2025-04-12T16:38:19.266+0000] {processor.py:839} INFO - DAG(s) dict_keys(['chethan_test_dag']) retrieved from /opt/airflow/dags/exampledag.py
[2025-04-12T16:38:19.318+0000] {logging_mixin.py:154} INFO - [2025-04-12T16:38:19.318+0000] {dag.py:2941} INFO - Sync 1 DAGs
[2025-04-12T16:38:19.413+0000] {logging_mixin.py:154} INFO - [2025-04-12T16:38:19.413+0000] {dag.py:3722} INFO - Setting next_dagrun for chethan_test_dag to 2025-04-11T00:00:00+00:00, run_after=2025-04-12T00:00:00+00:00
[2025-04-12T16:38:19.539+0000] {processor.py:179} INFO - Processing /opt/airflow/dags/exampledag.py took 1.136 seconds
[2025-04-12T16:38:50.386+0000] {processor.py:157} INFO - Started process (PID=3079) to work on /opt/airflow/dags/exampledag.py
[2025-04-12T16:38:50.389+0000] {processor.py:829} INFO - Processing file /opt/airflow/dags/exampledag.py for tasks to queue
[2025-04-12T16:38:50.396+0000] {logging_mixin.py:154} INFO - [2025-04-12T16:38:50.391+0000] {dagbag.py:536} INFO - Filling up the DagBag from /opt/airflow/dags/exampledag.py
[2025-04-12T16:38:50.462+0000] {processor.py:839} INFO - DAG(s) dict_keys(['chethan_test_dag']) retrieved from /opt/airflow/dags/exampledag.py
[2025-04-12T16:38:50.586+0000] {logging_mixin.py:154} INFO - [2025-04-12T16:38:50.585+0000] {dag.py:2941} INFO - Sync 1 DAGs
[2025-04-12T16:38:50.639+0000] {logging_mixin.py:154} INFO - [2025-04-12T16:38:50.638+0000] {dag.py:3722} INFO - Setting next_dagrun for chethan_test_dag to 2025-04-11T00:00:00+00:00, run_after=2025-04-12T00:00:00+00:00
[2025-04-12T16:38:50.690+0000] {processor.py:179} INFO - Processing /opt/airflow/dags/exampledag.py took 0.309 seconds
[2025-04-12T16:39:21.656+0000] {processor.py:157} INFO - Started process (PID=3088) to work on /opt/airflow/dags/exampledag.py
[2025-04-12T16:39:21.659+0000] {processor.py:829} INFO - Processing file /opt/airflow/dags/exampledag.py for tasks to queue
[2025-04-12T16:39:21.670+0000] {logging_mixin.py:154} INFO - [2025-04-12T16:39:21.669+0000] {dagbag.py:536} INFO - Filling up the DagBag from /opt/airflow/dags/exampledag.py
[2025-04-12T16:39:21.843+0000] {processor.py:839} INFO - DAG(s) dict_keys(['chethan_test_dag']) retrieved from /opt/airflow/dags/exampledag.py
[2025-04-12T16:39:21.909+0000] {logging_mixin.py:154} INFO - [2025-04-12T16:39:21.908+0000] {dag.py:2941} INFO - Sync 1 DAGs
[2025-04-12T16:39:21.984+0000] {logging_mixin.py:154} INFO - [2025-04-12T16:39:21.983+0000] {dag.py:3722} INFO - Setting next_dagrun for chethan_test_dag to 2025-04-11T00:00:00+00:00, run_after=2025-04-12T00:00:00+00:00
[2025-04-12T16:39:22.065+0000] {processor.py:179} INFO - Processing /opt/airflow/dags/exampledag.py took 0.424 seconds
[2025-04-12T16:39:52.369+0000] {processor.py:157} INFO - Started process (PID=3097) to work on /opt/airflow/dags/exampledag.py
[2025-04-12T16:39:52.371+0000] {processor.py:829} INFO - Processing file /opt/airflow/dags/exampledag.py for tasks to queue
[2025-04-12T16:39:52.375+0000] {logging_mixin.py:154} INFO - [2025-04-12T16:39:52.374+0000] {dagbag.py:536} INFO - Filling up the DagBag from /opt/airflow/dags/exampledag.py
[2025-04-12T16:39:52.429+0000] {processor.py:839} INFO - DAG(s) dict_keys(['chethan_test_dag']) retrieved from /opt/airflow/dags/exampledag.py
[2025-04-12T16:39:52.484+0000] {logging_mixin.py:154} INFO - [2025-04-12T16:39:52.483+0000] {dag.py:2941} INFO - Sync 1 DAGs
[2025-04-12T16:39:52.533+0000] {logging_mixin.py:154} INFO - [2025-04-12T16:39:52.532+0000] {dag.py:3722} INFO - Setting next_dagrun for chethan_test_dag to 2025-04-11T00:00:00+00:00, run_after=2025-04-12T00:00:00+00:00
[2025-04-12T16:39:52.581+0000] {processor.py:179} INFO - Processing /opt/airflow/dags/exampledag.py took 0.217 seconds
[2025-04-12T17:31:51.439+0000] {processor.py:157} INFO - Started process (PID=3118) to work on /opt/airflow/dags/exampledag.py
[2025-04-12T17:31:51.448+0000] {processor.py:829} INFO - Processing file /opt/airflow/dags/exampledag.py for tasks to queue
[2025-04-12T17:31:51.453+0000] {logging_mixin.py:154} INFO - [2025-04-12T17:31:51.452+0000] {dagbag.py:536} INFO - Filling up the DagBag from /opt/airflow/dags/exampledag.py
[2025-04-12T17:31:51.533+0000] {processor.py:839} INFO - DAG(s) dict_keys(['chethan_test_dag']) retrieved from /opt/airflow/dags/exampledag.py
[2025-04-12T17:31:51.590+0000] {logging_mixin.py:154} INFO - [2025-04-12T17:31:51.589+0000] {dag.py:2941} INFO - Sync 1 DAGs
[2025-04-12T17:31:51.664+0000] {logging_mixin.py:154} INFO - [2025-04-12T17:31:51.663+0000] {dag.py:3722} INFO - Setting next_dagrun for chethan_test_dag to 2025-04-11T00:00:00+00:00, run_after=2025-04-12T00:00:00+00:00
[2025-04-12T17:31:51.747+0000] {processor.py:179} INFO - Processing /opt/airflow/dags/exampledag.py took 0.316 seconds
[2025-04-12T17:32:23.891+0000] {processor.py:157} INFO - Started process (PID=3127) to work on /opt/airflow/dags/exampledag.py
[2025-04-12T17:32:23.899+0000] {processor.py:829} INFO - Processing file /opt/airflow/dags/exampledag.py for tasks to queue
[2025-04-12T17:32:23.920+0000] {logging_mixin.py:154} INFO - [2025-04-12T17:32:23.920+0000] {dagbag.py:536} INFO - Filling up the DagBag from /opt/airflow/dags/exampledag.py
[2025-04-12T17:32:24.737+0000] {processor.py:839} INFO - DAG(s) dict_keys(['chethan_test_dag']) retrieved from /opt/airflow/dags/exampledag.py
[2025-04-12T17:32:24.861+0000] {logging_mixin.py:154} INFO - [2025-04-12T17:32:24.860+0000] {dag.py:2941} INFO - Sync 1 DAGs
[2025-04-12T17:32:24.908+0000] {logging_mixin.py:154} INFO - [2025-04-12T17:32:24.908+0000] {dag.py:3722} INFO - Setting next_dagrun for chethan_test_dag to 2025-04-11T00:00:00+00:00, run_after=2025-04-12T00:00:00+00:00
[2025-04-12T17:32:25.164+0000] {processor.py:179} INFO - Processing /opt/airflow/dags/exampledag.py took 1.278 seconds
[2025-04-12T17:32:57.216+0000] {processor.py:157} INFO - Started process (PID=3136) to work on /opt/airflow/dags/exampledag.py
[2025-04-12T17:32:57.273+0000] {processor.py:829} INFO - Processing file /opt/airflow/dags/exampledag.py for tasks to queue
[2025-04-12T17:32:57.382+0000] {logging_mixin.py:154} INFO - [2025-04-12T17:32:57.381+0000] {dagbag.py:536} INFO - Filling up the DagBag from /opt/airflow/dags/exampledag.py
[2025-04-12T17:32:57.890+0000] {processor.py:839} INFO - DAG(s) dict_keys(['chethan_test_dag']) retrieved from /opt/airflow/dags/exampledag.py
[2025-04-12T17:32:58.006+0000] {logging_mixin.py:154} INFO - [2025-04-12T17:32:58.006+0000] {dag.py:2941} INFO - Sync 1 DAGs
[2025-04-12T17:32:58.204+0000] {logging_mixin.py:154} INFO - [2025-04-12T17:32:58.193+0000] {dag.py:3722} INFO - Setting next_dagrun for chethan_test_dag to 2025-04-11T00:00:00+00:00, run_after=2025-04-12T00:00:00+00:00
[2025-04-12T17:32:58.324+0000] {processor.py:179} INFO - Processing /opt/airflow/dags/exampledag.py took 1.114 seconds
[2025-04-12T17:33:28.511+0000] {processor.py:157} INFO - Started process (PID=3145) to work on /opt/airflow/dags/exampledag.py
[2025-04-12T17:33:28.518+0000] {processor.py:829} INFO - Processing file /opt/airflow/dags/exampledag.py for tasks to queue
[2025-04-12T17:33:28.521+0000] {logging_mixin.py:154} INFO - [2025-04-12T17:33:28.520+0000] {dagbag.py:536} INFO - Filling up the DagBag from /opt/airflow/dags/exampledag.py
[2025-04-12T17:33:28.642+0000] {processor.py:839} INFO - DAG(s) dict_keys(['chethan_test_dag']) retrieved from /opt/airflow/dags/exampledag.py
[2025-04-12T17:33:28.721+0000] {logging_mixin.py:154} INFO - [2025-04-12T17:33:28.720+0000] {dag.py:2941} INFO - Sync 1 DAGs
[2025-04-12T17:33:28.805+0000] {logging_mixin.py:154} INFO - [2025-04-12T17:33:28.805+0000] {dag.py:3722} INFO - Setting next_dagrun for chethan_test_dag to 2025-04-11T00:00:00+00:00, run_after=2025-04-12T00:00:00+00:00
[2025-04-12T17:33:28.910+0000] {processor.py:179} INFO - Processing /opt/airflow/dags/exampledag.py took 0.416 seconds
[2025-04-12T17:33:59.491+0000] {processor.py:157} INFO - Started process (PID=3154) to work on /opt/airflow/dags/exampledag.py
[2025-04-12T17:33:59.492+0000] {processor.py:829} INFO - Processing file /opt/airflow/dags/exampledag.py for tasks to queue
[2025-04-12T17:33:59.494+0000] {logging_mixin.py:154} INFO - [2025-04-12T17:33:59.493+0000] {dagbag.py:536} INFO - Filling up the DagBag from /opt/airflow/dags/exampledag.py
[2025-04-12T17:33:59.538+0000] {processor.py:839} INFO - DAG(s) dict_keys(['chethan_test_dag']) retrieved from /opt/airflow/dags/exampledag.py
[2025-04-12T17:33:59.602+0000] {logging_mixin.py:154} INFO - [2025-04-12T17:33:59.602+0000] {dag.py:2941} INFO - Sync 1 DAGs
[2025-04-12T17:33:59.638+0000] {logging_mixin.py:154} INFO - [2025-04-12T17:33:59.638+0000] {dag.py:3722} INFO - Setting next_dagrun for chethan_test_dag to 2025-04-11T00:00:00+00:00, run_after=2025-04-12T00:00:00+00:00
[2025-04-12T17:33:59.672+0000] {processor.py:179} INFO - Processing /opt/airflow/dags/exampledag.py took 0.186 seconds
[2025-04-12T17:34:29.950+0000] {processor.py:157} INFO - Started process (PID=3164) to work on /opt/airflow/dags/exampledag.py
[2025-04-12T17:34:29.962+0000] {processor.py:829} INFO - Processing file /opt/airflow/dags/exampledag.py for tasks to queue
[2025-04-12T17:34:29.975+0000] {logging_mixin.py:154} INFO - [2025-04-12T17:34:29.975+0000] {dagbag.py:536} INFO - Filling up the DagBag from /opt/airflow/dags/exampledag.py
[2025-04-12T17:34:30.107+0000] {processor.py:839} INFO - DAG(s) dict_keys(['chethan_test_dag']) retrieved from /opt/airflow/dags/exampledag.py
[2025-04-12T17:34:30.169+0000] {logging_mixin.py:154} INFO - [2025-04-12T17:34:30.169+0000] {dag.py:2941} INFO - Sync 1 DAGs
[2025-04-12T17:34:30.215+0000] {logging_mixin.py:154} INFO - [2025-04-12T17:34:30.215+0000] {dag.py:3722} INFO - Setting next_dagrun for chethan_test_dag to 2025-04-11T00:00:00+00:00, run_after=2025-04-12T00:00:00+00:00
[2025-04-12T17:34:30.243+0000] {processor.py:179} INFO - Processing /opt/airflow/dags/exampledag.py took 0.297 seconds
[2025-04-12T17:35:02.198+0000] {processor.py:157} INFO - Started process (PID=3174) to work on /opt/airflow/dags/exampledag.py
[2025-04-12T17:35:02.204+0000] {processor.py:829} INFO - Processing file /opt/airflow/dags/exampledag.py for tasks to queue
[2025-04-12T17:35:02.209+0000] {logging_mixin.py:154} INFO - [2025-04-12T17:35:02.208+0000] {dagbag.py:536} INFO - Filling up the DagBag from /opt/airflow/dags/exampledag.py
[2025-04-12T17:35:02.496+0000] {processor.py:839} INFO - DAG(s) dict_keys(['chethan_test_dag']) retrieved from /opt/airflow/dags/exampledag.py
[2025-04-12T17:35:02.551+0000] {logging_mixin.py:154} INFO - [2025-04-12T17:35:02.551+0000] {dag.py:2941} INFO - Sync 1 DAGs
[2025-04-12T17:35:02.598+0000] {logging_mixin.py:154} INFO - [2025-04-12T17:35:02.597+0000] {dag.py:3722} INFO - Setting next_dagrun for chethan_test_dag to 2025-04-11T00:00:00+00:00, run_after=2025-04-12T00:00:00+00:00
[2025-04-12T17:35:02.699+0000] {processor.py:179} INFO - Processing /opt/airflow/dags/exampledag.py took 0.507 seconds
[2025-04-12T17:35:34.525+0000] {processor.py:157} INFO - Started process (PID=3184) to work on /opt/airflow/dags/exampledag.py
[2025-04-12T17:35:34.527+0000] {processor.py:829} INFO - Processing file /opt/airflow/dags/exampledag.py for tasks to queue
[2025-04-12T17:35:34.530+0000] {logging_mixin.py:154} INFO - [2025-04-12T17:35:34.530+0000] {dagbag.py:536} INFO - Filling up the DagBag from /opt/airflow/dags/exampledag.py
[2025-04-12T17:35:34.558+0000] {processor.py:839} INFO - DAG(s) dict_keys(['chethan_test_dag']) retrieved from /opt/airflow/dags/exampledag.py
[2025-04-12T17:35:34.616+0000] {logging_mixin.py:154} INFO - [2025-04-12T17:35:34.615+0000] {dag.py:2941} INFO - Sync 1 DAGs
[2025-04-12T17:35:34.669+0000] {logging_mixin.py:154} INFO - [2025-04-12T17:35:34.669+0000] {dag.py:3722} INFO - Setting next_dagrun for chethan_test_dag to 2025-04-11T00:00:00+00:00, run_after=2025-04-12T00:00:00+00:00
[2025-04-12T17:35:34.768+0000] {processor.py:179} INFO - Processing /opt/airflow/dags/exampledag.py took 0.248 seconds
[2025-04-12T17:36:05.647+0000] {processor.py:157} INFO - Started process (PID=3193) to work on /opt/airflow/dags/exampledag.py
[2025-04-12T17:36:05.660+0000] {processor.py:829} INFO - Processing file /opt/airflow/dags/exampledag.py for tasks to queue
[2025-04-12T17:36:05.673+0000] {logging_mixin.py:154} INFO - [2025-04-12T17:36:05.673+0000] {dagbag.py:536} INFO - Filling up the DagBag from /opt/airflow/dags/exampledag.py
[2025-04-12T17:36:05.912+0000] {processor.py:839} INFO - DAG(s) dict_keys(['chethan_test_dag']) retrieved from /opt/airflow/dags/exampledag.py
[2025-04-12T17:36:05.956+0000] {logging_mixin.py:154} INFO - [2025-04-12T17:36:05.956+0000] {dag.py:2941} INFO - Sync 1 DAGs
[2025-04-12T17:36:06.008+0000] {logging_mixin.py:154} INFO - [2025-04-12T17:36:06.008+0000] {dag.py:3722} INFO - Setting next_dagrun for chethan_test_dag to 2025-04-11T00:00:00+00:00, run_after=2025-04-12T00:00:00+00:00
[2025-04-12T17:36:06.143+0000] {processor.py:179} INFO - Processing /opt/airflow/dags/exampledag.py took 0.501 seconds
[2025-04-12T17:36:36.443+0000] {processor.py:157} INFO - Started process (PID=3202) to work on /opt/airflow/dags/exampledag.py
[2025-04-12T17:36:36.446+0000] {processor.py:829} INFO - Processing file /opt/airflow/dags/exampledag.py for tasks to queue
[2025-04-12T17:36:36.448+0000] {logging_mixin.py:154} INFO - [2025-04-12T17:36:36.447+0000] {dagbag.py:536} INFO - Filling up the DagBag from /opt/airflow/dags/exampledag.py
[2025-04-12T17:36:36.657+0000] {processor.py:839} INFO - DAG(s) dict_keys(['chethan_test_dag']) retrieved from /opt/airflow/dags/exampledag.py
[2025-04-12T17:36:36.719+0000] {logging_mixin.py:154} INFO - [2025-04-12T17:36:36.719+0000] {dag.py:2941} INFO - Sync 1 DAGs
[2025-04-12T17:36:36.804+0000] {logging_mixin.py:154} INFO - [2025-04-12T17:36:36.804+0000] {dag.py:3722} INFO - Setting next_dagrun for chethan_test_dag to 2025-04-11T00:00:00+00:00, run_after=2025-04-12T00:00:00+00:00
[2025-04-12T17:36:36.909+0000] {processor.py:179} INFO - Processing /opt/airflow/dags/exampledag.py took 0.470 seconds
[2025-04-12T17:37:09.237+0000] {processor.py:157} INFO - Started process (PID=3211) to work on /opt/airflow/dags/exampledag.py
[2025-04-12T17:37:09.248+0000] {processor.py:829} INFO - Processing file /opt/airflow/dags/exampledag.py for tasks to queue
[2025-04-12T17:37:09.257+0000] {logging_mixin.py:154} INFO - [2025-04-12T17:37:09.256+0000] {dagbag.py:536} INFO - Filling up the DagBag from /opt/airflow/dags/exampledag.py
[2025-04-12T17:37:09.528+0000] {processor.py:839} INFO - DAG(s) dict_keys(['chethan_test_dag']) retrieved from /opt/airflow/dags/exampledag.py
[2025-04-12T17:37:09.568+0000] {logging_mixin.py:154} INFO - [2025-04-12T17:37:09.568+0000] {dag.py:2941} INFO - Sync 1 DAGs
[2025-04-12T17:37:09.611+0000] {logging_mixin.py:154} INFO - [2025-04-12T17:37:09.611+0000] {dag.py:3722} INFO - Setting next_dagrun for chethan_test_dag to 2025-04-11T00:00:00+00:00, run_after=2025-04-12T00:00:00+00:00
[2025-04-12T17:37:09.654+0000] {processor.py:179} INFO - Processing /opt/airflow/dags/exampledag.py took 0.424 seconds
[2025-04-12T17:37:41.159+0000] {processor.py:157} INFO - Started process (PID=3221) to work on /opt/airflow/dags/exampledag.py
[2025-04-12T17:37:41.161+0000] {processor.py:829} INFO - Processing file /opt/airflow/dags/exampledag.py for tasks to queue
[2025-04-12T17:37:41.162+0000] {logging_mixin.py:154} INFO - [2025-04-12T17:37:41.162+0000] {dagbag.py:536} INFO - Filling up the DagBag from /opt/airflow/dags/exampledag.py
[2025-04-12T17:37:41.358+0000] {processor.py:839} INFO - DAG(s) dict_keys(['chethan_test_dag']) retrieved from /opt/airflow/dags/exampledag.py
[2025-04-12T17:37:41.403+0000] {logging_mixin.py:154} INFO - [2025-04-12T17:37:41.402+0000] {dag.py:2941} INFO - Sync 1 DAGs
[2025-04-12T17:37:41.445+0000] {logging_mixin.py:154} INFO - [2025-04-12T17:37:41.444+0000] {dag.py:3722} INFO - Setting next_dagrun for chethan_test_dag to 2025-04-11T00:00:00+00:00, run_after=2025-04-12T00:00:00+00:00
[2025-04-12T17:37:41.515+0000] {processor.py:179} INFO - Processing /opt/airflow/dags/exampledag.py took 0.360 seconds
[2025-04-12T17:38:11.644+0000] {processor.py:157} INFO - Started process (PID=3230) to work on /opt/airflow/dags/exampledag.py
[2025-04-12T17:38:11.646+0000] {processor.py:829} INFO - Processing file /opt/airflow/dags/exampledag.py for tasks to queue
[2025-04-12T17:38:11.657+0000] {logging_mixin.py:154} INFO - [2025-04-12T17:38:11.647+0000] {dagbag.py:536} INFO - Filling up the DagBag from /opt/airflow/dags/exampledag.py
[2025-04-12T17:38:11.919+0000] {processor.py:839} INFO - DAG(s) dict_keys(['chethan_test_dag']) retrieved from /opt/airflow/dags/exampledag.py
[2025-04-12T17:38:11.985+0000] {logging_mixin.py:154} INFO - [2025-04-12T17:38:11.985+0000] {dag.py:2941} INFO - Sync 1 DAGs
[2025-04-12T17:38:12.026+0000] {logging_mixin.py:154} INFO - [2025-04-12T17:38:12.025+0000] {dag.py:3722} INFO - Setting next_dagrun for chethan_test_dag to 2025-04-11T00:00:00+00:00, run_after=2025-04-12T00:00:00+00:00
[2025-04-12T17:38:12.066+0000] {processor.py:179} INFO - Processing /opt/airflow/dags/exampledag.py took 0.431 seconds
[2025-04-12T17:38:42.977+0000] {processor.py:157} INFO - Started process (PID=3240) to work on /opt/airflow/dags/exampledag.py
[2025-04-12T17:38:42.978+0000] {processor.py:829} INFO - Processing file /opt/airflow/dags/exampledag.py for tasks to queue
[2025-04-12T17:38:42.980+0000] {logging_mixin.py:154} INFO - [2025-04-12T17:38:42.979+0000] {dagbag.py:536} INFO - Filling up the DagBag from /opt/airflow/dags/exampledag.py
[2025-04-12T17:38:43.045+0000] {processor.py:839} INFO - DAG(s) dict_keys(['chethan_test_dag']) retrieved from /opt/airflow/dags/exampledag.py
[2025-04-12T17:38:43.097+0000] {logging_mixin.py:154} INFO - [2025-04-12T17:38:43.096+0000] {dag.py:2941} INFO - Sync 1 DAGs
[2025-04-12T17:38:43.152+0000] {logging_mixin.py:154} INFO - [2025-04-12T17:38:43.151+0000] {dag.py:3722} INFO - Setting next_dagrun for chethan_test_dag to 2025-04-11T00:00:00+00:00, run_after=2025-04-12T00:00:00+00:00
[2025-04-12T17:38:43.210+0000] {processor.py:179} INFO - Processing /opt/airflow/dags/exampledag.py took 0.237 seconds
[2025-04-12T17:39:13.374+0000] {processor.py:157} INFO - Started process (PID=3250) to work on /opt/airflow/dags/exampledag.py
[2025-04-12T17:39:13.376+0000] {processor.py:829} INFO - Processing file /opt/airflow/dags/exampledag.py for tasks to queue
[2025-04-12T17:39:13.379+0000] {logging_mixin.py:154} INFO - [2025-04-12T17:39:13.378+0000] {dagbag.py:536} INFO - Filling up the DagBag from /opt/airflow/dags/exampledag.py
[2025-04-12T17:39:13.409+0000] {processor.py:839} INFO - DAG(s) dict_keys(['chethan_test_dag']) retrieved from /opt/airflow/dags/exampledag.py
[2025-04-12T17:39:13.441+0000] {logging_mixin.py:154} INFO - [2025-04-12T17:39:13.441+0000] {dag.py:2941} INFO - Sync 1 DAGs
[2025-04-12T17:39:13.472+0000] {logging_mixin.py:154} INFO - [2025-04-12T17:39:13.471+0000] {dag.py:3722} INFO - Setting next_dagrun for chethan_test_dag to 2025-04-11T00:00:00+00:00, run_after=2025-04-12T00:00:00+00:00
[2025-04-12T17:39:13.498+0000] {processor.py:179} INFO - Processing /opt/airflow/dags/exampledag.py took 0.129 seconds
[2025-04-12T17:39:44.251+0000] {processor.py:157} INFO - Started process (PID=3260) to work on /opt/airflow/dags/exampledag.py
[2025-04-12T17:39:44.252+0000] {processor.py:829} INFO - Processing file /opt/airflow/dags/exampledag.py for tasks to queue
[2025-04-12T17:39:44.253+0000] {logging_mixin.py:154} INFO - [2025-04-12T17:39:44.253+0000] {dagbag.py:536} INFO - Filling up the DagBag from /opt/airflow/dags/exampledag.py
[2025-04-12T17:39:44.280+0000] {processor.py:839} INFO - DAG(s) dict_keys(['chethan_test_dag']) retrieved from /opt/airflow/dags/exampledag.py
[2025-04-12T17:39:44.312+0000] {logging_mixin.py:154} INFO - [2025-04-12T17:39:44.312+0000] {dag.py:2941} INFO - Sync 1 DAGs
[2025-04-12T17:39:44.339+0000] {logging_mixin.py:154} INFO - [2025-04-12T17:39:44.339+0000] {dag.py:3722} INFO - Setting next_dagrun for chethan_test_dag to 2025-04-11T00:00:00+00:00, run_after=2025-04-12T00:00:00+00:00
[2025-04-12T17:39:44.363+0000] {processor.py:179} INFO - Processing /opt/airflow/dags/exampledag.py took 0.116 seconds
[2025-04-12T17:40:14.485+0000] {processor.py:157} INFO - Started process (PID=3270) to work on /opt/airflow/dags/exampledag.py
[2025-04-12T17:40:14.487+0000] {processor.py:829} INFO - Processing file /opt/airflow/dags/exampledag.py for tasks to queue
[2025-04-12T17:40:14.488+0000] {logging_mixin.py:154} INFO - [2025-04-12T17:40:14.488+0000] {dagbag.py:536} INFO - Filling up the DagBag from /opt/airflow/dags/exampledag.py
[2025-04-12T17:40:14.525+0000] {processor.py:839} INFO - DAG(s) dict_keys(['chethan_test_dag']) retrieved from /opt/airflow/dags/exampledag.py
[2025-04-12T17:40:14.561+0000] {logging_mixin.py:154} INFO - [2025-04-12T17:40:14.561+0000] {dag.py:2941} INFO - Sync 1 DAGs
[2025-04-12T17:40:14.590+0000] {logging_mixin.py:154} INFO - [2025-04-12T17:40:14.590+0000] {dag.py:3722} INFO - Setting next_dagrun for chethan_test_dag to 2025-04-11T00:00:00+00:00, run_after=2025-04-12T00:00:00+00:00
[2025-04-12T17:40:14.631+0000] {processor.py:179} INFO - Processing /opt/airflow/dags/exampledag.py took 0.150 seconds
[2025-04-12T17:40:44.969+0000] {processor.py:157} INFO - Started process (PID=3280) to work on /opt/airflow/dags/exampledag.py
[2025-04-12T17:40:44.972+0000] {processor.py:829} INFO - Processing file /opt/airflow/dags/exampledag.py for tasks to queue
[2025-04-12T17:40:44.974+0000] {logging_mixin.py:154} INFO - [2025-04-12T17:40:44.974+0000] {dagbag.py:536} INFO - Filling up the DagBag from /opt/airflow/dags/exampledag.py
[2025-04-12T17:40:45.066+0000] {processor.py:839} INFO - DAG(s) dict_keys(['chethan_test_dag']) retrieved from /opt/airflow/dags/exampledag.py
[2025-04-12T17:40:45.095+0000] {logging_mixin.py:154} INFO - [2025-04-12T17:40:45.095+0000] {dag.py:2941} INFO - Sync 1 DAGs
[2025-04-12T17:40:45.138+0000] {logging_mixin.py:154} INFO - [2025-04-12T17:40:45.138+0000] {dag.py:3722} INFO - Setting next_dagrun for chethan_test_dag to 2025-04-11T00:00:00+00:00, run_after=2025-04-12T00:00:00+00:00
[2025-04-12T17:40:45.164+0000] {processor.py:179} INFO - Processing /opt/airflow/dags/exampledag.py took 0.200 seconds
[2025-04-12T17:41:15.464+0000] {processor.py:157} INFO - Started process (PID=3290) to work on /opt/airflow/dags/exampledag.py
[2025-04-12T17:41:15.466+0000] {processor.py:829} INFO - Processing file /opt/airflow/dags/exampledag.py for tasks to queue
[2025-04-12T17:41:15.467+0000] {logging_mixin.py:154} INFO - [2025-04-12T17:41:15.467+0000] {dagbag.py:536} INFO - Filling up the DagBag from /opt/airflow/dags/exampledag.py
[2025-04-12T17:41:15.495+0000] {processor.py:839} INFO - DAG(s) dict_keys(['chethan_test_dag']) retrieved from /opt/airflow/dags/exampledag.py
[2025-04-12T17:41:15.529+0000] {logging_mixin.py:154} INFO - [2025-04-12T17:41:15.529+0000] {dag.py:2941} INFO - Sync 1 DAGs
[2025-04-12T17:41:15.556+0000] {logging_mixin.py:154} INFO - [2025-04-12T17:41:15.556+0000] {dag.py:3722} INFO - Setting next_dagrun for chethan_test_dag to 2025-04-11T00:00:00+00:00, run_after=2025-04-12T00:00:00+00:00
[2025-04-12T17:41:15.585+0000] {processor.py:179} INFO - Processing /opt/airflow/dags/exampledag.py took 0.126 seconds
[2025-04-12T17:41:46.178+0000] {processor.py:157} INFO - Started process (PID=3300) to work on /opt/airflow/dags/exampledag.py
[2025-04-12T17:41:46.188+0000] {processor.py:829} INFO - Processing file /opt/airflow/dags/exampledag.py for tasks to queue
[2025-04-12T17:41:46.196+0000] {logging_mixin.py:154} INFO - [2025-04-12T17:41:46.195+0000] {dagbag.py:536} INFO - Filling up the DagBag from /opt/airflow/dags/exampledag.py
[2025-04-12T17:41:46.304+0000] {processor.py:839} INFO - DAG(s) dict_keys(['chethan_test_dag']) retrieved from /opt/airflow/dags/exampledag.py
[2025-04-12T17:41:46.341+0000] {logging_mixin.py:154} INFO - [2025-04-12T17:41:46.341+0000] {dag.py:2941} INFO - Sync 1 DAGs
[2025-04-12T17:41:46.374+0000] {logging_mixin.py:154} INFO - [2025-04-12T17:41:46.374+0000] {dag.py:3722} INFO - Setting next_dagrun for chethan_test_dag to 2025-04-11T00:00:00+00:00, run_after=2025-04-12T00:00:00+00:00
[2025-04-12T17:41:46.412+0000] {processor.py:179} INFO - Processing /opt/airflow/dags/exampledag.py took 0.239 seconds
[2025-04-12T17:42:16.898+0000] {processor.py:157} INFO - Started process (PID=3310) to work on /opt/airflow/dags/exampledag.py
[2025-04-12T17:42:16.914+0000] {processor.py:829} INFO - Processing file /opt/airflow/dags/exampledag.py for tasks to queue
[2025-04-12T17:42:16.931+0000] {logging_mixin.py:154} INFO - [2025-04-12T17:42:16.931+0000] {dagbag.py:536} INFO - Filling up the DagBag from /opt/airflow/dags/exampledag.py
[2025-04-12T17:42:17.145+0000] {processor.py:839} INFO - DAG(s) dict_keys(['chethan_test_dag']) retrieved from /opt/airflow/dags/exampledag.py
[2025-04-12T17:42:17.193+0000] {logging_mixin.py:154} INFO - [2025-04-12T17:42:17.193+0000] {dag.py:2941} INFO - Sync 1 DAGs
[2025-04-12T17:42:17.228+0000] {logging_mixin.py:154} INFO - [2025-04-12T17:42:17.228+0000] {dag.py:3722} INFO - Setting next_dagrun for chethan_test_dag to 2025-04-11T00:00:00+00:00, run_after=2025-04-12T00:00:00+00:00
[2025-04-12T17:42:17.277+0000] {processor.py:179} INFO - Processing /opt/airflow/dags/exampledag.py took 0.383 seconds
[2025-04-12T17:42:47.422+0000] {processor.py:157} INFO - Started process (PID=3320) to work on /opt/airflow/dags/exampledag.py
[2025-04-12T17:42:47.423+0000] {processor.py:829} INFO - Processing file /opt/airflow/dags/exampledag.py for tasks to queue
[2025-04-12T17:42:47.424+0000] {logging_mixin.py:154} INFO - [2025-04-12T17:42:47.424+0000] {dagbag.py:536} INFO - Filling up the DagBag from /opt/airflow/dags/exampledag.py
[2025-04-12T17:42:47.457+0000] {processor.py:839} INFO - DAG(s) dict_keys(['chethan_test_dag']) retrieved from /opt/airflow/dags/exampledag.py
[2025-04-12T17:42:47.486+0000] {logging_mixin.py:154} INFO - [2025-04-12T17:42:47.486+0000] {dag.py:2941} INFO - Sync 1 DAGs
[2025-04-12T17:42:47.514+0000] {logging_mixin.py:154} INFO - [2025-04-12T17:42:47.513+0000] {dag.py:3722} INFO - Setting next_dagrun for chethan_test_dag to 2025-04-11T00:00:00+00:00, run_after=2025-04-12T00:00:00+00:00
[2025-04-12T17:42:47.553+0000] {processor.py:179} INFO - Processing /opt/airflow/dags/exampledag.py took 0.135 seconds
[2025-04-12T17:43:18.275+0000] {processor.py:157} INFO - Started process (PID=3330) to work on /opt/airflow/dags/exampledag.py
[2025-04-12T17:43:18.276+0000] {processor.py:829} INFO - Processing file /opt/airflow/dags/exampledag.py for tasks to queue
[2025-04-12T17:43:18.278+0000] {logging_mixin.py:154} INFO - [2025-04-12T17:43:18.278+0000] {dagbag.py:536} INFO - Filling up the DagBag from /opt/airflow/dags/exampledag.py
[2025-04-12T17:43:18.737+0000] {processor.py:839} INFO - DAG(s) dict_keys(['chethan_test_dag']) retrieved from /opt/airflow/dags/exampledag.py
[2025-04-12T17:43:18.866+0000] {logging_mixin.py:154} INFO - [2025-04-12T17:43:18.865+0000] {dag.py:2941} INFO - Sync 1 DAGs
[2025-04-12T17:43:18.921+0000] {logging_mixin.py:154} INFO - [2025-04-12T17:43:18.921+0000] {dag.py:3722} INFO - Setting next_dagrun for chethan_test_dag to 2025-04-11T00:00:00+00:00, run_after=2025-04-12T00:00:00+00:00
[2025-04-12T17:43:19.008+0000] {processor.py:179} INFO - Processing /opt/airflow/dags/exampledag.py took 0.739 seconds
[2025-04-12T17:43:49.644+0000] {processor.py:157} INFO - Started process (PID=3340) to work on /opt/airflow/dags/exampledag.py
[2025-04-12T17:43:49.646+0000] {processor.py:829} INFO - Processing file /opt/airflow/dags/exampledag.py for tasks to queue
[2025-04-12T17:43:49.648+0000] {logging_mixin.py:154} INFO - [2025-04-12T17:43:49.648+0000] {dagbag.py:536} INFO - Filling up the DagBag from /opt/airflow/dags/exampledag.py
[2025-04-12T17:43:49.775+0000] {processor.py:839} INFO - DAG(s) dict_keys(['chethan_test_dag']) retrieved from /opt/airflow/dags/exampledag.py
[2025-04-12T17:43:49.805+0000] {logging_mixin.py:154} INFO - [2025-04-12T17:43:49.805+0000] {dag.py:2941} INFO - Sync 1 DAGs
[2025-04-12T17:43:49.832+0000] {logging_mixin.py:154} INFO - [2025-04-12T17:43:49.832+0000] {dag.py:3722} INFO - Setting next_dagrun for chethan_test_dag to 2025-04-11T00:00:00+00:00, run_after=2025-04-12T00:00:00+00:00
[2025-04-12T17:43:49.873+0000] {processor.py:179} INFO - Processing /opt/airflow/dags/exampledag.py took 0.235 seconds
[2025-04-12T17:44:19.995+0000] {processor.py:157} INFO - Started process (PID=3350) to work on /opt/airflow/dags/exampledag.py
[2025-04-12T17:44:19.997+0000] {processor.py:829} INFO - Processing file /opt/airflow/dags/exampledag.py for tasks to queue
[2025-04-12T17:44:19.997+0000] {logging_mixin.py:154} INFO - [2025-04-12T17:44:19.997+0000] {dagbag.py:536} INFO - Filling up the DagBag from /opt/airflow/dags/exampledag.py
[2025-04-12T17:44:20.022+0000] {processor.py:839} INFO - DAG(s) dict_keys(['chethan_test_dag']) retrieved from /opt/airflow/dags/exampledag.py
[2025-04-12T17:44:20.058+0000] {logging_mixin.py:154} INFO - [2025-04-12T17:44:20.058+0000] {dag.py:2941} INFO - Sync 1 DAGs
[2025-04-12T17:44:20.087+0000] {logging_mixin.py:154} INFO - [2025-04-12T17:44:20.087+0000] {dag.py:3722} INFO - Setting next_dagrun for chethan_test_dag to 2025-04-11T00:00:00+00:00, run_after=2025-04-12T00:00:00+00:00
[2025-04-12T17:44:20.109+0000] {processor.py:179} INFO - Processing /opt/airflow/dags/exampledag.py took 0.117 seconds
[2025-04-12T17:44:51.192+0000] {processor.py:157} INFO - Started process (PID=3360) to work on /opt/airflow/dags/exampledag.py
[2025-04-12T17:44:51.282+0000] {processor.py:829} INFO - Processing file /opt/airflow/dags/exampledag.py for tasks to queue
[2025-04-12T17:44:51.286+0000] {logging_mixin.py:154} INFO - [2025-04-12T17:44:51.285+0000] {dagbag.py:536} INFO - Filling up the DagBag from /opt/airflow/dags/exampledag.py
[2025-04-12T17:44:51.459+0000] {processor.py:839} INFO - DAG(s) dict_keys(['chethan_test_dag']) retrieved from /opt/airflow/dags/exampledag.py
[2025-04-12T17:44:51.621+0000] {logging_mixin.py:154} INFO - [2025-04-12T17:44:51.620+0000] {dag.py:2941} INFO - Sync 1 DAGs
[2025-04-12T17:44:51.850+0000] {logging_mixin.py:154} INFO - [2025-04-12T17:44:51.850+0000] {dag.py:3722} INFO - Setting next_dagrun for chethan_test_dag to 2025-04-11T00:00:00+00:00, run_after=2025-04-12T00:00:00+00:00
[2025-04-12T17:44:51.980+0000] {processor.py:179} INFO - Processing /opt/airflow/dags/exampledag.py took 0.793 seconds
[2025-04-12T17:45:22.150+0000] {processor.py:157} INFO - Started process (PID=3370) to work on /opt/airflow/dags/exampledag.py
[2025-04-12T17:45:22.152+0000] {processor.py:829} INFO - Processing file /opt/airflow/dags/exampledag.py for tasks to queue
[2025-04-12T17:45:22.160+0000] {logging_mixin.py:154} INFO - [2025-04-12T17:45:22.160+0000] {dagbag.py:536} INFO - Filling up the DagBag from /opt/airflow/dags/exampledag.py
[2025-04-12T17:45:22.187+0000] {processor.py:839} INFO - DAG(s) dict_keys(['chethan_test_dag']) retrieved from /opt/airflow/dags/exampledag.py
[2025-04-12T17:45:22.215+0000] {logging_mixin.py:154} INFO - [2025-04-12T17:45:22.214+0000] {dag.py:2941} INFO - Sync 1 DAGs
[2025-04-12T17:45:22.247+0000] {logging_mixin.py:154} INFO - [2025-04-12T17:45:22.247+0000] {dag.py:3722} INFO - Setting next_dagrun for chethan_test_dag to 2025-04-11T00:00:00+00:00, run_after=2025-04-12T00:00:00+00:00
[2025-04-12T17:45:22.291+0000] {processor.py:179} INFO - Processing /opt/airflow/dags/exampledag.py took 0.147 seconds
[2025-04-12T17:45:52.830+0000] {processor.py:157} INFO - Started process (PID=3380) to work on /opt/airflow/dags/exampledag.py
[2025-04-12T17:45:52.832+0000] {processor.py:829} INFO - Processing file /opt/airflow/dags/exampledag.py for tasks to queue
[2025-04-12T17:45:52.833+0000] {logging_mixin.py:154} INFO - [2025-04-12T17:45:52.832+0000] {dagbag.py:536} INFO - Filling up the DagBag from /opt/airflow/dags/exampledag.py
[2025-04-12T17:45:52.865+0000] {processor.py:839} INFO - DAG(s) dict_keys(['chethan_test_dag']) retrieved from /opt/airflow/dags/exampledag.py
[2025-04-12T17:45:52.898+0000] {logging_mixin.py:154} INFO - [2025-04-12T17:45:52.897+0000] {dag.py:2941} INFO - Sync 1 DAGs
[2025-04-12T17:45:52.945+0000] {logging_mixin.py:154} INFO - [2025-04-12T17:45:52.945+0000] {dag.py:3722} INFO - Setting next_dagrun for chethan_test_dag to 2025-04-11T00:00:00+00:00, run_after=2025-04-12T00:00:00+00:00
[2025-04-12T17:45:52.975+0000] {processor.py:179} INFO - Processing /opt/airflow/dags/exampledag.py took 0.150 seconds
[2025-04-12T17:46:23.350+0000] {processor.py:157} INFO - Started process (PID=3390) to work on /opt/airflow/dags/exampledag.py
[2025-04-12T17:46:23.352+0000] {processor.py:829} INFO - Processing file /opt/airflow/dags/exampledag.py for tasks to queue
[2025-04-12T17:46:23.353+0000] {logging_mixin.py:154} INFO - [2025-04-12T17:46:23.353+0000] {dagbag.py:536} INFO - Filling up the DagBag from /opt/airflow/dags/exampledag.py
[2025-04-12T17:46:23.392+0000] {processor.py:839} INFO - DAG(s) dict_keys(['chethan_test_dag']) retrieved from /opt/airflow/dags/exampledag.py
[2025-04-12T17:46:23.424+0000] {logging_mixin.py:154} INFO - [2025-04-12T17:46:23.424+0000] {dag.py:2941} INFO - Sync 1 DAGs
[2025-04-12T17:46:23.449+0000] {logging_mixin.py:154} INFO - [2025-04-12T17:46:23.449+0000] {dag.py:3722} INFO - Setting next_dagrun for chethan_test_dag to 2025-04-11T00:00:00+00:00, run_after=2025-04-12T00:00:00+00:00
[2025-04-12T17:46:23.490+0000] {processor.py:179} INFO - Processing /opt/airflow/dags/exampledag.py took 0.144 seconds
[2025-04-12T17:46:54.590+0000] {processor.py:157} INFO - Started process (PID=3400) to work on /opt/airflow/dags/exampledag.py
[2025-04-12T17:46:54.592+0000] {processor.py:829} INFO - Processing file /opt/airflow/dags/exampledag.py for tasks to queue
[2025-04-12T17:46:54.594+0000] {logging_mixin.py:154} INFO - [2025-04-12T17:46:54.594+0000] {dagbag.py:536} INFO - Filling up the DagBag from /opt/airflow/dags/exampledag.py
[2025-04-12T17:46:54.635+0000] {processor.py:839} INFO - DAG(s) dict_keys(['chethan_test_dag']) retrieved from /opt/airflow/dags/exampledag.py
[2025-04-12T17:46:54.693+0000] {logging_mixin.py:154} INFO - [2025-04-12T17:46:54.693+0000] {dag.py:2941} INFO - Sync 1 DAGs
[2025-04-12T17:46:54.736+0000] {logging_mixin.py:154} INFO - [2025-04-12T17:46:54.736+0000] {dag.py:3722} INFO - Setting next_dagrun for chethan_test_dag to 2025-04-11T00:00:00+00:00, run_after=2025-04-12T00:00:00+00:00
[2025-04-12T17:46:54.784+0000] {processor.py:179} INFO - Processing /opt/airflow/dags/exampledag.py took 0.201 seconds
[2025-04-12T17:47:25.569+0000] {processor.py:157} INFO - Started process (PID=3410) to work on /opt/airflow/dags/exampledag.py
[2025-04-12T17:47:25.571+0000] {processor.py:829} INFO - Processing file /opt/airflow/dags/exampledag.py for tasks to queue
[2025-04-12T17:47:25.579+0000] {logging_mixin.py:154} INFO - [2025-04-12T17:47:25.578+0000] {dagbag.py:536} INFO - Filling up the DagBag from /opt/airflow/dags/exampledag.py
[2025-04-12T17:47:25.642+0000] {processor.py:839} INFO - DAG(s) dict_keys(['chethan_test_dag']) retrieved from /opt/airflow/dags/exampledag.py
[2025-04-12T17:47:25.668+0000] {logging_mixin.py:154} INFO - [2025-04-12T17:47:25.668+0000] {dag.py:2941} INFO - Sync 1 DAGs
[2025-04-12T17:47:25.695+0000] {logging_mixin.py:154} INFO - [2025-04-12T17:47:25.694+0000] {dag.py:3722} INFO - Setting next_dagrun for chethan_test_dag to 2025-04-11T00:00:00+00:00, run_after=2025-04-12T00:00:00+00:00
[2025-04-12T17:47:25.737+0000] {processor.py:179} INFO - Processing /opt/airflow/dags/exampledag.py took 0.174 seconds
[2025-04-12T17:47:56.067+0000] {processor.py:157} INFO - Started process (PID=3420) to work on /opt/airflow/dags/exampledag.py
[2025-04-12T17:47:56.069+0000] {processor.py:829} INFO - Processing file /opt/airflow/dags/exampledag.py for tasks to queue
[2025-04-12T17:47:56.071+0000] {logging_mixin.py:154} INFO - [2025-04-12T17:47:56.070+0000] {dagbag.py:536} INFO - Filling up the DagBag from /opt/airflow/dags/exampledag.py
[2025-04-12T17:47:56.117+0000] {processor.py:839} INFO - DAG(s) dict_keys(['chethan_test_dag']) retrieved from /opt/airflow/dags/exampledag.py
[2025-04-12T17:47:56.147+0000] {logging_mixin.py:154} INFO - [2025-04-12T17:47:56.147+0000] {dag.py:2941} INFO - Sync 1 DAGs
[2025-04-12T17:47:56.181+0000] {logging_mixin.py:154} INFO - [2025-04-12T17:47:56.181+0000] {dag.py:3722} INFO - Setting next_dagrun for chethan_test_dag to 2025-04-11T00:00:00+00:00, run_after=2025-04-12T00:00:00+00:00
[2025-04-12T17:47:56.210+0000] {processor.py:179} INFO - Processing /opt/airflow/dags/exampledag.py took 0.146 seconds
[2025-04-12T17:48:26.763+0000] {processor.py:157} INFO - Started process (PID=3430) to work on /opt/airflow/dags/exampledag.py
[2025-04-12T17:48:26.765+0000] {processor.py:829} INFO - Processing file /opt/airflow/dags/exampledag.py for tasks to queue
[2025-04-12T17:48:26.767+0000] {logging_mixin.py:154} INFO - [2025-04-12T17:48:26.766+0000] {dagbag.py:536} INFO - Filling up the DagBag from /opt/airflow/dags/exampledag.py
[2025-04-12T17:48:26.901+0000] {processor.py:839} INFO - DAG(s) dict_keys(['chethan_test_dag']) retrieved from /opt/airflow/dags/exampledag.py
[2025-04-12T17:48:26.941+0000] {logging_mixin.py:154} INFO - [2025-04-12T17:48:26.941+0000] {dag.py:2941} INFO - Sync 1 DAGs
[2025-04-12T17:48:26.971+0000] {logging_mixin.py:154} INFO - [2025-04-12T17:48:26.970+0000] {dag.py:3722} INFO - Setting next_dagrun for chethan_test_dag to 2025-04-11T00:00:00+00:00, run_after=2025-04-12T00:00:00+00:00
[2025-04-12T17:48:26.996+0000] {processor.py:179} INFO - Processing /opt/airflow/dags/exampledag.py took 0.239 seconds
[2025-04-12T17:48:57.662+0000] {processor.py:157} INFO - Started process (PID=3440) to work on /opt/airflow/dags/exampledag.py
[2025-04-12T17:48:57.663+0000] {processor.py:829} INFO - Processing file /opt/airflow/dags/exampledag.py for tasks to queue
[2025-04-12T17:48:57.665+0000] {logging_mixin.py:154} INFO - [2025-04-12T17:48:57.664+0000] {dagbag.py:536} INFO - Filling up the DagBag from /opt/airflow/dags/exampledag.py
[2025-04-12T17:48:57.690+0000] {processor.py:839} INFO - DAG(s) dict_keys(['chethan_test_dag']) retrieved from /opt/airflow/dags/exampledag.py
[2025-04-12T17:48:57.717+0000] {logging_mixin.py:154} INFO - [2025-04-12T17:48:57.717+0000] {dag.py:2941} INFO - Sync 1 DAGs
[2025-04-12T17:48:57.741+0000] {logging_mixin.py:154} INFO - [2025-04-12T17:48:57.740+0000] {dag.py:3722} INFO - Setting next_dagrun for chethan_test_dag to 2025-04-11T00:00:00+00:00, run_after=2025-04-12T00:00:00+00:00
[2025-04-12T17:48:57.766+0000] {processor.py:179} INFO - Processing /opt/airflow/dags/exampledag.py took 0.108 seconds
[2025-04-12T17:49:28.260+0000] {processor.py:157} INFO - Started process (PID=3450) to work on /opt/airflow/dags/exampledag.py
[2025-04-12T17:49:28.261+0000] {processor.py:829} INFO - Processing file /opt/airflow/dags/exampledag.py for tasks to queue
[2025-04-12T17:49:28.262+0000] {logging_mixin.py:154} INFO - [2025-04-12T17:49:28.262+0000] {dagbag.py:536} INFO - Filling up the DagBag from /opt/airflow/dags/exampledag.py
[2025-04-12T17:49:28.286+0000] {processor.py:839} INFO - DAG(s) dict_keys(['chethan_test_dag']) retrieved from /opt/airflow/dags/exampledag.py
[2025-04-12T17:49:28.341+0000] {logging_mixin.py:154} INFO - [2025-04-12T17:49:28.335+0000] {dag.py:2941} INFO - Sync 1 DAGs
[2025-04-12T17:49:28.381+0000] {logging_mixin.py:154} INFO - [2025-04-12T17:49:28.380+0000] {dag.py:3722} INFO - Setting next_dagrun for chethan_test_dag to 2025-04-11T00:00:00+00:00, run_after=2025-04-12T00:00:00+00:00
[2025-04-12T17:49:28.425+0000] {processor.py:179} INFO - Processing /opt/airflow/dags/exampledag.py took 0.169 seconds
[2025-04-12T17:50:00.493+0000] {processor.py:157} INFO - Started process (PID=3460) to work on /opt/airflow/dags/exampledag.py
[2025-04-12T17:50:00.495+0000] {processor.py:829} INFO - Processing file /opt/airflow/dags/exampledag.py for tasks to queue
[2025-04-12T17:50:00.496+0000] {logging_mixin.py:154} INFO - [2025-04-12T17:50:00.496+0000] {dagbag.py:536} INFO - Filling up the DagBag from /opt/airflow/dags/exampledag.py
[2025-04-12T17:50:00.610+0000] {processor.py:839} INFO - DAG(s) dict_keys(['chethan_test_dag']) retrieved from /opt/airflow/dags/exampledag.py
[2025-04-12T17:50:00.641+0000] {logging_mixin.py:154} INFO - [2025-04-12T17:50:00.641+0000] {dag.py:2941} INFO - Sync 1 DAGs
[2025-04-12T17:50:00.670+0000] {logging_mixin.py:154} INFO - [2025-04-12T17:50:00.669+0000] {dag.py:3722} INFO - Setting next_dagrun for chethan_test_dag to 2025-04-11T00:00:00+00:00, run_after=2025-04-12T00:00:00+00:00
[2025-04-12T17:50:00.702+0000] {processor.py:179} INFO - Processing /opt/airflow/dags/exampledag.py took 0.217 seconds
[2025-04-12T17:50:31.366+0000] {processor.py:157} INFO - Started process (PID=3470) to work on /opt/airflow/dags/exampledag.py
[2025-04-12T17:50:31.367+0000] {processor.py:829} INFO - Processing file /opt/airflow/dags/exampledag.py for tasks to queue
[2025-04-12T17:50:31.369+0000] {logging_mixin.py:154} INFO - [2025-04-12T17:50:31.368+0000] {dagbag.py:536} INFO - Filling up the DagBag from /opt/airflow/dags/exampledag.py
[2025-04-12T17:50:31.417+0000] {processor.py:839} INFO - DAG(s) dict_keys(['chethan_test_dag']) retrieved from /opt/airflow/dags/exampledag.py
[2025-04-12T17:50:31.445+0000] {logging_mixin.py:154} INFO - [2025-04-12T17:50:31.444+0000] {dag.py:2941} INFO - Sync 1 DAGs
[2025-04-12T17:50:31.495+0000] {logging_mixin.py:154} INFO - [2025-04-12T17:50:31.495+0000] {dag.py:3722} INFO - Setting next_dagrun for chethan_test_dag to 2025-04-11T00:00:00+00:00, run_after=2025-04-12T00:00:00+00:00
[2025-04-12T17:50:31.517+0000] {processor.py:179} INFO - Processing /opt/airflow/dags/exampledag.py took 0.155 seconds
[2025-04-12T17:51:02.613+0000] {processor.py:157} INFO - Started process (PID=3480) to work on /opt/airflow/dags/exampledag.py
[2025-04-12T17:51:02.614+0000] {processor.py:829} INFO - Processing file /opt/airflow/dags/exampledag.py for tasks to queue
[2025-04-12T17:51:02.616+0000] {logging_mixin.py:154} INFO - [2025-04-12T17:51:02.615+0000] {dagbag.py:536} INFO - Filling up the DagBag from /opt/airflow/dags/exampledag.py
[2025-04-12T17:51:02.651+0000] {processor.py:839} INFO - DAG(s) dict_keys(['chethan_test_dag']) retrieved from /opt/airflow/dags/exampledag.py
[2025-04-12T17:51:02.694+0000] {logging_mixin.py:154} INFO - [2025-04-12T17:51:02.694+0000] {dag.py:2941} INFO - Sync 1 DAGs
[2025-04-12T17:51:02.763+0000] {logging_mixin.py:154} INFO - [2025-04-12T17:51:02.761+0000] {dag.py:3722} INFO - Setting next_dagrun for chethan_test_dag to 2025-04-11T00:00:00+00:00, run_after=2025-04-12T00:00:00+00:00
[2025-04-12T17:51:02.837+0000] {processor.py:179} INFO - Processing /opt/airflow/dags/exampledag.py took 0.230 seconds
[2025-04-12T17:51:33.578+0000] {processor.py:157} INFO - Started process (PID=3490) to work on /opt/airflow/dags/exampledag.py
[2025-04-12T17:51:33.579+0000] {processor.py:829} INFO - Processing file /opt/airflow/dags/exampledag.py for tasks to queue
[2025-04-12T17:51:33.580+0000] {logging_mixin.py:154} INFO - [2025-04-12T17:51:33.580+0000] {dagbag.py:536} INFO - Filling up the DagBag from /opt/airflow/dags/exampledag.py
[2025-04-12T17:51:33.613+0000] {processor.py:839} INFO - DAG(s) dict_keys(['chethan_test_dag']) retrieved from /opt/airflow/dags/exampledag.py
[2025-04-12T17:51:33.657+0000] {logging_mixin.py:154} INFO - [2025-04-12T17:51:33.656+0000] {dag.py:2941} INFO - Sync 1 DAGs
[2025-04-12T17:51:33.708+0000] {logging_mixin.py:154} INFO - [2025-04-12T17:51:33.708+0000] {dag.py:3722} INFO - Setting next_dagrun for chethan_test_dag to 2025-04-11T00:00:00+00:00, run_after=2025-04-12T00:00:00+00:00
[2025-04-12T17:51:33.729+0000] {processor.py:179} INFO - Processing /opt/airflow/dags/exampledag.py took 0.155 seconds
[2025-04-12T17:52:04.441+0000] {processor.py:157} INFO - Started process (PID=3500) to work on /opt/airflow/dags/exampledag.py
[2025-04-12T17:52:04.443+0000] {processor.py:829} INFO - Processing file /opt/airflow/dags/exampledag.py for tasks to queue
[2025-04-12T17:52:04.444+0000] {logging_mixin.py:154} INFO - [2025-04-12T17:52:04.444+0000] {dagbag.py:536} INFO - Filling up the DagBag from /opt/airflow/dags/exampledag.py
[2025-04-12T17:52:04.494+0000] {processor.py:839} INFO - DAG(s) dict_keys(['chethan_test_dag']) retrieved from /opt/airflow/dags/exampledag.py
[2025-04-12T17:52:04.650+0000] {logging_mixin.py:154} INFO - [2025-04-12T17:52:04.649+0000] {dag.py:2941} INFO - Sync 1 DAGs
[2025-04-12T17:52:04.676+0000] {logging_mixin.py:154} INFO - [2025-04-12T17:52:04.676+0000] {dag.py:3722} INFO - Setting next_dagrun for chethan_test_dag to 2025-04-11T00:00:00+00:00, run_after=2025-04-12T00:00:00+00:00
[2025-04-12T17:52:04.721+0000] {processor.py:179} INFO - Processing /opt/airflow/dags/exampledag.py took 0.283 seconds
[2025-04-12T17:52:34.937+0000] {processor.py:157} INFO - Started process (PID=3510) to work on /opt/airflow/dags/exampledag.py
[2025-04-12T17:52:34.938+0000] {processor.py:829} INFO - Processing file /opt/airflow/dags/exampledag.py for tasks to queue
[2025-04-12T17:52:34.940+0000] {logging_mixin.py:154} INFO - [2025-04-12T17:52:34.940+0000] {dagbag.py:536} INFO - Filling up the DagBag from /opt/airflow/dags/exampledag.py
[2025-04-12T17:52:34.978+0000] {processor.py:839} INFO - DAG(s) dict_keys(['chethan_test_dag']) retrieved from /opt/airflow/dags/exampledag.py
[2025-04-12T17:52:35.011+0000] {logging_mixin.py:154} INFO - [2025-04-12T17:52:35.011+0000] {dag.py:2941} INFO - Sync 1 DAGs
[2025-04-12T17:52:35.036+0000] {logging_mixin.py:154} INFO - [2025-04-12T17:52:35.036+0000] {dag.py:3722} INFO - Setting next_dagrun for chethan_test_dag to 2025-04-11T00:00:00+00:00, run_after=2025-04-12T00:00:00+00:00
[2025-04-12T17:52:35.061+0000] {processor.py:179} INFO - Processing /opt/airflow/dags/exampledag.py took 0.128 seconds
[2025-04-12T17:53:05.254+0000] {processor.py:157} INFO - Started process (PID=3520) to work on /opt/airflow/dags/exampledag.py
[2025-04-12T17:53:05.256+0000] {processor.py:829} INFO - Processing file /opt/airflow/dags/exampledag.py for tasks to queue
[2025-04-12T17:53:05.258+0000] {logging_mixin.py:154} INFO - [2025-04-12T17:53:05.258+0000] {dagbag.py:536} INFO - Filling up the DagBag from /opt/airflow/dags/exampledag.py
[2025-04-12T17:53:05.300+0000] {processor.py:839} INFO - DAG(s) dict_keys(['chethan_test_dag']) retrieved from /opt/airflow/dags/exampledag.py
[2025-04-12T17:53:05.336+0000] {logging_mixin.py:154} INFO - [2025-04-12T17:53:05.335+0000] {dag.py:2941} INFO - Sync 1 DAGs
[2025-04-12T17:53:05.367+0000] {logging_mixin.py:154} INFO - [2025-04-12T17:53:05.367+0000] {dag.py:3722} INFO - Setting next_dagrun for chethan_test_dag to 2025-04-11T00:00:00+00:00, run_after=2025-04-12T00:00:00+00:00
[2025-04-12T17:53:05.397+0000] {processor.py:179} INFO - Processing /opt/airflow/dags/exampledag.py took 0.148 seconds
[2025-04-12T17:53:35.856+0000] {processor.py:157} INFO - Started process (PID=3530) to work on /opt/airflow/dags/exampledag.py
[2025-04-12T17:53:35.858+0000] {processor.py:829} INFO - Processing file /opt/airflow/dags/exampledag.py for tasks to queue
[2025-04-12T17:53:35.860+0000] {logging_mixin.py:154} INFO - [2025-04-12T17:53:35.860+0000] {dagbag.py:536} INFO - Filling up the DagBag from /opt/airflow/dags/exampledag.py
[2025-04-12T17:53:35.918+0000] {processor.py:839} INFO - DAG(s) dict_keys(['chethan_test_dag']) retrieved from /opt/airflow/dags/exampledag.py
[2025-04-12T17:53:35.969+0000] {logging_mixin.py:154} INFO - [2025-04-12T17:53:35.968+0000] {dag.py:2941} INFO - Sync 1 DAGs
[2025-04-12T17:53:36.003+0000] {logging_mixin.py:154} INFO - [2025-04-12T17:53:36.002+0000] {dag.py:3722} INFO - Setting next_dagrun for chethan_test_dag to 2025-04-11T00:00:00+00:00, run_after=2025-04-12T00:00:00+00:00
[2025-04-12T17:53:36.044+0000] {processor.py:179} INFO - Processing /opt/airflow/dags/exampledag.py took 0.192 seconds
[2025-04-12T17:54:06.224+0000] {processor.py:157} INFO - Started process (PID=3540) to work on /opt/airflow/dags/exampledag.py
[2025-04-12T17:54:06.226+0000] {processor.py:829} INFO - Processing file /opt/airflow/dags/exampledag.py for tasks to queue
[2025-04-12T17:54:06.228+0000] {logging_mixin.py:154} INFO - [2025-04-12T17:54:06.228+0000] {dagbag.py:536} INFO - Filling up the DagBag from /opt/airflow/dags/exampledag.py
[2025-04-12T17:54:06.259+0000] {processor.py:839} INFO - DAG(s) dict_keys(['chethan_test_dag']) retrieved from /opt/airflow/dags/exampledag.py
[2025-04-12T17:54:06.292+0000] {logging_mixin.py:154} INFO - [2025-04-12T17:54:06.292+0000] {dag.py:2941} INFO - Sync 1 DAGs
[2025-04-12T17:54:06.329+0000] {logging_mixin.py:154} INFO - [2025-04-12T17:54:06.329+0000] {dag.py:3722} INFO - Setting next_dagrun for chethan_test_dag to 2025-04-11T00:00:00+00:00, run_after=2025-04-12T00:00:00+00:00
[2025-04-12T17:54:06.386+0000] {processor.py:179} INFO - Processing /opt/airflow/dags/exampledag.py took 0.166 seconds
[2025-04-12T17:54:36.467+0000] {processor.py:157} INFO - Started process (PID=3550) to work on /opt/airflow/dags/exampledag.py
[2025-04-12T17:54:36.468+0000] {processor.py:829} INFO - Processing file /opt/airflow/dags/exampledag.py for tasks to queue
[2025-04-12T17:54:36.469+0000] {logging_mixin.py:154} INFO - [2025-04-12T17:54:36.469+0000] {dagbag.py:536} INFO - Filling up the DagBag from /opt/airflow/dags/exampledag.py
[2025-04-12T17:54:36.499+0000] {processor.py:839} INFO - DAG(s) dict_keys(['chethan_test_dag']) retrieved from /opt/airflow/dags/exampledag.py
[2025-04-12T17:54:36.529+0000] {logging_mixin.py:154} INFO - [2025-04-12T17:54:36.528+0000] {dag.py:2941} INFO - Sync 1 DAGs
[2025-04-12T17:54:36.554+0000] {logging_mixin.py:154} INFO - [2025-04-12T17:54:36.554+0000] {dag.py:3722} INFO - Setting next_dagrun for chethan_test_dag to 2025-04-11T00:00:00+00:00, run_after=2025-04-12T00:00:00+00:00
[2025-04-12T17:54:36.574+0000] {processor.py:179} INFO - Processing /opt/airflow/dags/exampledag.py took 0.111 seconds
[2025-04-12T17:55:07.255+0000] {processor.py:157} INFO - Started process (PID=3560) to work on /opt/airflow/dags/exampledag.py
[2025-04-12T17:55:07.256+0000] {processor.py:829} INFO - Processing file /opt/airflow/dags/exampledag.py for tasks to queue
[2025-04-12T17:55:07.258+0000] {logging_mixin.py:154} INFO - [2025-04-12T17:55:07.258+0000] {dagbag.py:536} INFO - Filling up the DagBag from /opt/airflow/dags/exampledag.py
[2025-04-12T17:55:07.280+0000] {processor.py:839} INFO - DAG(s) dict_keys(['chethan_test_dag']) retrieved from /opt/airflow/dags/exampledag.py
[2025-04-12T17:55:07.308+0000] {logging_mixin.py:154} INFO - [2025-04-12T17:55:07.308+0000] {dag.py:2941} INFO - Sync 1 DAGs
[2025-04-12T17:55:07.355+0000] {logging_mixin.py:154} INFO - [2025-04-12T17:55:07.355+0000] {dag.py:3722} INFO - Setting next_dagrun for chethan_test_dag to 2025-04-11T00:00:00+00:00, run_after=2025-04-12T00:00:00+00:00
[2025-04-12T17:55:07.394+0000] {processor.py:179} INFO - Processing /opt/airflow/dags/exampledag.py took 0.143 seconds
[2025-04-12T17:55:37.860+0000] {processor.py:157} INFO - Started process (PID=3570) to work on /opt/airflow/dags/exampledag.py
[2025-04-12T17:55:37.866+0000] {processor.py:829} INFO - Processing file /opt/airflow/dags/exampledag.py for tasks to queue
[2025-04-12T17:55:37.878+0000] {logging_mixin.py:154} INFO - [2025-04-12T17:55:37.877+0000] {dagbag.py:536} INFO - Filling up the DagBag from /opt/airflow/dags/exampledag.py
[2025-04-12T17:55:37.919+0000] {processor.py:839} INFO - DAG(s) dict_keys(['chethan_test_dag']) retrieved from /opt/airflow/dags/exampledag.py
[2025-04-12T17:55:37.945+0000] {logging_mixin.py:154} INFO - [2025-04-12T17:55:37.945+0000] {dag.py:2941} INFO - Sync 1 DAGs
[2025-04-12T17:55:37.966+0000] {logging_mixin.py:154} INFO - [2025-04-12T17:55:37.966+0000] {dag.py:3722} INFO - Setting next_dagrun for chethan_test_dag to 2025-04-11T00:00:00+00:00, run_after=2025-04-12T00:00:00+00:00
[2025-04-12T17:55:37.988+0000] {processor.py:179} INFO - Processing /opt/airflow/dags/exampledag.py took 0.133 seconds
[2025-04-12T17:56:08.106+0000] {processor.py:157} INFO - Started process (PID=3580) to work on /opt/airflow/dags/exampledag.py
[2025-04-12T17:56:08.107+0000] {processor.py:829} INFO - Processing file /opt/airflow/dags/exampledag.py for tasks to queue
[2025-04-12T17:56:08.109+0000] {logging_mixin.py:154} INFO - [2025-04-12T17:56:08.108+0000] {dagbag.py:536} INFO - Filling up the DagBag from /opt/airflow/dags/exampledag.py
[2025-04-12T17:56:08.131+0000] {processor.py:839} INFO - DAG(s) dict_keys(['chethan_test_dag']) retrieved from /opt/airflow/dags/exampledag.py
[2025-04-12T17:56:08.152+0000] {logging_mixin.py:154} INFO - [2025-04-12T17:56:08.151+0000] {dag.py:2941} INFO - Sync 1 DAGs
[2025-04-12T17:56:08.182+0000] {logging_mixin.py:154} INFO - [2025-04-12T17:56:08.182+0000] {dag.py:3722} INFO - Setting next_dagrun for chethan_test_dag to 2025-04-11T00:00:00+00:00, run_after=2025-04-12T00:00:00+00:00
[2025-04-12T17:56:08.201+0000] {processor.py:179} INFO - Processing /opt/airflow/dags/exampledag.py took 0.099 seconds
[2025-04-12T17:56:39.118+0000] {processor.py:157} INFO - Started process (PID=3590) to work on /opt/airflow/dags/exampledag.py
[2025-04-12T17:56:39.120+0000] {processor.py:829} INFO - Processing file /opt/airflow/dags/exampledag.py for tasks to queue
[2025-04-12T17:56:39.122+0000] {logging_mixin.py:154} INFO - [2025-04-12T17:56:39.122+0000] {dagbag.py:536} INFO - Filling up the DagBag from /opt/airflow/dags/exampledag.py
[2025-04-12T17:56:39.164+0000] {processor.py:839} INFO - DAG(s) dict_keys(['chethan_test_dag']) retrieved from /opt/airflow/dags/exampledag.py
[2025-04-12T17:56:39.206+0000] {logging_mixin.py:154} INFO - [2025-04-12T17:56:39.206+0000] {dag.py:2941} INFO - Sync 1 DAGs
[2025-04-12T17:56:39.243+0000] {logging_mixin.py:154} INFO - [2025-04-12T17:56:39.242+0000] {dag.py:3722} INFO - Setting next_dagrun for chethan_test_dag to 2025-04-11T00:00:00+00:00, run_after=2025-04-12T00:00:00+00:00
[2025-04-12T17:56:39.292+0000] {processor.py:179} INFO - Processing /opt/airflow/dags/exampledag.py took 0.179 seconds
[2025-04-12T17:57:09.535+0000] {processor.py:157} INFO - Started process (PID=3600) to work on /opt/airflow/dags/exampledag.py
[2025-04-12T17:57:09.538+0000] {processor.py:829} INFO - Processing file /opt/airflow/dags/exampledag.py for tasks to queue
[2025-04-12T17:57:09.540+0000] {logging_mixin.py:154} INFO - [2025-04-12T17:57:09.539+0000] {dagbag.py:536} INFO - Filling up the DagBag from /opt/airflow/dags/exampledag.py
[2025-04-12T17:57:09.595+0000] {processor.py:839} INFO - DAG(s) dict_keys(['chethan_test_dag']) retrieved from /opt/airflow/dags/exampledag.py
[2025-04-12T17:57:09.631+0000] {logging_mixin.py:154} INFO - [2025-04-12T17:57:09.631+0000] {dag.py:2941} INFO - Sync 1 DAGs
[2025-04-12T17:57:09.665+0000] {logging_mixin.py:154} INFO - [2025-04-12T17:57:09.665+0000] {dag.py:3722} INFO - Setting next_dagrun for chethan_test_dag to 2025-04-11T00:00:00+00:00, run_after=2025-04-12T00:00:00+00:00
[2025-04-12T17:57:09.765+0000] {processor.py:179} INFO - Processing /opt/airflow/dags/exampledag.py took 0.235 seconds
[2025-04-12T17:57:40.869+0000] {processor.py:157} INFO - Started process (PID=3610) to work on /opt/airflow/dags/exampledag.py
[2025-04-12T17:57:40.872+0000] {processor.py:829} INFO - Processing file /opt/airflow/dags/exampledag.py for tasks to queue
[2025-04-12T17:57:40.882+0000] {logging_mixin.py:154} INFO - [2025-04-12T17:57:40.882+0000] {dagbag.py:536} INFO - Filling up the DagBag from /opt/airflow/dags/exampledag.py
[2025-04-12T17:57:40.930+0000] {processor.py:839} INFO - DAG(s) dict_keys(['chethan_test_dag']) retrieved from /opt/airflow/dags/exampledag.py
[2025-04-12T17:57:40.962+0000] {logging_mixin.py:154} INFO - [2025-04-12T17:57:40.961+0000] {dag.py:2941} INFO - Sync 1 DAGs
[2025-04-12T17:57:40.988+0000] {logging_mixin.py:154} INFO - [2025-04-12T17:57:40.987+0000] {dag.py:3722} INFO - Setting next_dagrun for chethan_test_dag to 2025-04-11T00:00:00+00:00, run_after=2025-04-12T00:00:00+00:00
[2025-04-12T17:57:41.017+0000] {processor.py:179} INFO - Processing /opt/airflow/dags/exampledag.py took 0.152 seconds
[2025-04-12T17:58:11.382+0000] {processor.py:157} INFO - Started process (PID=3620) to work on /opt/airflow/dags/exampledag.py
[2025-04-12T17:58:11.383+0000] {processor.py:829} INFO - Processing file /opt/airflow/dags/exampledag.py for tasks to queue
[2025-04-12T17:58:11.384+0000] {logging_mixin.py:154} INFO - [2025-04-12T17:58:11.384+0000] {dagbag.py:536} INFO - Filling up the DagBag from /opt/airflow/dags/exampledag.py
[2025-04-12T17:58:11.421+0000] {processor.py:839} INFO - DAG(s) dict_keys(['chethan_test_dag']) retrieved from /opt/airflow/dags/exampledag.py
[2025-04-12T17:58:11.458+0000] {logging_mixin.py:154} INFO - [2025-04-12T17:58:11.458+0000] {dag.py:2941} INFO - Sync 1 DAGs
[2025-04-12T17:58:11.490+0000] {logging_mixin.py:154} INFO - [2025-04-12T17:58:11.490+0000] {dag.py:3722} INFO - Setting next_dagrun for chethan_test_dag to 2025-04-11T00:00:00+00:00, run_after=2025-04-12T00:00:00+00:00
[2025-04-12T17:58:11.533+0000] {processor.py:179} INFO - Processing /opt/airflow/dags/exampledag.py took 0.155 seconds
[2025-04-12T17:58:43.192+0000] {processor.py:157} INFO - Started process (PID=3630) to work on /opt/airflow/dags/exampledag.py
[2025-04-12T17:58:43.194+0000] {processor.py:829} INFO - Processing file /opt/airflow/dags/exampledag.py for tasks to queue
[2025-04-12T17:58:43.195+0000] {logging_mixin.py:154} INFO - [2025-04-12T17:58:43.195+0000] {dagbag.py:536} INFO - Filling up the DagBag from /opt/airflow/dags/exampledag.py
[2025-04-12T17:58:43.224+0000] {processor.py:839} INFO - DAG(s) dict_keys(['chethan_test_dag']) retrieved from /opt/airflow/dags/exampledag.py
[2025-04-12T17:58:43.252+0000] {logging_mixin.py:154} INFO - [2025-04-12T17:58:43.252+0000] {dag.py:2941} INFO - Sync 1 DAGs
[2025-04-12T17:58:43.282+0000] {logging_mixin.py:154} INFO - [2025-04-12T17:58:43.281+0000] {dag.py:3722} INFO - Setting next_dagrun for chethan_test_dag to 2025-04-11T00:00:00+00:00, run_after=2025-04-12T00:00:00+00:00
[2025-04-12T17:58:43.312+0000] {processor.py:179} INFO - Processing /opt/airflow/dags/exampledag.py took 0.123 seconds
[2025-04-12T17:59:14.258+0000] {processor.py:157} INFO - Started process (PID=3640) to work on /opt/airflow/dags/exampledag.py
[2025-04-12T17:59:14.260+0000] {processor.py:829} INFO - Processing file /opt/airflow/dags/exampledag.py for tasks to queue
[2025-04-12T17:59:14.261+0000] {logging_mixin.py:154} INFO - [2025-04-12T17:59:14.261+0000] {dagbag.py:536} INFO - Filling up the DagBag from /opt/airflow/dags/exampledag.py
[2025-04-12T17:59:14.293+0000] {processor.py:839} INFO - DAG(s) dict_keys(['chethan_test_dag']) retrieved from /opt/airflow/dags/exampledag.py
[2025-04-12T17:59:14.325+0000] {logging_mixin.py:154} INFO - [2025-04-12T17:59:14.324+0000] {dag.py:2941} INFO - Sync 1 DAGs
[2025-04-12T17:59:14.350+0000] {logging_mixin.py:154} INFO - [2025-04-12T17:59:14.350+0000] {dag.py:3722} INFO - Setting next_dagrun for chethan_test_dag to 2025-04-11T00:00:00+00:00, run_after=2025-04-12T00:00:00+00:00
[2025-04-12T17:59:14.382+0000] {processor.py:179} INFO - Processing /opt/airflow/dags/exampledag.py took 0.129 seconds
[2025-04-12T17:59:45.151+0000] {processor.py:157} INFO - Started process (PID=3650) to work on /opt/airflow/dags/exampledag.py
[2025-04-12T17:59:45.153+0000] {processor.py:829} INFO - Processing file /opt/airflow/dags/exampledag.py for tasks to queue
[2025-04-12T17:59:45.154+0000] {logging_mixin.py:154} INFO - [2025-04-12T17:59:45.154+0000] {dagbag.py:536} INFO - Filling up the DagBag from /opt/airflow/dags/exampledag.py
[2025-04-12T17:59:45.180+0000] {processor.py:839} INFO - DAG(s) dict_keys(['chethan_test_dag']) retrieved from /opt/airflow/dags/exampledag.py
[2025-04-12T17:59:45.208+0000] {logging_mixin.py:154} INFO - [2025-04-12T17:59:45.208+0000] {dag.py:2941} INFO - Sync 1 DAGs
[2025-04-12T17:59:45.237+0000] {logging_mixin.py:154} INFO - [2025-04-12T17:59:45.236+0000] {dag.py:3722} INFO - Setting next_dagrun for chethan_test_dag to 2025-04-11T00:00:00+00:00, run_after=2025-04-12T00:00:00+00:00
[2025-04-12T17:59:45.281+0000] {processor.py:179} INFO - Processing /opt/airflow/dags/exampledag.py took 0.134 seconds
[2025-04-12T18:00:16.639+0000] {processor.py:157} INFO - Started process (PID=3660) to work on /opt/airflow/dags/exampledag.py
[2025-04-12T18:00:16.647+0000] {processor.py:829} INFO - Processing file /opt/airflow/dags/exampledag.py for tasks to queue
[2025-04-12T18:00:16.649+0000] {logging_mixin.py:154} INFO - [2025-04-12T18:00:16.648+0000] {dagbag.py:536} INFO - Filling up the DagBag from /opt/airflow/dags/exampledag.py
[2025-04-12T18:00:16.706+0000] {processor.py:839} INFO - DAG(s) dict_keys(['chethan_test_dag']) retrieved from /opt/airflow/dags/exampledag.py
[2025-04-12T18:00:16.751+0000] {logging_mixin.py:154} INFO - [2025-04-12T18:00:16.749+0000] {dag.py:2941} INFO - Sync 1 DAGs
[2025-04-12T18:00:16.793+0000] {logging_mixin.py:154} INFO - [2025-04-12T18:00:16.793+0000] {dag.py:3722} INFO - Setting next_dagrun for chethan_test_dag to 2025-04-11T00:00:00+00:00, run_after=2025-04-12T00:00:00+00:00
[2025-04-12T18:00:16.821+0000] {processor.py:179} INFO - Processing /opt/airflow/dags/exampledag.py took 0.186 seconds
[2025-04-12T18:00:48.062+0000] {processor.py:157} INFO - Started process (PID=3670) to work on /opt/airflow/dags/exampledag.py
[2025-04-12T18:00:48.063+0000] {processor.py:829} INFO - Processing file /opt/airflow/dags/exampledag.py for tasks to queue
[2025-04-12T18:00:48.064+0000] {logging_mixin.py:154} INFO - [2025-04-12T18:00:48.064+0000] {dagbag.py:536} INFO - Filling up the DagBag from /opt/airflow/dags/exampledag.py
[2025-04-12T18:00:48.088+0000] {processor.py:839} INFO - DAG(s) dict_keys(['chethan_test_dag']) retrieved from /opt/airflow/dags/exampledag.py
[2025-04-12T18:00:48.146+0000] {logging_mixin.py:154} INFO - [2025-04-12T18:00:48.146+0000] {dag.py:2941} INFO - Sync 1 DAGs
[2025-04-12T18:00:48.199+0000] {logging_mixin.py:154} INFO - [2025-04-12T18:00:48.198+0000] {dag.py:3722} INFO - Setting next_dagrun for chethan_test_dag to 2025-04-11T00:00:00+00:00, run_after=2025-04-12T00:00:00+00:00
[2025-04-12T18:00:48.227+0000] {processor.py:179} INFO - Processing /opt/airflow/dags/exampledag.py took 0.170 seconds
[2025-04-12T18:01:19.390+0000] {processor.py:157} INFO - Started process (PID=3680) to work on /opt/airflow/dags/exampledag.py
[2025-04-12T18:01:19.392+0000] {processor.py:829} INFO - Processing file /opt/airflow/dags/exampledag.py for tasks to queue
[2025-04-12T18:01:19.394+0000] {logging_mixin.py:154} INFO - [2025-04-12T18:01:19.393+0000] {dagbag.py:536} INFO - Filling up the DagBag from /opt/airflow/dags/exampledag.py
[2025-04-12T18:01:19.421+0000] {processor.py:839} INFO - DAG(s) dict_keys(['chethan_test_dag']) retrieved from /opt/airflow/dags/exampledag.py
[2025-04-12T18:01:19.453+0000] {logging_mixin.py:154} INFO - [2025-04-12T18:01:19.452+0000] {dag.py:2941} INFO - Sync 1 DAGs
[2025-04-12T18:01:19.479+0000] {logging_mixin.py:154} INFO - [2025-04-12T18:01:19.479+0000] {dag.py:3722} INFO - Setting next_dagrun for chethan_test_dag to 2025-04-11T00:00:00+00:00, run_after=2025-04-12T00:00:00+00:00
[2025-04-12T18:01:19.504+0000] {processor.py:179} INFO - Processing /opt/airflow/dags/exampledag.py took 0.117 seconds
[2025-04-12T18:01:51.029+0000] {processor.py:157} INFO - Started process (PID=3690) to work on /opt/airflow/dags/exampledag.py
[2025-04-12T18:01:51.031+0000] {processor.py:829} INFO - Processing file /opt/airflow/dags/exampledag.py for tasks to queue
[2025-04-12T18:01:51.032+0000] {logging_mixin.py:154} INFO - [2025-04-12T18:01:51.032+0000] {dagbag.py:536} INFO - Filling up the DagBag from /opt/airflow/dags/exampledag.py
[2025-04-12T18:01:51.080+0000] {processor.py:839} INFO - DAG(s) dict_keys(['chethan_test_dag']) retrieved from /opt/airflow/dags/exampledag.py
[2025-04-12T18:01:51.120+0000] {logging_mixin.py:154} INFO - [2025-04-12T18:01:51.120+0000] {dag.py:2941} INFO - Sync 1 DAGs
[2025-04-12T18:01:51.159+0000] {logging_mixin.py:154} INFO - [2025-04-12T18:01:51.159+0000] {dag.py:3722} INFO - Setting next_dagrun for chethan_test_dag to 2025-04-11T00:00:00+00:00, run_after=2025-04-12T00:00:00+00:00
[2025-04-12T18:01:51.225+0000] {processor.py:179} INFO - Processing /opt/airflow/dags/exampledag.py took 0.201 seconds
[2025-04-12T18:02:22.269+0000] {processor.py:157} INFO - Started process (PID=3700) to work on /opt/airflow/dags/exampledag.py
[2025-04-12T18:02:22.270+0000] {processor.py:829} INFO - Processing file /opt/airflow/dags/exampledag.py for tasks to queue
[2025-04-12T18:02:22.271+0000] {logging_mixin.py:154} INFO - [2025-04-12T18:02:22.271+0000] {dagbag.py:536} INFO - Filling up the DagBag from /opt/airflow/dags/exampledag.py
[2025-04-12T18:02:22.292+0000] {processor.py:839} INFO - DAG(s) dict_keys(['chethan_test_dag']) retrieved from /opt/airflow/dags/exampledag.py
[2025-04-12T18:02:22.322+0000] {logging_mixin.py:154} INFO - [2025-04-12T18:02:22.322+0000] {dag.py:2941} INFO - Sync 1 DAGs
[2025-04-12T18:02:22.361+0000] {logging_mixin.py:154} INFO - [2025-04-12T18:02:22.361+0000] {dag.py:3722} INFO - Setting next_dagrun for chethan_test_dag to 2025-04-11T00:00:00+00:00, run_after=2025-04-12T00:00:00+00:00
[2025-04-12T18:02:22.390+0000] {processor.py:179} INFO - Processing /opt/airflow/dags/exampledag.py took 0.124 seconds
[2025-04-12T18:02:53.544+0000] {processor.py:157} INFO - Started process (PID=3710) to work on /opt/airflow/dags/exampledag.py
[2025-04-12T18:02:53.547+0000] {processor.py:829} INFO - Processing file /opt/airflow/dags/exampledag.py for tasks to queue
[2025-04-12T18:02:53.556+0000] {logging_mixin.py:154} INFO - [2025-04-12T18:02:53.556+0000] {dagbag.py:536} INFO - Filling up the DagBag from /opt/airflow/dags/exampledag.py
[2025-04-12T18:02:53.618+0000] {processor.py:839} INFO - DAG(s) dict_keys(['chethan_test_dag']) retrieved from /opt/airflow/dags/exampledag.py
[2025-04-12T18:02:53.646+0000] {logging_mixin.py:154} INFO - [2025-04-12T18:02:53.646+0000] {dag.py:2941} INFO - Sync 1 DAGs
[2025-04-12T18:02:53.670+0000] {logging_mixin.py:154} INFO - [2025-04-12T18:02:53.670+0000] {dag.py:3722} INFO - Setting next_dagrun for chethan_test_dag to 2025-04-11T00:00:00+00:00, run_after=2025-04-12T00:00:00+00:00
[2025-04-12T18:02:53.698+0000] {processor.py:179} INFO - Processing /opt/airflow/dags/exampledag.py took 0.160 seconds
[2025-04-12T18:03:24.388+0000] {processor.py:157} INFO - Started process (PID=3720) to work on /opt/airflow/dags/exampledag.py
[2025-04-12T18:03:24.390+0000] {processor.py:829} INFO - Processing file /opt/airflow/dags/exampledag.py for tasks to queue
[2025-04-12T18:03:24.391+0000] {logging_mixin.py:154} INFO - [2025-04-12T18:03:24.391+0000] {dagbag.py:536} INFO - Filling up the DagBag from /opt/airflow/dags/exampledag.py
[2025-04-12T18:03:24.415+0000] {processor.py:839} INFO - DAG(s) dict_keys(['chethan_test_dag']) retrieved from /opt/airflow/dags/exampledag.py
[2025-04-12T18:03:24.464+0000] {logging_mixin.py:154} INFO - [2025-04-12T18:03:24.464+0000] {dag.py:2941} INFO - Sync 1 DAGs
[2025-04-12T18:03:24.515+0000] {logging_mixin.py:154} INFO - [2025-04-12T18:03:24.515+0000] {dag.py:3722} INFO - Setting next_dagrun for chethan_test_dag to 2025-04-11T00:00:00+00:00, run_after=2025-04-12T00:00:00+00:00
[2025-04-12T18:03:24.556+0000] {processor.py:179} INFO - Processing /opt/airflow/dags/exampledag.py took 0.172 seconds
[2025-04-12T18:03:55.624+0000] {processor.py:157} INFO - Started process (PID=3730) to work on /opt/airflow/dags/exampledag.py
[2025-04-12T18:03:55.626+0000] {processor.py:829} INFO - Processing file /opt/airflow/dags/exampledag.py for tasks to queue
[2025-04-12T18:03:55.627+0000] {logging_mixin.py:154} INFO - [2025-04-12T18:03:55.627+0000] {dagbag.py:536} INFO - Filling up the DagBag from /opt/airflow/dags/exampledag.py
[2025-04-12T18:03:55.658+0000] {processor.py:839} INFO - DAG(s) dict_keys(['chethan_test_dag']) retrieved from /opt/airflow/dags/exampledag.py
[2025-04-12T18:03:55.686+0000] {logging_mixin.py:154} INFO - [2025-04-12T18:03:55.685+0000] {dag.py:2941} INFO - Sync 1 DAGs
[2025-04-12T18:03:55.711+0000] {logging_mixin.py:154} INFO - [2025-04-12T18:03:55.710+0000] {dag.py:3722} INFO - Setting next_dagrun for chethan_test_dag to 2025-04-11T00:00:00+00:00, run_after=2025-04-12T00:00:00+00:00
[2025-04-12T18:03:55.733+0000] {processor.py:179} INFO - Processing /opt/airflow/dags/exampledag.py took 0.114 seconds
[2025-04-12T18:04:26.358+0000] {processor.py:157} INFO - Started process (PID=3740) to work on /opt/airflow/dags/exampledag.py
[2025-04-12T18:04:26.359+0000] {processor.py:829} INFO - Processing file /opt/airflow/dags/exampledag.py for tasks to queue
[2025-04-12T18:04:26.360+0000] {logging_mixin.py:154} INFO - [2025-04-12T18:04:26.360+0000] {dagbag.py:536} INFO - Filling up the DagBag from /opt/airflow/dags/exampledag.py
[2025-04-12T18:04:26.383+0000] {processor.py:839} INFO - DAG(s) dict_keys(['chethan_test_dag']) retrieved from /opt/airflow/dags/exampledag.py
[2025-04-12T18:04:26.413+0000] {logging_mixin.py:154} INFO - [2025-04-12T18:04:26.413+0000] {dag.py:2941} INFO - Sync 1 DAGs
[2025-04-12T18:04:26.444+0000] {logging_mixin.py:154} INFO - [2025-04-12T18:04:26.443+0000] {dag.py:3722} INFO - Setting next_dagrun for chethan_test_dag to 2025-04-11T00:00:00+00:00, run_after=2025-04-12T00:00:00+00:00
[2025-04-12T18:04:26.469+0000] {processor.py:179} INFO - Processing /opt/airflow/dags/exampledag.py took 0.115 seconds
[2025-04-12T18:04:57.391+0000] {processor.py:157} INFO - Started process (PID=3750) to work on /opt/airflow/dags/exampledag.py
[2025-04-12T18:04:57.392+0000] {processor.py:829} INFO - Processing file /opt/airflow/dags/exampledag.py for tasks to queue
[2025-04-12T18:04:57.393+0000] {logging_mixin.py:154} INFO - [2025-04-12T18:04:57.393+0000] {dagbag.py:536} INFO - Filling up the DagBag from /opt/airflow/dags/exampledag.py
[2025-04-12T18:04:57.426+0000] {processor.py:839} INFO - DAG(s) dict_keys(['chethan_test_dag']) retrieved from /opt/airflow/dags/exampledag.py
[2025-04-12T18:04:57.460+0000] {logging_mixin.py:154} INFO - [2025-04-12T18:04:57.460+0000] {dag.py:2941} INFO - Sync 1 DAGs
[2025-04-12T18:04:57.490+0000] {logging_mixin.py:154} INFO - [2025-04-12T18:04:57.490+0000] {dag.py:3722} INFO - Setting next_dagrun for chethan_test_dag to 2025-04-11T00:00:00+00:00, run_after=2025-04-12T00:00:00+00:00
[2025-04-12T18:04:57.530+0000] {processor.py:179} INFO - Processing /opt/airflow/dags/exampledag.py took 0.142 seconds
[2025-04-12T18:05:28.878+0000] {processor.py:157} INFO - Started process (PID=3760) to work on /opt/airflow/dags/exampledag.py
[2025-04-12T18:05:28.882+0000] {processor.py:829} INFO - Processing file /opt/airflow/dags/exampledag.py for tasks to queue
[2025-04-12T18:05:28.883+0000] {logging_mixin.py:154} INFO - [2025-04-12T18:05:28.883+0000] {dagbag.py:536} INFO - Filling up the DagBag from /opt/airflow/dags/exampledag.py
[2025-04-12T18:05:28.925+0000] {processor.py:839} INFO - DAG(s) dict_keys(['chethan_test_dag']) retrieved from /opt/airflow/dags/exampledag.py
[2025-04-12T18:05:28.954+0000] {logging_mixin.py:154} INFO - [2025-04-12T18:05:28.953+0000] {dag.py:2941} INFO - Sync 1 DAGs
[2025-04-12T18:05:28.984+0000] {logging_mixin.py:154} INFO - [2025-04-12T18:05:28.984+0000] {dag.py:3722} INFO - Setting next_dagrun for chethan_test_dag to 2025-04-11T00:00:00+00:00, run_after=2025-04-12T00:00:00+00:00
[2025-04-12T18:05:29.035+0000] {processor.py:179} INFO - Processing /opt/airflow/dags/exampledag.py took 0.162 seconds
[2025-04-12T18:06:00.589+0000] {processor.py:157} INFO - Started process (PID=3770) to work on /opt/airflow/dags/exampledag.py
[2025-04-12T18:06:00.597+0000] {processor.py:829} INFO - Processing file /opt/airflow/dags/exampledag.py for tasks to queue
[2025-04-12T18:06:00.599+0000] {logging_mixin.py:154} INFO - [2025-04-12T18:06:00.599+0000] {dagbag.py:536} INFO - Filling up the DagBag from /opt/airflow/dags/exampledag.py
[2025-04-12T18:06:00.637+0000] {processor.py:839} INFO - DAG(s) dict_keys(['chethan_test_dag']) retrieved from /opt/airflow/dags/exampledag.py
[2025-04-12T18:06:00.716+0000] {logging_mixin.py:154} INFO - [2025-04-12T18:06:00.715+0000] {dag.py:2941} INFO - Sync 1 DAGs
[2025-04-12T18:06:00.794+0000] {logging_mixin.py:154} INFO - [2025-04-12T18:06:00.794+0000] {dag.py:3722} INFO - Setting next_dagrun for chethan_test_dag to 2025-04-11T00:00:00+00:00, run_after=2025-04-12T00:00:00+00:00
[2025-04-12T18:06:00.836+0000] {processor.py:179} INFO - Processing /opt/airflow/dags/exampledag.py took 0.254 seconds
[2025-04-12T18:06:31.236+0000] {processor.py:157} INFO - Started process (PID=3780) to work on /opt/airflow/dags/exampledag.py
[2025-04-12T18:06:31.238+0000] {processor.py:829} INFO - Processing file /opt/airflow/dags/exampledag.py for tasks to queue
[2025-04-12T18:06:31.241+0000] {logging_mixin.py:154} INFO - [2025-04-12T18:06:31.240+0000] {dagbag.py:536} INFO - Filling up the DagBag from /opt/airflow/dags/exampledag.py
[2025-04-12T18:06:31.295+0000] {processor.py:839} INFO - DAG(s) dict_keys(['chethan_test_dag']) retrieved from /opt/airflow/dags/exampledag.py
[2025-04-12T18:06:31.338+0000] {logging_mixin.py:154} INFO - [2025-04-12T18:06:31.338+0000] {dag.py:2941} INFO - Sync 1 DAGs
[2025-04-12T18:06:31.368+0000] {logging_mixin.py:154} INFO - [2025-04-12T18:06:31.367+0000] {dag.py:3722} INFO - Setting next_dagrun for chethan_test_dag to 2025-04-11T00:00:00+00:00, run_after=2025-04-12T00:00:00+00:00
[2025-04-12T18:06:31.395+0000] {processor.py:179} INFO - Processing /opt/airflow/dags/exampledag.py took 0.166 seconds
[2025-04-12T18:07:02.463+0000] {processor.py:157} INFO - Started process (PID=3789) to work on /opt/airflow/dags/exampledag.py
[2025-04-12T18:07:02.465+0000] {processor.py:829} INFO - Processing file /opt/airflow/dags/exampledag.py for tasks to queue
[2025-04-12T18:07:02.467+0000] {logging_mixin.py:154} INFO - [2025-04-12T18:07:02.467+0000] {dagbag.py:536} INFO - Filling up the DagBag from /opt/airflow/dags/exampledag.py
[2025-04-12T18:07:02.500+0000] {processor.py:839} INFO - DAG(s) dict_keys(['chethan_test_dag']) retrieved from /opt/airflow/dags/exampledag.py
[2025-04-12T18:07:02.534+0000] {logging_mixin.py:154} INFO - [2025-04-12T18:07:02.534+0000] {dag.py:2941} INFO - Sync 1 DAGs
[2025-04-12T18:07:02.570+0000] {logging_mixin.py:154} INFO - [2025-04-12T18:07:02.569+0000] {dag.py:3722} INFO - Setting next_dagrun for chethan_test_dag to 2025-04-11T00:00:00+00:00, run_after=2025-04-12T00:00:00+00:00
[2025-04-12T18:07:02.607+0000] {processor.py:179} INFO - Processing /opt/airflow/dags/exampledag.py took 0.152 seconds
[2025-04-12T18:07:32.949+0000] {processor.py:157} INFO - Started process (PID=3797) to work on /opt/airflow/dags/exampledag.py
[2025-04-12T18:07:32.950+0000] {processor.py:829} INFO - Processing file /opt/airflow/dags/exampledag.py for tasks to queue
[2025-04-12T18:07:32.951+0000] {logging_mixin.py:154} INFO - [2025-04-12T18:07:32.951+0000] {dagbag.py:536} INFO - Filling up the DagBag from /opt/airflow/dags/exampledag.py
[2025-04-12T18:07:32.995+0000] {processor.py:839} INFO - DAG(s) dict_keys(['chethan_test_dag']) retrieved from /opt/airflow/dags/exampledag.py
[2025-04-12T18:07:33.036+0000] {logging_mixin.py:154} INFO - [2025-04-12T18:07:33.036+0000] {dag.py:2941} INFO - Sync 1 DAGs
[2025-04-12T18:07:33.071+0000] {logging_mixin.py:154} INFO - [2025-04-12T18:07:33.071+0000] {dag.py:3722} INFO - Setting next_dagrun for chethan_test_dag to 2025-04-11T00:00:00+00:00, run_after=2025-04-12T00:00:00+00:00
[2025-04-12T18:07:33.094+0000] {processor.py:179} INFO - Processing /opt/airflow/dags/exampledag.py took 0.149 seconds
[2025-04-12T18:08:03.832+0000] {processor.py:157} INFO - Started process (PID=3807) to work on /opt/airflow/dags/exampledag.py
[2025-04-12T18:08:03.834+0000] {processor.py:829} INFO - Processing file /opt/airflow/dags/exampledag.py for tasks to queue
[2025-04-12T18:08:03.835+0000] {logging_mixin.py:154} INFO - [2025-04-12T18:08:03.835+0000] {dagbag.py:536} INFO - Filling up the DagBag from /opt/airflow/dags/exampledag.py
[2025-04-12T18:08:03.884+0000] {processor.py:839} INFO - DAG(s) dict_keys(['chethan_test_dag']) retrieved from /opt/airflow/dags/exampledag.py
[2025-04-12T18:08:03.918+0000] {logging_mixin.py:154} INFO - [2025-04-12T18:08:03.918+0000] {dag.py:2941} INFO - Sync 1 DAGs
[2025-04-12T18:08:03.949+0000] {logging_mixin.py:154} INFO - [2025-04-12T18:08:03.949+0000] {dag.py:3722} INFO - Setting next_dagrun for chethan_test_dag to 2025-04-11T00:00:00+00:00, run_after=2025-04-12T00:00:00+00:00
[2025-04-12T18:08:03.978+0000] {processor.py:179} INFO - Processing /opt/airflow/dags/exampledag.py took 0.155 seconds
[2025-04-12T18:08:34.684+0000] {processor.py:157} INFO - Started process (PID=3817) to work on /opt/airflow/dags/exampledag.py
[2025-04-12T18:08:34.686+0000] {processor.py:829} INFO - Processing file /opt/airflow/dags/exampledag.py for tasks to queue
[2025-04-12T18:08:34.688+0000] {logging_mixin.py:154} INFO - [2025-04-12T18:08:34.687+0000] {dagbag.py:536} INFO - Filling up the DagBag from /opt/airflow/dags/exampledag.py
[2025-04-12T18:08:34.720+0000] {processor.py:839} INFO - DAG(s) dict_keys(['chethan_test_dag']) retrieved from /opt/airflow/dags/exampledag.py
[2025-04-12T18:08:34.756+0000] {logging_mixin.py:154} INFO - [2025-04-12T18:08:34.756+0000] {dag.py:2941} INFO - Sync 1 DAGs
[2025-04-12T18:08:34.785+0000] {logging_mixin.py:154} INFO - [2025-04-12T18:08:34.785+0000] {dag.py:3722} INFO - Setting next_dagrun for chethan_test_dag to 2025-04-11T00:00:00+00:00, run_after=2025-04-12T00:00:00+00:00
[2025-04-12T18:08:34.810+0000] {processor.py:179} INFO - Processing /opt/airflow/dags/exampledag.py took 0.130 seconds
[2025-04-12T18:09:05.012+0000] {processor.py:157} INFO - Started process (PID=3826) to work on /opt/airflow/dags/exampledag.py
[2025-04-12T18:09:05.013+0000] {processor.py:829} INFO - Processing file /opt/airflow/dags/exampledag.py for tasks to queue
[2025-04-12T18:09:05.015+0000] {logging_mixin.py:154} INFO - [2025-04-12T18:09:05.014+0000] {dagbag.py:536} INFO - Filling up the DagBag from /opt/airflow/dags/exampledag.py
[2025-04-12T18:09:05.047+0000] {processor.py:839} INFO - DAG(s) dict_keys(['chethan_test_dag']) retrieved from /opt/airflow/dags/exampledag.py
[2025-04-12T18:09:05.091+0000] {logging_mixin.py:154} INFO - [2025-04-12T18:09:05.090+0000] {dag.py:2941} INFO - Sync 1 DAGs
[2025-04-12T18:09:05.143+0000] {logging_mixin.py:154} INFO - [2025-04-12T18:09:05.142+0000] {dag.py:3722} INFO - Setting next_dagrun for chethan_test_dag to 2025-04-11T00:00:00+00:00, run_after=2025-04-12T00:00:00+00:00
[2025-04-12T18:09:05.182+0000] {processor.py:179} INFO - Processing /opt/airflow/dags/exampledag.py took 0.174 seconds
[2025-04-12T18:09:35.943+0000] {processor.py:157} INFO - Started process (PID=3836) to work on /opt/airflow/dags/exampledag.py
[2025-04-12T18:09:35.944+0000] {processor.py:829} INFO - Processing file /opt/airflow/dags/exampledag.py for tasks to queue
[2025-04-12T18:09:35.945+0000] {logging_mixin.py:154} INFO - [2025-04-12T18:09:35.945+0000] {dagbag.py:536} INFO - Filling up the DagBag from /opt/airflow/dags/exampledag.py
[2025-04-12T18:09:35.971+0000] {processor.py:839} INFO - DAG(s) dict_keys(['chethan_test_dag']) retrieved from /opt/airflow/dags/exampledag.py
[2025-04-12T18:09:35.999+0000] {logging_mixin.py:154} INFO - [2025-04-12T18:09:35.999+0000] {dag.py:2941} INFO - Sync 1 DAGs
[2025-04-12T18:09:36.024+0000] {logging_mixin.py:154} INFO - [2025-04-12T18:09:36.024+0000] {dag.py:3722} INFO - Setting next_dagrun for chethan_test_dag to 2025-04-11T00:00:00+00:00, run_after=2025-04-12T00:00:00+00:00
[2025-04-12T18:09:36.049+0000] {processor.py:179} INFO - Processing /opt/airflow/dags/exampledag.py took 0.110 seconds
[2025-04-12T18:10:06.487+0000] {processor.py:157} INFO - Started process (PID=3846) to work on /opt/airflow/dags/exampledag.py
[2025-04-12T18:10:06.488+0000] {processor.py:829} INFO - Processing file /opt/airflow/dags/exampledag.py for tasks to queue
[2025-04-12T18:10:06.490+0000] {logging_mixin.py:154} INFO - [2025-04-12T18:10:06.489+0000] {dagbag.py:536} INFO - Filling up the DagBag from /opt/airflow/dags/exampledag.py
[2025-04-12T18:10:06.521+0000] {processor.py:839} INFO - DAG(s) dict_keys(['chethan_test_dag']) retrieved from /opt/airflow/dags/exampledag.py
[2025-04-12T18:10:06.552+0000] {logging_mixin.py:154} INFO - [2025-04-12T18:10:06.552+0000] {dag.py:2941} INFO - Sync 1 DAGs
[2025-04-12T18:10:06.589+0000] {logging_mixin.py:154} INFO - [2025-04-12T18:10:06.588+0000] {dag.py:3722} INFO - Setting next_dagrun for chethan_test_dag to 2025-04-11T00:00:00+00:00, run_after=2025-04-12T00:00:00+00:00
[2025-04-12T18:10:06.625+0000] {processor.py:179} INFO - Processing /opt/airflow/dags/exampledag.py took 0.142 seconds
[2025-04-12T18:10:36.712+0000] {processor.py:157} INFO - Started process (PID=3856) to work on /opt/airflow/dags/exampledag.py
[2025-04-12T18:10:36.713+0000] {processor.py:829} INFO - Processing file /opt/airflow/dags/exampledag.py for tasks to queue
[2025-04-12T18:10:36.714+0000] {logging_mixin.py:154} INFO - [2025-04-12T18:10:36.714+0000] {dagbag.py:536} INFO - Filling up the DagBag from /opt/airflow/dags/exampledag.py
[2025-04-12T18:10:36.740+0000] {processor.py:839} INFO - DAG(s) dict_keys(['chethan_test_dag']) retrieved from /opt/airflow/dags/exampledag.py
[2025-04-12T18:10:36.769+0000] {logging_mixin.py:154} INFO - [2025-04-12T18:10:36.768+0000] {dag.py:2941} INFO - Sync 1 DAGs
[2025-04-12T18:10:36.794+0000] {logging_mixin.py:154} INFO - [2025-04-12T18:10:36.794+0000] {dag.py:3722} INFO - Setting next_dagrun for chethan_test_dag to 2025-04-11T00:00:00+00:00, run_after=2025-04-12T00:00:00+00:00
[2025-04-12T18:10:36.820+0000] {processor.py:179} INFO - Processing /opt/airflow/dags/exampledag.py took 0.111 seconds
[2025-04-12T18:11:07.326+0000] {processor.py:157} INFO - Started process (PID=3866) to work on /opt/airflow/dags/exampledag.py
[2025-04-12T18:11:07.328+0000] {processor.py:829} INFO - Processing file /opt/airflow/dags/exampledag.py for tasks to queue
[2025-04-12T18:11:07.329+0000] {logging_mixin.py:154} INFO - [2025-04-12T18:11:07.329+0000] {dagbag.py:536} INFO - Filling up the DagBag from /opt/airflow/dags/exampledag.py
[2025-04-12T18:11:07.357+0000] {processor.py:839} INFO - DAG(s) dict_keys(['chethan_test_dag']) retrieved from /opt/airflow/dags/exampledag.py
[2025-04-12T18:11:07.391+0000] {logging_mixin.py:154} INFO - [2025-04-12T18:11:07.390+0000] {dag.py:2941} INFO - Sync 1 DAGs
[2025-04-12T18:11:07.424+0000] {logging_mixin.py:154} INFO - [2025-04-12T18:11:07.424+0000] {dag.py:3722} INFO - Setting next_dagrun for chethan_test_dag to 2025-04-11T00:00:00+00:00, run_after=2025-04-12T00:00:00+00:00
[2025-04-12T18:11:07.452+0000] {processor.py:179} INFO - Processing /opt/airflow/dags/exampledag.py took 0.130 seconds
[2025-04-12T18:11:38.222+0000] {processor.py:157} INFO - Started process (PID=3875) to work on /opt/airflow/dags/exampledag.py
[2025-04-12T18:11:38.224+0000] {processor.py:829} INFO - Processing file /opt/airflow/dags/exampledag.py for tasks to queue
[2025-04-12T18:11:38.226+0000] {logging_mixin.py:154} INFO - [2025-04-12T18:11:38.226+0000] {dagbag.py:536} INFO - Filling up the DagBag from /opt/airflow/dags/exampledag.py
[2025-04-12T18:11:38.279+0000] {processor.py:839} INFO - DAG(s) dict_keys(['chethan_test_dag']) retrieved from /opt/airflow/dags/exampledag.py
[2025-04-12T18:11:38.312+0000] {logging_mixin.py:154} INFO - [2025-04-12T18:11:38.312+0000] {dag.py:2941} INFO - Sync 1 DAGs
[2025-04-12T18:11:38.343+0000] {logging_mixin.py:154} INFO - [2025-04-12T18:11:38.343+0000] {dag.py:3722} INFO - Setting next_dagrun for chethan_test_dag to 2025-04-11T00:00:00+00:00, run_after=2025-04-12T00:00:00+00:00
[2025-04-12T18:11:38.369+0000] {processor.py:179} INFO - Processing /opt/airflow/dags/exampledag.py took 0.152 seconds
[2025-04-12T18:12:09.640+0000] {processor.py:157} INFO - Started process (PID=3886) to work on /opt/airflow/dags/exampledag.py
[2025-04-12T18:12:09.642+0000] {processor.py:829} INFO - Processing file /opt/airflow/dags/exampledag.py for tasks to queue
[2025-04-12T18:12:09.643+0000] {logging_mixin.py:154} INFO - [2025-04-12T18:12:09.643+0000] {dagbag.py:536} INFO - Filling up the DagBag from /opt/airflow/dags/exampledag.py
[2025-04-12T18:12:09.683+0000] {processor.py:839} INFO - DAG(s) dict_keys(['chethan_test_dag']) retrieved from /opt/airflow/dags/exampledag.py
[2025-04-12T18:12:09.722+0000] {logging_mixin.py:154} INFO - [2025-04-12T18:12:09.722+0000] {dag.py:2941} INFO - Sync 1 DAGs
[2025-04-12T18:12:09.757+0000] {logging_mixin.py:154} INFO - [2025-04-12T18:12:09.756+0000] {dag.py:3722} INFO - Setting next_dagrun for chethan_test_dag to 2025-04-11T00:00:00+00:00, run_after=2025-04-12T00:00:00+00:00
[2025-04-12T18:12:09.813+0000] {processor.py:179} INFO - Processing /opt/airflow/dags/exampledag.py took 0.177 seconds
[2025-04-12T18:12:40.057+0000] {processor.py:157} INFO - Started process (PID=3895) to work on /opt/airflow/dags/exampledag.py
[2025-04-12T18:12:40.058+0000] {processor.py:829} INFO - Processing file /opt/airflow/dags/exampledag.py for tasks to queue
[2025-04-12T18:12:40.060+0000] {logging_mixin.py:154} INFO - [2025-04-12T18:12:40.059+0000] {dagbag.py:536} INFO - Filling up the DagBag from /opt/airflow/dags/exampledag.py
[2025-04-12T18:12:40.089+0000] {processor.py:839} INFO - DAG(s) dict_keys(['chethan_test_dag']) retrieved from /opt/airflow/dags/exampledag.py
[2025-04-12T18:12:40.122+0000] {logging_mixin.py:154} INFO - [2025-04-12T18:12:40.122+0000] {dag.py:2941} INFO - Sync 1 DAGs
[2025-04-12T18:12:40.149+0000] {logging_mixin.py:154} INFO - [2025-04-12T18:12:40.149+0000] {dag.py:3722} INFO - Setting next_dagrun for chethan_test_dag to 2025-04-11T00:00:00+00:00, run_after=2025-04-12T00:00:00+00:00
[2025-04-12T18:12:40.173+0000] {processor.py:179} INFO - Processing /opt/airflow/dags/exampledag.py took 0.123 seconds
[2025-04-12T18:13:10.561+0000] {processor.py:157} INFO - Started process (PID=3905) to work on /opt/airflow/dags/exampledag.py
[2025-04-12T18:13:10.563+0000] {processor.py:829} INFO - Processing file /opt/airflow/dags/exampledag.py for tasks to queue
[2025-04-12T18:13:10.564+0000] {logging_mixin.py:154} INFO - [2025-04-12T18:13:10.564+0000] {dagbag.py:536} INFO - Filling up the DagBag from /opt/airflow/dags/exampledag.py
[2025-04-12T18:13:10.600+0000] {processor.py:839} INFO - DAG(s) dict_keys(['chethan_test_dag']) retrieved from /opt/airflow/dags/exampledag.py
[2025-04-12T18:13:10.697+0000] {logging_mixin.py:154} INFO - [2025-04-12T18:13:10.696+0000] {dag.py:2941} INFO - Sync 1 DAGs
[2025-04-12T18:13:10.759+0000] {logging_mixin.py:154} INFO - [2025-04-12T18:13:10.759+0000] {dag.py:3722} INFO - Setting next_dagrun for chethan_test_dag to 2025-04-11T00:00:00+00:00, run_after=2025-04-12T00:00:00+00:00
[2025-04-12T18:13:10.898+0000] {processor.py:179} INFO - Processing /opt/airflow/dags/exampledag.py took 0.341 seconds
[2025-04-12T18:13:42.731+0000] {processor.py:157} INFO - Started process (PID=3915) to work on /opt/airflow/dags/exampledag.py
[2025-04-12T18:13:42.745+0000] {processor.py:829} INFO - Processing file /opt/airflow/dags/exampledag.py for tasks to queue
[2025-04-12T18:13:42.758+0000] {logging_mixin.py:154} INFO - [2025-04-12T18:13:42.752+0000] {dagbag.py:536} INFO - Filling up the DagBag from /opt/airflow/dags/exampledag.py
[2025-04-12T18:21:57.438+0000] {processor.py:839} INFO - DAG(s) dict_keys(['chethan_test_dag']) retrieved from /opt/airflow/dags/exampledag.py
[2025-04-12T18:21:57.526+0000] {logging_mixin.py:154} INFO - [2025-04-12T18:21:57.526+0000] {dag.py:2941} INFO - Sync 1 DAGs
[2025-04-12T18:21:57.581+0000] {logging_mixin.py:154} INFO - [2025-04-12T18:21:57.581+0000] {dag.py:3722} INFO - Setting next_dagrun for chethan_test_dag to 2025-04-11T00:00:00+00:00, run_after=2025-04-12T00:00:00+00:00
[2025-04-12T18:21:57.634+0000] {processor.py:179} INFO - Processing /opt/airflow/dags/exampledag.py took 0.457 seconds
[2025-04-12T19:10:32.427+0000] {processor.py:157} INFO - Started process (PID=3934) to work on /opt/airflow/dags/exampledag.py
[2025-04-12T19:10:32.430+0000] {processor.py:829} INFO - Processing file /opt/airflow/dags/exampledag.py for tasks to queue
[2025-04-12T19:10:32.433+0000] {logging_mixin.py:154} INFO - [2025-04-12T19:10:32.432+0000] {dagbag.py:536} INFO - Filling up the DagBag from /opt/airflow/dags/exampledag.py
[2025-04-12T19:10:32.495+0000] {processor.py:839} INFO - DAG(s) dict_keys(['chethan_test_dag']) retrieved from /opt/airflow/dags/exampledag.py
[2025-04-12T19:10:32.579+0000] {logging_mixin.py:154} INFO - [2025-04-12T19:10:32.579+0000] {dag.py:2941} INFO - Sync 1 DAGs
[2025-04-12T19:10:32.746+0000] {logging_mixin.py:154} INFO - [2025-04-12T19:10:32.745+0000] {dag.py:3722} INFO - Setting next_dagrun for chethan_test_dag to 2025-04-11T00:00:00+00:00, run_after=2025-04-12T00:00:00+00:00
[2025-04-12T19:10:32.858+0000] {processor.py:179} INFO - Processing /opt/airflow/dags/exampledag.py took 0.439 seconds
[2025-04-12T19:11:03.991+0000] {processor.py:157} INFO - Started process (PID=3944) to work on /opt/airflow/dags/exampledag.py
[2025-04-12T19:11:03.993+0000] {processor.py:829} INFO - Processing file /opt/airflow/dags/exampledag.py for tasks to queue
[2025-04-12T19:11:03.995+0000] {logging_mixin.py:154} INFO - [2025-04-12T19:11:03.995+0000] {dagbag.py:536} INFO - Filling up the DagBag from /opt/airflow/dags/exampledag.py
[2025-04-12T19:11:04.030+0000] {processor.py:839} INFO - DAG(s) dict_keys(['chethan_test_dag']) retrieved from /opt/airflow/dags/exampledag.py
[2025-04-12T19:11:04.070+0000] {logging_mixin.py:154} INFO - [2025-04-12T19:11:04.070+0000] {dag.py:2941} INFO - Sync 1 DAGs
[2025-04-12T19:11:04.107+0000] {logging_mixin.py:154} INFO - [2025-04-12T19:11:04.107+0000] {dag.py:3722} INFO - Setting next_dagrun for chethan_test_dag to 2025-04-11T00:00:00+00:00, run_after=2025-04-12T00:00:00+00:00
[2025-04-12T19:11:04.151+0000] {processor.py:179} INFO - Processing /opt/airflow/dags/exampledag.py took 0.168 seconds
[2025-04-12T19:11:36.036+0000] {processor.py:157} INFO - Started process (PID=3954) to work on /opt/airflow/dags/exampledag.py
[2025-04-12T19:11:36.038+0000] {processor.py:829} INFO - Processing file /opt/airflow/dags/exampledag.py for tasks to queue
[2025-04-12T19:11:36.040+0000] {logging_mixin.py:154} INFO - [2025-04-12T19:11:36.039+0000] {dagbag.py:536} INFO - Filling up the DagBag from /opt/airflow/dags/exampledag.py
[2025-04-12T19:11:36.138+0000] {processor.py:839} INFO - DAG(s) dict_keys(['chethan_test_dag']) retrieved from /opt/airflow/dags/exampledag.py
[2025-04-12T19:11:36.173+0000] {logging_mixin.py:154} INFO - [2025-04-12T19:11:36.173+0000] {dag.py:2941} INFO - Sync 1 DAGs
[2025-04-12T19:11:36.221+0000] {logging_mixin.py:154} INFO - [2025-04-12T19:11:36.220+0000] {dag.py:3722} INFO - Setting next_dagrun for chethan_test_dag to 2025-04-11T00:00:00+00:00, run_after=2025-04-12T00:00:00+00:00
[2025-04-12T19:11:36.253+0000] {processor.py:179} INFO - Processing /opt/airflow/dags/exampledag.py took 0.222 seconds
[2025-04-12T19:12:06.927+0000] {processor.py:157} INFO - Started process (PID=3962) to work on /opt/airflow/dags/exampledag.py
[2025-04-12T19:12:06.930+0000] {processor.py:829} INFO - Processing file /opt/airflow/dags/exampledag.py for tasks to queue
[2025-04-12T19:12:06.932+0000] {logging_mixin.py:154} INFO - [2025-04-12T19:12:06.932+0000] {dagbag.py:536} INFO - Filling up the DagBag from /opt/airflow/dags/exampledag.py
[2025-04-12T19:12:06.977+0000] {processor.py:839} INFO - DAG(s) dict_keys(['chethan_test_dag']) retrieved from /opt/airflow/dags/exampledag.py
[2025-04-12T19:12:07.021+0000] {logging_mixin.py:154} INFO - [2025-04-12T19:12:07.021+0000] {dag.py:2941} INFO - Sync 1 DAGs
[2025-04-12T19:12:07.065+0000] {logging_mixin.py:154} INFO - [2025-04-12T19:12:07.064+0000] {dag.py:3722} INFO - Setting next_dagrun for chethan_test_dag to 2025-04-11T00:00:00+00:00, run_after=2025-04-12T00:00:00+00:00
[2025-04-12T19:12:07.101+0000] {processor.py:179} INFO - Processing /opt/airflow/dags/exampledag.py took 0.181 seconds
[2025-04-12T19:12:38.960+0000] {processor.py:157} INFO - Started process (PID=3974) to work on /opt/airflow/dags/exampledag.py
[2025-04-12T19:12:38.962+0000] {processor.py:829} INFO - Processing file /opt/airflow/dags/exampledag.py for tasks to queue
[2025-04-12T19:12:38.964+0000] {logging_mixin.py:154} INFO - [2025-04-12T19:12:38.964+0000] {dagbag.py:536} INFO - Filling up the DagBag from /opt/airflow/dags/exampledag.py
[2025-04-12T19:12:38.998+0000] {processor.py:839} INFO - DAG(s) dict_keys(['chethan_test_dag']) retrieved from /opt/airflow/dags/exampledag.py
[2025-04-12T19:12:39.027+0000] {logging_mixin.py:154} INFO - [2025-04-12T19:12:39.027+0000] {dag.py:2941} INFO - Sync 1 DAGs
[2025-04-12T19:12:39.056+0000] {logging_mixin.py:154} INFO - [2025-04-12T19:12:39.056+0000] {dag.py:3722} INFO - Setting next_dagrun for chethan_test_dag to 2025-04-11T00:00:00+00:00, run_after=2025-04-12T00:00:00+00:00
[2025-04-12T19:12:39.080+0000] {processor.py:179} INFO - Processing /opt/airflow/dags/exampledag.py took 0.125 seconds
[2025-04-12T19:13:10.361+0000] {processor.py:157} INFO - Started process (PID=3984) to work on /opt/airflow/dags/exampledag.py
[2025-04-12T19:13:10.362+0000] {processor.py:829} INFO - Processing file /opt/airflow/dags/exampledag.py for tasks to queue
[2025-04-12T19:13:10.364+0000] {logging_mixin.py:154} INFO - [2025-04-12T19:13:10.363+0000] {dagbag.py:536} INFO - Filling up the DagBag from /opt/airflow/dags/exampledag.py
[2025-04-12T19:13:10.394+0000] {processor.py:839} INFO - DAG(s) dict_keys(['chethan_test_dag']) retrieved from /opt/airflow/dags/exampledag.py
[2025-04-12T19:13:10.438+0000] {logging_mixin.py:154} INFO - [2025-04-12T19:13:10.437+0000] {dag.py:2941} INFO - Sync 1 DAGs
[2025-04-12T19:13:10.486+0000] {logging_mixin.py:154} INFO - [2025-04-12T19:13:10.485+0000] {dag.py:3722} INFO - Setting next_dagrun for chethan_test_dag to 2025-04-11T00:00:00+00:00, run_after=2025-04-12T00:00:00+00:00
[2025-04-12T19:13:10.658+0000] {processor.py:179} INFO - Processing /opt/airflow/dags/exampledag.py took 0.302 seconds
[2025-04-12T19:13:42.054+0000] {processor.py:157} INFO - Started process (PID=3994) to work on /opt/airflow/dags/exampledag.py
[2025-04-12T19:13:42.056+0000] {processor.py:829} INFO - Processing file /opt/airflow/dags/exampledag.py for tasks to queue
[2025-04-12T19:13:42.058+0000] {logging_mixin.py:154} INFO - [2025-04-12T19:13:42.057+0000] {dagbag.py:536} INFO - Filling up the DagBag from /opt/airflow/dags/exampledag.py
[2025-04-12T19:13:42.098+0000] {processor.py:839} INFO - DAG(s) dict_keys(['chethan_test_dag']) retrieved from /opt/airflow/dags/exampledag.py
[2025-04-12T19:13:42.135+0000] {logging_mixin.py:154} INFO - [2025-04-12T19:13:42.135+0000] {dag.py:2941} INFO - Sync 1 DAGs
[2025-04-12T19:13:42.167+0000] {logging_mixin.py:154} INFO - [2025-04-12T19:13:42.167+0000] {dag.py:3722} INFO - Setting next_dagrun for chethan_test_dag to 2025-04-11T00:00:00+00:00, run_after=2025-04-12T00:00:00+00:00
[2025-04-12T19:13:42.199+0000] {processor.py:179} INFO - Processing /opt/airflow/dags/exampledag.py took 0.149 seconds
[2025-04-12T19:14:13.134+0000] {processor.py:157} INFO - Started process (PID=4004) to work on /opt/airflow/dags/exampledag.py
[2025-04-12T19:14:13.136+0000] {processor.py:829} INFO - Processing file /opt/airflow/dags/exampledag.py for tasks to queue
[2025-04-12T19:14:13.137+0000] {logging_mixin.py:154} INFO - [2025-04-12T19:14:13.136+0000] {dagbag.py:536} INFO - Filling up the DagBag from /opt/airflow/dags/exampledag.py
[2025-04-12T19:14:13.157+0000] {processor.py:839} INFO - DAG(s) dict_keys(['chethan_test_dag']) retrieved from /opt/airflow/dags/exampledag.py
[2025-04-12T19:14:13.187+0000] {logging_mixin.py:154} INFO - [2025-04-12T19:14:13.187+0000] {dag.py:2941} INFO - Sync 1 DAGs
[2025-04-12T19:14:13.233+0000] {logging_mixin.py:154} INFO - [2025-04-12T19:14:13.232+0000] {dag.py:3722} INFO - Setting next_dagrun for chethan_test_dag to 2025-04-11T00:00:00+00:00, run_after=2025-04-12T00:00:00+00:00
[2025-04-12T19:14:13.277+0000] {processor.py:179} INFO - Processing /opt/airflow/dags/exampledag.py took 0.147 seconds
[2025-04-12T19:14:44.460+0000] {processor.py:157} INFO - Started process (PID=4014) to work on /opt/airflow/dags/exampledag.py
[2025-04-12T19:14:44.461+0000] {processor.py:829} INFO - Processing file /opt/airflow/dags/exampledag.py for tasks to queue
[2025-04-12T19:14:44.463+0000] {logging_mixin.py:154} INFO - [2025-04-12T19:14:44.462+0000] {dagbag.py:536} INFO - Filling up the DagBag from /opt/airflow/dags/exampledag.py
[2025-04-12T19:14:44.491+0000] {processor.py:839} INFO - DAG(s) dict_keys(['chethan_test_dag']) retrieved from /opt/airflow/dags/exampledag.py
[2025-04-12T19:14:44.546+0000] {logging_mixin.py:154} INFO - [2025-04-12T19:14:44.546+0000] {dag.py:2941} INFO - Sync 1 DAGs
[2025-04-12T19:14:44.592+0000] {logging_mixin.py:154} INFO - [2025-04-12T19:14:44.592+0000] {dag.py:3722} INFO - Setting next_dagrun for chethan_test_dag to 2025-04-11T00:00:00+00:00, run_after=2025-04-12T00:00:00+00:00
[2025-04-12T19:14:44.637+0000] {processor.py:179} INFO - Processing /opt/airflow/dags/exampledag.py took 0.183 seconds
[2025-04-12T19:15:15.851+0000] {processor.py:157} INFO - Started process (PID=4024) to work on /opt/airflow/dags/exampledag.py
[2025-04-12T19:15:15.870+0000] {processor.py:829} INFO - Processing file /opt/airflow/dags/exampledag.py for tasks to queue
[2025-04-12T19:15:15.881+0000] {logging_mixin.py:154} INFO - [2025-04-12T19:15:15.881+0000] {dagbag.py:536} INFO - Filling up the DagBag from /opt/airflow/dags/exampledag.py
[2025-04-12T19:15:16.101+0000] {processor.py:839} INFO - DAG(s) dict_keys(['chethan_test_dag']) retrieved from /opt/airflow/dags/exampledag.py
[2025-04-12T19:15:16.138+0000] {logging_mixin.py:154} INFO - [2025-04-12T19:15:16.137+0000] {dag.py:2941} INFO - Sync 1 DAGs
[2025-04-12T19:15:16.184+0000] {logging_mixin.py:154} INFO - [2025-04-12T19:15:16.184+0000] {dag.py:3722} INFO - Setting next_dagrun for chethan_test_dag to 2025-04-11T00:00:00+00:00, run_after=2025-04-12T00:00:00+00:00
[2025-04-12T19:15:16.212+0000] {processor.py:179} INFO - Processing /opt/airflow/dags/exampledag.py took 0.370 seconds
[2025-04-12T19:15:47.485+0000] {processor.py:157} INFO - Started process (PID=4034) to work on /opt/airflow/dags/exampledag.py
[2025-04-12T19:15:47.486+0000] {processor.py:829} INFO - Processing file /opt/airflow/dags/exampledag.py for tasks to queue
[2025-04-12T19:15:47.487+0000] {logging_mixin.py:154} INFO - [2025-04-12T19:15:47.487+0000] {dagbag.py:536} INFO - Filling up the DagBag from /opt/airflow/dags/exampledag.py
[2025-04-12T19:15:47.517+0000] {processor.py:839} INFO - DAG(s) dict_keys(['chethan_test_dag']) retrieved from /opt/airflow/dags/exampledag.py
[2025-04-12T19:15:47.546+0000] {logging_mixin.py:154} INFO - [2025-04-12T19:15:47.546+0000] {dag.py:2941} INFO - Sync 1 DAGs
[2025-04-12T19:15:47.575+0000] {logging_mixin.py:154} INFO - [2025-04-12T19:15:47.575+0000] {dag.py:3722} INFO - Setting next_dagrun for chethan_test_dag to 2025-04-11T00:00:00+00:00, run_after=2025-04-12T00:00:00+00:00
[2025-04-12T19:15:47.618+0000] {processor.py:179} INFO - Processing /opt/airflow/dags/exampledag.py took 0.138 seconds
[2025-04-12T19:16:19.129+0000] {processor.py:157} INFO - Started process (PID=4044) to work on /opt/airflow/dags/exampledag.py
[2025-04-12T19:16:19.131+0000] {processor.py:829} INFO - Processing file /opt/airflow/dags/exampledag.py for tasks to queue
[2025-04-12T19:16:19.132+0000] {logging_mixin.py:154} INFO - [2025-04-12T19:16:19.131+0000] {dagbag.py:536} INFO - Filling up the DagBag from /opt/airflow/dags/exampledag.py
[2025-04-12T19:16:19.164+0000] {processor.py:839} INFO - DAG(s) dict_keys(['chethan_test_dag']) retrieved from /opt/airflow/dags/exampledag.py
[2025-04-12T19:16:19.212+0000] {logging_mixin.py:154} INFO - [2025-04-12T19:16:19.211+0000] {dag.py:2941} INFO - Sync 1 DAGs
[2025-04-12T19:16:19.250+0000] {logging_mixin.py:154} INFO - [2025-04-12T19:16:19.249+0000] {dag.py:3722} INFO - Setting next_dagrun for chethan_test_dag to 2025-04-11T00:00:00+00:00, run_after=2025-04-12T00:00:00+00:00
[2025-04-12T19:16:19.277+0000] {processor.py:179} INFO - Processing /opt/airflow/dags/exampledag.py took 0.151 seconds
[2025-04-12T19:16:50.076+0000] {processor.py:157} INFO - Started process (PID=4054) to work on /opt/airflow/dags/exampledag.py
[2025-04-12T19:16:50.078+0000] {processor.py:829} INFO - Processing file /opt/airflow/dags/exampledag.py for tasks to queue
[2025-04-12T19:16:50.087+0000] {logging_mixin.py:154} INFO - [2025-04-12T19:16:50.087+0000] {dagbag.py:536} INFO - Filling up the DagBag from /opt/airflow/dags/exampledag.py
[2025-04-12T19:16:50.218+0000] {processor.py:839} INFO - DAG(s) dict_keys(['chethan_test_dag']) retrieved from /opt/airflow/dags/exampledag.py
[2025-04-12T19:16:50.254+0000] {logging_mixin.py:154} INFO - [2025-04-12T19:16:50.254+0000] {dag.py:2941} INFO - Sync 1 DAGs
[2025-04-12T19:16:50.284+0000] {logging_mixin.py:154} INFO - [2025-04-12T19:16:50.284+0000] {dag.py:3722} INFO - Setting next_dagrun for chethan_test_dag to 2025-04-11T00:00:00+00:00, run_after=2025-04-12T00:00:00+00:00
[2025-04-12T19:16:50.309+0000] {processor.py:179} INFO - Processing /opt/airflow/dags/exampledag.py took 0.238 seconds
[2025-04-12T19:17:21.505+0000] {processor.py:157} INFO - Started process (PID=4064) to work on /opt/airflow/dags/exampledag.py
[2025-04-12T19:17:21.522+0000] {processor.py:829} INFO - Processing file /opt/airflow/dags/exampledag.py for tasks to queue
[2025-04-12T19:17:21.524+0000] {logging_mixin.py:154} INFO - [2025-04-12T19:17:21.523+0000] {dagbag.py:536} INFO - Filling up the DagBag from /opt/airflow/dags/exampledag.py
[2025-04-12T19:17:21.554+0000] {processor.py:839} INFO - DAG(s) dict_keys(['chethan_test_dag']) retrieved from /opt/airflow/dags/exampledag.py
[2025-04-12T19:17:21.590+0000] {logging_mixin.py:154} INFO - [2025-04-12T19:17:21.590+0000] {dag.py:2941} INFO - Sync 1 DAGs
[2025-04-12T19:17:21.618+0000] {logging_mixin.py:154} INFO - [2025-04-12T19:17:21.618+0000] {dag.py:3722} INFO - Setting next_dagrun for chethan_test_dag to 2025-04-11T00:00:00+00:00, run_after=2025-04-12T00:00:00+00:00
[2025-04-12T19:17:21.643+0000] {processor.py:179} INFO - Processing /opt/airflow/dags/exampledag.py took 0.144 seconds
[2025-04-12T19:17:52.791+0000] {processor.py:157} INFO - Started process (PID=4074) to work on /opt/airflow/dags/exampledag.py
[2025-04-12T19:17:52.793+0000] {processor.py:829} INFO - Processing file /opt/airflow/dags/exampledag.py for tasks to queue
[2025-04-12T19:17:52.794+0000] {logging_mixin.py:154} INFO - [2025-04-12T19:17:52.794+0000] {dagbag.py:536} INFO - Filling up the DagBag from /opt/airflow/dags/exampledag.py
[2025-04-12T19:17:52.823+0000] {processor.py:839} INFO - DAG(s) dict_keys(['chethan_test_dag']) retrieved from /opt/airflow/dags/exampledag.py
[2025-04-12T19:17:52.868+0000] {logging_mixin.py:154} INFO - [2025-04-12T19:17:52.868+0000] {dag.py:2941} INFO - Sync 1 DAGs
[2025-04-12T19:17:52.900+0000] {logging_mixin.py:154} INFO - [2025-04-12T19:17:52.900+0000] {dag.py:3722} INFO - Setting next_dagrun for chethan_test_dag to 2025-04-11T00:00:00+00:00, run_after=2025-04-12T00:00:00+00:00
[2025-04-12T19:17:52.933+0000] {processor.py:179} INFO - Processing /opt/airflow/dags/exampledag.py took 0.148 seconds
[2025-04-12T19:18:23.013+0000] {processor.py:157} INFO - Started process (PID=4081) to work on /opt/airflow/dags/exampledag.py
[2025-04-12T19:18:23.015+0000] {processor.py:829} INFO - Processing file /opt/airflow/dags/exampledag.py for tasks to queue
[2025-04-12T19:18:23.016+0000] {logging_mixin.py:154} INFO - [2025-04-12T19:18:23.015+0000] {dagbag.py:536} INFO - Filling up the DagBag from /opt/airflow/dags/exampledag.py
[2025-04-12T19:18:23.042+0000] {processor.py:839} INFO - DAG(s) dict_keys(['chethan_test_dag']) retrieved from /opt/airflow/dags/exampledag.py
[2025-04-12T19:18:23.074+0000] {logging_mixin.py:154} INFO - [2025-04-12T19:18:23.073+0000] {dag.py:2941} INFO - Sync 1 DAGs
[2025-04-12T19:18:23.107+0000] {logging_mixin.py:154} INFO - [2025-04-12T19:18:23.107+0000] {dag.py:3722} INFO - Setting next_dagrun for chethan_test_dag to 2025-04-11T00:00:00+00:00, run_after=2025-04-12T00:00:00+00:00
[2025-04-12T19:18:23.133+0000] {processor.py:179} INFO - Processing /opt/airflow/dags/exampledag.py took 0.123 seconds
[2025-04-12T19:18:53.933+0000] {processor.py:157} INFO - Started process (PID=4090) to work on /opt/airflow/dags/exampledag.py
[2025-04-12T19:18:53.935+0000] {processor.py:829} INFO - Processing file /opt/airflow/dags/exampledag.py for tasks to queue
[2025-04-12T19:18:53.936+0000] {logging_mixin.py:154} INFO - [2025-04-12T19:18:53.936+0000] {dagbag.py:536} INFO - Filling up the DagBag from /opt/airflow/dags/exampledag.py
[2025-04-12T19:18:53.971+0000] {processor.py:839} INFO - DAG(s) dict_keys(['chethan_test_dag']) retrieved from /opt/airflow/dags/exampledag.py
[2025-04-12T19:18:54.007+0000] {logging_mixin.py:154} INFO - [2025-04-12T19:18:54.006+0000] {dag.py:2941} INFO - Sync 1 DAGs
[2025-04-12T19:18:54.035+0000] {logging_mixin.py:154} INFO - [2025-04-12T19:18:54.034+0000] {dag.py:3722} INFO - Setting next_dagrun for chethan_test_dag to 2025-04-11T00:00:00+00:00, run_after=2025-04-12T00:00:00+00:00
[2025-04-12T19:18:54.057+0000] {processor.py:179} INFO - Processing /opt/airflow/dags/exampledag.py took 0.128 seconds
[2025-04-12T19:19:25.674+0000] {processor.py:157} INFO - Started process (PID=4101) to work on /opt/airflow/dags/exampledag.py
[2025-04-12T19:19:25.676+0000] {processor.py:829} INFO - Processing file /opt/airflow/dags/exampledag.py for tasks to queue
[2025-04-12T19:19:25.677+0000] {logging_mixin.py:154} INFO - [2025-04-12T19:19:25.677+0000] {dagbag.py:536} INFO - Filling up the DagBag from /opt/airflow/dags/exampledag.py
[2025-04-12T19:19:25.712+0000] {processor.py:839} INFO - DAG(s) dict_keys(['chethan_test_dag']) retrieved from /opt/airflow/dags/exampledag.py
[2025-04-12T19:19:25.765+0000] {logging_mixin.py:154} INFO - [2025-04-12T19:19:25.764+0000] {dag.py:2941} INFO - Sync 1 DAGs
[2025-04-12T19:19:25.796+0000] {logging_mixin.py:154} INFO - [2025-04-12T19:19:25.796+0000] {dag.py:3722} INFO - Setting next_dagrun for chethan_test_dag to 2025-04-11T00:00:00+00:00, run_after=2025-04-12T00:00:00+00:00
[2025-04-12T19:19:25.820+0000] {processor.py:179} INFO - Processing /opt/airflow/dags/exampledag.py took 0.150 seconds
[2025-04-12T19:19:56.538+0000] {processor.py:157} INFO - Started process (PID=4111) to work on /opt/airflow/dags/exampledag.py
[2025-04-12T19:19:56.540+0000] {processor.py:829} INFO - Processing file /opt/airflow/dags/exampledag.py for tasks to queue
[2025-04-12T19:19:56.541+0000] {logging_mixin.py:154} INFO - [2025-04-12T19:19:56.541+0000] {dagbag.py:536} INFO - Filling up the DagBag from /opt/airflow/dags/exampledag.py
[2025-04-12T19:19:56.566+0000] {processor.py:839} INFO - DAG(s) dict_keys(['chethan_test_dag']) retrieved from /opt/airflow/dags/exampledag.py
[2025-04-12T19:19:56.595+0000] {logging_mixin.py:154} INFO - [2025-04-12T19:19:56.594+0000] {dag.py:2941} INFO - Sync 1 DAGs
[2025-04-12T19:19:56.623+0000] {logging_mixin.py:154} INFO - [2025-04-12T19:19:56.622+0000] {dag.py:3722} INFO - Setting next_dagrun for chethan_test_dag to 2025-04-11T00:00:00+00:00, run_after=2025-04-12T00:00:00+00:00
[2025-04-12T19:19:56.659+0000] {processor.py:179} INFO - Processing /opt/airflow/dags/exampledag.py took 0.125 seconds
[2025-04-12T19:20:27.776+0000] {processor.py:157} INFO - Started process (PID=4120) to work on /opt/airflow/dags/exampledag.py
[2025-04-12T19:20:27.777+0000] {processor.py:829} INFO - Processing file /opt/airflow/dags/exampledag.py for tasks to queue
[2025-04-12T19:20:27.778+0000] {logging_mixin.py:154} INFO - [2025-04-12T19:20:27.778+0000] {dagbag.py:536} INFO - Filling up the DagBag from /opt/airflow/dags/exampledag.py
[2025-04-12T19:20:27.805+0000] {processor.py:839} INFO - DAG(s) dict_keys(['chethan_test_dag']) retrieved from /opt/airflow/dags/exampledag.py
[2025-04-12T19:20:27.846+0000] {logging_mixin.py:154} INFO - [2025-04-12T19:20:27.845+0000] {dag.py:2941} INFO - Sync 1 DAGs
[2025-04-12T19:20:27.885+0000] {logging_mixin.py:154} INFO - [2025-04-12T19:20:27.884+0000] {dag.py:3722} INFO - Setting next_dagrun for chethan_test_dag to 2025-04-11T00:00:00+00:00, run_after=2025-04-12T00:00:00+00:00
[2025-04-12T19:20:27.910+0000] {processor.py:179} INFO - Processing /opt/airflow/dags/exampledag.py took 0.139 seconds
[2025-04-12T19:20:58.444+0000] {processor.py:157} INFO - Started process (PID=4129) to work on /opt/airflow/dags/exampledag.py
[2025-04-12T19:20:58.446+0000] {processor.py:829} INFO - Processing file /opt/airflow/dags/exampledag.py for tasks to queue
[2025-04-12T19:20:58.447+0000] {logging_mixin.py:154} INFO - [2025-04-12T19:20:58.447+0000] {dagbag.py:536} INFO - Filling up the DagBag from /opt/airflow/dags/exampledag.py
[2025-04-12T19:20:58.478+0000] {processor.py:839} INFO - DAG(s) dict_keys(['chethan_test_dag']) retrieved from /opt/airflow/dags/exampledag.py
[2025-04-12T19:20:58.506+0000] {logging_mixin.py:154} INFO - [2025-04-12T19:20:58.506+0000] {dag.py:2941} INFO - Sync 1 DAGs
[2025-04-12T19:20:58.537+0000] {logging_mixin.py:154} INFO - [2025-04-12T19:20:58.537+0000] {dag.py:3722} INFO - Setting next_dagrun for chethan_test_dag to 2025-04-11T00:00:00+00:00, run_after=2025-04-12T00:00:00+00:00
[2025-04-12T19:20:58.574+0000] {processor.py:179} INFO - Processing /opt/airflow/dags/exampledag.py took 0.133 seconds
[2025-04-12T19:21:29.380+0000] {processor.py:157} INFO - Started process (PID=4137) to work on /opt/airflow/dags/exampledag.py
[2025-04-12T19:21:29.382+0000] {processor.py:829} INFO - Processing file /opt/airflow/dags/exampledag.py for tasks to queue
[2025-04-12T19:21:29.384+0000] {logging_mixin.py:154} INFO - [2025-04-12T19:21:29.383+0000] {dagbag.py:536} INFO - Filling up the DagBag from /opt/airflow/dags/exampledag.py
[2025-04-12T19:21:29.417+0000] {processor.py:839} INFO - DAG(s) dict_keys(['chethan_test_dag']) retrieved from /opt/airflow/dags/exampledag.py
[2025-04-12T19:21:29.451+0000] {logging_mixin.py:154} INFO - [2025-04-12T19:21:29.451+0000] {dag.py:2941} INFO - Sync 1 DAGs
[2025-04-12T19:21:29.488+0000] {logging_mixin.py:154} INFO - [2025-04-12T19:21:29.488+0000] {dag.py:3722} INFO - Setting next_dagrun for chethan_test_dag to 2025-04-11T00:00:00+00:00, run_after=2025-04-12T00:00:00+00:00
[2025-04-12T19:21:29.531+0000] {processor.py:179} INFO - Processing /opt/airflow/dags/exampledag.py took 0.155 seconds
[2025-04-12T19:21:59.672+0000] {processor.py:157} INFO - Started process (PID=4146) to work on /opt/airflow/dags/exampledag.py
[2025-04-12T19:21:59.674+0000] {processor.py:829} INFO - Processing file /opt/airflow/dags/exampledag.py for tasks to queue
[2025-04-12T19:21:59.677+0000] {logging_mixin.py:154} INFO - [2025-04-12T19:21:59.676+0000] {dagbag.py:536} INFO - Filling up the DagBag from /opt/airflow/dags/exampledag.py
[2025-04-12T19:21:59.714+0000] {processor.py:839} INFO - DAG(s) dict_keys(['chethan_test_dag']) retrieved from /opt/airflow/dags/exampledag.py
[2025-04-12T19:21:59.747+0000] {logging_mixin.py:154} INFO - [2025-04-12T19:21:59.747+0000] {dag.py:2941} INFO - Sync 1 DAGs
[2025-04-12T19:21:59.775+0000] {logging_mixin.py:154} INFO - [2025-04-12T19:21:59.774+0000] {dag.py:3722} INFO - Setting next_dagrun for chethan_test_dag to 2025-04-11T00:00:00+00:00, run_after=2025-04-12T00:00:00+00:00
[2025-04-12T19:21:59.802+0000] {processor.py:179} INFO - Processing /opt/airflow/dags/exampledag.py took 0.135 seconds
[2025-04-12T19:47:04.396+0000] {processor.py:157} INFO - Started process (PID=4167) to work on /opt/airflow/dags/exampledag.py
[2025-04-12T19:47:04.398+0000] {processor.py:829} INFO - Processing file /opt/airflow/dags/exampledag.py for tasks to queue
[2025-04-12T19:47:04.401+0000] {logging_mixin.py:154} INFO - [2025-04-12T19:47:04.401+0000] {dagbag.py:536} INFO - Filling up the DagBag from /opt/airflow/dags/exampledag.py
[2025-04-12T19:47:04.449+0000] {processor.py:839} INFO - DAG(s) dict_keys(['chethan_test_dag']) retrieved from /opt/airflow/dags/exampledag.py
[2025-04-12T19:47:04.493+0000] {logging_mixin.py:154} INFO - [2025-04-12T19:47:04.493+0000] {dag.py:2941} INFO - Sync 1 DAGs
[2025-04-12T19:47:04.530+0000] {logging_mixin.py:154} INFO - [2025-04-12T19:47:04.530+0000] {dag.py:3722} INFO - Setting next_dagrun for chethan_test_dag to 2025-04-11T00:00:00+00:00, run_after=2025-04-12T00:00:00+00:00
[2025-04-12T19:47:04.554+0000] {processor.py:179} INFO - Processing /opt/airflow/dags/exampledag.py took 0.164 seconds
[2025-04-12T19:47:35.508+0000] {processor.py:157} INFO - Started process (PID=4177) to work on /opt/airflow/dags/exampledag.py
[2025-04-12T19:47:35.515+0000] {processor.py:829} INFO - Processing file /opt/airflow/dags/exampledag.py for tasks to queue
[2025-04-12T19:47:35.518+0000] {logging_mixin.py:154} INFO - [2025-04-12T19:47:35.517+0000] {dagbag.py:536} INFO - Filling up the DagBag from /opt/airflow/dags/exampledag.py
[2025-04-12T19:47:35.716+0000] {processor.py:839} INFO - DAG(s) dict_keys(['chethan_test_dag']) retrieved from /opt/airflow/dags/exampledag.py
[2025-04-12T19:47:35.750+0000] {logging_mixin.py:154} INFO - [2025-04-12T19:47:35.750+0000] {dag.py:2941} INFO - Sync 1 DAGs
[2025-04-12T19:47:35.773+0000] {logging_mixin.py:154} INFO - [2025-04-12T19:47:35.773+0000] {dag.py:3722} INFO - Setting next_dagrun for chethan_test_dag to 2025-04-11T00:00:00+00:00, run_after=2025-04-12T00:00:00+00:00
[2025-04-12T19:47:35.811+0000] {processor.py:179} INFO - Processing /opt/airflow/dags/exampledag.py took 0.312 seconds
[2025-04-12T19:48:06.324+0000] {processor.py:157} INFO - Started process (PID=4187) to work on /opt/airflow/dags/exampledag.py
[2025-04-12T19:48:06.325+0000] {processor.py:829} INFO - Processing file /opt/airflow/dags/exampledag.py for tasks to queue
[2025-04-12T19:48:06.327+0000] {logging_mixin.py:154} INFO - [2025-04-12T19:48:06.326+0000] {dagbag.py:536} INFO - Filling up the DagBag from /opt/airflow/dags/exampledag.py
[2025-04-12T19:48:06.354+0000] {processor.py:839} INFO - DAG(s) dict_keys(['chethan_test_dag']) retrieved from /opt/airflow/dags/exampledag.py
[2025-04-12T19:48:06.379+0000] {logging_mixin.py:154} INFO - [2025-04-12T19:48:06.379+0000] {dag.py:2941} INFO - Sync 1 DAGs
[2025-04-12T19:48:06.407+0000] {logging_mixin.py:154} INFO - [2025-04-12T19:48:06.406+0000] {dag.py:3722} INFO - Setting next_dagrun for chethan_test_dag to 2025-04-11T00:00:00+00:00, run_after=2025-04-12T00:00:00+00:00
[2025-04-12T19:48:06.431+0000] {processor.py:179} INFO - Processing /opt/airflow/dags/exampledag.py took 0.109 seconds
[2025-04-12T19:48:37.329+0000] {processor.py:157} INFO - Started process (PID=4197) to work on /opt/airflow/dags/exampledag.py
[2025-04-12T19:48:37.330+0000] {processor.py:829} INFO - Processing file /opt/airflow/dags/exampledag.py for tasks to queue
[2025-04-12T19:48:37.331+0000] {logging_mixin.py:154} INFO - [2025-04-12T19:48:37.331+0000] {dagbag.py:536} INFO - Filling up the DagBag from /opt/airflow/dags/exampledag.py
[2025-04-12T19:48:37.349+0000] {processor.py:839} INFO - DAG(s) dict_keys(['chethan_test_dag']) retrieved from /opt/airflow/dags/exampledag.py
[2025-04-12T19:48:37.368+0000] {logging_mixin.py:154} INFO - [2025-04-12T19:48:37.368+0000] {dag.py:2941} INFO - Sync 1 DAGs
[2025-04-12T19:48:37.387+0000] {logging_mixin.py:154} INFO - [2025-04-12T19:48:37.387+0000] {dag.py:3722} INFO - Setting next_dagrun for chethan_test_dag to 2025-04-11T00:00:00+00:00, run_after=2025-04-12T00:00:00+00:00
[2025-04-12T19:48:37.412+0000] {processor.py:179} INFO - Processing /opt/airflow/dags/exampledag.py took 0.086 seconds
[2025-04-12T19:49:07.929+0000] {processor.py:157} INFO - Started process (PID=4206) to work on /opt/airflow/dags/exampledag.py
[2025-04-12T19:49:07.930+0000] {processor.py:829} INFO - Processing file /opt/airflow/dags/exampledag.py for tasks to queue
[2025-04-12T19:49:07.931+0000] {logging_mixin.py:154} INFO - [2025-04-12T19:49:07.931+0000] {dagbag.py:536} INFO - Filling up the DagBag from /opt/airflow/dags/exampledag.py
[2025-04-12T19:49:07.954+0000] {processor.py:839} INFO - DAG(s) dict_keys(['chethan_test_dag']) retrieved from /opt/airflow/dags/exampledag.py
[2025-04-12T19:49:07.990+0000] {logging_mixin.py:154} INFO - [2025-04-12T19:49:07.990+0000] {dag.py:2941} INFO - Sync 1 DAGs
[2025-04-12T19:49:08.023+0000] {logging_mixin.py:154} INFO - [2025-04-12T19:49:08.023+0000] {dag.py:3722} INFO - Setting next_dagrun for chethan_test_dag to 2025-04-11T00:00:00+00:00, run_after=2025-04-12T00:00:00+00:00
[2025-04-12T19:49:08.072+0000] {processor.py:179} INFO - Processing /opt/airflow/dags/exampledag.py took 0.146 seconds
[2025-04-12T19:49:38.680+0000] {processor.py:157} INFO - Started process (PID=4216) to work on /opt/airflow/dags/exampledag.py
[2025-04-12T19:49:38.687+0000] {processor.py:829} INFO - Processing file /opt/airflow/dags/exampledag.py for tasks to queue
[2025-04-12T19:49:38.688+0000] {logging_mixin.py:154} INFO - [2025-04-12T19:49:38.687+0000] {dagbag.py:536} INFO - Filling up the DagBag from /opt/airflow/dags/exampledag.py
[2025-04-12T19:49:38.712+0000] {processor.py:839} INFO - DAG(s) dict_keys(['chethan_test_dag']) retrieved from /opt/airflow/dags/exampledag.py
[2025-04-12T19:49:38.749+0000] {logging_mixin.py:154} INFO - [2025-04-12T19:49:38.749+0000] {dag.py:2941} INFO - Sync 1 DAGs
[2025-04-12T19:49:38.803+0000] {logging_mixin.py:154} INFO - [2025-04-12T19:49:38.803+0000] {dag.py:3722} INFO - Setting next_dagrun for chethan_test_dag to 2025-04-11T00:00:00+00:00, run_after=2025-04-12T00:00:00+00:00
[2025-04-12T19:49:38.821+0000] {processor.py:179} INFO - Processing /opt/airflow/dags/exampledag.py took 0.144 seconds
[2025-04-12T20:07:17.422+0000] {processor.py:157} INFO - Started process (PID=4227) to work on /opt/airflow/dags/exampledag.py
[2025-04-12T20:07:17.423+0000] {processor.py:829} INFO - Processing file /opt/airflow/dags/exampledag.py for tasks to queue
[2025-04-12T20:07:17.424+0000] {logging_mixin.py:154} INFO - [2025-04-12T20:07:17.424+0000] {dagbag.py:536} INFO - Filling up the DagBag from /opt/airflow/dags/exampledag.py
[2025-04-12T20:07:17.450+0000] {processor.py:839} INFO - DAG(s) dict_keys(['chethan_test_dag']) retrieved from /opt/airflow/dags/exampledag.py
[2025-04-12T20:07:17.485+0000] {logging_mixin.py:154} INFO - [2025-04-12T20:07:17.485+0000] {dag.py:2941} INFO - Sync 1 DAGs
[2025-04-12T20:07:17.506+0000] {logging_mixin.py:154} INFO - [2025-04-12T20:07:17.506+0000] {dag.py:3722} INFO - Setting next_dagrun for chethan_test_dag to 2025-04-11T00:00:00+00:00, run_after=2025-04-12T00:00:00+00:00
[2025-04-12T20:07:17.615+0000] {processor.py:179} INFO - Processing /opt/airflow/dags/exampledag.py took 0.196 seconds
[2025-04-12T20:07:48.831+0000] {processor.py:157} INFO - Started process (PID=4237) to work on /opt/airflow/dags/exampledag.py
[2025-04-12T20:07:48.833+0000] {processor.py:829} INFO - Processing file /opt/airflow/dags/exampledag.py for tasks to queue
[2025-04-12T20:07:48.836+0000] {logging_mixin.py:154} INFO - [2025-04-12T20:07:48.836+0000] {dagbag.py:536} INFO - Filling up the DagBag from /opt/airflow/dags/exampledag.py
[2025-04-12T20:07:48.873+0000] {processor.py:839} INFO - DAG(s) dict_keys(['chethan_test_dag']) retrieved from /opt/airflow/dags/exampledag.py
[2025-04-12T20:07:48.914+0000] {logging_mixin.py:154} INFO - [2025-04-12T20:07:48.913+0000] {dag.py:2941} INFO - Sync 1 DAGs
[2025-04-12T20:07:48.949+0000] {logging_mixin.py:154} INFO - [2025-04-12T20:07:48.948+0000] {dag.py:3722} INFO - Setting next_dagrun for chethan_test_dag to 2025-04-11T00:00:00+00:00, run_after=2025-04-12T00:00:00+00:00
[2025-04-12T20:07:49.017+0000] {processor.py:179} INFO - Processing /opt/airflow/dags/exampledag.py took 0.194 seconds
[2025-04-12T20:08:19.699+0000] {processor.py:157} INFO - Started process (PID=4246) to work on /opt/airflow/dags/exampledag.py
[2025-04-12T20:08:19.701+0000] {processor.py:829} INFO - Processing file /opt/airflow/dags/exampledag.py for tasks to queue
[2025-04-12T20:08:19.702+0000] {logging_mixin.py:154} INFO - [2025-04-12T20:08:19.702+0000] {dagbag.py:536} INFO - Filling up the DagBag from /opt/airflow/dags/exampledag.py
[2025-04-12T20:08:19.729+0000] {processor.py:839} INFO - DAG(s) dict_keys(['chethan_test_dag']) retrieved from /opt/airflow/dags/exampledag.py
[2025-04-12T20:08:19.756+0000] {logging_mixin.py:154} INFO - [2025-04-12T20:08:19.755+0000] {dag.py:2941} INFO - Sync 1 DAGs
[2025-04-12T20:08:19.782+0000] {logging_mixin.py:154} INFO - [2025-04-12T20:08:19.782+0000] {dag.py:3722} INFO - Setting next_dagrun for chethan_test_dag to 2025-04-11T00:00:00+00:00, run_after=2025-04-12T00:00:00+00:00
[2025-04-12T20:08:19.808+0000] {processor.py:179} INFO - Processing /opt/airflow/dags/exampledag.py took 0.113 seconds
[2025-04-12T20:08:51.610+0000] {processor.py:157} INFO - Started process (PID=4257) to work on /opt/airflow/dags/exampledag.py
[2025-04-12T20:08:51.613+0000] {processor.py:829} INFO - Processing file /opt/airflow/dags/exampledag.py for tasks to queue
[2025-04-12T20:08:51.614+0000] {logging_mixin.py:154} INFO - [2025-04-12T20:08:51.614+0000] {dagbag.py:536} INFO - Filling up the DagBag from /opt/airflow/dags/exampledag.py
[2025-04-12T20:08:51.643+0000] {processor.py:839} INFO - DAG(s) dict_keys(['chethan_test_dag']) retrieved from /opt/airflow/dags/exampledag.py
[2025-04-12T20:08:51.671+0000] {logging_mixin.py:154} INFO - [2025-04-12T20:08:51.671+0000] {dag.py:2941} INFO - Sync 1 DAGs
[2025-04-12T20:08:51.700+0000] {logging_mixin.py:154} INFO - [2025-04-12T20:08:51.699+0000] {dag.py:3722} INFO - Setting next_dagrun for chethan_test_dag to 2025-04-11T00:00:00+00:00, run_after=2025-04-12T00:00:00+00:00
[2025-04-12T20:08:51.746+0000] {processor.py:179} INFO - Processing /opt/airflow/dags/exampledag.py took 0.140 seconds
[2025-04-12T20:09:22.013+0000] {processor.py:157} INFO - Started process (PID=4265) to work on /opt/airflow/dags/exampledag.py
[2025-04-12T20:09:22.015+0000] {processor.py:829} INFO - Processing file /opt/airflow/dags/exampledag.py for tasks to queue
[2025-04-12T20:09:22.016+0000] {logging_mixin.py:154} INFO - [2025-04-12T20:09:22.016+0000] {dagbag.py:536} INFO - Filling up the DagBag from /opt/airflow/dags/exampledag.py
[2025-04-12T20:09:22.041+0000] {processor.py:839} INFO - DAG(s) dict_keys(['chethan_test_dag']) retrieved from /opt/airflow/dags/exampledag.py
[2025-04-12T20:09:22.077+0000] {logging_mixin.py:154} INFO - [2025-04-12T20:09:22.077+0000] {dag.py:2941} INFO - Sync 1 DAGs
[2025-04-12T20:09:22.116+0000] {logging_mixin.py:154} INFO - [2025-04-12T20:09:22.116+0000] {dag.py:3722} INFO - Setting next_dagrun for chethan_test_dag to 2025-04-11T00:00:00+00:00, run_after=2025-04-12T00:00:00+00:00
[2025-04-12T20:09:22.139+0000] {processor.py:179} INFO - Processing /opt/airflow/dags/exampledag.py took 0.130 seconds
[2025-04-12T20:09:55.138+0000] {processor.py:157} INFO - Started process (PID=4277) to work on /opt/airflow/dags/exampledag.py
[2025-04-12T20:09:55.139+0000] {processor.py:829} INFO - Processing file /opt/airflow/dags/exampledag.py for tasks to queue
[2025-04-12T20:09:55.140+0000] {logging_mixin.py:154} INFO - [2025-04-12T20:09:55.140+0000] {dagbag.py:536} INFO - Filling up the DagBag from /opt/airflow/dags/exampledag.py
[2025-04-12T20:09:55.243+0000] {processor.py:839} INFO - DAG(s) dict_keys(['chethan_test_dag']) retrieved from /opt/airflow/dags/exampledag.py
[2025-04-12T20:09:55.273+0000] {logging_mixin.py:154} INFO - [2025-04-12T20:09:55.273+0000] {dag.py:2941} INFO - Sync 1 DAGs
[2025-04-12T20:09:55.317+0000] {logging_mixin.py:154} INFO - [2025-04-12T20:09:55.317+0000] {dag.py:3722} INFO - Setting next_dagrun for chethan_test_dag to 2025-04-11T00:00:00+00:00, run_after=2025-04-12T00:00:00+00:00
[2025-04-12T20:09:55.353+0000] {processor.py:179} INFO - Processing /opt/airflow/dags/exampledag.py took 0.219 seconds
[2025-04-12T20:10:26.785+0000] {processor.py:157} INFO - Started process (PID=4287) to work on /opt/airflow/dags/exampledag.py
[2025-04-12T20:10:26.786+0000] {processor.py:829} INFO - Processing file /opt/airflow/dags/exampledag.py for tasks to queue
[2025-04-12T20:10:26.788+0000] {logging_mixin.py:154} INFO - [2025-04-12T20:10:26.787+0000] {dagbag.py:536} INFO - Filling up the DagBag from /opt/airflow/dags/exampledag.py
[2025-04-12T20:10:26.824+0000] {processor.py:839} INFO - DAG(s) dict_keys(['chethan_test_dag']) retrieved from /opt/airflow/dags/exampledag.py
[2025-04-12T20:10:26.856+0000] {logging_mixin.py:154} INFO - [2025-04-12T20:10:26.856+0000] {dag.py:2941} INFO - Sync 1 DAGs
[2025-04-12T20:10:26.885+0000] {logging_mixin.py:154} INFO - [2025-04-12T20:10:26.885+0000] {dag.py:3722} INFO - Setting next_dagrun for chethan_test_dag to 2025-04-11T00:00:00+00:00, run_after=2025-04-12T00:00:00+00:00
[2025-04-12T20:10:26.933+0000] {processor.py:179} INFO - Processing /opt/airflow/dags/exampledag.py took 0.152 seconds
[2025-04-12T20:10:57.773+0000] {processor.py:157} INFO - Started process (PID=4297) to work on /opt/airflow/dags/exampledag.py
[2025-04-12T20:10:57.774+0000] {processor.py:829} INFO - Processing file /opt/airflow/dags/exampledag.py for tasks to queue
[2025-04-12T20:10:57.776+0000] {logging_mixin.py:154} INFO - [2025-04-12T20:10:57.775+0000] {dagbag.py:536} INFO - Filling up the DagBag from /opt/airflow/dags/exampledag.py
[2025-04-12T20:10:57.806+0000] {processor.py:839} INFO - DAG(s) dict_keys(['chethan_test_dag']) retrieved from /opt/airflow/dags/exampledag.py
[2025-04-12T20:10:57.837+0000] {logging_mixin.py:154} INFO - [2025-04-12T20:10:57.837+0000] {dag.py:2941} INFO - Sync 1 DAGs
[2025-04-12T20:10:57.864+0000] {logging_mixin.py:154} INFO - [2025-04-12T20:10:57.864+0000] {dag.py:3722} INFO - Setting next_dagrun for chethan_test_dag to 2025-04-11T00:00:00+00:00, run_after=2025-04-12T00:00:00+00:00
[2025-04-12T20:10:57.886+0000] {processor.py:179} INFO - Processing /opt/airflow/dags/exampledag.py took 0.119 seconds
[2025-04-12T20:11:31.400+0000] {processor.py:157} INFO - Started process (PID=4307) to work on /opt/airflow/dags/exampledag.py
[2025-04-12T20:11:31.414+0000] {processor.py:829} INFO - Processing file /opt/airflow/dags/exampledag.py for tasks to queue
[2025-04-12T20:11:31.426+0000] {logging_mixin.py:154} INFO - [2025-04-12T20:11:31.425+0000] {dagbag.py:536} INFO - Filling up the DagBag from /opt/airflow/dags/exampledag.py
[2025-04-12T20:11:31.529+0000] {processor.py:839} INFO - DAG(s) dict_keys(['chethan_test_dag']) retrieved from /opt/airflow/dags/exampledag.py
[2025-04-12T20:11:31.564+0000] {logging_mixin.py:154} INFO - [2025-04-12T20:11:31.564+0000] {dag.py:2941} INFO - Sync 1 DAGs
[2025-04-12T20:11:31.608+0000] {logging_mixin.py:154} INFO - [2025-04-12T20:11:31.608+0000] {dag.py:3722} INFO - Setting next_dagrun for chethan_test_dag to 2025-04-11T00:00:00+00:00, run_after=2025-04-12T00:00:00+00:00
[2025-04-12T20:11:31.718+0000] {processor.py:179} INFO - Processing /opt/airflow/dags/exampledag.py took 0.323 seconds
[2025-04-12T20:12:02.508+0000] {processor.py:157} INFO - Started process (PID=4316) to work on /opt/airflow/dags/exampledag.py
[2025-04-12T20:12:02.509+0000] {processor.py:829} INFO - Processing file /opt/airflow/dags/exampledag.py for tasks to queue
[2025-04-12T20:12:02.511+0000] {logging_mixin.py:154} INFO - [2025-04-12T20:12:02.510+0000] {dagbag.py:536} INFO - Filling up the DagBag from /opt/airflow/dags/exampledag.py
[2025-04-12T20:12:02.543+0000] {processor.py:839} INFO - DAG(s) dict_keys(['chethan_test_dag']) retrieved from /opt/airflow/dags/exampledag.py
[2025-04-12T20:12:02.585+0000] {logging_mixin.py:154} INFO - [2025-04-12T20:12:02.585+0000] {dag.py:2941} INFO - Sync 1 DAGs
[2025-04-12T20:12:02.622+0000] {logging_mixin.py:154} INFO - [2025-04-12T20:12:02.622+0000] {dag.py:3722} INFO - Setting next_dagrun for chethan_test_dag to 2025-04-11T00:00:00+00:00, run_after=2025-04-12T00:00:00+00:00
[2025-04-12T20:12:02.650+0000] {processor.py:179} INFO - Processing /opt/airflow/dags/exampledag.py took 0.152 seconds
[2025-04-12T20:12:33.727+0000] {processor.py:157} INFO - Started process (PID=4327) to work on /opt/airflow/dags/exampledag.py
[2025-04-12T20:12:33.729+0000] {processor.py:829} INFO - Processing file /opt/airflow/dags/exampledag.py for tasks to queue
[2025-04-12T20:12:33.731+0000] {logging_mixin.py:154} INFO - [2025-04-12T20:12:33.731+0000] {dagbag.py:536} INFO - Filling up the DagBag from /opt/airflow/dags/exampledag.py
[2025-04-12T20:12:33.774+0000] {processor.py:839} INFO - DAG(s) dict_keys(['chethan_test_dag']) retrieved from /opt/airflow/dags/exampledag.py
[2025-04-12T20:12:33.819+0000] {logging_mixin.py:154} INFO - [2025-04-12T20:12:33.819+0000] {dag.py:2941} INFO - Sync 1 DAGs
[2025-04-12T20:12:33.860+0000] {logging_mixin.py:154} INFO - [2025-04-12T20:12:33.859+0000] {dag.py:3722} INFO - Setting next_dagrun for chethan_test_dag to 2025-04-11T00:00:00+00:00, run_after=2025-04-12T00:00:00+00:00
[2025-04-12T20:12:33.895+0000] {processor.py:179} INFO - Processing /opt/airflow/dags/exampledag.py took 0.173 seconds
[2025-04-12T20:13:05.000+0000] {processor.py:157} INFO - Started process (PID=4335) to work on /opt/airflow/dags/exampledag.py
[2025-04-12T20:13:05.032+0000] {processor.py:829} INFO - Processing file /opt/airflow/dags/exampledag.py for tasks to queue
[2025-04-12T20:13:05.035+0000] {logging_mixin.py:154} INFO - [2025-04-12T20:13:05.034+0000] {dagbag.py:536} INFO - Filling up the DagBag from /opt/airflow/dags/exampledag.py
[2025-04-12T20:13:05.130+0000] {processor.py:839} INFO - DAG(s) dict_keys(['chethan_test_dag']) retrieved from /opt/airflow/dags/exampledag.py
[2025-04-12T20:13:05.189+0000] {logging_mixin.py:154} INFO - [2025-04-12T20:13:05.189+0000] {dag.py:2941} INFO - Sync 1 DAGs
[2025-04-12T20:13:05.239+0000] {logging_mixin.py:154} INFO - [2025-04-12T20:13:05.239+0000] {dag.py:3722} INFO - Setting next_dagrun for chethan_test_dag to 2025-04-11T00:00:00+00:00, run_after=2025-04-12T00:00:00+00:00
[2025-04-12T20:13:05.297+0000] {processor.py:179} INFO - Processing /opt/airflow/dags/exampledag.py took 0.302 seconds
[2025-04-12T20:13:35.844+0000] {processor.py:157} INFO - Started process (PID=4345) to work on /opt/airflow/dags/exampledag.py
[2025-04-12T20:13:35.845+0000] {processor.py:829} INFO - Processing file /opt/airflow/dags/exampledag.py for tasks to queue
[2025-04-12T20:13:35.847+0000] {logging_mixin.py:154} INFO - [2025-04-12T20:13:35.847+0000] {dagbag.py:536} INFO - Filling up the DagBag from /opt/airflow/dags/exampledag.py
[2025-04-12T20:13:35.881+0000] {processor.py:839} INFO - DAG(s) dict_keys(['chethan_test_dag']) retrieved from /opt/airflow/dags/exampledag.py
[2025-04-12T20:13:35.917+0000] {logging_mixin.py:154} INFO - [2025-04-12T20:13:35.917+0000] {dag.py:2941} INFO - Sync 1 DAGs
[2025-04-12T20:13:35.949+0000] {logging_mixin.py:154} INFO - [2025-04-12T20:13:35.949+0000] {dag.py:3722} INFO - Setting next_dagrun for chethan_test_dag to 2025-04-11T00:00:00+00:00, run_after=2025-04-12T00:00:00+00:00
[2025-04-12T20:13:35.982+0000] {processor.py:179} INFO - Processing /opt/airflow/dags/exampledag.py took 0.142 seconds
[2025-04-12T20:14:07.264+0000] {processor.py:157} INFO - Started process (PID=4355) to work on /opt/airflow/dags/exampledag.py
[2025-04-12T20:14:07.282+0000] {processor.py:829} INFO - Processing file /opt/airflow/dags/exampledag.py for tasks to queue
[2025-04-12T20:14:07.287+0000] {logging_mixin.py:154} INFO - [2025-04-12T20:14:07.285+0000] {dagbag.py:536} INFO - Filling up the DagBag from /opt/airflow/dags/exampledag.py
[2025-04-12T20:14:07.358+0000] {processor.py:839} INFO - DAG(s) dict_keys(['chethan_test_dag']) retrieved from /opt/airflow/dags/exampledag.py
[2025-04-12T20:14:07.440+0000] {logging_mixin.py:154} INFO - [2025-04-12T20:14:07.439+0000] {dag.py:2941} INFO - Sync 1 DAGs
[2025-04-12T20:14:07.523+0000] {logging_mixin.py:154} INFO - [2025-04-12T20:14:07.522+0000] {dag.py:3722} INFO - Setting next_dagrun for chethan_test_dag to 2025-04-11T00:00:00+00:00, run_after=2025-04-12T00:00:00+00:00
[2025-04-12T20:14:07.576+0000] {processor.py:179} INFO - Processing /opt/airflow/dags/exampledag.py took 0.327 seconds
[2025-04-12T20:14:39.600+0000] {processor.py:157} INFO - Started process (PID=4364) to work on /opt/airflow/dags/exampledag.py
[2025-04-12T20:14:39.629+0000] {processor.py:829} INFO - Processing file /opt/airflow/dags/exampledag.py for tasks to queue
[2025-04-12T20:14:39.641+0000] {logging_mixin.py:154} INFO - [2025-04-12T20:14:39.640+0000] {dagbag.py:536} INFO - Filling up the DagBag from /opt/airflow/dags/exampledag.py
[2025-04-12T20:14:40.091+0000] {processor.py:839} INFO - DAG(s) dict_keys(['chethan_test_dag']) retrieved from /opt/airflow/dags/exampledag.py
[2025-04-12T20:14:40.149+0000] {logging_mixin.py:154} INFO - [2025-04-12T20:14:40.148+0000] {dag.py:2941} INFO - Sync 1 DAGs
[2025-04-12T20:14:40.218+0000] {logging_mixin.py:154} INFO - [2025-04-12T20:14:40.218+0000] {dag.py:3722} INFO - Setting next_dagrun for chethan_test_dag to 2025-04-11T00:00:00+00:00, run_after=2025-04-12T00:00:00+00:00
[2025-04-12T20:14:40.271+0000] {processor.py:179} INFO - Processing /opt/airflow/dags/exampledag.py took 0.677 seconds
[2025-04-12T20:15:11.133+0000] {processor.py:157} INFO - Started process (PID=4374) to work on /opt/airflow/dags/exampledag.py
[2025-04-12T20:15:11.136+0000] {processor.py:829} INFO - Processing file /opt/airflow/dags/exampledag.py for tasks to queue
[2025-04-12T20:15:11.139+0000] {logging_mixin.py:154} INFO - [2025-04-12T20:15:11.138+0000] {dagbag.py:536} INFO - Filling up the DagBag from /opt/airflow/dags/exampledag.py
[2025-04-12T20:15:11.198+0000] {processor.py:839} INFO - DAG(s) dict_keys(['chethan_test_dag']) retrieved from /opt/airflow/dags/exampledag.py
[2025-04-12T20:15:11.268+0000] {logging_mixin.py:154} INFO - [2025-04-12T20:15:11.267+0000] {dag.py:2941} INFO - Sync 1 DAGs
[2025-04-12T20:15:11.320+0000] {logging_mixin.py:154} INFO - [2025-04-12T20:15:11.320+0000] {dag.py:3722} INFO - Setting next_dagrun for chethan_test_dag to 2025-04-11T00:00:00+00:00, run_after=2025-04-12T00:00:00+00:00
[2025-04-12T20:15:11.373+0000] {processor.py:179} INFO - Processing /opt/airflow/dags/exampledag.py took 0.247 seconds
[2025-04-12T20:15:42.196+0000] {processor.py:157} INFO - Started process (PID=4383) to work on /opt/airflow/dags/exampledag.py
[2025-04-12T20:15:42.197+0000] {processor.py:829} INFO - Processing file /opt/airflow/dags/exampledag.py for tasks to queue
[2025-04-12T20:15:42.199+0000] {logging_mixin.py:154} INFO - [2025-04-12T20:15:42.198+0000] {dagbag.py:536} INFO - Filling up the DagBag from /opt/airflow/dags/exampledag.py
[2025-04-12T20:15:42.249+0000] {processor.py:839} INFO - DAG(s) dict_keys(['chethan_test_dag']) retrieved from /opt/airflow/dags/exampledag.py
[2025-04-12T20:15:42.294+0000] {logging_mixin.py:154} INFO - [2025-04-12T20:15:42.294+0000] {dag.py:2941} INFO - Sync 1 DAGs
[2025-04-12T20:15:42.342+0000] {logging_mixin.py:154} INFO - [2025-04-12T20:15:42.341+0000] {dag.py:3722} INFO - Setting next_dagrun for chethan_test_dag to 2025-04-11T00:00:00+00:00, run_after=2025-04-12T00:00:00+00:00
[2025-04-12T20:15:42.374+0000] {processor.py:179} INFO - Processing /opt/airflow/dags/exampledag.py took 0.184 seconds
[2025-04-12T20:16:13.065+0000] {processor.py:157} INFO - Started process (PID=4393) to work on /opt/airflow/dags/exampledag.py
[2025-04-12T20:16:13.066+0000] {processor.py:829} INFO - Processing file /opt/airflow/dags/exampledag.py for tasks to queue
[2025-04-12T20:16:13.068+0000] {logging_mixin.py:154} INFO - [2025-04-12T20:16:13.067+0000] {dagbag.py:536} INFO - Filling up the DagBag from /opt/airflow/dags/exampledag.py
[2025-04-12T20:16:13.123+0000] {processor.py:839} INFO - DAG(s) dict_keys(['chethan_test_dag']) retrieved from /opt/airflow/dags/exampledag.py
[2025-04-12T20:16:13.165+0000] {logging_mixin.py:154} INFO - [2025-04-12T20:16:13.165+0000] {dag.py:2941} INFO - Sync 1 DAGs
[2025-04-12T20:16:13.203+0000] {logging_mixin.py:154} INFO - [2025-04-12T20:16:13.203+0000] {dag.py:3722} INFO - Setting next_dagrun for chethan_test_dag to 2025-04-11T00:00:00+00:00, run_after=2025-04-12T00:00:00+00:00
[2025-04-12T20:16:13.241+0000] {processor.py:179} INFO - Processing /opt/airflow/dags/exampledag.py took 0.180 seconds
[2025-04-12T20:16:43.991+0000] {processor.py:157} INFO - Started process (PID=4402) to work on /opt/airflow/dags/exampledag.py
[2025-04-12T20:16:43.993+0000] {processor.py:829} INFO - Processing file /opt/airflow/dags/exampledag.py for tasks to queue
[2025-04-12T20:16:43.994+0000] {logging_mixin.py:154} INFO - [2025-04-12T20:16:43.994+0000] {dagbag.py:536} INFO - Filling up the DagBag from /opt/airflow/dags/exampledag.py
[2025-04-12T20:16:44.041+0000] {processor.py:839} INFO - DAG(s) dict_keys(['chethan_test_dag']) retrieved from /opt/airflow/dags/exampledag.py
[2025-04-12T20:16:44.082+0000] {logging_mixin.py:154} INFO - [2025-04-12T20:16:44.081+0000] {dag.py:2941} INFO - Sync 1 DAGs
[2025-04-12T20:16:44.120+0000] {logging_mixin.py:154} INFO - [2025-04-12T20:16:44.120+0000] {dag.py:3722} INFO - Setting next_dagrun for chethan_test_dag to 2025-04-11T00:00:00+00:00, run_after=2025-04-12T00:00:00+00:00
[2025-04-12T20:16:44.156+0000] {processor.py:179} INFO - Processing /opt/airflow/dags/exampledag.py took 0.172 seconds
[2025-04-12T20:17:15.265+0000] {processor.py:157} INFO - Started process (PID=4412) to work on /opt/airflow/dags/exampledag.py
[2025-04-12T20:17:15.266+0000] {processor.py:829} INFO - Processing file /opt/airflow/dags/exampledag.py for tasks to queue
[2025-04-12T20:17:15.268+0000] {logging_mixin.py:154} INFO - [2025-04-12T20:17:15.267+0000] {dagbag.py:536} INFO - Filling up the DagBag from /opt/airflow/dags/exampledag.py
[2025-04-12T20:17:15.321+0000] {processor.py:839} INFO - DAG(s) dict_keys(['chethan_test_dag']) retrieved from /opt/airflow/dags/exampledag.py
[2025-04-12T20:17:15.364+0000] {logging_mixin.py:154} INFO - [2025-04-12T20:17:15.363+0000] {dag.py:2941} INFO - Sync 1 DAGs
[2025-04-12T20:17:15.409+0000] {logging_mixin.py:154} INFO - [2025-04-12T20:17:15.408+0000] {dag.py:3722} INFO - Setting next_dagrun for chethan_test_dag to 2025-04-11T00:00:00+00:00, run_after=2025-04-12T00:00:00+00:00
[2025-04-12T20:17:15.445+0000] {processor.py:179} INFO - Processing /opt/airflow/dags/exampledag.py took 0.185 seconds
[2025-04-12T20:17:46.018+0000] {processor.py:157} INFO - Started process (PID=4421) to work on /opt/airflow/dags/exampledag.py
[2025-04-12T20:17:46.021+0000] {processor.py:829} INFO - Processing file /opt/airflow/dags/exampledag.py for tasks to queue
[2025-04-12T20:17:46.023+0000] {logging_mixin.py:154} INFO - [2025-04-12T20:17:46.023+0000] {dagbag.py:536} INFO - Filling up the DagBag from /opt/airflow/dags/exampledag.py
[2025-04-12T20:17:46.087+0000] {processor.py:839} INFO - DAG(s) dict_keys(['chethan_test_dag']) retrieved from /opt/airflow/dags/exampledag.py
[2025-04-12T20:17:46.129+0000] {logging_mixin.py:154} INFO - [2025-04-12T20:17:46.129+0000] {dag.py:2941} INFO - Sync 1 DAGs
[2025-04-12T20:17:46.168+0000] {logging_mixin.py:154} INFO - [2025-04-12T20:17:46.168+0000] {dag.py:3722} INFO - Setting next_dagrun for chethan_test_dag to 2025-04-11T00:00:00+00:00, run_after=2025-04-12T00:00:00+00:00
[2025-04-12T20:17:46.339+0000] {processor.py:179} INFO - Processing /opt/airflow/dags/exampledag.py took 0.326 seconds
[2025-04-12T20:18:16.936+0000] {processor.py:157} INFO - Started process (PID=4430) to work on /opt/airflow/dags/exampledag.py
[2025-04-12T20:18:16.938+0000] {processor.py:829} INFO - Processing file /opt/airflow/dags/exampledag.py for tasks to queue
[2025-04-12T20:18:16.941+0000] {logging_mixin.py:154} INFO - [2025-04-12T20:18:16.940+0000] {dagbag.py:536} INFO - Filling up the DagBag from /opt/airflow/dags/exampledag.py
[2025-04-12T20:18:17.037+0000] {processor.py:839} INFO - DAG(s) dict_keys(['chethan_test_dag']) retrieved from /opt/airflow/dags/exampledag.py
[2025-04-12T20:18:17.095+0000] {logging_mixin.py:154} INFO - [2025-04-12T20:18:17.095+0000] {dag.py:2941} INFO - Sync 1 DAGs
[2025-04-12T20:18:17.145+0000] {logging_mixin.py:154} INFO - [2025-04-12T20:18:17.145+0000] {dag.py:3722} INFO - Setting next_dagrun for chethan_test_dag to 2025-04-11T00:00:00+00:00, run_after=2025-04-12T00:00:00+00:00
[2025-04-12T20:18:17.192+0000] {processor.py:179} INFO - Processing /opt/airflow/dags/exampledag.py took 0.262 seconds
[2025-04-12T20:18:48.176+0000] {processor.py:157} INFO - Started process (PID=4440) to work on /opt/airflow/dags/exampledag.py
[2025-04-12T20:18:48.178+0000] {processor.py:829} INFO - Processing file /opt/airflow/dags/exampledag.py for tasks to queue
[2025-04-12T20:18:48.180+0000] {logging_mixin.py:154} INFO - [2025-04-12T20:18:48.179+0000] {dagbag.py:536} INFO - Filling up the DagBag from /opt/airflow/dags/exampledag.py
[2025-04-12T20:18:48.216+0000] {processor.py:839} INFO - DAG(s) dict_keys(['chethan_test_dag']) retrieved from /opt/airflow/dags/exampledag.py
[2025-04-12T20:18:48.260+0000] {logging_mixin.py:154} INFO - [2025-04-12T20:18:48.260+0000] {dag.py:2941} INFO - Sync 1 DAGs
[2025-04-12T20:18:48.303+0000] {logging_mixin.py:154} INFO - [2025-04-12T20:18:48.302+0000] {dag.py:3722} INFO - Setting next_dagrun for chethan_test_dag to 2025-04-11T00:00:00+00:00, run_after=2025-04-12T00:00:00+00:00
[2025-04-12T20:18:48.353+0000] {processor.py:179} INFO - Processing /opt/airflow/dags/exampledag.py took 0.183 seconds
[2025-04-12T20:19:18.719+0000] {processor.py:157} INFO - Started process (PID=4449) to work on /opt/airflow/dags/exampledag.py
[2025-04-12T20:19:18.722+0000] {processor.py:829} INFO - Processing file /opt/airflow/dags/exampledag.py for tasks to queue
[2025-04-12T20:19:18.725+0000] {logging_mixin.py:154} INFO - [2025-04-12T20:19:18.724+0000] {dagbag.py:536} INFO - Filling up the DagBag from /opt/airflow/dags/exampledag.py
[2025-04-12T20:19:18.787+0000] {processor.py:839} INFO - DAG(s) dict_keys(['chethan_test_dag']) retrieved from /opt/airflow/dags/exampledag.py
[2025-04-12T20:19:18.840+0000] {logging_mixin.py:154} INFO - [2025-04-12T20:19:18.840+0000] {dag.py:2941} INFO - Sync 1 DAGs
[2025-04-12T20:19:18.877+0000] {logging_mixin.py:154} INFO - [2025-04-12T20:19:18.877+0000] {dag.py:3722} INFO - Setting next_dagrun for chethan_test_dag to 2025-04-11T00:00:00+00:00, run_after=2025-04-12T00:00:00+00:00
[2025-04-12T20:19:18.918+0000] {processor.py:179} INFO - Processing /opt/airflow/dags/exampledag.py took 0.205 seconds
[2025-04-12T20:19:49.793+0000] {processor.py:157} INFO - Started process (PID=4459) to work on /opt/airflow/dags/exampledag.py
[2025-04-12T20:19:49.796+0000] {processor.py:829} INFO - Processing file /opt/airflow/dags/exampledag.py for tasks to queue
[2025-04-12T20:19:49.800+0000] {logging_mixin.py:154} INFO - [2025-04-12T20:19:49.799+0000] {dagbag.py:536} INFO - Filling up the DagBag from /opt/airflow/dags/exampledag.py
[2025-04-12T20:19:49.855+0000] {processor.py:839} INFO - DAG(s) dict_keys(['chethan_test_dag']) retrieved from /opt/airflow/dags/exampledag.py
[2025-04-12T20:19:49.914+0000] {logging_mixin.py:154} INFO - [2025-04-12T20:19:49.914+0000] {dag.py:2941} INFO - Sync 1 DAGs
[2025-04-12T20:19:49.968+0000] {logging_mixin.py:154} INFO - [2025-04-12T20:19:49.968+0000] {dag.py:3722} INFO - Setting next_dagrun for chethan_test_dag to 2025-04-11T00:00:00+00:00, run_after=2025-04-12T00:00:00+00:00
[2025-04-12T20:19:50.017+0000] {processor.py:179} INFO - Processing /opt/airflow/dags/exampledag.py took 0.230 seconds
[2025-04-12T20:20:20.179+0000] {processor.py:157} INFO - Started process (PID=4469) to work on /opt/airflow/dags/exampledag.py
[2025-04-12T20:20:20.181+0000] {processor.py:829} INFO - Processing file /opt/airflow/dags/exampledag.py for tasks to queue
[2025-04-12T20:20:20.183+0000] {logging_mixin.py:154} INFO - [2025-04-12T20:20:20.182+0000] {dagbag.py:536} INFO - Filling up the DagBag from /opt/airflow/dags/exampledag.py
[2025-04-12T20:20:20.225+0000] {processor.py:839} INFO - DAG(s) dict_keys(['chethan_test_dag']) retrieved from /opt/airflow/dags/exampledag.py
[2025-04-12T20:20:20.270+0000] {logging_mixin.py:154} INFO - [2025-04-12T20:20:20.270+0000] {dag.py:2941} INFO - Sync 1 DAGs
[2025-04-12T20:20:20.315+0000] {logging_mixin.py:154} INFO - [2025-04-12T20:20:20.315+0000] {dag.py:3722} INFO - Setting next_dagrun for chethan_test_dag to 2025-04-11T00:00:00+00:00, run_after=2025-04-12T00:00:00+00:00
[2025-04-12T20:20:20.346+0000] {processor.py:179} INFO - Processing /opt/airflow/dags/exampledag.py took 0.172 seconds
[2025-04-12T20:20:50.829+0000] {processor.py:157} INFO - Started process (PID=4479) to work on /opt/airflow/dags/exampledag.py
[2025-04-12T20:20:50.835+0000] {processor.py:829} INFO - Processing file /opt/airflow/dags/exampledag.py for tasks to queue
[2025-04-12T20:20:50.843+0000] {logging_mixin.py:154} INFO - [2025-04-12T20:20:50.843+0000] {dagbag.py:536} INFO - Filling up the DagBag from /opt/airflow/dags/exampledag.py
[2025-04-12T20:20:51.111+0000] {processor.py:839} INFO - DAG(s) dict_keys(['chethan_test_dag']) retrieved from /opt/airflow/dags/exampledag.py
[2025-04-12T20:20:51.162+0000] {logging_mixin.py:154} INFO - [2025-04-12T20:20:51.162+0000] {dag.py:2941} INFO - Sync 1 DAGs
[2025-04-12T20:20:51.236+0000] {logging_mixin.py:154} INFO - [2025-04-12T20:20:51.235+0000] {dag.py:3722} INFO - Setting next_dagrun for chethan_test_dag to 2025-04-11T00:00:00+00:00, run_after=2025-04-12T00:00:00+00:00
[2025-04-12T20:20:51.319+0000] {processor.py:179} INFO - Processing /opt/airflow/dags/exampledag.py took 0.496 seconds
[2025-04-12T20:21:21.903+0000] {processor.py:157} INFO - Started process (PID=4489) to work on /opt/airflow/dags/exampledag.py
[2025-04-12T20:21:21.905+0000] {processor.py:829} INFO - Processing file /opt/airflow/dags/exampledag.py for tasks to queue
[2025-04-12T20:21:21.906+0000] {logging_mixin.py:154} INFO - [2025-04-12T20:21:21.906+0000] {dagbag.py:536} INFO - Filling up the DagBag from /opt/airflow/dags/exampledag.py
[2025-04-12T20:21:21.938+0000] {processor.py:839} INFO - DAG(s) dict_keys(['chethan_test_dag']) retrieved from /opt/airflow/dags/exampledag.py
[2025-04-12T20:21:21.973+0000] {logging_mixin.py:154} INFO - [2025-04-12T20:21:21.973+0000] {dag.py:2941} INFO - Sync 1 DAGs
[2025-04-12T20:21:22.003+0000] {logging_mixin.py:154} INFO - [2025-04-12T20:21:22.003+0000] {dag.py:3722} INFO - Setting next_dagrun for chethan_test_dag to 2025-04-11T00:00:00+00:00, run_after=2025-04-12T00:00:00+00:00
[2025-04-12T20:21:22.042+0000] {processor.py:179} INFO - Processing /opt/airflow/dags/exampledag.py took 0.144 seconds
[2025-04-12T20:21:52.233+0000] {processor.py:157} INFO - Started process (PID=4499) to work on /opt/airflow/dags/exampledag.py
[2025-04-12T20:21:52.234+0000] {processor.py:829} INFO - Processing file /opt/airflow/dags/exampledag.py for tasks to queue
[2025-04-12T20:21:52.236+0000] {logging_mixin.py:154} INFO - [2025-04-12T20:21:52.236+0000] {dagbag.py:536} INFO - Filling up the DagBag from /opt/airflow/dags/exampledag.py
[2025-04-12T20:21:52.280+0000] {processor.py:839} INFO - DAG(s) dict_keys(['chethan_test_dag']) retrieved from /opt/airflow/dags/exampledag.py
[2025-04-12T20:21:52.315+0000] {logging_mixin.py:154} INFO - [2025-04-12T20:21:52.314+0000] {dag.py:2941} INFO - Sync 1 DAGs
[2025-04-12T20:21:52.344+0000] {logging_mixin.py:154} INFO - [2025-04-12T20:21:52.344+0000] {dag.py:3722} INFO - Setting next_dagrun for chethan_test_dag to 2025-04-11T00:00:00+00:00, run_after=2025-04-12T00:00:00+00:00
[2025-04-12T20:21:52.380+0000] {processor.py:179} INFO - Processing /opt/airflow/dags/exampledag.py took 0.153 seconds
[2025-04-12T20:22:22.601+0000] {processor.py:157} INFO - Started process (PID=4509) to work on /opt/airflow/dags/exampledag.py
[2025-04-12T20:22:22.610+0000] {processor.py:829} INFO - Processing file /opt/airflow/dags/exampledag.py for tasks to queue
[2025-04-12T20:22:22.614+0000] {logging_mixin.py:154} INFO - [2025-04-12T20:22:22.614+0000] {dagbag.py:536} INFO - Filling up the DagBag from /opt/airflow/dags/exampledag.py
[2025-04-12T20:22:22.785+0000] {processor.py:839} INFO - DAG(s) dict_keys(['chethan_test_dag']) retrieved from /opt/airflow/dags/exampledag.py
[2025-04-12T20:22:22.840+0000] {logging_mixin.py:154} INFO - [2025-04-12T20:22:22.840+0000] {dag.py:2941} INFO - Sync 1 DAGs
[2025-04-12T20:22:22.877+0000] {logging_mixin.py:154} INFO - [2025-04-12T20:22:22.877+0000] {dag.py:3722} INFO - Setting next_dagrun for chethan_test_dag to 2025-04-11T00:00:00+00:00, run_after=2025-04-12T00:00:00+00:00
[2025-04-12T20:22:22.918+0000] {processor.py:179} INFO - Processing /opt/airflow/dags/exampledag.py took 0.323 seconds
[2025-04-12T20:22:53.661+0000] {processor.py:157} INFO - Started process (PID=4519) to work on /opt/airflow/dags/exampledag.py
[2025-04-12T20:22:53.663+0000] {processor.py:829} INFO - Processing file /opt/airflow/dags/exampledag.py for tasks to queue
[2025-04-12T20:22:53.664+0000] {logging_mixin.py:154} INFO - [2025-04-12T20:22:53.664+0000] {dagbag.py:536} INFO - Filling up the DagBag from /opt/airflow/dags/exampledag.py
[2025-04-12T20:22:53.695+0000] {processor.py:839} INFO - DAG(s) dict_keys(['chethan_test_dag']) retrieved from /opt/airflow/dags/exampledag.py
[2025-04-12T20:22:53.740+0000] {logging_mixin.py:154} INFO - [2025-04-12T20:22:53.740+0000] {dag.py:2941} INFO - Sync 1 DAGs
[2025-04-12T20:22:53.770+0000] {logging_mixin.py:154} INFO - [2025-04-12T20:22:53.770+0000] {dag.py:3722} INFO - Setting next_dagrun for chethan_test_dag to 2025-04-11T00:00:00+00:00, run_after=2025-04-12T00:00:00+00:00
[2025-04-12T20:22:53.812+0000] {processor.py:179} INFO - Processing /opt/airflow/dags/exampledag.py took 0.157 seconds
[2025-04-12T20:23:23.991+0000] {processor.py:157} INFO - Started process (PID=4529) to work on /opt/airflow/dags/exampledag.py
[2025-04-12T20:23:23.994+0000] {processor.py:829} INFO - Processing file /opt/airflow/dags/exampledag.py for tasks to queue
[2025-04-12T20:23:23.996+0000] {logging_mixin.py:154} INFO - [2025-04-12T20:23:23.995+0000] {dagbag.py:536} INFO - Filling up the DagBag from /opt/airflow/dags/exampledag.py
[2025-04-12T20:23:24.025+0000] {processor.py:839} INFO - DAG(s) dict_keys(['chethan_test_dag']) retrieved from /opt/airflow/dags/exampledag.py
[2025-04-12T20:23:24.063+0000] {logging_mixin.py:154} INFO - [2025-04-12T20:23:24.062+0000] {dag.py:2941} INFO - Sync 1 DAGs
[2025-04-12T20:23:24.096+0000] {logging_mixin.py:154} INFO - [2025-04-12T20:23:24.095+0000] {dag.py:3722} INFO - Setting next_dagrun for chethan_test_dag to 2025-04-11T00:00:00+00:00, run_after=2025-04-12T00:00:00+00:00
[2025-04-12T20:23:24.151+0000] {processor.py:179} INFO - Processing /opt/airflow/dags/exampledag.py took 0.167 seconds
[2025-04-12T20:23:55.272+0000] {processor.py:157} INFO - Started process (PID=4539) to work on /opt/airflow/dags/exampledag.py
[2025-04-12T20:23:55.274+0000] {processor.py:829} INFO - Processing file /opt/airflow/dags/exampledag.py for tasks to queue
[2025-04-12T20:23:55.276+0000] {logging_mixin.py:154} INFO - [2025-04-12T20:23:55.275+0000] {dagbag.py:536} INFO - Filling up the DagBag from /opt/airflow/dags/exampledag.py
[2025-04-12T20:23:55.333+0000] {processor.py:839} INFO - DAG(s) dict_keys(['chethan_test_dag']) retrieved from /opt/airflow/dags/exampledag.py
[2025-04-12T20:23:55.392+0000] {logging_mixin.py:154} INFO - [2025-04-12T20:23:55.392+0000] {dag.py:2941} INFO - Sync 1 DAGs
[2025-04-12T20:23:55.494+0000] {logging_mixin.py:154} INFO - [2025-04-12T20:23:55.494+0000] {dag.py:3722} INFO - Setting next_dagrun for chethan_test_dag to 2025-04-11T00:00:00+00:00, run_after=2025-04-12T00:00:00+00:00
[2025-04-12T20:23:55.525+0000] {processor.py:179} INFO - Processing /opt/airflow/dags/exampledag.py took 0.261 seconds
[2025-04-12T20:24:26.138+0000] {processor.py:157} INFO - Started process (PID=4549) to work on /opt/airflow/dags/exampledag.py
[2025-04-12T20:24:26.140+0000] {processor.py:829} INFO - Processing file /opt/airflow/dags/exampledag.py for tasks to queue
[2025-04-12T20:24:26.141+0000] {logging_mixin.py:154} INFO - [2025-04-12T20:24:26.141+0000] {dagbag.py:536} INFO - Filling up the DagBag from /opt/airflow/dags/exampledag.py
[2025-04-12T20:24:26.180+0000] {processor.py:839} INFO - DAG(s) dict_keys(['chethan_test_dag']) retrieved from /opt/airflow/dags/exampledag.py
[2025-04-12T20:24:26.218+0000] {logging_mixin.py:154} INFO - [2025-04-12T20:24:26.217+0000] {dag.py:2941} INFO - Sync 1 DAGs
[2025-04-12T20:24:26.252+0000] {logging_mixin.py:154} INFO - [2025-04-12T20:24:26.252+0000] {dag.py:3722} INFO - Setting next_dagrun for chethan_test_dag to 2025-04-11T00:00:00+00:00, run_after=2025-04-12T00:00:00+00:00
[2025-04-12T20:24:26.309+0000] {processor.py:179} INFO - Processing /opt/airflow/dags/exampledag.py took 0.177 seconds
[2025-04-12T20:24:57.270+0000] {processor.py:157} INFO - Started process (PID=4559) to work on /opt/airflow/dags/exampledag.py
[2025-04-12T20:24:57.272+0000] {processor.py:829} INFO - Processing file /opt/airflow/dags/exampledag.py for tasks to queue
[2025-04-12T20:24:57.276+0000] {logging_mixin.py:154} INFO - [2025-04-12T20:24:57.276+0000] {dagbag.py:536} INFO - Filling up the DagBag from /opt/airflow/dags/exampledag.py
[2025-04-12T20:24:57.334+0000] {processor.py:839} INFO - DAG(s) dict_keys(['chethan_test_dag']) retrieved from /opt/airflow/dags/exampledag.py
[2025-04-12T20:24:57.385+0000] {logging_mixin.py:154} INFO - [2025-04-12T20:24:57.385+0000] {dag.py:2941} INFO - Sync 1 DAGs
[2025-04-12T20:24:57.449+0000] {logging_mixin.py:154} INFO - [2025-04-12T20:24:57.449+0000] {dag.py:3722} INFO - Setting next_dagrun for chethan_test_dag to 2025-04-11T00:00:00+00:00, run_after=2025-04-12T00:00:00+00:00
[2025-04-12T20:24:57.519+0000] {processor.py:179} INFO - Processing /opt/airflow/dags/exampledag.py took 0.253 seconds
[2025-04-12T20:32:36.825+0000] {processor.py:157} INFO - Started process (PID=4580) to work on /opt/airflow/dags/exampledag.py
[2025-04-12T20:32:36.828+0000] {processor.py:829} INFO - Processing file /opt/airflow/dags/exampledag.py for tasks to queue
[2025-04-12T20:32:36.830+0000] {logging_mixin.py:154} INFO - [2025-04-12T20:32:36.830+0000] {dagbag.py:536} INFO - Filling up the DagBag from /opt/airflow/dags/exampledag.py
[2025-04-12T20:32:36.901+0000] {processor.py:839} INFO - DAG(s) dict_keys(['chethan_test_dag']) retrieved from /opt/airflow/dags/exampledag.py
[2025-04-12T20:32:36.977+0000] {logging_mixin.py:154} INFO - [2025-04-12T20:32:36.976+0000] {dag.py:2941} INFO - Sync 1 DAGs
[2025-04-12T20:32:37.054+0000] {logging_mixin.py:154} INFO - [2025-04-12T20:32:37.053+0000] {dag.py:3722} INFO - Setting next_dagrun for chethan_test_dag to 2025-04-11T00:00:00+00:00, run_after=2025-04-12T00:00:00+00:00
[2025-04-12T20:32:37.129+0000] {processor.py:179} INFO - Processing /opt/airflow/dags/exampledag.py took 0.310 seconds
[2025-04-12T20:33:10.129+0000] {processor.py:157} INFO - Started process (PID=4590) to work on /opt/airflow/dags/exampledag.py
[2025-04-12T20:33:10.134+0000] {processor.py:829} INFO - Processing file /opt/airflow/dags/exampledag.py for tasks to queue
[2025-04-12T20:33:10.137+0000] {logging_mixin.py:154} INFO - [2025-04-12T20:33:10.136+0000] {dagbag.py:536} INFO - Filling up the DagBag from /opt/airflow/dags/exampledag.py
[2025-04-12T20:33:10.213+0000] {processor.py:839} INFO - DAG(s) dict_keys(['chethan_test_dag']) retrieved from /opt/airflow/dags/exampledag.py
[2025-04-12T20:33:10.275+0000] {logging_mixin.py:154} INFO - [2025-04-12T20:33:10.274+0000] {dag.py:2941} INFO - Sync 1 DAGs
[2025-04-12T20:33:10.309+0000] {logging_mixin.py:154} INFO - [2025-04-12T20:33:10.309+0000] {dag.py:3722} INFO - Setting next_dagrun for chethan_test_dag to 2025-04-11T00:00:00+00:00, run_after=2025-04-12T00:00:00+00:00
[2025-04-12T20:33:10.362+0000] {processor.py:179} INFO - Processing /opt/airflow/dags/exampledag.py took 0.242 seconds
[2025-04-12T20:33:41.452+0000] {processor.py:157} INFO - Started process (PID=4599) to work on /opt/airflow/dags/exampledag.py
[2025-04-12T20:33:41.463+0000] {processor.py:829} INFO - Processing file /opt/airflow/dags/exampledag.py for tasks to queue
[2025-04-12T20:33:41.480+0000] {logging_mixin.py:154} INFO - [2025-04-12T20:33:41.479+0000] {dagbag.py:536} INFO - Filling up the DagBag from /opt/airflow/dags/exampledag.py
[2025-04-12T20:33:41.600+0000] {processor.py:839} INFO - DAG(s) dict_keys(['chethan_test_dag']) retrieved from /opt/airflow/dags/exampledag.py
[2025-04-12T20:33:41.660+0000] {logging_mixin.py:154} INFO - [2025-04-12T20:33:41.660+0000] {dag.py:2941} INFO - Sync 1 DAGs
[2025-04-12T20:33:41.724+0000] {logging_mixin.py:154} INFO - [2025-04-12T20:33:41.723+0000] {dag.py:3722} INFO - Setting next_dagrun for chethan_test_dag to 2025-04-11T00:00:00+00:00, run_after=2025-04-12T00:00:00+00:00
[2025-04-12T20:33:41.778+0000] {processor.py:179} INFO - Processing /opt/airflow/dags/exampledag.py took 0.332 seconds
[2025-04-12T20:34:12.234+0000] {processor.py:157} INFO - Started process (PID=4607) to work on /opt/airflow/dags/exampledag.py
[2025-04-12T20:34:12.298+0000] {processor.py:829} INFO - Processing file /opt/airflow/dags/exampledag.py for tasks to queue
[2025-04-12T20:34:12.305+0000] {logging_mixin.py:154} INFO - [2025-04-12T20:34:12.304+0000] {dagbag.py:536} INFO - Filling up the DagBag from /opt/airflow/dags/exampledag.py
[2025-04-12T20:34:12.542+0000] {processor.py:839} INFO - DAG(s) dict_keys(['chethan_test_dag']) retrieved from /opt/airflow/dags/exampledag.py
[2025-04-12T20:34:12.581+0000] {logging_mixin.py:154} INFO - [2025-04-12T20:34:12.581+0000] {dag.py:2941} INFO - Sync 1 DAGs
[2025-04-12T20:34:12.642+0000] {logging_mixin.py:154} INFO - [2025-04-12T20:34:12.641+0000] {dag.py:3722} INFO - Setting next_dagrun for chethan_test_dag to 2025-04-11T00:00:00+00:00, run_after=2025-04-12T00:00:00+00:00
[2025-04-12T20:34:12.738+0000] {processor.py:179} INFO - Processing /opt/airflow/dags/exampledag.py took 0.509 seconds
[2025-04-12T20:34:43.018+0000] {processor.py:157} INFO - Started process (PID=4616) to work on /opt/airflow/dags/exampledag.py
[2025-04-12T20:34:43.026+0000] {processor.py:829} INFO - Processing file /opt/airflow/dags/exampledag.py for tasks to queue
[2025-04-12T20:34:43.038+0000] {logging_mixin.py:154} INFO - [2025-04-12T20:34:43.037+0000] {dagbag.py:536} INFO - Filling up the DagBag from /opt/airflow/dags/exampledag.py
[2025-04-12T20:34:43.324+0000] {processor.py:839} INFO - DAG(s) dict_keys(['chethan_test_dag']) retrieved from /opt/airflow/dags/exampledag.py
[2025-04-12T20:34:43.377+0000] {logging_mixin.py:154} INFO - [2025-04-12T20:34:43.377+0000] {dag.py:2941} INFO - Sync 1 DAGs
[2025-04-12T20:34:43.412+0000] {logging_mixin.py:154} INFO - [2025-04-12T20:34:43.412+0000] {dag.py:3722} INFO - Setting next_dagrun for chethan_test_dag to 2025-04-11T00:00:00+00:00, run_after=2025-04-12T00:00:00+00:00
[2025-04-12T20:34:43.442+0000] {processor.py:179} INFO - Processing /opt/airflow/dags/exampledag.py took 0.429 seconds
[2025-04-12T20:35:14.166+0000] {processor.py:157} INFO - Started process (PID=4626) to work on /opt/airflow/dags/exampledag.py
[2025-04-12T20:35:14.197+0000] {processor.py:829} INFO - Processing file /opt/airflow/dags/exampledag.py for tasks to queue
[2025-04-12T20:35:14.202+0000] {logging_mixin.py:154} INFO - [2025-04-12T20:35:14.202+0000] {dagbag.py:536} INFO - Filling up the DagBag from /opt/airflow/dags/exampledag.py
[2025-04-12T20:35:14.287+0000] {processor.py:839} INFO - DAG(s) dict_keys(['chethan_test_dag']) retrieved from /opt/airflow/dags/exampledag.py
[2025-04-12T20:35:14.340+0000] {logging_mixin.py:154} INFO - [2025-04-12T20:35:14.340+0000] {dag.py:2941} INFO - Sync 1 DAGs
[2025-04-12T20:35:14.381+0000] {logging_mixin.py:154} INFO - [2025-04-12T20:35:14.381+0000] {dag.py:3722} INFO - Setting next_dagrun for chethan_test_dag to 2025-04-11T00:00:00+00:00, run_after=2025-04-12T00:00:00+00:00
[2025-04-12T20:35:14.416+0000] {processor.py:179} INFO - Processing /opt/airflow/dags/exampledag.py took 0.258 seconds
[2025-04-12T20:35:45.421+0000] {processor.py:157} INFO - Started process (PID=4636) to work on /opt/airflow/dags/exampledag.py
[2025-04-12T20:35:45.423+0000] {processor.py:829} INFO - Processing file /opt/airflow/dags/exampledag.py for tasks to queue
[2025-04-12T20:35:45.425+0000] {logging_mixin.py:154} INFO - [2025-04-12T20:35:45.424+0000] {dagbag.py:536} INFO - Filling up the DagBag from /opt/airflow/dags/exampledag.py
[2025-04-12T20:35:45.458+0000] {processor.py:839} INFO - DAG(s) dict_keys(['chethan_test_dag']) retrieved from /opt/airflow/dags/exampledag.py
[2025-04-12T20:35:45.494+0000] {logging_mixin.py:154} INFO - [2025-04-12T20:35:45.494+0000] {dag.py:2941} INFO - Sync 1 DAGs
[2025-04-12T20:35:45.529+0000] {logging_mixin.py:154} INFO - [2025-04-12T20:35:45.528+0000] {dag.py:3722} INFO - Setting next_dagrun for chethan_test_dag to 2025-04-11T00:00:00+00:00, run_after=2025-04-12T00:00:00+00:00
[2025-04-12T20:35:45.571+0000] {processor.py:179} INFO - Processing /opt/airflow/dags/exampledag.py took 0.156 seconds
[2025-04-12T20:42:59.014+0000] {processor.py:157} INFO - Started process (PID=4648) to work on /opt/airflow/dags/exampledag.py
[2025-04-12T20:42:59.016+0000] {processor.py:829} INFO - Processing file /opt/airflow/dags/exampledag.py for tasks to queue
[2025-04-12T20:42:59.019+0000] {logging_mixin.py:154} INFO - [2025-04-12T20:42:59.019+0000] {dagbag.py:536} INFO - Filling up the DagBag from /opt/airflow/dags/exampledag.py
[2025-04-12T20:42:59.094+0000] {processor.py:839} INFO - DAG(s) dict_keys(['chethan_test_dag']) retrieved from /opt/airflow/dags/exampledag.py
[2025-04-12T20:42:59.122+0000] {logging_mixin.py:154} INFO - [2025-04-12T20:42:59.122+0000] {dag.py:2941} INFO - Sync 1 DAGs
[2025-04-12T20:42:59.155+0000] {logging_mixin.py:154} INFO - [2025-04-12T20:42:59.155+0000] {dag.py:3722} INFO - Setting next_dagrun for chethan_test_dag to 2025-04-11T00:00:00+00:00, run_after=2025-04-12T00:00:00+00:00
[2025-04-12T20:42:59.183+0000] {processor.py:179} INFO - Processing /opt/airflow/dags/exampledag.py took 0.174 seconds
[2025-04-12T20:43:29.808+0000] {processor.py:157} INFO - Started process (PID=4657) to work on /opt/airflow/dags/exampledag.py
[2025-04-12T20:43:29.809+0000] {processor.py:829} INFO - Processing file /opt/airflow/dags/exampledag.py for tasks to queue
[2025-04-12T20:43:29.810+0000] {logging_mixin.py:154} INFO - [2025-04-12T20:43:29.810+0000] {dagbag.py:536} INFO - Filling up the DagBag from /opt/airflow/dags/exampledag.py
[2025-04-12T20:43:29.835+0000] {processor.py:839} INFO - DAG(s) dict_keys(['chethan_test_dag']) retrieved from /opt/airflow/dags/exampledag.py
[2025-04-12T20:43:29.861+0000] {logging_mixin.py:154} INFO - [2025-04-12T20:43:29.861+0000] {dag.py:2941} INFO - Sync 1 DAGs
[2025-04-12T20:43:29.886+0000] {logging_mixin.py:154} INFO - [2025-04-12T20:43:29.886+0000] {dag.py:3722} INFO - Setting next_dagrun for chethan_test_dag to 2025-04-11T00:00:00+00:00, run_after=2025-04-12T00:00:00+00:00
[2025-04-12T20:43:29.909+0000] {processor.py:179} INFO - Processing /opt/airflow/dags/exampledag.py took 0.103 seconds
[2025-04-12T20:44:00.023+0000] {processor.py:157} INFO - Started process (PID=4665) to work on /opt/airflow/dags/exampledag.py
[2025-04-12T20:44:00.025+0000] {processor.py:829} INFO - Processing file /opt/airflow/dags/exampledag.py for tasks to queue
[2025-04-12T20:44:00.027+0000] {logging_mixin.py:154} INFO - [2025-04-12T20:44:00.026+0000] {dagbag.py:536} INFO - Filling up the DagBag from /opt/airflow/dags/exampledag.py
[2025-04-12T20:44:00.060+0000] {processor.py:839} INFO - DAG(s) dict_keys(['chethan_test_dag']) retrieved from /opt/airflow/dags/exampledag.py
[2025-04-12T20:44:00.084+0000] {logging_mixin.py:154} INFO - [2025-04-12T20:44:00.084+0000] {dag.py:2941} INFO - Sync 1 DAGs
[2025-04-12T20:44:00.114+0000] {logging_mixin.py:154} INFO - [2025-04-12T20:44:00.114+0000] {dag.py:3722} INFO - Setting next_dagrun for chethan_test_dag to 2025-04-11T00:00:00+00:00, run_after=2025-04-12T00:00:00+00:00
[2025-04-12T20:44:00.143+0000] {processor.py:179} INFO - Processing /opt/airflow/dags/exampledag.py took 0.123 seconds
[2025-04-12T20:44:31.370+0000] {processor.py:157} INFO - Started process (PID=4676) to work on /opt/airflow/dags/exampledag.py
[2025-04-12T20:44:31.372+0000] {processor.py:829} INFO - Processing file /opt/airflow/dags/exampledag.py for tasks to queue
[2025-04-12T20:44:31.373+0000] {logging_mixin.py:154} INFO - [2025-04-12T20:44:31.372+0000] {dagbag.py:536} INFO - Filling up the DagBag from /opt/airflow/dags/exampledag.py
[2025-04-12T20:44:31.395+0000] {processor.py:839} INFO - DAG(s) dict_keys(['chethan_test_dag']) retrieved from /opt/airflow/dags/exampledag.py
[2025-04-12T20:44:31.417+0000] {logging_mixin.py:154} INFO - [2025-04-12T20:44:31.417+0000] {dag.py:2941} INFO - Sync 1 DAGs
[2025-04-12T20:44:31.436+0000] {logging_mixin.py:154} INFO - [2025-04-12T20:44:31.436+0000] {dag.py:3722} INFO - Setting next_dagrun for chethan_test_dag to 2025-04-11T00:00:00+00:00, run_after=2025-04-12T00:00:00+00:00
[2025-04-12T20:44:31.451+0000] {processor.py:179} INFO - Processing /opt/airflow/dags/exampledag.py took 0.083 seconds
[2025-04-12T20:45:01.951+0000] {processor.py:157} INFO - Started process (PID=4686) to work on /opt/airflow/dags/exampledag.py
[2025-04-12T20:45:01.953+0000] {processor.py:829} INFO - Processing file /opt/airflow/dags/exampledag.py for tasks to queue
[2025-04-12T20:45:01.954+0000] {logging_mixin.py:154} INFO - [2025-04-12T20:45:01.953+0000] {dagbag.py:536} INFO - Filling up the DagBag from /opt/airflow/dags/exampledag.py
[2025-04-12T20:45:01.974+0000] {processor.py:839} INFO - DAG(s) dict_keys(['chethan_test_dag']) retrieved from /opt/airflow/dags/exampledag.py
[2025-04-12T20:45:01.995+0000] {logging_mixin.py:154} INFO - [2025-04-12T20:45:01.995+0000] {dag.py:2941} INFO - Sync 1 DAGs
[2025-04-12T20:45:02.013+0000] {logging_mixin.py:154} INFO - [2025-04-12T20:45:02.013+0000] {dag.py:3722} INFO - Setting next_dagrun for chethan_test_dag to 2025-04-11T00:00:00+00:00, run_after=2025-04-12T00:00:00+00:00
[2025-04-12T20:45:02.028+0000] {processor.py:179} INFO - Processing /opt/airflow/dags/exampledag.py took 0.081 seconds
[2025-04-12T20:45:32.294+0000] {processor.py:157} INFO - Started process (PID=4696) to work on /opt/airflow/dags/exampledag.py
[2025-04-12T20:45:32.295+0000] {processor.py:829} INFO - Processing file /opt/airflow/dags/exampledag.py for tasks to queue
[2025-04-12T20:45:32.296+0000] {logging_mixin.py:154} INFO - [2025-04-12T20:45:32.296+0000] {dagbag.py:536} INFO - Filling up the DagBag from /opt/airflow/dags/exampledag.py
[2025-04-12T20:45:32.320+0000] {processor.py:839} INFO - DAG(s) dict_keys(['chethan_test_dag']) retrieved from /opt/airflow/dags/exampledag.py
[2025-04-12T20:45:32.341+0000] {logging_mixin.py:154} INFO - [2025-04-12T20:45:32.341+0000] {dag.py:2941} INFO - Sync 1 DAGs
[2025-04-12T20:45:32.358+0000] {logging_mixin.py:154} INFO - [2025-04-12T20:45:32.358+0000] {dag.py:3722} INFO - Setting next_dagrun for chethan_test_dag to 2025-04-11T00:00:00+00:00, run_after=2025-04-12T00:00:00+00:00
[2025-04-12T20:45:32.376+0000] {processor.py:179} INFO - Processing /opt/airflow/dags/exampledag.py took 0.085 seconds
[2025-04-12T20:46:02.804+0000] {processor.py:157} INFO - Started process (PID=4705) to work on /opt/airflow/dags/exampledag.py
[2025-04-12T20:46:02.805+0000] {processor.py:829} INFO - Processing file /opt/airflow/dags/exampledag.py for tasks to queue
[2025-04-12T20:46:02.806+0000] {logging_mixin.py:154} INFO - [2025-04-12T20:46:02.806+0000] {dagbag.py:536} INFO - Filling up the DagBag from /opt/airflow/dags/exampledag.py
[2025-04-12T20:46:02.829+0000] {processor.py:839} INFO - DAG(s) dict_keys(['chethan_test_dag']) retrieved from /opt/airflow/dags/exampledag.py
[2025-04-12T20:46:02.850+0000] {logging_mixin.py:154} INFO - [2025-04-12T20:46:02.850+0000] {dag.py:2941} INFO - Sync 1 DAGs
[2025-04-12T20:46:02.869+0000] {logging_mixin.py:154} INFO - [2025-04-12T20:46:02.869+0000] {dag.py:3722} INFO - Setting next_dagrun for chethan_test_dag to 2025-04-11T00:00:00+00:00, run_after=2025-04-12T00:00:00+00:00
[2025-04-12T20:46:02.890+0000] {processor.py:179} INFO - Processing /opt/airflow/dags/exampledag.py took 0.090 seconds
[2025-04-12T20:46:33.316+0000] {processor.py:157} INFO - Started process (PID=4715) to work on /opt/airflow/dags/exampledag.py
[2025-04-12T20:46:33.317+0000] {processor.py:829} INFO - Processing file /opt/airflow/dags/exampledag.py for tasks to queue
[2025-04-12T20:46:33.318+0000] {logging_mixin.py:154} INFO - [2025-04-12T20:46:33.318+0000] {dagbag.py:536} INFO - Filling up the DagBag from /opt/airflow/dags/exampledag.py
[2025-04-12T20:46:33.344+0000] {processor.py:839} INFO - DAG(s) dict_keys(['chethan_test_dag']) retrieved from /opt/airflow/dags/exampledag.py
[2025-04-12T20:46:33.367+0000] {logging_mixin.py:154} INFO - [2025-04-12T20:46:33.367+0000] {dag.py:2941} INFO - Sync 1 DAGs
[2025-04-12T20:46:33.387+0000] {logging_mixin.py:154} INFO - [2025-04-12T20:46:33.387+0000] {dag.py:3722} INFO - Setting next_dagrun for chethan_test_dag to 2025-04-11T00:00:00+00:00, run_after=2025-04-12T00:00:00+00:00
[2025-04-12T20:46:33.406+0000] {processor.py:179} INFO - Processing /opt/airflow/dags/exampledag.py took 0.093 seconds
[2025-04-12T20:47:05.103+0000] {processor.py:157} INFO - Started process (PID=4728) to work on /opt/airflow/dags/exampledag.py
[2025-04-12T20:47:05.105+0000] {processor.py:829} INFO - Processing file /opt/airflow/dags/exampledag.py for tasks to queue
[2025-04-12T20:47:05.107+0000] {logging_mixin.py:154} INFO - [2025-04-12T20:47:05.106+0000] {dagbag.py:536} INFO - Filling up the DagBag from /opt/airflow/dags/exampledag.py
[2025-04-12T20:47:05.139+0000] {processor.py:839} INFO - DAG(s) dict_keys(['chethan_test_dag']) retrieved from /opt/airflow/dags/exampledag.py
[2025-04-12T20:47:05.171+0000] {logging_mixin.py:154} INFO - [2025-04-12T20:47:05.171+0000] {dag.py:2941} INFO - Sync 1 DAGs
[2025-04-12T20:47:05.197+0000] {logging_mixin.py:154} INFO - [2025-04-12T20:47:05.196+0000] {dag.py:3722} INFO - Setting next_dagrun for chethan_test_dag to 2025-04-11T00:00:00+00:00, run_after=2025-04-12T00:00:00+00:00
[2025-04-12T20:47:05.223+0000] {processor.py:179} INFO - Processing /opt/airflow/dags/exampledag.py took 0.125 seconds
[2025-04-12T20:47:36.490+0000] {processor.py:157} INFO - Started process (PID=4738) to work on /opt/airflow/dags/exampledag.py
[2025-04-12T20:47:36.491+0000] {processor.py:829} INFO - Processing file /opt/airflow/dags/exampledag.py for tasks to queue
[2025-04-12T20:47:36.492+0000] {logging_mixin.py:154} INFO - [2025-04-12T20:47:36.492+0000] {dagbag.py:536} INFO - Filling up the DagBag from /opt/airflow/dags/exampledag.py
[2025-04-12T20:47:36.517+0000] {processor.py:839} INFO - DAG(s) dict_keys(['chethan_test_dag']) retrieved from /opt/airflow/dags/exampledag.py
[2025-04-12T20:47:36.537+0000] {logging_mixin.py:154} INFO - [2025-04-12T20:47:36.537+0000] {dag.py:2941} INFO - Sync 1 DAGs
[2025-04-12T20:47:36.555+0000] {logging_mixin.py:154} INFO - [2025-04-12T20:47:36.555+0000] {dag.py:3722} INFO - Setting next_dagrun for chethan_test_dag to 2025-04-11T00:00:00+00:00, run_after=2025-04-12T00:00:00+00:00
[2025-04-12T20:47:36.590+0000] {processor.py:179} INFO - Processing /opt/airflow/dags/exampledag.py took 0.102 seconds
[2025-04-12T20:48:07.103+0000] {processor.py:157} INFO - Started process (PID=4748) to work on /opt/airflow/dags/exampledag.py
[2025-04-12T20:48:07.104+0000] {processor.py:829} INFO - Processing file /opt/airflow/dags/exampledag.py for tasks to queue
[2025-04-12T20:48:07.105+0000] {logging_mixin.py:154} INFO - [2025-04-12T20:48:07.104+0000] {dagbag.py:536} INFO - Filling up the DagBag from /opt/airflow/dags/exampledag.py
[2025-04-12T20:48:07.124+0000] {processor.py:839} INFO - DAG(s) dict_keys(['chethan_test_dag']) retrieved from /opt/airflow/dags/exampledag.py
[2025-04-12T20:48:07.142+0000] {logging_mixin.py:154} INFO - [2025-04-12T20:48:07.142+0000] {dag.py:2941} INFO - Sync 1 DAGs
[2025-04-12T20:48:07.162+0000] {logging_mixin.py:154} INFO - [2025-04-12T20:48:07.162+0000] {dag.py:3722} INFO - Setting next_dagrun for chethan_test_dag to 2025-04-11T00:00:00+00:00, run_after=2025-04-12T00:00:00+00:00
[2025-04-12T20:48:07.204+0000] {processor.py:179} INFO - Processing /opt/airflow/dags/exampledag.py took 0.103 seconds
[2025-04-12T20:48:38.061+0000] {processor.py:157} INFO - Started process (PID=4758) to work on /opt/airflow/dags/exampledag.py
[2025-04-12T20:48:38.062+0000] {processor.py:829} INFO - Processing file /opt/airflow/dags/exampledag.py for tasks to queue
[2025-04-12T20:48:38.063+0000] {logging_mixin.py:154} INFO - [2025-04-12T20:48:38.063+0000] {dagbag.py:536} INFO - Filling up the DagBag from /opt/airflow/dags/exampledag.py
[2025-04-12T20:48:38.086+0000] {processor.py:839} INFO - DAG(s) dict_keys(['chethan_test_dag']) retrieved from /opt/airflow/dags/exampledag.py
[2025-04-12T20:48:38.110+0000] {logging_mixin.py:154} INFO - [2025-04-12T20:48:38.110+0000] {dag.py:2941} INFO - Sync 1 DAGs
[2025-04-12T20:48:38.130+0000] {logging_mixin.py:154} INFO - [2025-04-12T20:48:38.130+0000] {dag.py:3722} INFO - Setting next_dagrun for chethan_test_dag to 2025-04-11T00:00:00+00:00, run_after=2025-04-12T00:00:00+00:00
[2025-04-12T20:48:38.147+0000] {processor.py:179} INFO - Processing /opt/airflow/dags/exampledag.py took 0.090 seconds
[2025-04-12T20:49:09.386+0000] {processor.py:157} INFO - Started process (PID=4768) to work on /opt/airflow/dags/exampledag.py
[2025-04-12T20:49:09.387+0000] {processor.py:829} INFO - Processing file /opt/airflow/dags/exampledag.py for tasks to queue
[2025-04-12T20:49:09.389+0000] {logging_mixin.py:154} INFO - [2025-04-12T20:49:09.388+0000] {dagbag.py:536} INFO - Filling up the DagBag from /opt/airflow/dags/exampledag.py
[2025-04-12T20:49:09.412+0000] {processor.py:839} INFO - DAG(s) dict_keys(['chethan_test_dag']) retrieved from /opt/airflow/dags/exampledag.py
[2025-04-12T20:49:09.431+0000] {logging_mixin.py:154} INFO - [2025-04-12T20:49:09.431+0000] {dag.py:2941} INFO - Sync 1 DAGs
[2025-04-12T20:49:09.448+0000] {logging_mixin.py:154} INFO - [2025-04-12T20:49:09.448+0000] {dag.py:3722} INFO - Setting next_dagrun for chethan_test_dag to 2025-04-11T00:00:00+00:00, run_after=2025-04-12T00:00:00+00:00
[2025-04-12T20:49:09.463+0000] {processor.py:179} INFO - Processing /opt/airflow/dags/exampledag.py took 0.080 seconds
[2025-04-12T20:49:40.608+0000] {processor.py:157} INFO - Started process (PID=4778) to work on /opt/airflow/dags/exampledag.py
[2025-04-12T20:49:40.610+0000] {processor.py:829} INFO - Processing file /opt/airflow/dags/exampledag.py for tasks to queue
[2025-04-12T20:49:40.611+0000] {logging_mixin.py:154} INFO - [2025-04-12T20:49:40.611+0000] {dagbag.py:536} INFO - Filling up the DagBag from /opt/airflow/dags/exampledag.py
[2025-04-12T20:49:40.633+0000] {processor.py:839} INFO - DAG(s) dict_keys(['chethan_test_dag']) retrieved from /opt/airflow/dags/exampledag.py
[2025-04-12T20:49:40.650+0000] {logging_mixin.py:154} INFO - [2025-04-12T20:49:40.650+0000] {dag.py:2941} INFO - Sync 1 DAGs
[2025-04-12T20:49:40.665+0000] {logging_mixin.py:154} INFO - [2025-04-12T20:49:40.665+0000] {dag.py:3722} INFO - Setting next_dagrun for chethan_test_dag to 2025-04-11T00:00:00+00:00, run_after=2025-04-12T00:00:00+00:00
[2025-04-12T20:49:40.679+0000] {processor.py:179} INFO - Processing /opt/airflow/dags/exampledag.py took 0.073 seconds
[2025-04-12T21:16:56.585+0000] {processor.py:157} INFO - Started process (PID=4789) to work on /opt/airflow/dags/exampledag.py
[2025-04-12T21:16:56.591+0000] {processor.py:829} INFO - Processing file /opt/airflow/dags/exampledag.py for tasks to queue
[2025-04-12T21:16:56.595+0000] {logging_mixin.py:154} INFO - [2025-04-12T21:16:56.594+0000] {dagbag.py:536} INFO - Filling up the DagBag from /opt/airflow/dags/exampledag.py
[2025-04-12T21:16:56.644+0000] {processor.py:839} INFO - DAG(s) dict_keys(['chethan_test_dag']) retrieved from /opt/airflow/dags/exampledag.py
[2025-04-12T21:16:56.691+0000] {logging_mixin.py:154} INFO - [2025-04-12T21:16:56.691+0000] {dag.py:2941} INFO - Sync 1 DAGs
[2025-04-12T21:16:56.738+0000] {logging_mixin.py:154} INFO - [2025-04-12T21:16:56.737+0000] {dag.py:3722} INFO - Setting next_dagrun for chethan_test_dag to 2025-04-11T00:00:00+00:00, run_after=2025-04-12T00:00:00+00:00
[2025-04-12T21:16:56.781+0000] {processor.py:179} INFO - Processing /opt/airflow/dags/exampledag.py took 0.202 seconds
[2025-04-12T21:17:27.256+0000] {processor.py:157} INFO - Started process (PID=4797) to work on /opt/airflow/dags/exampledag.py
[2025-04-12T21:17:27.258+0000] {processor.py:829} INFO - Processing file /opt/airflow/dags/exampledag.py for tasks to queue
[2025-04-12T21:17:27.261+0000] {logging_mixin.py:154} INFO - [2025-04-12T21:17:27.260+0000] {dagbag.py:536} INFO - Filling up the DagBag from /opt/airflow/dags/exampledag.py
[2025-04-12T21:17:27.302+0000] {processor.py:839} INFO - DAG(s) dict_keys(['chethan_test_dag']) retrieved from /opt/airflow/dags/exampledag.py
[2025-04-12T21:17:27.341+0000] {logging_mixin.py:154} INFO - [2025-04-12T21:17:27.340+0000] {dag.py:2941} INFO - Sync 1 DAGs
[2025-04-12T21:17:27.374+0000] {logging_mixin.py:154} INFO - [2025-04-12T21:17:27.373+0000] {dag.py:3722} INFO - Setting next_dagrun for chethan_test_dag to 2025-04-11T00:00:00+00:00, run_after=2025-04-12T00:00:00+00:00
[2025-04-12T21:17:27.408+0000] {processor.py:179} INFO - Processing /opt/airflow/dags/exampledag.py took 0.158 seconds
[2025-04-12T21:17:58.843+0000] {processor.py:157} INFO - Started process (PID=4810) to work on /opt/airflow/dags/exampledag.py
[2025-04-12T21:17:58.845+0000] {processor.py:829} INFO - Processing file /opt/airflow/dags/exampledag.py for tasks to queue
[2025-04-12T21:17:58.846+0000] {logging_mixin.py:154} INFO - [2025-04-12T21:17:58.846+0000] {dagbag.py:536} INFO - Filling up the DagBag from /opt/airflow/dags/exampledag.py
[2025-04-12T21:17:58.887+0000] {processor.py:839} INFO - DAG(s) dict_keys(['chethan_test_dag']) retrieved from /opt/airflow/dags/exampledag.py
[2025-04-12T21:17:58.916+0000] {logging_mixin.py:154} INFO - [2025-04-12T21:17:58.916+0000] {dag.py:2941} INFO - Sync 1 DAGs
[2025-04-12T21:17:58.953+0000] {logging_mixin.py:154} INFO - [2025-04-12T21:17:58.952+0000] {dag.py:3722} INFO - Setting next_dagrun for chethan_test_dag to 2025-04-11T00:00:00+00:00, run_after=2025-04-12T00:00:00+00:00
[2025-04-12T21:17:58.977+0000] {processor.py:179} INFO - Processing /opt/airflow/dags/exampledag.py took 0.140 seconds
[2025-04-12T21:18:29.696+0000] {processor.py:157} INFO - Started process (PID=4820) to work on /opt/airflow/dags/exampledag.py
[2025-04-12T21:18:29.697+0000] {processor.py:829} INFO - Processing file /opt/airflow/dags/exampledag.py for tasks to queue
[2025-04-12T21:18:29.698+0000] {logging_mixin.py:154} INFO - [2025-04-12T21:18:29.698+0000] {dagbag.py:536} INFO - Filling up the DagBag from /opt/airflow/dags/exampledag.py
[2025-04-12T21:18:29.725+0000] {processor.py:839} INFO - DAG(s) dict_keys(['chethan_test_dag']) retrieved from /opt/airflow/dags/exampledag.py
[2025-04-12T21:18:29.756+0000] {logging_mixin.py:154} INFO - [2025-04-12T21:18:29.755+0000] {dag.py:2941} INFO - Sync 1 DAGs
[2025-04-12T21:18:29.784+0000] {logging_mixin.py:154} INFO - [2025-04-12T21:18:29.784+0000] {dag.py:3722} INFO - Setting next_dagrun for chethan_test_dag to 2025-04-11T00:00:00+00:00, run_after=2025-04-12T00:00:00+00:00
[2025-04-12T21:18:29.807+0000] {processor.py:179} INFO - Processing /opt/airflow/dags/exampledag.py took 0.115 seconds
[2025-04-12T21:19:01.162+0000] {processor.py:157} INFO - Started process (PID=4830) to work on /opt/airflow/dags/exampledag.py
[2025-04-12T21:19:01.164+0000] {processor.py:829} INFO - Processing file /opt/airflow/dags/exampledag.py for tasks to queue
[2025-04-12T21:19:01.165+0000] {logging_mixin.py:154} INFO - [2025-04-12T21:19:01.165+0000] {dagbag.py:536} INFO - Filling up the DagBag from /opt/airflow/dags/exampledag.py
[2025-04-12T21:19:01.188+0000] {processor.py:839} INFO - DAG(s) dict_keys(['chethan_test_dag']) retrieved from /opt/airflow/dags/exampledag.py
[2025-04-12T21:19:01.209+0000] {logging_mixin.py:154} INFO - [2025-04-12T21:19:01.208+0000] {dag.py:2941} INFO - Sync 1 DAGs
[2025-04-12T21:19:01.226+0000] {logging_mixin.py:154} INFO - [2025-04-12T21:19:01.225+0000] {dag.py:3722} INFO - Setting next_dagrun for chethan_test_dag to 2025-04-11T00:00:00+00:00, run_after=2025-04-12T00:00:00+00:00
[2025-04-12T21:19:01.242+0000] {processor.py:179} INFO - Processing /opt/airflow/dags/exampledag.py took 0.082 seconds
[2025-04-12T21:19:31.740+0000] {processor.py:157} INFO - Started process (PID=4840) to work on /opt/airflow/dags/exampledag.py
[2025-04-12T21:19:31.741+0000] {processor.py:829} INFO - Processing file /opt/airflow/dags/exampledag.py for tasks to queue
[2025-04-12T21:19:31.743+0000] {logging_mixin.py:154} INFO - [2025-04-12T21:19:31.742+0000] {dagbag.py:536} INFO - Filling up the DagBag from /opt/airflow/dags/exampledag.py
[2025-04-12T21:19:31.778+0000] {processor.py:839} INFO - DAG(s) dict_keys(['chethan_test_dag']) retrieved from /opt/airflow/dags/exampledag.py
[2025-04-12T21:19:31.807+0000] {logging_mixin.py:154} INFO - [2025-04-12T21:19:31.807+0000] {dag.py:2941} INFO - Sync 1 DAGs
[2025-04-12T21:19:31.831+0000] {logging_mixin.py:154} INFO - [2025-04-12T21:19:31.831+0000] {dag.py:3722} INFO - Setting next_dagrun for chethan_test_dag to 2025-04-11T00:00:00+00:00, run_after=2025-04-12T00:00:00+00:00
[2025-04-12T21:19:31.851+0000] {processor.py:179} INFO - Processing /opt/airflow/dags/exampledag.py took 0.116 seconds
[2025-04-12T21:20:02.168+0000] {processor.py:157} INFO - Started process (PID=4849) to work on /opt/airflow/dags/exampledag.py
[2025-04-12T21:20:02.170+0000] {processor.py:829} INFO - Processing file /opt/airflow/dags/exampledag.py for tasks to queue
[2025-04-12T21:20:02.171+0000] {logging_mixin.py:154} INFO - [2025-04-12T21:20:02.171+0000] {dagbag.py:536} INFO - Filling up the DagBag from /opt/airflow/dags/exampledag.py
[2025-04-12T21:20:02.194+0000] {processor.py:839} INFO - DAG(s) dict_keys(['chethan_test_dag']) retrieved from /opt/airflow/dags/exampledag.py
[2025-04-12T21:20:02.219+0000] {logging_mixin.py:154} INFO - [2025-04-12T21:20:02.219+0000] {dag.py:2941} INFO - Sync 1 DAGs
[2025-04-12T21:20:02.242+0000] {logging_mixin.py:154} INFO - [2025-04-12T21:20:02.242+0000] {dag.py:3722} INFO - Setting next_dagrun for chethan_test_dag to 2025-04-11T00:00:00+00:00, run_after=2025-04-12T00:00:00+00:00
[2025-04-12T21:20:02.265+0000] {processor.py:179} INFO - Processing /opt/airflow/dags/exampledag.py took 0.103 seconds
[2025-04-12T21:20:32.642+0000] {processor.py:157} INFO - Started process (PID=4859) to work on /opt/airflow/dags/exampledag.py
[2025-04-12T21:20:32.643+0000] {processor.py:829} INFO - Processing file /opt/airflow/dags/exampledag.py for tasks to queue
[2025-04-12T21:20:32.644+0000] {logging_mixin.py:154} INFO - [2025-04-12T21:20:32.644+0000] {dagbag.py:536} INFO - Filling up the DagBag from /opt/airflow/dags/exampledag.py
[2025-04-12T21:20:32.667+0000] {processor.py:839} INFO - DAG(s) dict_keys(['chethan_test_dag']) retrieved from /opt/airflow/dags/exampledag.py
[2025-04-12T21:20:32.689+0000] {logging_mixin.py:154} INFO - [2025-04-12T21:20:32.688+0000] {dag.py:2941} INFO - Sync 1 DAGs
[2025-04-12T21:20:32.710+0000] {logging_mixin.py:154} INFO - [2025-04-12T21:20:32.710+0000] {dag.py:3722} INFO - Setting next_dagrun for chethan_test_dag to 2025-04-11T00:00:00+00:00, run_after=2025-04-12T00:00:00+00:00
[2025-04-12T21:20:32.737+0000] {processor.py:179} INFO - Processing /opt/airflow/dags/exampledag.py took 0.099 seconds
[2025-04-12T21:21:02.780+0000] {processor.py:157} INFO - Started process (PID=4867) to work on /opt/airflow/dags/exampledag.py
[2025-04-12T21:21:02.781+0000] {processor.py:829} INFO - Processing file /opt/airflow/dags/exampledag.py for tasks to queue
[2025-04-12T21:21:02.781+0000] {logging_mixin.py:154} INFO - [2025-04-12T21:21:02.781+0000] {dagbag.py:536} INFO - Filling up the DagBag from /opt/airflow/dags/exampledag.py
[2025-04-12T21:21:02.804+0000] {processor.py:839} INFO - DAG(s) dict_keys(['chethan_test_dag']) retrieved from /opt/airflow/dags/exampledag.py
[2025-04-12T21:21:02.825+0000] {logging_mixin.py:154} INFO - [2025-04-12T21:21:02.825+0000] {dag.py:2941} INFO - Sync 1 DAGs
[2025-04-12T21:21:02.846+0000] {logging_mixin.py:154} INFO - [2025-04-12T21:21:02.846+0000] {dag.py:3722} INFO - Setting next_dagrun for chethan_test_dag to 2025-04-11T00:00:00+00:00, run_after=2025-04-12T00:00:00+00:00
[2025-04-12T21:21:02.869+0000] {processor.py:179} INFO - Processing /opt/airflow/dags/exampledag.py took 0.092 seconds
[2025-04-12T21:21:33.700+0000] {processor.py:157} INFO - Started process (PID=4877) to work on /opt/airflow/dags/exampledag.py
[2025-04-12T21:21:33.705+0000] {processor.py:829} INFO - Processing file /opt/airflow/dags/exampledag.py for tasks to queue
[2025-04-12T21:21:33.707+0000] {logging_mixin.py:154} INFO - [2025-04-12T21:21:33.707+0000] {dagbag.py:536} INFO - Filling up the DagBag from /opt/airflow/dags/exampledag.py
[2025-04-12T21:21:33.738+0000] {processor.py:839} INFO - DAG(s) dict_keys(['chethan_test_dag']) retrieved from /opt/airflow/dags/exampledag.py
[2025-04-12T21:21:33.775+0000] {logging_mixin.py:154} INFO - [2025-04-12T21:21:33.775+0000] {dag.py:2941} INFO - Sync 1 DAGs
[2025-04-12T21:21:33.802+0000] {logging_mixin.py:154} INFO - [2025-04-12T21:21:33.802+0000] {dag.py:3722} INFO - Setting next_dagrun for chethan_test_dag to 2025-04-11T00:00:00+00:00, run_after=2025-04-12T00:00:00+00:00
[2025-04-12T21:21:33.827+0000] {processor.py:179} INFO - Processing /opt/airflow/dags/exampledag.py took 0.133 seconds
[2025-04-12T21:22:04.266+0000] {processor.py:157} INFO - Started process (PID=4887) to work on /opt/airflow/dags/exampledag.py
[2025-04-12T21:22:04.267+0000] {processor.py:829} INFO - Processing file /opt/airflow/dags/exampledag.py for tasks to queue
[2025-04-12T21:22:04.268+0000] {logging_mixin.py:154} INFO - [2025-04-12T21:22:04.268+0000] {dagbag.py:536} INFO - Filling up the DagBag from /opt/airflow/dags/exampledag.py
[2025-04-12T21:22:04.292+0000] {processor.py:839} INFO - DAG(s) dict_keys(['chethan_test_dag']) retrieved from /opt/airflow/dags/exampledag.py
[2025-04-12T21:22:04.323+0000] {logging_mixin.py:154} INFO - [2025-04-12T21:22:04.323+0000] {dag.py:2941} INFO - Sync 1 DAGs
[2025-04-12T21:22:04.342+0000] {logging_mixin.py:154} INFO - [2025-04-12T21:22:04.342+0000] {dag.py:3722} INFO - Setting next_dagrun for chethan_test_dag to 2025-04-11T00:00:00+00:00, run_after=2025-04-12T00:00:00+00:00
[2025-04-12T21:22:04.363+0000] {processor.py:179} INFO - Processing /opt/airflow/dags/exampledag.py took 0.101 seconds
[2025-04-12T21:22:35.392+0000] {processor.py:157} INFO - Started process (PID=4900) to work on /opt/airflow/dags/exampledag.py
[2025-04-12T21:22:35.394+0000] {processor.py:829} INFO - Processing file /opt/airflow/dags/exampledag.py for tasks to queue
[2025-04-12T21:22:35.395+0000] {logging_mixin.py:154} INFO - [2025-04-12T21:22:35.394+0000] {dagbag.py:536} INFO - Filling up the DagBag from /opt/airflow/dags/exampledag.py
[2025-04-12T21:22:35.416+0000] {processor.py:839} INFO - DAG(s) dict_keys(['chethan_test_dag']) retrieved from /opt/airflow/dags/exampledag.py
[2025-04-12T21:22:35.436+0000] {logging_mixin.py:154} INFO - [2025-04-12T21:22:35.436+0000] {dag.py:2941} INFO - Sync 1 DAGs
[2025-04-12T21:22:35.455+0000] {logging_mixin.py:154} INFO - [2025-04-12T21:22:35.454+0000] {dag.py:3722} INFO - Setting next_dagrun for chethan_test_dag to 2025-04-11T00:00:00+00:00, run_after=2025-04-12T00:00:00+00:00
[2025-04-12T21:22:35.471+0000] {processor.py:179} INFO - Processing /opt/airflow/dags/exampledag.py took 0.081 seconds
[2025-04-12T21:23:05.919+0000] {processor.py:157} INFO - Started process (PID=4910) to work on /opt/airflow/dags/exampledag.py
[2025-04-12T21:23:05.920+0000] {processor.py:829} INFO - Processing file /opt/airflow/dags/exampledag.py for tasks to queue
[2025-04-12T21:23:05.921+0000] {logging_mixin.py:154} INFO - [2025-04-12T21:23:05.921+0000] {dagbag.py:536} INFO - Filling up the DagBag from /opt/airflow/dags/exampledag.py
[2025-04-12T21:23:05.945+0000] {processor.py:839} INFO - DAG(s) dict_keys(['chethan_test_dag']) retrieved from /opt/airflow/dags/exampledag.py
[2025-04-12T21:23:05.966+0000] {logging_mixin.py:154} INFO - [2025-04-12T21:23:05.966+0000] {dag.py:2941} INFO - Sync 1 DAGs
[2025-04-12T21:23:05.983+0000] {logging_mixin.py:154} INFO - [2025-04-12T21:23:05.983+0000] {dag.py:3722} INFO - Setting next_dagrun for chethan_test_dag to 2025-04-11T00:00:00+00:00, run_after=2025-04-12T00:00:00+00:00
[2025-04-12T21:23:05.998+0000] {processor.py:179} INFO - Processing /opt/airflow/dags/exampledag.py took 0.082 seconds
[2025-04-12T21:23:36.723+0000] {processor.py:157} INFO - Started process (PID=4920) to work on /opt/airflow/dags/exampledag.py
[2025-04-12T21:23:36.724+0000] {processor.py:829} INFO - Processing file /opt/airflow/dags/exampledag.py for tasks to queue
[2025-04-12T21:23:36.726+0000] {logging_mixin.py:154} INFO - [2025-04-12T21:23:36.726+0000] {dagbag.py:536} INFO - Filling up the DagBag from /opt/airflow/dags/exampledag.py
[2025-04-12T21:23:36.757+0000] {processor.py:839} INFO - DAG(s) dict_keys(['chethan_test_dag']) retrieved from /opt/airflow/dags/exampledag.py
[2025-04-12T21:23:36.782+0000] {logging_mixin.py:154} INFO - [2025-04-12T21:23:36.782+0000] {dag.py:2941} INFO - Sync 1 DAGs
[2025-04-12T21:23:36.808+0000] {logging_mixin.py:154} INFO - [2025-04-12T21:23:36.807+0000] {dag.py:3722} INFO - Setting next_dagrun for chethan_test_dag to 2025-04-11T00:00:00+00:00, run_after=2025-04-12T00:00:00+00:00
[2025-04-12T21:23:36.836+0000] {processor.py:179} INFO - Processing /opt/airflow/dags/exampledag.py took 0.117 seconds
[2025-04-12T21:24:08.133+0000] {processor.py:157} INFO - Started process (PID=4930) to work on /opt/airflow/dags/exampledag.py
[2025-04-12T21:24:08.134+0000] {processor.py:829} INFO - Processing file /opt/airflow/dags/exampledag.py for tasks to queue
[2025-04-12T21:24:08.135+0000] {logging_mixin.py:154} INFO - [2025-04-12T21:24:08.135+0000] {dagbag.py:536} INFO - Filling up the DagBag from /opt/airflow/dags/exampledag.py
[2025-04-12T21:24:08.156+0000] {processor.py:839} INFO - DAG(s) dict_keys(['chethan_test_dag']) retrieved from /opt/airflow/dags/exampledag.py
[2025-04-12T21:24:08.175+0000] {logging_mixin.py:154} INFO - [2025-04-12T21:24:08.175+0000] {dag.py:2941} INFO - Sync 1 DAGs
[2025-04-12T21:24:08.193+0000] {logging_mixin.py:154} INFO - [2025-04-12T21:24:08.193+0000] {dag.py:3722} INFO - Setting next_dagrun for chethan_test_dag to 2025-04-11T00:00:00+00:00, run_after=2025-04-12T00:00:00+00:00
[2025-04-12T21:24:08.207+0000] {processor.py:179} INFO - Processing /opt/airflow/dags/exampledag.py took 0.076 seconds
[2025-04-12T21:24:39.493+0000] {processor.py:157} INFO - Started process (PID=4940) to work on /opt/airflow/dags/exampledag.py
[2025-04-12T21:24:39.494+0000] {processor.py:829} INFO - Processing file /opt/airflow/dags/exampledag.py for tasks to queue
[2025-04-12T21:24:39.495+0000] {logging_mixin.py:154} INFO - [2025-04-12T21:24:39.495+0000] {dagbag.py:536} INFO - Filling up the DagBag from /opt/airflow/dags/exampledag.py
[2025-04-12T21:24:39.517+0000] {processor.py:839} INFO - DAG(s) dict_keys(['chethan_test_dag']) retrieved from /opt/airflow/dags/exampledag.py
[2025-04-12T21:24:39.537+0000] {logging_mixin.py:154} INFO - [2025-04-12T21:24:39.537+0000] {dag.py:2941} INFO - Sync 1 DAGs
[2025-04-12T21:24:39.554+0000] {logging_mixin.py:154} INFO - [2025-04-12T21:24:39.554+0000] {dag.py:3722} INFO - Setting next_dagrun for chethan_test_dag to 2025-04-11T00:00:00+00:00, run_after=2025-04-12T00:00:00+00:00
[2025-04-12T21:24:39.569+0000] {processor.py:179} INFO - Processing /opt/airflow/dags/exampledag.py took 0.079 seconds
[2025-04-12T21:25:10.902+0000] {processor.py:157} INFO - Started process (PID=4950) to work on /opt/airflow/dags/exampledag.py
[2025-04-12T21:25:10.903+0000] {processor.py:829} INFO - Processing file /opt/airflow/dags/exampledag.py for tasks to queue
[2025-04-12T21:25:10.904+0000] {logging_mixin.py:154} INFO - [2025-04-12T21:25:10.904+0000] {dagbag.py:536} INFO - Filling up the DagBag from /opt/airflow/dags/exampledag.py
[2025-04-12T21:25:10.923+0000] {processor.py:839} INFO - DAG(s) dict_keys(['chethan_test_dag']) retrieved from /opt/airflow/dags/exampledag.py
[2025-04-12T21:25:10.943+0000] {logging_mixin.py:154} INFO - [2025-04-12T21:25:10.943+0000] {dag.py:2941} INFO - Sync 1 DAGs
[2025-04-12T21:25:10.961+0000] {logging_mixin.py:154} INFO - [2025-04-12T21:25:10.961+0000] {dag.py:3722} INFO - Setting next_dagrun for chethan_test_dag to 2025-04-11T00:00:00+00:00, run_after=2025-04-12T00:00:00+00:00
[2025-04-12T21:25:10.977+0000] {processor.py:179} INFO - Processing /opt/airflow/dags/exampledag.py took 0.078 seconds
[2025-04-12T21:25:42.483+0000] {processor.py:157} INFO - Started process (PID=4960) to work on /opt/airflow/dags/exampledag.py
[2025-04-12T21:25:42.484+0000] {processor.py:829} INFO - Processing file /opt/airflow/dags/exampledag.py for tasks to queue
[2025-04-12T21:25:42.485+0000] {logging_mixin.py:154} INFO - [2025-04-12T21:25:42.485+0000] {dagbag.py:536} INFO - Filling up the DagBag from /opt/airflow/dags/exampledag.py
[2025-04-12T21:25:42.511+0000] {processor.py:839} INFO - DAG(s) dict_keys(['chethan_test_dag']) retrieved from /opt/airflow/dags/exampledag.py
[2025-04-12T21:25:42.531+0000] {logging_mixin.py:154} INFO - [2025-04-12T21:25:42.531+0000] {dag.py:2941} INFO - Sync 1 DAGs
[2025-04-12T21:25:42.557+0000] {logging_mixin.py:154} INFO - [2025-04-12T21:25:42.557+0000] {dag.py:3722} INFO - Setting next_dagrun for chethan_test_dag to 2025-04-11T00:00:00+00:00, run_after=2025-04-12T00:00:00+00:00
[2025-04-12T21:25:42.578+0000] {processor.py:179} INFO - Processing /opt/airflow/dags/exampledag.py took 0.097 seconds
[2025-04-12T21:26:14.049+0000] {processor.py:157} INFO - Started process (PID=4970) to work on /opt/airflow/dags/exampledag.py
[2025-04-12T21:26:14.050+0000] {processor.py:829} INFO - Processing file /opt/airflow/dags/exampledag.py for tasks to queue
[2025-04-12T21:26:14.051+0000] {logging_mixin.py:154} INFO - [2025-04-12T21:26:14.051+0000] {dagbag.py:536} INFO - Filling up the DagBag from /opt/airflow/dags/exampledag.py
[2025-04-12T21:26:14.074+0000] {processor.py:839} INFO - DAG(s) dict_keys(['chethan_test_dag']) retrieved from /opt/airflow/dags/exampledag.py
[2025-04-12T21:26:14.097+0000] {logging_mixin.py:154} INFO - [2025-04-12T21:26:14.097+0000] {dag.py:2941} INFO - Sync 1 DAGs
[2025-04-12T21:26:14.116+0000] {logging_mixin.py:154} INFO - [2025-04-12T21:26:14.116+0000] {dag.py:3722} INFO - Setting next_dagrun for chethan_test_dag to 2025-04-11T00:00:00+00:00, run_after=2025-04-12T00:00:00+00:00
[2025-04-12T21:26:14.145+0000] {processor.py:179} INFO - Processing /opt/airflow/dags/exampledag.py took 0.100 seconds
[2025-04-12T21:26:44.694+0000] {processor.py:157} INFO - Started process (PID=4980) to work on /opt/airflow/dags/exampledag.py
[2025-04-12T21:26:44.696+0000] {processor.py:829} INFO - Processing file /opt/airflow/dags/exampledag.py for tasks to queue
[2025-04-12T21:26:44.698+0000] {logging_mixin.py:154} INFO - [2025-04-12T21:26:44.697+0000] {dagbag.py:536} INFO - Filling up the DagBag from /opt/airflow/dags/exampledag.py
[2025-04-12T21:26:44.729+0000] {processor.py:839} INFO - DAG(s) dict_keys(['chethan_test_dag']) retrieved from /opt/airflow/dags/exampledag.py
[2025-04-12T21:26:44.749+0000] {logging_mixin.py:154} INFO - [2025-04-12T21:26:44.749+0000] {dag.py:2941} INFO - Sync 1 DAGs
[2025-04-12T21:26:44.769+0000] {logging_mixin.py:154} INFO - [2025-04-12T21:26:44.768+0000] {dag.py:3722} INFO - Setting next_dagrun for chethan_test_dag to 2025-04-11T00:00:00+00:00, run_after=2025-04-12T00:00:00+00:00
[2025-04-12T21:26:44.788+0000] {processor.py:179} INFO - Processing /opt/airflow/dags/exampledag.py took 0.098 seconds
[2025-04-12T21:27:15.409+0000] {processor.py:157} INFO - Started process (PID=4990) to work on /opt/airflow/dags/exampledag.py
[2025-04-12T21:27:15.411+0000] {processor.py:829} INFO - Processing file /opt/airflow/dags/exampledag.py for tasks to queue
[2025-04-12T21:27:15.412+0000] {logging_mixin.py:154} INFO - [2025-04-12T21:27:15.411+0000] {dagbag.py:536} INFO - Filling up the DagBag from /opt/airflow/dags/exampledag.py
[2025-04-12T21:27:15.440+0000] {processor.py:839} INFO - DAG(s) dict_keys(['chethan_test_dag']) retrieved from /opt/airflow/dags/exampledag.py
[2025-04-12T21:27:15.466+0000] {logging_mixin.py:154} INFO - [2025-04-12T21:27:15.466+0000] {dag.py:2941} INFO - Sync 1 DAGs
[2025-04-12T21:27:15.489+0000] {logging_mixin.py:154} INFO - [2025-04-12T21:27:15.489+0000] {dag.py:3722} INFO - Setting next_dagrun for chethan_test_dag to 2025-04-11T00:00:00+00:00, run_after=2025-04-12T00:00:00+00:00
[2025-04-12T21:27:15.513+0000] {processor.py:179} INFO - Processing /opt/airflow/dags/exampledag.py took 0.107 seconds
[2025-04-12T21:27:47.076+0000] {processor.py:157} INFO - Started process (PID=5000) to work on /opt/airflow/dags/exampledag.py
[2025-04-12T21:27:47.078+0000] {processor.py:829} INFO - Processing file /opt/airflow/dags/exampledag.py for tasks to queue
[2025-04-12T21:27:47.079+0000] {logging_mixin.py:154} INFO - [2025-04-12T21:27:47.079+0000] {dagbag.py:536} INFO - Filling up the DagBag from /opt/airflow/dags/exampledag.py
[2025-04-12T21:27:47.107+0000] {processor.py:839} INFO - DAG(s) dict_keys(['chethan_test_dag']) retrieved from /opt/airflow/dags/exampledag.py
[2025-04-12T21:27:47.130+0000] {logging_mixin.py:154} INFO - [2025-04-12T21:27:47.130+0000] {dag.py:2941} INFO - Sync 1 DAGs
[2025-04-12T21:27:47.152+0000] {logging_mixin.py:154} INFO - [2025-04-12T21:27:47.151+0000] {dag.py:3722} INFO - Setting next_dagrun for chethan_test_dag to 2025-04-11T00:00:00+00:00, run_after=2025-04-12T00:00:00+00:00
[2025-04-12T21:27:47.169+0000] {processor.py:179} INFO - Processing /opt/airflow/dags/exampledag.py took 0.097 seconds
[2025-04-12T21:28:18.409+0000] {processor.py:157} INFO - Started process (PID=5010) to work on /opt/airflow/dags/exampledag.py
[2025-04-12T21:28:18.410+0000] {processor.py:829} INFO - Processing file /opt/airflow/dags/exampledag.py for tasks to queue
[2025-04-12T21:28:18.411+0000] {logging_mixin.py:154} INFO - [2025-04-12T21:28:18.410+0000] {dagbag.py:536} INFO - Filling up the DagBag from /opt/airflow/dags/exampledag.py
[2025-04-12T21:28:18.433+0000] {processor.py:839} INFO - DAG(s) dict_keys(['chethan_test_dag']) retrieved from /opt/airflow/dags/exampledag.py
[2025-04-12T21:28:18.453+0000] {logging_mixin.py:154} INFO - [2025-04-12T21:28:18.453+0000] {dag.py:2941} INFO - Sync 1 DAGs
[2025-04-12T21:28:18.472+0000] {logging_mixin.py:154} INFO - [2025-04-12T21:28:18.472+0000] {dag.py:3722} INFO - Setting next_dagrun for chethan_test_dag to 2025-04-11T00:00:00+00:00, run_after=2025-04-12T00:00:00+00:00
[2025-04-12T21:28:18.488+0000] {processor.py:179} INFO - Processing /opt/airflow/dags/exampledag.py took 0.081 seconds
[2025-04-12T21:28:49.897+0000] {processor.py:157} INFO - Started process (PID=5020) to work on /opt/airflow/dags/exampledag.py
[2025-04-12T21:28:49.899+0000] {processor.py:829} INFO - Processing file /opt/airflow/dags/exampledag.py for tasks to queue
[2025-04-12T21:28:49.901+0000] {logging_mixin.py:154} INFO - [2025-04-12T21:28:49.901+0000] {dagbag.py:536} INFO - Filling up the DagBag from /opt/airflow/dags/exampledag.py
[2025-04-12T21:28:49.925+0000] {processor.py:839} INFO - DAG(s) dict_keys(['chethan_test_dag']) retrieved from /opt/airflow/dags/exampledag.py
[2025-04-12T21:28:49.945+0000] {logging_mixin.py:154} INFO - [2025-04-12T21:28:49.945+0000] {dag.py:2941} INFO - Sync 1 DAGs
[2025-04-12T21:28:49.962+0000] {logging_mixin.py:154} INFO - [2025-04-12T21:28:49.962+0000] {dag.py:3722} INFO - Setting next_dagrun for chethan_test_dag to 2025-04-11T00:00:00+00:00, run_after=2025-04-12T00:00:00+00:00
[2025-04-12T21:28:49.977+0000] {processor.py:179} INFO - Processing /opt/airflow/dags/exampledag.py took 0.083 seconds
[2025-04-12T21:29:21.322+0000] {processor.py:157} INFO - Started process (PID=5030) to work on /opt/airflow/dags/exampledag.py
[2025-04-12T21:29:21.324+0000] {processor.py:829} INFO - Processing file /opt/airflow/dags/exampledag.py for tasks to queue
[2025-04-12T21:29:21.325+0000] {logging_mixin.py:154} INFO - [2025-04-12T21:29:21.324+0000] {dagbag.py:536} INFO - Filling up the DagBag from /opt/airflow/dags/exampledag.py
[2025-04-12T21:29:21.351+0000] {processor.py:839} INFO - DAG(s) dict_keys(['chethan_test_dag']) retrieved from /opt/airflow/dags/exampledag.py
[2025-04-12T21:29:21.371+0000] {logging_mixin.py:154} INFO - [2025-04-12T21:29:21.371+0000] {dag.py:2941} INFO - Sync 1 DAGs
[2025-04-12T21:29:21.389+0000] {logging_mixin.py:154} INFO - [2025-04-12T21:29:21.388+0000] {dag.py:3722} INFO - Setting next_dagrun for chethan_test_dag to 2025-04-11T00:00:00+00:00, run_after=2025-04-12T00:00:00+00:00
[2025-04-12T21:29:21.412+0000] {processor.py:179} INFO - Processing /opt/airflow/dags/exampledag.py took 0.093 seconds
[2025-04-12T21:29:52.131+0000] {processor.py:157} INFO - Started process (PID=5040) to work on /opt/airflow/dags/exampledag.py
[2025-04-12T21:29:52.132+0000] {processor.py:829} INFO - Processing file /opt/airflow/dags/exampledag.py for tasks to queue
[2025-04-12T21:29:52.134+0000] {logging_mixin.py:154} INFO - [2025-04-12T21:29:52.134+0000] {dagbag.py:536} INFO - Filling up the DagBag from /opt/airflow/dags/exampledag.py
[2025-04-12T21:29:52.166+0000] {processor.py:839} INFO - DAG(s) dict_keys(['chethan_test_dag']) retrieved from /opt/airflow/dags/exampledag.py
[2025-04-12T21:29:52.223+0000] {logging_mixin.py:154} INFO - [2025-04-12T21:29:52.222+0000] {dag.py:2941} INFO - Sync 1 DAGs
[2025-04-12T21:29:52.286+0000] {logging_mixin.py:154} INFO - [2025-04-12T21:29:52.285+0000] {dag.py:3722} INFO - Setting next_dagrun for chethan_test_dag to 2025-04-11T00:00:00+00:00, run_after=2025-04-12T00:00:00+00:00
[2025-04-12T21:29:52.315+0000] {processor.py:179} INFO - Processing /opt/airflow/dags/exampledag.py took 0.189 seconds
[2025-04-12T21:30:22.536+0000] {processor.py:157} INFO - Started process (PID=5049) to work on /opt/airflow/dags/exampledag.py
[2025-04-12T21:30:22.537+0000] {processor.py:829} INFO - Processing file /opt/airflow/dags/exampledag.py for tasks to queue
[2025-04-12T21:30:22.538+0000] {logging_mixin.py:154} INFO - [2025-04-12T21:30:22.538+0000] {dagbag.py:536} INFO - Filling up the DagBag from /opt/airflow/dags/exampledag.py
[2025-04-12T21:30:22.560+0000] {processor.py:839} INFO - DAG(s) dict_keys(['chethan_test_dag']) retrieved from /opt/airflow/dags/exampledag.py
[2025-04-12T21:30:22.592+0000] {logging_mixin.py:154} INFO - [2025-04-12T21:30:22.592+0000] {dag.py:2941} INFO - Sync 1 DAGs
[2025-04-12T21:30:22.615+0000] {logging_mixin.py:154} INFO - [2025-04-12T21:30:22.615+0000] {dag.py:3722} INFO - Setting next_dagrun for chethan_test_dag to 2025-04-11T00:00:00+00:00, run_after=2025-04-12T00:00:00+00:00
[2025-04-12T21:30:22.641+0000] {processor.py:179} INFO - Processing /opt/airflow/dags/exampledag.py took 0.106 seconds
[2025-04-12T21:30:52.802+0000] {processor.py:157} INFO - Started process (PID=5058) to work on /opt/airflow/dags/exampledag.py
[2025-04-12T21:30:52.804+0000] {processor.py:829} INFO - Processing file /opt/airflow/dags/exampledag.py for tasks to queue
[2025-04-12T21:30:52.805+0000] {logging_mixin.py:154} INFO - [2025-04-12T21:30:52.805+0000] {dagbag.py:536} INFO - Filling up the DagBag from /opt/airflow/dags/exampledag.py
[2025-04-12T21:30:52.833+0000] {processor.py:839} INFO - DAG(s) dict_keys(['chethan_test_dag']) retrieved from /opt/airflow/dags/exampledag.py
[2025-04-12T21:30:52.862+0000] {logging_mixin.py:154} INFO - [2025-04-12T21:30:52.862+0000] {dag.py:2941} INFO - Sync 1 DAGs
[2025-04-12T21:30:52.886+0000] {logging_mixin.py:154} INFO - [2025-04-12T21:30:52.886+0000] {dag.py:3722} INFO - Setting next_dagrun for chethan_test_dag to 2025-04-11T00:00:00+00:00, run_after=2025-04-12T00:00:00+00:00
[2025-04-12T21:30:52.905+0000] {processor.py:179} INFO - Processing /opt/airflow/dags/exampledag.py took 0.107 seconds
[2025-04-12T21:31:23.322+0000] {processor.py:157} INFO - Started process (PID=5067) to work on /opt/airflow/dags/exampledag.py
[2025-04-12T21:31:23.323+0000] {processor.py:829} INFO - Processing file /opt/airflow/dags/exampledag.py for tasks to queue
[2025-04-12T21:31:23.324+0000] {logging_mixin.py:154} INFO - [2025-04-12T21:31:23.323+0000] {dagbag.py:536} INFO - Filling up the DagBag from /opt/airflow/dags/exampledag.py
[2025-04-12T21:31:23.345+0000] {processor.py:839} INFO - DAG(s) dict_keys(['chethan_test_dag']) retrieved from /opt/airflow/dags/exampledag.py
[2025-04-12T21:31:23.369+0000] {logging_mixin.py:154} INFO - [2025-04-12T21:31:23.368+0000] {dag.py:2941} INFO - Sync 1 DAGs
[2025-04-12T21:31:23.389+0000] {logging_mixin.py:154} INFO - [2025-04-12T21:31:23.389+0000] {dag.py:3722} INFO - Setting next_dagrun for chethan_test_dag to 2025-04-11T00:00:00+00:00, run_after=2025-04-12T00:00:00+00:00
[2025-04-12T21:31:23.411+0000] {processor.py:179} INFO - Processing /opt/airflow/dags/exampledag.py took 0.092 seconds
[2025-04-12T21:31:53.805+0000] {processor.py:157} INFO - Started process (PID=5076) to work on /opt/airflow/dags/exampledag.py
[2025-04-12T21:31:53.807+0000] {processor.py:829} INFO - Processing file /opt/airflow/dags/exampledag.py for tasks to queue
[2025-04-12T21:31:53.810+0000] {logging_mixin.py:154} INFO - [2025-04-12T21:31:53.808+0000] {dagbag.py:536} INFO - Filling up the DagBag from /opt/airflow/dags/exampledag.py
[2025-04-12T21:31:53.864+0000] {processor.py:839} INFO - DAG(s) dict_keys(['chethan_test_dag']) retrieved from /opt/airflow/dags/exampledag.py
[2025-04-12T21:31:53.914+0000] {logging_mixin.py:154} INFO - [2025-04-12T21:31:53.914+0000] {dag.py:2941} INFO - Sync 1 DAGs
[2025-04-12T21:31:53.964+0000] {logging_mixin.py:154} INFO - [2025-04-12T21:31:53.963+0000] {dag.py:3722} INFO - Setting next_dagrun for chethan_test_dag to 2025-04-11T00:00:00+00:00, run_after=2025-04-12T00:00:00+00:00
[2025-04-12T21:31:54.005+0000] {processor.py:179} INFO - Processing /opt/airflow/dags/exampledag.py took 0.210 seconds
[2025-04-12T21:32:24.826+0000] {processor.py:157} INFO - Started process (PID=5087) to work on /opt/airflow/dags/exampledag.py
[2025-04-12T21:32:24.828+0000] {processor.py:829} INFO - Processing file /opt/airflow/dags/exampledag.py for tasks to queue
[2025-04-12T21:32:24.829+0000] {logging_mixin.py:154} INFO - [2025-04-12T21:32:24.828+0000] {dagbag.py:536} INFO - Filling up the DagBag from /opt/airflow/dags/exampledag.py
[2025-04-12T21:32:24.853+0000] {processor.py:839} INFO - DAG(s) dict_keys(['chethan_test_dag']) retrieved from /opt/airflow/dags/exampledag.py
[2025-04-12T21:32:24.874+0000] {logging_mixin.py:154} INFO - [2025-04-12T21:32:24.874+0000] {dag.py:2941} INFO - Sync 1 DAGs
[2025-04-12T21:32:24.894+0000] {logging_mixin.py:154} INFO - [2025-04-12T21:32:24.893+0000] {dag.py:3722} INFO - Setting next_dagrun for chethan_test_dag to 2025-04-11T00:00:00+00:00, run_after=2025-04-12T00:00:00+00:00
[2025-04-12T21:32:24.913+0000] {processor.py:179} INFO - Processing /opt/airflow/dags/exampledag.py took 0.089 seconds
[2025-04-12T21:32:55.154+0000] {processor.py:157} INFO - Started process (PID=5096) to work on /opt/airflow/dags/exampledag.py
[2025-04-12T21:32:55.155+0000] {processor.py:829} INFO - Processing file /opt/airflow/dags/exampledag.py for tasks to queue
[2025-04-12T21:32:55.156+0000] {logging_mixin.py:154} INFO - [2025-04-12T21:32:55.156+0000] {dagbag.py:536} INFO - Filling up the DagBag from /opt/airflow/dags/exampledag.py
[2025-04-12T21:32:55.175+0000] {processor.py:839} INFO - DAG(s) dict_keys(['chethan_test_dag']) retrieved from /opt/airflow/dags/exampledag.py
[2025-04-12T21:32:55.194+0000] {logging_mixin.py:154} INFO - [2025-04-12T21:32:55.194+0000] {dag.py:2941} INFO - Sync 1 DAGs
[2025-04-12T21:32:55.211+0000] {logging_mixin.py:154} INFO - [2025-04-12T21:32:55.211+0000] {dag.py:3722} INFO - Setting next_dagrun for chethan_test_dag to 2025-04-11T00:00:00+00:00, run_after=2025-04-12T00:00:00+00:00
[2025-04-12T21:32:55.224+0000] {processor.py:179} INFO - Processing /opt/airflow/dags/exampledag.py took 0.072 seconds
[2025-04-12T21:33:25.669+0000] {processor.py:157} INFO - Started process (PID=5106) to work on /opt/airflow/dags/exampledag.py
[2025-04-12T21:33:25.670+0000] {processor.py:829} INFO - Processing file /opt/airflow/dags/exampledag.py for tasks to queue
[2025-04-12T21:33:25.672+0000] {logging_mixin.py:154} INFO - [2025-04-12T21:33:25.671+0000] {dagbag.py:536} INFO - Filling up the DagBag from /opt/airflow/dags/exampledag.py
[2025-04-12T21:33:25.696+0000] {processor.py:839} INFO - DAG(s) dict_keys(['chethan_test_dag']) retrieved from /opt/airflow/dags/exampledag.py
[2025-04-12T21:33:25.716+0000] {logging_mixin.py:154} INFO - [2025-04-12T21:33:25.715+0000] {dag.py:2941} INFO - Sync 1 DAGs
[2025-04-12T21:33:25.734+0000] {logging_mixin.py:154} INFO - [2025-04-12T21:33:25.734+0000] {dag.py:3722} INFO - Setting next_dagrun for chethan_test_dag to 2025-04-11T00:00:00+00:00, run_after=2025-04-12T00:00:00+00:00
[2025-04-12T21:33:25.751+0000] {processor.py:179} INFO - Processing /opt/airflow/dags/exampledag.py took 0.086 seconds
[2025-04-12T21:33:56.200+0000] {processor.py:157} INFO - Started process (PID=5116) to work on /opt/airflow/dags/exampledag.py
[2025-04-12T21:33:56.201+0000] {processor.py:829} INFO - Processing file /opt/airflow/dags/exampledag.py for tasks to queue
[2025-04-12T21:33:56.202+0000] {logging_mixin.py:154} INFO - [2025-04-12T21:33:56.202+0000] {dagbag.py:536} INFO - Filling up the DagBag from /opt/airflow/dags/exampledag.py
[2025-04-12T21:33:56.222+0000] {processor.py:839} INFO - DAG(s) dict_keys(['chethan_test_dag']) retrieved from /opt/airflow/dags/exampledag.py
[2025-04-12T21:33:56.241+0000] {logging_mixin.py:154} INFO - [2025-04-12T21:33:56.241+0000] {dag.py:2941} INFO - Sync 1 DAGs
[2025-04-12T21:33:56.260+0000] {logging_mixin.py:154} INFO - [2025-04-12T21:33:56.259+0000] {dag.py:3722} INFO - Setting next_dagrun for chethan_test_dag to 2025-04-11T00:00:00+00:00, run_after=2025-04-12T00:00:00+00:00
[2025-04-12T21:33:56.277+0000] {processor.py:179} INFO - Processing /opt/airflow/dags/exampledag.py took 0.078 seconds
[2025-04-12T21:34:26.398+0000] {processor.py:157} INFO - Started process (PID=5126) to work on /opt/airflow/dags/exampledag.py
[2025-04-12T21:34:26.399+0000] {processor.py:829} INFO - Processing file /opt/airflow/dags/exampledag.py for tasks to queue
[2025-04-12T21:34:26.399+0000] {logging_mixin.py:154} INFO - [2025-04-12T21:34:26.399+0000] {dagbag.py:536} INFO - Filling up the DagBag from /opt/airflow/dags/exampledag.py
[2025-04-12T21:34:26.423+0000] {processor.py:839} INFO - DAG(s) dict_keys(['chethan_test_dag']) retrieved from /opt/airflow/dags/exampledag.py
[2025-04-12T21:34:26.452+0000] {logging_mixin.py:154} INFO - [2025-04-12T21:34:26.452+0000] {dag.py:2941} INFO - Sync 1 DAGs
[2025-04-12T21:34:26.475+0000] {logging_mixin.py:154} INFO - [2025-04-12T21:34:26.475+0000] {dag.py:3722} INFO - Setting next_dagrun for chethan_test_dag to 2025-04-11T00:00:00+00:00, run_after=2025-04-12T00:00:00+00:00
[2025-04-12T21:34:26.498+0000] {processor.py:179} INFO - Processing /opt/airflow/dags/exampledag.py took 0.103 seconds
[2025-04-12T21:34:57.449+0000] {processor.py:157} INFO - Started process (PID=5136) to work on /opt/airflow/dags/exampledag.py
[2025-04-12T21:34:57.451+0000] {processor.py:829} INFO - Processing file /opt/airflow/dags/exampledag.py for tasks to queue
[2025-04-12T21:34:57.453+0000] {logging_mixin.py:154} INFO - [2025-04-12T21:34:57.452+0000] {dagbag.py:536} INFO - Filling up the DagBag from /opt/airflow/dags/exampledag.py
[2025-04-12T21:34:57.483+0000] {processor.py:839} INFO - DAG(s) dict_keys(['chethan_test_dag']) retrieved from /opt/airflow/dags/exampledag.py
[2025-04-12T21:34:57.512+0000] {logging_mixin.py:154} INFO - [2025-04-12T21:34:57.511+0000] {dag.py:2941} INFO - Sync 1 DAGs
[2025-04-12T21:34:57.538+0000] {logging_mixin.py:154} INFO - [2025-04-12T21:34:57.538+0000] {dag.py:3722} INFO - Setting next_dagrun for chethan_test_dag to 2025-04-11T00:00:00+00:00, run_after=2025-04-12T00:00:00+00:00
[2025-04-12T21:34:57.563+0000] {processor.py:179} INFO - Processing /opt/airflow/dags/exampledag.py took 0.117 seconds
[2025-04-12T21:35:27.808+0000] {processor.py:157} INFO - Started process (PID=5146) to work on /opt/airflow/dags/exampledag.py
[2025-04-12T21:35:27.810+0000] {processor.py:829} INFO - Processing file /opt/airflow/dags/exampledag.py for tasks to queue
[2025-04-12T21:35:27.811+0000] {logging_mixin.py:154} INFO - [2025-04-12T21:35:27.811+0000] {dagbag.py:536} INFO - Filling up the DagBag from /opt/airflow/dags/exampledag.py
[2025-04-12T21:35:27.847+0000] {processor.py:839} INFO - DAG(s) dict_keys(['chethan_test_dag']) retrieved from /opt/airflow/dags/exampledag.py
[2025-04-12T21:35:27.882+0000] {logging_mixin.py:154} INFO - [2025-04-12T21:35:27.881+0000] {dag.py:2941} INFO - Sync 1 DAGs
[2025-04-12T21:35:27.916+0000] {logging_mixin.py:154} INFO - [2025-04-12T21:35:27.916+0000] {dag.py:3722} INFO - Setting next_dagrun for chethan_test_dag to 2025-04-11T00:00:00+00:00, run_after=2025-04-12T00:00:00+00:00
[2025-04-12T21:35:27.965+0000] {processor.py:179} INFO - Processing /opt/airflow/dags/exampledag.py took 0.160 seconds
[2025-04-12T21:35:58.481+0000] {processor.py:157} INFO - Started process (PID=5156) to work on /opt/airflow/dags/exampledag.py
[2025-04-12T21:35:58.482+0000] {processor.py:829} INFO - Processing file /opt/airflow/dags/exampledag.py for tasks to queue
[2025-04-12T21:35:58.483+0000] {logging_mixin.py:154} INFO - [2025-04-12T21:35:58.483+0000] {dagbag.py:536} INFO - Filling up the DagBag from /opt/airflow/dags/exampledag.py
[2025-04-12T21:35:58.502+0000] {processor.py:839} INFO - DAG(s) dict_keys(['chethan_test_dag']) retrieved from /opt/airflow/dags/exampledag.py
[2025-04-12T21:35:58.519+0000] {logging_mixin.py:154} INFO - [2025-04-12T21:35:58.519+0000] {dag.py:2941} INFO - Sync 1 DAGs
[2025-04-12T21:35:58.536+0000] {logging_mixin.py:154} INFO - [2025-04-12T21:35:58.536+0000] {dag.py:3722} INFO - Setting next_dagrun for chethan_test_dag to 2025-04-11T00:00:00+00:00, run_after=2025-04-12T00:00:00+00:00
[2025-04-12T21:35:58.555+0000] {processor.py:179} INFO - Processing /opt/airflow/dags/exampledag.py took 0.077 seconds
[2025-04-12T21:36:29.001+0000] {processor.py:157} INFO - Started process (PID=5166) to work on /opt/airflow/dags/exampledag.py
[2025-04-12T21:36:29.004+0000] {processor.py:829} INFO - Processing file /opt/airflow/dags/exampledag.py for tasks to queue
[2025-04-12T21:36:29.006+0000] {logging_mixin.py:154} INFO - [2025-04-12T21:36:29.005+0000] {dagbag.py:536} INFO - Filling up the DagBag from /opt/airflow/dags/exampledag.py
[2025-04-12T21:36:29.049+0000] {processor.py:839} INFO - DAG(s) dict_keys(['chethan_test_dag']) retrieved from /opt/airflow/dags/exampledag.py
[2025-04-12T21:36:29.074+0000] {logging_mixin.py:154} INFO - [2025-04-12T21:36:29.073+0000] {dag.py:2941} INFO - Sync 1 DAGs
[2025-04-12T21:36:29.100+0000] {logging_mixin.py:154} INFO - [2025-04-12T21:36:29.100+0000] {dag.py:3722} INFO - Setting next_dagrun for chethan_test_dag to 2025-04-11T00:00:00+00:00, run_after=2025-04-12T00:00:00+00:00
[2025-04-12T21:36:29.122+0000] {processor.py:179} INFO - Processing /opt/airflow/dags/exampledag.py took 0.129 seconds
[2025-04-12T21:36:59.566+0000] {processor.py:157} INFO - Started process (PID=5176) to work on /opt/airflow/dags/exampledag.py
[2025-04-12T21:36:59.567+0000] {processor.py:829} INFO - Processing file /opt/airflow/dags/exampledag.py for tasks to queue
[2025-04-12T21:36:59.568+0000] {logging_mixin.py:154} INFO - [2025-04-12T21:36:59.568+0000] {dagbag.py:536} INFO - Filling up the DagBag from /opt/airflow/dags/exampledag.py
[2025-04-12T21:36:59.592+0000] {processor.py:839} INFO - DAG(s) dict_keys(['chethan_test_dag']) retrieved from /opt/airflow/dags/exampledag.py
[2025-04-12T21:36:59.615+0000] {logging_mixin.py:154} INFO - [2025-04-12T21:36:59.615+0000] {dag.py:2941} INFO - Sync 1 DAGs
[2025-04-12T21:36:59.639+0000] {logging_mixin.py:154} INFO - [2025-04-12T21:36:59.639+0000] {dag.py:3722} INFO - Setting next_dagrun for chethan_test_dag to 2025-04-11T00:00:00+00:00, run_after=2025-04-12T00:00:00+00:00
[2025-04-12T21:36:59.669+0000] {processor.py:179} INFO - Processing /opt/airflow/dags/exampledag.py took 0.106 seconds
[2025-04-12T21:37:30.198+0000] {processor.py:157} INFO - Started process (PID=5186) to work on /opt/airflow/dags/exampledag.py
[2025-04-12T21:37:30.199+0000] {processor.py:829} INFO - Processing file /opt/airflow/dags/exampledag.py for tasks to queue
[2025-04-12T21:37:30.201+0000] {logging_mixin.py:154} INFO - [2025-04-12T21:37:30.201+0000] {dagbag.py:536} INFO - Filling up the DagBag from /opt/airflow/dags/exampledag.py
[2025-04-12T21:37:30.236+0000] {processor.py:839} INFO - DAG(s) dict_keys(['chethan_test_dag']) retrieved from /opt/airflow/dags/exampledag.py
[2025-04-12T21:37:30.266+0000] {logging_mixin.py:154} INFO - [2025-04-12T21:37:30.266+0000] {dag.py:2941} INFO - Sync 1 DAGs
[2025-04-12T21:37:30.297+0000] {logging_mixin.py:154} INFO - [2025-04-12T21:37:30.296+0000] {dag.py:3722} INFO - Setting next_dagrun for chethan_test_dag to 2025-04-11T00:00:00+00:00, run_after=2025-04-12T00:00:00+00:00
[2025-04-12T21:37:30.324+0000] {processor.py:179} INFO - Processing /opt/airflow/dags/exampledag.py took 0.130 seconds
[2025-04-12T21:38:00.984+0000] {processor.py:157} INFO - Started process (PID=5196) to work on /opt/airflow/dags/exampledag.py
[2025-04-12T21:38:00.985+0000] {processor.py:829} INFO - Processing file /opt/airflow/dags/exampledag.py for tasks to queue
[2025-04-12T21:38:00.986+0000] {logging_mixin.py:154} INFO - [2025-04-12T21:38:00.986+0000] {dagbag.py:536} INFO - Filling up the DagBag from /opt/airflow/dags/exampledag.py
[2025-04-12T21:38:01.007+0000] {processor.py:839} INFO - DAG(s) dict_keys(['chethan_test_dag']) retrieved from /opt/airflow/dags/exampledag.py
[2025-04-12T21:38:01.028+0000] {logging_mixin.py:154} INFO - [2025-04-12T21:38:01.027+0000] {dag.py:2941} INFO - Sync 1 DAGs
[2025-04-12T21:38:01.047+0000] {logging_mixin.py:154} INFO - [2025-04-12T21:38:01.047+0000] {dag.py:3722} INFO - Setting next_dagrun for chethan_test_dag to 2025-04-11T00:00:00+00:00, run_after=2025-04-12T00:00:00+00:00
[2025-04-12T21:38:01.070+0000] {processor.py:179} INFO - Processing /opt/airflow/dags/exampledag.py took 0.088 seconds
[2025-04-12T21:38:31.845+0000] {processor.py:157} INFO - Started process (PID=5206) to work on /opt/airflow/dags/exampledag.py
[2025-04-12T21:38:31.847+0000] {processor.py:829} INFO - Processing file /opt/airflow/dags/exampledag.py for tasks to queue
[2025-04-12T21:38:31.848+0000] {logging_mixin.py:154} INFO - [2025-04-12T21:38:31.847+0000] {dagbag.py:536} INFO - Filling up the DagBag from /opt/airflow/dags/exampledag.py
[2025-04-12T21:38:31.870+0000] {processor.py:839} INFO - DAG(s) dict_keys(['chethan_test_dag']) retrieved from /opt/airflow/dags/exampledag.py
[2025-04-12T21:38:31.890+0000] {logging_mixin.py:154} INFO - [2025-04-12T21:38:31.889+0000] {dag.py:2941} INFO - Sync 1 DAGs
[2025-04-12T21:38:31.908+0000] {logging_mixin.py:154} INFO - [2025-04-12T21:38:31.907+0000] {dag.py:3722} INFO - Setting next_dagrun for chethan_test_dag to 2025-04-11T00:00:00+00:00, run_after=2025-04-12T00:00:00+00:00
[2025-04-12T21:38:31.925+0000] {processor.py:179} INFO - Processing /opt/airflow/dags/exampledag.py took 0.083 seconds
[2025-04-12T21:39:01.979+0000] {processor.py:157} INFO - Started process (PID=5216) to work on /opt/airflow/dags/exampledag.py
[2025-04-12T21:39:01.980+0000] {processor.py:829} INFO - Processing file /opt/airflow/dags/exampledag.py for tasks to queue
[2025-04-12T21:39:01.981+0000] {logging_mixin.py:154} INFO - [2025-04-12T21:39:01.981+0000] {dagbag.py:536} INFO - Filling up the DagBag from /opt/airflow/dags/exampledag.py
[2025-04-12T21:39:02.003+0000] {processor.py:839} INFO - DAG(s) dict_keys(['chethan_test_dag']) retrieved from /opt/airflow/dags/exampledag.py
[2025-04-12T21:39:02.022+0000] {logging_mixin.py:154} INFO - [2025-04-12T21:39:02.022+0000] {dag.py:2941} INFO - Sync 1 DAGs
[2025-04-12T21:39:02.040+0000] {logging_mixin.py:154} INFO - [2025-04-12T21:39:02.040+0000] {dag.py:3722} INFO - Setting next_dagrun for chethan_test_dag to 2025-04-11T00:00:00+00:00, run_after=2025-04-12T00:00:00+00:00
[2025-04-12T21:39:02.060+0000] {processor.py:179} INFO - Processing /opt/airflow/dags/exampledag.py took 0.084 seconds
[2025-04-12T21:39:32.491+0000] {processor.py:157} INFO - Started process (PID=5226) to work on /opt/airflow/dags/exampledag.py
[2025-04-12T21:39:32.494+0000] {processor.py:829} INFO - Processing file /opt/airflow/dags/exampledag.py for tasks to queue
[2025-04-12T21:39:32.495+0000] {logging_mixin.py:154} INFO - [2025-04-12T21:39:32.495+0000] {dagbag.py:536} INFO - Filling up the DagBag from /opt/airflow/dags/exampledag.py
[2025-04-12T21:39:32.517+0000] {processor.py:839} INFO - DAG(s) dict_keys(['chethan_test_dag']) retrieved from /opt/airflow/dags/exampledag.py
[2025-04-12T21:39:32.537+0000] {logging_mixin.py:154} INFO - [2025-04-12T21:39:32.537+0000] {dag.py:2941} INFO - Sync 1 DAGs
[2025-04-12T21:39:32.553+0000] {logging_mixin.py:154} INFO - [2025-04-12T21:39:32.553+0000] {dag.py:3722} INFO - Setting next_dagrun for chethan_test_dag to 2025-04-11T00:00:00+00:00, run_after=2025-04-12T00:00:00+00:00
[2025-04-12T21:39:32.569+0000] {processor.py:179} INFO - Processing /opt/airflow/dags/exampledag.py took 0.082 seconds
[2025-04-12T21:40:02.955+0000] {processor.py:157} INFO - Started process (PID=5236) to work on /opt/airflow/dags/exampledag.py
[2025-04-12T21:40:02.956+0000] {processor.py:829} INFO - Processing file /opt/airflow/dags/exampledag.py for tasks to queue
[2025-04-12T21:40:02.957+0000] {logging_mixin.py:154} INFO - [2025-04-12T21:40:02.957+0000] {dagbag.py:536} INFO - Filling up the DagBag from /opt/airflow/dags/exampledag.py
[2025-04-12T21:40:02.976+0000] {processor.py:839} INFO - DAG(s) dict_keys(['chethan_test_dag']) retrieved from /opt/airflow/dags/exampledag.py
[2025-04-12T21:40:02.995+0000] {logging_mixin.py:154} INFO - [2025-04-12T21:40:02.995+0000] {dag.py:2941} INFO - Sync 1 DAGs
[2025-04-12T21:40:03.013+0000] {logging_mixin.py:154} INFO - [2025-04-12T21:40:03.013+0000] {dag.py:3722} INFO - Setting next_dagrun for chethan_test_dag to 2025-04-11T00:00:00+00:00, run_after=2025-04-12T00:00:00+00:00
[2025-04-12T21:40:03.032+0000] {processor.py:179} INFO - Processing /opt/airflow/dags/exampledag.py took 0.079 seconds
[2025-04-12T21:40:33.405+0000] {processor.py:157} INFO - Started process (PID=5246) to work on /opt/airflow/dags/exampledag.py
[2025-04-12T21:40:33.407+0000] {processor.py:829} INFO - Processing file /opt/airflow/dags/exampledag.py for tasks to queue
[2025-04-12T21:40:33.407+0000] {logging_mixin.py:154} INFO - [2025-04-12T21:40:33.407+0000] {dagbag.py:536} INFO - Filling up the DagBag from /opt/airflow/dags/exampledag.py
[2025-04-12T21:40:33.439+0000] {processor.py:839} INFO - DAG(s) dict_keys(['chethan_test_dag']) retrieved from /opt/airflow/dags/exampledag.py
[2025-04-12T21:40:33.457+0000] {logging_mixin.py:154} INFO - [2025-04-12T21:40:33.457+0000] {dag.py:2941} INFO - Sync 1 DAGs
[2025-04-12T21:40:33.474+0000] {logging_mixin.py:154} INFO - [2025-04-12T21:40:33.474+0000] {dag.py:3722} INFO - Setting next_dagrun for chethan_test_dag to 2025-04-11T00:00:00+00:00, run_after=2025-04-12T00:00:00+00:00
[2025-04-12T21:40:33.528+0000] {processor.py:179} INFO - Processing /opt/airflow/dags/exampledag.py took 0.125 seconds
[2025-04-12T21:41:04.150+0000] {processor.py:157} INFO - Started process (PID=5256) to work on /opt/airflow/dags/exampledag.py
[2025-04-12T21:41:04.152+0000] {processor.py:829} INFO - Processing file /opt/airflow/dags/exampledag.py for tasks to queue
[2025-04-12T21:41:04.153+0000] {logging_mixin.py:154} INFO - [2025-04-12T21:41:04.153+0000] {dagbag.py:536} INFO - Filling up the DagBag from /opt/airflow/dags/exampledag.py
[2025-04-12T21:41:04.214+0000] {processor.py:839} INFO - DAG(s) dict_keys(['chethan_test_dag']) retrieved from /opt/airflow/dags/exampledag.py
[2025-04-12T21:41:04.261+0000] {logging_mixin.py:154} INFO - [2025-04-12T21:41:04.261+0000] {dag.py:2941} INFO - Sync 1 DAGs
[2025-04-12T21:41:04.301+0000] {logging_mixin.py:154} INFO - [2025-04-12T21:41:04.300+0000] {dag.py:3722} INFO - Setting next_dagrun for chethan_test_dag to 2025-04-11T00:00:00+00:00, run_after=2025-04-12T00:00:00+00:00
[2025-04-12T21:41:04.334+0000] {processor.py:179} INFO - Processing /opt/airflow/dags/exampledag.py took 0.188 seconds
[2025-04-12T21:41:34.843+0000] {processor.py:157} INFO - Started process (PID=5266) to work on /opt/airflow/dags/exampledag.py
[2025-04-12T21:41:34.845+0000] {processor.py:829} INFO - Processing file /opt/airflow/dags/exampledag.py for tasks to queue
[2025-04-12T21:41:34.846+0000] {logging_mixin.py:154} INFO - [2025-04-12T21:41:34.845+0000] {dagbag.py:536} INFO - Filling up the DagBag from /opt/airflow/dags/exampledag.py
[2025-04-12T21:41:34.867+0000] {processor.py:839} INFO - DAG(s) dict_keys(['chethan_test_dag']) retrieved from /opt/airflow/dags/exampledag.py
[2025-04-12T21:41:34.885+0000] {logging_mixin.py:154} INFO - [2025-04-12T21:41:34.885+0000] {dag.py:2941} INFO - Sync 1 DAGs
[2025-04-12T21:41:34.903+0000] {logging_mixin.py:154} INFO - [2025-04-12T21:41:34.903+0000] {dag.py:3722} INFO - Setting next_dagrun for chethan_test_dag to 2025-04-11T00:00:00+00:00, run_after=2025-04-12T00:00:00+00:00
[2025-04-12T21:41:34.922+0000] {processor.py:179} INFO - Processing /opt/airflow/dags/exampledag.py took 0.081 seconds
[2025-04-12T21:42:05.593+0000] {processor.py:157} INFO - Started process (PID=5276) to work on /opt/airflow/dags/exampledag.py
[2025-04-12T21:42:05.594+0000] {processor.py:829} INFO - Processing file /opt/airflow/dags/exampledag.py for tasks to queue
[2025-04-12T21:42:05.595+0000] {logging_mixin.py:154} INFO - [2025-04-12T21:42:05.594+0000] {dagbag.py:536} INFO - Filling up the DagBag from /opt/airflow/dags/exampledag.py
[2025-04-12T21:42:05.614+0000] {processor.py:839} INFO - DAG(s) dict_keys(['chethan_test_dag']) retrieved from /opt/airflow/dags/exampledag.py
[2025-04-12T21:42:05.637+0000] {logging_mixin.py:154} INFO - [2025-04-12T21:42:05.637+0000] {dag.py:2941} INFO - Sync 1 DAGs
[2025-04-12T21:42:05.657+0000] {logging_mixin.py:154} INFO - [2025-04-12T21:42:05.657+0000] {dag.py:3722} INFO - Setting next_dagrun for chethan_test_dag to 2025-04-11T00:00:00+00:00, run_after=2025-04-12T00:00:00+00:00
[2025-04-12T21:42:05.672+0000] {processor.py:179} INFO - Processing /opt/airflow/dags/exampledag.py took 0.082 seconds
[2025-04-12T21:42:35.798+0000] {processor.py:157} INFO - Started process (PID=5286) to work on /opt/airflow/dags/exampledag.py
[2025-04-12T21:42:35.799+0000] {processor.py:829} INFO - Processing file /opt/airflow/dags/exampledag.py for tasks to queue
[2025-04-12T21:42:35.801+0000] {logging_mixin.py:154} INFO - [2025-04-12T21:42:35.801+0000] {dagbag.py:536} INFO - Filling up the DagBag from /opt/airflow/dags/exampledag.py
[2025-04-12T21:42:35.835+0000] {processor.py:839} INFO - DAG(s) dict_keys(['chethan_test_dag']) retrieved from /opt/airflow/dags/exampledag.py
[2025-04-12T21:42:35.871+0000] {logging_mixin.py:154} INFO - [2025-04-12T21:42:35.871+0000] {dag.py:2941} INFO - Sync 1 DAGs
[2025-04-12T21:42:35.902+0000] {logging_mixin.py:154} INFO - [2025-04-12T21:42:35.902+0000] {dag.py:3722} INFO - Setting next_dagrun for chethan_test_dag to 2025-04-11T00:00:00+00:00, run_after=2025-04-12T00:00:00+00:00
[2025-04-12T21:42:35.929+0000] {processor.py:179} INFO - Processing /opt/airflow/dags/exampledag.py took 0.137 seconds
[2025-04-12T21:43:06.951+0000] {processor.py:157} INFO - Started process (PID=5296) to work on /opt/airflow/dags/exampledag.py
[2025-04-12T21:43:06.952+0000] {processor.py:829} INFO - Processing file /opt/airflow/dags/exampledag.py for tasks to queue
[2025-04-12T21:43:06.954+0000] {logging_mixin.py:154} INFO - [2025-04-12T21:43:06.954+0000] {dagbag.py:536} INFO - Filling up the DagBag from /opt/airflow/dags/exampledag.py
[2025-04-12T21:43:06.983+0000] {processor.py:839} INFO - DAG(s) dict_keys(['chethan_test_dag']) retrieved from /opt/airflow/dags/exampledag.py
[2025-04-12T21:43:07.006+0000] {logging_mixin.py:154} INFO - [2025-04-12T21:43:07.006+0000] {dag.py:2941} INFO - Sync 1 DAGs
[2025-04-12T21:43:07.038+0000] {logging_mixin.py:154} INFO - [2025-04-12T21:43:07.037+0000] {dag.py:3722} INFO - Setting next_dagrun for chethan_test_dag to 2025-04-11T00:00:00+00:00, run_after=2025-04-12T00:00:00+00:00
[2025-04-12T21:43:07.054+0000] {processor.py:179} INFO - Processing /opt/airflow/dags/exampledag.py took 0.108 seconds
[2025-04-12T21:43:38.081+0000] {processor.py:157} INFO - Started process (PID=5306) to work on /opt/airflow/dags/exampledag.py
[2025-04-12T21:43:38.082+0000] {processor.py:829} INFO - Processing file /opt/airflow/dags/exampledag.py for tasks to queue
[2025-04-12T21:43:38.083+0000] {logging_mixin.py:154} INFO - [2025-04-12T21:43:38.083+0000] {dagbag.py:536} INFO - Filling up the DagBag from /opt/airflow/dags/exampledag.py
[2025-04-12T21:43:38.116+0000] {processor.py:839} INFO - DAG(s) dict_keys(['chethan_test_dag']) retrieved from /opt/airflow/dags/exampledag.py
[2025-04-12T21:43:38.146+0000] {logging_mixin.py:154} INFO - [2025-04-12T21:43:38.146+0000] {dag.py:2941} INFO - Sync 1 DAGs
[2025-04-12T21:43:38.166+0000] {logging_mixin.py:154} INFO - [2025-04-12T21:43:38.166+0000] {dag.py:3722} INFO - Setting next_dagrun for chethan_test_dag to 2025-04-11T00:00:00+00:00, run_after=2025-04-12T00:00:00+00:00
[2025-04-12T21:43:38.182+0000] {processor.py:179} INFO - Processing /opt/airflow/dags/exampledag.py took 0.105 seconds
[2025-04-12T21:44:08.575+0000] {processor.py:157} INFO - Started process (PID=5315) to work on /opt/airflow/dags/exampledag.py
[2025-04-12T21:44:08.576+0000] {processor.py:829} INFO - Processing file /opt/airflow/dags/exampledag.py for tasks to queue
[2025-04-12T21:44:08.577+0000] {logging_mixin.py:154} INFO - [2025-04-12T21:44:08.577+0000] {dagbag.py:536} INFO - Filling up the DagBag from /opt/airflow/dags/exampledag.py
[2025-04-12T21:44:08.603+0000] {processor.py:839} INFO - DAG(s) dict_keys(['chethan_test_dag']) retrieved from /opt/airflow/dags/exampledag.py
[2025-04-12T21:44:08.635+0000] {logging_mixin.py:154} INFO - [2025-04-12T21:44:08.634+0000] {dag.py:2941} INFO - Sync 1 DAGs
[2025-04-12T21:44:08.662+0000] {logging_mixin.py:154} INFO - [2025-04-12T21:44:08.662+0000] {dag.py:3722} INFO - Setting next_dagrun for chethan_test_dag to 2025-04-11T00:00:00+00:00, run_after=2025-04-12T00:00:00+00:00
[2025-04-12T21:44:08.684+0000] {processor.py:179} INFO - Processing /opt/airflow/dags/exampledag.py took 0.113 seconds
[2025-04-12T21:44:38.830+0000] {processor.py:157} INFO - Started process (PID=5323) to work on /opt/airflow/dags/exampledag.py
[2025-04-12T21:44:38.831+0000] {processor.py:829} INFO - Processing file /opt/airflow/dags/exampledag.py for tasks to queue
[2025-04-12T21:44:38.832+0000] {logging_mixin.py:154} INFO - [2025-04-12T21:44:38.832+0000] {dagbag.py:536} INFO - Filling up the DagBag from /opt/airflow/dags/exampledag.py
[2025-04-12T21:44:38.855+0000] {processor.py:839} INFO - DAG(s) dict_keys(['chethan_test_dag']) retrieved from /opt/airflow/dags/exampledag.py
[2025-04-12T21:44:38.882+0000] {logging_mixin.py:154} INFO - [2025-04-12T21:44:38.881+0000] {dag.py:2941} INFO - Sync 1 DAGs
[2025-04-12T21:44:38.903+0000] {logging_mixin.py:154} INFO - [2025-04-12T21:44:38.903+0000] {dag.py:3722} INFO - Setting next_dagrun for chethan_test_dag to 2025-04-11T00:00:00+00:00, run_after=2025-04-12T00:00:00+00:00
[2025-04-12T21:44:38.926+0000] {processor.py:179} INFO - Processing /opt/airflow/dags/exampledag.py took 0.099 seconds
[2025-04-12T21:45:09.737+0000] {processor.py:157} INFO - Started process (PID=5333) to work on /opt/airflow/dags/exampledag.py
[2025-04-12T21:45:09.738+0000] {processor.py:829} INFO - Processing file /opt/airflow/dags/exampledag.py for tasks to queue
[2025-04-12T21:45:09.739+0000] {logging_mixin.py:154} INFO - [2025-04-12T21:45:09.739+0000] {dagbag.py:536} INFO - Filling up the DagBag from /opt/airflow/dags/exampledag.py
[2025-04-12T21:45:09.760+0000] {processor.py:839} INFO - DAG(s) dict_keys(['chethan_test_dag']) retrieved from /opt/airflow/dags/exampledag.py
[2025-04-12T21:45:09.781+0000] {logging_mixin.py:154} INFO - [2025-04-12T21:45:09.781+0000] {dag.py:2941} INFO - Sync 1 DAGs
[2025-04-12T21:45:09.801+0000] {logging_mixin.py:154} INFO - [2025-04-12T21:45:09.801+0000] {dag.py:3722} INFO - Setting next_dagrun for chethan_test_dag to 2025-04-11T00:00:00+00:00, run_after=2025-04-12T00:00:00+00:00
[2025-04-12T21:45:09.824+0000] {processor.py:179} INFO - Processing /opt/airflow/dags/exampledag.py took 0.089 seconds
[2025-04-12T21:45:40.284+0000] {processor.py:157} INFO - Started process (PID=5343) to work on /opt/airflow/dags/exampledag.py
[2025-04-12T21:45:40.285+0000] {processor.py:829} INFO - Processing file /opt/airflow/dags/exampledag.py for tasks to queue
[2025-04-12T21:45:40.286+0000] {logging_mixin.py:154} INFO - [2025-04-12T21:45:40.286+0000] {dagbag.py:536} INFO - Filling up the DagBag from /opt/airflow/dags/exampledag.py
[2025-04-12T21:45:40.311+0000] {processor.py:839} INFO - DAG(s) dict_keys(['chethan_test_dag']) retrieved from /opt/airflow/dags/exampledag.py
[2025-04-12T21:45:40.334+0000] {logging_mixin.py:154} INFO - [2025-04-12T21:45:40.334+0000] {dag.py:2941} INFO - Sync 1 DAGs
[2025-04-12T21:45:40.358+0000] {logging_mixin.py:154} INFO - [2025-04-12T21:45:40.358+0000] {dag.py:3722} INFO - Setting next_dagrun for chethan_test_dag to 2025-04-11T00:00:00+00:00, run_after=2025-04-12T00:00:00+00:00
[2025-04-12T21:45:40.377+0000] {processor.py:179} INFO - Processing /opt/airflow/dags/exampledag.py took 0.095 seconds
[2025-04-12T21:46:10.891+0000] {processor.py:157} INFO - Started process (PID=5353) to work on /opt/airflow/dags/exampledag.py
[2025-04-12T21:46:10.892+0000] {processor.py:829} INFO - Processing file /opt/airflow/dags/exampledag.py for tasks to queue
[2025-04-12T21:46:10.893+0000] {logging_mixin.py:154} INFO - [2025-04-12T21:46:10.893+0000] {dagbag.py:536} INFO - Filling up the DagBag from /opt/airflow/dags/exampledag.py
[2025-04-12T21:46:10.917+0000] {processor.py:839} INFO - DAG(s) dict_keys(['chethan_test_dag']) retrieved from /opt/airflow/dags/exampledag.py
[2025-04-12T21:46:10.942+0000] {logging_mixin.py:154} INFO - [2025-04-12T21:46:10.942+0000] {dag.py:2941} INFO - Sync 1 DAGs
[2025-04-12T21:46:10.964+0000] {logging_mixin.py:154} INFO - [2025-04-12T21:46:10.964+0000] {dag.py:3722} INFO - Setting next_dagrun for chethan_test_dag to 2025-04-11T00:00:00+00:00, run_after=2025-04-12T00:00:00+00:00
[2025-04-12T21:46:10.990+0000] {processor.py:179} INFO - Processing /opt/airflow/dags/exampledag.py took 0.103 seconds
[2025-04-12T21:46:41.053+0000] {processor.py:157} INFO - Started process (PID=5362) to work on /opt/airflow/dags/exampledag.py
[2025-04-12T21:46:41.055+0000] {processor.py:829} INFO - Processing file /opt/airflow/dags/exampledag.py for tasks to queue
[2025-04-12T21:46:41.056+0000] {logging_mixin.py:154} INFO - [2025-04-12T21:46:41.056+0000] {dagbag.py:536} INFO - Filling up the DagBag from /opt/airflow/dags/exampledag.py
[2025-04-12T21:46:41.080+0000] {processor.py:839} INFO - DAG(s) dict_keys(['chethan_test_dag']) retrieved from /opt/airflow/dags/exampledag.py
[2025-04-12T21:46:41.107+0000] {logging_mixin.py:154} INFO - [2025-04-12T21:46:41.107+0000] {dag.py:2941} INFO - Sync 1 DAGs
[2025-04-12T21:46:41.133+0000] {logging_mixin.py:154} INFO - [2025-04-12T21:46:41.133+0000] {dag.py:3722} INFO - Setting next_dagrun for chethan_test_dag to 2025-04-11T00:00:00+00:00, run_after=2025-04-12T00:00:00+00:00
[2025-04-12T21:46:41.157+0000] {processor.py:179} INFO - Processing /opt/airflow/dags/exampledag.py took 0.107 seconds
[2025-04-12T21:47:11.230+0000] {processor.py:157} INFO - Started process (PID=5372) to work on /opt/airflow/dags/exampledag.py
[2025-04-12T21:47:11.232+0000] {processor.py:829} INFO - Processing file /opt/airflow/dags/exampledag.py for tasks to queue
[2025-04-12T21:47:11.233+0000] {logging_mixin.py:154} INFO - [2025-04-12T21:47:11.233+0000] {dagbag.py:536} INFO - Filling up the DagBag from /opt/airflow/dags/exampledag.py
[2025-04-12T21:47:11.256+0000] {processor.py:839} INFO - DAG(s) dict_keys(['chethan_test_dag']) retrieved from /opt/airflow/dags/exampledag.py
[2025-04-12T21:47:11.277+0000] {logging_mixin.py:154} INFO - [2025-04-12T21:47:11.277+0000] {dag.py:2941} INFO - Sync 1 DAGs
[2025-04-12T21:47:11.294+0000] {logging_mixin.py:154} INFO - [2025-04-12T21:47:11.294+0000] {dag.py:3722} INFO - Setting next_dagrun for chethan_test_dag to 2025-04-11T00:00:00+00:00, run_after=2025-04-12T00:00:00+00:00
[2025-04-12T21:47:11.316+0000] {processor.py:179} INFO - Processing /opt/airflow/dags/exampledag.py took 0.090 seconds
[2025-04-12T21:47:42.315+0000] {processor.py:157} INFO - Started process (PID=5382) to work on /opt/airflow/dags/exampledag.py
[2025-04-12T21:47:42.316+0000] {processor.py:829} INFO - Processing file /opt/airflow/dags/exampledag.py for tasks to queue
[2025-04-12T21:47:42.317+0000] {logging_mixin.py:154} INFO - [2025-04-12T21:47:42.317+0000] {dagbag.py:536} INFO - Filling up the DagBag from /opt/airflow/dags/exampledag.py
[2025-04-12T21:47:42.338+0000] {processor.py:839} INFO - DAG(s) dict_keys(['chethan_test_dag']) retrieved from /opt/airflow/dags/exampledag.py
[2025-04-12T21:47:42.360+0000] {logging_mixin.py:154} INFO - [2025-04-12T21:47:42.360+0000] {dag.py:2941} INFO - Sync 1 DAGs
[2025-04-12T21:47:42.377+0000] {logging_mixin.py:154} INFO - [2025-04-12T21:47:42.377+0000] {dag.py:3722} INFO - Setting next_dagrun for chethan_test_dag to 2025-04-11T00:00:00+00:00, run_after=2025-04-12T00:00:00+00:00
[2025-04-12T21:47:42.392+0000] {processor.py:179} INFO - Processing /opt/airflow/dags/exampledag.py took 0.080 seconds
[2025-04-12T21:48:13.402+0000] {processor.py:157} INFO - Started process (PID=5392) to work on /opt/airflow/dags/exampledag.py
[2025-04-12T21:48:13.403+0000] {processor.py:829} INFO - Processing file /opt/airflow/dags/exampledag.py for tasks to queue
[2025-04-12T21:48:13.404+0000] {logging_mixin.py:154} INFO - [2025-04-12T21:48:13.404+0000] {dagbag.py:536} INFO - Filling up the DagBag from /opt/airflow/dags/exampledag.py
[2025-04-12T21:48:13.427+0000] {processor.py:839} INFO - DAG(s) dict_keys(['chethan_test_dag']) retrieved from /opt/airflow/dags/exampledag.py
[2025-04-12T21:48:13.446+0000] {logging_mixin.py:154} INFO - [2025-04-12T21:48:13.446+0000] {dag.py:2941} INFO - Sync 1 DAGs
[2025-04-12T21:48:13.464+0000] {logging_mixin.py:154} INFO - [2025-04-12T21:48:13.463+0000] {dag.py:3722} INFO - Setting next_dagrun for chethan_test_dag to 2025-04-11T00:00:00+00:00, run_after=2025-04-12T00:00:00+00:00
[2025-04-12T21:48:13.491+0000] {processor.py:179} INFO - Processing /opt/airflow/dags/exampledag.py took 0.091 seconds
[2025-04-12T21:48:43.845+0000] {processor.py:157} INFO - Started process (PID=5402) to work on /opt/airflow/dags/exampledag.py
[2025-04-12T21:48:43.846+0000] {processor.py:829} INFO - Processing file /opt/airflow/dags/exampledag.py for tasks to queue
[2025-04-12T21:48:43.847+0000] {logging_mixin.py:154} INFO - [2025-04-12T21:48:43.847+0000] {dagbag.py:536} INFO - Filling up the DagBag from /opt/airflow/dags/exampledag.py
[2025-04-12T21:48:43.864+0000] {processor.py:839} INFO - DAG(s) dict_keys(['chethan_test_dag']) retrieved from /opt/airflow/dags/exampledag.py
[2025-04-12T21:48:43.882+0000] {logging_mixin.py:154} INFO - [2025-04-12T21:48:43.882+0000] {dag.py:2941} INFO - Sync 1 DAGs
[2025-04-12T21:48:43.900+0000] {logging_mixin.py:154} INFO - [2025-04-12T21:48:43.899+0000] {dag.py:3722} INFO - Setting next_dagrun for chethan_test_dag to 2025-04-11T00:00:00+00:00, run_after=2025-04-12T00:00:00+00:00
[2025-04-12T21:48:43.923+0000] {processor.py:179} INFO - Processing /opt/airflow/dags/exampledag.py took 0.080 seconds
[2025-04-12T21:49:14.324+0000] {processor.py:157} INFO - Started process (PID=5412) to work on /opt/airflow/dags/exampledag.py
[2025-04-12T21:49:14.327+0000] {processor.py:829} INFO - Processing file /opt/airflow/dags/exampledag.py for tasks to queue
[2025-04-12T21:49:14.329+0000] {logging_mixin.py:154} INFO - [2025-04-12T21:49:14.328+0000] {dagbag.py:536} INFO - Filling up the DagBag from /opt/airflow/dags/exampledag.py
[2025-04-12T21:49:14.382+0000] {processor.py:839} INFO - DAG(s) dict_keys(['chethan_test_dag']) retrieved from /opt/airflow/dags/exampledag.py
[2025-04-12T21:49:14.430+0000] {logging_mixin.py:154} INFO - [2025-04-12T21:49:14.429+0000] {dag.py:2941} INFO - Sync 1 DAGs
[2025-04-12T21:49:14.460+0000] {logging_mixin.py:154} INFO - [2025-04-12T21:49:14.459+0000] {dag.py:3722} INFO - Setting next_dagrun for chethan_test_dag to 2025-04-11T00:00:00+00:00, run_after=2025-04-12T00:00:00+00:00
[2025-04-12T21:49:14.489+0000] {processor.py:179} INFO - Processing /opt/airflow/dags/exampledag.py took 0.169 seconds
[2025-04-12T21:49:45.475+0000] {processor.py:157} INFO - Started process (PID=5422) to work on /opt/airflow/dags/exampledag.py
[2025-04-12T21:49:45.476+0000] {processor.py:829} INFO - Processing file /opt/airflow/dags/exampledag.py for tasks to queue
[2025-04-12T21:49:45.477+0000] {logging_mixin.py:154} INFO - [2025-04-12T21:49:45.477+0000] {dagbag.py:536} INFO - Filling up the DagBag from /opt/airflow/dags/exampledag.py
[2025-04-12T21:49:45.496+0000] {processor.py:839} INFO - DAG(s) dict_keys(['chethan_test_dag']) retrieved from /opt/airflow/dags/exampledag.py
[2025-04-12T21:49:45.513+0000] {logging_mixin.py:154} INFO - [2025-04-12T21:49:45.513+0000] {dag.py:2941} INFO - Sync 1 DAGs
[2025-04-12T21:49:45.530+0000] {logging_mixin.py:154} INFO - [2025-04-12T21:49:45.530+0000] {dag.py:3722} INFO - Setting next_dagrun for chethan_test_dag to 2025-04-11T00:00:00+00:00, run_after=2025-04-12T00:00:00+00:00
[2025-04-12T21:49:45.550+0000] {processor.py:179} INFO - Processing /opt/airflow/dags/exampledag.py took 0.076 seconds
[2025-04-12T21:50:15.825+0000] {processor.py:157} INFO - Started process (PID=5432) to work on /opt/airflow/dags/exampledag.py
[2025-04-12T21:50:15.826+0000] {processor.py:829} INFO - Processing file /opt/airflow/dags/exampledag.py for tasks to queue
[2025-04-12T21:50:15.827+0000] {logging_mixin.py:154} INFO - [2025-04-12T21:50:15.827+0000] {dagbag.py:536} INFO - Filling up the DagBag from /opt/airflow/dags/exampledag.py
[2025-04-12T21:50:15.848+0000] {processor.py:839} INFO - DAG(s) dict_keys(['chethan_test_dag']) retrieved from /opt/airflow/dags/exampledag.py
[2025-04-12T21:50:15.865+0000] {logging_mixin.py:154} INFO - [2025-04-12T21:50:15.864+0000] {dag.py:2941} INFO - Sync 1 DAGs
[2025-04-12T21:50:15.881+0000] {logging_mixin.py:154} INFO - [2025-04-12T21:50:15.881+0000] {dag.py:3722} INFO - Setting next_dagrun for chethan_test_dag to 2025-04-11T00:00:00+00:00, run_after=2025-04-12T00:00:00+00:00
[2025-04-12T21:50:15.898+0000] {processor.py:179} INFO - Processing /opt/airflow/dags/exampledag.py took 0.077 seconds
[2025-04-12T21:50:46.225+0000] {processor.py:157} INFO - Started process (PID=5442) to work on /opt/airflow/dags/exampledag.py
[2025-04-12T21:50:46.226+0000] {processor.py:829} INFO - Processing file /opt/airflow/dags/exampledag.py for tasks to queue
[2025-04-12T21:50:46.227+0000] {logging_mixin.py:154} INFO - [2025-04-12T21:50:46.227+0000] {dagbag.py:536} INFO - Filling up the DagBag from /opt/airflow/dags/exampledag.py
[2025-04-12T21:50:46.246+0000] {processor.py:839} INFO - DAG(s) dict_keys(['chethan_test_dag']) retrieved from /opt/airflow/dags/exampledag.py
[2025-04-12T21:50:46.267+0000] {logging_mixin.py:154} INFO - [2025-04-12T21:50:46.267+0000] {dag.py:2941} INFO - Sync 1 DAGs
[2025-04-12T21:50:46.286+0000] {logging_mixin.py:154} INFO - [2025-04-12T21:50:46.285+0000] {dag.py:3722} INFO - Setting next_dagrun for chethan_test_dag to 2025-04-11T00:00:00+00:00, run_after=2025-04-12T00:00:00+00:00
[2025-04-12T21:50:46.309+0000] {processor.py:179} INFO - Processing /opt/airflow/dags/exampledag.py took 0.087 seconds
[2025-04-12T21:51:16.641+0000] {processor.py:157} INFO - Started process (PID=5452) to work on /opt/airflow/dags/exampledag.py
[2025-04-12T21:51:16.641+0000] {processor.py:829} INFO - Processing file /opt/airflow/dags/exampledag.py for tasks to queue
[2025-04-12T21:51:16.642+0000] {logging_mixin.py:154} INFO - [2025-04-12T21:51:16.642+0000] {dagbag.py:536} INFO - Filling up the DagBag from /opt/airflow/dags/exampledag.py
[2025-04-12T21:51:16.656+0000] {processor.py:839} INFO - DAG(s) dict_keys(['chethan_test_dag']) retrieved from /opt/airflow/dags/exampledag.py
[2025-04-12T21:51:16.674+0000] {logging_mixin.py:154} INFO - [2025-04-12T21:51:16.674+0000] {dag.py:2941} INFO - Sync 1 DAGs
[2025-04-12T21:51:16.691+0000] {logging_mixin.py:154} INFO - [2025-04-12T21:51:16.691+0000] {dag.py:3722} INFO - Setting next_dagrun for chethan_test_dag to 2025-04-11T00:00:00+00:00, run_after=2025-04-12T00:00:00+00:00
[2025-04-12T21:51:16.707+0000] {processor.py:179} INFO - Processing /opt/airflow/dags/exampledag.py took 0.069 seconds
[2025-04-12T21:51:47.076+0000] {processor.py:157} INFO - Started process (PID=5462) to work on /opt/airflow/dags/exampledag.py
[2025-04-12T21:51:47.077+0000] {processor.py:829} INFO - Processing file /opt/airflow/dags/exampledag.py for tasks to queue
[2025-04-12T21:51:47.078+0000] {logging_mixin.py:154} INFO - [2025-04-12T21:51:47.078+0000] {dagbag.py:536} INFO - Filling up the DagBag from /opt/airflow/dags/exampledag.py
[2025-04-12T21:51:47.099+0000] {processor.py:839} INFO - DAG(s) dict_keys(['chethan_test_dag']) retrieved from /opt/airflow/dags/exampledag.py
[2025-04-12T21:51:47.119+0000] {logging_mixin.py:154} INFO - [2025-04-12T21:51:47.118+0000] {dag.py:2941} INFO - Sync 1 DAGs
[2025-04-12T21:51:47.137+0000] {logging_mixin.py:154} INFO - [2025-04-12T21:51:47.137+0000] {dag.py:3722} INFO - Setting next_dagrun for chethan_test_dag to 2025-04-11T00:00:00+00:00, run_after=2025-04-12T00:00:00+00:00
[2025-04-12T21:51:47.153+0000] {processor.py:179} INFO - Processing /opt/airflow/dags/exampledag.py took 0.080 seconds
[2025-04-12T21:52:17.656+0000] {processor.py:157} INFO - Started process (PID=5472) to work on /opt/airflow/dags/exampledag.py
[2025-04-12T21:52:17.657+0000] {processor.py:829} INFO - Processing file /opt/airflow/dags/exampledag.py for tasks to queue
[2025-04-12T21:52:17.658+0000] {logging_mixin.py:154} INFO - [2025-04-12T21:52:17.658+0000] {dagbag.py:536} INFO - Filling up the DagBag from /opt/airflow/dags/exampledag.py
[2025-04-12T21:52:17.685+0000] {processor.py:839} INFO - DAG(s) dict_keys(['chethan_test_dag']) retrieved from /opt/airflow/dags/exampledag.py
[2025-04-12T21:52:17.714+0000] {logging_mixin.py:154} INFO - [2025-04-12T21:52:17.714+0000] {dag.py:2941} INFO - Sync 1 DAGs
[2025-04-12T21:52:17.739+0000] {logging_mixin.py:154} INFO - [2025-04-12T21:52:17.739+0000] {dag.py:3722} INFO - Setting next_dagrun for chethan_test_dag to 2025-04-11T00:00:00+00:00, run_after=2025-04-12T00:00:00+00:00
[2025-04-12T21:52:17.764+0000] {processor.py:179} INFO - Processing /opt/airflow/dags/exampledag.py took 0.111 seconds
[2025-04-12T21:52:48.003+0000] {processor.py:157} INFO - Started process (PID=5482) to work on /opt/airflow/dags/exampledag.py
[2025-04-12T21:52:48.004+0000] {processor.py:829} INFO - Processing file /opt/airflow/dags/exampledag.py for tasks to queue
[2025-04-12T21:52:48.006+0000] {logging_mixin.py:154} INFO - [2025-04-12T21:52:48.006+0000] {dagbag.py:536} INFO - Filling up the DagBag from /opt/airflow/dags/exampledag.py
[2025-04-12T21:52:48.070+0000] {processor.py:839} INFO - DAG(s) dict_keys(['chethan_test_dag']) retrieved from /opt/airflow/dags/exampledag.py
[2025-04-12T21:52:48.089+0000] {logging_mixin.py:154} INFO - [2025-04-12T21:52:48.089+0000] {dag.py:2941} INFO - Sync 1 DAGs
[2025-04-12T21:52:48.110+0000] {logging_mixin.py:154} INFO - [2025-04-12T21:52:48.110+0000] {dag.py:3722} INFO - Setting next_dagrun for chethan_test_dag to 2025-04-11T00:00:00+00:00, run_after=2025-04-12T00:00:00+00:00
[2025-04-12T21:52:48.131+0000] {processor.py:179} INFO - Processing /opt/airflow/dags/exampledag.py took 0.130 seconds
[2025-04-12T21:53:18.422+0000] {processor.py:157} INFO - Started process (PID=5492) to work on /opt/airflow/dags/exampledag.py
[2025-04-12T21:53:18.424+0000] {processor.py:829} INFO - Processing file /opt/airflow/dags/exampledag.py for tasks to queue
[2025-04-12T21:53:18.426+0000] {logging_mixin.py:154} INFO - [2025-04-12T21:53:18.425+0000] {dagbag.py:536} INFO - Filling up the DagBag from /opt/airflow/dags/exampledag.py
[2025-04-12T21:53:18.465+0000] {processor.py:839} INFO - DAG(s) dict_keys(['chethan_test_dag']) retrieved from /opt/airflow/dags/exampledag.py
[2025-04-12T21:53:18.508+0000] {logging_mixin.py:154} INFO - [2025-04-12T21:53:18.508+0000] {dag.py:2941} INFO - Sync 1 DAGs
[2025-04-12T21:53:18.542+0000] {logging_mixin.py:154} INFO - [2025-04-12T21:53:18.541+0000] {dag.py:3722} INFO - Setting next_dagrun for chethan_test_dag to 2025-04-11T00:00:00+00:00, run_after=2025-04-12T00:00:00+00:00
[2025-04-12T21:53:18.575+0000] {processor.py:179} INFO - Processing /opt/airflow/dags/exampledag.py took 0.162 seconds
[2025-04-12T21:53:48.935+0000] {processor.py:157} INFO - Started process (PID=5502) to work on /opt/airflow/dags/exampledag.py
[2025-04-12T21:53:48.937+0000] {processor.py:829} INFO - Processing file /opt/airflow/dags/exampledag.py for tasks to queue
[2025-04-12T21:53:48.939+0000] {logging_mixin.py:154} INFO - [2025-04-12T21:53:48.939+0000] {dagbag.py:536} INFO - Filling up the DagBag from /opt/airflow/dags/exampledag.py
[2025-04-12T21:53:48.976+0000] {processor.py:839} INFO - DAG(s) dict_keys(['chethan_test_dag']) retrieved from /opt/airflow/dags/exampledag.py
[2025-04-12T21:53:49.013+0000] {logging_mixin.py:154} INFO - [2025-04-12T21:53:49.013+0000] {dag.py:2941} INFO - Sync 1 DAGs
[2025-04-12T21:53:49.053+0000] {logging_mixin.py:154} INFO - [2025-04-12T21:53:49.053+0000] {dag.py:3722} INFO - Setting next_dagrun for chethan_test_dag to 2025-04-11T00:00:00+00:00, run_after=2025-04-12T00:00:00+00:00
[2025-04-12T21:53:49.097+0000] {processor.py:179} INFO - Processing /opt/airflow/dags/exampledag.py took 0.165 seconds
[2025-04-12T21:54:19.276+0000] {processor.py:157} INFO - Started process (PID=5512) to work on /opt/airflow/dags/exampledag.py
[2025-04-12T21:54:19.278+0000] {processor.py:829} INFO - Processing file /opt/airflow/dags/exampledag.py for tasks to queue
[2025-04-12T21:54:19.279+0000] {logging_mixin.py:154} INFO - [2025-04-12T21:54:19.278+0000] {dagbag.py:536} INFO - Filling up the DagBag from /opt/airflow/dags/exampledag.py
[2025-04-12T21:54:19.314+0000] {processor.py:839} INFO - DAG(s) dict_keys(['chethan_test_dag']) retrieved from /opt/airflow/dags/exampledag.py
[2025-04-12T21:54:19.346+0000] {logging_mixin.py:154} INFO - [2025-04-12T21:54:19.345+0000] {dag.py:2941} INFO - Sync 1 DAGs
[2025-04-12T21:54:19.373+0000] {logging_mixin.py:154} INFO - [2025-04-12T21:54:19.372+0000] {dag.py:3722} INFO - Setting next_dagrun for chethan_test_dag to 2025-04-11T00:00:00+00:00, run_after=2025-04-12T00:00:00+00:00
[2025-04-12T21:54:19.407+0000] {processor.py:179} INFO - Processing /opt/airflow/dags/exampledag.py took 0.134 seconds
[2025-04-12T21:54:50.108+0000] {processor.py:157} INFO - Started process (PID=5522) to work on /opt/airflow/dags/exampledag.py
[2025-04-12T21:54:50.110+0000] {processor.py:829} INFO - Processing file /opt/airflow/dags/exampledag.py for tasks to queue
[2025-04-12T21:54:50.111+0000] {logging_mixin.py:154} INFO - [2025-04-12T21:54:50.110+0000] {dagbag.py:536} INFO - Filling up the DagBag from /opt/airflow/dags/exampledag.py
[2025-04-12T21:54:50.134+0000] {processor.py:839} INFO - DAG(s) dict_keys(['chethan_test_dag']) retrieved from /opt/airflow/dags/exampledag.py
[2025-04-12T21:54:50.163+0000] {logging_mixin.py:154} INFO - [2025-04-12T21:54:50.163+0000] {dag.py:2941} INFO - Sync 1 DAGs
[2025-04-12T21:54:50.184+0000] {logging_mixin.py:154} INFO - [2025-04-12T21:54:50.184+0000] {dag.py:3722} INFO - Setting next_dagrun for chethan_test_dag to 2025-04-11T00:00:00+00:00, run_after=2025-04-12T00:00:00+00:00
[2025-04-12T21:54:50.210+0000] {processor.py:179} INFO - Processing /opt/airflow/dags/exampledag.py took 0.105 seconds
[2025-04-12T21:55:20.331+0000] {processor.py:157} INFO - Started process (PID=5532) to work on /opt/airflow/dags/exampledag.py
[2025-04-12T21:55:20.333+0000] {processor.py:829} INFO - Processing file /opt/airflow/dags/exampledag.py for tasks to queue
[2025-04-12T21:55:20.333+0000] {logging_mixin.py:154} INFO - [2025-04-12T21:55:20.333+0000] {dagbag.py:536} INFO - Filling up the DagBag from /opt/airflow/dags/exampledag.py
[2025-04-12T21:55:20.356+0000] {processor.py:839} INFO - DAG(s) dict_keys(['chethan_test_dag']) retrieved from /opt/airflow/dags/exampledag.py
[2025-04-12T21:55:20.379+0000] {logging_mixin.py:154} INFO - [2025-04-12T21:55:20.379+0000] {dag.py:2941} INFO - Sync 1 DAGs
[2025-04-12T21:55:20.399+0000] {logging_mixin.py:154} INFO - [2025-04-12T21:55:20.399+0000] {dag.py:3722} INFO - Setting next_dagrun for chethan_test_dag to 2025-04-11T00:00:00+00:00, run_after=2025-04-12T00:00:00+00:00
[2025-04-12T21:55:20.417+0000] {processor.py:179} INFO - Processing /opt/airflow/dags/exampledag.py took 0.088 seconds
